 0.3533975363 0.08997852811   9.759703516 0.2574061995 0.2996449462  9.865310121 1745833639 1745833639
0.3167634439 0.1182639523  9.761115389 0.2616609766 0.2959980789  9.859093606 1745833639 1745833639
0.2990904989 0.1632913388  9.762271998 0.2725524769 0.2851010649  9.842439113 1745833639 1745833639
0.2844344152 0.1732599296  9.765621526 0.2895741059 0.2679560059  9.819091194 1745833639 1745833639
 0.281189376 0.1837890439  9.771744686 0.3113451874 0.2456186971  9.794119514 1745833639 1745833639
0.2739030772 0.2123072543  9.781749102 0.3360829338 0.2201618665  9.772944102 1745833639 1745833639
 0.265615786 0.2231305703  9.796490676 0.3611442383  0.194191639  9.760892128 1745833639 1745833639
0.2910823201 0.2187965153  9.814139435 0.3830802984 0.1705156617  9.761494125 1745833639 1745833639
0.3139118244  0.213412625  9.833415627  0.398691326 0.1520306021  9.775820094 1745833639 1745833639
0.3305486516 0.2109465955  9.851673397 0.4048945058 0.1412318384  9.802837354 1745833639 1745833639
0.3493872604 0.1980169565   9.86599335 0.3994599313 0.1398019167  9.839138127 1745833639 1745833639
0.3750555789 0.1794157142  9.873482157 0.3816443462 0.1477605299  9.879375421 1745833639 1745833639
0.3977299461  0.168466904  9.872526598 0.3526039223 0.1638396382  9.917411232 1745833639 1745833639
0.3791996507 0.1561898543  9.864323812 0.3154240709 0.1850367982  9.947471269 1745833639 1745833639
0.3741440919 0.1416486106  9.847407167 0.2749187361 0.2070125808  9.964352678 1745833639 1745833639
0.3786956699 0.1353078017  9.823476254 0.2373811829  0.225285508  9.966085705 1745833639 1745833639
0.3379465908 0.1322738599  9.796937602 0.2089995976 0.2354833325  9.953706164 1745833639 1745833639
 0.313924663 0.1334187978  9.767869921 0.1957199662 0.2345316309  9.931195675 1745833639 1745833639
0.3100755174 0.1310539377  9.738521741 0.2013492044 0.2211917277  9.904916735 1745833639 1745833639
0.2978155324 0.1195633874  9.711392134 0.2266649079 0.1963917062  9.881506095 1745833640 1745833640
0.2869146037 0.1222990505  9.686539134 0.2692944509 0.1636774075  9.866715222 1745833640 1745833640
0.2765064808 0.1378909292  9.663840878 0.3237884568 0.1277980647  9.863617713 1745833640 1745833640
0.2960346432 0.1451592084  9.641890841  0.3822880502 0.09437560282    9.87202507 1745833640 1745833640
0.3006327929 0.1562570232  9.620609552  0.4356766482 0.06901741808    9.88819407 1745833640 1745833640
 0.288020828 0.1598569556  9.598955247  0.4753266829 0.05616717911   9.906062548 1745833640 1745833640
0.2681200137 0.1723997099  9.575191349   0.494347979 0.05817773006   9.917964853 1745833640 1745833640
0.2625416204 0.1922473836  9.547950758  0.4888015696 0.07469871546   9.916044643 1745833640 1745833640
0.2563559553 0.1969095418  9.517817124 0.4586123776 0.1030081803  9.894328719 1745833640 1745833640
 0.229236148 0.2100270861  9.484975175 0.4076029857 0.1385523719  9.849855392 1745833640 1745833640
0.2080780024 0.2093839494  9.449689581 0.3429721771 0.1753558148  9.783353145 1745833640 1745833640
0.1999054748 0.1998011291  9.412555894 0.2743751378 0.2071262578  9.700017143 1745833640 1745833640
0.1764862746 0.1796754707  9.375218346 0.2121811997 0.2284474589  9.608431272 1745833640 1745833640
0.1568214718 0.1554094679  9.338311565 0.1657671913 0.2358921112  9.519182338 1745833640 1745833640
0.1577113371 0.1477811097  9.302597735 0.1418147431 0.2283066643   9.44280847 1745833640 1745833640
0.1800425882 0.1173834285  9.270083772 0.1428567777 0.2065124019  9.387279297 1745833640 1745833640
    0.1757389 0.08992488279   9.242599338 0.1667315135 0.1739889391  9.356103875 1745833640 1745833640
 0.1636963767 0.07177571862   9.221019669 0.2071461211  0.135847539  9.348763752 1745833640 1745833640
 0.1695314857 0.05753533174   9.205968986  0.2543858684 0.09793739627   9.360229082 1745833640 1745833640
 0.1561769986 0.05393906636   9.198766633  0.2974748331 0.06572526971   9.382310971 1745833640 1745833640
0.1313129345 0.0603278367  9.199524534 0.3256008796 0.0434094339  9.405593521 1745833640 1745833640
  0.106582877 0.08306767383   9.207818434   0.329851414 0.03353966467   9.420998584 1745833640 1745833640
0.07227909702  0.1075211625   9.223243896  0.3051659449 0.03648854317   9.422001531 1745833640 1745833640
0.04166660121  0.1285932215    9.24473637  0.2507264096 0.05059173038   9.405460034 1745833640 1745833640
-0.02536119485   0.1499785425    9.270914148  0.1706115773 0.07274921328   9.372775468 1745833640 1745833640
-0.07780566881   0.1590709922    9.300087539 0.07284002447 0.09914983515   9.329284015 1745833640 1745833640
-0.08470818049   0.1966033963    9.330191681 -0.03092877223   0.1262412482    9.284574859 1745833640 1745833640
-0.1009640672  0.2050425446   9.360026028 -0.1275012544   0.151134298   9.249451831 1745833640 1745833640
-0.0975333038  0.2101744246   9.387586939 -0.2039084831  0.1722242676   9.234599158 1745833640 1745833640
-0.05569145412   0.2386850653    9.410833839 -0.2491034178  0.1886217345   9.248065663 1745833640 1745833640
0.01118437099   0.240759975   9.429433365 -0.2564097745  0.2009689566   9.292101201 1745833641 1745833641
0.06472727177    0.23054093   9.442400892 -0.224062498 0.2103754291  9.363150768 1745833641 1745833641
0.1251474165 0.2167580623  9.449605098 -0.1545305997  0.2180399702   9.453444208 1745833641 1745833641
0.2042659748  0.193970641  9.451460452 -0.05505984763   0.2255017481    9.551044012 1745833641 1745833641
0.2940425238 0.1863513504  9.448436153 0.06397329844  0.2331046782   9.642418897 1745833641 1745833641
0.3559226376 0.1777926227  9.443696778 0.1908032347 0.2406286769  9.715392751 1745833641 1745833641
 0.440494977 0.1727589021  9.437309561 0.3134298174   0.24634101   9.76034209 1745833641 1745833641
0.4957930738 0.1682705648     9.433484 0.4216568877 0.2476986729  9.773397718 1745833641 1745833641
0.5121174887 0.1254215452   9.43560434 0.5078169559 0.2425629327  9.755650839 1745833641 1745833641
0.4972911918 0.0942201468   9.44392977   0.56715418 0.2281966367  9.712456161 1745833641 1745833641
 0.4838793498 0.07691307301   9.457546722 0.5981321073  0.202624914  9.652579743 1745833641 1745833641
 0.4661229753 0.08138083484   9.476720949 0.6024825943 0.1666243934  9.587672634 1745833641 1745833641
  0.415758724 0.08681998397   9.501964853 0.5843652362 0.1233103074  9.529789043 1745833641 1745833641
 0.3738380521 0.08732179174   9.529502055  0.5494475867 0.07662407341   9.488584993 1745833641 1745833641
 0.3573433651 0.08482237632   9.556366513  0.5044397315 0.03182245951   9.470680736 1745833641 1745833641
 0.3517276826 0.06861874729   9.580556941    0.4559398843 -0.005601995466     9.478246593 1745833641 1745833641
 0.3568370635 0.06863254389    9.59923582   0.4098802327 -0.03085727487    9.508711811 1745833641 1745833641
  0.369566733 0.09634120909   9.610410214   0.3708271112 -0.04050785979    9.555810785 1745833641 1745833641
0.3807834863   0.11990628   9.61371225   0.3419690895 -0.03341901352    9.610804777 1745833641 1745833641
0.3844954615 0.1326372389  9.609949059   0.3248906894 -0.01050341121    9.664347322 1745833641 1745833641
 0.381563226 0.1220429631  9.601128846  0.3197981679 0.02517811436   9.708270386 1745833641 1745833641
0.3336675147 0.1065414669  9.591367078  0.3254263448 0.06921143779   9.737135161 1745833641 1745833641
0.3100230838 0.1019174888  9.581458941  0.339699054 0.1163285303  9.749042606 1745833641 1745833641
0.2958726479 0.1238961437  9.575483573 0.3593811267 0.1609322622  9.745322718 1745833641 1745833641
0.2319282162  0.145394134   9.57820367 0.3805372643  0.198053552   9.73035267 1745833641 1745833641
0.1838305457 0.1549626995  9.589160476 0.3988468185  0.224194132  9.710095429 1745833641 1745833641
0.1764751853 0.1477675018  9.607751349 0.4094864607 0.2377289371  9.690654465 1745833641 1745833641
0.1683290251 0.1408925858  9.632097305 0.4084027483 0.2388414763  9.677763464 1745833641 1745833641
0.1545964638 0.1450080947  9.657966397 0.3929164314 0.2283349062  9.674934223 1745833641 1745833641
0.170881802 0.139009661  9.68006886 0.3609700261 0.2093934763  9.682204778 1745833641 1745833641
0.1271551828 0.1491840838  9.694643153 0.3138029648 0.1856520919   9.69947211 1745833642 1745833642
0.1039101974 0.1550665212   9.69711802 0.2522131929 0.1610309761  9.719778538 1745833642 1745833642
0.1348503778 0.1442208722  9.686084569 0.1794493887 0.1395398766  9.734971495 1745833642 1745833642
0.03899859614  0.1447591604   9.664271766 0.1026546883 0.1227486567  9.741941829 1745833642 1745833642
-0.02221944717   0.1338662222    9.633693356 0.0268722891 0.1119624052  9.728724121 1745833642 1745833642
0.02634792299   0.142865916   9.600103917 -0.03968444809   0.1080720001    9.690110051 1745833642 1745833642
-0.06792424877   0.1368318851    9.569966056 -0.08946115906   0.1102633876     9.63037539 1745833642 1745833642
-0.1488327991  0.1129639611   9.548232437 -0.1156212941  0.1170764975    9.55161772 1745833642 1745833642
-0.05891968542   0.1348670972    9.540440884 -0.1124218048  0.1271086323   9.464761325 1745833642 1745833642
-0.05406195107   0.1200542343    9.546147607 -0.08118044705   0.1376673016    9.382239834 1745833642 1745833642
-0.06546965405   0.1070008788     9.56438323 -0.02486821008   0.1470616143    9.316866072 1745833642 1745833642
0.0292417599 0.1202122252  9.591646656 0.04995958248  0.1536807175   9.280924582 1745833642 1745833642
0.06763176627  0.1171463604   9.622709093 0.1322830782 0.1558403749  9.281180824 1745833642 1745833642
0.06765141363  0.1005237945   9.652479752 0.2109288271 0.1530727908  9.322414027 1745833642 1745833642
0.1257223195 0.1023264626  9.674812996 0.2751541761 0.1459720757  9.404308575 1745833642 1745833642
0.1408301074 0.1169568079  9.687245418  0.315344153 0.1357259941  9.522744841 1745833642 1745833642
 0.1140751111 0.08445866561   9.689267782 0.3254647664 0.1237996856  9.669548702 1745833642 1745833642
 0.1510921372 0.08376513921   9.679537607 0.3047618165 0.1128045102  9.831057107 1745833642 1745833642
0.1872535913 0.1016568247  9.661753662 0.2562397206 0.1052173842  9.993897842 1745833642 1745833642
0.1539022827 0.0655735689  9.641916005 0.1869945018 0.1020956014  10.14374675 1745833642 1745833642
 0.2254497279 0.07736539059   9.620190679 0.1106328416 0.1057589463  10.26620132 1745833642 1745833642
0.3012724099 0.1169339895  9.601704809 0.03910978204  0.1159963118   10.35236671 1745833642 1745833642
 0.2611182044 0.06756438637   9.594117234 -0.01595772452    0.130155592    10.39416562 1745833642 1745833642
0.3135603608  0.110078574  9.590770143 -0.04170258046   0.1478863737    10.39197206 1745833642 1745833642
0.4016261097  0.181820356  9.592506488 -0.03231273623   0.1651214501     10.3475885 1745833642 1745833642
0.3321134041 0.1257709971   9.60808899 0.01343012825   0.177129704   10.26243627 1745833642 1745833642
0.3676512334 0.1423419253   9.62209494 0.09372232339  0.1827560988    10.1507742 1745833642 1745833642
0.4300584827 0.2150641513   9.63440043 0.2007015859 0.1794238779  10.02196912 1745833642 1745833642
0.3361898567 0.1679930041  9.653300022 0.3235366149 0.1651601657  9.885609492 1745833642 1745833642
0.3534007443 0.1720816647  9.662666237 0.4495442689 0.1421394819  9.759062552 1745833643 1745833643
0.4139827611 0.2368956569  9.663476744 0.5655822792 0.1127850047  9.653217557 1745833643 1745833643
0.3331971427 0.1925224828  9.666510371  0.6597972627 0.08021956757   9.576025968 1745833643 1745833643
0.3595714904 0.1733700985  9.660081439  0.7236066448 0.05012505727   9.536605586 1745833643 1745833643
0.4229586072 0.2185799759  9.647727154  0.7518905419 0.02743827775   9.537126141 1745833643 1745833643
0.3591101207  0.180116638  9.641443079  0.7442227313 0.01558288731   9.572716179 1745833643 1745833643
0.3526907612 0.1539902713  9.633877111  0.7040770303 0.01801579055   9.640051246 1745833643 1745833643
0.3944570171 0.1610252292  9.627046228  0.6381413079 0.03504280059   9.730328676 1745833643 1745833643
0.3800685809 0.1436312164  9.626929013  0.5560692596 0.06575208342   9.829274126 1745833643 1745833643
0.3555219505 0.1366395648  9.631150603 0.4680297967 0.1060376326  9.925703752 1745833643 1745833643
0.3687630855 0.1064445973  9.637507222 0.3832098097  0.151804067  10.00947833 1745833643 1745833643
0.3892693413 0.1100334444  9.644881564 0.3103033495 0.1962186182   10.0705897 1745833643 1745833643
0.3568980351 0.1207371933  9.654068131 0.2562292725 0.2341132418  10.10100164 1745833643 1745833643
  0.340053812 0.07850240384   9.661123687 0.2231597729 0.2618617564   10.1010589 1745833643 1745833643
0.3823385548 0.1056308844  9.661722905 0.2105821991 0.2745849719  10.07450517 1745833643 1745833643
0.3494020665 0.1290129988    9.6606754 0.2178401123 0.2734074544  10.02355997 1745833643 1745833643
 0.3101297979 0.08835051487   9.655943885 0.2392712397 0.2600418729  9.959131515 1745833643 1745833643
0.3537902298 0.1335013688   9.64361944 0.2680751758 0.2356873096  9.893283112 1745833643 1745833643
0.3121150788 0.1563980033  9.632069851  0.300445121 0.2070010064  9.830960574 1745833643 1745833643
0.2482014588 0.1085319986  9.621481197 0.3305075257 0.1789668069  9.781002481 1745833643 1745833643
0.3259818183 0.1700136642  9.606702683 0.3533516542 0.1547404493  9.752377043 1745833643 1745833643
0.2843366968 0.1876017504  9.599483213 0.3697605745 0.1394655069  9.738264427 1745833643 1745833643
0.2131358135 0.1077500662  9.599004051 0.3791665773 0.1340598102   9.73817754 1745833643 1745833643
0.3206101128 0.1932248584  9.596375177 0.3828087769 0.1390975974  9.753450685 1745833643 1745833643
0.2642196762 0.2089798201  9.604479108 0.3848582618  0.152585363  9.766041292 1745833643 1745833643
 0.2051611805 0.09385731388   9.618425565 0.3877999891 0.1699670652  9.773554439 1745833643 1745833643
0.3064581588 0.1747565435  9.627590162 0.3951678578 0.1896006646  9.774301112 1745833643 1745833643
0.2672554251 0.1536998803  9.642347613 0.4067954897 0.2050738174  9.757186307 1745833643 1745833643
 0.2154458314 0.05378633683   9.656096626 0.4229060232  0.212423746  9.725441572 1745833643 1745833643
 0.2705477276 0.07051741939   9.662326436 0.4431711043 0.2116810904  9.683036186 1745833643 1745833643
0.2741787045 0.1006309372   9.66477917 0.4626881196 0.2008392204  9.634010907 1745833643 1745833643
 0.2727279559 0.08123482749   9.662400272 0.4783165417 0.1796651022  9.585725854 1745833644 1745833644
0.3349646914 0.1213923295  9.652247074 0.4872769408 0.1517276723  9.544906302 1745833644 1745833644
0.2921247974  0.122258347  9.641647082 0.4844366963 0.1189259051  9.518653377 1745833644 1745833644
 0.278883788 0.1092103933  9.627525339  0.4698202488 0.08530804138   9.509566699 1745833644 1745833644
0.3100734892  0.119397125  9.610937328  0.4433570675 0.05497625367    9.51902425 1745833644 1745833644
 0.289143134 0.1476783678  9.596781727   0.405482032 0.03118781921    9.54686143 1745833644 1745833644
0.3251358903  0.155299921  9.583977748  0.3604902174 0.01587469394   9.590476059 1745833644 1745833644
0.3657590206 0.1692577652  9.575057531 0.3121419399 0.0109238877  9.647480243 1745833644 1745833644
0.2922995692 0.1779601184  9.575424478  0.2640319214 0.01673088684   9.714320628 1745833644 1745833644
0.3389090101 0.1865473001  9.577216893  0.2243974663 0.03308680586   9.790269572 1745833644 1745833644
0.3737426847 0.1942009482  9.584339663  0.1962600571 0.05893561341    9.87280427 1745833644 1745833644
0.2703265863 0.1873802754  9.600500287  0.1813443324 0.09217030969   9.959543831 1745833644 1745833644
0.3164217588 0.1954471699  9.613773951 0.1855802288 0.1312344606  10.04978493 1745833644 1745833644
0.3552969397 0.2069158357  9.627182299 0.2064837808 0.1731001764  10.13822163 1745833644 1745833644
0.2335631888 0.1779479793   9.64432942 0.2403582856  0.214063871  10.21953006 1745833644 1745833644
0.2749759738 0.1860021895   9.65160108 0.2866863227 0.2513699006  10.28255404 1745833644 1745833644
0.3203508104 0.2017675537  9.652381979 0.3380010382  0.280508014  10.31593322 1745833644 1745833644
0.2129483072 0.1676545842   9.65160845 0.3873338493 0.2979216942  10.30933599 1745833644 1745833644
0.2545762266 0.1815729771  9.639231482 0.4289815757 0.3004899146  10.24562636 1745833644 1745833644
0.2951544559 0.1990013992  9.621151149 0.4560542577 0.2857098534  10.11864563 1745833644 1745833644
0.1955243816 0.1625519344  9.604572313  0.463158859 0.2534114214  9.928119831 1745833644 1745833644
0.2380729934 0.1757293065  9.583219519 0.4479736428 0.2052540772  9.677570074 1745833644 1745833644
0.2918564625 0.1920119557   9.56397592 0.4104946809 0.1454349296  9.386947745 1745833644 1745833644
0.1964022834 0.1603988405  9.555041399   0.351919296 0.07997751755   9.083702246 1745833644 1745833644
0.2640808684 0.1696357937  9.548778529  0.2823222709 0.01820968605   8.804332312 1745833644 1745833644
0.3404237465 0.1889165903  9.549903101   0.2092497742 -0.03050729878    8.587998328 1745833644 1745833644
0.2293354594 0.1475180517  9.565867605   0.1383221116 -0.05925465976     8.46894149 1745833644 1745833644
0.3000008752  0.155314624  9.582220236  0.08821164886 -0.05843774159    8.479335522 1745833644 1745833644
0.3954593504 0.1876652271  9.600737711 0.06382479533 -0.0249605227   8.630794704 1745833644 1745833644
0.2615439277 0.1752803384  9.629412224 0.06555596917 0.03903313254   8.918921747 1745833644 1745833644
0.2971777488 0.1895325377  9.650555627 0.1034423005 0.1299213632  9.321885414 1745833645 1745833645
0.4779816546  0.247045309  9.660872259 0.1713683503 0.2377737924  9.796573754 1745833645 1745833645
0.3620182921 0.2283634589  9.680397583 0.2615600915 0.3498101057  10.29806284 1745833645 1745833645
0.3122660377 0.1952317593  9.691822116 0.3666021113 0.4532606647  10.76436935 1745833645 1745833645
0.4999267559 0.2399817353  9.687649776 0.4691700437 0.5323303922  11.13385914 1745833645 1745833645
0.4027729162  0.216295461  9.694690537 0.5668845275  0.579546168  11.37793617 1745833645 1745833645
0.2891775449 0.1379570039  9.701314924 0.6432822021 0.5883991841   11.4612121 1745833645 1745833645
0.4712500157 0.1688967002  9.695923934 0.6780962373 0.5510585903  11.36574243 1745833645 1745833645
0.3628211229 0.1765024847  9.705325838 0.6821409598  0.476386166  11.12382192 1745833645 1745833645
0.2155289044 0.1168280389  9.719049915 0.6439658443 0.3744222704  10.75968907 1745833645 1745833645
 0.367677679 0.1422936481  9.726345864 0.5576915591 0.2529590893  10.31250811 1745833645 1745833645
0.2729913938 0.1683401969  9.744503144 0.4424969176 0.1299529353   9.84813079 1745833645 1745833645
0.1781213848 0.1380841901  9.764810037  0.3028878165 0.02099599492   9.414283623 1745833645 1745833645
0.3142011553 0.1543822715  9.779518734   0.1494352234 -0.06384120795    9.054787958 1745833645 1745833645
0.2632673145 0.1794024428  9.798110479 0.002513834233  -0.1152218945    8.808558887 1745833645 1745833645
0.1989708134 0.1444314584  9.815260345 -0.1259766588 -0.1288328419   8.691511604 1745833645 1745833645
0.3054870986 0.1558903966  9.823525435 -0.2281869934 -0.1090549839   8.702849149 1745833645 1745833645
0.2970219928 0.1897367527  9.829332941  -0.2897108543 -0.06214719711    8.832392133 1745833645 1745833645
0.2839509489 0.1733936617  9.830333839  -0.3082437057 0.003846524164    9.054079789 1745833645 1745833645
0.3042049772 0.1717477953  9.823873369 -0.2856175075 0.07453444559    9.33411683 1745833645 1745833645
0.3471207841 0.2064571855  9.809825375 -0.2269332468  0.1375399162   9.636394816 1745833645 1745833645
0.3323221887 0.1527912588  9.793950142 -0.1371214694  0.1891483171    9.92867525 1745833645 1745833645
0.2853647104 0.1280983793   9.77419174 -0.02878969537   0.2155616644    10.17917494 1745833645 1745833645
0.3488798451 0.1831739693  9.747089869 0.07836701538  0.2129708298    10.3597996 1745833645 1745833645
0.3484546848 0.1629385628  9.722747565 0.1799530146 0.1898296705   10.4602798 1745833645 1745833645
0.2455012827 0.1278328554  9.703312354 0.2654880687 0.1469584369  10.47383696 1745833645 1745833645
0.3280641224 0.1751871161   9.68067488  0.3214105462 0.09168268894   10.39551457 1745833645 1745833645
0.2756269256 0.1413549761  9.668725205   0.352139348 0.03629517218   10.24258539 1745833645 1745833645
  0.176118933 0.08130136322   9.663931034   0.3563532708 -0.01263966503    10.02932069 1745833645 1745833645
0.2455311672  0.127311433  9.660591539   0.3406421047 -0.04628116801    9.776865377 1745833645 1745833645
0.2259742011 0.1295799047   9.66541047    0.310550709 -0.06098120951    9.513267964 1745833646 1745833646
 0.1457618937 0.08578304971   9.675841892  0.2723492037 -0.0564419474   9.264127888 1745833646 1745833646
0.2131630409 0.1206322601  9.684310195   0.2346197202 -0.03329516567     9.05429574 1745833646 1745833646
0.2049430027 0.1346480236  9.693420006   0.1980868118 0.002008405855    8.903383392 1745833646 1745833646
 0.1500911515 0.09382620662   9.700525057  0.1654478704 0.04308892832   8.825117142 1745833646 1745833646
0.2356942103 0.1183924624  9.698767147  0.1379508616 0.08426228993   8.824534476 1745833646 1745833646
 0.208148773 0.1448672719  9.692943853 0.1141187045 0.1197885153  8.900058293 1745833646 1745833646
0.1268311854 0.1005533103  9.682842685 0.0941708817 0.1463910621  9.042051204 1745833646 1745833646
0.2236897288  0.146135867  9.664003273 0.07610301293  0.1626427712    9.23000638 1745833646 1745833646
0.1697143871 0.1752858812  9.646137967 0.0617626011 0.1704339073  9.447362536 1745833646 1745833646
0.1208084629 0.1444673279  9.629810388 0.05100720913  0.1722414466   9.669127793 1745833646 1745833646
0.2434485564  0.158762442  9.613273081 0.04447931656  0.1717847714   9.870061505 1745833646 1745833646
0.1276789733 0.1502783294  9.607162444 0.04510204703   0.172816521   10.03840451 1745833646 1745833646
0.09311578366  0.1183665765   9.605801256 0.05390422478  0.1775196419   10.15694472 1745833646 1745833646
0.2123138003 0.1764201087  9.606590499 0.07329943896  0.1881430911   10.22014974 1745833646 1745833646
0.1168125591 0.1960819381  9.615617346 0.1016384612  0.203335846  10.23304605 1745833646 1745833646
0.06820466869  0.1819949431    9.62607939 0.1394728858 0.2207446848  10.20085508 1745833646 1745833646
0.1941189258 0.2102998875  9.633068501 0.1858595466 0.2378636932  10.13443064 1745833646 1745833646
  0.14058557 0.1921772182  9.641219232 0.2338288286 0.2502079933  10.04721218 1745833646 1745833646
 0.108019757 0.1712250849  9.645198359 0.2810602531 0.2550433846  9.950010294 1745833646 1745833646
0.2333476235 0.1896431453  9.641808917 0.3245084241 0.2508740712  9.850721152 1745833646 1745833646
0.1617054419 0.1740995998  9.639298649 0.3574722004 0.2366804091  9.757533564 1745833646 1745833646
 0.115368949 0.1437086562  9.633905851 0.3796079417 0.2140111222  9.671871628 1745833646 1745833646
0.2447995442 0.1563170618   9.62384676 0.3915485913 0.1864415687  9.592395314 1745833646 1745833646
 0.173658391 0.1465785439  9.618532427 0.3903036172 0.1571379078  9.523425831 1745833646 1745833646
 0.113890596 0.1225547706   9.61413313 0.3796271013 0.1302116294  9.463107129 1745833646 1745833646
 0.232001738 0.1367078506  9.608082957 0.3643408217 0.1102049132  9.412752846 1745833646 1745833646
0.1761854823 0.1327314801  9.607616596  0.3428328753 0.09907963865   9.380501444 1745833646 1745833646
0.1064526137 0.1012692845  9.609266348  0.3196481689 0.09799370827   9.371613801 1745833646 1745833646
0.2172543408 0.1113143898  9.609378268 0.2995900919 0.1077806368  9.393927426 1745833646 1745833646
0.2106834077 0.1082582851  9.613482661 0.2798372534 0.1261719832  9.453741385 1745833647 1745833647
 0.1340825366 0.06047109142   9.621081852 0.2620176791 0.1503340787   9.55310099 1745833647 1745833647
 0.2135950998 0.08402116643   9.627136721 0.2497756975 0.1788403748  9.689781057 1745833647 1745833647
0.2549229365 0.1204680384  9.634986076 0.2414573565 0.2078899447  9.853646125 1745833647 1745833647
 0.2107292596 0.09972079618   9.646400624 0.2377000928 0.2340614226  10.02977633 1745833647 1745833647
0.2093097169 0.1111706177  9.656142624  0.241641183 0.2565302947  10.19866164 1745833647 1745833647
0.2503009567 0.1545615532  9.662692008 0.2549203036 0.2742486159  10.33876244 1745833647 1745833647
 0.1503228127 0.04789996908   9.670822679 0.2754200862 0.2838134553  10.43310377 1745833647 1745833647
0.1925661994  0.097317846   9.67032537  0.307858519 0.2904204692  10.46330968 1745833647 1745833647
0.3259790766 0.2204995078  9.660517644  0.350344737 0.2933018134    10.422775 1745833647 1745833647
  0.179193305 0.07386938086   9.657876852 0.3905225055 0.2851942707  10.31985953 1745833647 1745833647
 0.2484432189 0.04606377112   9.644443108 0.4351402569 0.2741594417  10.15791184 1745833647 1745833647
0.4002183911 0.2202880229  9.623285859 0.4749732153  0.262762982  9.960421314 1745833647 1745833647
0.2171496492 0.1296916704  9.617733895 0.4931315129 0.2385977902  9.752045861 1745833647 1745833647
 0.2257861789 0.06942571037   9.607707969  0.498293912 0.2086395852  9.557884726 1745833647 1745833647
0.4080389426 0.2054728758   9.59350563 0.4845034754 0.1762987863  9.408768795 1745833647 1745833647
0.3101857625 0.1836251838  9.596454903 0.4441995518 0.1339436232  9.313439051 1745833647 1745833647
0.1949548797 0.1444479181  9.604095713  0.3863066232 0.08564965042   9.287150797 1745833647 1745833647
0.3799916195 0.1919009069  9.605979759   0.313828365 0.03413715599    9.34794483 1745833647 1745833647
0.3579180741 0.2216618458  9.617378135   0.2358153381 -0.01804030884    9.466845069 1745833647 1745833647
0.1922188771 0.2118186815  9.634781405   0.1655239223 -0.06783089793     9.62860283 1745833647 1745833647
0.3141495159 0.1852026406  9.644173341  0.1012923647 -0.1109088251     9.8369703 1745833647 1745833647
0.3599119472 0.2104729123  9.652343639 0.06014820292 -0.1448414667   10.04880401 1745833647 1745833647
0.2291042871 0.1880890182  9.664434003  0.0536592753 -0.1636243409   10.23470315 1745833647 1745833647
0.2808209977  0.141231178  9.668530339 0.07127826335 -0.1668239989   10.39701704 1745833647 1745833647
0.3699264961 0.1768471731  9.666819636  0.1176243839 -0.1542026987   10.51402624 1745833647 1745833647
0.2759016052 0.1780942249  9.669608516  0.1966799073 -0.1236894743   10.56763232 1745833647 1745833647
 0.2556179751 0.08907225632   9.669679903   0.2909354766 -0.07634508312    10.57104777 1745833647 1745833647
0.3624762525 0.1512840944  9.663246695   0.3899217383 -0.02039157961    10.53087323 1745833647 1745833647
0.3233685485 0.1698866145  9.662295266  0.4907731928 0.04255278236   10.44571481 1745833648 1745833648
 0.2676732031 0.06899744051   9.663926969 0.579402522 0.107599749 10.33232654 1745833648 1745833648
 0.363854982 0.1319877031  9.659704565 0.6459693374 0.1674613749  10.20494646 1745833648 1745833648
0.3491696101 0.1590213933  9.660166478 0.6895627872  0.220150322  10.06813737 1745833648 1745833648
 0.2805921597 0.07181869861   9.664090145 0.7073897765 0.2626251235  9.932077716 1745833648 1745833648
0.3479221471  0.142328651  9.661455441 0.7003652978 0.2924593495  9.804154817 1745833648 1745833648
0.3348030445 0.1834016742  9.660542262 0.6737914647 0.3109875479  9.686979867 1745833648 1745833648
0.2711556676 0.1054407854  9.661346466 0.6328375388 0.3199315967  9.584362158 1745833648 1745833648
0.3388172081 0.1796550048  9.653619652 0.5828261459 0.3219427124  9.500516139 1745833648 1745833648
0.3353924449 0.2180616073  9.646142351 0.5289485274 0.3204832767  9.437264628 1745833648 1745833648
0.2676221667 0.1389703044  9.640789435 0.4745947976 0.3189427187  9.397429983 1745833648 1745833648
0.3416382979 0.2256813341  9.626270142 0.4210017271 0.3196128005    9.3869543 1745833648 1745833648
 0.332088607 0.2578035386  9.614479076 0.3692746145 0.3240515048  9.404547958 1745833648 1745833648
0.2553127589 0.1602314253  9.607860681  0.319317303 0.3324409141  9.449691143 1745833648 1745833648
0.3418199875  0.253934782   9.59333881 0.2704047268 0.3434746378  9.525013109 1745833648 1745833648
0.2999684924  0.271502083  9.586652232 0.2244133464  0.354779751  9.617880093 1745833648 1745833648
0.2169037404 0.1527056463   9.58679601 0.1832633112 0.3630141445  9.720890268 1745833648 1745833648
0.3208283381 0.2652938187  9.579900696 0.1502985406 0.3663812107  9.829010158 1745833648 1745833648
0.2608232935 0.2941589737  9.582486072 0.1304762742  0.360698436  9.920097537 1745833648 1745833648
0.1885654632 0.1421272906  9.591952418 0.1281784503 0.3425635491   9.98578519 1745833648 1745833648
0.3008140767 0.2476999663  9.593286474 0.1482573501  0.315056062  10.02052388 1745833648 1745833648
0.2385308377 0.2557106277  9.602403999 0.1902893448  0.276257285  10.00919997 1745833648 1745833648
0.1667484266 0.1068796329  9.614768632 0.2534755439 0.2269119541  9.953988286 1745833648 1745833648
0.2513982905 0.1929148788  9.619474285 0.3352661604 0.1761950844  9.860841567 1745833648 1745833648
 0.231967011 0.1684641631  9.627731639 0.4239307272 0.1234107103  9.735390619 1745833648 1745833648
 0.1866133828 0.07029088216   9.636431144    0.5096454 0.0732938224   9.59292673 1745833648 1745833648
 0.2590004648 0.07563079285   9.640285194  0.5834108051 0.03327081377   9.450057116 1745833648 1745833648
0.2569323042 0.1084027828  9.644565068    0.630619292 0.004889377284    9.325751248 1745833648 1745833648
 0.2444782517 0.09185077143   9.648388048   0.6443631311 -0.01143938224     9.23595452 1745833648 1745833648
0.2893206537 0.1049412281  9.648827385   0.6216575716 -0.01450908216     9.19279172 1745833648 1745833648
0.2394719277 0.1020648418   9.65011016    0.5609643253 -0.006735606477     9.205917084 1745833648 1745833648
0.2413189992 0.0928425664  9.647683659   0.4708965119 0.009257788729    9.274033864 1745833649 1745833649
 0.2718384981 0.08627958473   9.641788576  0.3616345987 0.03008026426   9.392582437 1745833649 1745833649
0.2276160079 0.1012869477  9.634946893  0.2456911927 0.05250764065   9.551227363 1745833649 1745833649
0.2940213666 0.1114449763  9.622890819  0.1403962703 0.07313929255   9.734981634 1745833649 1745833649
0.3562014057 0.1212328449  9.609104958 0.05850432158  0.0902972688   9.927182231 1745833649 1745833649
 0.278782062 0.1129375789  9.600129829 0.009380644421   0.1029831392    10.10784909 1745833649 1745833649
 0.356831268 0.1240196892  9.587364796 0.003973190893   0.1126328927    10.26437132 1745833649 1745833649
0.4267928582 0.1415848477  9.577538399 0.04125813299  0.1211585037   10.37996689 1745833649 1745833649
0.3209011263 0.1371853345  9.579815609 0.1136512445 0.1296610172  10.44165426 1745833649 1745833649
0.4117866213 0.1595218143   9.57977979 0.2175979914 0.1411667716  10.44711623 1745833649 1745833649
0.4896273704 0.1777561037  9.585358794 0.3357862329 0.1560178572   10.3913768 1745833649 1745833649
 0.364366744 0.1336234513  9.606082875 0.4504888664 0.1732617437  10.28050947 1745833649 1745833649
0.4167244661 0.1462485452  9.621265131 0.5516438849 0.1925731498  10.12001094 1745833649 1745833649
0.4794623161 0.1640011425  9.636140078 0.6244160592 0.2096466801  9.923735864 1745833649 1745833649
0.3474716415 0.1232737274  9.658318727 0.6609162578  0.221201611  9.714760609 1745833649 1745833649
0.3755308957 0.1550352248  9.668040828 0.6586058886 0.2230337968  9.501989227 1745833649 1745833649
0.4125936072  0.179687674  9.670832205  0.61955998 0.211824119 9.309295968 1745833649 1745833649
0.2954823294 0.1129364496   9.67360275 0.5516707873 0.1875036613  9.159700536 1745833649 1745833649
0.3005727471 0.1099529402  9.664197052 0.4636083502 0.1504341864  9.061402407 1745833649 1745833649
0.3348370598 0.1262463923  9.648521819 0.3683096932 0.1045999591  9.030028739 1745833649 1745833649
0.2099811414 0.1168067643  9.635392268   0.277105878 0.05688278262    9.07395304 1745833649 1745833649
0.1850455655 0.1455173773  9.619469873  0.2015639004 0.01569812318   9.191760154 1745833649 1745833649
0.2682964383 0.1924552796  9.604553839   0.1515935528 -0.01031627656    9.379509922 1745833649 1745833649
0.1510679615 0.1733075663  9.601997258   0.1258298274 -0.01578158553    9.621227305 1745833649 1745833649
 0.129647504 0.1519357238  9.605707221   0.1296706355 0.004596249382    9.899387654 1745833649 1745833649
0.3138266273 0.1930982681  9.613018702  0.1617119396 0.05305458545   10.18897715 1745833649 1745833649
0.1902058406  0.171811568  9.637757589  0.201749586 0.1228347913  10.45760065 1745833649 1745833649
0.1630870297  0.155783213   9.66681231 0.2492966989 0.2083330361  10.68061101 1745833649 1745833649
0.3974147202 0.2299314972  9.691545733 0.2921472585 0.2993315724  10.82950301 1745833649 1745833649
0.2834985263 0.2203372021   9.73044005 0.3192835309 0.3833936131  10.89711578 1745833649 1745833649
0.2510938866 0.2065898936  9.764864504 0.3278281271 0.4511523067  10.87238593 1745833650 1745833650
 0.400872967 0.2664410958  9.787474576 0.3095443412 0.4917604824  10.75500563 1745833650 1745833650
0.3271531632 0.2565580946  9.813298249 0.2809279992 0.5050574292   10.5752168 1745833650 1745833650
0.2966856508 0.1903457756  9.831244714 0.2384278547 0.4933197203  10.34783576 1745833650 1745833650
0.3349575683 0.1992710237  9.837835149 0.1853947941 0.4517155615  10.09905191 1745833650 1745833650
0.3036420831 0.2086114704  9.839885351 0.1362022207 0.3923457748  9.863935478 1745833650 1745833650
0.2909840308  0.148507666  9.837089544 0.08953056548  0.3284081615   9.664944959 1745833650 1745833650
 0.242180508 0.1412202345  9.830246108 0.05173587616  0.2586147372   9.521651688 1745833650 1745833650
 0.258686085 0.1761926353  9.818355553 0.01600760244  0.1925961627   9.438794599 1745833650 1745833650
0.2640277822  0.146550926  9.806173594 -0.01254684683   0.1405422553    9.417657216 1745833650 1745833650
0.1747993735 0.1257722796  9.794849787 -0.03083326817  0.09799258268    9.447488518 1745833650 1745833650
0.2448759577   0.16054005  9.778258845 -0.05388010201  0.06192923396     9.49798975 1745833650 1745833650
  0.24962658 0.1295837312   9.76292162 -0.07069378153  0.03363323119    9.551629071 1745833650 1745833650
 0.1115168612 0.08557407283    9.74908183 -0.08106106752 0.003754134357    9.584350119 1745833650 1745833650
0.1977511851 0.1268042201  9.729322609 -0.09693887375 -0.03313114924    9.563714963 1745833650 1745833650
 0.208598408 0.1128267053  9.710831856  -0.1089549623 -0.07545617707    9.487275478 1745833650 1745833650
0.04733254522 0.05920225127   9.695510539 -0.1175983785 -0.1245050468   9.356329598 1745833650 1745833650
 0.1562111931 0.09788792787    9.67794605 -0.1271344361 -0.1767701309   9.172527815 1745833650 1745833650
 0.1525290207 0.09390943589   9.665091544 -0.1330425598 -0.2237909457   8.968071002 1745833650 1745833650
0.01553946907 0.03842262881   9.657913082 -0.1357785099  -0.258236123   8.772815999 1745833650 1745833650
  0.144829568 0.07732080636   9.652512379 -0.1327957322 -0.2706174024   8.615046952 1745833650 1745833650
0.1239345427 0.1358293243  9.652397682 -0.1241878661 -0.2539550276    8.53025638 1745833650 1745833650
0.01196868083 0.09913613604   9.657098782 -0.1086571213 -0.2057616447   8.539798683 1745833650 1745833650
0.1460452359 0.2029181743  9.659354477 -0.08329409195  -0.1251686882    8.651360555 1745833650 1745833650
0.1451955132 0.2729662768  9.662126089 -0.05030741882 -0.01882062017     8.86279489 1745833650 1745833650
0.1160150089 0.2534793767   9.66516004 -0.009459256134    0.1035107623     9.155280437 1745833650 1745833650
0.2650792833 0.2290973833  9.661181019 0.03902680491  0.2301884385   9.497024327 1745833650 1745833650
0.1833417055 0.1607805114  9.658451486 0.0909193337 0.3475668642  9.852650349 1745833650 1745833650
0.1823196901 0.1235280825  9.648961509 0.1458890136 0.4434698056  10.18109577 1745833650 1745833650
0.3249315535 0.2070721302  9.630807623  0.202518581 0.5094601197  10.44676221 1745833650 1745833650
0.2319163311 0.2639514555  9.617995066 0.2554256441  0.538487426  10.62649479 1745833651 1745833651
 0.153506967 0.2521517512    9.6066973 0.3052702231 0.5289111699   10.7043193 1745833651 1745833651
0.2720755459  0.199736302  9.595019233 0.3538855751 0.4846627699  10.67914185 1745833651 1745833651
0.1911357292 0.1209986358  9.592456825 0.3957928017 0.4135923119  10.56425956 1745833651 1745833651
0.1522125649 0.0664953181  9.593155358  0.434151641 0.3268548061  10.38067301 1745833651 1745833651
0.2815073054 0.1389860416  9.594242948 0.4702946124  0.237084508  10.15624379 1745833651 1745833651
0.2371118433 0.1722744002  9.604190871 0.4993389142 0.1528005638  9.918871375 1745833651 1745833651
0.1668095018 0.1609156227  9.618140994  0.5222281274 0.08280143738   9.694947907 1745833651 1745833651
0.2733637524 0.1119928192  9.629704868  0.5388932538 0.03293527121   9.504936698 1745833651 1745833651
 0.2250217394 0.05334655208   9.643710444   0.5444989427 0.005536962538    9.362663066 1745833651 1745833651
 0.1800831162 0.01704489182   9.654106636     0.5383330665 -0.0006172795427       9.27452849 1745833651 1745833651
 0.3034610742 0.08558875715   9.655678876  0.5200593697 0.01103730228   9.239347125 1745833651 1745833651
0.2769531201 0.1338470641  9.656020965  0.4869442388 0.03366392682   9.256192777 1745833651 1745833651
0.2128647886 0.1255877117  9.653105622  0.4405899562 0.06042853539   9.318034851 1745833651 1745833651
0.2895336814 0.1119978735  9.642849183  0.3857995006 0.08601822665   9.415880244 1745833651 1745833651
0.2624008905 0.1078229198  9.633054587 0.3243117095 0.1064602366  9.544415065 1745833651 1745833651
0.1676178009  0.063088687  9.624689428 0.2621781225 0.1192399907  9.695366075 1745833651 1745833651
0.2307327267 0.1304456326  9.613513398 0.2093141815  0.127148876  9.861313506 1745833651 1745833651
0.2725730475  0.178473429  9.605772894 0.1693992754 0.1307475268  10.03379567 1745833651 1745833651
0.2159570766 0.1615925899  9.605984233 0.1464222518 0.1331790585  10.20143287 1745833651 1745833651
0.2004071085 0.1632663962  9.609320686 0.1452940155  0.139744447  10.35242061 1745833651 1745833651
0.2284609174 0.1951900992  9.614994735 0.1661911246 0.1538744885  10.47260341 1745833651 1745833651
0.1371813613 0.1146707128  9.627277344 0.2046930466  0.175713994  10.54718062 1745833651 1745833651
0.1837741957 0.1487567746  9.635556056 0.2584930234 0.2074713299  10.56456334 1745833651 1745833651
0.3032993133 0.2237234906  9.638614987 0.3199872305 0.2456918534  10.51596022 1745833651 1745833651
 0.2175536556 0.08999313785   9.646679401 0.3775320025  0.282653837  10.40207598 1745833651 1745833651
0.2729198037 0.0752067894  9.643837707 0.4278588084 0.3161246188  10.22742557 1745833651 1745833651
0.3898162373 0.1934000569  9.631410724 0.4637188882 0.3405251689   10.0076554 1745833651 1745833651
 0.2428391875 0.09328783899   9.626909527 0.4752528194 0.3442530018   9.76502429 1745833651 1745833651
 0.269778006 0.0649844561  9.613690514 0.4691790067 0.3281550334  9.523868744 1745833651 1745833651
0.3983743249 0.1646689354   9.59605328 0.4453092072 0.2925279781  9.315228684 1745833652 1745833652
0.2517747709 0.1399715228  9.592833998 0.4034324693 0.2345873297  9.157609612 1745833652 1745833652
0.1689582492 0.1207315345    9.5917282 0.3552497519 0.1607962145  9.075810356 1745833652 1745833652
0.3131131589 0.1634542273  9.590645088 0.3045790398 0.0803260672  9.091162135 1745833652 1745833652
0.2925959057 0.2088673563  9.599724406    0.2569246297 0.0001779972877     9.191237321 1745833652 1745833652
0.1802423654 0.2197035314  9.616411792    0.219389334 -0.07202706716    9.366487449 1745833652 1745833652
0.3133457304 0.1777423388  9.630846996 0.1884698683 -0.127866774  9.613946418 1745833652 1745833652
0.3631833831 0.2267228109  9.645518091   0.171894799 -0.1619256018   9.889347437 1745833652 1745833652
0.2623168331 0.2365045247  9.664219905  0.1744795982 -0.1699992612   10.15531072 1745833652 1745833652
0.3169226602 0.1504315983  9.676440235  0.1875914115 -0.1490766505    10.3960754 1745833652 1745833652
0.3719874483 0.1794347213  9.681554334  0.2153228488 -0.1075287199   10.57660476 1745833652 1745833652
0.2870219947 0.1769963935  9.687249596     0.26009839 -0.04733246046    10.67185354 1745833652 1745833652
 0.2803609149 0.08118336398   9.687133524  0.3128715881 0.02602207375   10.68356868 1745833652 1745833652
0.3694909489  0.140027815  9.678477452 0.3703581297 0.1009956786  10.61391842 1745833652 1745833652
0.3209804141 0.1588831499  9.672659191 0.4329526386 0.1728292694  10.46809839 1745833652 1745833652
0.2838174554 0.0513655303  9.666538258  0.492139504 0.2360454233  10.27176824 1745833652 1745833652
0.3670191122 0.1317414565  9.654133809 0.5416622844  0.283792213  10.05173449 1745833652 1745833652
0.3380159087 0.1713603098  9.645824355 0.5793892346 0.3169760827  9.828953074 1745833652 1745833652
 0.2904134071 0.06492649679   9.640239837 0.5996551309 0.3357230409  9.629753709 1745833652 1745833652
0.3674165571 0.1474111131  9.628643417 0.5986220995  0.340431598  9.475890458 1745833652 1745833652
0.3450102659 0.1775422034  9.621378655 0.5763207003 0.3351622595   9.37634101 1745833652 1745833652
  0.293106694 0.06635272708   9.617617522 0.5329075823 0.3229428346  9.337956185 1745833652 1745833652
0.3665918713 0.1528864274  9.608268739  0.470940552 0.3070713117  9.361446616 1745833652 1745833652
0.3209396759 0.1853731479  9.604968869  0.396403279 0.2896585155  9.434474837 1745833652 1745833652
0.2583016655 0.0849833516  9.605745226 0.3161981501 0.2718353722   9.54522483 1745833652 1745833652
0.3417242706 0.2010532537  9.600856962 0.2388626604 0.2544728637  9.679351754 1745833652 1745833652
0.2961681827 0.2523383577  9.602397175 0.1738959878 0.2364050368  9.813496103 1745833652 1745833652
0.2490065744 0.1278183709   9.60873078 0.1297568185 0.2157275712  9.931648029 1745833652 1745833652
0.3341451825  0.242695757  9.607055431 0.1138716293  0.193693282  10.02040567 1745833652 1745833652
0.2915372422 0.2742217072  9.610606164  0.129911273 0.1684195148   10.0618918 1745833652 1745833652
0.2307567713 0.1430946933  9.617526822  0.178617234 0.1387565728  10.05048126 1745833653 1745833653
0.3070944728 0.2416144917  9.615204785 0.2579863625 0.1100175125  9.988582023 1745833653 1745833653
0.2743588411 0.2261866593  9.618157829 0.3583653908 0.0808187401  9.874592947 1745833653 1745833653
0.2158842197 0.1139488457   9.62388623  0.4693001177 0.05303152759   9.720918445 1745833653 1745833653
0.2589548041 0.1019445793  9.626922088  0.5796517817 0.03267897014    9.54598885 1745833653 1745833653
0.2644183308 0.1423313229  9.632814103  0.6730620634 0.02167627075    9.36799189 1745833653 1745833653
0.2404022586 0.1167913244  9.643285566  0.7368010593 0.01914313102   9.209435633 1745833653 1745833653
0.2809943625 0.1247680145  9.654106385  0.7629201152 0.02759410528   9.092876151 1745833653 1745833653
0.2522698604  0.122562899   9.66816822   0.743792399 0.04541182477    9.03923165 1745833653 1745833653
0.2615575761 0.1111989035  9.680508633  0.6821117512 0.07113697318   9.061254785 1745833653 1745833653
 0.306723965 0.1010504015  9.688576407 0.5839853243 0.1022345525  9.164398391 1745833653 1745833653
0.2601574439 0.1093607922  9.693699796 0.4594687699 0.1359634694  9.347118519 1745833653 1745833653
0.3068619879 0.1331122797  9.688807177 0.3251501169 0.1687009883  9.589702075 1745833653 1745833653
0.3647608288 0.1332159816  9.675833877 0.1961035852  0.196746413  9.869002323 1745833653 1745833653
0.2971088154 0.1109992947  9.660275994 0.08661457691  0.2177556312   10.15392771 1745833653 1745833653
0.3151018606 0.1289133921  9.635837051 0.009598551466   0.2294347102    10.40479757 1745833653 1745833653
0.3504943214 0.1354938027  9.607966529 -0.02810932872     0.23040889    10.58783565 1745833653 1745833653
0.2732275204 0.1323739284  9.584094845 -0.02606124589   0.2205777402    10.67307893 1745833653 1745833653
0.3259861776 0.1423133944  9.558968909 0.01411970327  0.2012638177   10.64372646 1745833653 1745833653
0.3735935386 0.1533458689  9.539207381 0.08286085014  0.1749905818     10.494955 1745833653 1745833653
0.2767729702 0.1403769792  9.531800039 0.1657193261 0.1442379487   10.2357694 1745833653 1745833653
 0.358933066 0.1422148041  9.525385135 0.2557999039 0.1136178409  9.899616452 1745833653 1745833653
0.4344883445 0.1566091095   9.52490054   0.337896025 0.08761691844   9.524153865 1745833653 1745833653
0.3150504646 0.1330076525  9.537894293  0.3981143193 0.06844798857   9.157026736 1745833653 1745833653
0.4011551307 0.1537857618  9.545547304  0.4415690764 0.06120929584   8.856232447 1745833653 1745833653
0.4727630013  0.179415186  9.554665864  0.4628379235 0.06669188853   8.666224348 1745833653 1745833653
0.3252743425 0.1164119782  9.575215617  0.4624049141 0.08270591942   8.623589299 1745833653 1745833653
0.3632301152 0.1178570085  9.587526233 0.4574300107 0.1109468599  8.745387823 1745833653 1745833653
0.4176013535  0.146537546  9.599268346 0.4533772363  0.146585584  9.026187129 1745833653 1745833653
0.2381100137  0.132856191  9.621391228 0.4565496577 0.1836417369  9.442269667 1745833653 1745833653
0.2674085808 0.1625763361  9.638227442 0.4783541836 0.2179540232  9.939964252 1745833654 1745833654
 0.413060648 0.2356498639  9.652333598 0.5179939629 0.2440472298  10.45894397 1745833654 1745833654
0.2581723583 0.2122110272  9.681428548 0.5715160857 0.2573836389  10.94215312 1745833654 1745833654
0.2014231714 0.1759483368  9.708057516 0.6319032966 0.2572309251  11.32094429 1745833654 1745833654
0.4171616234 0.2323510863  9.724313631 0.6853817031 0.2438063513  11.54366967 1745833654 1745833654
0.2992123706 0.2007745639   9.75146386 0.7211737405 0.2212363015  11.59561104 1745833654 1745833654
0.1524920167 0.1113626937    9.7743608 0.7251847977 0.1954882497   11.4672766 1745833654 1745833654
0.3924117051 0.1629744244  9.779699693 0.6814723921 0.1711356818  11.16866726 1745833654 1745833654
0.2586106848 0.1848446833  9.790686078 0.5946297442 0.1569699101   10.7556682 1745833654 1745833654
0.1872683792 0.1849378754  9.793810577 0.4606402026 0.1584869119  10.27179852 1745833654 1745833654
0.3401883461 0.2443485948  9.785682285 0.2823762899 0.1764505334  9.769135674 1745833654 1745833654
0.2521085872 0.2632289112  9.782699045 0.08674496016  0.2138210685   9.313949948 1745833654 1745833654
0.2425515484 0.2528885284  9.777532695 -0.1161361011  0.2663260208   8.941598126 1745833654 1745833654
0.3008711485 0.2583939146  9.771277847 -0.3063388486  0.3250616692   8.681138208 1745833654 1745833654
 0.264737844 0.2595437361  9.770159505 -0.4572806603  0.3825055599   8.550742749 1745833654 1745833654
0.2446001113 0.1909737618  9.772895428 -0.5582445821   0.431434844   8.544742061 1745833654 1745833654
0.2602667858 0.1614734102  9.776023292 -0.6011489283  0.4561122952   8.647423701 1745833654 1745833654
0.2558026095  0.176672787  9.780175504 -0.5813968126  0.4501671952   8.837179622 1745833654 1745833654
0.2377230319   0.11263552  9.785672369 -0.5048956024  0.4165943875   9.086631513 1745833654 1745833654
 0.1882128287 0.08544967915   9.789321126 -0.3823993556  0.3491596991   9.367328079 1745833654 1745833654
0.2325673651 0.1149990591  9.787211947 -0.2356883623  0.2536127659   9.649077536 1745833654 1745833654
 0.2566699383 0.09087521935   9.782020797 -0.07691739922   0.1441263445    9.911433588 1745833654 1745833654
  0.138565651 0.05547408447   9.775671603 0.08083116899 0.02988050227   10.13536061 1745833654 1745833654
0.2265009579 0.1058908318  9.760963397   0.2102735836 -0.07978465781     10.2943019 1745833654 1745833654
 0.2648615441 0.08779791529   9.744945228  0.3097054031 -0.1686215285   10.37919466 1745833654 1745833654
 0.1070498749 0.04433766982   9.731837232  0.3751414916 -0.2302502346    10.3809116 1745833654 1745833654
0.2208560771 0.1047091295  9.713290782  0.3933068673 -0.2618939011   10.28210725 1745833654 1745833654
0.2937656051 0.1174457661  9.696500444 0.3737396814 -0.259486233  10.09114011 1745833654 1745833654
0.1064122363 0.0881852886  9.688186907  0.3231501426 -0.2272342645   9.823468477 1745833654 1745833654
0.2385402806 0.1496683954  9.675015467  0.2432919012 -0.1715182351   9.486735672 1745833654 1745833654
0.2096906678 0.1426356003  9.667831929   0.1481328429 -0.09907913616     9.12437055 1745833655 1745833655
0.05460990134 0.07582830527   9.664130872  0.04662059814 -0.02007870411    8.775247939 1745833655 1745833655
0.1750002538 0.1121115836  9.656246831 -0.04888640264  0.05905690678     8.47627348 1745833655 1745833655
0.1407836289  0.154026359  9.649776575 -0.1299453113  0.1314146096   8.277888759 1745833655 1745833655
0.003159392082   0.1013604874    9.644193071 -0.1885812436  0.1909547067   8.212189142 1745833655 1745833655
0.1374643707 0.2458673885  9.632439292 -0.2149387319  0.2389687472   8.294488838 1745833655 1745833655
 0.102232588 0.3538330536  9.621032821 -0.210651011 0.2725492014  8.528635998 1745833655 1745833655
0.01542438926  0.3406128657   9.614294822 -0.1747874821  0.2921833261   8.892580228 1745833655 1745833655
0.1517454698 0.2308886633  9.610693434 -0.1078041156  0.3008646345   9.345453982 1745833655 1745833655
0.05360819732 0.06419103637   9.612002719 -0.02112159418   0.3019818231     9.83338702 1745833655 1745833655
 0.06507287854 -0.02190329886    9.614153329 0.08086214094  0.2995621713   10.29400554 1745833655 1745833655
0.2308898063 0.1560595625  9.617019077 0.1889028794 0.2975140481  10.66771124 1745833655 1745833655
0.1277825847 0.3188389981   9.62567664 0.2887872331 0.2930833425  10.91023838 1745833655 1745833655
0.01487172828  0.3360063286   9.639402962 0.3743895086 0.2843700958  10.99193284 1745833655 1745833655
0.1335964786 0.2018302642   9.65639308 0.441325843 0.269987115 10.90300842 1745833655 1745833655
 0.0423685688 0.03533569278   9.671770668 0.4797080783 0.2494605548  10.66569637 1745833655 1745833655
 0.02257632416 -0.05170171425    9.680362935 0.4908244845 0.2227995141  10.31396476 1745833655 1745833655
0.2196900429  0.138554765  9.680012157 0.4779444068 0.1937577133  9.895999335 1745833655 1745833655
0.1940182072 0.3088732716  9.673085033 0.4390538153 0.1598220951  9.479241176 1745833655 1745833655
0.09164096732  0.3275817751   9.664087409 0.3819515233 0.1229877691   9.11724453 1745833655 1745833655
0.1923661216 0.1643739513  9.651673895  0.3198717372 0.08824025915   8.848267676 1745833655 1745833655
 0.1120765001 0.05847665721   9.635816169  0.2545216623 0.06465147364    8.71282049 1745833655 1745833655
 -0.0262767783 -0.06147993733    9.617125017  0.1965925035 0.05708396951   8.717668513 1745833655 1745833655
 0.1816580771 0.07712397814   9.597344426  0.1660735758 0.07844648195   8.845008085 1745833655 1745833655
 0.292232085 0.1718865413  9.578447777 0.1575368286 0.1230786738  9.081406102 1745833655 1745833655
0.2801743114 0.1641465005    9.5680491 0.1726827916 0.1870015445  9.389564998 1745833655 1745833655
0.2524150602 0.1399206183  9.562499742  0.214674883 0.2673404278  9.724934291 1745833655 1745833655
 0.329275943 0.1921343288  9.556195592 0.2836869164 0.3578534539  10.04692958 1745833655 1745833655
 0.1730188922 0.06088104875   9.561714669 0.3611295725 0.4378394094  10.31812999 1745833655 1745833655
 0.2079634427 0.09925237097   9.562178314 0.4502604494 0.5058329991  10.51856988 1745833655 1745833655
0.4439674549 0.2222181645   9.55470128 0.5369234483 0.5459832651  10.64041742 1745833656 1745833656
0.3087873246 0.1122578504  9.565532384 0.5963940751 0.5418575366  10.66593609 1745833656 1745833656
 0.2442258178 0.04644730564   9.572681907 0.6300641927  0.496377564  10.61760854 1745833656 1745833656
0.4357531296 0.1654731289  9.570920596 0.6312513896 0.4105516061  10.52457539 1745833656 1745833656
 0.366358298 0.1753505941  9.582107621 0.5957111629 0.2897264385   10.3849581 1745833656 1745833656
0.2021150853 0.1717009932   9.59782902 0.5314591141 0.1466505052  10.22856555 1745833656 1745833656
0.3912048377 0.2051238362  9.604283451    0.4411722557 0.0004561680503     10.10138244 1745833656 1745833656
0.3766380471 0.2446431097  9.618429827  0.3435752862 -0.1330527103    9.98979465 1745833656 1745833656
0.2087543291 0.2523399392  9.638328926  0.2541929512 -0.2366394607   9.906182546 1745833656 1745833656
0.3379776744 0.2048213452  9.650062724  0.1743024924 -0.2944391743   9.879647775 1745833656 1745833656
0.3743686667 0.2342369776  9.660402952  0.1244614094 -0.3058704114   9.887194473 1745833656 1745833656
0.2452983659 0.2195853113  9.674374843  0.1137192585 -0.2667309636   9.917806624 1745833656 1745833656
0.3190805369 0.1369774395  9.679873172   0.132356935 -0.1837867496   9.980337045 1745833656 1745833656
0.3754364861 0.1618394604  9.680229075   0.1832911816 -0.07257816535    10.05300578 1745833656 1745833656
0.2745013186 0.1532904315  9.683591634  0.2624733994 0.05170266843   10.11927486 1745833656 1745833656
  0.276467188 0.04386901909   9.682302056 0.3516003628 0.1725310115  10.18077388 1745833656 1745833656
 0.3518092084 0.08596811953   9.675884875 0.439783246 0.268479987 10.22917096 1745833656 1745833656
 0.2846752454 0.09626927133    9.67370965 0.5198099834 0.3294656028  10.25456594 1745833656 1745833656
  0.2433779863 0.004958742131     9.67093692  0.578780076 0.3488404893  10.26075524 1745833656 1745833656
 0.3265012834 0.07617659338   9.663923137 0.6102877272  0.323109572  10.24898493 1745833656 1745833656
0.281809805 0.114481171 9.660736911 0.6165544005 0.2600045507  10.21653457 1745833656 1745833656
 0.2392648637 0.04260961942   9.658075963 0.5987624515 0.1708219836  10.16766613 1745833656 1745833656
0.2974741905 0.1237132618  9.650934662  0.5628060659 0.06847718068   10.10456274 1745833656 1745833656
 0.257898894 0.1616718045   9.64611785   0.5192075136 -0.02933630904    10.02646083 1745833656 1745833656
 0.2118239612 0.07638184631   9.642410154  0.4762780579 -0.1071559035   9.936236535 1745833656 1745833656
0.2986257038  0.184596768  9.632611231  0.4411795767 -0.1544545446   9.837756002 1745833656 1745833656
0.2812583447 0.2227875919   9.62668895  0.4211881889 -0.1623202625   9.731552832 1745833656 1745833656
 0.222633667 0.1172912544  9.625497774  0.4177974249 -0.1292508171   9.623821613 1745833656 1745833656
0.3074311268 0.2115004388   9.61858938   0.4284848923 -0.05949831478    9.524413545 1745833656 1745833656
0.2760720927 0.2442872068  9.617760822  0.4497013759 0.03969239841   9.438074244 1745833656 1745833656
0.2203070256 0.1129897518  9.622554145 0.4735645589   0.15656125  9.375769473 1745833657 1745833657
0.3012661559 0.1973953497  9.621375082 0.4914868977 0.2774583802  9.348277199 1745833657 1745833657
0.2749612647 0.2081139686  9.624963313 0.4965064821 0.3892017226  9.358308779 1745833657 1745833657
 0.2220909439 0.06643425188   9.631028244 0.4828161217 0.4798393218  9.409567565 1745833657 1745833657
0.2884812193 0.1548924296  9.629633592 0.4481755652 0.5410717918  9.500668925 1745833657 1745833657
0.2469502221 0.1756073602  9.629836136  0.394345036 0.5677151849  9.619234683 1745833657 1745833657
 0.1810352525 0.03923901234   9.630014268 0.3264933057  0.558153828  9.751900776 1745833657 1745833657
 0.259219837 0.1563807707  9.622302892 0.2533652703 0.5166108839  9.882289367 1745833657 1745833657
0.2140451922 0.1893317476  9.616918549 0.1842367957 0.4468605694  9.984942645 1745833657 1745833657
 0.1650023387 0.05235350979   9.613597064 0.1291885811 0.3557560749   10.0423774 1745833657 1745833657
0.2575376598  0.171884029  9.605175522 0.09779834856  0.2564963004   10.04281313 1745833657 1745833657
0.2273025203 0.1756298422  9.602809469 0.09269222706  0.1545536211   9.974384932 1745833657 1745833657
 0.1801178002 0.06797864096   9.604507412 0.1154108477 0.0577806941  9.842391867 1745833657 1745833657
 0.2248853156 0.05593981544   9.605218743   0.1643578497 -0.02318828406    9.663233861 1745833657 1745833657
 0.248398936 0.1208194451  9.607081614   0.2304986632 -0.08254605026    9.460490707 1745833657 1745833657
0.2595458441 0.1037978794  9.610174448  0.3042201833 -0.1199845636   9.264799554 1745833657 1745833657
0.3308744275 0.1206183976  9.609521456  0.3763602893 -0.1320153776   9.110353469 1745833657 1745833657
0.3025041876   0.14347501  9.608848876  0.4337284388 -0.1204633781   9.028174701 1745833657 1745833657
0.3117328918 0.1337470465  9.603175754   0.4720798627 -0.08925511293    9.037672724 1745833657 1745833657
0.3522566064 0.1169059124  9.591735071   0.4873420242 -0.04287340819    9.145831024 1745833657 1745833657
0.3122315825 0.1475550226  9.578069044   0.477358273 0.01322469217   9.343984573 1745833657 1745833657
0.3826410213 0.1476799325    9.5578078 0.4491602804 0.0703890106  9.604348836 1745833657 1745833657
0.4471024879 0.1408056061  9.536443307 0.4069914897 0.1218640557  9.888636188 1745833657 1745833657
0.3501146531 0.1484034305  9.523394751  0.355941947 0.1618307885  10.14820977 1745833657 1745833657
0.4126423189 0.1626218111  9.508094546 0.3108501643 0.1854596983  10.33874337 1745833657 1745833657
  0.47388372 0.1725241927  9.499333751  0.276494979 0.1909775865   10.4204319 1745833657 1745833657
0.3349026786 0.1632047329  9.508155153 0.2531497134 0.1788017385  10.36591875 1745833657 1745833657
0.4149015142 0.1812968134  9.516454161 0.2557576046 0.1530868254  10.18230095 1745833657 1745833657
0.4954556475 0.1996129422  9.532448139 0.2789864696 0.1196967445  9.886756238 1745833657 1745833657
0.3312003188 0.1526290357  9.567365094  0.3115745838 0.08374366108   9.520185182 1745833657 1745833657
0.4253347891 0.1659891389  9.594632904  0.3663683136 0.05713768471    9.15074605 1745833658 1745833658
0.5199567542  0.195693443  9.622091628  0.4278403702 0.04580260535   8.842343919 1745833658 1745833658
0.3370067639 0.1158591581  9.662888291  0.4821464525 0.05115329287   8.664908646 1745833658 1745833658
0.4242567231 0.1300541303  9.687069115  0.5383062445 0.08163963419   8.664279259 1745833658 1745833658
0.5123591929 0.1710197666   9.70480643  0.582874116 0.1339745591  8.869058349 1745833658 1745833658
0.3027746966  0.157886816  9.730427699 0.6134561183 0.2031391847  9.287722878 1745833658 1745833658
0.2613020142 0.2065899119  9.741171443 0.6316172615 0.2829416448  9.868868823 1745833658 1745833658
0.4272082747 0.3007521532  9.737587015 0.6321393544 0.3629584976  10.54430591 1745833658 1745833658
0.2845786776 0.2661826614  9.743620597 0.6262247653 0.4366431416  11.25317021 1745833658 1745833658
0.1906891667 0.1797309173  9.743837703 0.6092943431 0.4954391851  11.88694233 1745833658 1745833658
0.3805377083 0.2103507808  9.730921219 0.5746808586 0.5267011375  12.34832533 1745833658 1745833658
0.2484725613 0.1865845707  9.727527647 0.5419664197 0.5313962405  12.59485595 1745833658 1745833658
0.1662570722 0.1284720503  9.721998306 0.4999324834 0.5082492769  12.57329816 1745833658 1745833658
0.3379194574  0.181081996  9.709765634  0.444892668 0.4572325662  12.27529351 1745833658 1745833658
0.2104485306 0.1816606621  9.709025695 0.3896627988 0.3890602958  11.74875153 1745833658 1745833658
0.07589061443   0.115222903   9.711480581 0.3274332542 0.3117513329  11.04656724 1745833658 1745833658
0.2865448712 0.1414103747  9.711282758 0.2563186069 0.2320826069  10.24427836 1745833658 1745833658
0.1685040432 0.1589880041  9.722787844 0.1849792962 0.1597886105  9.443997736 1745833658 1745833658
0.09423642551  0.1394465486   9.737630139 0.1111503724 0.1011292444  8.722413362 1745833658 1745833658
0.3098475965 0.1713091999  9.749511047 0.03174639599 0.05847960833    8.14322914 1745833658 1745833658
0.2360484917  0.190816432  9.769426068 -0.04225837923  0.03288203553    7.761002796 1745833658 1745833658
0.1875890663 0.1456550543  9.788327968 -0.1129683737 0.02439535184   7.588492941 1745833658 1745833658
0.3379679529 0.1410234795  9.797709707  -0.185832412 0.02674210031   7.614695703 1745833658 1745833658
0.2995196192 0.1840673052  9.805667617 -0.2414146371 0.03429233358   7.818745163 1745833658 1745833658
0.2916245986 0.1324496363  9.806892622  -0.284035836 0.04961421593   8.156109801 1745833658 1745833658
 0.308742908 0.1048115282  9.799423221 -0.3102296672 0.06314686001   8.578146679 1745833658 1745833658
0.3419914827 0.1566089464  9.783955576 -0.3171162802 0.06864319279   9.037089114 1745833658 1745833658
 0.364544752 0.1104066784  9.765708732  -0.301287611 0.07563485857   9.494152104 1745833658 1745833658
 0.2049673287 0.06434229179   9.750803665 -0.2528910641  0.0764013582   9.919270698 1745833658 1745833658
0.2969415146 0.1191005154   9.72839044 -0.2011514984 0.06716533027   10.27580961 1745833658 1745833658
 0.2894014712 0.07574502201   9.711696527 -0.1284526661 0.05912870962   10.55784375 1745833659 1745833659
 0.1085260657 0.01632439616   9.701301626 -0.03923517058  0.04665011857    10.75525985 1745833659 1745833659
 0.2235207969 0.08036370731   9.687436394 0.04403859334 0.02809605566   10.84633218 1745833659 1745833659
0.2919722791 0.1053428031  9.675735777   0.1284058322 0.009403853893    10.83797116 1745833659 1745833659
0.07342102886 0.06925933709   9.671335724   0.2068367636 -0.01059748586    10.73501229 1745833659 1745833659
0.2005566983 0.1297123549  9.659842261   0.2655568639 -0.03107015033    10.52456236 1745833659 1745833659
 0.277552319 0.1444461788  9.647929483    0.302126535 -0.04962910351    10.22745493 1745833659 1745833659
0.05065080371  0.1048796523   9.641910644   0.3074437421 -0.06539454995    9.865805603 1745833659 1745833659
0.1756645979 0.1557216914  9.629472348   0.2856888331 -0.07300188479     9.45563103 1745833659 1745833659
0.1404524707 0.1640885655  9.620769427   0.2332916691 -0.07009019362    9.041004832 1745833659 1745833659
-0.02429336549   0.1013650442    9.615669752   0.1557538483 -0.05447309509    8.661481637 1745833659 1745833659
0.1013628147 0.1283860568  9.610793878  0.0707345032 -0.0203802148    8.35820606 1745833659 1745833659
0.09860429556  0.1920816831   9.608824753 -0.01703705054  0.03168697867    8.171950569 1745833659 1745833659
-0.02257417106   0.1566307654    9.611741071 -0.09403391785  0.09752809036    8.130246559 1745833659 1745833659
0.1310373462 0.2763908756  9.611832514 -0.1420765599  0.1766631467   8.247721317 1745833659 1745833659
0.1514446446 0.3505446229  9.613515385 -0.1592077139  0.2588655782   8.517571126 1745833659 1745833659
0.1051335528 0.3241526648  9.619128686 -0.1399171716  0.3353148092   8.915563462 1745833659 1745833659
0.2597180988 0.2190999048  9.622137388 -0.08252760154    0.397850791    9.401106226 1745833659 1745833659
0.1973029332 0.0767581327    9.6274014 0.00290039779  0.4398001614   9.917835344 1745833659 1745833659
   0.214327014 -0.00807368983    9.627778129  0.109623601 0.4565906933  10.40754741 1745833659 1745833659
0.3703438257 0.1282241351  9.622082606 0.2257679401  0.447378721  10.81292765 1745833659 1745833659
0.2956204166 0.2451311124  9.622529689 0.3366245971 0.4119895737  11.09108668 1745833659 1745833659
0.2064454114 0.2542409666  9.625669553 0.4328659679  0.355350585  11.21305929 1745833659 1745833659
0.3077931753 0.1543169898  9.627413164 0.5079585874 0.2855383165  11.16708953 1745833659 1745833659
  0.214433923 0.04335726674    9.63458412 0.5546175484 0.2120777526  10.97067685 1745833659 1745833659
 0.1575002959 -0.0248219643   9.639828693 0.5737391201 0.1444356752  10.65131265 1745833659 1745833659
0.2986173233 0.1143323159  9.639549774   0.569521968 0.09255892302   10.25004627 1745833659 1745833659
0.2333322111  0.228494343  9.641559599  0.5426790101 0.05938803611   9.826110919 1745833659 1745833659
0.1182111229 0.2390436273  9.643229165  0.5000986551 0.04619784038   9.428199902 1745833659 1745833659
0.2050130796 0.1784318039  9.639982515  0.4510894493 0.05196698696   9.098068993 1745833659 1745833659
0.1404898537 0.1264528307  9.636023023  0.3955959832 0.07377860995   8.876001282 1745833660 1745833660
0.04907891058 0.06213230496    9.62954113 0.3390502159 0.1057910566  8.779577308 1745833660 1745833660
0.2070080691 0.1851203033  9.617084182 0.2896551791 0.1455396487  8.814053431 1745833660 1745833660
0.2534471919 0.2391755944  9.606846181 0.2428615358 0.1822428147  8.970214284 1745833660 1745833660
0.1922723207 0.1968404007  9.603728076 0.2006074774 0.2105644793  9.223119165 1745833660 1745833660
0.2143146926 0.1998186694  9.601398866 0.1690278778 0.2300004881  9.543312623 1745833660 1745833660
0.2752278867 0.2036557745  9.602377826 0.1494848139 0.2391057223   9.89363334 1745833660 1745833660
 0.195838602 0.1351113232   9.61261604 0.1420941189 0.2384208492  10.23158456 1745833660 1745833660
0.2484410951 0.1402556949  9.622260734 0.1530418032 0.2329686134  10.52760592 1745833660 1745833660
0.3256653216 0.1415737675  9.633464333 0.1822791008 0.2252498364  10.74845221 1745833660 1745833660
 0.2564339284 0.06307438381   9.650677557 0.2287956784 0.2189248869  10.86953085 1745833660 1745833660
 0.2565099999 0.09758436359   9.663191666 0.2925728559 0.2190189271  10.88366356 1745833660 1745833660
0.3575692423 0.1545386035  9.668119924 0.3697856174 0.2269327408  10.78990817 1745833660 1745833660
 0.2623235758 0.05798915543    9.67493467 0.4519296966   0.24176291  10.60042408 1745833660 1745833660
 0.2707051984 0.05193078399   9.669671535 0.5332501219 0.2635815583  10.33754087 1745833660 1745833660
0.3609354095 0.1504014285  9.652420585  0.605232191 0.2891564013  10.03025936 1745833660 1745833660
0.2149489078 0.0819088825  9.637198295 0.6549907021 0.3104847892  9.716177646 1745833660 1745833660
  0.172192736 0.08084307351   9.613133695 0.6807623211 0.3245620059  9.424625614 1745833660 1745833660
0.3174179328 0.1574976649  9.582779934 0.6812286868 0.3265128888  9.185530863 1745833660 1745833660
0.1825658405  0.130989145  9.564479105 0.6493940151 0.3096648168  9.022422865 1745833660 1745833660
0.08370234479  0.1051775711   9.551234906 0.5958671342 0.2737281275  8.945800613 1745833660 1745833660
0.2737320455 0.1439792365  9.542038768 0.5299888539 0.2203694687  8.964062577 1745833660 1745833660
0.2360680657  0.169071003  9.548062306 0.4556922991 0.1518024257   9.06231993 1745833660 1745833660
0.1088847172 0.1724202551  9.565179726  0.3855282672 0.07346975653   9.224295388 1745833660 1745833660
0.3044181308 0.1431782952  9.583161781    0.3241003519 -0.007293247271     9.440868767 1745833660 1745833660
0.3092562908 0.1646917323  9.607729204  0.2791770419 -0.0823529563   9.670333887 1745833660 1745833660
0.1778928045 0.1540245944  9.635973239  0.2540755938 -0.1425676275   9.887620084 1745833660 1745833660
0.2942535712 0.1018291074  9.655031704  0.2396370304 -0.1813166773   10.08463411 1745833660 1745833660
0.3073033028 0.1155189551  9.669845688  0.238023796 -0.196095295  10.23286492 1745833660 1745833660
 0.1842580545 0.09688303024   9.681485093  0.2438012885 -0.1834067336   10.32409247 1745833660 1745833660
  0.262026783 0.04309204745   9.681206764  0.2422428777 -0.1465551348   10.36954627 1745833661 1745833661
 0.2951654223 0.08402478124   9.674750749   0.2326905278 -0.09249925661    10.36920512 1745833661 1745833661
  0.201758032 0.08695420488   9.667046868   0.2124832015 -0.02890312099    10.33412603 1745833661 1745833661
 0.2340400961 0.03224338323   9.653621038  0.1761570442 0.03521296497   10.28573033 1745833661 1745833661
 0.2982963297 0.09399754859   9.637381593   0.128989389 0.08688673092   10.23599657 1745833661 1745833661
0.2434359588 0.1225749285  9.625208396 0.08063821392  0.1201324062   10.19137808 1745833661 1745833661
 0.2421487714 0.05802811785   9.614366772 0.03807339583  0.1311790804   10.16156404 1745833661 1745833661
0.3254163783 0.1372414708  9.602234936 0.01172415347  0.1157125898   10.14879229 1745833661 1745833661
0.2752107536 0.1703001518  9.597195374 0.01578939749 0.07949236631    10.1408573 1745833661 1745833661
0.2253986864 0.0769959251  9.596165062 0.05552453943 0.03141757492   10.13287476 1745833661 1745833661
 0.337522527 0.1756504555  9.590104175   0.1309253826 -0.02307139626    10.12159296 1745833661 1745833661
0.3122246149 0.2137110767  9.590207291   0.2451105324 -0.06924450111    10.08778379 1745833661 1745833661
0.2419139993 0.1075602009  9.595005775   0.3880666024 -0.09683587044    10.02917492 1745833661 1745833661
0.3571338946  0.215234349  9.591163522   0.5428554967 -0.09980804099    9.951830868 1745833661 1745833661
0.3261706403 0.2575129601  9.593121669   0.6980413639 -0.07070905804    9.849669728 1745833661 1745833661
0.2298671623  0.113924789  9.600805577    0.8336286721 -0.009943335042     9.735225511 1745833661 1745833661
   0.3374035 0.2298419012  9.597883306  0.9306836481 0.07640677499   9.625529458 1745833661 1745833661
0.3115718288 0.2679458558  9.600389047 0.9794956704 0.1820424493  9.526793032 1745833661 1745833661
0.2190386831  0.109695628  9.609085755 0.9715834971 0.2949057741  9.454177571 1745833661 1745833661
0.3065157758 0.2274957775  9.608201649 0.9068192742 0.4025659066  9.418367844 1745833661 1745833661
0.2561465748 0.2556951907   9.61320092 0.7927239708 0.4931850686  9.419558657 1745833661 1745833661
0.1721858352 0.1025462166  9.622856286 0.6422758964 0.5556378569  9.457589206 1745833661 1745833661
0.2643789273 0.2354791073  9.623996793 0.4751332319 0.5865892567  9.525075178 1745833661 1745833661
0.2158063286 0.2794437719  9.630023387 0.3092487273 0.5816660533  9.606844149 1745833661 1745833661
 0.168168694 0.1215106976  9.640318662 0.1646888821 0.5410007979  9.687821075 1745833661 1745833661
0.2654321659 0.2380646318   9.64162312 0.05918762806  0.4767455156   9.752936842 1745833661 1745833661
0.2206094808 0.2631005106  9.646859285 -0.001214415213     0.393095839     9.786409316 1745833661 1745833661
0.1727885009 0.1374128896  9.653809068 -0.01161031347   0.2990159703    9.778565484 1745833661 1745833661
0.2136716561 0.1230089484   9.65479918 0.02570761827  0.2093937224   9.727513146 1745833661 1745833661
0.2430684588 0.1696517094  9.653075861 0.0987243297 0.1325517262  9.637295508 1745833661 1745833661
0.2555292361  0.138435382  9.651020689  0.1930686156 0.07279921493   9.517987769 1745833662 1745833662
0.3174776378 0.1427817554  9.645191952  0.2934379942 0.03579141323   9.386980948 1745833662 1745833662
0.2873703375 0.1616184447   9.64057485   0.381628123 0.02152612568    9.26467908 1745833662 1745833662
0.2789534558 0.1352218082  9.635051492  0.4469389823 0.02655505066    9.17135342 1745833662 1745833662
 0.301802261 0.1057331271  9.628067611  0.4814493305 0.04680397855   9.126258413 1745833662 1745833662
0.2785821706 0.1286582324  9.621729659  0.4817975048 0.07707472293   9.143098669 1745833662 1745833662
 0.3354441227 0.09958642505   9.613767245 0.4535986634 0.1093149135  9.228525572 1745833662 1745833662
 0.3882420799 0.07499606902    9.60615249 0.4041023494 0.1386904226  9.379938184 1745833662 1745833662
 0.3144387898 0.09144559125   9.603953516 0.3431928116 0.1613268576  9.584850539 1745833662 1745833662
0.3880106797 0.1009639454   9.59807075 0.2876591369 0.1741102143   9.82556033 1745833662 1745833662
  0.450278761 0.09421553504   9.594650021 0.2465203624 0.1764270051  10.07509639 1745833662 1745833662
 0.3407606635 0.07893345835   9.601527731  0.225752464 0.1693135382  10.30527922 1745833662 1745833662
0.3798962965 0.1063384193  9.605514302  0.233515116 0.1556878365  10.48871751 1745833662 1745833662
0.4369946179 0.1215770353  9.612229305 0.2663552857 0.1375304553  10.60182955 1745833662 1745833662
0.3055823805 0.1043126925  9.629956267 0.3163913024 0.1177824102  10.63195728 1745833662 1745833662
0.3256283071 0.1444383094   9.64322361 0.3770791446 0.0998011805  10.56949172 1745833662 1745833662
0.3845885019  0.172875435  9.655280811  0.4357397149 0.08450503965   10.42100651 1745833662 1745833662
0.2720817742 0.1353408893  9.672542226  0.4804172753 0.07340766755   10.20653999 1745833662 1745833662
0.2989748414 0.1546410421  9.680362854  0.5029468612 0.06793193298   9.945144813 1745833662 1745833662
0.3636231851 0.1688459161  9.681263636  0.4976942177 0.06809800015     9.6702361 1745833662 1745833662
0.2624878311 0.1355076748  9.682102185  0.4631401863 0.07411359559   9.418126313 1745833662 1745833662
0.2813945181 0.1615764589  9.672287632  0.4050624531 0.08679749256   9.217205067 1745833662 1745833662
0.3361418945 0.1823575152  9.656908063 0.3324476958 0.1059743051  9.095791569 1745833662 1745833662
0.2272928886  0.132926592  9.645786286 0.2546117957 0.1308519075  9.071651696 1745833662 1745833662
 0.278143235 0.1312621258  9.630609463 0.1895021739 0.1627411141  9.150675908 1745833662 1745833662
 0.361723009 0.1571916524  9.617888414 0.1478474604 0.2007386154  9.326778126 1745833662 1745833662
0.2243457471  0.140638496  9.619566503 0.1328540366 0.2416174736  9.580007602 1745833662 1745833662
0.2376980742 0.1701849559  9.624174567  0.156525077 0.2844354688  9.882936646 1745833662 1745833662
0.4317744413 0.2392661768  9.629547081  0.217030505 0.3253094967  10.19873062 1745833662 1745833662
0.3080033323 0.2126428302  9.655337944 0.2972674295 0.3574480979  10.49003509 1745833662 1745833662
0.1650089538 0.1334771773  9.685058582 0.3922342057 0.3783229224  10.72184265 1745833662 1745833662
0.4502201547 0.1711987038  9.701638867 0.4883019662 0.3858027733  10.85757245 1745833663 1745833663
0.3095296134 0.1571334232   9.73206686 0.5656724717 0.3756579377  10.88918782 1745833663 1745833663
0.2105731792  0.143048014  9.755700849 0.6133532132 0.3478605785   10.8034447 1745833663 1745833663
 0.445652516 0.1977785734  9.762311632 0.6136292839 0.3026855473  10.59757862 1745833663 1745833663
0.3218815876 0.1960918686   9.77704503 0.5742770231 0.2455772481  10.30828922 1745833663 1745833663
0.2116465452 0.1313567479  9.785979858  0.490193214 0.1837669035  9.956212067 1745833663 1745833663
0.3838014053 0.1469699023  9.781688919 0.3574563632  0.119547016  9.570317606 1745833663 1745833663
0.2900769216 0.1588598595  9.783822211  0.2075269052 0.06271561227   9.208281902 1745833663 1745833663
0.2144990169 0.1126696056  9.784939264 0.04582032275 0.02224561299   8.903774326 1745833663 1745833663
0.2852507149 0.1203408154  9.782164254    -0.116287643 -0.002101239361     8.689690352 1745833663 1745833663
0.2449710614  0.150267256  9.783221119   -0.2509466856 -0.006351220889     8.600076423 1745833663 1745833663
0.2273865799  0.107547963  9.785976035 -0.3493373219 0.01242235311   8.646662476 1745833663 1745833663
 0.2061994186 0.09604089925    9.78938174 -0.3996483812 0.04501402159    8.82836544 1745833663 1745833663
0.2354231316 0.1285062867  9.791499495 -0.3996332169 0.08494007258   9.126057815 1745833663 1745833663
 0.2631716791 0.09323957257   9.793679296 -0.3478240906  0.1288387823   9.507969405 1745833663 1745833663
 0.1498380051 0.06116328763   9.796966935 -0.244139703 0.1634692143  9.930688792 1745833663 1745833663
 0.2435338521 0.09173776918   9.792386656 -0.1188487717  0.1792790253   10.32912626 1745833663 1745833663
 0.2966517982 0.06977565022   9.784309742 0.02350785914  0.1762420456   10.65392404 1745833663 1745833663
 0.1052279948 0.02835308568   9.776312556 0.1727623203 0.1492015112   10.8617985 1745833663 1745833663
0.2249465335 0.0785502449  9.755941846  0.2845197915 0.09616679777   10.89314115 1745833663 1745833663
 0.2939016827 0.08132560437   9.730133461  0.3587939451 0.02846360379   10.74340927 1745833663 1745833663
0.04094970412 0.02561863806    9.70587519 0.3880460435 -0.047405196  10.42817155 1745833663 1745833663
 0.1874225651 0.08153572973   9.671735178  0.3507026242 -0.1228968802    9.94726532 1745833663 1745833663
 0.1643257628 0.05724512361   9.639610631  0.2612254711 -0.1834540062   9.375587619 1745833663 1745833663
 -0.0688324036 -0.01267380676    9.610654939  0.1251623551 -0.2215203708   8.779195821 1745833663 1745833663
 0.0726302276 0.03168301455   9.585839501 -0.03088872394   -0.225265231    8.224473245 1745833663 1745833663
0.0554263806 0.1186610446  9.568660981 -0.1898138669 -0.1907741938   7.799011461 1745833663 1745833663
-0.1284844588 0.09134785223   9.561442003 -0.3295307735 -0.1233478267   7.562263628 1745833663 1745833663
0.03975827413  0.2728287534   9.562162237  -0.4127408171 -0.02049771023    7.562723484 1745833663 1745833663
0.1002783794 0.3888655937  9.570418299 -0.4382826104 0.09890794774   7.807287797 1745833664 1745833664
0.0416359404 0.3880020578  9.590865575 -0.4000732642  0.2199973877     8.2722763 1745833664 1745833664
0.1915102362  0.274376553  9.617355379 -0.2944993131  0.3295351422   8.911085231 1745833664 1745833664
 0.1569149679 0.09969464272   9.646995236 -0.1423106173    0.41789622    9.63618799 1745833664 1745833664
   0.1913593422 0.0004551879066     9.670712754 0.04233624364  0.4773509025   10.35945757 1745833664 1745833664
0.3339131893 0.1872336381  9.684572784 0.2361718909  0.502240269  10.98524501 1745833664 1745833664
0.2670739832 0.3546987594   9.69551483 0.4158288536  0.489752449   11.4368888 1745833664 1745833664
0.1640401873 0.3789887691  9.703640292 0.5633068153 0.4455205844  11.66231098 1745833664 1745833664
0.2528606305 0.2115196531  9.706837757 0.6643481822 0.3791035049  11.63255412 1745833664 1745833664
 0.1083918485 0.06805437913   9.705607764 0.7110518875 0.3002910728  11.37209921 1745833664 1745833664
 0.03645364176 -0.03628071163    9.695522565  0.702768674 0.2194853284  10.91537266 1745833664 1745833664
0.2143041057 0.1300057159   9.67814333 0.6476789879 0.1506376946  10.32280245 1745833664 1745833664
0.1516844632 0.2757112691  9.659723764   0.552219837 0.09945688463   9.698344766 1745833664 1745833664
0.03322014665  0.2904441729   9.642490383  0.4303534834 0.06892300593     9.1182401 1745833664 1745833664
0.1696849164 0.1803157533  9.624913119   0.304551678 0.05970534492   8.647676266 1745833664 1745833664
 0.1233586185 0.09683755588   9.607285433  0.1795612693 0.07166719953   8.356265383 1745833664 1745833664
-0.007733562337  -0.01865672462     9.588423685 0.06961436255  0.0997780474   8.267982147 1745833664 1745833664
0.1725771793 0.1217680029  9.565764827 -0.002477572945    0.1477248191     8.385200401 1745833664 1745833664
0.2870474119 0.1976416997  9.542023798 -0.04212787114   0.1987295956    8.684764907 1745833664 1745833664
 0.256073482 0.1809316319  9.525637469 -0.04886330015   0.2455655135    9.115491486 1745833664 1745833664
0.2459972071 0.1728607663  9.512552988 -0.01779465537   0.2855569282    9.618134042 1745833664 1745833664
0.3269541035 0.1995031466  9.502311625 0.04846715085  0.3148015651   10.12967004 1745833664 1745833664
0.2124726803 0.1185168811  9.507630075 0.1379591877  0.327323243  10.57848553 1745833664 1745833664
0.2340903734 0.1753471452   9.51587338  0.248017289 0.3272293427  10.92744498 1745833664 1745833664
0.4412592505 0.2335979514  9.525523416 0.3675640882  0.310895461   11.1459877 1745833664 1745833664
0.3970528055 0.1661972022  9.554095164 0.4834302857  0.280006965   11.2068244 1745833664 1745833664
0.3932469162 0.1908793687   9.58312834 0.5885279191 0.2394999901  11.13022055 1745833664 1745833664
0.5415327587 0.2333501472  9.604848802 0.6741325316 0.1903185365   10.9458974 1745833664 1745833664
 0.481837298 0.2003896205  9.635460411 0.7352641315 0.1373616544  10.67970536 1745833664 1745833664
0.4264955929 0.1904925856  9.658548234  0.7683957637 0.08538658423    10.3827161 1745833664 1745833664
0.5367685811 0.1849784079  9.664926582  0.7714991302 0.03655714016   10.10341078 1745833665 1745833665
0.4761438513 0.1956339778  9.670490587     0.750403778 -0.004863466102      9.86472225 1745833665 1745833665
0.3694461155 0.1876857615  9.669636384    0.709622193 -0.03594719481    9.694317615 1745833665 1745833665
0.4374555049 0.1170218873  9.656207622  0.6522208647 -0.0532061239   9.611487562 1745833665 1745833665
 0.421703334 0.1488511212  9.641885876    0.590303708 -0.05893491047    9.601783354 1745833665 1745833665
0.3240547172  0.146944819  9.631666242     0.53223075 -0.05231467234    9.648298783 1745833665 1745833665
 0.3423572254 0.04324692882   9.621635597   0.4803343915 -0.03302573196    9.736224965 1745833665 1745833665
0.3719969925 0.1217066364  9.615108594    0.4414455893 -0.007550826388       9.8343414 1745833665 1745833665
0.2939289221 0.1528995077  9.618964575  0.4203094377 0.02409453788   9.911303666 1745833665 1745833665
0.2801865875 0.0486894499  9.627610145  0.4124460411 0.05955153841   9.956016199 1745833665 1745833665
0.3268825801 0.1346557369   9.63593959  0.4147715345 0.09358788909   9.958605708 1745833665 1745833665
0.2768580695 0.1797021712  9.648027289 0.4239371306 0.1264123322  9.915996913 1745833665 1745833665
 0.2699710346 0.07961083359   9.658505636 0.4313451967 0.1568242274  9.844558636 1745833665 1745833665
0.3308334221 0.1632717057   9.65976927  0.431275138 0.1836928347  9.762180084 1745833665 1745833665
0.2988476776 0.2020836465  9.658163887 0.4202049061 0.2083569224  9.688438257 1745833665 1745833665
0.2742508209 0.1220128942  9.652064628 0.3958390866 0.2314367012   9.64451789 1745833665 1745833665
0.3254369088 0.2039440298   9.63571397 0.3598521354 0.2536456087  9.643522043 1745833665 1745833665
0.2730613914 0.2472269392  9.619706566 0.3170998726 0.2746801436  9.687236848 1745833665 1745833665
0.2548080399 0.1482940112  9.604789226  0.274036924 0.2935493887  9.770170928 1745833665 1745833665
0.3136447397  0.247982144  9.585076774  0.238303371 0.3091656569  9.876788069 1745833665 1745833665
0.2739778657 0.2790583151  9.573001363 0.2173492728 0.3190567429  9.979979204 1745833665 1745833665
0.2497525179 0.1418584866  9.568922422 0.2163541423  0.320088582  10.05555949 1745833665 1745833665
 0.320409856 0.2532234204  9.561786636 0.2379761047 0.3124881048  10.08312055 1745833665 1745833665
 0.294866344 0.2595130252  9.564296195 0.2809445137 0.2937412174  10.04046519 1745833665 1745833665
0.2627077433 0.1211177743  9.573374559 0.3409878603 0.2628599193  9.925083656 1745833665 1745833665
0.2892508437 0.1150276393  9.580204688 0.4115169134 0.2248608569  9.748431033 1745833665 1745833665
0.3198733387 0.1547312361  9.586853842  0.483423815 0.1824950123  9.530657885 1745833665 1745833665
0.3170370637 0.1131117259  9.595057997 0.5470150609 0.1380897946  9.302679117 1745833665 1745833665
0.3620463408 0.1146808082  9.599315287  0.5955631934 0.09821966053   9.103258753 1745833665 1745833665
0.3266210397 0.1340783015   9.60388926  0.6211274186 0.06673608231   8.966340862 1745833665 1745833665
0.3133532864 0.1072901335  9.605583947  0.6230490019 0.04516549113   8.919007169 1745833666 1745833666
 0.3417256403 0.08953935798   9.603008067  0.6021476908 0.03576594445   8.973589288 1745833666 1745833666
0.3157031526 0.1393927382  9.598925657  0.5597203618 0.03883875683    9.12504373 1745833666 1745833666
 0.379116151 0.1377979392  9.589946987  0.5033455587 0.04952486252   9.350155096 1745833666 1745833666
0.4394322055 0.1254417583  9.578920523  0.4370598282 0.06460938545   9.612471944 1745833666 1745833666
0.3500432963 0.1467802847   9.57237126 0.3636720188 0.0804966146   9.86697249 1745833666 1745833666
0.4347323337 0.1673849696  9.558149495  0.2951862925 0.09250545971   10.07033941 1745833666 1745833666
0.5111554933   0.16159347  9.544638772  0.2327160783 0.09750373052   10.18638521 1745833666 1745833666
 0.375795173 0.1491770702  9.543121871  0.1748863724 0.09518977211   10.19360216 1745833666 1745833666
0.4301219995 0.1719947521  9.535495883  0.1360946804 0.08841263471   10.09719692 1745833666 1745833666
0.5038796061  0.185063303  9.530808233   0.115877214 0.08020514994     9.9182397 1745833666 1745833666
0.3345905868 0.1441426981  9.542910904 0.1090696695  0.073854611  9.695151941 1745833666 1745833666
0.3824216426 0.1583527581  9.549761266  0.1347378372 0.07851367443    9.48545388 1745833666 1745833666
0.4562373263 0.1825975001  9.559469331  0.1889575167 0.09749302866   9.340653361 1745833666 1745833666
0.2545142338 0.1070229908  9.585134819 0.2616118674 0.1291710387  9.306148598 1745833666 1745833666
0.3395652557 0.1137569148  9.602045121 0.3707527309 0.1797479563   9.40992968 1745833666 1745833666
0.4449633048 0.1371869865  9.618637901 0.5005988416 0.2431187723   9.65367704 1745833666 1745833666
0.2005443451 0.1093710746  9.649171948 0.6328708437 0.3107871258  10.02094378 1745833666 1745833666
0.208044924 0.163152609 9.670581201 0.7714402004 0.3780533169  10.45597257 1745833666 1745833666
0.4871343918  0.273233418  9.680595709 0.8967917549 0.4343403911  10.89126941 1745833666 1745833666
0.3026965593 0.2307288779  9.711887455  0.987386293 0.4687442134  11.28016414 1745833666 1745833666
0.07936891736  0.1010981944    9.74120207  1.037311579 0.4789988368  11.54893034 1745833666 1745833666
0.4590506305 0.1461685462  9.752636275    1.0266619 0.4618168625  11.62332012 1745833666 1745833666
0.2546176106 0.1452911495  9.781835576 0.9639424977 0.4184287541  11.52504123 1745833666 1745833666
0.07411367331  0.1122392697   9.805454683 0.8435691238 0.3549705905  11.23737852 1745833666 1745833666
0.3673762514 0.1968692672  9.815244344 0.6534962553 0.2744190198  10.77276473 1745833666 1745833666
0.2061237398 0.2324031578  9.833585421 0.4390311371 0.1921894018  10.22366454 1745833666 1745833666
0.08422031161  0.1877634837   9.846674371 0.2001556368 0.1203062474  9.637369793 1745833666 1745833666
0.2918217053 0.2138071041   9.84788404 -0.06069560051  0.05993513869    9.071245451 1745833666 1745833666
0.1976749143   0.24291821  9.850279749 -0.2890965161 0.02226101911   8.611506091 1745833666 1745833666
0.1406761249 0.1740454116  9.848379686 -0.4846864541 0.01442817637   8.290230811 1745833666 1745833666
0.2262501512 0.1546452276  9.837879641 -0.6399567244 0.02545338215   8.127055905 1745833667 1745833667
0.2069930345 0.1732410894  9.824355929 -0.7307182679 0.05268794326   8.130840139 1745833667 1745833667
0.2100018918 0.1140219952  9.807947829 -0.7623647268 0.09437319527   8.277847569 1745833667 1745833667
 0.1728145677 0.07069545194   9.789502771 -0.7348896229  0.1342219564   8.534890956 1745833667 1745833667
  0.218427172 0.08744876919    9.76802972 -0.6639589271  0.1628525448   8.856439605 1745833667 1745833667
 0.2530182935 0.04313946667   9.747933353 -0.5562551616  0.1788253958   9.203020519 1745833667 1745833667
   0.134584805 0.002837474292     9.73337366 -0.4200456023  0.1736496346   9.540258616 1745833667 1745833667
 0.2283796764 0.03309746373   9.718439021 -0.2818066529  0.1459351055   9.834561982 1745833667 1745833667
 0.3076033819 0.01744539884   9.707745374 -0.1429821748  0.1024800338   10.07559769 1745833667 1745833667
   0.1557614384 -0.008918331181     9.707252355 -0.007175762958   0.04772107151     10.26070597 1745833667 1745833667
 0.2752506905 0.03474693252   9.703737791   0.1090337651 -0.01144908462    10.38398402 1745833667 1745833667
0.3354948448 0.0337941919  9.702478146   0.2100572305 -0.06461230311    10.45553364 1745833667 1745833667
 0.1580166585 0.01201348841   9.706766932  0.2964347045 -0.1054646834   10.48268065 1745833667 1745833667
 0.2849091137 0.06871835034   9.700138551  0.3586424302 -0.1299613495   10.45797043 1745833667 1745833667
0.365862727 0.105479578  9.68862041  0.4008836289 -0.1342102509   10.38610246 1745833667 1745833667
0.1613421172 0.0875584856  9.680189444  0.4232846307 -0.1190236049   10.26916973 1745833667 1745833667
0.2850642287 0.1462870354   9.65728589   0.4194637003 -0.08795189406     10.0923084 1745833667 1745833667
0.3656735282 0.1790443613  9.631324888   0.3927168472 -0.04452760108    9.865471241 1745833667 1745833667
0.1446105449 0.1478590094  9.614496252   0.3417108365 0.004987535746    9.601326528 1745833667 1745833667
0.2743137935 0.1787426901   9.59068125  0.2750959803 0.05724323257   9.307841391 1745833667 1745833667
0.2176688804 0.1934315755  9.577282478  0.195222985 0.1080564204  9.018583863 1745833667 1745833667
0.0384035041 0.1267579957  9.574500341 0.1110335684 0.1535110533  8.762909863 1745833667 1745833667
0.1263790114 0.1795994969  9.576020758 0.04251589941  0.1969460459   8.577395142 1745833667 1745833667
0.1351412271 0.2357357658  9.586909222 -0.007320919451     0.235586583     8.491353352 1745833667 1745833667
0.0882090606 0.2115819733  9.607599322 -0.03012482725   0.2677961566    8.524510251 1745833667 1745833667
0.2037505121 0.2373770872   9.62928257 -0.01896714618   0.2954529318    8.684924182 1745833667 1745833667
0.2114104784 0.2266732926  9.654274905 0.0200856127 0.3166628038  8.957255977 1745833667 1745833667
0.2002647323 0.1932061053   9.67725698 0.08281052759  0.3307261713   9.314624721 1745833667 1745833667
0.3196406736 0.1691625224  9.690342255 0.1594100396 0.3362461774  9.715309251 1745833667 1745833667
0.2499615361 0.1393387813   9.70018601 0.2388945637 0.3317398994   10.1131403 1745833668 1745833668
 0.2055418726 0.09696126571   9.699567048 0.3099937831 0.3158730769  10.46014052 1745833668 1745833668
 0.311494796 0.1008184064  9.685598389 0.3621133302 0.2889703311  10.71181749 1745833668 1745833668
0.1689257643 0.1217923104  9.670969744 0.3910105441 0.2519356775  10.84942213 1745833668 1745833668
0.06510527431 0.09782245243   9.651106226 0.3929925435 0.2075931253  10.85449586 1745833668 1745833668
0.1824231812 0.1029641161  9.628770097 0.3723885722 0.1602721965  10.72773247 1745833668 1745833668
0.07344677008  0.1007847929   9.614240984 0.3342826078 0.1143530544  10.50093441 1745833668 1745833668
-0.02100250634  0.07409957255    9.607012246   0.289251339 0.07481281956   10.20215618 1745833668 1745833668
0.1287621253 0.1291583155  9.608298015  0.2514743504 0.04758273618   9.872098263 1745833668 1745833668
0.1021535419 0.1429313893  9.621926659  0.2238197098 0.03384136865   9.556713721 1745833668 1745833668
0.02457831122  0.1138195958   9.645469674  0.2132306875 0.03473688762   9.291327087 1745833668 1745833668
0.1624002303 0.1439838189  9.671982724  0.2242865496 0.05088881668   9.103367397 1745833668 1745833668
0.1372698949  0.151726526  9.701141668  0.2482521182 0.07850461689   9.006424545 1745833668 1745833668
0.05611715914  0.1049903897   9.726432247 0.2800774662 0.1132664494  9.002154447 1745833668 1745833668
 0.170665088 0.1400318077  9.738089759 0.3140929916 0.1522764972  9.077115767 1745833668 1745833668
0.1447271411 0.1549250315  9.737124315 0.3383064911 0.1894404531  9.215639327 1745833668 1745833668
0.05587517476 0.09368853393   9.721069045 0.3468050941 0.2194367132  9.394680406 1745833668 1745833668
0.1228442556 0.1457315499  9.686242911 0.3400047564 0.2417404216   9.58372297 1745833668 1745833668
0.2133759361 0.1949144068   9.63811809 0.3172152253 0.2528833251    9.7639014 1745833668 1745833668
 0.198007237 0.1596479974  9.587486182 0.2795296298 0.2497863112  9.921097301 1745833668 1745833668
 0.230468969 0.1970203903  9.536128022 0.2383913408 0.2373977924  10.03981328 1745833668 1745833668
0.3585933615 0.2597974418  9.489914948 0.2053824434 0.2171351676  10.11635319 1745833668 1745833668
0.2925412378 0.1589006697  9.468770982 0.1806064942 0.1859368778  10.15134593 1745833668 1745833668
0.3691656015 0.2110182659  9.457559377 0.1819624155 0.1579078781  10.15681894 1745833668 1745833668
0.5752457623 0.3355266694  9.453976102 0.2099990361 0.1322377523  10.15100834 1745833668 1745833668
0.4523458902 0.2430396687  9.488326792 0.2547545609 0.1055885467  10.12412204 1745833668 1745833668
0.3880600499 0.2315765746  9.525646722  0.3176170558 0.08771595948   10.10753627 1745833668 1745833668
 0.509774891 0.2545736349  9.557109072  0.3850930358 0.07506460796   10.12165486 1745833668 1745833668
0.4427092689 0.2709623871  9.596166306  0.4485317273 0.07016926173   10.14338245 1745833668 1745833668
0.3282660352 0.2631364695   9.63166507  0.4997487531 0.07212868084   10.17878619 1745833668 1745833668
 0.432934993 0.1450989806  9.652976528  0.5258102164 0.07971289709    10.2392652 1745833669 1745833669
0.4827296812 0.1915124351    9.6641714  0.5338497043 0.09023295191   10.29321745 1745833669 1745833669
0.3975221417 0.1964715954  9.673997349 0.5319738043 0.1073965433   10.3218681 1745833669 1745833669
 0.4232054906 0.04802022348   9.673539667 0.5197839001 0.1312402245  10.33182598 1745833669 1745833669
 0.4640469896 0.08543467649   9.664374566 0.5089108178 0.1533762375  10.31025409 1745833669 1745833669
 0.3848972409 0.09570140128   9.656725482 0.5098305916 0.1768319725  10.24931383 1745833669 1745833669
   0.350417275 -0.02645203852    9.645409032 0.5215342266 0.1994422064  10.16325334 1745833669 1745833669
 0.4078716251 0.07886127266   9.629774047 0.5436692157 0.2158467539  10.06190107 1745833669 1745833669
0.3480441468 0.1284375404  9.620449345 0.5760529378 0.2294872431  9.949895341 1745833669 1745833669
  0.3067718236 0.007452853016    9.615279506 0.6088012728 0.2387257329  9.846834459 1745833669 1745833669
0.3618969794 0.1362143432  9.610029753 0.6332699023 0.2411076963  9.765564307 1745833669 1745833669
0.3185467692 0.1919558321  9.614010483 0.6426386299 0.2375082832  9.710618988 1745833669 1745833669
 0.2499027103 0.07124692023   9.626692054 0.6297280627 0.2273443472  9.689342252 1745833669 1745833669
0.3114117408 0.1910122065  9.636691794 0.5925174967 0.2126479992  9.701229196 1745833669 1745833669
0.2477893609 0.2483961887  9.652868761 0.5320272134 0.1936648888   9.73772114 1745833669 1745833669
0.2096527581 0.1309609387  9.670918725  0.454148097 0.1708629989  9.789747754 1745833669 1745833669
0.2723872265 0.2129652267  9.678568365  0.368805312 0.1485492348  9.841115678 1745833669 1745833669
0.2326516096 0.2463796266   9.68216218 0.2849389059 0.1271424313  9.877905721 1745833669 1745833669
 0.208349716 0.1588350019  9.678285433 0.2141839544 0.1079873441  9.884297586 1745833669 1745833669
0.2626411415 0.1801685977   9.65980299  0.1659887721 0.09449569021   9.847562219 1745833669 1745833669
 0.258002492 0.2142259017   9.63268194  0.1446439619 0.08719041186   9.762397072 1745833669 1745833669
0.2461375343   0.17354023  9.599944384  0.1521299574 0.08597137994   9.628532214 1745833669 1745833669
0.2709315223 0.1717888417  9.561953874  0.1860922794 0.09190596794   9.456496221 1745833669 1745833669
0.2834162281 0.2134218963  9.524614946 0.2400637592 0.1044870246   9.26523283 1745833669 1745833669
0.2891227694 0.1871383671  9.494984777 0.3060349615 0.1210340917  9.080140816 1745833669 1745833669
0.3029088051   0.17949115  9.475190649 0.3755495004 0.1412003842   8.93281942 1745833669 1745833669
0.3161670743 0.2137591769  9.468183979 0.4407915366 0.1645075762  8.853045384 1745833669 1745833669
0.3595400614 0.1690804772  9.476694828 0.4971497848 0.1858870265  8.864194264 1745833669 1745833669
0.4011464471 0.1531823742  9.498725338 0.5405658019  0.206295541  8.978437961 1745833669 1745833669
0.3499674786 0.1913921754  9.534894063  0.567230294 0.2250750777   9.19200811 1745833669 1745833669
0.4509839645 0.1717692643  9.572683617 0.5838006474  0.237485745  9.492056705 1745833670 1745833670
0.5330154423 0.1428928161  9.611764097  0.586663144 0.2433220333   9.84271647 1745833670 1745833670
0.4145713126 0.1187276977  9.656063313 0.5740192425 0.2412662935  10.20435434 1745833670 1745833670
0.4493632611 0.1531482205   9.68246812 0.5550238661 0.2307476404  10.52567495 1745833670 1745833670
0.5092445652 0.1478982994  9.694841934  0.527559412 0.2083861208  10.75763783 1745833670 1745833670
 0.3695657263 0.07812137916   9.702538997 0.4907835844 0.1746669962  10.86547593 1745833670 1745833670
 0.3620742721 0.08841881579   9.689189675 0.4464164029 0.1321144339  10.81210377 1745833670 1745833670
 0.4214251607 0.09622299919   9.661511458  0.3929333701 0.08217117839   10.59379617 1745833670 1745833670
  0.293814262 0.05576573067   9.633516186  0.3292076094 0.02982920432   10.23454805 1745833670 1745833670
 0.3222987682 0.08079895328   9.596085724   0.2583666935 -0.01845264744    9.770774783 1745833670 1745833670
0.3820554999 0.1048548643  9.558652859   0.1852566493 -0.05610674385    9.270955218 1745833670 1745833670
 0.2455184497 0.06199751199   9.534076771   0.1125567521 -0.07765631222    8.810655303 1745833670 1745833670
 0.3019615455 0.07754345775   9.511873673  0.05881207417 -0.07489033532    8.471308302 1745833670 1745833670
0.3667456371 0.1037478773  9.500245817  0.03197629238 -0.04465275347     8.31957627 1745833670 1745833670
0.1750681287 0.0982191541  9.509375193 0.03096300152 0.01178824871   8.394241535 1745833670 1745833670
0.2107820096 0.1276313381  9.524894033 0.08142704666 0.09366276896   8.715618341 1745833670 1745833670
0.3878757888  0.194259037  9.547062115 0.1805767318 0.1942109632   9.25439763 1745833670 1745833670
0.1824930626 0.1758294665  9.592909021 0.3030776111 0.2988560226  9.948944572 1745833670 1745833670
0.1092236631 0.1604972834  9.641465849  0.457296357 0.3994590782  10.71576204 1745833670 1745833670
 0.424687658 0.2299373803  9.682843944 0.6251088606 0.4851366548  11.44296302 1745833670 1745833670
0.2472967467 0.2029067765  9.741289714 0.7759728711 0.5417965997  12.04925808 1745833670 1745833670
0.1929136831 0.1906962949  9.790423612 0.8991527224 0.5644576558  12.43658917 1745833670 1745833670
0.5263242374 0.2858117882  9.815767344 0.9661769533 0.5469714111  12.53551726 1745833670 1745833670
0.3740860804 0.2760280256  9.852350179 0.9876417026 0.4953532873  12.36266234 1745833670 1745833670
0.1587997743 0.1391629649  9.878515342 0.9511530286 0.4200653588  11.92307632 1745833670 1745833670
0.4368615519 0.1572090616  9.875867011 0.8299781397 0.3201527802  11.24968687 1745833670 1745833670
0.2737942535 0.1872518874  9.877637727 0.6732494775 0.2146266088  10.46298975 1745833670 1745833670
 0.166236152 0.1716353357  9.870114834 0.4696918377 0.1191409656   9.64242241 1745833670 1745833670
 0.315430837 0.1898884743  9.852646355  0.2245802929 0.04085052501   8.879466889 1745833670 1745833670
0.2343089449 0.2075213726  9.840824246  -0.01831911222 -0.008660680078     8.272138499 1745833670 1745833670
0.1767930091 0.1379539414  9.831436553  -0.2522675872 -0.02254332506    7.870869013 1745833670 1745833670
 0.2620728386 0.09513538358    9.82105989   -0.4650337649 -0.008522911732     7.699009016 1745833671 1745833671
 0.244215214 0.1187035632  9.814747431 -0.6279790706 0.02667252102   7.756733777 1745833671 1745833671
 0.2408839026 0.07602266937    9.80981863 -0.7360107702 0.08004381288   8.007069411 1745833671 1745833671
 0.2200920515 0.03943419683   9.804261829 -0.7814448945  0.1356131204   8.395779324 1745833671 1745833671
 0.2774528173 0.06987088246   9.793708604 -0.7699618592  0.1804919351   8.855091337 1745833671 1745833671
 0.3166237105 0.04849426409   9.779832103 -0.7014848093  0.2118463784   9.323065888 1745833671 1745833671
 0.1770129499 0.01608964399    9.76653153 -0.5785468021  0.2198512449   9.748776087 1745833671 1745833671
 0.2698484401 0.07335448271   9.743964408 -0.4346164357  0.1989024697   10.08179231 1745833671 1745833671
 0.3303277136 0.07578621232    9.72045178 -0.2707214172   0.157851931   10.30977023 1745833671 1745833671
0.1065901124  0.047255228  9.704909425 -0.0961793693  0.1000460153   10.43629762 1745833671 1745833671
0.2313724316 0.1048633565   9.68469054 0.06192813959 0.03231364062   10.46039471 1745833671 1745833671
0.2831358403 0.1136129762  9.670514768   0.2054008822 -0.03253739852    10.41506999 1745833671 1745833671
 0.0761880399 0.08112452174   9.667664827   0.3262297202 -0.08651571567    10.32737166 1745833671 1745833671
0.2004691473 0.1311009426  9.663662156  0.4215993785 -0.1217016899   10.21456777 1745833671 1745833671
0.2918878405 0.1744800125  9.662969984  0.4897619991 -0.1336601431   10.09797634 1745833671 1745833671
0.1349536411 0.1529222942  9.671064652  0.5274728183 -0.1225913822   9.986271435 1745833671 1745833671
0.2744701636 0.1799668873  9.671538757   0.5381694787 -0.09069814875     9.87652942 1745833671 1745833671
0.3862233702 0.1957089611  9.668843287  0.5191347604 -0.0441660465   9.764261839 1745833671 1745833671
0.2084497823 0.1484829874   9.67265227   0.4716065178 0.009695209579    9.645480206 1745833671 1745833671
0.3531101199  0.151552241  9.661426867 0.3996961497 0.0641292476  9.509183232 1745833671 1745833671
0.3351572318 0.1179544293  9.651511823 0.3080616073 0.1129716658   9.36274596 1745833671 1745833671
0.1504333979 0.0355197382  9.643064236 0.2041995512 0.1516307207  9.216211697 1745833671 1745833671
 0.2655502912 0.04995514175   9.625958406 0.09710014699  0.1791714813   9.076420578 1745833671 1745833671
 0.1901966003 0.09604017481   9.614206466 -0.002798327344    0.1962120032     8.972322137 1745833671 1745833671
0.06732312816 0.07660235811   9.606261922 -0.08492735925   0.2045038488    8.921862022 1745833671 1745833671
0.2009417356 0.1542930281  9.598718557 -0.1370110202  0.2093086755   8.938337879 1745833671 1745833671
0.1682157741 0.1930733341   9.59987269 -0.1548993991  0.2131114506   9.035853806 1745833671 1745833671
  0.08819064 0.1683740508  9.608800901 -0.1346475157  0.2184886964   9.210146882 1745833671 1745833671
 0.217300355 0.1700474095  9.619746692 -0.0750426806  0.2281059486   9.445583576 1745833671 1745833671
0.1275107136 0.1364333369  9.639341842 0.01270490709  0.2412984001   9.715528172 1745833672 1745833672
 0.0534469897 0.09443411052   9.660638971 0.1206870994 0.2568741718  9.984582474 1745833672 1745833672
 0.186226106 0.1776649242  9.678342034 0.2369522581 0.2734018231  10.21261972 1745833672 1745833672
0.09810586783  0.2292199028   9.696946143 0.3437781215 0.2859960243  10.36773591 1745833672 1745833672
-0.007049035009    0.2176802722     9.711321047 0.4298395861 0.2913784703  10.42458299 1745833672 1745833672
0.1230972323 0.2116744324  9.717067718 0.4870561321 0.2879671433  10.36594422 1745833672 1745833672
0.02667023973  0.1935948062   9.715492952 0.5052374397 0.2742708465  10.20812016 1745833672 1745833672
-0.06072019472     0.14145297    9.703597717 0.4847474993 0.2505984513  9.968030265 1745833672 1745833672
0.1213246221 0.2050167853  9.679788917   0.43446416 0.2229960153  9.672142063 1745833672 1745833672
0.07887438838  0.2489350213    9.64962642 0.3538991003  0.191890203  9.379629332 1745833672 1745833672
-0.008055697431    0.2015277801      9.61740489 0.2570011491 0.1598355269  9.127761334 1745833672 1745833672
0.1661183839  0.202427244  9.582535932 0.1670246437 0.1353762267  8.950187793 1745833672 1745833672
0.1982461342 0.1877178472  9.553539112 0.08666920881   0.119991151   8.884646183 1745833672 1745833672
0.1110182151 0.0964743023   9.53618208 0.02913939213  0.1146320091   8.940613711 1745833672 1745833672
0.2517967127 0.1668202191   9.52332745 0.01467831364  0.1273420886   9.118271559 1745833672 1745833672
0.4069244515 0.2008867375  9.519518158 0.04054467168  0.1506837368   9.398510792 1745833672 1745833672
0.3829635373  0.169935937  9.533372236 0.1015425234 0.1819260462  9.742157786 1745833672 1745833672
0.3677054388 0.1854031513  9.553158604 0.1965853548 0.2200031777  10.11066181 1745833672 1745833672
 0.443938065 0.2128847717  9.572453926 0.3155355469 0.2586667581  10.46156196 1745833672 1745833672
0.3213364996 0.1474747072  9.601644722 0.4420318373 0.2914298952  10.74153035 1745833672 1745833672
0.3371501801 0.1704855537  9.620596782 0.5638799372 0.3169701715  10.93016121 1745833672 1745833672
0.4521291932 0.2326111072   9.62896753 0.6661453934 0.3301455662  11.00606264 1745833672 1745833672
0.3582360569 0.1767481291  9.641696467 0.7373191772 0.3281123628  10.95575827 1745833672 1745833672
0.2901035219 0.1895707446  9.644285153 0.770182141 0.312113213 10.80134325 1745833672 1745833672
 0.406148414 0.2082569053  9.633921483 0.7619657971 0.2820418379  10.57396368 1745833672 1745833672
0.3489119999 0.1918017036  9.625953003 0.7152098972 0.2401455519   10.2996071 1745833672 1745833672
 0.303383629 0.1784497859    9.6146021 0.6372133917 0.1895664853  10.02284918 1745833672 1745833672
0.4317977086  0.162008946  9.596656778 0.5384273024 0.1344264352  9.785052127 1745833672 1745833672
0.3872085659 0.1585295356  9.587427384   0.433448142 0.07862755536   9.604510707 1745833672 1745833672
0.2954282367 0.1422868701  9.583711445  0.3367609343 0.02542770575   9.501029615 1745833672 1745833672
 0.3853160151 0.09195650659   9.578946575   0.2581264257 -0.02148928511    9.487012401 1745833673 1745833673
0.3734914624 0.1330293406  9.582129716  0.2099818691 -0.0608787923   9.543579709 1745833673 1745833673
0.2679865774 0.1429236162  9.593740737   0.1984363754 -0.08987940392    9.650006587 1745833673 1745833673
 0.3177255274 0.03786238651   9.605561454  0.2184410845 -0.1059262534   9.790960654 1745833673 1745833673
0.3781684549 0.1206926255  9.617851077  0.2684489264 -0.1121983983   9.932441758 1745833673 1745833673
0.3084303642 0.1548964931  9.636178998  0.3441415051 -0.1052417328   10.04242884 1745833673 1745833673
 0.3124161628 0.03452992384   9.652855334   0.4296760066 -0.08431062109    10.11153791 1745833673 1745833673
0.3771616668 0.1187251996  9.662831279   0.5138766433 -0.05456495239    10.12886563 1745833673 1745833673
0.3238412142 0.1587836945  9.672655986   0.5884508087 -0.01244866714     10.0907314 1745833673 1745833673
 0.2827131072 0.04528294062    9.67773316  0.6402790176 0.04034056901   10.01375439 1745833673 1745833673
0.3286252977 0.1386923643  9.671449107  0.6618479901 0.09894315766   9.916781856 1745833673 1745833673
0.2773686597 0.1748382621   9.66224114 0.6518906566 0.1616756325  9.817241448 1745833673 1745833673
 0.2373004167 0.06802829424   9.649352219  0.610143006 0.2244229689  9.738165845 1745833673 1745833673
0.2877852081  0.165092829  9.628450813 0.541776784 0.282946684 9.695874698 1745833673 1745833673
0.2409027057 0.1974404728  9.610255212 0.4562870367 0.3328144155  9.693556011 1745833673 1745833673
 0.1953330834 0.07059380422   9.596303136 0.3639624989 0.3692632928  9.731145856 1745833673 1745833673
0.2741209714 0.2018161499  9.580156447 0.2764974627 0.3906102474  9.800238024 1745833673 1745833673
0.2342154681 0.2431171698  9.573855937 0.2043807885 0.3935399508  9.877284833 1745833673 1745833673
 0.1969608999 0.09718132672   9.577387402 0.1559885012 0.3758900467  9.942978494 1745833673 1745833673
0.2811914014 0.2051045052  9.579641685 0.1372060632 0.3423368145  9.977608518 1745833673 1745833673
0.2614684809 0.2199636439  9.590409527 0.1476847201 0.2928497152  9.960444678 1745833673 1745833673
 0.2389633603 0.09473660755   9.605958912 0.1851774745 0.2308331885  9.884026387 1745833673 1745833673
 0.2818477687 0.08660228471   9.617851431 0.2442374345 0.1645319355  9.749988625 1745833673 1745833673
0.2932816529 0.1366137984  9.627898831  0.3151882613 0.09955255064   9.569448077 1745833673 1745833673
0.2861160312 0.1124964667  9.635857137  0.3884115559 0.04018135096   9.363486715 1745833673 1745833673
0.3231988902 0.1158789526  9.637729624    0.4552565116 -0.006853365412     9.160364618 1745833673 1745833673
0.2832807988 0.1586865184  9.637036894   0.5059257623 -0.03699989462    8.990030911 1745833673 1745833673
0.2719874752 0.1344249448  9.632505969   0.5365086421 -0.04946818833    8.880932449 1745833673 1745833673
0.2916265044  0.120008941  9.623980453   0.5447039979 -0.04256447446    8.855816612 1745833673 1745833673
0.2763994687 0.1693798335  9.613844204   0.5301164487 -0.01658581011    8.926467672 1745833673 1745833673
0.3593584346 0.1464600031  9.601227649  0.4992433243 0.02227956268    9.09289116 1745833674 1745833674
0.4286257716 0.1348136959  9.589165217  0.4559041459 0.07071226875   9.339980574 1745833674 1745833674
0.3383069369 0.1640998911  9.584952954 0.4038701445 0.1234348206   9.63995105 1745833674 1745833674
0.4125134808 0.1800808221  9.577408468 0.3576340704 0.1731941819  9.960145806 1745833674 1745833674
 0.485431092 0.1720065675  9.573598931 0.3197079183 0.2140257849  10.25866093 1745833674 1745833674
 0.355094758 0.1490461768  9.583510628 0.2905256036 0.2413563813  10.49779432 1745833674 1745833674
0.3822870703 0.1706572867   9.59047524 0.2803651674 0.2534788329  10.64575688 1745833674 1745833674
0.4522251591 0.1796963579  9.600041446 0.2862710522 0.2480799496  10.68178556 1745833674 1745833674
0.3058899368 0.1323965899  9.623157528 0.3020979291 0.2264237564   10.6047493 1745833674 1745833674
0.3174130962 0.1482777329  9.641907186 0.3291004707 0.1940462522  10.42053977 1745833674 1745833674
0.3885107825 0.1636447703  9.659805552 0.3596223266 0.1549657824  10.15627335 1745833674 1745833674
0.2476511295 0.1104374744  9.685706698 0.3856705933 0.1160684272  9.855892066 1745833674 1745833674
0.2687650893 0.1337289994  9.703505793  0.4043865478 0.08564009576     9.5564832 1745833674 1745833674
 0.334000405 0.1577801428  9.716547554  0.4105049458 0.06898682391   9.306300018 1745833674 1745833674
 0.2104740774 0.08661062069   9.732230526  0.4020193641 0.07069089361   9.150864186 1745833674 1745833674
 0.2299629215 0.09404633971   9.738788764  0.3795819106 0.09323777948   9.110634182 1745833674 1745833674
0.2948018224 0.1061637295  9.740335354 0.3456475798 0.1344711382  9.200139597 1745833674 1745833674
0.1908346673 0.0982615609  9.744090122  0.307026633 0.1902077482  9.419096614 1745833674 1745833674
0.1665926434 0.1346664977  9.744642825 0.2677455699 0.2527611515  9.737329331 1745833674 1745833674
0.2540951355 0.1907919685  9.743774098 0.2317646204 0.3130078787  10.11490375 1745833674 1745833674
0.2066756525  0.187440346  9.750037557 0.2090390668 0.3628745723   10.5117274 1745833674 1745833674
0.1596896265 0.1470207853  9.760878844 0.1995659696 0.3949648746  10.87249872 1745833674 1745833674
0.2153925486  0.152733365   9.77330443 0.1991374322 0.3995324561  11.14505573 1745833674 1745833674
0.2031938213 0.1463892722  9.790595804 0.2106296391 0.3753400955  11.29851331 1745833674 1745833674
0.1660432931 0.1063467028  9.810082667 0.2266689144 0.3255593977  11.30891851 1745833674 1745833674
  0.16527088 0.1088259174  9.826890903 0.2370574973 0.2511582358  11.16780178 1745833674 1745833674
0.1833938651 0.1197173377  9.838715715 0.2346666842 0.1619264586  10.88859495 1745833674 1745833674
0.1920135787 0.1185988677  9.843440164  0.2138526564 0.07003369575   10.50042667 1745833674 1745833674
0.133398776 0.114132019 9.839926063  0.1722637809 -0.0140035794   10.04409245 1745833674 1745833674
0.1971041929  0.125700548  9.824052225    0.103217356 -0.07983716906    9.559345752 1745833674 1745833674
0.2124835542 0.1246152761  9.799786396 0.01650344809 -0.1190480012   9.097941026 1745833675 1745833675
0.1305031107 0.0914015037  9.770681913 -0.08008867259  -0.1275803589    8.701861455 1745833675 1745833675
0.2107043748 0.0983457716  9.734890364 -0.1768730983 -0.1055863948   8.401690282 1745833675 1745833675
0.2222319219 0.1100463826  9.700951931   -0.257524425 -0.05725753495    8.223844732 1745833675 1745833675
 0.1781723827 0.07258526778   9.673580167  -0.3092661979 0.009298983053    8.178259701 1745833675 1745833675
0.2417199952 0.1101504471  9.651568284 -0.3202387911 0.08442474045   8.263967835 1745833675 1745833675
0.2523383435 0.1540276722   9.64093664 -0.2860134028  0.1566729091   8.467018401 1745833675 1745833675
0.2174096384 0.1461313407  9.643162226 -0.2075340339  0.2156085214   8.764004152 1745833675 1745833675
 0.279614538 0.1355829398  9.652652363 -0.09314806928   0.2539597703    9.123520844 1745833675 1745833675
0.2500852041 0.1121818723  9.671364264 0.04327729931  0.2678225437   9.510102432 1745833675 1745833675
 0.2229433559 0.08590244508   9.692234269   0.18363254 0.2569008161   9.88620642 1745833675 1745833675
0.2771507648 0.1203917033  9.707777621 0.3071868878  0.224407772  10.21387015 1745833675 1745833675
0.2011612143 0.1622744334  9.718956551 0.3995388828 0.1773887471  10.46742406 1745833675 1745833675
0.1649505142 0.1724269213  9.718344799   0.44464854 0.1242402226  10.61921616 1745833675 1745833675
0.2626053047  0.171034405  9.702275403  0.4353234222 0.07453496917   10.65224535 1745833675 1745833675
0.2162517356 0.1664277341  9.677174807  0.3741025661 0.03668939797   10.56915891 1745833675 1745833675
0.1911476722 0.1371427071   9.64201795  0.2695143645 0.01751221054   10.37408172 1745833675 1745833675
0.3094449454 0.1853982857      9.59624  0.1443343652 0.02332761519   10.09329039 1745833675 1745833675
 0.231772903 0.2179524126  9.554884577 0.01562642167 0.05419315657   9.756850783 1745833675 1745833675
0.1711555274  0.207057515  9.517231496 -0.08372558837   0.1057460238    9.412479942 1745833675 1745833675
0.2511321629 0.2561283267   9.48277302 -0.1220760433  0.1736534386   9.123321658 1745833675 1745833675
0.3263166977 0.2255979598  9.460655483 -0.08789301467   0.2447373284    8.928468281 1745833675 1745833675
0.3489343391 0.1913878409  9.453235637 0.02195039933  0.3105881939   8.858530584 1745833675 1745833675
0.3802265804 0.1824637905  9.459425389 0.2013191112 0.3598501829  8.931134078 1745833675 1745833675
 0.5774144245 0.09985411563   9.472424741 0.4326448284 0.3816782292  9.143289525 1745833675 1745833675
0.6944258769 0.0573830052  9.499153336 0.6767865841 0.3743631724  9.447316923 1745833675 1745833675
   0.6532755776 -0.008120323802     9.544553182 0.9007194857 0.3354758364  9.801331314 1745833675 1745833675
   0.6760027239 -0.008244174508     9.587076739  1.078067808 0.2694084809  10.16374753 1745833675 1745833675
   0.6818883051 -0.006776110389     9.625537695  1.185443166 0.1819031127  10.48571495 1745833675 1745833675
  0.5901393233 -0.09981450975    9.658745868   1.213415625 0.08407680052   10.73174486 1745833675 1745833675
  0.4422150933 -0.08285387886    9.680095114    1.161955639 -0.01519814407    10.87254294 1745833676 1745833676
  0.3943085701 -0.05243187713    9.681988818   1.036046007 -0.1033634369   10.88706936 1745833676 1745833676
  0.3361510083 -0.03622881073    9.674682395  0.8550797804 -0.1685235001     10.779189 1745833676 1745833676
 0.2360898793 0.04378786972   9.665960512  0.6420466956 -0.2047849963    10.5651464 1745833676 1745833676
0.1965037216  0.115852662  9.660244059  0.4195246732 -0.2057084158   10.27155723 1745833676 1745833676
 0.181321137 0.1879029513  9.665112179  0.2132417537 -0.1702949473   9.940793872 1745833676 1745833676
0.1286208246 0.2802419486  9.683660191 0.04460402727 -0.1022336213   9.619361448 1745833676 1745833676
0.1021501843 0.3499676374  9.713841145  -0.07266586524 -0.007666524275      9.34962614 1745833676 1745833676
0.1134363775 0.4318617338  9.748267876 -0.1322436373  0.1047802444    9.16627026 1745833676 1745833676
0.1346689707 0.4940229455  9.778896583 -0.1368287112  0.2245725452   9.088894313 1745833676 1745833676
0.1525453094 0.5133056166  9.796588028 -0.09693974312   0.3406342127    9.119268278 1745833676 1745833676
0.1985596854 0.4882175938  9.791367216 -0.02794830686   0.4424412649    9.241854159 1745833676 1745833676
0.2193933609 0.4492321899  9.756121373 0.05252014961  0.5211562586   9.427501313 1745833676 1745833676
0.2448792585 0.3992234234  9.688523082 0.1278345944 0.5697163605  9.637650024 1745833676 1745833676
0.2902732421 0.3520898951  9.591281177 0.1852788843 0.5847792625  9.830855324 1745833676 1745833676
0.2099768533 0.3348277693  9.476230259 0.2166120793 0.5658234855   9.97222443 1745833676 1745833676
0.1665012556 0.2586637948  9.353806944 0.2199481731 0.5148246964  10.02990839 1745833676 1745833676
0.2131055661 0.1105901228  9.235503552  0.200800759 0.4371295089  9.989649567 1745833676 1745833676
   0.1914676446 -0.009140820993     9.134156953 0.1670588191 0.3411138725  9.856983286 1745833676 1745833676
  0.1886989736 -0.07953707131    9.058855656 0.1318642934 0.2364919399  9.651111952 1745833676 1745833676
  0.2209039061 -0.08211146286    9.016270549 0.1084387178 0.1332600468  9.405809507 1745833676 1745833676
  0.2254541136 -0.03475715844    9.009180574  0.1054076235 0.04081527225   9.159814468 1745833676 1745833676
  0.1918624482 -0.01208341916    9.034613882   0.1277345165 -0.03246868042    8.952135826 1745833676 1745833676
 0.2151323415 -0.0893053686   9.084338932   0.1780076991 -0.08215121946    8.818867344 1745833676 1745833676
  0.2532163834 -0.09964851554     9.15228645   0.249552959 -0.1025194514   8.780332658 1745833676 1745833676
   0.285937841 -0.07336076621    9.230537652   0.3312815204 -0.09477279466    8.840614162 1745833676 1745833676
  0.3110716364 -0.04730022937    9.310783347   0.4096926011 -0.06165544494    8.989191237 1745833676 1745833676
 0.3135653641 0.06843624907   9.386606223    0.4708249672 -0.008129710988     9.203922553 1745833676 1745833676
0.2979684614  0.134894298   9.45255147  0.5029363574 0.05610558016   9.452824029 1745833676 1745833676
 0.3237987354 0.09255371301   9.505400483 0.4979625536 0.1247236122  9.697159132 1745833676 1745833676
0.1839974843 0.1904449058  9.546738627 0.4542081406 0.1871090071  9.914580674 1745833677 1745833677
0.1225848723 0.2367716985  9.572294691  0.371247134 0.2349239929  10.06175808 1745833677 1745833677
0.2024790018 0.1893197401  9.586396596 0.2559071978 0.2627359945  10.11298326 1745833677 1745833677
0.09273331794  0.2755237365   9.592716097 0.1211983833 0.2663445003   10.0793468 1745833677 1745833677
0.03288898679  0.2908167287   9.596026224 -0.01956104907   0.2437909342    9.949488244 1745833677 1745833677
0.1644392503   0.22517488  9.600993753 -0.1459767928  0.1957714961   9.741381355 1745833677 1745833677
0.08286880242  0.2775530414   9.610471541 -0.2445845505  0.1307121596   9.495323593 1745833677 1745833677
0.03238013226  0.2627095202   9.629213901 -0.2961196738 0.05376335081   9.244862116 1745833677 1745833677
0.1597304066 0.2173873714  9.656889184  -0.2847084606 -0.02217275494    9.042216486 1745833677 1745833677
0.130237324 0.256292532 9.694158033    -0.21222394 -0.08485760243    8.917077826 1745833677 1745833677
0.1225652171 0.2288107409   9.74177132 -0.07794830256  -0.1247543988    8.905592322 1745833677 1745833677
0.2120692443 0.1925643542  9.795336495 0.1068144152  -0.13160025  9.025301869 1745833677 1745833677
0.2617912899 0.2564160049  9.852633281 0.3204765512 -0.103192222  9.259450378 1745833677 1745833677
0.2903673701 0.2289915929  9.916068686   0.5399624431 -0.04010903195    9.585361505 1745833677 1745833677
0.3618501972 0.1850126911  9.979535981  0.7394670269 0.05121419683   9.965426105 1745833677 1745833677
 0.435348446 0.2923393988  10.03769444  0.895788138 0.1578308534  10.34944239 1745833677 1745833677
 0.451598232 0.2576833971  10.09740217 0.9921588537 0.2705411003  10.69736056 1745833677 1745833677
0.4925211118  0.172702645  10.14963065  1.017942192 0.3776283215  10.97254445 1745833677 1745833677
0.4446160294 0.2825284957  10.19200239 0.9758675268  0.461012774  11.14950711 1745833677 1745833677
0.4273093845 0.2560717849  10.22468721  0.870252412 0.5229066167  11.21894348 1745833677 1745833677
0.4436903978 0.2094772441  10.24453132 0.7157859578 0.5531168756  11.18077065 1745833677 1745833677
0.3343362435 0.2455861581  10.25659467 0.5363436174 0.5479145986  11.05249356 1745833677 1745833677
 0.314264833 0.2260621466  10.25784289  0.346882833 0.5098329468  10.85335292 1745833677 1745833677
0.3233194628 0.2049319824  10.25262823 0.1706733704  0.443371264  10.61643703 1745833677 1745833677
 0.239139384 0.1645525233  10.24799035 0.02841736875  0.3579544726   10.37655329 1745833677 1745833677
0.2198942632  0.160621586  10.24142509 -0.06870446562    0.263653731     10.1653674 1745833677 1745833677
0.2130436771 0.1747218838  10.23701464 -0.1126421719  0.1743411163   10.01031639 1745833677 1745833677
0.1897362502 0.1304433553  10.23756987 -0.1029548905  0.1021506267   9.927776962 1745833677 1745833677
0.1761179345 0.1583079325  10.24044807 -0.04618177463  0.05397747444    9.920507801 1745833677 1745833677
0.1679369451 0.2046502445  10.24509197 0.04573393098 0.03388843517   9.979771997 1745833677 1745833677
0.2311404919 0.1470495674  10.25027114  0.1561349798 0.04333472389   10.08906118 1745833678 1745833678
0.2425939541 0.1834805511  10.25208957  0.2722395233 0.07152914678   10.21671247 1745833678 1745833678
0.2371537066 0.2146636854  10.24833174 0.3796726372 0.1121174484  10.33848293 1745833678 1745833678
0.3102908209 0.1239392376  10.23535603 0.4645869476 0.1584534519   10.4329806 1745833678 1745833678
0.3201946955 0.1622746841  10.20961071 0.5248969592 0.1925136461  10.47893836 1745833678 1745833678
0.2909691842  0.208341069  10.16963245 0.5573618779 0.2100158284  10.47098795 1745833678 1745833678
 0.3071990606 0.08612124789   10.11379189 0.5608058207 0.2103265276  10.41174021 1745833678 1745833678
0.3103378563 0.1103641776  10.03828496 0.5409715361 0.1820456752  10.30375477 1745833678 1745833678
0.2826322102 0.1673205191  9.945656792 0.5027541922 0.1324668571   10.1634786 1745833678 1745833678
 0.2902548774 0.03452439336    9.83900613  0.4513284443 0.07024489045      10.01118 1745833678 1745833678
 0.2803897897 0.02523931423   9.720691035    0.3938636894 0.0005138275308     9.860151341 1745833678 1745833678
 0.2569898784 0.08984419468   9.597523404   0.3355312091 -0.06324471649    9.728488804 1745833678 1745833678
  0.2586955267 -0.02301684442    9.476968106  0.2817414825 -0.1139852921   9.631598609 1745833678 1745833678
  0.2544088333 -0.07324951043     9.36625571  0.2363906546 -0.1417317474   9.574530478 1745833678 1745833678
  0.2433173468 0.006631091056    9.273851382  0.2022519514 -0.1400673815    9.55955638 1745833678 1745833678
  0.2674328025 -0.05091008761    9.203270855  0.1825322054 -0.1173254654    9.58155795 1745833678 1745833678
 0.2926479298 -0.1074648635   9.158535048    0.177135649 -0.07511618433    9.629118299 1745833678 1745833678
  0.2835797169 -0.02759893234     9.14225341   0.1851400058 -0.01793275368    9.689610518 1745833678 1745833678
  0.3184313835 -0.06153625329    9.147033739  0.2078831633 0.03743251772   9.746976684 1745833678 1745833678
  0.3666473539 -0.09596366699    9.168657886  0.2423827376 0.08593217066   9.788800205 1745833678 1745833678
  0.3555148855 0.009932627004    9.203784189  0.285265039 0.1239460029  9.808231403 1745833678 1745833678
 0.3792936973 0.04393457923   9.239972771 0.3350534268 0.1435241142  9.797961173 1745833678 1745833678
 0.4099281803 0.03011093031   9.272581505 0.3868538345 0.1462393216  9.758675624 1745833678 1745833678
 0.3824309449 0.08290923938   9.299482682 0.4356199041 0.1383011272  9.697696677 1745833678 1745833678
0.3213881013 0.1013971158  9.317928988 0.4762827671 0.1243342552  9.620690256 1745833678 1745833678
 0.3019913535 0.07224899934    9.32603849 0.5038840639 0.1113416214  9.533969811 1745833678 1745833678
0.2770978718  0.150860546  9.326550516 0.5134183541 0.1076527929  9.448975418 1745833678 1745833678
  0.21307068 0.1825284194  9.325693613 0.5009618279 0.1161399163  9.372256623 1745833678 1745833678
0.1800593628 0.1607066582  9.326357428 0.4656463945 0.1380675982   9.30820615 1745833678 1745833678
0.1847655937 0.2019469782  9.330271246 0.4094088701 0.1732561141  9.262630341 1745833678 1745833678
 0.170935368 0.2067488561  9.343066232 0.3356624676 0.2156373136  9.237280782 1745833679 1745833679
0.1659920982 0.1700892225  9.365477933 0.2512215687   0.25820102  9.231733177 1745833679 1745833679
0.2034886639  0.196164667  9.394334816 0.1653024628  0.294668221  9.245556298 1745833679 1745833679
0.2012045133 0.2018443607  9.431068538 0.08544916167  0.3168705035   9.275318955 1745833679 1745833679
0.1934124086 0.1741513906   9.47239569 0.02053036877   0.319968774   9.316926771 1745833679 1745833679
0.2272469809 0.1765605632  9.512498265 -0.02181717997   0.3028331686     9.36709882 1745833679 1745833679
0.2228142605 0.1703779874  9.550180699 -0.03831032169   0.2666878764    9.421683297 1745833679 1745833679
0.2026057317 0.1424588319  9.581631959 -0.02743056041   0.2162837031     9.47715102 1745833679 1745833679
0.2208232081 0.1555746642  9.601749159 0.009304078618    0.158990445    9.531417556 1745833679 1745833679
 0.223582158 0.1555798422  9.610533051 0.06645572622  0.1027330868   9.581754452 1745833679 1745833679
0.2073261693 0.1406192005  9.607085488   0.136865301 0.05550835203    9.62644756 1745833679 1745833679
0.2188257358 0.1485246166  9.589908587  0.2124577298 0.02376639233   9.664829298 1745833679 1745833679
0.2408954446 0.1478042559  9.561107018  0.2846302546 0.01103823497   9.695615911 1745833679 1745833679
0.2438655423 0.1303456653  9.523834498  0.3455992434 0.01790785388   9.717691598 1745833679 1745833679
0.2582582827 0.1230824905  9.480005204  0.3899101589 0.04170368734   9.730946737 1745833679 1745833679
0.2856266963 0.1233183074  9.432998781  0.4144687814 0.07695770807   9.735207846 1745833679 1745833679
0.3006924021 0.1064362575  9.387129477  0.418541697 0.1163998691  9.730542465 1745833679 1745833679
 0.3105571237 0.08675787608   9.344665694 0.4044834542 0.1524514074  9.717882925 1745833679 1745833679
  0.287402321 0.09825638056   9.307878596 0.3762174498 0.1787095287  9.698839093 1745833679 1745833679
 0.2745917419 0.09302485198   9.276407577 0.3394158609 0.1898901445  9.673861087 1745833679 1745833679
 0.2823392736 0.09058102587   9.249444145 0.3004880095  0.184398518  9.643757101 1745833679 1745833679
0.2595229173 0.1280178775  9.227238203 0.2640213465 0.1639434891    9.6099005 1745833679 1745833679
0.2369833264 0.1482064989  9.208663406 0.2343999005 0.1319117477  9.571131182 1745833679 1745833679
0.2534070871 0.1344479509  9.192921323  0.2151290169 0.09442948453     9.5264979 1745833679 1745833679
0.2509237889 0.1689630767  9.180979514  0.2058302157 0.06088663088    9.47762742 1745833679 1745833679
0.2365369516 0.1892563015  9.175238633  0.2054543686 0.03785427364   9.423406008 1745833679 1745833679
0.2594253061 0.1748194337  9.177174594  0.2134334733 0.03120906312   9.364505412 1745833679 1745833679
0.2582504424 0.2230383067  9.188856939   0.225082708 0.04777257794   9.304990723 1745833679 1745833679
0.2443024035 0.2593077287  9.213417207  0.2374816118 0.08678512965   9.246997404 1745833679 1745833679
0.2585864316 0.2237470091  9.252622221 0.2497073881 0.1442334662  9.195206724 1745833679 1745833679
0.2615566764 0.2792311796  9.303131446 0.2594848491 0.2192471985   9.15775966 1745833680 1745833680
0.2454909407 0.3007082949  9.367084524 0.2664259204 0.3005643374  9.139689453 1745833680 1745833680
0.2615028714 0.2389348885  9.442286235 0.2728699105  0.378183268  9.148185582 1745833680 1745833680
0.2739511741 0.3050061466  9.520500768 0.2795375736 0.4471955027  9.188411559 1745833680 1745833680
0.2638498249 0.3131825767  9.604270382 0.2881654729 0.4959633689  9.262861842 1745833680 1745833680
0.2844431009 0.2233487159  9.690091478 0.3006412342 0.5194342389  9.372381999 1745833680 1745833680
0.2902389286  0.298737499  9.769411906  0.317075073 0.5164342159  9.510334705 1745833680 1745833680
0.2790790693 0.2927628626  9.847219992 0.3370846451 0.4865581443  9.671648213 1745833680 1745833680
0.3025377225 0.1770711609  9.921287147 0.3581764182  0.435354098   9.84628993 1745833680 1745833680
0.2819427629 0.2572665907  9.986389192 0.3784637509 0.3654580264  10.01755149 1745833680 1745833680
0.2600539855 0.2205441878  10.04820801 0.3943176722 0.2883231528  10.17690177 1745833680 1745833680
 0.293214695 0.1097636921  10.10346777 0.4012603048 0.2121178188  10.31108461 1745833680 1745833680
0.2485447767 0.2114442681  10.15114033 0.3995808855 0.1377440765  10.40809204 1745833680 1745833680
0.2226447847 0.1743343651  10.19374072  0.3862574418 0.07868430527   10.46697722 1745833680 1745833680
 0.2639584754 0.07992431217    10.2277492  0.3608786061 0.03661601565   10.48562751 1745833680 1745833680
0.2149825182 0.1578259288  10.25373031   0.3290613123 0.007509137159    10.46696827 1745833680 1745833680
0.1899446383 0.1167395673  10.27222213    0.2923763903 -0.002663012033     10.42254689 1745833680 1745833680
 0.2215054189 0.05865691844   10.28166386   0.2547324202 0.001356976073    10.36326575 1745833680 1745833680
0.1665455487 0.1209537192  10.28501541  0.2239157214 0.01308721628   10.30100307 1745833680 1745833680
0.1560532272 0.1133959287  10.28317709  0.2016664521 0.03379412734   10.25093951 1745833680 1745833680
 0.190346754 0.1000855357  10.27779102  0.1906217525 0.05914637389   10.22311099 1745833680 1745833680
0.1817746151 0.1540881738  10.27146109  0.1936503382 0.08492014535   10.22235131 1745833680 1745833680
0.1922884251 0.1755419925  10.26569108 0.2084461362 0.1127428057   10.2512805 1745833680 1745833680
 0.227446031 0.2022505407  10.26042507 0.2317572549 0.1411546805  10.30512976 1745833680 1745833680
0.2528786148 0.2194235695  10.25620211 0.2600688908 0.1704991072  10.37464318 1745833680 1745833680
0.2676430303 0.2499996633  10.25132634 0.2890050428  0.200143185  10.44708045 1745833680 1745833680
0.2845245108  0.299494655  10.24327433 0.3135523244 0.2292854017  10.50857145 1745833680 1745833680
0.2921545113 0.2631756943  10.23313476 0.3303963897 0.2603376939  10.54755322 1745833680 1745833680
0.2962846745 0.2856076197   10.2148334 0.3374666604  0.285947102  10.55197195 1745833680 1745833680
0.2864700084 0.3189336063  10.18842295 0.3345042846 0.3050151338  10.51697549 1745833680 1745833680
0.2650650187 0.2254819881  10.15701823 0.3224139243 0.3183796147  10.44449439 1745833681 1745833681
0.2606955541 0.2471249896  10.11362218 0.3034666353 0.3159748263  10.33654194 1745833681 1745833681
0.2469125863 0.2973562656  10.06226177  0.282008783 0.2991597858  10.20511241 1745833681 1745833681
0.2386781244 0.1717484352  10.00967758 0.2615907004 0.2709139884  10.06694369 1745833681 1745833681
0.2258106307 0.1702540878  9.951434326 0.2465786298 0.2279090651  9.933653027 1745833681 1745833681
0.2080708255 0.2137040631  9.892261135 0.2396935776 0.1757451227  9.821131892 1745833681 1745833681
 0.2318318848 0.08262082123   9.837319578 0.2426005856 0.1201593758  9.743629928 1745833681 1745833681
 0.2473003243 0.06700002873   9.784879012  0.2557843226 0.06579072988   9.704590808 1745833681 1745833681
0.2463248891 0.1241868411  9.737261504  0.2777125367 0.01869641365   9.705407227 1745833681 1745833681
 0.2916353941 0.03872628068    9.69455078   0.3062064524 -0.01718584854     9.74335078 1745833681 1745833681
  0.3218816287 0.002181025303    9.655204795   0.3378822291 -0.03871416336     9.80625124 1745833681 1745833681
 0.315517417 0.0415165342  9.618676751   0.3690352087 -0.04538587441    9.880678568 1745833681 1745833681
   0.325032205 -0.03426904471    9.581441325   0.3968465425 -0.03955996041    9.953799084 1745833681 1745833681
  0.3457268642 -0.08830811749    9.541314005   0.4187046784 -0.02422627227    10.01115334 1745833681 1745833681
  0.3336603806 -0.03806845091    9.499852217   0.4324262569 -0.00367993344    10.04189712 1745833681 1745833681
  0.3186148009 -0.08744128899    9.454583319  0.4372561027 0.01585938095   10.04068281 1745833681 1745833681
 0.3292895294 -0.1349949065   9.405907776 0.4331879768 0.0300801891  10.00529076 1745833681 1745833681
   0.321100378 -0.05899426874    9.358706263  0.4203224577 0.03701329799   9.939273161 1745833681 1745833681
  0.2988827299 -0.07790107207    9.312739093  0.3996973556 0.03309863709   9.849598103 1745833681 1745833681
0.2999811458 -0.112172565  9.269770784  0.3732548502 0.01958266844   9.745301032 1745833681 1745833681
  0.2981124684 -0.01502987237    9.233892797   0.3427632364 0.001673017991    9.638211625 1745833681 1745833681
   0.2708068121 -0.006675628078     9.205594341   0.3096708396 -0.01987200381    9.536324293 1745833681 1745833681
   0.259083966 -0.03433831555    9.185069596   0.2765944666 -0.03934712206    9.447121431 1745833681 1745833681
 0.2608680692 0.07902775146   9.172678997 0.2461721654 -0.048029389  9.378166499 1745833681 1745833681
0.2376005529  0.109901315  9.169703383   0.2191458418 -0.04617076536    9.327968252 1745833681 1745833681
 0.2291967644 0.09528066052   9.175413285   0.1977939438 -0.03042390294    9.295830015 1745833681 1745833681
0.2384997118 0.1735743359  9.187741277   0.1840343088 0.002604170661    9.281374322 1745833681 1745833681
0.2355091241 0.1859324966  9.209318317  0.1774004098 0.04821025678   9.277891662 1745833681 1745833681
0.2346686053 0.1545062197  9.239116739 0.1781602468 0.1034762894  9.282007252 1745833681 1745833681
0.2532999003 0.2195153704  9.273001669 0.1868274248 0.1657188792  9.293149763 1745833681 1745833681
0.2470653108 0.2367867758  9.313429045 0.2011945094 0.2267166614  9.307149325 1745833682 1745833682
0.2408666325 0.2176156852  9.357663432 0.2201509732 0.2810132065   9.32405712 1745833682 1745833682
0.249134594 0.244973491 9.400797977 0.2425365343 0.3245911144  9.345832981 1745833682 1745833682
0.2458118012 0.2522355893  9.442476471 0.2657486762 0.3529699974  9.372853444 1745833682 1745833682
0.2405758815 0.2315109394  9.480215218 0.2878388496 0.3643041837  9.406288547 1745833682 1745833682
0.2555937755 0.2386718171  9.510081934 0.3072819036 0.3591641526   9.44699863 1745833682 1745833682
0.2616761579 0.2377279046   9.53253465 0.3218896819 0.3390802699  9.493713318 1745833682 1745833682
 0.259323625 0.2072651456  9.547567573 0.3302812043 0.3071590806  9.544017456 1745833682 1745833682
0.2745406059 0.1845100566  9.553537631 0.3318309223 0.2677739288  9.594441703 1745833682 1745833682
0.2619766644 0.1799122857  9.551747476 0.3258148621  0.225069816  9.640796763 1745833682 1745833682
0.2535039865 0.1539653726   9.54205144 0.3125391275 0.1826968139  9.678036594 1745833682 1745833682
0.2692365964 0.1366770043  9.523038757 0.2931176913 0.1440373065    9.7019491 1745833682 1745833682
0.2459864358 0.1446839868   9.49566639 0.2688137506 0.1111869514  9.710020474 1745833682 1745833682
0.2301501371 0.1275640452  9.458900356  0.2419398463 0.08504281075   9.700193764 1745833682 1745833682
0.2543496043 0.1130829647  9.411643992 0.2157686251  0.066117924  9.673058612 1745833682 1745833682
0.2512653132 0.1235353795  9.356643846  0.1927123566 0.05436920441   9.631653982 1745833682 1745833682
0.2399466067 0.1218910526  9.296732589  0.1756733552 0.04907980296   9.579543523 1745833682 1745833682
0.2643845131 0.1040313835  9.235286696  0.1683758185 0.04972742577   9.521845442 1745833682 1745833682
0.2689810052 0.1137633954  9.179130633  0.1716199297 0.05702821195   9.464816606 1745833682 1745833682
0.2596680663 0.1146545783  9.135064561  0.1857182463 0.07052894102   9.412994886 1745833682 1745833682
0.2747823288 0.1030779098  9.108143912  0.2112558156 0.09003212384   9.370642273 1745833682 1745833682
0.2681034741  0.130728009  9.103760526 0.2438939453 0.1169772207  9.341193728 1745833682 1745833682
0.2496187438 0.1457380855  9.124542714 0.2793859869 0.1494025802  9.324448964 1745833682 1745833682
0.2635357659 0.1240298736  9.169096419 0.3142843389 0.1849614721  9.319463866 1745833682 1745833682
0.2597509365 0.1789189423  9.233572377  0.341590619 0.2241093511  9.325807758 1745833682 1745833682
 0.244706318 0.2141218976  9.313251629 0.3566400592 0.2611057586  9.339352253 1745833682 1745833682
0.2470685897 0.1597608876  9.401661012 0.3569136109  0.291350971  9.357598048 1745833682 1745833682
0.2441820575   0.21544824   9.48776148  0.341008175 0.3150303812  9.380059874 1745833682 1745833682
0.2272004274 0.2406460923  9.567784578 0.3106137772 0.3269536709  9.405345952 1745833682 1745833682
 0.241470509 0.1605530878  9.637632093 0.2705631318 0.3255102479  9.434572002 1745833682 1745833682
 0.231014211 0.2184227358  9.691346468 0.2268429643 0.3124552875  9.468534793 1745833683 1745833683
0.2164119828 0.2246478796  9.732537771 0.1874383668 0.2879336664  9.510190414 1745833683 1745833683
0.2369493226 0.1552583618  9.763331972 0.1598948443 0.2551237641  9.562401816 1745833683 1745833683
0.2164012569   0.22435334   9.78528857 0.1507321034 0.2180120682  9.625400202 1745833683 1745833683
0.2045462853 0.2361516691  9.805500362 0.1639850454 0.1809052901  9.701970913 1745833683 1745833683
0.2444557146 0.1780343465  9.827574001 0.2001634052 0.1484696936   9.79212487 1745833683 1745833683
0.2500396244 0.2653468238  9.851699011  0.256547286 0.1237957418  9.891535064 1745833683 1745833683
0.2525400108 0.2525632611  9.883935229 0.3265007557 0.1105202996   9.99880722 1745833683 1745833683
0.2996305545   0.17769069  9.921322303 0.4001166078 0.1101446041  10.10802054 1745833683 1745833683
0.2925657277 0.2756783437  9.959126916 0.4675835087 0.1201278138  10.20969276 1745833683 1745833683
0.2819679812 0.2464909287  9.999122772 0.5179501304 0.1414877016  10.29959387 1745833683 1745833683
0.3194199729 0.1711585852   10.0333125 0.5420665302 0.1705455283  10.36935761 1745833683 1745833683
0.2985243591 0.2547926665  10.05665463  0.536225047 0.1998971603  10.41069221 1745833683 1745833683
0.2783351974 0.2076287668  10.07042443 0.4993214295 0.2295611079   10.4223421 1745833683 1745833683
0.300525819 0.119815365 10.06953964 0.4350005745 0.2536713726  10.40161929 1745833683 1745833683
0.2600421828 0.1877082212  10.05484384 0.3534639695  0.264783245  10.34853407 1745833683 1745833683
0.2351577389  0.139252645  10.03116505 0.2655262362 0.2651565499  10.27064402 1745833683 1745833683
 0.2550853874 0.06682329263   10.00068236 0.1835810784 0.2519062369  10.17528444 1745833683 1745833683
0.2368041146 0.1126105706  9.970103365 0.1211042589 0.2231264028   10.0720396 1745833683 1745833683
 0.2276868564 0.07636392512   9.946181848 0.08711037024  0.1845722607   9.974462496 1745833683 1745833683
  0.256084704 0.03290974016   9.932640176 0.0859989725 0.1387355514   9.89394677 1745833683 1745833683
 0.2569151705 0.07219359778   9.934284497  0.1183271367 0.08899348338   9.840322699 1745833683 1745833683
 0.2600967818 0.06649233438   9.952341942  0.1780987945 0.04307766676   9.822055318 1745833683 1745833683
 0.2922249689 0.06755843987   9.984495292   0.2544629982 0.005653036012    9.842358978 1745833683 1745833683
0.2827790628 0.1172730793   10.0287264  0.3357006771 -0.0192624897   9.900113602 1745833683 1745833683
 0.279048791 0.1491895117   10.0789697   0.4072123101 -0.02659993931    9.990007304 1745833683 1745833683
0.2836442052 0.2006133896  10.12875328   0.4566813406 -0.01527134633    10.10188069 1745833683 1745833683
0.2313105708 0.2217345054  10.17514651  0.4771274834 0.01608943645    10.2236116 1745833683 1745833683
0.2130258293 0.2653353268  10.21047565  0.4626496412 0.06356360878   10.33985838 1745833683 1745833683
0.2024091493 0.3352516308  10.23274257 0.4159642632 0.1226157282  10.43664739 1745833683 1745833683
0.1730771652 0.2967844441  10.24642175 0.3446137462 0.1913860361  10.50377205 1745833684 1745833684
0.1718068903 0.3371986969  10.24647924 0.2593365782 0.2571028925  10.53097932 1745833684 1745833684
0.1657022629 0.3954709709  10.23769693 0.1743752714 0.3147112194   10.5158536 1745833684 1745833684
0.1784287953 0.2981115408  10.22872146 0.1017591857 0.3623869995   10.4630826 1745833684 1745833684
0.1830021372 0.3173719026  10.21294416 0.05433634936  0.3881289505   10.37603271 1745833684 1745833684
0.1801691721 0.3559789676  10.19448048 0.03856715922  0.3919271527   10.26717979 1745833684 1745833684
0.2005405866  0.239293748  10.17750263 0.05503436255  0.3767872434   10.15320647 1745833684 1745833684
 0.213754711 0.2434715962  10.15222283 0.1017461641 0.3388260717  10.04370101 1745833684 1745833684
0.2081782886 0.2741106093   10.1185501 0.1703867131 0.2838932046  9.952742922 1745833684 1745833684
 0.255574198 0.1142091774  10.07590001 0.2493608956  0.220400313  9.893854961 1745833684 1745833684
 0.2774109095 0.07586239392   10.01631442 0.3281350991 0.1494682091  9.865904293 1745833684 1745833684
0.2707393459  0.104934425  9.940172761   0.395023206 0.07828656859   9.869296819 1745833684 1745833684
  0.3008214898 -0.02863535887    9.846782924 0.4415101404 0.0134145452  9.902126986 1745833684 1745833684
   0.327855463 -0.08156630054    9.737246388   0.4635308748 -0.04259925755    9.950250113 1745833684 1745833684
  0.3207751541 -0.02720139797     9.61762603   0.4607968072 -0.08574351516    10.00089699 1745833684 1745833684
 0.3381884224 -0.1187123704   9.489513577  0.4379313187 -0.1164178773   10.04314253 1745833684 1745833684
 0.3636842912 -0.1726798178   9.360523385  0.4022501195 -0.1332304446   10.06276027 1745833684 1745833684
  0.3545936557 -0.07129157651    9.241441807  0.3616215481 -0.1339194403   10.05120681 1745833684 1745833684
 0.3562274991 -0.1032710792   9.133508203  0.3257215397 -0.1260744376   10.00359919 1745833684 1745833684
 0.3823758445 -0.1417884068   9.043604092   0.302111298 -0.1091084931    9.92049006 1745833684 1745833684
 0.3699373689 -0.0449800037   8.980905115   0.2938224223 -0.08095813991    9.809239585 1745833684 1745833684
   0.367192747 -0.05803692417    8.943989404   0.3031080954 -0.05137696355    9.675987616 1745833684 1745833684
  0.3820654747 -0.09623558548    8.934483956   0.3277268507 -0.01984162616    9.534029736 1745833684 1745833684
  0.360486245 -0.0059187375   8.954686837  0.3618131204 0.01607549047   9.399861816 1745833684 1745833684
  0.3373426482 0.001661726065    8.998506472  0.3996415252 0.04796628181   9.281189725 1745833684 1745833684
  0.3448104687 -0.02421193012    9.060173866   0.435147865 0.07615097419   9.188937467 1745833684 1745833684
 0.3310324772 0.06627760786   9.135157368 0.4616452733 0.1029678607  9.132649917 1745833684 1745833684
0.3192794474 0.1113865497  9.215587718 0.4745273463 0.1241505275   9.11117732 1745833684 1745833684
0.3201271609 0.1028202076  9.295202433   0.47193453 0.1403929206  9.122889475 1745833684 1745833684
0.3151527492 0.1392687212  9.367859735 0.4543873102 0.1543502175  9.164356294 1745833684 1745833684
0.2857452979 0.1557018052  9.430776061 0.4237471559 0.1662430261  9.227431077 1745833685 1745833685
0.2837381051 0.1468809733  9.480138221 0.3840969791 0.1777819536  9.302322461 1745833685 1745833685
0.2925229096 0.2170175212  9.514017174 0.3399409177 0.1914637353  9.381024245 1745833685 1745833685
 0.261261893 0.2689230066  9.536247787  0.295013687 0.2075049368  9.455549762 1745833685 1745833685
0.2386857848 0.2720088345  9.548335368 0.2527188279 0.2264344465  9.518688517 1745833685 1745833685
0.2490457755 0.2765521558  9.550666485 0.2154313753 0.2483145415   9.56659713 1745833685 1745833685
0.2037410188 0.2694500012  9.547946192 0.1833550422 0.2710124883  9.598571847 1745833685 1745833685
0.1823947691 0.2415068328  9.540101422 0.1564182252 0.2919523813  9.614211655 1745833685 1745833685
0.2037011459 0.2733288663  9.525816396 0.1342377117 0.3084918064  9.616458942 1745833685 1745833685
0.1934755616 0.2838405656  9.509156692 0.1149056601 0.3164013141  9.608165824 1745833685 1745833685
0.1701495787 0.2566102172  9.490114738 0.0977570925 0.3124554814  9.592500715 1745833685 1745833685
0.1823794127 0.2122081761  9.466601709 0.08371154637  0.2946515199   9.573150315 1745833685 1745833685
0.1671283946 0.1696757766  9.438793986 0.07311927362  0.2627854744   9.552966977 1745833685 1745833685
0.1551282141 0.1217159632  9.406028369 0.06818282253   0.218371947   9.534164969 1745833685 1745833685
0.1782338925 0.1186161546  9.367442848 0.07202220783  0.1654737555   9.518936966 1745833685 1745833685
0.1853379659 0.1241430661  9.325383704 0.08598883559  0.1091401555   9.507264988 1745833685 1745833685
 0.1812262554 0.09788822814   9.281833333  0.1112206956 0.05518208088   9.498564947 1745833685 1745833685
 0.2047028564 0.04627975105   9.237875706  0.1484110644 0.01002046377   9.492204589 1745833685 1745833685
 0.2089093936 0.02902755712   9.196726348  0.1948022092 -0.0196191618   9.487660516 1745833685 1745833685
 0.2210705224 0.00955196796    9.16105161   0.2467439309 -0.03031447654     9.48261482 1745833685 1745833685
   0.2604230877 -0.003287553465     9.133218709     0.29931682 -0.02033224829    9.474950019 1745833685 1745833685
 0.2658599065 0.03397677742   9.117427074  0.3450560279 0.01012796474   9.463319943 1745833685 1745833685
 0.2681887137 0.05384334803   9.114888971   0.378259743 0.05579297129    9.44431877 1745833685 1745833685
  0.296220032 0.02570697953   9.126100236 0.3950739872 0.1099573923  9.415953104 1745833685 1745833685
 0.2742588659 0.08003426027   9.152987364 0.3910938469   0.16849977  9.380504482 1745833685 1745833685
0.2587129954 0.1314808006  9.193330706 0.3679658363 0.2220913537   9.33779198 1745833685 1745833685
0.2814574398 0.1217011911  9.246039606 0.3300831963 0.2628957214  9.290961419 1745833685 1745833685
0.2846202333 0.2039522912  9.308898895 0.2819895329 0.2901289778  9.247527186 1745833685 1745833685
0.2626062452 0.2489526854  9.382215018 0.2317025738 0.2988087651   9.21349175 1745833685 1745833685
0.2769005058 0.1857230665  9.464478245 0.1895278328 0.2883766276  9.197961916 1745833685 1745833685
0.2806218123 0.2434977132  9.549706836 0.1624929089 0.2669099344  9.209975156 1745833685 1745833685
 0.270361808 0.2620832184  9.639336715  0.156637614 0.2361914331   9.25606252 1745833686 1745833686
 0.293434265 0.2021768797  9.730541133 0.1753956313 0.2019681528  9.341495907 1745833686 1745833686
0.3121558567 0.2826594935  9.816172925 0.2171759418 0.1724653066  9.465148252 1745833686 1745833686
0.3057062241  0.278038454  9.899467456  0.277373721 0.1500438383  9.624504015 1745833686 1745833686
0.3304436671 0.1665270747  9.975956866  0.348154997 0.1388760721  9.812029865 1745833686 1745833686
0.3060663916 0.2711063575  10.03858697 0.4201239354 0.1383652702  10.01089574 1745833686 1745833686
0.2811102262  0.245384181  10.09171647 0.4831090493 0.1490297588  10.21016842 1745833686 1745833686
0.3105757059 0.1219974339  10.13159645 0.5270333284 0.1693193868  10.39228517 1745833686 1745833686
0.2856041648 0.2301280312    10.155877 0.5473192903 0.1884916784  10.53622384 1745833686 1745833686
0.2643262191  0.218181425  10.17017914 0.5404122983 0.2090385586  10.63355497 1745833686 1745833686
0.3071837721 0.1111941368  10.17418677 0.5057156684 0.2271111092  10.67425362 1745833686 1745833686
0.2808220993 0.2258007942  10.16926086  0.451302058 0.2308375785  10.65166058 1745833686 1745833686
0.2538349389 0.2253010337   10.1622253 0.3835280231 0.2281433245  10.57447674 1745833686 1745833686
0.2938787706 0.1515203144  10.15448282 0.3100243769 0.2182166743  10.45311663 1745833686 1745833686
0.2644377243 0.2096295855  10.14974156 0.2439980767 0.1976341627  10.30250761 1745833686 1745833686
0.2361007455 0.2093938029  10.15292139 0.1922693668 0.1754386908  10.14635634 1745833686 1745833686
0.2536036229 0.1791237383   10.1652086 0.1596771714 0.1555371557  10.00751357 1745833686 1745833686
0.2283081616 0.2217011642  10.18805759 0.1505982021 0.1400402228  9.905544479 1745833686 1745833686
0.2026462301 0.2283118934  10.22199411 0.1629859036 0.1359001271  9.858240199 1745833686 1745833686
0.2007011908 0.2387400762   10.2632324 0.1914031614 0.1446260523  9.874342529 1745833686 1745833686
0.2026351026 0.2681741612  10.30729292 0.2289351271 0.1661564744  9.953552942 1745833686 1745833686
0.1996225011 0.3027476336  10.34860296 0.2680225548  0.199109107  10.08680382 1745833686 1745833686
0.2032655314 0.3593511862  10.37963598 0.3006130777 0.2387843599   10.2565704 1745833686 1745833686
0.2242010267 0.3685484873  10.39617835 0.3202111538  0.282235853  10.44045291 1745833686 1745833686
0.2410324136 0.3794731012  10.39218325 0.3249803077 0.3210403165  10.61207365 1745833686 1745833686
0.2549287777 0.4361030147  10.36324521 0.3147416436  0.347006659  10.74579034 1745833686 1745833686
 0.229523445 0.3301848484  10.31833259 0.2932379246 0.3627548579  10.82469886 1745833686 1745833686
0.2461988064 0.3141826967  10.24876759 0.2626858154 0.3546096866  10.83073748 1745833686 1745833686
 0.267054539 0.3223722836   10.1630109 0.2301558434 0.3249227505  10.76150673 1745833686 1745833686
0.2318180637 0.1797019595  10.07344743 0.2026926006 0.2799894266  10.62636561 1745833686 1745833686
  0.24419607 0.1610089599  9.977098566 0.1841123263 0.2183179867  10.43597531 1745833687 1745833687
0.2574461268 0.2010738943  9.883183436 0.1791058163 0.1502387071  10.21488031 1745833687 1745833687
 0.2603433148 0.05425010169   9.800293172  0.1900991952 0.08498362854   9.992713432 1745833687 1745833687
 0.2658506686 0.02074792294   9.726552244  0.2166761992 0.02917762553   9.791962326 1745833687 1745833687
 0.2660026243 0.07951768949   9.664570888   0.2558372922 -0.01026548325    9.635217863 1745833687 1745833687
  0.3050494466 -0.02562180152    9.613531897    0.303561931 -0.03298726245    9.539181294 1745833687 1745833687
  0.3245466242 -0.07034659992    9.572193118   0.3533222902 -0.03766114341    9.505532532 1745833687 1745833687
  0.3042783969 -0.01100671155    9.539737139   0.3987033174 -0.02724538224    9.529056354 1745833687 1745833687
  0.3234130965 -0.07581308066    9.509563392   0.4357704976 -0.01035827219    9.598349075 1745833687 1745833687
 0.3487514341 -0.1227049588   9.480118691   0.4604302467 0.008297915381    9.693669427 1745833687 1745833687
  0.3175861169 -0.06008455475    9.452402737  0.4703556247 0.02318086747   9.794331362 1745833687 1745833687
 0.2979811992 -0.1017582289   9.420006238 0.4668451106  0.027136704  9.881285235 1745833687 1745833687
 0.3181459155 -0.1511390353    9.38167726  0.4519847029 0.01865923811   9.938237386 1745833687 1745833687
 0.3056612851 -0.0624138663   9.341684544     0.4279815204 -0.0004365069443      9.956101572 1745833687 1745833687
  0.2776039287 -0.06590114983    9.297621576   0.3980484008 -0.02952531783    9.930527932 1745833687 1745833687
 0.284744962 -0.110828999  9.250438363   0.3654316236 -0.06327160223    9.862935693 1745833687 1745833687
   0.296189741 -0.04659979452    9.205167617   0.3322267836 -0.09339730898    9.762455858 1745833687 1745833687
  0.2628210158 -0.05811147838    9.165033512  0.2991084059 -0.1160199246   9.639213398 1745833687 1745833687
 0.2690408479 -0.0999240834   9.131333145  0.2679973266 -0.1256880609   9.504812374 1745833687 1745833687
  0.2908727657 -0.01178228837    9.109400084  0.2398483275 -0.1158809322   9.375075159 1745833687 1745833687
  0.2657813324 0.005799043975    9.102632273   0.2134977714 -0.08968654145     9.25870308 1745833687 1745833687
  0.2595098851 -0.01560101541    9.111513543   0.1908687633 -0.04840425157    9.164422049 1745833687 1745833687
 0.2846917023 0.06230829026   9.136280493   0.1742029086 0.006882394464    9.101185437 1745833687 1745833687
 0.2705875712 0.08576535711   9.178530887  0.1628028565 0.06742822814   9.069010523 1745833687 1745833687
 0.2614028417 0.07658936156   9.234922413 0.1591223644 0.1277510711  9.068677574 1745833687 1745833687
0.2747540294 0.1687622668  9.299686788 0.1655012988 0.1842778265  9.100557961 1745833687 1745833687
0.2739662426  0.214689592   9.37059417  0.181223935 0.2299418737  9.157835503 1745833687 1745833687
0.2661809767 0.2301312337  9.442177206 0.2060851095 0.2625623091  9.235606256 1745833687 1745833687
  0.27442477 0.2826959288    9.5065259 0.2392391407 0.2821522459  9.328452211 1745833687 1745833687
0.2750998275  0.317001358  9.560691575 0.2771541166 0.2895774788  9.428630344 1745833687 1745833687
0.2692950741 0.3177225357  9.601485276 0.3158566946 0.2877915984  9.529037973 1745833688 1745833688
0.2682605693 0.3325473251    9.6247302 0.3508588584   0.28095698  9.623145391 1745833688 1745833688
0.2561363485 0.3409998907  9.630872681 0.3771455754 0.2729594637  9.704571201 1745833688 1745833688
0.2497924576 0.3215261495  9.621017266 0.3905317707 0.2670969845  9.768086599 1745833688 1745833688
0.2522731737 0.3184685395  9.595480553 0.3881952051 0.2657917351  9.810199497 1745833688 1745833688
0.2337725193 0.3258033031  9.557802074 0.3689769368 0.2696964828  9.829219979 1745833688 1745833688
0.2231288621 0.3047495742  9.511277378 0.3341256384 0.2777554864  9.824850311 1745833688 1745833688
0.2319839698 0.2748545707  9.457574248 0.2874063491 0.2880140834  9.798921591 1745833688 1745833688
0.2155213309 0.2625216053  9.399413181 0.2339229148  0.297706077  9.755306892 1745833688 1745833688
0.2093294457 0.2351337418  9.339170097  0.180413311 0.3035226967  9.697885215 1745833688 1745833688
0.2296018324 0.2169164764  9.278162112 0.1345758498 0.3033301174  9.631789775 1745833688 1745833688
0.2057721329 0.2295612384  9.220201604 0.1013694638 0.2960443313  9.562422959 1745833688 1745833688
0.1860376017 0.2068807312  9.168716136 0.08558103803  0.2805134908   9.492754127 1745833688 1745833688
0.2087353989 0.1632287455  9.125791887 0.09036417919  0.2580630489   9.426365307 1745833688 1745833688
0.2103720851 0.1496427678  9.095240339 0.1131536702 0.2322971279  9.366602808 1745833688 1745833688
0.2116113447 0.1253559741  9.080521888 0.1503062259 0.2054407635   9.31417952 1745833688 1745833688
 0.2394677148 0.07658983389   9.083304794 0.1967645956 0.1801399729   9.26981396 1745833688 1745833688
 0.2487445026 0.08954454539   9.104890061 0.2436971062 0.1613743952  9.235728264 1745833688 1745833688
 0.2487404862 0.09324424235   9.145298697 0.2838868864 0.1486002409  9.211243755 1745833688 1745833688
0.2667813449 0.0191243713   9.20205929 0.3123046781   0.14003696   9.19679008 1745833688 1745833688
 0.2683293572 0.04169509005   9.271636779 0.3247850119 0.1388133655  9.196434379 1745833688 1745833688
 0.2613168231 0.04766031387   9.350011156 0.3212452068 0.1395182864  9.210627566 1745833688 1745833688
  0.2754448331 -0.02071490749    9.431758591 0.3054003627 0.1384170675  9.241480459 1745833688 1745833688
 0.2761989106 0.04043525232    9.51325443 0.2822936873 0.1360804582  9.290912505 1745833688 1745833688
 0.2597227789 0.07076185356   9.591172385 0.2593358204 0.1277086908  9.358856441 1745833688 1745833688
  0.2770617165 0.007804370076    9.662325453 0.2443506837 0.1127501693  9.444857021 1745833688 1745833688
0.2626430206 0.1150473291  9.726148446  0.2428336627 0.09337423673   9.544186426 1745833688 1745833688
0.2410494277 0.1618580725  9.783020623  0.2583242285 0.07086322365   9.653910143 1745833688 1745833688
0.2624512527 0.1088902891  9.834164024  0.2901634663 0.04978656328    9.76891163 1745833688 1745833688
0.2375753481 0.2316624029   9.87936443  0.3348759477 0.03305532779   9.879877797 1745833688 1745833688
0.2229233533 0.2752000066  9.923062606  0.3853784291 0.02624960387   9.983805983 1745833689 1745833689
0.2678836818 0.2185990646  9.967662638  0.4317758059 0.03371366924   10.07601147 1745833689 1745833689
0.2343009824 0.3599907547  10.01034781  0.4662209532 0.05358341205   10.15064696 1745833689 1745833689
0.2143065746 0.3717887734  10.05923458   0.479835516 0.09012411311   10.21076205 1745833689 1745833689
0.2730135537 0.2912128402  10.11286531 0.4662850109 0.1412194559  10.25687395 1745833689 1745833689
0.2348631224 0.3854595315  10.16636188 0.4275981515 0.1976463378  10.29045211 1745833689 1745833689
0.2232983652 0.3656245958  10.22511981  0.365331383 0.2593836385  10.31848432 1745833689 1745833689
0.2868247042 0.2858194271  10.28377659 0.2855898877 0.3195000352  10.34489406 1745833689 1745833689
0.2337858964 0.3450674308  10.33804542 0.2033151546    0.3666227  10.37197106 1745833689 1745833689
0.2273900707 0.3017611937   10.3879969 0.1268198007 0.4022729465  10.40479055 1745833689 1745833689
0.2735022168  0.244799629  10.42726055 0.0667924731 0.4212797874   10.4435605 1745833689 1745833689
 0.247716568 0.2495974923  10.45432453 0.03553120524  0.4200462566   10.48531722 1745833689 1745833689
0.2485736843  0.230454836   10.4671373 0.03610709987  0.4038778798   10.52862552 1745833689 1745833689
 0.272913093 0.2281821082  10.46430247 0.06888429423  0.3751758401   10.56832132 1745833689 1745833689
0.2815806295 0.1834465688  10.44882233 0.1310478896 0.3409723204  10.59920846 1745833689 1745833689
0.2920126687 0.2007820772  10.42026935 0.2149864227 0.3033391337  10.61402041 1745833689 1745833689
0.2977524251 0.2425823788  10.38236929 0.3102865061 0.2682638027  10.60847863 1745833689 1745833689
0.3352030266 0.1891993213  10.33992787 0.4045336265 0.2432353206  10.58207466 1745833689 1745833689
0.3442001241 0.2370828101  10.29390228  0.48846602  0.22256264 10.53042181 1745833689 1745833689
 0.327144995 0.2950733196  10.24853381 0.5526431557 0.2089316594  10.45807595 1745833689 1745833689
0.3476364959 0.2256450939  10.20720658 0.5898360972 0.2036259553  10.37292299 1745833689 1745833689
0.3403746501 0.2626346925  10.16663234 0.5984717896 0.1970785201  10.27884019 1745833689 1745833689
0.3017810805 0.3312514853  10.12759188 0.5793351075 0.1882032223  10.18611977 1745833689 1745833689
0.2893824868 0.2186763909  10.09243954 0.5357971932 0.1773619216  10.10599621 1745833689 1745833689
0.2773691986 0.2042207109  10.05119192 0.4747325453 0.1569778861  10.04132964 1745833689 1745833689
0.2435094779  0.240558227  10.00244503  0.403646212 0.1278602718  9.997179517 1745833689 1745833689
0.2265229023 0.1206922802  9.945524709 0.3301411871   0.09289319  9.976989663 1745833689 1745833689
 0.2196582689 0.05404684351   9.872811396   0.261913085 0.05206384543   9.975052607 1745833689 1745833689
 0.2050447763 0.07842850386   9.783302634   0.2047464229 0.009488793206     9.98499666 1745833689 1745833689
  0.2090111804 -0.04428407086    9.676974579   0.1631825265 -0.03091959198    10.00123528 1745833689 1745833689
 0.2335444876 -0.1337775616   9.553813095   0.1401778004 -0.06590406277    10.01169293 1745833690 1745833690
  0.2431167135 -0.08741798829    9.420852709   0.1358643265 -0.09118986583    10.00620461 1745833690 1745833690
 0.2595842238 -0.1704339584   9.280579124  0.1493754852 -0.1087637181   9.978036437 1745833690 1745833690
0.2936613585 -0.251030004  9.141485902  0.1783552837 -0.1176319139   9.920840191 1745833690 1745833690
 0.3055049589 -0.1850547936   9.017943682  0.2183180928 -0.1154431994   9.834409101 1745833690 1745833690
 0.2995412925 -0.2324903507   8.912898553  0.2643715026 -0.1109049451   9.719187511 1745833690 1745833690
 0.3267804358 -0.2830205059   8.834920431  0.3128656334 -0.1039527568   9.582563068 1745833690 1745833690
 0.3452648864 -0.1805884662   8.795797419   0.3585511202 -0.09172368775    9.438125902 1745833690 1745833690
 0.3363028478 -0.1677304664    8.79248549   0.3958475812 -0.08386870695    9.291853705 1745833690 1745833690
0.3471542473 -0.194171935  8.824020762   0.4229939338 -0.07933893618    9.156384212 1745833690 1745833690
 0.3627261967 -0.1024087951   8.889569938   0.4384323466 -0.07269326545    9.047129001 1745833690 1745833690
 0.3500164297 -0.0649137408   8.979977277   0.4396946514 -0.06773617473    8.968129165 1745833690 1745833690
  0.3448489086 -0.06299477379    9.085475289   0.4286678912 -0.06107979116    8.925689728 1745833690 1745833690
 0.3443043047 0.01826312213   9.196802206  0.4081177303 -0.0473650662   8.924703022 1745833690 1745833690
 0.3241653306 0.07116937529   9.304781442   0.3800636381 -0.02647659461    8.961743231 1745833690 1745833690
0.3021539476  0.085007012  9.401423821  0.3485061452 0.00350038859   9.032493964 1745833690 1745833690
0.2842452391 0.1550112677  9.479962264  0.3173368391 0.04399493806   9.130978905 1745833690 1745833690
0.2528349218 0.2063575418  9.538403083  0.2888943356 0.09270041037    9.24728506 1745833690 1745833690
0.2255206934 0.2249634969  9.575977148 0.2650857964 0.1465736982  9.371268484 1745833690 1745833690
0.2163151054 0.2738619657   9.59200719 0.2466590221 0.2015086872  9.492963244 1745833690 1745833690
0.1976950586  0.306147114  9.590559102 0.2327537103 0.2520215986  9.602683803 1745833690 1745833690
0.1871101476 0.3080499118  9.574756078 0.2217662989 0.2927580869  9.692369573 1745833690 1745833690
0.1914280766 0.3245989721  9.546065395 0.2118413316 0.3195012437  9.756345136 1745833690 1745833690
0.1730034158 0.3369035944   9.50854082 0.2008080854 0.3293130113  9.791328706 1745833690 1745833690
0.1686623787  0.317367879  9.464746222 0.1874508695 0.3212612742  9.796229229 1745833690 1745833690
0.1917815286 0.3025965317  9.415067282 0.172043351 0.297418659 9.772968987 1745833690 1745833690
0.1818499099 0.2990204502  9.362227062 0.1546530179 0.2618124145  9.725851651 1745833690 1745833690
0.1787629748 0.2596636539  9.308743673 0.1372644424  0.219609761  9.659622679 1745833690 1745833690
0.2052826299 0.2280789425  9.254979454 0.1232123222 0.1781792765  9.581359208 1745833690 1745833690
0.1883713957 0.2224568667  9.204905758 0.1133587374 0.1445443139  9.498754837 1745833690 1745833690
0.1750587118 0.1975371075  9.161991233 0.1101376504 0.1234736602  9.417549254 1745833691 1745833691
0.1961103563 0.1510534448  9.129188942 0.1156871612 0.1183393909  9.343505731 1745833691 1745833691
0.1855282476 0.1365042477  9.110404053 0.1277736386  0.131172854  9.282513731 1745833691 1745833691
0.1766512608 0.1205785046  9.108446184 0.1451465887 0.1591560402  9.236906852 1745833691 1745833691
 0.2058096873 0.08123636117   9.124398643 0.1667904408 0.1969480939  9.207843793 1745833691 1745833691
 0.2257429744 0.09651202392   9.158384973 0.1885634824 0.2400147866  9.196836926 1745833691 1745833691
0.2316662493 0.1136130007  9.209403637 0.2076786314  0.279570204  9.201771127 1745833691 1745833691
 0.2589885425 0.06895269308   9.274072043 0.2238590543 0.3070768346  9.220597323 1745833691 1745833691
0.2612096744 0.1312537245  9.347839368 0.2357543221 0.3215971831  9.253276365 1745833691 1745833691
0.2531115143 0.1672987121  9.427317973 0.2451389828 0.3175620363  9.296994212 1745833691 1745833691
0.2757122202 0.1005877648  9.509060064 0.2556464122 0.2945372004  9.351413228 1745833691 1745833691
0.2869674741 0.1615618134  9.588127161 0.2696524246 0.2606208175  9.416122856 1745833691 1745833691
0.2882109861  0.189370312  9.664900382 0.2903448075 0.2192626649  9.490575924 1745833691 1745833691
0.3143805665  0.135930005  9.738587335 0.3200237888 0.1776670447  9.575106686 1745833691 1745833691
0.3120291406 0.2416606188  9.806383146 0.3582606654  0.145124976   9.66687647 1745833691 1745833691
 0.302160979 0.2665728295  9.872210965 0.4032769105 0.1253836019  9.766061623 1745833691 1745833691
0.3309090948 0.1920289298  9.935999743  0.450577865 0.1226699905  9.870692917 1745833691 1745833691
0.3168554851 0.3223283892  9.993456103  0.494469058 0.1360235763  9.974435585 1745833691 1745833691
0.2970413185  0.318091558  10.05262378 0.5282848168 0.1639770198  10.07773206 1745833691 1745833691
0.3342859635  0.198379894  10.11177447 0.5447824193 0.2026631854  10.17643541 1745833691 1745833691
0.2952019936 0.3036259686   10.1671796 0.5410888783 0.2393656714  10.26428527 1745833691 1745833691
0.2684072315 0.2726872623  10.22550926 0.5139507181 0.2733587975  10.34293961 1745833691 1745833691
0.3178146163 0.1576960031   10.2828191 0.4620031254 0.2986677113  10.40956593 1745833691 1745833691
0.2519785603 0.2447743051  10.33757829 0.3941814885 0.3025824612  10.46169874 1745833691 1745833691
0.2162215462 0.2182346198  10.38967718 0.3136888002 0.2933249417  10.50300609 1745833691 1745833691
0.2626386168 0.1533599282  10.43348583 0.2264145892 0.2707372833  10.53383784 1745833691 1745833691
 0.210093101 0.1903957903  10.46749559 0.1481260391 0.2333716833  10.55451625 1745833691 1745833691
 0.202118283 0.1897591898  10.48786476 0.08285276916  0.1928538947   10.56872548 1745833691 1745833691
0.2347197699 0.1994374863  10.49200919 0.03802225484  0.1540452913   10.57741285 1745833691 1745833691
0.2146733597 0.1885209054   10.4818474 0.02166665625    0.12406144   10.58089274 1745833691 1745833691
0.2172014628 0.2187111953   10.4554815 0.03356362446  0.1053917261   10.57780505 1745833692 1745833692
0.2307517954 0.2751062864  10.41527959 0.07235259096  0.1010598397   10.56655279 1745833692 1745833692
0.2412517629 0.2275355455  10.36760334  0.133551913 0.1152662104  10.54671448 1745833692 1745833692
0.2523661547 0.2787721099  10.31050395 0.2103615728   0.13851614  10.51231232 1745833692 1745833692
0.2562109402 0.3508000623  10.24832597 0.2937632728 0.1692861225  10.46294605 1745833692 1745833692
0.2819386509  0.274675614  10.18788202 0.3736688721 0.2062364352  10.40107481 1745833692 1745833692
0.2950067429 0.3103137097  10.12352005 0.4423666176 0.2371624981  10.32397636 1745833692 1745833692
0.2820646491 0.3673305902   10.0588651 0.4927061445  0.259668546  10.23672204 1745833692 1745833692
0.3024565044 0.2527819611  9.998892718 0.5196820286  0.272658275  10.14702009 1745833692 1745833692
0.3052469064 0.2315637826  9.936725982 0.5228043126 0.2698743429  10.05741747 1745833692 1745833692
 0.284256192 0.2523482138   9.87461746 0.5031391568 0.2522542563  9.975065294 1745833692 1745833692
 0.292056448 0.1289214693    9.8149467 0.4649775429 0.2220608098   9.90762772 1745833692 1745833692
 0.2931228346 0.06519059834   9.754020292 0.4150452015 0.1807079281   9.85690105 1745833692 1745833692
 0.2720793322 0.08274080194   9.692989221 0.3604798117 0.1322537255  9.824706632 1745833692 1745833692
  0.2726778163 -0.03065693558    9.631262839  0.3090667717 0.07999065394   9.812299506 1745833692 1745833692
 0.2826779192 -0.1074886859   9.567193747   0.267423987 0.02811900765   9.814955775 1745833692 1745833692
  0.2676427128 -0.06534496745    9.502885698  0.2396363879 -0.0192134481   9.826745074 1745833692 1745833692
 0.2741999435 -0.1446993139   9.434432424   0.2284373255 -0.06192763727    9.841634356 1745833692 1745833692
 0.2963326144 -0.2081397216     9.3632277   0.2333341111 -0.09696129652    9.851084102 1745833692 1745833692
 0.2866491138 -0.1416505589   9.294785359  0.2507049037 -0.1214637882   9.848030711 1745833692 1745833692
 0.2878104844 -0.1764777833   9.225943947  0.2765399572 -0.1387786061   9.826126891 1745833692 1745833692
 0.3154330958 -0.2134239293   9.161290632  0.3053980034 -0.1471984276   9.782165099 1745833692 1745833692
 0.3174627253 -0.1261015166    9.10929303  0.3310501658 -0.1441640053   9.717485464 1745833692 1745833692
0.3023310704 -0.112465251  9.070135883  0.3489181625 -0.1337555765   9.632888936 1745833692 1745833692
 0.3178888893 -0.1232101288   9.047002508  0.3570453027 -0.1151514971   9.534149995 1745833692 1745833692
 0.3297960194 -0.0268239513   9.044746344   0.3546678676 -0.08550544113     9.43156896 1745833692 1745833692
 0.3036435088 0.01106858594   9.063558973   0.3421198335 -0.04883815527    9.331483131 1745833692 1745833692
 0.3032497061 0.01319979398   9.100567953    0.3238606652 -0.005385301823     9.242361975 1745833692 1745833692
0.316235891 0.108747587 9.152336795  0.3044436338 0.04622632545   9.174428432 1745833692 1745833692
0.2937434795 0.1598774872  9.216228813 0.2863295991 0.1009732047   9.13110814 1745833692 1745833692
 0.282836435 0.1662316101  9.285727001 0.2736325463 0.1563883507  9.115059675 1745833693 1745833693
0.2918384295 0.2303140383  9.353000681 0.2688294441 0.2111494832  9.128146046 1745833693 1745833693
0.2840461243 0.2553208238  9.416094943 0.2704371384 0.2602603326  9.166627065 1745833693 1745833693
0.2770958233  0.248266944  9.470789401 0.2767071878 0.3008752968  9.226043734 1745833693 1745833693
0.2789837961 0.2860613839  9.512594764 0.2847816237 0.3312709924  9.301170365 1745833693 1745833693
0.2604664781 0.3060608135  9.543498978 0.2903357106 0.3490266889  9.384626546 1745833693 1745833693
0.2450580258 0.2908719438  9.564258356 0.2901475591 0.3534601322   9.46981058 1745833693 1745833693
 0.243008164 0.2855754187    9.5748749  0.282201875 0.3453348389  9.551331184 1745833693 1745833693
0.2191897256 0.2804822413  9.578425438 0.2657581449 0.3261243669  9.624463405 1745833693 1745833693
0.2064070767 0.2522726736  9.576296778 0.2425053311 0.2981847477   9.68598142 1745833693 1745833693
0.2109749951 0.2429719344  9.568024403 0.2159284788  0.264588734  9.734124624 1745833693 1745833693
0.2074396218 0.2329449055  9.554620311 0.1904188071 0.2285134159  9.767879681 1745833693 1745833693
0.2079640551 0.2041422344  9.535351179 0.1708514779 0.1930166238  9.787078859 1745833693 1745833693
0.2266866959 0.1812537943  9.508050667 0.1615776729 0.1609142462  9.792106929 1745833693 1745833693
0.2304161036 0.1757230218  9.472281228 0.1649378397 0.1344982162  9.783556092 1745833693 1745833693
0.2398280775 0.1475339165   9.42806868 0.1813134526 0.1149484009  9.761780775 1745833693 1745833693
0.2572901658  0.116323275  9.375932509 0.2089676074 0.1030818818  9.727505155 1745833693 1745833693
0.2407811115   0.11131305  9.319146265  0.2430224251 0.09923145214   9.682033257 1745833693 1745833693
 0.2368125723 0.08594592284   9.260857328 0.2780759493 0.1021406486  9.625793694 1745833693 1745833693
0.2534284134 0.0613717744  9.205264721 0.3085218301 0.1108773719  9.560491159 1745833693 1745833693
 0.2405292493 0.06971266987   9.158447674 0.3278326594 0.1244578073  9.488946703 1745833693 1745833693
0.2347824781 0.0659286646  9.124230536 0.3327463458 0.1399880882  9.412821078 1745833693 1745833693
 0.2520792108 0.04531027123   9.105603792 0.3229515481 0.1550195266  9.335152321 1745833693 1745833693
0.2485052013 0.0772376528  9.105250584 0.2986333647 0.1689758734  9.261199002 1745833693 1745833693
 0.2434668588 0.09284923696   9.123479604 0.2642668211 0.1779051974  9.193825033 1745833693 1745833693
 0.2608951959 0.06608084717   9.159026052 0.2271231122 0.1792804764  9.137638222 1745833693 1745833693
0.2683340547 0.1186266899   9.20974487 0.1933402539 0.1753539054  9.099746996 1745833693 1745833693
0.2666088349 0.1428434508  9.274141859 0.1697481882 0.1633791861  9.083936088 1745833693 1745833693
  0.281500138 0.07905820301    9.34974202 0.1627145942 0.1434360807  9.095557682 1745833693 1745833693
0.2832352932 0.1402055102  9.432218828 0.1745869584 0.1229182121  9.140345404 1745833693 1745833693
0.2777116981 0.1548350754  9.520788733 0.2056503261 0.1017532977  9.220257263 1745833694 1745833694
 0.2995276113 0.09041691148   9.612376807  0.2535029332 0.08402932087    9.33659836 1745833694 1745833694
0.2970230658 0.1800672525  9.702674499  0.3116742555 0.07699494235   9.486145485 1745833694 1745833694
0.2906550182 0.1963899604  9.791162777  0.3730843772 0.08097697126   9.663821832 1745833694 1745833694
 0.318067623 0.1152499513  9.874321767  0.4295541564 0.09869688849   9.860825246 1745833694 1745833694
0.2972885916  0.242928958  9.946633556 0.4734370508 0.1303268832  10.06228249 1745833694 1745833694
0.2862358938 0.2808558063  10.00886908 0.4991585887 0.1730142708  10.25623284 1745833694 1745833694
0.3222081281  0.180839079  10.06057814 0.5027960757 0.2244855998  10.42812264 1745833694 1745833694
 0.276237214 0.3054758604   10.0970577 0.4856593388 0.2744441818  10.56101698 1745833694 1745833694
0.2257654517 0.3841586705  10.12293656 0.4501430218 0.3191466301  10.64663177 1745833694 1745833694
0.2845619701 0.2829494133  10.14423587  0.398533064 0.3563884505  10.67914922 1745833694 1745833694
0.2413547383 0.3489642406  10.15877121 0.3419153832 0.3729434852  10.65583521 1745833694 1745833694
0.1820092661  0.375249036  10.17464375 0.2863043643 0.3701461172  10.58391175 1745833694 1745833694
 0.248569346 0.2727497184  10.19561204 0.2336741503 0.3507822923  10.47513919 1745833694 1745833694
0.2084403295 0.2977268614  10.22054121 0.1955143586 0.3089535233  10.34301068 1745833694 1745833694
0.1510651016 0.2977180978  10.25215268 0.1728441167 0.2545284269  10.20734076 1745833694 1745833694
 0.191477959 0.2477213555  10.28768198 0.1626312038 0.1959418483  10.08797456 1745833694 1745833694
0.1867644051 0.2567386457   10.3235846 0.1679314817 0.1375771659  9.999083995 1745833694 1745833694
0.1851749596 0.2487356343  10.35704176  0.1847830414 0.09088923659   9.953957591 1745833694 1745833694
0.2103767829 0.2502045819  10.38293664  0.2082976911 0.06210456313   9.958278096 1745833694 1745833694
0.2280921054 0.2456526119  10.39894991  0.2350097635 0.05636779268   10.01053888 1745833694 1745833694
0.2376649104 0.2620249732  10.40244158   0.261171813 0.07492757069   10.10243021 1745833694 1745833694
0.2500147044  0.312268393  10.39218572 0.2828991404 0.1155726915  10.22066879 1745833694 1745833694
0.2752915074 0.2736785678  10.37231195  0.297682832 0.1773488918  10.35041951 1745833694 1745833694
0.2921304538 0.2997852174  10.34107187 0.3054486457 0.2479056335  10.47176705 1745833694 1745833694
0.2920265372 0.3639874137   10.3017174  0.306696274 0.3190020517  10.56917075 1745833694 1745833694
0.2976084562 0.2996628745  10.26144973 0.3021066608 0.3865476465  10.63272764 1745833694 1745833694
0.3081106935 0.3291692648   10.2147788 0.2939208793 0.4349556569  10.65140994 1745833694 1745833694
0.3017388016  0.418223463  10.16350761 0.2849109117 0.4592684097  10.62391976 1745833694 1745833694
0.2940491659 0.3165362176  10.11588581  0.276848972 0.4622453104  10.55780226 1745833694 1745833694
0.2958634499 0.3051413117   10.0597959 0.2720714068 0.4354670564  10.45618055 1745833695 1745833695
0.2770135904 0.3475595772   9.99570102 0.2717584282 0.3836912878   10.3309809 1745833695 1745833695
  0.24740764 0.2189617136  9.928147702 0.2765452164 0.3148680754  10.19823628 1745833695 1745833695
0.2393801947  0.150100833  9.847712595   0.28659893 0.2331917846  10.06642476 1745833695 1745833695
0.2287781669 0.1760609265   9.75558753 0.3011201805 0.1480071851  9.945931446 1745833695 1745833695
 0.2443285085 0.03280747561   9.656037471 0.3193466011 0.0659299044  9.847330939 1745833695 1745833695
  0.2691660187 -0.08058086875     9.54820003    0.3397901442 -0.006602126806     9.771309893 1745833695 1745833695
  0.2724211601 -0.06021095131    9.438858254   0.3599015738 -0.06351879511      9.7168389 1745833695 1745833695
  0.291588233 -0.1757122922   9.329280706  0.3781854024 -0.1080257135   9.680641913 1745833695 1745833695
 0.3295407994 -0.2834034231    9.22422269  0.3926644582 -0.1388473529   9.655146153 1745833695 1745833695
0.3350856965 -0.221105874  9.135465995  0.4005468742 -0.1547534433   9.633756281 1745833695 1745833695
 0.3361082336 -0.2640967988   9.058760677   0.401140245 -0.1660419466   9.606876462 1745833695 1745833695
 0.3647245931 -0.3217130515   8.998114005 0.3947458872 -0.174227498  9.568948491 1745833695 1745833695
 0.3727535564 -0.2517619694   8.962448065 0.3811933525 -0.178244251  9.519484641 1745833695 1745833695
 0.3480745827 -0.2501786457   8.947253982   0.361086788 -0.1845261619   9.455301186 1745833695 1745833695
  0.350016156 -0.2810541976   8.951517784  0.3377873539 -0.1916777778   9.379435815 1745833695 1745833695
 0.3482496109 -0.1850250798   8.979823879  0.3137867685 -0.1937234205   9.301570089 1745833695 1745833695
 0.3103214481 -0.1531519476    9.02583552  0.2902127594 -0.1924017189    9.22565297 1745833695 1745833695
 0.2952121406 -0.1510558728   9.085363709  0.2705457298 -0.1834198885   9.160173184 1745833695 1745833695
  0.3031458423 -0.04478500897    9.155939512  0.2569745075 -0.1612856057    9.11567112 1745833695 1745833695
 0.2785775191 0.02126116155   9.232353602  0.2487159666 -0.1271310712   9.095937115 1745833695 1745833695
 0.2579075174 0.04658072729   9.309285671   0.2462209183 -0.08040474786     9.10445892 1745833695 1745833695
0.2642795727 0.1162910716  9.381180809   0.2491100713 -0.02131217649    9.142784643 1745833695 1745833695
0.2459585107 0.1623229717   9.44610093   0.254905575 0.04636666258   9.207183894 1745833695 1745833695
0.2319032469 0.1829023945  9.500866646 0.2618255401 0.1186601657  9.291834737 1745833695 1745833695
0.2460161547 0.2455866385  9.542029983 0.2680728171 0.1911681565  9.389114892 1745833695 1745833695
0.2280136208 0.2978730449  9.571619402 0.2713111838 0.2586706185  9.489212923 1745833695 1745833695
0.2143634412  0.317745069  9.590039959 0.2705065941    0.3167219  9.582901941 1745833695 1745833695
0.2260344423 0.3540045437  9.596311952  0.265413309 0.3621238257  9.662331425 1745833695 1745833695
0.2060076478 0.3816483234  9.593751159 0.2559879134 0.3927669281  9.721428318 1745833695 1745833695
0.1951878119 0.3758165425  9.583655547 0.2435011041 0.4078505527  9.756919515 1745833696 1745833696
 0.210576688 0.3818496713   9.56496088 0.2299877707 0.4083732696  9.768788292 1745833696 1745833696
0.2013749101 0.3818322296  9.540316643 0.2169001392   0.39606654  9.759594535 1745833696 1745833696
 0.196121402 0.3470736667  9.510965764 0.2061442914 0.3733033298  9.733628715 1745833696 1745833696
0.2126048272  0.319266074   9.47561003 0.1995954242 0.3435408207  9.696995599 1745833696 1745833696
0.2074887794 0.2946800103   9.43621674 0.1972692708 0.3097760997   9.65585566 1745833696 1745833696
0.2083421834 0.2457923659  9.394021877 0.1990863822 0.2745115255  9.614976483 1745833696 1745833696
0.2273662316 0.1972688973  9.349195391 0.2045607474 0.2404530542  9.578261582 1745833696 1745833696
0.2105026174 0.1786149637  9.304129331 0.2113851488 0.2098797079  9.547901906 1745833696 1745833696
0.2046406896 0.1433739881  9.260722905 0.2181060664 0.1834640914  9.522781562 1745833696 1745833696
 0.2330700592 0.09794736521   9.220504625 0.2238202968 0.1620412559  9.500977126 1745833696 1745833696
 0.2253032264 0.09953604803   9.187125416 0.2258969609 0.1470769694   9.48035207 1745833696 1745833696
 0.2205470659 0.08914271097   9.163057024 0.2241830066 0.1375997216  9.456862817 1745833696 1745833696
  0.251753659 0.05272625286   9.150104325 0.2202241516 0.1328882783  9.428071554 1745833696 1745833696
 0.2551953905 0.07616800874   9.151563659 0.2139776822 0.1344291628  9.394567662 1745833696 1745833696
 0.2611092319 0.09293160817   9.168862619 0.2082595126 0.1398432789  9.356682594 1745833696 1745833696
 0.2884696485 0.05197449088    9.20288077 0.2065445656 0.1464950823  9.317392447 1745833696 1745833696
 0.2998010257 0.07847437824   9.253772349  0.210186016 0.1562164169  9.283976059 1745833696 1745833696
 0.2995272006 0.09004639555    9.32094132  0.221312894 0.1651937472  9.261998828 1745833696 1745833696
 0.3142936814 0.03113500209   9.401577368 0.2418253265  0.170533788  9.258338995 1745833696 1745833696
  0.311847711 0.08760328705    9.49191472  0.270851422 0.1744461573  9.280079734 1745833696 1745833696
0.2994282843 0.0982593866  9.588014356 0.3070629559 0.1724219544   9.33031139 1745833696 1745833696
 0.3117200737 0.03358554584   9.683727161 0.3480474694 0.1642987679  9.410670931 1745833696 1745833696
0.2967795454 0.1268206108  9.773580356 0.3894375296 0.1521587611  9.517454155 1745833696 1745833696
0.2793004815 0.1527585976  9.853755973 0.4274848439 0.1353735821  9.645753425 1745833696 1745833696
0.3034405195 0.0834268557   9.92065419 0.4575862407 0.1171197493  9.787251784 1745833696 1745833696
 0.281204401 0.1929089161  9.972208171  0.4765681287 0.09803720221   9.927922213 1745833696 1745833696
0.2648487934  0.205716189  10.01150969  0.4819396971 0.08258103929   10.05965286 1745833696 1745833696
0.3098170946 0.1283787944  10.04023022  0.4715677169 0.07392450416   10.17204306 1745833696 1745833696
0.2773770888 0.2403143076  10.06158101  0.4484704755 0.06890644701   10.25405682 1745833696 1745833696
0.2611046438 0.2342448797  10.08277245  0.4134190073 0.07364997531    10.3059412 1745833697 1745833697
0.3109980049 0.1666613352  10.10528515  0.3691836572 0.08720674312   10.32732367 1745833697 1745833697
0.2719793566 0.2543152357  10.13165128 0.3236172415 0.1038679992  10.32069703 1745833697 1745833697
0.2562800883 0.2428816625  10.16474832 0.2798751448 0.1273417368  10.29761966 1745833697 1745833697
0.2997753484  0.189570307  10.20172432 0.2418761874 0.1545552501  10.26815929 1745833697 1745833697
0.2770649217 0.2605751711  10.24056056  0.215886252 0.1796395163  10.24137588 1745833697 1745833697
0.2609960269 0.2496781637   10.2812452 0.2031355164 0.2061048421  10.22967595 1745833697 1745833697
 0.282634454 0.2247151142  10.31897791 0.2029626671 0.2315369028  10.23934064 1745833697 1745833697
0.2709629207 0.2540948652  10.35202227 0.2155033466 0.2536207576  10.27198522 1745833697 1745833697
0.2557482691 0.2563828553  10.38004149 0.2374657719 0.2748844361  10.32700754 1745833697 1745833697
0.2602646448 0.2702484388  10.40075542 0.2638573438 0.2944028019  10.39809957 1745833697 1745833697
0.2598420682 0.2750605214  10.41492374 0.2905898476 0.3128286665  10.47627542 1745833697 1745833697
0.2551111093 0.3018580812  10.42141373 0.3139537389 0.3287778425  10.55026701 1745833697 1745833697
0.2537695441 0.3479539907  10.41949905 0.3302708762 0.3411528615  10.60936149 1745833697 1745833697
0.2612020483 0.3125369435  10.41146381 0.3369690198 0.3521397088  10.64626165 1745833697 1745833697
0.2675676653 0.3474647886  10.39146885 0.3347165564 0.3537608058  10.65237809 1745833697 1745833697
0.2685642153  0.399820485   10.3594313 0.3243867851 0.3459393849  10.62635589 1745833697 1745833697
0.2663998096 0.3110128807  10.31924065 0.3082037493 0.3324990752  10.57298129 1745833697 1745833697
0.2728320034 0.3203022052  10.26074879  0.289401182 0.3038979738  10.49250565 1745833697 1745833697
0.2625866696 0.3662137619  10.18570282 0.2717854294 0.2633120668  10.39351656 1745833697 1745833697
0.2659523946 0.2297863612  10.10009129 0.2585312207 0.2174965189  10.28876442 1745833697 1745833697
0.2715806226 0.1941866634  9.996563811 0.2526185421  0.162816831  10.18080274 1745833697 1745833697
0.2600975496 0.2337563535  9.879699053 0.2552851894 0.1057739872   10.0773417 1745833697 1745833697
0.2612029619 0.1033959803  9.756995445  0.2668332046 0.05268722522   9.986986088 1745833697 1745833697
 0.2662433941 0.02139068579   9.628361314   0.2860844836 0.006551302229    9.908301073 1745833697 1745833697
 0.2510081903 0.05960377978   9.500418358   0.3102604395 -0.02686302603    9.841010646 1745833697 1745833697
  0.2458066327 -0.04658292325    9.378268456   0.3365793515 -0.04821460323    9.784598225 1745833697 1745833697
 0.2585869885 -0.1288872032   9.265259752   0.3614680847 -0.05500309663     9.73442251 1745833697 1745833697
  0.2454014688 -0.06543150669    9.168855094   0.3802180587 -0.04529495442    9.687723799 1745833697 1745833697
 0.2362661932 -0.1247687883   9.088597163   0.3903578474 -0.02931261053     9.63916248 1745833697 1745833697
0.2582436553 -0.188464673   9.02665275    0.3904147873 -0.008756953231     9.586732138 1745833698 1745833698
 0.2644543249 -0.1059930235    8.98826533  0.3788841595 0.01559701681   9.532075675 1745833698 1745833698
 0.2597920106 -0.1198941685   8.969346873  0.3563477465 0.03183065249   9.471162751 1745833698 1745833698
 0.2830736867 -0.1562363336   8.968842706  0.3258295727 0.03862211822   9.406529559 1745833698 1745833698
  0.2986066906 -0.08302504168    8.987761783  0.2904592413 0.03796201446   9.343971611 1745833698 1745833698
  0.2743180213 -0.06339189188    9.022122714 0.2526410151 0.0261039261  9.283759277 1745833698 1745833698
 0.2759425677 -0.0708004495   9.067235109  0.2176557547 0.00670115115   9.229418122 1745833698 1745833698
  0.287770964 0.01620600379   9.120770572   0.1892344638 -0.01310916926    9.187061745 1745833698 1745833698
 0.2604935748 0.06016964443   9.180256906   0.1683767247 -0.03086660723    9.157805557 1745833698 1745833698
 0.2440368556 0.05749086515   9.242006673  0.1573002729 -0.0410520942   9.143975715 1745833698 1745833698
0.2577066047 0.1186217213  9.302580386   0.1569833298 -0.03759883301    9.149167439 1745833698 1745833698
0.2442472937 0.1427407823   9.36277735   0.1655883222 -0.01944880942    9.173197115 1745833698 1745833698
 0.235524356 0.1421790336  9.420696129  0.1819331226 0.01402106001   9.215979398 1745833698 1745833698
0.2564525274 0.2028261726  9.473351596 0.2044629375 0.0615796278  9.276794301 1745833698 1745833698
0.2569115103 0.2387134807   9.52249341 0.2303224274 0.1182938383  9.351821144 1745833698 1745833698
0.2537800462 0.2317337252  9.567182034 0.2574248214 0.1786484788  9.436852585 1745833698 1745833698
0.2724873748 0.2336976509  9.603822909 0.2840215436 0.2366904285  9.526948474 1745833698 1745833698
0.2638647821 0.2355725425  9.631853434 0.3081960701  0.286337095  9.615900445 1745833698 1745833698
0.2624754891 0.2128995175  9.648441865 0.3286790637 0.3225818259  9.697502181 1745833698 1745833698
0.2836056781  0.226126815  9.649321408 0.3443239194 0.3422036276  9.765840806 1745833698 1745833698
0.2765704477 0.2384067421  9.634798251 0.3541152575  0.343988652  9.815860423 1745833698 1745833698
0.2739879473 0.2206909905  9.603674706 0.3572529215 0.3288555188  9.843868354 1745833698 1745833698
0.2917127341 0.2116755381  9.555022416 0.3532607484 0.2997112095  9.847974239 1745833698 1745833698
0.2733127407  0.209666523  9.492806489 0.3417153032 0.2608125191  9.828478105 1745833698 1745833698
0.2546128094 0.1790638576  9.420731378 0.3228016547 0.2169457195  9.787171821 1745833698 1745833698
0.2605476976 0.1703644429  9.342685754 0.2979703357 0.1736593777  9.728355167 1745833698 1745833698
  0.23444105 0.1620405554    9.2672803 0.2682167083 0.1354932638  9.657285634 1745833698 1745833698
0.2170009262 0.1358787631  9.200560584 0.2362418239 0.1058033549  9.579740893 1745833698 1745833698
0.2287318942 0.1269842436   9.14782006   0.206353249 0.08743371459   9.502645735 1745833698 1745833698
0.2291437472 0.1265909677  9.115155366  0.1808742865 0.08109162309   9.431495478 1745833698 1745833698
0.2232419664 0.1027209607  9.105801308  0.1627844913 0.08527201082   9.370118214 1745833699 1745833699
 0.2407489629 0.05793446985   9.119355307  0.1559566004 0.09783288578   9.321830114 1745833699 1745833699
 0.2390320107 0.05350956113   9.154542691 0.1606604177 0.1175041965  9.289446409 1745833699 1745833699
 0.2382407644 0.05082208078   9.207163466 0.1772073202 0.1399462164  9.272587657 1745833699 1745833699
  0.256063063 0.02126993928   9.271304878 0.2047152793 0.1611840143  9.270403511 1745833699 1745833699
 0.2551991593 0.06988057623   9.341330195 0.2389320061 0.1807413546  9.283095098 1745833699 1745833699
0.2465987786 0.0987462995  9.411450837 0.2756845497 0.1944835541  9.308208081 1745833699 1745833699
 0.2545210406 0.05277069153   9.477102235 0.3105728761  0.200926789  9.344634891 1745833699 1745833699
0.2590071955 0.1130861262  9.534615473 0.3385447198 0.2023628416   9.39192068 1745833699 1745833699
 0.258868696 0.1474041097  9.584419175 0.3558876451 0.1976094948  9.448364307 1745833699 1745833699
0.2819702123 0.1058557429  9.628018682 0.3607500994 0.1878072032  9.512683774 1745833699 1745833699
0.2802855117 0.1923695933  9.666481904 0.3528660723  0.175498234  9.582540333 1745833699 1745833699
0.2711390653 0.2114507651  9.705201247 0.3346317241 0.1613431134  9.655992208 1745833699 1745833699
0.3011634205  0.157190498  9.745940695 0.3101642112 0.1472826855  9.730126422 1745833699 1745833699
0.2671059019 0.2387965374   9.78914505 0.2847871432 0.1350648826  9.800875868 1745833699 1745833699
0.2522383148 0.2621747617  9.836183287 0.2644961856 0.1260193258  9.866130729 1745833699 1745833699
0.2928307065 0.2107467498  9.885653159 0.2540790942 0.1218883012  9.924029727 1745833699 1745833699
0.2596734352 0.2981302079  9.933658308 0.2573735279 0.1233957777   9.97166295 1745833699 1745833699
0.2468356317 0.3141297265  9.980421199 0.2753080255 0.1322388161  10.01120815 1745833699 1745833699
 0.296335505 0.2651767838  10.02317282 0.3055261931 0.1495082127  10.04493769 1745833699 1745833699
0.2861063927 0.3748567316  10.05761004 0.3447858707 0.1731843427  10.07318465 1745833699 1745833699
0.2720233569 0.3582759105  10.09165639 0.3864562025 0.2056231488  10.10321359 1745833699 1745833699
 0.308494146 0.3023812441  10.12242968 0.4222001732 0.2448249969  10.13837381 1745833699 1745833699
0.2833315994 0.3700677088  10.14993275 0.4470171909 0.2851898928  10.17948809 1745833699 1745833699
0.2681139101 0.3343528131  10.18152794 0.4542128348 0.3279710605  10.23138681 1745833699 1745833699
 0.292834107 0.2753924356  10.21455488  0.440147962 0.3681524409  10.29273077 1745833699 1745833699
0.2582066622 0.3210745083  10.24788053 0.4077936411 0.3982708591  10.35918368 1745833699 1745833699
0.2422911871 0.2967825852  10.28289519 0.3589573381 0.4197436556  10.42824644 1745833699 1745833699
0.2609606689 0.2613501886  10.31475373 0.2994905686 0.4284096215  10.49266313 1745833699 1745833699
0.2488419471  0.262108857  10.34061992  0.239526932 0.4213286606  10.54478518 1745833699 1745833699
  0.24493635 0.2418256738  10.35798826 0.186885454 0.400354349 10.57849145 1745833700 1745833700
0.2604458537 0.2223417315  10.36382144  0.148846383 0.3662141106  10.58814359 1745833700 1745833700
0.2609851968 0.1557645469  10.35883889 0.1315116644 0.3233549809  10.57162697 1745833700 1745833700
0.2649081206 0.1480432904   10.3411062 0.1371440168 0.2715943644   10.5275434 1745833700 1745833700
0.2664514536 0.1606325248  10.31309897 0.1642742222 0.2165214155   10.4598744 1745833700 1745833700
 0.2560154862 0.09038377256    10.2786306 0.2081689607 0.1654617138  10.37661685 1745833700 1745833700
0.2460566568  0.112240789  10.23761922 0.2616297601 0.1166270512  10.28356203 1745833700 1745833700
0.2283137591 0.1781230571  10.19257346  0.3159510765 0.07464189833   10.19098328 1745833700 1745833700
 0.2295165129 0.08261778973   10.14696645  0.3622382412 0.04606587433   10.11144255 1745833700 1745833700
0.2310347369 0.1011995176  10.09793239  0.3940057598 0.02456069354   10.04800696 1745833700 1745833700
0.2172153451 0.1747680874  10.04575924  0.4069551884 0.01121673176   10.00639341 1745833700 1745833700
0.2375683638 0.0833062002  9.991172225  0.3993410617 0.00752689827   9.991526954 1745833700 1745833700
 0.2450786717 0.08077343276   9.930527576   0.3743792207 0.006995408504    9.996882896 1745833700 1745833700
 0.232968086 0.1479979419  9.863303476   0.3368715722 0.007900695823    10.01718997 1745833700 1745833700
 0.2329553275 0.07888618121    9.79067148   0.2936734773 0.009018056338    10.04728914 1745833700 1745833700
  0.249624557 0.04182172181   9.710754356   0.2528951728 0.007526076958    10.07536822 1745833700 1745833700
 0.250664094 0.1108862642  9.625341245   0.2213342004 0.003424894694    10.09148747 1745833700 1745833700
 0.2612851394 0.03588214612   9.537540703    0.2045196035 -0.004250411212     10.08988446 1745833700 1745833700
  0.2925423336 -0.02586738328      9.4475746   0.2055588441 -0.01354690453    10.06354609 1745833700 1745833700
 0.2965245514 0.05939919347   9.359632474   0.2236702172 -0.01979216525    10.01052966 1745833700 1745833700
  0.2969751816 0.009535980597    9.275995895   0.2562303988 -0.02536821794    9.931549889 1745833700 1745833700
  0.3271557427 -0.05439273107    9.197280486   0.2988047443 -0.02645808422     9.83067284 1745833700 1745833700
  0.3373324505 0.007360705588    9.128241625   0.3443270557 -0.01797711983     9.71665812 1745833700 1745833700
  0.3309081826 -0.02967733729    9.070876828   0.3857877991 -0.00553492998    9.594354968 1745833700 1745833700
   0.344856228 -0.09875380762    9.026244696  0.4182800163 0.01160422269   9.472906817 1745833700 1745833700
  0.3482515357 -0.04055166481    8.999506499  0.4375017172 0.03617107913   9.364176026 1745833700 1745833700
  0.3396599158 -0.05845897433    8.991531051   0.440572906 0.05952841571   9.270046335 1745833700 1745833700
 0.3417417046 -0.1072423872   9.003163746  0.4280889662 0.08025268255   9.196363287 1745833700 1745833700
  0.3439451868 -0.03494907311    9.036455369  0.4032267919 0.09952659542   9.149463737 1745833700 1745833700
  0.3149726657 0.004100111566    9.089678336 0.3688454211 0.1117896779  9.126563374 1745833700 1745833700
  0.3013514556 0.004684575092    9.158379128 0.3309890093 0.1169352243  9.126640097 1745833701 1745833701
 0.2982693236 0.06622776313   9.237729045 0.2953360985 0.1178062063  9.148982499 1745833701 1745833701
0.2785107826 0.1088410601  9.322418854 0.2654625926 0.1152763411  9.188994149 1745833701 1745833701
0.2680074202 0.1232993349  9.405051506   0.24474567 0.1123890959  9.242337752 1745833701 1745833701
0.2804756129 0.1744461348  9.477595998 0.2347964883 0.1130401612  9.304774039 1745833701 1745833701
0.2609507966 0.2199452573  9.536337944 0.2345793976  0.119492959  9.371593313 1745833701 1745833701
 0.245976156 0.2142308629  9.577433196  0.241836846 0.1331555403  9.437356666 1745833701 1745833701
 0.260364632 0.2110203521  9.597490086 0.2530837846 0.1545461344  9.497603737 1745833701 1745833701
0.2194868497 0.2116370047  9.599461083 0.2636203013 0.1813648046  9.549272693 1745833701 1745833701
0.1890336738 0.1771744068  9.585275867 0.2693786194 0.2098933889  9.588352619 1745833701 1745833701
0.2126188468 0.1655463176  9.557248513 0.2673795157   0.23566091  9.613136374 1745833701 1745833701
0.1824035463 0.1586882301  9.522742434 0.2554559693 0.2531407507  9.623641336 1745833701 1745833701
0.1529326402 0.1263757409  9.485135478 0.2337606911 0.2573473322  9.620526257 1745833701 1745833701
0.1734433481 0.1138342649   9.44579704 0.2046049151 0.2448362265  9.606870371 1745833701 1745833701
0.1698881383 0.1162976353  9.407344797 0.1710749781 0.2143392521     9.585925 1745833701 1745833701
0.1588458021 0.1110527948  9.369490645 0.1377307001 0.1672698696  9.561599374 1745833701 1745833701
  0.182313439 0.09520848365   9.330359246 0.1100614086 0.1076583645  9.538059212 1745833701 1745833701
 0.2093326972 0.08716841234    9.28910073 0.09235442149 0.04269505824   9.517927107 1745833701 1745833701
 0.2245627853 0.07892094304    9.24594795  0.08753678465 -0.01879995808    9.502519323 1745833701 1745833701
  0.259575871 0.09726458909   9.201224094  0.09813682206 -0.06707322354    9.492653455 1745833701 1745833701
 0.292181118 0.1352920462  9.158460192  0.1232201761 -0.0930299681   9.486870686 1745833701 1745833701
0.3116759553 0.1505791018  9.123108017   0.1597567572 -0.09080331136    9.481885901 1745833701 1745833701
0.3300596275 0.1612621687  9.099770401    0.204626398 -0.05670105547    9.474792785 1745833701 1745833701
0.3166263139 0.2210718368  9.093131009   0.2516502114 0.009995491261    9.463369903 1745833701 1745833701
0.3035290272 0.2575171678  9.106584999 0.2961074703 0.1018409253  9.442735942 1745833701 1745833701
0.3055554729 0.2301009862   9.14192506 0.3346676178  0.208213101  9.410234402 1745833701 1745833701
0.2737233925 0.2771533854  9.195313793 0.3633542963 0.3206139802  9.368565876 1745833701 1745833701
0.2523742335 0.3077568166    9.2636714 0.3822457731 0.4229996946  9.318783656 1745833701 1745833701
0.2603395816 0.2843910769  9.342512939 0.3929080039 0.5020504567  9.266960236 1745833701 1745833701
0.2856965865 0.3584398079  9.421421369 0.3976255356 0.5514900474  9.223082586 1745833701 1745833701
0.2882898362 0.3892090302  9.501283592 0.3989490523 0.5631627694  9.196932648 1745833702 1745833702
0.2962554682 0.3057201082  9.581002143 0.4011578176 0.5361348349  9.201093097 1745833702 1745833702
 0.303944303 0.3721414413  9.650020892 0.4067843118 0.4807332423  9.246322845 1745833702 1745833702
 0.295196576 0.3673852625   9.71754443 0.4166039019 0.4033068103  9.341418756 1745833702 1745833702
0.2992392343 0.2685486345  9.785129393  0.429771328 0.3169306184  9.491328958 1745833702 1745833702
0.2740970933 0.3664232482  9.846769368 0.4426617247 0.2395730106  9.692611714 1745833702 1745833702
0.2494825679 0.3421411838  9.913347209 0.4509952431 0.1801340567  9.939336879 1745833702 1745833702
0.2585037037 0.1725959852  9.983451573 0.4492840009 0.1494084535  10.21720385 1745833702 1745833702
0.2429379976 0.2464432949  10.04739084 0.4323597925 0.1521811394  10.50138184 1745833702 1745833702
0.2483646464 0.3009878979  10.10688023 0.3974459506 0.1855118474   10.7688968 1745833702 1745833702
 0.296144064 0.1414620586  10.16234571 0.3435182017 0.2470118503  10.99596971 1745833702 1745833702
0.2679855495 0.2113221796  10.20378742 0.2761019408 0.3174741622  11.15228791 1745833702 1745833702
0.2262067641  0.262590944  10.23175509 0.2018292575 0.3862027233   11.2209855 1745833702 1745833702
 0.295111414 0.1225941701  10.24662656 0.1246150613 0.4464683532  11.19213202 1745833702 1745833702
0.2634428691   0.13037909  10.24898066 0.06223982612   0.472398667   11.06121337 1745833702 1745833702
0.2096335775 0.1250377198  10.24316982 0.02242995329  0.4601117865   10.84079751 1745833702 1745833702
 0.2694083723 0.02312121881    10.2316589 0.005976742956   0.4096608632     10.5536691 1745833702 1745833702
 0.2548830689 0.02917295662   10.22272698 0.02553299564  0.3125761879   10.22899006 1745833702 1745833702
 0.2117134754 0.02312574389   10.22056064 0.07943532532  0.1825679823   9.905652048 1745833702 1745833702
   0.2338771182 -0.006891554485     10.22598232  0.1583261757 0.03355992949   9.622040257 1745833702 1745833702
0.2384274881 0.0181966417  10.24152878  0.2563783719 -0.1211396707   9.411168778 1745833702 1745833702
 0.2228489892 0.04406212117   10.26570275  0.3614020124 -0.2603380393   9.299179956 1745833702 1745833702
  0.222363773 0.09790095503   10.29404226  0.4582164272 -0.3677699425   9.298528901 1745833702 1745833702
0.2240688891 0.1539820876  10.32227726  0.5334346712 -0.4284671849   9.407972329 1745833702 1745833702
0.2196878982 0.1983941803   10.3461694  0.5766079661 -0.4334872715   9.611873128 1745833702 1745833702
0.2188583154 0.3211690245  10.35944036  0.5809169626 -0.3844871839    9.88117288 1745833702 1745833702
0.2022244809 0.3470086381  10.36474656  0.5455052459 -0.2796582552    10.1826058 1745833702 1745833702
0.2030763855 0.3545528835  10.35916666  0.4736514991 -0.1332717345   10.47627223 1745833702 1745833702
0.2128424078 0.5016405862  10.33734296  0.3751043363 0.03361262051   10.72334752 1745833702 1745833702
0.1844031715 0.4335423038  10.31682794 0.2633119266 0.2146400231  10.90093901 1745833702 1745833702
0.1974323495 0.4466862193   10.2847612 0.1511898013 0.3812151017  10.98603985 1745833703 1745833703
0.2051284272 0.5311387368  10.24266986 0.05400247524   0.518109796   10.97416014 1745833703 1745833703
0.1826902705 0.3943428669  10.20367821 -0.01686380511   0.6184494774    10.87899939 1745833703 1745833703
0.1920218534 0.3690275387  10.14855176 -0.05305462051   0.6675535264     10.7137264 1745833703 1745833703
0.1931751217 0.3942042959  10.07765435 -0.05117994946   0.6651096078    10.50603941 1745833703 1745833703
0.2084894702 0.2224986433  9.994787712 -0.0126417207  0.6151348731   10.28930131 1745833703 1745833703
0.2260375267 0.1219108155  9.887426232 0.05682570985  0.5232387216    10.0853881 1745833703 1745833703
0.2348364403 0.1211953005  9.756601866 0.1468683882 0.4007351535  9.914437379 1745833703 1745833703
  0.2839962962 -0.05727739666      9.6051456 0.2463646499 0.2575376731  9.790596763 1745833703 1745833703
 0.3371116952 -0.1856318577   9.435959026 0.3429933178 0.1081793632  9.711215263 1745833703 1745833703
 0.3573743654 -0.1634001142   9.262871064   0.4249495764 -0.03241565213    9.668315742 1745833703 1745833703
 0.3644049878 -0.2483510784   9.091655386  0.4841716796 -0.1586231992   9.647266001 1745833703 1745833703
 0.3983459361 -0.3283907476   8.934355063  0.5169304049 -0.2600313608   9.629982192 1745833703 1745833703
 0.4165242118 -0.2533780333   8.810485806  0.5216781126 -0.3257460925   9.602780498 1745833703 1745833703
 0.3889494609 -0.2655323781   8.724218932  0.5002623177 -0.3605453576   9.549709997 1745833703 1745833703
 0.4030790354 -0.2944057543   8.681197049   0.462313295 -0.3622731966   9.465115449 1745833703 1745833703
 0.4332158268 -0.1856794696   8.690211519  0.4164221906 -0.3273302793   9.356325048 1745833703 1745833703
   0.41189905 -0.1547577102   8.746486207  0.3681421318 -0.2693422825   9.226360007 1745833703 1745833703
 0.4062192619 -0.1574063257    8.84188797  0.3285636595 -0.1933887717   9.090762543 1745833703 1745833703
  0.4204396163 -0.04829922993    8.967420282  0.3055172157 -0.1026307246    8.97210576 1745833703 1745833703
  0.4057578604 0.002379569436    9.109258724   0.2993029443 -0.01179275164    8.882136865 1745833703 1745833703
 0.3868175451 0.02495307485   9.252473147  0.3110994942 0.07260675416   8.836498231 1745833703 1745833703
0.374523445 0.107011865 9.382319732 0.3383871633 0.1458499781  8.845903129 1745833703 1745833703
0.3721342986 0.1623387216  9.487659573 0.3746863732 0.2021736763  8.910548133 1745833703 1745833703
0.3445788107 0.1850807504  9.562772541 0.4127262205 0.2406679351  9.024856141 1745833703 1745833703
0.3088196947 0.1871160058  9.603577608 0.4462479542 0.2626438467  9.177543303 1745833703 1745833703
0.2968486028 0.1911724989  9.609533367 0.4694815699 0.2714161734  9.352234303 1745833703 1745833703
0.2901396332 0.1949384796  9.585728261  0.478255966 0.2710664898  9.529149479 1745833703 1745833703
0.2575057785 0.2360079621  9.538945004 0.4707662581 0.2656597543   9.68869626 1745833703 1745833703
0.2241249903 0.2943279793   9.47637992 0.4475095296 0.2592153206  9.814561895 1745833703 1745833703
0.2054430726 0.3121338366  9.407359942 0.4105777677 0.2552773208  9.895027852 1745833704 1745833704
0.1820745649 0.2909680044   9.33969135 0.3634960434 0.2563968259  9.923847832 1745833704 1745833704
0.1407529996 0.2809277981  9.277774865 0.3113228725 0.2618191449    9.9005563 1745833704 1745833704
0.1436120566 0.2606345035  9.225622361 0.2576521913 0.2708776231  9.829150076 1745833704 1745833704
0.1578911561 0.2832872124  9.185074122 0.2066452958 0.2819338569  9.719427941 1745833704 1745833704
0.1452002413 0.2997762458  9.159547397 0.1626378457 0.2922854317   9.58570967 1745833704 1745833704
0.1423757346 0.2704248541  9.149800215 0.1272118971 0.2998947829   9.44209192 1745833704 1745833704
0.1738882851  0.224710108  9.153254138 0.1005427723 0.3027395649  9.302647193 1745833704 1745833704
0.1494289867 0.1758261321  9.169084647 0.08402055024  0.2988487821   9.182129736 1745833704 1745833704
0.1440052692 0.1088936981  9.193651145 0.07561191147  0.2878086462    9.09038836 1745833704 1745833704
0.1834735777 0.1424109365  9.222364259 0.07319578571  0.2688692194   9.033626044 1745833704 1745833704
0.1751683704 0.1345053347  9.256352172 0.07659661897   0.244737496   9.017984309 1745833704 1745833704
0.1596420339 0.0924257144  9.292446101 0.08407560067  0.2168585267   9.042814455 1745833704 1745833704
0.1970468736 0.1189328772  9.326615063 0.0939191059 0.1863229961  9.103252549 1745833704 1745833704
 0.2061977632 0.09199562531   9.360709905 0.1061787673 0.1556998663  9.193011797 1745833704 1745833704
 0.2151642587 0.04069869684   9.393178444 0.1206169201 0.1264468405  9.302039934 1745833704 1745833704
0.2568260957 0.1282315847  9.422017022  0.1371688193 0.09964834286   9.418337997 1745833704 1745833704
0.2808912294 0.1339645273   9.45071842  0.1566454669 0.07716948648    9.53230983 1745833704 1745833704
 0.2952031088 0.09524873132   9.479690424  0.1794795377 0.06007656222   9.633768597 1745833704 1745833704
0.3154660592 0.1435980642  9.507610151  0.2059392819 0.04965159661   9.714906647 1745833704 1745833704
  0.31490036 0.1196828503  9.538079546  0.2360564762 0.04665535358    9.77203304 1745833704 1745833704
 0.3186157512 0.05888670906   9.570053681  0.2694890973 0.05194120531   9.804631969 1745833704 1745833704
0.3146982331 0.1354509087  9.602434074  0.3051583425 0.06646203024   9.815158223 1745833704 1745833704
0.3150618739 0.1261838712  9.636647776    0.34166061 0.08881300412   9.809940162 1745833704 1745833704
 0.3122541608 0.06460768049   9.671508347 0.3769514334 0.1177277872  9.796244038 1745833704 1745833704
0.2970747275 0.1215473993  9.704096737 0.4086432953 0.1519453317  9.781945548 1745833704 1745833704
 0.296193405 0.1053838129  9.733501198 0.434437854 0.187448299 9.774561731 1745833704 1745833704
 0.3094478248 0.04122920938   9.757206731 0.4519567374 0.2209278039  9.779165288 1745833704 1745833704
0.3048079805 0.1289798304  9.772859554 0.4590745664 0.2496189799  9.798019363 1745833704 1745833704
0.3048177119  0.153728647  9.780310321 0.4546497611 0.2692001979  9.830561395 1745833704 1745833704
0.3173349143 0.1045029418  9.779906079 0.4383512035  0.277491338  9.873307009 1745833705 1745833705
0.3018684028 0.1787170862  9.771532319 0.4107796395   0.27424763  9.920779068 1745833705 1745833705
0.2782843553 0.2071591559  9.759415035 0.3738202854 0.2596093879  9.966474017 1745833705 1745833705
0.2867640026 0.1738057437  9.746821578 0.3302556227 0.2358022725  10.00368026 1745833705 1745833705
0.2702110281 0.2724379247  9.735553937 0.2834485697 0.2066091579  10.02775377 1745833705 1745833705
0.2406298622 0.3155791475  9.733197652 0.2371805931 0.1760042877  10.03604097 1745833705 1745833705
0.2353793295 0.2627924147  9.744052007 0.1951755343 0.1482005473  10.02821404 1745833705 1745833705
0.2333649251 0.3143272835  9.764732317 0.1607108296 0.1274083611   10.0080381 1745833705 1745833705
0.2107489846 0.3181522518  9.800698075 0.1360911198 0.1156778918  9.981133482 1745833705 1745833705
0.2162900315 0.2222270644  9.851072015 0.1228301669 0.1135443369  9.953970836 1745833705 1745833705
0.2380659159 0.2713240421  9.907118369 0.1215102405 0.1213128867  9.936316511 1745833705 1745833705
0.2383838121 0.2792493732  9.971476871 0.1309522986  0.135442561  9.934037844 1745833705 1745833705
0.2590489779 0.1695884253  10.04148181 0.1495723754 0.1515313827  9.950700447 1745833705 1745833705
0.2962494756 0.1361916722  10.10940653 0.1754805821 0.1664157663  9.990611875 1745833705 1745833705
 0.3292581238 0.08926152529   10.17517255 0.2057508179  0.175229205  10.05146795 1745833705 1745833705
  0.3644304548 -0.04221070853    10.23639436 0.2376458895 0.1739954923  10.12765349 1745833705 1745833705
  0.3851128053 -0.04829913748    10.29214394 0.2696579444  0.162106443  10.21605749 1745833705 1745833705
  0.4006231338 -0.09345652227    10.34113786 0.2997491566 0.1378537757  10.30596662 1745833705 1745833705
 0.4142839512 -0.1915836468   10.38169049 0.3268560811 0.1021698354  10.38902163 1745833705 1745833705
 0.4085430979 -0.1919766675   10.41622947 0.3511320595 0.0586565258  10.46168258 1745833705 1745833705
 0.3964540079 -0.2243484921   10.44176421   0.3720798803 0.009666290587     10.5167887 1745833705 1745833705
 0.3921831483 -0.2756077053   10.45760568   0.3901700689 -0.04090766366    10.55283143 1745833705 1745833705
 0.3769650023 -0.2142025743   10.46788252   0.4055578439 -0.08802229929    10.57422407 1745833705 1745833705
 0.3573509914 -0.2119466691   10.46889145  0.4176977447 -0.1298439873   10.58010166 1745833705 1745833705
0.3586986496 -0.202717881  10.46228621  0.4267481318 -0.1629810672   10.57698348 1745833705 1745833705
 0.3546094286 -0.1201627544   10.45108072  0.4316931458 -0.1846552858    10.5718963 1745833705 1745833705
  0.3216806091 -0.09623171029     10.4348638 0.4312535992 -0.194838918   10.5659164 1745833705 1745833705
  0.3305690632 -0.04754611574     10.4129106     0.4256942 -0.1917754419    10.5637748 1745833705 1745833705
 0.3456238422 0.02295267787   10.38563327  0.4142326666 -0.1750432385   10.56589856 1745833705 1745833705
 0.3393264782 0.08415207335   10.35251271  0.3970534474 -0.1448000108   10.56975829 1745833705 1745833705
0.3442664276 0.1569872308  10.31033342  0.3753298774 -0.1011120165   10.57162507 1745833706 1745833706
0.3412215073 0.1624110358  10.25873156   0.3505716603 -0.04561581802     10.5648655 1745833706 1745833706
0.3005520539 0.2093263245   10.1951393  0.3250946247 0.02161213204    10.5461977 1745833706 1745833706
0.2735156156 0.2796342136  10.11690001  0.3018449562 0.09803452211   10.51002123 1745833706 1745833706
0.2787648339 0.2798277587  10.02686902 0.2835673682 0.1793700834   10.4522542 1745833706 1745833706
0.2681370258 0.3205608392  9.926101048 0.2716102631 0.2627632854  10.37390081 1745833706 1745833706
0.2495870614 0.3903204662  9.818639078 0.2669720623 0.3432463142  10.27645117 1745833706 1745833706
 0.261670014 0.3586201842  9.714014455 0.2699441933 0.4147046084  10.16372458 1745833706 1745833706
0.2511612498 0.4003191008  9.612773791 0.2786595237 0.4741703382  10.04199113 1745833706 1745833706
0.2254138762 0.4565378691  9.521529425 0.2909001182 0.5172893095  9.917332323 1745833706 1745833706
 0.236337633 0.3863829788  9.448671727 0.3037005174 0.5415327353   9.79689582 1745833706 1745833706
0.2304721517 0.4134498069  9.386452694 0.3134321884 0.5469720204  9.684188169 1745833706 1745833706
0.1958769572 0.4543730306  9.337178289 0.3172025148 0.5342989922  9.583144641 1745833706 1745833706
0.2143888246 0.3584261822  9.302755447 0.3123041292  0.506992541  9.496932443 1745833706 1745833706
0.2165789224 0.3655353978  9.270470098  0.297774953 0.4676036691  9.422368261 1745833706 1745833706
0.1776467642  0.377364837  9.241946543 0.2743195937 0.4206363351  9.359627419 1745833706 1745833706
0.2005765432 0.2852053686  9.217424936 0.2427081829 0.3712260944    9.3084361 1745833706 1745833706
0.1903023663 0.2846587174  9.192385398 0.2065565554  0.321513538  9.264817835 1745833706 1745833706
0.1449535262 0.2834450705  9.172644389 0.1699202485 0.2752137396  9.229943823 1745833706 1745833706
0.1612193016 0.2046324144  9.162363884 0.1363980887 0.2347325847  9.207015753 1745833706 1745833706
0.1621778642 0.1901115864  9.162880225 0.1108737031 0.2003314646  9.196173526 1745833706 1745833706
0.1357226329 0.1890437007  9.178329668 0.09713129399  0.1729616894   9.200964851 1745833706 1745833706
0.1577882265 0.1377618669  9.208614705 0.0972995813 0.1525156606  9.226117798 1745833706 1745833706
0.1855624289 0.1400542467  9.249450151 0.1123566151 0.1379258133  9.270815155 1745833706 1745833706
  0.17784506 0.1408295225   9.29681841  0.141566709 0.1285467688  9.333439172 1745833706 1745833706
 0.191776732 0.0824342441    9.3427817 0.1820757145 0.1232861859    9.4112619 1745833706 1745833706
 0.2245965838 0.07318844841   9.378331983 0.2299280876 0.1210933625  9.496097183 1745833706 1745833706
 0.2398999825 0.06674401792   9.398840385 0.2803510859 0.1210228441  9.579016984 1745833706 1745833706
 0.2568476782 0.03771364188   9.401071927 0.3276667948 0.1220010363   9.65079224 1745833706 1745833706
 0.2595391039 0.06812021873   9.385916038 0.3669432037 0.1223451471  9.701617015 1745833706 1745833706
 0.2591004342 0.08127423998   9.358105334 0.3939089105 0.1217324936  9.725149234 1745833707 1745833707
0.2706862702 0.0416916178  9.324867606 0.4052174699 0.1203663061  9.717655921 1745833707 1745833707
 0.2487201026 0.06516881623   9.295193871 0.4005303288 0.1162719437   9.67828408 1745833707 1745833707
 0.2380849156 0.08111234665    9.27595555 0.3800611686 0.1104000463  9.611330497 1745833707 1745833707
 0.2564957275 0.06306939558   9.272378718 0.3459941792 0.1038592543  9.524861719 1745833707 1745833707
 0.2537031284 0.08306939291   9.287294179  0.3035328228 0.09638416949   9.429541963 1745833707 1745833707
 0.2447508523 0.09348450448   9.319137109    0.25811208 0.08974207598    9.33832098 1745833707 1745833707
0.2655662817  0.121084134  9.362127535  0.2154705111 0.08492977106   9.263784462 1745833707 1745833707
0.2721611031  0.148537379  9.411184766  0.1822703533 0.08323437812   9.217195474 1745833707 1745833707
0.266243584 0.150587405 9.459832209  0.1634966938 0.08558664853   9.206340446 1745833707 1745833707
0.2829552989  0.165338074  9.500422149 0.1622373827  0.091864796  9.234559324 1745833707 1745833707
0.2957661466 0.1668121983  9.529822613 0.1796685349 0.1018900999  9.299876098 1745833707 1745833707
0.3024327606 0.1522700012   9.54597274 0.2141720166  0.114602222  9.395343535 1745833707 1745833707
0.3116581104 0.1590090758  9.547734286 0.2616409408 0.1280190242  9.509904547 1745833707 1745833707
0.3141722158 0.1570391095  9.537044817 0.3162177907 0.1403833551   9.62976541 1745833707 1745833707
0.3210362945 0.1332072361  9.515565663 0.3709287363 0.1497655579  9.740300742 1745833707 1745833707
0.3222401543 0.1007552515  9.485285424 0.4186857138 0.1546693244  9.827795555 1745833707 1745833707
0.3086339523 0.0787833903   9.44805001 0.4535638546 0.1542342329  9.881351312 1745833707 1745833707
 0.3185203633 0.05474414755    9.40435453 0.4711639174 0.1484571638  9.894015907 1745833707 1745833707
0.3282678989 0.0704803875  9.356481142 0.4696901112 0.1379929968  9.863711859 1745833707 1745833707
 0.3170462505 0.09204350046   9.307575048 0.4503493129 0.1245807128  9.793976667 1745833707 1745833707
 0.3148680704 0.09311758347   9.259782608 0.4162852643  0.110644334  9.692704622 1745833707 1745833707
0.3226262112 0.1118840811  9.216296931  0.3725265767 0.09825076677   9.571132808 1745833707 1745833707
0.3147248323 0.1225456793  9.182207453  0.3259162702 0.08974428174   9.443431561 1745833707 1745833707
0.3124026747 0.1232221162  9.160514994 0.2827569239 0.0868432682  9.323813639 1745833707 1745833707
0.3230289512  0.173186727  9.152745262  0.2481459584 0.08987710004   9.224684976 1745833707 1745833707
0.3190421992 0.1854449251  9.162288843 0.2266020021  0.100040554  9.157446826 1745833707 1745833707
0.3090939461 0.1690537759  9.187805421 0.2199333233  0.116568613   9.12826059 1745833707 1745833707
0.3099299728 0.2019418127   9.22400748 0.2271455721 0.1373073091   9.13795098 1745833707 1745833707
0.3043907025 0.1844146675  9.268485075 0.2458756164 0.1612288442  9.184532708 1745833707 1745833707
 0.297058002 0.1426635549  9.314337951 0.2721430707 0.1859304847  9.260350475 1745833708 1745833708
0.2885960272 0.1898565902  9.353458067 0.3009890396  0.208658799  9.353910786 1745833708 1745833708
0.2767605127 0.1810190297  9.383395483 0.3278095705  0.228141516  9.454358076 1745833708 1745833708
0.2733791126 0.1377819475  9.400241342 0.3488696085 0.2427599984  9.549085456 1745833708 1745833708
0.2643613688 0.1846156797   9.40185308 0.3616008867 0.2512198422   9.62606726 1745833708 1745833708
0.2606711704 0.1734754053  9.392787093 0.3651984315 0.2536971234  9.678164293 1745833708 1745833708
0.2695306107 0.1385097415  9.376916969 0.3603054493  0.250602939  9.700520123 1745833708 1745833708
0.2618737141 0.1967499744  9.359334365 0.348550304  0.24261239 9.691663929 1745833708 1745833708
0.2558098993 0.1956663054  9.348859489 0.3322173517 0.2316880125  9.656611804 1745833708 1745833708
0.2556360263  0.151256578   9.35091207 0.3136940248 0.2195504805   9.60262029 1745833708 1745833708
 0.239904011 0.2177900835  9.367012986 0.2947222495 0.2073434939  9.537844142 1745833708 1745833708
 0.224649311 0.2063131264   9.40172419 0.2765879796   0.19729961  9.475605836 1745833708 1745833708
0.2218944874 0.1403268173   9.45274279 0.2598592307 0.1903075744   9.42680732 1745833708 1745833708
0.2093385994 0.2149915158  9.513338681 0.2443634792 0.1865341392  9.398807319 1745833708 1745833708
0.2079944263 0.1960127854  9.582334884 0.2298174485 0.1862689932    9.4014304 1745833708 1745833708
0.2168168877 0.1132952904  9.653440381 0.2160437013 0.1884221489  9.437620804 1745833708 1745833708
0.2132543101 0.1945621998  9.718980949 0.2030012696 0.1924873657  9.505463722 1745833708 1745833708
0.2066434834 0.1826389069  9.779876258 0.1914034339 0.1962075478  9.602737461 1745833708 1745833708
 0.2155946182 0.09501224067   9.834177253  0.182357323 0.1977491578  9.721413871 1745833708 1745833708
0.2082480317 0.1763069348  9.879995066 0.1768399527  0.197660175  9.852189968 1745833708 1745833708
0.1850472414 0.1742264141  9.922798872  0.175839997 0.1930512123  9.983955225 1745833708 1745833708
 0.2027686312 0.08954544606   9.963759619 0.1805088692 0.1833457732  10.10545052 1745833708 1745833708
0.2040343446 0.1753953995  10.00252712 0.1906496657 0.1714220181  10.21001313 1745833708 1745833708
0.2231367411 0.1697869485  10.04272816 0.2051731501 0.1553909664  10.28820235 1745833708 1745833708
 0.2675467609 0.07040733949   10.08359408 0.2224483713 0.1364355082  10.33597503 1745833708 1745833708
 0.2858703854 0.09967083456   10.12274135 0.2400723464 0.1181061567  10.35672382 1745833708 1745833708
0.2561870526 0.1145150473  10.16120007 0.2554496162 0.1000946593   10.3518585 1745833708 1745833708
  0.2777575165 0.003506304989    10.19655593  0.2675422752 0.08226792198   10.32562558 1745833708 1745833708
  0.3067510902 -0.01355341785    10.22937359  0.2752687845 0.06669557822   10.28993556 1745833708 1745833708
  0.3045897868 -0.03201084432    10.26397605  0.2778950095 0.05196037394   10.25284646 1745833708 1745833708
 0.3383540214 -0.1393968832   10.30138171   0.276764604 0.03629173836   10.22218984 1745833709 1745833709
 0.3683161948 -0.1144726291   10.34909291  0.2739214036 0.01971130499   10.20985454 1745833709 1745833709
 0.3625024708 -0.1166921035   10.41027902   0.2711102394 -0.00059331963    10.21981498 1745833709 1745833709
 0.4011064755 -0.1865414213   10.48287092    0.271053398 -0.02631377805    10.25466567 1745833709 1745833709
 0.4293818466 -0.1726689882   10.56937666   0.2757609661 -0.05692785366    10.31855726 1745833709 1745833709
 0.4149589224 -0.1823519138    10.6643923   0.2855303344 -0.09289544062    10.40766196 1745833709 1745833709
0.4436717807 -0.241570134  10.75560388  0.3009244089 -0.1328898136   10.51581297 1745833709 1745833709
 0.4603803362 -0.2144574543   10.83753318  0.3209411182 -0.1726976229   10.64046772 1745833709 1745833709
 0.4265633903 -0.2237358073   10.89831623  0.3422162945 -0.2097666752   10.76979083 1745833709 1745833709
 0.4303866214 -0.2369941393   10.92521377 0.3631842537 -0.239267141  10.89394131 1745833709 1745833709
 0.4308571855 -0.1688666147   10.91448049  0.3816639345 -0.2551800289   11.00610436 1745833709 1745833709
 0.3817806349 -0.1585881353   10.86201189  0.3945757229 -0.2550913041   11.09142438 1745833709 1745833709
 0.3709387784 -0.0922529504   10.76742646  0.4019900175 -0.2341666758   11.14398109 1745833709 1745833709
   0.360803271 -0.01442637382    10.63649748  0.404272565 -0.191100771  11.15507819 1745833709 1745833709
 0.3027312252 0.07982344337   10.47913996  0.4005693684 -0.1261985359   11.12031317 1745833709 1745833709
 0.268938121 0.2096274431  10.30294866  0.3934215539 -0.0413863711   11.03824489 1745833709 1745833709
0.2611083822  0.212080598  10.12284469  0.3844971263 0.05631798588   10.90841938 1745833709 1745833709
0.2197582447 0.2868269658  9.947531307 0.3743105199 0.1647815127  10.74143772 1745833709 1745833709
0.1814786426 0.3945009768   9.78476267 0.3640500155 0.2764593551  10.54542222 1745833709 1745833709
0.1879551735 0.3923738914  9.645621819 0.3541674533 0.3826185365  10.33215738 1745833709 1745833709
0.1798179578 0.4636741511  9.527224219 0.3430877544 0.4786899187    10.114598 1745833709 1745833709
0.1476111728 0.5525280844  9.431378387 0.3297832988 0.5578731153  9.904730326 1745833709 1745833709
0.1646050066 0.4798831237  9.364741634 0.3130983505 0.6155966842  9.715617239 1745833709 1745833709
0.1751453554 0.5144395872  9.309496579 0.2918031543 0.6494017437  9.551569694 1745833709 1745833709
0.1503184191 0.5504010137  9.266845056   0.26599472 0.6578881218  9.418520354 1745833709 1745833709
0.1827873888 0.4449106717  9.238336655  0.235663429 0.6428748926  9.319481796 1745833709 1745833709
0.1879843997 0.4429727951  9.208269768 0.2032488609 0.6049933115  9.248511329 1745833709 1745833709
0.1541114281 0.4343240173  9.180258457 0.1715666617 0.5484818839  9.203313693 1745833709 1745833709
0.1873358019 0.3064261791  9.155720338  0.142774186 0.4788846578  9.179657672 1745833709 1745833709
0.1782721985 0.2752824127  9.128067578 0.1210916951  0.399498152   9.16867994 1745833709 1745833709
0.1399610509 0.2505958631  9.102136658  0.109105136 0.3165205385  9.166627525 1745833710 1745833710
0.1746427925 0.1516957708  9.079680367 0.1075057014 0.2359861789  9.171341333 1745833710 1745833710
0.1951382943 0.1266598174  9.060678322 0.1173775315 0.1616786418  9.177977158 1745833710 1745833710
0.1763389407  0.123000659  9.048763588  0.1377689852 0.09834700423   9.185801599 1745833710 1745833710
 0.2118756787 0.07032607265    9.04393502  0.1655033526 0.05011096086    9.19659359 1745833710 1745833710
0.2489492499 0.0774552462  9.046662531  0.1976266613 0.01810744716   9.208140056 1745833710 1745833710
0.2443569709 0.0958451105  9.058933626   0.2310324612 0.003670940375     9.22061614 1745833710 1745833710
 0.2630837639 0.07982462564   9.079395158   0.2618213827 0.006664553654    9.235642197 1745833710 1745833710
0.2736677142 0.1143105088  9.107717606  0.2878678768 0.02432419133   9.251424096 1745833710 1745833710
0.2575809065  0.143582764  9.144363185  0.3082767028 0.05430250203   9.268579325 1745833710 1745833710
0.2650198287 0.1424211413  9.187463567  0.3223196628 0.09245222787   9.288456097 1745833710 1745833710
0.2668956774 0.1774899972  9.235533429 0.3314203872 0.1338416317  9.310607304 1745833710 1745833710
0.2540232308 0.1929972739  9.288034719  0.337399462 0.1742925519   9.33667059 1745833710 1745833710
0.2522036307 0.1820261284  9.342277131 0.3418564204 0.2093105654  9.368141999 1745833710 1745833710
0.2608140409 0.1885225232  9.394830333 0.3465641187 0.2352556074  9.405586564 1745833710 1745833710
0.2657606826 0.1726090231  9.444086813  0.352492078 0.2498458076  9.449495978 1745833710 1745833710
0.2725996749 0.1527970524  9.486811646 0.3594217508 0.2518482109  9.499079745 1745833710 1745833710
0.2950161272  0.149220479  9.520008714 0.3664312404 0.2414346388  9.552242442 1745833710 1745833710
0.3141676835 0.1231102288  9.543278498 0.3719227817 0.2203014411  9.606096574 1745833710 1745833710
0.3197415638 0.0910940327  9.556065687  0.373815032 0.1912969477  9.656726726 1745833710 1745833710
 0.3173654524 0.08912487305   9.558289127 0.3703705351 0.1572697097  9.699606858 1745833710 1745833710
 0.3275174244 0.06896322244   9.551059795 0.3602228314 0.1220985272  9.730575596 1745833710 1745833710
  0.335348342 0.05989383374   9.536578413  0.3430533792 0.08947253785   9.746432334 1745833710 1745833710
0.3046244546 0.0820916576  9.518239521  0.3201390749 0.06189916829   9.745669315 1745833710 1745833710
 0.2929233517 0.07869226965   9.496744718  0.2930575679 0.04198676336   9.728048181 1745833710 1745833710
 0.3010376269 0.08505110795   9.473771683  0.2647918781 0.03085195874   9.695749239 1745833710 1745833710
 0.2798035868 0.09882912483   9.452238826  0.2392586267 0.02877870759   9.652958966 1745833710 1745833710
0.2703785028 0.1004678372  9.431850805  0.2199741215 0.03538289891   9.604912666 1745833710 1745833710
0.2822292367 0.1341164021  9.412091142  0.2101230309 0.04930542583   9.557332801 1745833710 1745833710
  0.28780319 0.1496422065  9.394187101  0.2120727367 0.06909383202   9.515473483 1745833710 1745833710
0.2920284718  0.150581074  9.377643214  0.2266433488 0.09288993684   9.483140127 1745833711 1745833711
0.3041096558 0.1719315838   9.36114897 0.2529159009 0.1185082317  9.462121169 1745833711 1745833711
0.3108110678 0.1754472152  9.345424801 0.2885727321 0.1442897103  9.452333396 1745833711 1745833711
0.3234526692 0.1607963926   9.32997857 0.3298989491 0.1686562701    9.4519176 1745833711 1745833711
0.3317379658 0.1711171033  9.314505027 0.3722258661 0.1898686257  9.457392304 1745833711 1745833711
0.3263954756 0.1679399791  9.300439333 0.4108626834 0.2071308106   9.46549863 1745833711 1745833711
0.3350063382 0.1470047004  9.287485964 0.4410552334 0.2195798982  9.472754253 1745833711 1745833711
0.3440200166 0.1717183463  9.275753629 0.4588285249 0.2260649144  9.475840275 1745833711 1745833711
0.3306620509 0.1813350647  9.267720444 0.4620755107   0.22705322  9.473961187 1745833711 1745833711
0.3164377779 0.1523528224   9.26338084 0.4496145376  0.222954943  9.466712697 1745833711 1745833711
0.3102630362 0.1606531625  9.260992785 0.4219027982 0.2135243386  9.453694374 1745833711 1745833711
0.2635580807 0.1376459475  9.262758511 0.3819381342 0.2006401375  9.437294609 1745833711 1745833711
  0.232769412 0.09020476201   9.265733419 0.3331756127 0.1856890472   9.41910234 1745833711 1745833711
0.2233099439 0.1495625453  9.267544858  0.280430854 0.1697242703  9.399979003 1745833711 1745833711
0.1976630503 0.1484071369  9.270654702 0.2293785056 0.1560839198  9.383950744 1745833711 1745833711
 0.172117081 0.1103576889  9.274191202 0.1851821278 0.1463616263  9.372593972 1745833711 1745833711
0.1674910629 0.1479808064    9.2766088 0.1518289425 0.1411496559  9.366170068 1745833711 1745833711
0.1723198457 0.1237031119  9.280980826 0.1322772245  0.141509888  9.367163005 1745833711 1745833711
  0.183304146 0.07528040712   9.287895739 0.1277226747  0.146899702    9.3755877 1745833711 1745833711
0.1868084385 0.1441428363  9.297533153 0.1369914294 0.1552148277  9.389594248 1745833711 1745833711
0.2042054727 0.1420685144  9.313000022 0.1579903425 0.1655600683  9.411992406 1745833711 1745833711
 0.2244056924 0.09507368072   9.335376615 0.1871495604 0.1756533815  9.442120192 1745833711 1745833711
0.2236878044 0.1790414637  9.363723032 0.2196250089 0.1829253553  9.477098433 1745833711 1745833711
0.2269877132 0.1796573333  9.401068456 0.2512423336 0.1863330099  9.519111906 1745833711 1745833711
0.2451880199 0.1292516408  9.447010164 0.2780856678 0.1847999502  9.566297433 1745833711 1745833711
0.2389548965 0.2474585939  9.498527078  0.297013982 0.1791636383  9.615024624 1745833711 1745833711
0.2637881114 0.2527787958  9.559328482 0.3070012759  0.169734395  9.666095538 1745833711 1745833711
0.2977562631  0.188949068  9.628758933 0.3080482964  0.158179507  9.716679946 1745833711 1745833711
0.2827030846  0.290478825  9.702158867 0.3010876742 0.1484350123   9.76491779 1745833711 1745833711
0.3006239553 0.2733612577  9.782812562 0.2892482817 0.1405707988   9.81054143 1745833711 1745833711
0.3361743957 0.1703098067   9.86807351 0.2752727687 0.1363072324  9.852832294 1745833712 1745833712
0.3208167493 0.2396611915  9.952200129   0.26153462 0.1389087654  9.894228733 1745833712 1745833712
0.2613903669 0.2815522098  10.03586007 0.250387586 0.146195729  9.93567922 1745833712 1745833712
0.2738800927 0.1655050107  10.11570337 0.2446320726 0.1557101958  9.977365226 1745833712 1745833712
0.2651229141 0.1432005071  10.18507045 0.2439520135 0.1677501491  10.02386062 1745833712 1745833712
0.2482600289 0.1301964012  10.24279817 0.2482252482 0.1790776382  10.07569903 1745833712 1745833712
  0.2789937436 -0.01550926356    10.28655723 0.2565861838 0.1859968145  10.13055942 1745833712 1745833712
  0.3019547003 -0.01016047707    10.31625137 0.2673299512 0.1887640794  10.19202774 1745833712 1745833712
   0.2743834974 -0.002158074442     10.33610417 0.2781116737 0.1843690762  10.25621092 1745833712 1745833712
 0.3107329175 -0.1067716518   10.34676256 0.2879859167  0.170769351  10.31723672 1745833712 1745833712
  0.3381147999 -0.08666826626    10.35787544 0.2962514405 0.1495524048  10.37718468 1745833712 1745833712
  0.3273712074 -0.07807192988    10.37720554  0.301821576 0.1195148134  10.43159592 1745833712 1745833712
  0.367981071 -0.1510110112   10.40868998  0.3057282941 0.08059730481   10.47778817 1745833712 1745833712
 0.3939875524 -0.1260474198   10.46256654  0.3090885732 0.03517418839   10.52116635 1745833712 1745833712
 0.3667277179 -0.1334156925   10.54190442   0.3120301643 -0.01658536409    10.56231914 1745833712 1745833712
 0.3937626688 -0.2032124858   10.64106247   0.3170549085 -0.07303444177    10.60453623 1745833712 1745833712
 0.4087322839 -0.2047336698   10.75843614  0.3247127902 -0.1306202749   10.65681211 1745833712 1745833712
 0.3884792253 -0.2460533901   10.88217571 0.3346254493  -0.18721313  10.72135366 1745833712 1745833712
 0.4170213692 -0.3021106833   10.99500495  0.3473378036 -0.2387932369   10.80086477 1745833712 1745833712
 0.4438287085 -0.2806751711   11.08504251  0.3620561967 -0.2797855225   10.89857739 1745833712 1745833712
0.4030452617 -0.288539647  11.13662003  0.3756964835 -0.3068148198   11.00740412 1745833712 1745833712
 0.4096292817 -0.2663130265    11.1345224  0.3873571689 -0.3148965165   11.11936169 1745833712 1745833712
 0.4205502718 -0.1845873755   11.07359945   0.396080912 -0.2994605994   11.22344241 1745833712 1745833712
 0.3685428485 -0.1433660998   10.95349011 0.3985484868 -0.260234414  11.30123867 1745833712 1745833712
   0.355648485 -0.01302604521    10.77791299  0.3950876138 -0.1951699036    11.3400805 1745833712 1745833712
 0.3645985459 0.09511391507    10.5578126  0.3868594883 -0.1083457989   11.32154926 1745833712 1745833712
0.3015106933 0.2415738802  10.31179678    0.3709690908 -0.004023796334     11.23794905 1745833712 1745833712
0.2596701138 0.4147432536   10.0535349 0.3501963048 0.1104908691  11.08365926 1745833712 1745833712
 0.257291085 0.3960992321  9.810089202 0.3261535106 0.2230364965  10.86098492 1745833712 1745833712
0.2250334177 0.4779104694  9.587534139 0.2986258889 0.3312358961  10.58639115 1745833712 1745833712
0.1707337642 0.5846567954  9.398116094 0.2693788842 0.4264825717  10.27697934 1745833713 1745833713
0.1708468776 0.5394114685   9.25653456 0.2407903158 0.5024827098  9.958925132 1745833713 1745833713
0.1639483945 0.6064964977  9.148035465 0.2134492598 0.5591256981  9.653451506 1745833713 1745833713
0.1081244461 0.6735138749  9.074403173 0.1891874053  0.595353953  9.383463589 1745833713 1745833713
0.1172146319 0.5616935353  9.038544982 0.1694464546 0.6140562021  9.171572927 1745833713 1745833713
0.1179643022 0.5568825875  9.012213682 0.1550732048 0.6178445387  9.020035211 1745833713 1745833713
0.08811682719  0.5662530306   8.993120051 0.1474174149 0.6105121111  8.932412057 1745833713 1745833713
0.1164495029 0.4679244554  8.980675656 0.1459631183 0.5963525945  8.906192953 1745833713 1745833713
0.1325393087 0.4555198288  8.960896229 0.1513015352  0.575821268  8.924145019 1745833713 1745833713
0.1229503224 0.4384242909  8.939169744 0.1632332268  0.550381392    8.9726337 1745833713 1745833713
0.1652791237 0.2933335497  8.921894172 0.1796800069 0.5212089676  9.037110141 1745833713 1745833713
0.1878403638 0.2394586769  8.905055815  0.200284076 0.4836708648  9.097397036 1745833713 1745833713
0.1917111254 0.1891346199  8.897346671 0.2236085576 0.4368644676  9.143433524 1745833713 1745833713
 0.2378914577 0.06446389078   8.901977339 0.2460380421 0.3810423935  9.169333373 1745833713 1745833713
 0.2522685897 0.03337380542   8.920319938 0.2675043545 0.3124671521  9.170230438 1745833713 1745833713
 0.2447501545 0.01050484672   8.953380958 0.2862823453 0.2341378909  9.150844062 1745833713 1745833713
  0.2782262473 -0.04465434423     8.99703023 0.2994334021 0.1503287614  9.118710698 1745833713 1745833713
  0.2780994117 -0.03432979432    9.050153181 0.3078789986 0.0641648235  9.081168679 1745833713 1745833713
   0.2593349628 -0.009967290811     9.108115971   0.3112488656 -0.01672111071    9.048923017 1745833713 1745833713
  0.2739601605 0.009019255971    9.165571641    0.309479286 -0.08489254736    9.031705568 1745833713 1745833713
 0.2649820582 0.05194839432   9.221304429  0.3046280495 -0.1342247941   9.035523265 1745833713 1745833713
  0.249215274 0.08860794001   9.273267508  0.2982603501 -0.1590846473   9.064966531 1745833713 1745833713
0.2630718298 0.1413197549  9.319970164  0.2919523029 -0.1570407687   9.121140008 1745833713 1745833713
0.2747558097 0.1837006386  9.363292269  0.2877086406 -0.1282807288   9.201365745 1745833713 1745833713
0.2777544568 0.1993956276  9.405132576   0.2867891097 -0.07629345904    9.300346529 1745833713 1745833713
0.2888809717 0.2189987973  9.445514829    0.2896491604 -0.007686713216     9.410885652 1745833713 1745833713
0.2962714376 0.2327659413  9.485342885  0.2962301137 0.06950739541   9.524654598 1745833713 1745833713
0.3064448162 0.2112262735  9.524361944  0.305663268 0.1461785747  9.633424695 1745833713 1745833713
0.3147129642 0.1964943887  9.559726096 0.3164995358 0.2135514079  9.729608604 1745833713 1745833713
0.3089474905 0.1856525714  9.589023366 0.3271063183 0.2645346081  9.807270951 1745833713 1745833713
0.3083279156  0.142165929  9.608987877 0.3357147676 0.2944653742  9.862215947 1745833713 1745833713
0.3072140961 0.1156726095  9.616026301 0.3407828629 0.3017284752  9.892293985 1745833714 1745833714
0.2733872478 0.1050073249  9.609565666 0.3414291318 0.2873331274  9.897629917 1745833714 1745833714
 0.2624460865 0.07295653932   9.588351399 0.3371363642 0.2551882352  9.879810342 1745833714 1745833714
 0.2697130952 0.07176685746   9.554118169 0.3282862886 0.2110244391  9.842421064 1745833714 1745833714
 0.2566452874 0.08289592534    9.51184146 0.3162284628 0.1616037388  9.790439242 1745833714 1745833714
 0.2568158514 0.07278366455   9.465672413 0.3026895957  0.113836284  9.729538161 1745833714 1745833714
 0.2718883804 0.08390827218   9.420175405  0.2897139569 0.07337825232   9.665327754 1745833714 1745833714
  0.280300554 0.09422188227   9.380223288  0.2796372347 0.04461449455    9.60296185 1745833714 1745833714
 0.2947734341 0.09176476925   9.347960535  0.2742908114 0.02996847294   9.546527497 1745833714 1745833714
0.3146001212 0.1129386134  9.323159848 0.2747819928 0.0295024162  9.498224179 1745833714 1745833714
0.3341771479 0.1205559975  9.304297344 0.2815773107 0.0420357538  9.459040676 1745833714 1745833714
0.3446570729 0.1088256715   9.28799899  0.2942439552 0.06482120658   9.428310442 1745833714 1745833714
0.3475077664  0.126645953  9.269040225  0.3109644043 0.09379872012   9.403659048 1745833714 1745833714
 0.329973064 0.1250912754  9.244328473 0.3297972962   0.12546003  9.382918533 1745833714 1745833714
 0.3188866843 0.09767137955   9.210315937  0.347864812 0.1560617305  9.363251638 1745833714 1745833714
0.3142958294 0.1218868763  9.165923117  0.361976475 0.1815994696  9.341325317 1745833714 1745833714
0.2778247624  0.117896805  9.116015362 0.3702159545 0.2008319589  9.316776301 1745833714 1745833714
  0.255191272 0.08661278812   9.064244171 0.3704645342 0.2125394732  9.289403932 1745833714 1745833714
0.2495922856 0.1301404964  9.016451228 0.3619796265 0.2153487967  9.259090288 1745833714 1745833714
0.2408060638 0.1306617777   8.98218965  0.345656485 0.2115045452    9.2303289 1745833714 1745833714
0.2341749583 0.1043385992  8.967937672 0.3233864152 0.2022445512  9.206508799 1745833714 1745833714
0.2349686683  0.164204372  8.976750779 0.2977034183 0.1883321881  9.189510917 1745833714 1745833714
0.2446109808 0.1615817985  9.012736511 0.2720983033 0.1734990195  9.185464021 1745833714 1745833714
 0.251805511 0.1349841948  9.074510923 0.2500301546 0.1596965098  9.195873293 1745833714 1745833714
0.2335065048 0.2227681175  9.156256986 0.2337288196 0.1480754762   9.21900028 1745833714 1745833714
0.2365442991 0.2305944399  9.254527655 0.2248271981 0.1418660096  9.258479189 1745833714 1745833714
0.2429729842 0.1926230415  9.362493927 0.2236436208 0.1421156601  9.311537302 1745833714 1745833714
0.2209055134 0.3062923274  9.469384203 0.2287015541 0.1489958192  9.372692853 1745833714 1745833714
0.2253706576 0.3185120696  9.574776605 0.2376629816 0.1628852341  9.443021109 1745833714 1745833714
0.2441494726 0.2541658308  9.674777012  0.247609405 0.1822978626  9.518815648 1745833714 1745833714
0.2336070349 0.3390938005  9.761645243 0.2551463382 0.2055152752  9.596120394 1745833715 1745833715
0.2341310079 0.3092925472  9.842160767 0.2579316687 0.2294910996  9.675496447 1745833715 1745833715
0.2641227389 0.1925728953  9.915120662 0.2547096022 0.2507597849  9.754993269 1745833715 1745833715
 0.263525177 0.2729337032  9.976686635 0.2452436027 0.2682373091  9.834763114 1745833715 1745833715
0.2429873953  0.240254908  10.03555567 0.2311207984  0.277575734  9.914758235 1745833715 1745833715
  0.252694718 0.09927088166   10.09011233 0.2156179945 0.2765788682  9.993583146 1745833715 1745833715
0.2525414304 0.1310669241  10.13708344 0.2025434752 0.2675510979  10.07345906 1745833715 1745833715
 0.2368055771 0.07188704133   10.17946158 0.1948875644 0.2478613544  10.15102044 1745833715 1745833715
  0.2482326528 -0.06829192678    10.21328716 0.1956709038 0.2189347025  10.22410466 1745833715 1745833715
   0.2527024836 0.0006910498877     10.23860948  0.206225267 0.1866241346  10.29494261 1745833715 1745833715
  0.2553234467 -0.01335306526    10.25376808 0.2252549328 0.1499786545  10.35599074 1745833715 1745833715
 0.2811933793 -0.1076995507   10.25766097 0.2503567321 0.1120351263   10.4040345 1745833715 1745833715
  0.2933192743 -0.05695650495    10.25397897  0.2775354614 0.07780015045   10.44015047 1745833715 1745833715
  0.2743961997 -0.01030534492    10.24478439  0.3014732022 0.04768439032   10.45997373 1745833715 1745833715
  0.3093072183 -0.05725819625    10.23176344  0.3182915707 0.02242483262   10.46142736 1745833715 1745833715
  0.3419310781 -0.01845141804    10.22201398    0.324499126 0.004027677645    10.44862746 1745833715 1745833715
 0.3513306003 0.01262848936   10.22103872      0.31900212 -0.008247235883     10.42307616 1745833715 1745833715
  0.3872816527 -0.04681753958    10.23162657   0.3028616586 -0.01568153809    10.38771449 1745833715 1745833715
  0.4105975513 -0.02089503922    10.25837774   0.2803922355 -0.01813745486    10.35126956 1745833715 1745833715
  0.3937089325 -0.01789096138    10.30302074   0.2562891252 -0.01793523564     10.3185205 1745833715 1745833715
  0.3961851106 -0.09061718545    10.36137597   0.2370606653 -0.01727297949    10.29493123 1745833715 1745833715
  0.3943669668 -0.07285810049     10.4315012   0.230193648 -0.0165580215   10.29036597 1745833715 1745833715
0.3783609344 -0.110535512  10.50725096   0.2386841614 -0.01855589355    10.30654413 1745833715 1745833715
 0.3887621208 -0.1788480761   10.58048996   0.2653977111 -0.02435316194    10.34680721 1745833715 1745833715
 0.3924056159 -0.1616209767   10.64758812    0.308853129 -0.03347488168    10.41460838 1745833715 1745833715
 0.3754392918 -0.1922970872   10.70104041   0.3642334683 -0.04757674115    10.50362696 1745833715 1745833715
 0.4032999921 -0.2102090056   10.73473504   0.4249849787 -0.06557783793    10.60966232 1745833715 1745833715
 0.4268318142 -0.1653449026   10.74827303   0.4822380419 -0.08556448973    10.72634131 1745833715 1745833715
 0.4106003871 -0.1157139913   10.74039574   0.527017681 -0.1055539369   10.84265951 1745833715 1745833715
 0.4243183653 -0.0509488833   10.70827305  0.5520272439 -0.1220984494   10.94689059 1745833716 1745833716
  0.4277037071 -0.04371672758    10.65388113  0.5526923486 -0.1309941314    11.0264126 1745833716 1745833716
 0.3379893151 0.03786355152   10.58178186  0.5253986302 -0.1267699943   11.07596711 1745833716 1745833716
0.2892159551  0.141707813  10.48713709  0.4736476759 -0.1055180272   11.08278992 1745833716 1745833716
0.2914873063 0.1922193434  10.37244472   0.403576818 -0.0651968881   11.03977465 1745833716 1745833716
0.2447313447 0.2805633224  10.24074447    0.3216457703 -0.003664419004     10.94870614 1745833716 1745833716
  0.19024785 0.4053541309  10.09192895 0.2379705655  0.077913056  10.81109551 1745833716 1745833716
0.1872371536  0.413190553  9.934222446 0.1635997352 0.1730449665   10.6317801 1745833716 1745833716
0.1715068456  0.475196235  9.766970219 0.1058582985 0.2791309856  10.42319963 1745833716 1745833716
0.1329670916 0.5659330485  9.596022602 0.07018229016  0.3883319115   10.19604123 1745833716 1745833716
0.1407258348 0.5139045986  9.436326529 0.06014098511  0.4896003309   9.964477942 1745833716 1745833716
0.1631072702 0.5475143604  9.281715802 0.07370765157   0.578615349   9.740049443 1745833716 1745833716
0.1405363727 0.5919401154  9.142549122 0.1060875916 0.6471042619  9.532080234 1745833716 1745833716
0.1558269878 0.4809547014  9.031874164 0.1515579836 0.6894808899  9.353753888 1745833716 1745833716
0.1898662494 0.4739483435  8.937102312 0.2021947188 0.7044909446  9.205732351 1745833716 1745833716
0.1820329487 0.4781465587   8.86608187 0.2514261916 0.6915411842   9.09139891 1745833716 1745833716
0.2032561095 0.3575553889  8.823580451 0.2930358321 0.6546157922  9.015168911 1745833716 1745833716
0.2329175747 0.3423300455  8.797551037 0.3229159331 0.5955750639  8.967865974 1745833716 1745833716
0.2290537927 0.3331341259  8.791913431 0.3404703787 0.5208684636  8.947575899 1745833716 1745833716
0.2554786764 0.2180011461  8.806212858 0.3451494951 0.4389460742  8.951803515 1745833716 1745833716
0.2818972092 0.1869747117  8.832724166  0.339964243 0.3519735811  8.969205643 1745833716 1745833716
0.2787899897 0.1638280433  8.872797969 0.3294208399  0.266627637  8.996367456 1745833716 1745833716
 0.2906146055 0.08415257666   8.923697405 0.3160333056 0.1885982993  9.029873165 1745833716 1745833716
 0.2967385496 0.08523603425   8.981942407 0.3032927992 0.1180497148  9.063053947 1745833716 1745833716
 0.2775335242 0.07539917318   9.046815634  0.2938222228 0.05889170299   9.095895028 1745833716 1745833716
   0.2691986862 -0.002122089063     9.114474944  0.2876205105 0.01299558605   9.128358653 1745833716 1745833716
  0.244611771 -0.0101976286   9.182276009  0.2850277411 -0.0222137572   9.158254643 1745833716 1745833716
  0.2203327225 -0.02025863473    9.247230906   0.2846938143 -0.04590484241    9.188003142 1745833716 1745833716
   0.2231579281 -0.008881819954     9.306424105   0.2844305549 -0.05925267766    9.218940355 1745833716 1745833716
0.2169816456 0.0328958316  9.358964889   0.2830360286 -0.06325224283    9.252754255 1745833716 1745833716
   0.20386519 0.05214014848   9.403989714   0.2793515662 -0.05824228311     9.29150182 1745833716 1745833716
 0.2116762049 0.06669677357   9.440923864   0.2727086941 -0.04545007204     9.33594558 1745833717 1745833717
0.2060089393 0.1000141093  9.471033026   0.2642041804 -0.02584757129    9.386029889 1745833717 1745833717
 0.204807316 0.1181635002  9.495310349     0.2551234928 -1.977338375e-05      9.441372957 1745833717 1745833717
0.2255488037 0.1474314438  9.514241818 0.2471954912 0.0308981002  9.500352939 1745833717 1745833717
0.2238964669 0.1772575802  9.529841695  0.2425717869 0.06589068134   9.560597823 1745833717 1745833717
0.2314386213 0.1811488141  9.542337033 0.2426375514 0.1035523719  9.619303697 1745833717 1745833717
0.2524872919 0.1910665381  9.550871393 0.248070584 0.141999649 9.673106647 1745833717 1745833717
0.2664774225 0.1968750002  9.555443482 0.2586239392 0.1791176657  9.718704271 1745833717 1745833717
0.2859786509 0.1817752498  9.554992535 0.2729778815 0.2124876933  9.753092247 1745833717 1745833717
0.3048573738 0.1739638827  9.547936786 0.2890148774 0.2396547501  9.773863816 1745833717 1745833717
0.3074813129 0.1701631968  9.533848986 0.3042607338 0.2582268086  9.779549326 1745833717 1745833717
0.3143933502 0.1444402879   9.51185127 0.3162238093  0.266353852  9.769629997 1745833717 1745833717
0.3228119792 0.1377126232  9.481131026 0.3228631197 0.2629617557  9.744636037 1745833717 1745833717
 0.306531584 0.1324774815  9.443098445 0.3232706274 0.2480221499  9.706309836 1745833717 1745833717
0.3015459495 0.1111097601  9.397360011 0.3173904962 0.2228554963  9.657159441 1745833717 1745833717
0.3056033893 0.1075500428  9.344384019 0.3063247841 0.1897606096  9.600243287 1745833717 1745833717
0.2912180924 0.1019000938  9.286283095  0.292478289 0.1523494091  9.539115481 1745833717 1745833717
 0.2752783429 0.07898384693   9.223756975 0.2786086933 0.1150144181  9.477295408 1745833717 1745833717
 0.2759444068 0.09436394086   9.157109504  0.2672078738 0.08156931262   9.417290833 1745833717 1745833717
 0.2641974486 0.09911742801   9.089456814  0.2610682277 0.05644512251   9.361582427 1745833717 1745833717
 0.2557114866 0.08513065963   9.022787438  0.2616784431 0.04282780692   9.311657881 1745833717 1745833717
  0.248955695 0.09859119231   8.959734892  0.2691558295 0.04160499161   9.267156745 1745833717 1745833717
 0.2428545186 0.08675225554   8.904616107  0.2828885751 0.05353758192   9.228396165 1745833717 1745833717
 0.2439852063 0.07112813818   8.861270406  0.3008916533 0.07668411656   9.194202408 1745833717 1745833717
0.2428576027  0.120974022  8.833698285 0.3201737364 0.1065871091  9.162048189 1745833717 1745833717
0.2477452328 0.1281920342  8.826930853 0.3379010534 0.1411608684  9.133767113 1745833717 1745833717
0.2601298399 0.1065508212  8.844168691 0.3513546561 0.1758195565  9.109591048 1745833717 1745833717
0.2632460328   0.17121703  8.886156234 0.3582572304 0.2042703337  9.088046118 1745833717 1745833717
0.2827298362 0.1745008705  8.954569095 0.3575119122 0.2259421821  9.075563583 1745833717 1745833717
0.3064952546 0.1459344944  9.047569247 0.3495824518 0.2380118711  9.074838625 1745833717 1745833717
0.3121834022 0.2442427975   9.15901846 0.3352659463 0.2380267561  9.086072357 1745833718 1745833718
0.3151793182 0.2544549032  9.287475869 0.3170312368 0.2295603586  9.118306515 1745833718 1745833718
0.3200966917 0.1990121659  9.425980938 0.2975558354 0.2138000746  9.173432217 1745833718 1745833718
0.3047939504 0.3005556151  9.562564552 0.2790121132 0.1937512044   9.24964345 1745833718 1745833718
0.2978357642 0.2812009348  9.696676544 0.2638670414 0.1729839978  9.350613967 1745833718 1745833718
 0.307140316 0.1862892114  9.820553287 0.2537085143 0.1541227171  9.472046907 1745833718 1745833718
0.2810536824 0.3087611303  9.924304755 0.2483766332 0.1429631127  9.608922661 1745833718 1745833718
0.2654780872 0.2843298365  10.01308529 0.2477734856 0.1373866419  9.754943119 1745833718 1745833718
0.2691547622 0.1650477707  10.08427266 0.2503687595 0.1378742426  9.900993216 1745833718 1745833718
0.2445245334   0.23776196  10.13437048 0.2537355094 0.1477136976  10.04178705 1745833718 1745833718
0.2186009348 0.1985848156  10.17184771 0.2557019384  0.160494641  10.16633945 1745833718 1745833718
 0.2423959025 0.07439263189   10.19796736  0.254907952 0.1741217163  10.26817528 1745833718 1745833718
0.2341242159 0.1520221046  10.21552872 0.2495431858 0.1896783141  10.34831065 1745833718 1745833718
 0.184994548 0.2009884157  10.23137682 0.2387814646 0.2013338398   10.4021572 1745833718 1745833718
0.2063152337   0.10913085  10.24926529 0.2245743442 0.2060362456  10.42913442 1745833718 1745833718
0.2310357827 0.0988417855  10.27002736 0.2083497697 0.2051650864  10.43776013 1745833718 1745833718
0.2343254063 0.1022519028  10.29764841 0.1919388101 0.1973369306  10.43344519 1745833718 1745833718
  0.2790287454 -0.01401637805    10.33278118 0.1785257897 0.1814528281  10.42100549 1745833718 1745833718
   0.3195418487 -0.001574397397     10.37612414 0.1712106132 0.1604074556  10.41256816 1745833718 1745833718
    0.3101389889 -0.0008870993002      10.42969026 0.1713779867  0.133547275  10.41246112 1745833718 1745833718
 0.3496403736 -0.1036214076   10.48925555 0.1812452714 0.1006596008  10.42349817 1745833718 1745833718
 0.3832085168 -0.1153000256   10.55572568  0.2014974702 0.06421117472   10.45294209 1745833718 1745833718
 0.3630046362 -0.1418855477   10.62766305  0.2301687571 0.02367697219   10.49936234 1745833718 1745833718
 0.3912891722 -0.2339108314   10.69660624   0.2665692616 -0.02086506511    10.55957305 1745833718 1745833718
 0.4221435411 -0.2377683802   10.76207499    0.307858809 -0.06682547641    10.63438854 1745833718 1745833718
 0.4203255499 -0.2743749024    10.8174691  0.3497194798 -0.1140510719   10.71587859 1745833718 1745833718
 0.4711549812 -0.3113161719   10.85406123  0.3900459845 -0.1599207805   10.79863152 1745833718 1745833718
 0.4962868972 -0.2838375321   10.87128831 0.4251613835 -0.200660005  10.87923198 1745833718 1745833718
 0.4409032717 -0.2587616107   10.86542089  0.4518687915 -0.2332733526   10.95042942 1745833718 1745833718
 0.4389500581 -0.2190465342    10.8285293  0.4702313116 -0.2533426402   11.00550419 1745833718 1745833718
 0.4480450353 -0.1548334048   10.76230892  0.4798874611 -0.2563190557   11.03998319 1745833719 1745833719
  0.3898169501 -0.09991446814    10.67150754  0.4796179654 -0.2393191267   11.04938137 1745833719 1745833719
  0.3737304589 0.006333696555      10.556646  0.4713877311 -0.1995184009   11.03043871 1745833719 1745833719
 0.3815136446 0.09634347506   10.42410444    0.45699114 -0.1373056092   10.97937452 1745833719 1745833719
0.3242803364 0.2206884233  10.28359126   0.4359910144 -0.05427153627    10.89758821 1745833719 1745833719
0.2856148348 0.3523885859  10.13888799  0.4108236696 0.04473553434   10.78506524 1745833719 1745833719
0.2903409843 0.3362303173  10.00174439 0.3832119959 0.1509194225  10.64391705 1745833719 1745833719
0.2620522922  0.393961051  9.871932615 0.3528541022 0.2599696139  10.48368384 1745833719 1745833719
0.2226004386  0.475924018  9.752099622 0.3209245376 0.3629236356   10.3107981 1745833719 1745833719
0.2247353019 0.4323956769  9.648099735 0.2889094686 0.4504587916  10.13398647 1745833719 1745833719
0.2039752926 0.4815703682  9.549196003 0.2569017236 0.5192661747   9.96184932 1745833719 1745833719
0.1494364069 0.5356352355  9.455620719 0.2261338909  0.564464084  9.801488432 1745833719 1745833719
0.1534085294 0.4313707539  9.370599286 0.1984647199 0.5842115233  9.660895659 1745833719 1745833719
0.1365747128 0.4405669737  9.278305507 0.1746386557  0.581531918  9.539938559 1745833719 1745833719
0.09408535857  0.4658065094   9.182244509 0.1562286666 0.5594082193  9.439611091 1745833719 1745833719
0.1133639408 0.3712090748  9.088925219 0.1438405279 0.5234786017  9.360933879 1745833719 1745833719
 0.120453539 0.3783108993  8.992815717 0.1381497283 0.4790285556    9.2957125 1745833719 1745833719
0.1000501781 0.3876703447  8.904634996  0.139617189 0.4319263838  9.241128418 1745833719 1745833719
0.1308943797 0.2851437686  8.835020564 0.1468019355 0.3884377193  9.196161885 1745833719 1745833719
 0.151443081 0.2769710693  8.783861669 0.1590351214 0.3491973751  9.152677779 1745833719 1745833719
0.1484021399 0.2746193373  8.760430091 0.1752161992 0.3165560639  9.111318025 1745833719 1745833719
 0.186373947 0.2009341033  8.768487008 0.1919898991 0.2918580212  9.074397459 1745833719 1745833719
 0.204783203 0.2088698141   8.80441108 0.2091986822 0.2703544544  9.039973395 1745833719 1745833719
0.1973680548 0.2160087258  8.866609192 0.2255756491 0.2512081727  9.012972023 1745833719 1745833719
0.2289592639 0.1611712886  8.947979269 0.2382824624 0.2332081551  8.997315946 1745833719 1745833719
0.2381045689 0.1635570026  9.038766008 0.2482595672 0.2115564288  8.993168798 1745833719 1745833719
0.2300149184 0.1582356454  9.131228693 0.2552288243 0.1864762967   9.00324196 1745833719 1745833719
0.2549444123 0.1279773274   9.21634944 0.2585628731 0.1582187499  9.027654525 1745833719 1745833719
 0.258581786 0.1246502562   9.28902239 0.2602031335 0.1271479602  9.064653095 1745833719 1745833719
0.2417277186 0.1117218056  9.346947936 0.2610863717 0.0960869003   9.11251695 1745833719 1745833719
0.2545482673 0.1009444062  9.388765282 0.2617661846 0.0676721449  9.168840301 1745833720 1745833720
0.2362052296 0.1011584284  9.418651385  0.2637783532 0.04464145146   9.230840062 1745833720 1745833720
 0.2170266752 0.08977973142   9.440264092  0.267838094 0.0294774285   9.29696098 1745833720 1745833720
 0.2421663828 0.08860662588    9.45707576  0.2743968932 0.02321492853   9.366466023 1745833720 1745833720
 0.2688524496 0.08924704791   9.474302948  0.2837639791 0.02591632656   9.438155256 1745833720 1745833720
 0.2838574856 0.08604907686   9.495143086  0.2956624904 0.03643405122   9.511255696 1745833720 1745833720
 0.3078091318 0.09444171538   9.519738822  0.3094157811 0.05265681713   9.585114636 1745833720 1745833720
0.3248203484 0.1090351968  9.547573506 0.3242111111 0.0725391566  9.658168903 1745833720 1745833720
0.3402453433 0.1109421921  9.576079292  0.3389900138 0.09363402148    9.72829752 1745833720 1745833720
0.3498187692 0.1261247695  9.601517652 0.3526175279 0.1137860472  9.792434076 1745833720 1745833720
0.3347717376 0.1554138556  9.620662797 0.3641456555 0.1314351116  9.847044275 1745833720 1745833720
0.3300102946 0.1504270206  9.629669952  0.372581278 0.1456576466  9.888116778 1745833720 1745833720
0.3286724314 0.1429050345  9.626060497 0.3771800938 0.1560330954   9.91187819 1745833720 1745833720
0.2963204367 0.1504517447  9.609871426 0.3775961214 0.1622967148  9.915720285 1745833720 1745833720
0.2831426422 0.1322460259  9.580756608 0.3734752583 0.1646313611  9.897842327 1745833720 1745833720
0.2884607991 0.1275021424  9.540281394 0.3649175835 0.1633366368  9.858688269 1745833720 1745833720
0.2789162588 0.1229017581  9.492719999 0.3525775693  0.158718145  9.800996972 1745833720 1745833720
 0.276639305 0.1045897556  9.441233843 0.3372462007 0.1512060136  9.729156665 1745833720 1745833720
0.2847082586 0.0997595148   9.38919982 0.3199954698 0.1411347749  9.649049447 1745833720 1745833720
0.2685678229 0.0968601394  9.341318187 0.3024373795  0.129177458  9.567275653 1745833720 1745833720
 0.2567957663 0.08250702464   9.299790948 0.2860530581 0.1164310991  9.490606603 1745833720 1745833720
0.2556921127 0.1016962753  9.266109424 0.2721248865 0.1037389434  9.424607761 1745833720 1745833720
 0.242694427 0.1079337768  9.242409853  0.2620591916 0.09282185624   9.373709719 1745833720 1745833720
0.2366744893 0.1029669729  9.228154905 0.2565910339 0.0852142094  9.340451349 1745833720 1745833720
0.2372996866 0.1292812821  9.221743492  0.2557672144 0.08181851637   9.324803657 1745833720 1745833720
0.2415385315  0.127364213  9.221967581 0.2593819717 0.0841908395  9.325777268 1745833720 1745833720
0.2492693732 0.1136189537  9.225941373  0.2664303636 0.09256370386   9.340250909 1745833720 1745833720
0.2533021974  0.136967605  9.230273654 0.2752680171 0.1060219432  9.363695764 1745833720 1745833720
0.2577275185 0.1272709319  9.233086814 0.2842242704 0.1242180565  9.392466001 1745833720 1745833720
0.2696458172 0.0928241632   9.23196059 0.2915878888 0.1452163426  9.422027463 1745833720 1745833720
0.2803906723 0.1235633511  9.225166499 0.2955519396 0.1658486043  9.447211855 1745833721 1745833721
0.2903907236 0.1165257806  9.214379542  0.295356534 0.1851280025  9.466088986 1745833721 1745833721
 0.3006812111 0.09019758932   9.201239648 0.2910003098 0.2008119397  9.476105649 1745833721 1745833721
0.3125524699 0.1405813958  9.187766645 0.2827680732 0.2108062614  9.474793924 1745833721 1745833721
0.3041018857 0.1482010861  9.180186962 0.2725178099 0.2159052564  9.463880575 1745833721 1745833721
0.2984511544 0.1263883296  9.181901716 0.2622889773 0.2164022385  9.444525217 1745833721 1745833721
 0.289335985 0.2069740132  9.194592762 0.2541498707 0.2129491441  9.417773042 1745833721 1745833721
0.2613262724 0.2191105008  9.224155429 0.2506050283 0.2083311438    9.3894017 1745833721 1745833721
 0.242068598 0.1916042395  9.270196727 0.2532466664 0.2044152218  9.363808307 1745833721 1745833721
0.2285029061 0.2907396842  9.327619534 0.2624932539 0.2028129048  9.344068894 1745833721 1745833721
0.2509879913 0.2825538584  9.398757908 0.2776834551 0.2045660755  9.337858875 1745833721 1745833721
0.2722242617 0.2198934125  9.478837836 0.2969004731 0.2097110065  9.348016625 1745833721 1745833721
0.2615023448 0.2786575237  9.559212377 0.3171155619 0.2174896811  9.375373405 1745833721 1745833721
0.2773628433 0.2387707608  9.639216686 0.3349295246 0.2256136099  9.424211362 1745833721 1745833721
 0.297831381 0.1319502489  9.713696997 0.3470897662 0.2315898854  9.493651888 1745833721 1745833721
0.2820905538 0.1923400532  9.777096851  0.350545763 0.2331111311  9.579964297 1745833721 1745833721
0.2564076977 0.1653325958  9.831949979 0.3436202411 0.2273126177  9.681859452 1745833721 1745833721
 0.2662841377 0.06301977958   9.876705013 0.3261862857 0.2126221766  9.793548111 1745833721 1745833721
0.2639899724 0.1394113522  9.911876997 0.2993456769 0.1903956828  9.908677426 1745833721 1745833721
0.2452573608 0.1363150224  9.943244295 0.2658724645  0.160566294  10.02137777 1745833721 1745833721
 0.2572364102 0.04816709441   9.972952721 0.2298481218 0.1253602816  10.12440044 1745833721 1745833721
0.2601304866 0.1366597711   10.0030204  0.1958819056 0.09091471312   10.21485557 1745833721 1745833721
0.2522819537 0.1389600903  10.03894565  0.1678612256 0.05854192602     10.287016 1745833721 1745833721
 0.2750631037 0.04355779227   10.08213704  0.1498935624 0.03155480785   10.33813012 1745833721 1745833721
0.2881679234 0.1133919545  10.13291382  0.1445722943 0.01580231117   10.37291428 1745833721 1745833721
0.2655562972 0.1397260933  10.19442268  0.1514067816 0.01019350726   10.39018916 1745833721 1745833721
 0.2923051336 0.04310245795   10.26527325  0.1706535198 0.01339435998    10.3920499 1745833721 1745833721
 0.3111537735 0.03468297831   10.34410929  0.1996873944 0.02599564792   10.38804255 1745833721 1745833721
    0.3028783029 -0.0004718282554      10.43068832  0.2348420435 0.04301769921   10.38167086 1745833721 1745833721
 0.3445292741 -0.1318731591    10.5191389 0.2733200186 0.0589949121  10.37748437 1745833721 1745833721
 0.3752525079 -0.1436561719   10.60922091  0.3113336182 0.07129779145   10.38666503 1745833722 1745833722
  0.337547898 -0.1845771476    10.6973628  0.3447814041 0.07327272228   10.41053109 1745833722 1745833722
 0.3637017531 -0.2964501441    10.7725835 0.3728792941  0.060542984  10.45100512 1745833722 1745833722
 0.3761099905 -0.3150893482   10.83579156  0.3939460115 0.03279430301   10.51436137 1745833722 1745833722
 0.3159312902 -0.3427756056   10.88128523   0.4059978309 -0.01117218485    10.59710703 1745833722 1745833722
 0.3353677401 -0.3828066982    10.8995108   0.4106356605 -0.06893131354    10.69432306 1745833722 1745833722
 0.3630337094 -0.3397150074   10.89273678  0.4083748617 -0.1342541242   10.80309634 1745833722 1745833722
 0.3426742276 -0.3241774951   10.85770683  0.3989065739 -0.2013694077   10.91170477 1745833722 1745833722
 0.3865515063 -0.2647028568   10.79343683  0.3844420878 -0.2610324099   11.01048002 1745833722 1745833722
 0.4174465763 -0.1721405318   10.70403924  0.3663314988 -0.3039381384   11.08845935 1745833722 1745833722
  0.3906375485 -0.05288638544    10.59463481  0.3450385353 -0.3219444094   11.13480587 1745833722 1745833722
0.3916772092 0.0836835343  10.46641014  0.3231441701 -0.3086369612   11.13843552 1745833722 1745833722
0.3921945968 0.1109804174  10.32762482  0.3026353022 -0.2617981262   11.09052982 1745833722 1745833722
0.3052338886 0.2159507414  10.18568454  0.2839720712 -0.1790736524   10.99351568 1745833722 1745833722
0.2558874326 0.3425291203  10.04098649   0.2704416758 -0.06513699429    10.84709356 1745833722 1745833722
0.2547204521 0.3852433182  9.902184224  0.2636215523 0.07084622529   10.65792593 1745833722 1745833722
0.2321871986 0.4710490564  9.770809564 0.2630559848 0.2198926466  10.43964027 1745833722 1745833722
 0.197106243 0.5702789126  9.649928753 0.2683977355 0.3690498665  10.20668586 1745833722 1745833722
0.2006619015 0.5337681264  9.549272243 0.2787865585 0.5037881027   9.97642474 1745833722 1745833722
0.1996923959 0.5751507857  9.458530167 0.2910962241 0.6152681258  9.764660173 1745833722 1745833722
0.1738560133 0.6186537067  9.381841564 0.3021527472 0.6940655091  9.584760638 1745833722 1745833722
0.1933848713 0.5173236089  9.325706107 0.3089893704 0.7350527487   9.44844475 1745833722 1745833722
0.210761998 0.524295291 9.273418551 0.3083327936 0.7390977976  9.356667858 1745833722 1745833722
0.1928484647 0.5332623416  9.229597045 0.2987317016 0.7095125715   9.30901877 1745833722 1745833722
0.2122036049 0.4098759419  9.197127602   0.27951893 0.6544806317  9.301183507 1745833722 1745833722
0.2091360681 0.4000684273  9.162615431 0.2524530075 0.5821608248  9.318266707 1745833722 1745833722
0.1829808853 0.3904621753  9.130751989 0.2209673734 0.5029444342  9.349017696 1745833722 1745833722
0.2017166091 0.2739230544  9.103778462 0.1883663263 0.4273919058  9.381409114 1745833722 1745833722
0.1884285807 0.2559348357  9.076539976 0.1603701022 0.3599050048   9.39993138 1745833722 1745833722
0.1623790259  0.239875779  9.053653203 0.1417194882  0.305527501  9.397523013 1745833722 1745833722
0.1955134429  0.156177333  9.036993811 0.1344113118  0.266326707  9.371245129 1745833723 1745833723
0.1989494857  0.153510423  9.026857211 0.1415336112 0.2381001062  9.319491191 1745833723 1745833723
0.1829946488 0.1463037973  9.026332505 0.1627775538 0.2181083639    9.2494382 1745833723 1745833723
 0.2180002892 0.07685102211   9.035423904 0.1943839344 0.2020990961  9.171829169 1745833723 1745833723
 0.2284210957 0.07740038614   9.054422283 0.2336319797 0.1832649005  9.095353148 1745833723 1745833723
 0.2179092341 0.08134391089   9.083797519 0.2752937011 0.1589611125  9.032795206 1745833723 1745833723
 0.2532850295 0.06455808617   9.121110873 0.3130135282 0.1277709401  8.995050461 1745833723 1745833723
 0.2773415858 0.08650401207    9.16576727  0.3430143242 0.08958297561   8.987614198 1745833723 1745833723
0.2754612037 0.0987917868   9.21665947  0.3622130042 0.04789601774   9.013996197 1745833723 1745833723
  0.297635408 0.09693697731   9.269935306   0.3687866761 0.007346562075    9.073053969 1745833723 1745833723
0.3015848384 0.1157871958  9.323823132    0.364139547 -0.02683023511    9.158818243 1745833723 1745833723
0.3006632325 0.1238142606  9.375560212   0.3507615549 -0.04887054049    9.263321778 1745833723 1745833723
0.3166823808 0.1513832949  9.421615884  0.3322043975 -0.0546284446   9.376266505 1745833723 1745833723
  0.31274702 0.1878624979  9.461450237     0.31312227 -0.04148743038    9.487388729 1745833723 1745833723
0.3028646966 0.1909499827  9.494460918    0.2973113756 -0.009253353925     9.587574803 1745833723 1745833723
0.3083107327 0.1990186839  9.519191667  0.2874300357 0.03932583673   9.669536202 1745833723 1745833723
0.2999541427 0.1992796871  9.537587422 0.2849907802 0.0993517993  9.729176811 1745833723 1745833723
0.2976657481 0.1859406138  9.550447737 0.2896689597 0.1641867743  9.765461238 1745833723 1745833723
0.3075707534 0.1911654631  9.558505445 0.2997530289 0.2263140355  9.780257933 1745833723 1745833723
0.3031435931 0.1937734748   9.56448428 0.3127289283   0.27846883  9.777768595 1745833723 1745833723
0.2960101388 0.1653814862  9.569581797 0.3257184527   0.31456785  9.763583111 1745833723 1745833723
0.294574137  0.14445124 9.573145329 0.3361324658 0.3303886566  9.743583632 1745833723 1745833723
0.2734819574 0.1284155512  9.575653761 0.3423184978 0.3243638286   9.72302805 1745833723 1745833723
0.2701496021 0.1017436546  9.575099994 0.3436450389 0.2976776513  9.705881152 1745833723 1745833723
0.2799311291 0.1091434204   9.56945941 0.3405370938 0.2538857557  9.693961976 1745833723 1745833723
0.2789526031 0.1124775746  9.557831359 0.3343998943 0.1987861202  9.687153506 1745833723 1745833723
0.2874346411  0.102694035  9.537675135 0.326987043 0.139382188 9.683368596 1745833723 1745833723
0.2999451114 0.1077259665  9.507094656  0.3199983788 0.08293156161   9.678965701 1745833723 1745833723
0.3056081145 0.1126939586   9.46554861  0.3148108958 0.03617712229   9.669719299 1745833723 1745833723
0.3132855793   0.10342684  9.412869038   0.3120122322 0.004414363329    9.651467819 1745833723 1745833723
0.3255711821 0.1160544176  9.349675485    0.3112597419 -0.009373398027     9.620729036 1745833724 1745833724
0.3171452404 0.1151005461  9.279653208    0.3118827876 -0.004303618115     9.576070779 1745833724 1745833724
 0.3081696223 0.09463556218   9.205728521   0.312493624 0.01788672802    9.51787533 1745833724 1745833724
 0.3017376457 0.09587911992    9.13177763 0.3116372021 0.0527825955  9.448384025 1745833724 1745833724
 0.2732123571 0.07908266098   9.063901066  0.3086369495 0.09511748043   9.372579485 1745833724 1745833724
0.2470780206 0.0515802516  9.005955812 0.3030591905 0.1384423704  9.296638061 1745833724 1745833724
 0.2323727453 0.06999594395   8.961571025 0.2949283769 0.1755878876  9.226747451 1745833724 1745833724
 0.2203915809 0.05105915736   8.934700573  0.285217533 0.2022190315  9.170987383 1745833724 1745833724
 0.2105241267 0.02881628288   8.926789292 0.2754135093 0.2142148462  9.134472093 1745833724 1745833724
0.2049239865 0.0802861068  8.937610871 0.2665186149 0.2087421961   9.11921832 1745833724 1745833724
 0.2220963668 0.08453914271    8.96625367  0.259678831 0.1886417078  9.128725521 1745833724 1745833724
 0.2309972324 0.07615784675   9.011045147  0.256307269 0.1568690587  9.160001019 1745833724 1745833724
0.2263701154 0.1474370584  9.068166904 0.2562000242 0.1175684777  9.206634192 1745833724 1745833724
0.2369897746 0.1610541716  9.135326731  0.2585251175 0.07909723173   9.265229521 1745833724 1745833724
0.2534684107 0.1467724638  9.209445728  0.2625129351 0.04806034233   9.327605866 1745833724 1745833724
0.2461742797 0.2535098183   9.28547379  0.2666102722 0.02996015504   9.384276574 1745833724 1745833724
  0.23807659 0.2784124726  9.364462676   0.269640615 0.03114720469   9.433156182 1745833724 1745833724
0.2458717945  0.248858272  9.443840499  0.2706431749 0.05356895479   9.470271672 1745833724 1745833724
0.2381648871 0.3524273374  9.517109607  0.2688880049 0.09679082295   9.493694577 1745833724 1745833724
0.2553495579 0.3439907077  9.589710556 0.2647541975 0.1572905549  9.508747994 1745833724 1745833724
0.2841485304 0.2725819561  9.659543836 0.2590024981 0.2284095425  9.520328774 1745833724 1745833724
0.2771424742 0.3741045572  9.720108786 0.2523880905  0.303327681  9.535522409 1745833724 1745833724
0.2793881903 0.3598909958  9.780002417 0.2465812003 0.3709809822  9.563160639 1745833724 1745833724
0.2916372066  0.257349371   9.83863749 0.2428050868 0.4222218437   9.60984536 1745833724 1745833724
0.2763863237  0.308830403  9.890646746 0.2416853659  0.452245044  9.681331702 1745833724 1745833724
0.2549483727  0.255140676  9.944041758 0.2438505412 0.4534596437  9.777886989 1745833724 1745833724
 0.258947221 0.1185664563  9.996798732 0.2495293753 0.4247255303  9.896773291 1745833724 1745833724
0.2474986172 0.1706200427  10.04605265 0.2579510918 0.3717374886    10.033872 1745833724 1745833724
0.2448629941  0.122853018  10.09590869 0.2679129798 0.2964987994  10.17616457 1745833724 1745833724
   0.2802026622 -0.006857641196      10.1437897 0.2781731532 0.2075104758  10.31145465 1745833724 1745833724
   0.2809136356 -0.007766722689     10.19019534 0.2865531337 0.1165720685  10.42995941 1745833725 1745833725
  0.2891395227 -0.06082238098    10.23417117  0.2921645476 0.03085341117   10.51882365 1745833725 1745833725
0.3486256525 -0.180141528  10.27343091   0.2943538396 -0.04172361981    10.57055294 1745833725 1745833725
 0.3642519267 -0.1600482898   10.31494403   0.2924263786 -0.09442898839    10.58636661 1745833725 1745833725
 0.2927915602 -0.1185675586    10.3608303  0.2864707708 -0.1264556242    10.5688033 1745833725 1745833725
 0.3196039338 -0.1825690846    10.4064972  0.2782978626 -0.1395755447   10.52253542 1745833725 1745833725
  0.349414955 -0.1726431164   10.46071442  0.2689612481 -0.1370318725   10.46321724 1745833725 1745833725
 0.3508359611 -0.1596703459   10.52619672  0.2601100151 -0.1250699383   10.40483038 1745833725 1745833725
 0.3914705016 -0.2259984565   10.60037091 0.2535908931 -0.111085455   10.3596646 1745833725 1745833725
 0.422559933 -0.185988745   10.6870539   0.2518108757 -0.09975796478    10.34475859 1745833725 1745833725
 0.3963268606 -0.1697455024   10.78167132  0.2552654799 -0.0964828422   10.36693767 1745833725 1745833725
 0.4192257024 -0.2205731272   10.87275742  0.2661908084 -0.1037287606   10.42783603 1745833725 1745833725
  0.439425071 -0.1840703678   10.95621774 0.2853015473 -0.118605523  10.53091122 1745833725 1745833725
 0.4127658025 -0.1976965284   11.02152568  0.3108073626 -0.1393514171   10.66424934 1745833725 1745833725
 0.4341365381 -0.2140458955   11.05648738  0.3427837573 -0.1599112472   10.81672683 1745833725 1745833725
 0.4545431002 -0.1755929768   11.05644004  0.3786156287 -0.1728763171   10.97490548 1745833725 1745833725
  0.393402533 -0.1693375159    11.0183602  0.4132359508 -0.1739419241   11.11793332 1745833725 1745833725
 0.4026951597 -0.1012183432     10.936702  0.4457595382 -0.1567215506   11.23186737 1745833725 1745833725
  0.4027047947 -0.02798316533    10.81600472  0.4713754389 -0.1199311394   11.29978254 1745833725 1745833725
0.3474636701 0.0965730783  10.66327569    0.484725081 -0.06293037866    11.31283708 1745833725 1745833725
0.3268294706 0.2463342705  10.48210794  0.4844790151 0.01081245411   11.26377386 1745833725 1745833725
0.3100335237 0.2403850715  10.28715199  0.4685284583 0.09314795009   11.15009282 1745833725 1745833725
0.2495071282 0.3477203623  10.08252238  0.435947112 0.1833607899   10.9840409 1745833725 1745833725
0.2068354139 0.4879221486  9.874150019 0.3894963674 0.2732349611  10.77343279 1745833725 1745833725
0.2034078975 0.4714037141  9.676839705  0.333208359 0.3549285422  10.53230483 1745833725 1745833725
0.1750907246 0.5791218542  9.482268145 0.2715801813 0.4276324761  10.27583469 1745833725 1745833725
0.1271084854 0.6746948414  9.298553943 0.2112647594 0.4869258747   10.0181089 1745833725 1745833725
0.1311801988 0.5652231344  9.140397779 0.1587629145   0.53242085  9.775314781 1745833725 1745833725
0.1056964127 0.5892971621  8.987768571  0.119482437 0.5650436321  9.550245342 1745833725 1745833725
0.06468599946  0.6138798483   8.850964024 0.09786865488  0.5858075494   9.350017051 1745833725 1745833725
0.09089433123  0.4828960866    8.74218059 0.09412567474   0.598683518   9.181144318 1745833726 1745833726
0.09127652625  0.4688960155   8.648808679 0.1081222568 0.6014135451   9.03482541 1745833726 1745833726
0.07314147271    0.44661981   8.582817022 0.1367212093 0.5958723826  8.912438101 1745833726 1745833726
0.1226117437 0.3120050723  8.551682429 0.1713079033 0.5845399201  8.814618898 1745833726 1745833726
0.1513088136 0.2788532842  8.549581353 0.2071233813 0.5605298199  8.732846425 1745833726 1745833726
0.1576617434 0.2556921373  8.582174033 0.2375907833 0.5241891763  8.669826548 1745833726 1745833726
0.2190309612 0.1697922079  8.648225325 0.2537371215 0.4763526548  8.628189416 1745833726 1745833726
0.2437159894 0.1656829077  8.741933687 0.2552491601 0.4117830755  8.606764901 1745833726 1745833726
0.2285913982 0.1503448465  8.859003986 0.2415773262 0.3340593457  8.611095092 1745833726 1745833726
0.2691328802 0.1036078888  8.988090233 0.2124884293 0.2463350363  8.643684949 1745833726 1745833726
  0.258309414 0.09606382788   9.121231574  0.176288209 0.1518029657  8.704940403 1745833726 1745833726
 0.2225648313 0.07499044185   9.248509053   0.139657858 0.05825852286   8.795292238 1745833726 1745833726
0.2449061306 0.0704701255  9.359212233   0.1101902947 -0.02693687892    8.912416552 1745833726 1745833726
 0.2309794491 0.06624709498   9.450077035  0.09675641149 -0.09570940107    9.050885338 1745833726 1745833726
 0.2084481902 0.05058104435   9.517704324 0.1047353875 -0.141200462  9.203625444 1745833726 1745833726
 0.2331891602 0.06193755685   9.561085583  0.1364844458 -0.1593721993   9.362396966 1745833726 1745833726
 0.2463638637 0.06296940215   9.585007527  0.1906008694 -0.1493406612   9.516591486 1745833726 1745833726
0.2588204274 0.0626472621  9.594250567 0.2618254124 -0.113796705  9.656637651 1745833726 1745833726
 0.2871332336 0.08058884639     9.5939753  0.3418850345 -0.0587992699   9.774344562 1745833726 1745833726
0.3100185551 0.1069651165  9.590110328   0.4206359873 0.007573209996    9.863389835 1745833726 1745833726
0.3299780447 0.1198989674  9.586808464  0.4877935106 0.07583078257   9.920770117 1745833726 1745833726
0.3440632419 0.1257058469    9.5862106 0.5344791656 0.1369361096   9.94662535 1745833726 1745833726
0.3269336608 0.1463650063  9.588968896 0.5547327539  0.183524273  9.944111008 1745833726 1745833726
0.3247597363  0.148829832  9.592306043 0.5461459778 0.2109214307  9.918394828 1745833726 1745833726
0.3333366989 0.1638131231  9.593321949 0.5104031397 0.2178857144  9.876011507 1745833726 1745833726
0.3177452584 0.1764291687   9.59071096 0.4531668383  0.206489112   9.82429014 1745833726 1745833726
0.3130874296 0.1658177986  9.581590553 0.3827892507 0.1817965584  9.769759963 1745833726 1745833726
0.3200809426  0.168299257  9.564404365 0.3093386595 0.1508698183  9.718127103 1745833726 1745833726
0.3046138411 0.1679385796  9.540996188 0.2431141925 0.1214397965  9.673643624 1745833726 1745833726
0.2958319085 0.1463591008  9.512272605 0.1929233826 0.1007736966  9.638814466 1745833726 1745833726
0.2969474999 0.1466760749  9.479636363 0.1649314378 0.0940939001  9.614434918 1745833727 1745833727
0.2931185111 0.1406410754  9.446182772 0.1618927258 0.1041086908  9.599635317 1745833727 1745833727
0.2924345434  0.126914065  9.413210363 0.1828369543 0.1304565748  9.592311397 1745833727 1745833727
0.2874468141 0.1309877361  9.381119055 0.2232215698 0.1693125642  9.589172758 1745833727 1745833727
0.2848582953 0.1266176452  9.349505958 0.2759880868 0.2149021186  9.586694911 1745833727 1745833727
0.2857707412 0.1136982369  9.316973028 0.3326429704 0.2598218091  9.581181595 1745833727 1745833727
0.2833746544 0.1216402114  9.281784149 0.3842682886 0.2959594837  9.569123321 1745833727 1745833727
0.2759341002 0.1237039683   9.24326426 0.4232628264 0.3166949974  9.548319813 1745833727 1745833727
0.2737179953 0.1046277102  9.201402873 0.4440418666 0.3173923347  9.517712284 1745833727 1745833727
0.2685419364  0.112694408  9.157554772 0.4435887416  0.295567382  9.476946944 1745833727 1745833727
0.2495953987 0.1015789669  9.115913511 0.4223611427 0.2531119051  9.428352012 1745833727 1745833727
  0.245108157 0.07646333583   9.080140883 0.3830379407 0.1942785072  9.374643356 1745833727 1745833727
0.2517795436 0.1126269951  9.054634387 0.3304303293 0.1250403376  9.318723268 1745833727 1745833727
  0.23815818 0.1291230077  9.045517087  0.2719671294 0.05559198854   9.267043899 1745833727 1745833727
0.2260287631 0.1172627305  9.055354626    0.2145910755 -0.004582325177     9.224684763 1745833727 1745833727
0.2257644188 0.1549009699  9.083445104   0.1644440205 -0.04791965986    9.194874761 1745833727 1745833727
0.2097811972 0.1445933323  9.129960759  0.1278039836 -0.0664641283   9.182736922 1745833727 1745833727
0.1994012626 0.1109764306  9.189563803   0.1083569653 -0.05677946092    9.189497678 1745833727 1745833727
0.2072107798  0.202733078  9.253646094   0.1073861891 -0.01928947675     9.21270439 1745833727 1745833727
0.2261147223 0.2043331354  9.319344982  0.1243170244 0.04377635148   9.252958474 1745833727 1745833727
0.2399673276 0.1602491831  9.380585027 0.1562562478 0.1250502204   9.30454192 1745833727 1745833727
0.2542609586 0.2419740108    9.4298431 0.1983024768 0.2149105693  9.359981608 1745833727 1745833727
0.2919964797 0.2214919023   9.47003369 0.2451678635 0.3024295302  9.415907876 1745833727 1745833727
0.3291552598 0.1471010147  9.501985057 0.2909633709 0.3764125984   9.46645937 1745833727 1745833727
0.3355079818 0.2216690188  9.526908586 0.3300720949 0.4275247374  9.507290988 1745833727 1745833727
0.3522561643 0.1955420949  9.553683579 0.3589411302 0.4480690721  9.540482236 1745833727 1745833727
0.3777701384 0.1088515604  9.586655376 0.3754436312 0.4345150304  9.568601656 1745833727 1745833727
0.3590219428 0.1664632822   9.62937399 0.3790314964 0.3881764567  9.596062777 1745833727 1745833727
0.3329172429 0.1344120359  9.686365862 0.3717343511 0.3126663053  9.631318277 1745833727 1745833727
 0.3307940547 0.03169277149   9.755541598 0.3569789213 0.2159158406  9.681381598 1745833727 1745833727
 0.3073635977 0.09055050958   9.834292018 0.3384817841 0.1100290019  9.751739245 1745833728 1745833728
 0.2935481684 0.05541533706   9.919022527   0.3205852328 0.004680512719    9.845590701 1745833728 1745833728
  0.3050418728 -0.06127386922    10.00305318    0.306868852 -0.08920059364    9.961166656 1745833728 1745833728
 0.2922193134 0.01035950617   10.08329783  0.2991490626 -0.1596162961   10.09460187 1745833728 1745833728
   0.2854980653 -0.002166015464      10.1546857  0.2980072726 -0.2029880671   10.23469807 1745833728 1745833728
 0.3310673818 -0.0868374975   10.21398014 0.3027932673 -0.216695264  10.36855861 1745833728 1745833728
 0.3401885662 0.01037451554   10.26567145  0.3103706242 -0.1993651383   10.48728494 1745833728 1745833728
0.3373893407 0.0384602608  10.31080289  0.3178960138 -0.1586075481   10.57575443 1745833728 1745833728
  0.3892268145 -0.02601889006    10.35197725 0.3231015712 -0.102238727  10.62474139 1745833728 1745833728
 0.4044181662 0.03038608388   10.39702457   0.3233257392 -0.03734219569    10.63699765 1745833728 1745833728
 0.3475072281 0.06889129618   10.45138908  0.3176273596 0.02530496493   10.61378951 1745833728 1745833728
  0.3737975573 -0.01142190772    10.51262061   0.308365254 0.07622620319    10.5609869 1745833728 1745833728
  0.3879660569 -0.01955584245      10.583743 0.2978101427 0.1108878506   10.4988654 1745833728 1745833728
  0.3438899782 -0.05391081499    10.66432005 0.2880231601 0.1242370053  10.44234254 1745833728 1745833728
 0.3392590325 -0.1765270758   10.74538121 0.2833856829 0.1145683409  10.40602515 1745833728 1745833728
 0.3392196552 -0.1936475446   10.82420965  0.2868805783 0.08598836397   10.40995356 1745833728 1745833728
 0.2814880837 -0.2538454294   10.89362648  0.2978906318 0.04107932751   10.45817217 1745833728 1745833728
 0.3018722802 -0.3165131816   10.94353369  0.3177104656 -0.0134515538   10.55217227 1745833728 1745833728
 0.3262793528 -0.2842813281   10.97321702   0.3423096659 -0.06926739572    10.68846011 1745833728 1745833728
 0.3357983306 -0.2587137865   10.97665281   0.367342333 -0.1200560878   10.84980782 1745833728 1745833728
 0.3778517243 -0.1974670546   10.95159235  0.3875016364 -0.1586532377    11.0179237 1745833728 1745833728
0.3931928101 -0.173753221  10.89880482  0.3975294303 -0.1800909638   11.16973382 1745833728 1745833728
  0.3109144466 -0.06107627468    10.82423419  0.3936957424 -0.1779675176   11.28955987 1745833728 1745833728
 0.2954831158 0.07143001143   10.72296149  0.3761352878 -0.1506851235   11.35483021 1745833728 1745833728
0.3056061628 0.1211862416   10.6000139   0.3457848913 -0.09908561549    11.35157241 1745833728 1745833728
0.2401758539 0.2422893501  10.45902285   0.3034760073 -0.02297007763    11.28032824 1745833728 1745833728
0.1998607257  0.387031349  10.29813116  0.2557548317 0.07293290912   11.14065783 1745833728 1745833728
0.2104858784 0.4153089249  10.12404579 0.2097816217 0.1799960939   10.9400001 1745833728 1745833728
0.1846524341 0.5075822454  9.933775832 0.1700185012 0.2940290261  10.69656947 1745833728 1745833728
0.1475258965 0.6198171373  9.730146815 0.1421792271 0.4057993241  10.42653291 1745833728 1745833728
0.1714559257  0.567715267  9.527876994 0.1307496348 0.5040718039  10.14909222 1745833729 1745833729
 0.181001884 0.6225421824  9.317580273 0.1350891807 0.5863493792  9.880108617 1745833729 1745833729
0.1501117133 0.6765027903  9.113357454 0.1536468631 0.6454308191  9.631782197 1745833729 1745833729
0.1746838717  0.549922296  8.934879363 0.1833097778 0.6785834786  9.417890177 1745833729 1745833729
0.1947074036 0.5378161795  8.771912587 0.2185373345 0.6867713356   9.23601378 1745833729 1745833729
0.1813454881 0.5397769524  8.640498259  0.254716667 0.6714829528  9.087678551 1745833729 1745833729
 0.206119175 0.4108171303  8.554095895 0.2859812788 0.6395580351   8.97541702 1745833729 1745833729
0.2229857227 0.3893324212   8.50459837 0.3091639824 0.5920105746  8.886541143 1745833729 1745833729
0.2043539172    0.3688499  8.499825974 0.3231312191 0.5356358223  8.819769866 1745833729 1745833729
0.2320678657 0.2485008825    8.5387836 0.3250040945  0.477975152  8.774064847 1745833729 1745833729
0.2380916031 0.2154366372  8.610491387  0.317633453 0.4166667928   8.74021277 1745833729 1745833729
0.2225142302 0.1925626685  8.709679756 0.3035490243 0.3556715513  8.719909029 1745833729 1745833729
0.2496746466 0.1278429034  8.825603806 0.2836663508 0.2970052445  8.715150374 1745833729 1745833729
0.2664246422 0.1168192703  8.947607594 0.2629245906 0.2380488784  8.725600774 1745833729 1745833729
 0.2499952993 0.09903493162   9.067982925 0.2449964864  0.180199478  8.755292673 1745833729 1745833729
 0.2639747215 0.05466528299   9.177383901  0.230868045 0.1238343252  8.806811425 1745833729 1745833729
 0.2672537721 0.04223450363   9.271437366  0.2230353179 0.06901219061   8.879970079 1745833729 1745833729
 0.2522303037 0.02864272205   9.348346415  0.2221401068 0.01829189504   8.974331714 1745833729 1745833729
 0.2619383164 0.03769913211   9.407097066   0.2273600665 -0.02581659811    9.086943271 1745833729 1745833729
 0.2604091276 0.05855675537   9.450942565  0.2379469414 -0.0600412164   9.212585218 1745833729 1745833729
  0.248575437 0.05900524851   9.483490579    0.252339392 -0.08120336726     9.34470285 1745833729 1745833729
 0.2506087733 0.07070309165   9.507749095   0.2686142405 -0.08728949938    9.475532563 1745833729 1745833729
 0.2371748383 0.08842179362    9.52794524  0.2851568462 -0.0772200663   9.597128082 1745833729 1745833729
 0.2352111366 0.09673158783   9.546026055  0.3003158539 -0.0516527117   9.702613265 1745833729 1745833729
0.2484715781 0.1247399038  9.562867191   0.3128028311 -0.01316910134    9.786362652 1745833729 1745833729
0.2501527755 0.1467327973  9.579445609  0.3218432628 0.03421399069   9.844986215 1745833729 1745833729
 0.260219955 0.1518618831   9.59451932  0.3270369134 0.08524033881   9.877558818 1745833729 1745833729
0.2787948595 0.1705181126  9.606062117  0.328493792 0.1341533112  9.885547415 1745833729 1745833729
0.2887489572 0.1812412253  9.613242392 0.3268225233 0.1755197315  9.872699136 1745833729 1745833729
 0.304958556 0.1670100748  9.614573637 0.3229692041 0.2049419664  9.844312855 1745833729 1745833729
0.3143434196  0.159398603  9.609034084 0.3181545659 0.2197278729   9.80661465 1745833730 1745833730
0.3026962249 0.1522478615  9.597013079 0.3137012458 0.2191685275  9.765865216 1745833730 1745833730
0.2987692805 0.1279626581  9.578190276 0.3107310359 0.2047377599  9.727398114 1745833730 1745833730
 0.304572923 0.1199847635  9.552726025 0.3100178714 0.1797860175  9.695064094 1745833730 1745833730
0.2826779792 0.1211225872  9.522722265 0.3119552301 0.1490493644  9.670770852 1745833730 1745833730
0.2725509138 0.1051838926  9.487961879 0.3161808864 0.1180134038  9.654262719 1745833730 1745833730
0.2780208942 0.1059993127  9.448464474  0.3217595853 0.09181726155   9.643196876 1745833730 1745833730
0.2772379076 0.1013169514   9.40550608   0.327488488 0.07484949966   9.633805189 1745833730 1745833730
 0.2838990985 0.09415673533   9.359123252  0.3318757162 0.06988489942   9.621511378 1745833730 1745833730
0.2958874804  0.116501013  9.309875943 0.3334975716 0.0775087059   9.60160751 1745833730 1745833730
 0.314143147 0.1201193455  9.259729779  0.3315616813 0.09688672259   9.570926948 1745833730 1745833730
0.3261680211  0.110929634  9.211244829 0.3261084302 0.1251541121  9.527766193 1745833730 1745833730
0.3300921281  0.131512823  9.166701024 0.3176908609 0.1576679866  9.472443421 1745833730 1745833730
0.3261431621 0.1340074221  9.129579627 0.3078605282 0.1900005809  9.408570964 1745833730 1745833730
0.3189944145 0.1137490611  9.102177451 0.2986668763 0.2174968031  9.341596356 1745833730 1745833730
0.3099670269 0.1300005808  9.084978363 0.2920242318 0.2354451751  9.277513705 1745833730 1745833730
 0.303054709 0.1140564212  9.078674101 0.2897708145 0.2419297526  9.224206038 1745833730 1745833730
 0.2982326093 0.07710366303   9.081451144 0.2931490557 0.2358663454  9.187718812 1745833730 1745833730
0.2841408929 0.1147965612  9.090074772 0.3017667215 0.2167173958  9.170649671 1745833730 1745833730
 0.2904450373 0.09894129714   9.102000296 0.3141851478 0.1885689466  9.176403266 1745833730 1745833730
 0.2877420298 0.06039350048   9.115327319 0.3286893326 0.1547706593  9.202639449 1745833730 1745833730
 0.2647720548 0.09975324182   9.128532635 0.3420840852 0.1185336839  9.242717315 1745833730 1745833730
 0.2451547558 0.08965006707   9.142843106  0.3506562702 0.08606410156   9.292129058 1745833730 1745833730
   0.23958667 0.05664545252   9.160409161  0.3515622184 0.06113542204   9.342636439 1745833730 1745833730
0.2153341234 0.1410484694  9.184730356  0.3429338697 0.04559031101   9.384196765 1745833730 1745833730
0.1943868508 0.1575202344  9.221324911 0.3244875924 0.0429685841  9.415116754 1745833730 1745833730
0.1950354415 0.1319312175  9.273337698  0.2975524707 0.05293198226   9.432690484 1745833730 1745833730
0.1832113577 0.2209687482  9.340383783  0.2648642706 0.07341142046   9.435715883 1745833730 1745833730
0.1966380578 0.2144008839   9.42482217 0.2306222912 0.1022467312  9.432766326 1745833730 1745833730
0.2307839853 0.1490950792  9.522629937 0.1996104237 0.1351478507  9.430689557 1745833730 1745833730
0.2357242918 0.2630051093  9.624932303 0.1758549232 0.1687429915  9.436466271 1745833731 1745833731
0.2572641708 0.2580764981  9.730747045  0.163236128 0.1980493968  9.462272799 1745833731 1745833731
0.2889561975 0.1672392443  9.833408584 0.1635854108 0.2193969914  9.514229911 1745833731 1745833731
0.2846723749 0.2516899615  9.923958713 0.1764096322 0.2326874092  9.595940643 1745833731 1745833731
0.2792972561 0.2238509604  10.00499885 0.2000561722 0.2346974832  9.707221562 1745833731 1745833731
0.3091904826 0.1065028305  10.07400974 0.2312368268 0.2260139428  9.842250953 1745833731 1745833731
0.3076890404 0.2084070322  10.13008463 0.2649404626 0.2118810387  9.994996705 1745833731 1745833731
0.2963997515 0.2152290273  10.18104604 0.2963199714 0.1917969186  10.15161333 1745833731 1745833731
0.3286020685 0.1180847229  10.22972862 0.3215427075 0.1689280611  10.29861148 1745833731 1745833731
0.3419236262 0.1588681141  10.27803634 0.3372591116 0.1491734629  10.42880215 1745833731 1745833731
0.3231560581 0.1364768904  10.33226758 0.3415909544 0.1327844903  10.53075756 1745833731 1745833731
 0.3608057068 0.01742113258   10.39040797 0.3355035223  0.120671289  10.59822726 1745833731 1745833731
 0.3839796771 0.06278574879   10.45254405 0.3211337317 0.1155822205  10.63762141 1745833731 1745833731
 0.3578519865 0.07257737042   10.51912681 0.3007485553 0.1136475647  10.64949646 1745833731 1745833731
   0.381703591 -0.04017197359    10.58375565 0.2790876314 0.1110028588  10.63872336 1745833731 1745833731
   0.391461412 -0.08772165304    10.64466786 0.2601793616 0.1059239696  10.62042985 1745833731 1745833731
 0.3511388473 -0.1417677489   10.70029986   0.245849695 0.09356678361   10.60323521 1745833731 1745833731
0.3380520812 -0.272334328  10.74400043 0.2389400503 0.0698960856  10.59371677 1745833731 1745833731
0.3396079679 -0.272587894  10.77937086   0.240918804 0.03525912303   10.60420021 1745833731 1745833731
 0.3010229301 -0.3122744109   10.80394056   0.2497267603 -0.01225990115    10.63277985 1745833731 1745833731
 0.3162583164 -0.3528312339   10.81584033   0.2649295924 -0.07004486329    10.67952108 1745833731 1745833731
0.3301935945 -0.322156992  10.81923914  0.2843172961 -0.1328026973    10.7427064 1745833731 1745833731
 0.2920172325 -0.3069541105   10.81291926  0.3043000243 -0.1953374754   10.81350701 1745833731 1745833731
 0.3052574434 -0.2705154944    10.7944588 0.3235811255 -0.249856185  10.88476914 1745833731 1745833731
 0.3261366607 -0.1973827025   10.76399007  0.3406702174 -0.2882410526   10.94890848 1745833731 1745833731
 0.2846729989 -0.1439375481   10.72035461  0.3523546051 -0.3043523228   10.99712574 1745833731 1745833731
  0.2922042629 -0.03028213847    10.65887721  0.3590700273 -0.2918009991   11.02430309 1745833731 1745833731
 0.3212129454 0.07052328841   10.57670897  0.3611666879 -0.2483345892   11.02322204 1745833731 1745833731
0.2957557358 0.1920716254  10.47392722  0.3571315906 -0.1736005868   10.99190163 1745833731 1745833731
0.2979761673 0.3390809119  10.34633846   0.3487650006 -0.07061915464    10.92750398 1745833731 1745833731
0.3185159479 0.3571731429  10.20024674  0.3369687995 0.05191409042   10.82677223 1745833732 1745833732
0.2898328661 0.4488333748  10.03406549 0.3212333126 0.1888175066  10.69559683 1745833732 1745833732
0.2601090411 0.5582248603  9.851858321 0.3034335478 0.3290491915  10.53508415 1745833732 1745833732
0.2675764169 0.5192478608  9.668405652 0.2855935183 0.4595774561  10.34937295 1745833732 1745833732
0.2504204645 0.5655713411  9.480317316 0.2680521461 0.5742393435  10.14640134 1745833732 1745833732
 0.211568779 0.6278789522  9.298785351  0.252502754 0.6636662137  9.932999624 1745833732 1745833732
0.2268708886 0.5245748168  9.141757384 0.2409838323 0.7213639086  9.721280523 1745833732 1745833732
0.2340556853 0.5320788767  9.000687087 0.2338998331 0.7467301052  9.516949403 1745833732 1745833732
0.2022067695 0.5496465795   8.88855272 0.2324698073 0.7395007822  9.329690132 1745833732 1745833732
0.2151056962 0.4244110779  8.816150617 0.2362365884 0.7045196296  9.172430455 1745833732 1745833732
0.2277305481 0.3975265597  8.772991409 0.2449266633 0.6459012468  9.044745193 1745833732 1745833732
0.2117212952 0.3890005881  8.764139566  0.258208156 0.5710743007  8.952229053 1745833732 1745833732
0.2364592321 0.2835825466  8.789447695  0.272925387 0.4897923274  8.899434353 1745833732 1745833732
0.2577158487 0.2657949777  8.837580536 0.2876773949 0.4059266255  8.879151732 1745833732 1745833732
 0.242889336 0.2456374876   8.90593258  0.301172349 0.3272880451  8.889904909 1745833732 1745833732
0.2659802433  0.153962006   8.98567558 0.3095872769 0.2599370652  8.926711373 1745833732 1745833732
0.2702289987 0.1373215292  9.066893643 0.3130883447 0.2034959482  8.978970905 1745833732 1745833732
0.2495230636 0.1188873839  9.144174487  0.311385878 0.1602125123  9.040730822 1745833732 1745833732
 0.2636858394 0.05514658887   9.210588022 0.3034358212 0.1297921612    9.1051575 1745833732 1745833732
  0.246844754 0.04904290888   9.263867637 0.2917446373 0.1082339076  9.165076618 1745833732 1745833732
 0.2264544322 0.04872154085   9.303100067  0.2779848518 0.09320834547   9.217459663 1745833732 1745833732
 0.2500191146 0.03106534944   9.328876091  0.2640239505 0.08151246596   9.261265504 1745833732 1745833732
 0.2485227206 0.05693275199   9.346017959 0.2529478211 0.0694548456  9.296539499 1745833732 1745833732
 0.2325195753 0.06659727848   9.358638835  0.2466674473 0.05530136309   9.326450749 1745833732 1745833732
 0.2527279816 0.05906466809   9.369496295  0.2461779321 0.03798062198   9.355017899 1745833732 1745833732
 0.2522164592 0.07791315648   9.382855399  0.2521947508 0.01763369388   9.385467865 1745833732 1745833732
0.2507297094 0.0893467619  9.400099089    0.2640117984 -0.003613177325     9.421459471 1745833732 1745833732
0.2719463355 0.1113698737  9.420496333   0.2798456511 -0.02295840709    9.464860607 1745833732 1745833732
 0.287305107 0.1403438257  9.443503466   0.2976339035 -0.03667118238    9.515497544 1745833732 1745833732
0.2920681683 0.1443543108  9.467566398   0.3148800701 -0.04089338529    9.571516685 1745833732 1745833732
0.3034049302  0.150604909  9.489271261   0.3289830582 -0.03276927791    9.629114886 1745833733 1745833733
0.2881353226 0.1665335585  9.507251007   0.3381291557 -0.01063244859    9.683374019 1745833733 1745833733
0.2766638612 0.1599382792  9.519505107  0.3409998326 0.02539828625   9.729250658 1745833733 1745833733
0.2741798093 0.1655872971  9.524666313  0.3372392411 0.07289563554   9.762018953 1745833733 1745833733
0.2424044467 0.1815738278   9.52413613 0.3276361416 0.1276202978  9.778443632 1745833733 1745833733
0.2259746664 0.1680147605  9.518582135 0.3136346841 0.1839767244  9.777481468 1745833733 1745833733
0.2258270596 0.1632899552  9.509168246  0.297305634 0.2354280953   9.76020583 1745833733 1745833733
0.228594416 0.161300758 9.498527297 0.2811204057 0.2758803312  9.729960558 1745833733 1745833733
0.2325637669 0.1441026799  9.489254986 0.2674349967 0.3005491232  9.691846817 1745833733 1745833733
0.2460019044 0.1514301306  9.482537196 0.2579492704  0.306416874  9.651723058 1745833733 1745833733
0.2451716098 0.1609059446  9.480781376 0.2538958062 0.2933764329  9.615509127 1745833733 1745833733
0.2498656915 0.1472541352  9.484435963 0.2553832901   0.26397531  9.588259266 1745833733 1745833733
0.2610166461 0.1552554515  9.492064799 0.2614706931 0.2228381249  9.572895786 1745833733 1745833733
0.2545687541 0.1681949788   9.50256149 0.2706983065  0.176442455  9.570283714 1745833733 1745833733
0.2534390891 0.1608730847  9.512499778 0.2807435699 0.1318232385  9.578868961 1745833733 1745833733
0.2592079705 0.1688667638  9.517152476  0.2889730645 0.09525415574   9.594674168 1745833733 1745833733
0.253757237 0.167142025 9.513201938  0.2931563933 0.07170120794   9.612537791 1745833733 1745833733
0.2524747917 0.1429436883  9.496839067  0.2914538684 0.06379682277   9.626503327 1745833733 1745833733
 0.255556399 0.1568183997  9.464939565  0.2828240364 0.07125535671   9.630620683 1745833733 1745833733
0.2320498437 0.1558029565  9.419061161  0.2678261295 0.09197312503   9.620978233 1745833733 1745833733
0.2233512953 0.1345880276  9.360383951 0.2476501755 0.1217587557   9.59518019 1745833733 1745833733
0.2278646478 0.1413990467  9.292538756 0.2245764273 0.1550522408  9.553069944 1745833733 1745833733
0.2137532928 0.1300903853  9.222819788 0.2021742937 0.1869871563  9.497794225 1745833733 1745833733
 0.2117907216 0.09781416988   9.156974407 0.1837733038 0.2132430671  9.434253792 1745833733 1745833733
0.2331608368 0.1293300787  9.099925471 0.1720948343 0.2299942562  9.367797444 1745833733 1745833733
0.2376320884 0.1296663028  9.058880957 0.1703970129 0.2372062805  9.306315287 1745833733 1745833733
 0.2428595423 0.09501124295   9.036701774 0.1798563639 0.2356440256  9.256365628 1745833733 1745833733
0.2627627438  0.128250026  9.032829393 0.1998017401 0.2261199908  9.221548274 1745833733 1745833733
0.2673561897 0.1154856287  9.048590564 0.2293554796 0.2127767076  9.206342798 1745833733 1745833733
 0.2756225647 0.08865497469   9.080409702 0.2655137614  0.198232171   9.21106209 1745833733 1745833733
0.2830780496  0.164227389   9.12333396 0.3041081801 0.1838838025  9.232218617 1745833734 1745833734
0.3111277604  0.164837703  9.175150873 0.3410582085 0.1726634903  9.269373314 1745833734 1745833734
0.3277513049 0.1302302571   9.23284917 0.3724456281 0.1645304142  9.316829021 1745833734 1745833734
0.3151717905 0.1927669617  9.292173024 0.394498283 0.158223214 9.367630717 1745833734 1745833734
0.3260281915 0.1775249287   9.35265464 0.4051813827 0.1532772188  9.420405725 1745833734 1745833734
0.3359437215 0.1149856386  9.413705676 0.4038161673 0.1480020273  9.471149661 1745833734 1745833734
0.3039120925 0.1922415663  9.473853451 0.3908556789 0.1412154953  9.516169289 1745833734 1745833734
0.2788800525 0.1857619104  9.535314235 0.3685646366 0.1323414105  9.558583415 1745833734 1745833734
0.2762492591 0.1124190698  9.597651337 0.3401975478 0.1214756094  9.599630864 1745833734 1745833734
0.2463879025 0.1964263687  9.658800655  0.309073891 0.1102562011  9.640396589 1745833734 1745833734
0.2424713003  0.178374395  9.721124029  0.2791355949 0.09947278204   9.685398037 1745833734 1745833734
 0.2619783915 0.08705332072   9.783231646 0.2535389364 0.0907464709  9.736243585 1745833734 1745833734
0.2616845853 0.1808150736  9.842036114  0.2342769569 0.08698826325   9.794012553 1745833734 1745833734
0.2688059674 0.1858455323  9.899903512  0.2226332628 0.08764934075   9.858723254 1745833734 1745833734
 0.2989729304 0.09222188364   9.956331827 0.2186327693 0.0925017509  9.927870536 1745833734 1745833734
0.3001640952 0.1518228373  10.00967264 0.2210849675 0.1028070223  9.999934361 1745833734 1745833734
0.2542827312 0.2133813984  10.06291823 0.2279808197 0.1160056619   10.0707928 1745833734 1745833734
0.2670192096 0.1242950797  10.11751465 0.2382684894 0.1285438293  10.13458201 1745833734 1745833734
0.2886526004 0.1558478084  10.17189267 0.2502134639  0.141126875  10.19180806 1745833734 1745833734
0.3130378082 0.1652771271  10.23004388 0.2620795462 0.1504272316  10.23946119 1745833734 1745833734
 0.3640444403 0.04797544517   10.29352136 0.2733099887  0.153727955  10.27564207 1745833734 1745833734
 0.3885398183 0.05576078173   10.36210568 0.2837198163 0.1531855733    10.307221 1745833734 1745833734
 0.3761040237 0.04327939822   10.43740451 0.2929266853 0.1467171036  10.33509584 1745833734 1745833734
  0.4182990168 -0.08226730972    10.51415202 0.3027327827 0.1332651108  10.36134152 1745833734 1745833734
  0.4354595606 -0.09755695922    10.59299727 0.3134548634 0.1155519874  10.39629617 1745833734 1745833734
  0.398446721 -0.1329008623   10.67093761 0.3247113572  0.092160924  10.44143857 1745833734 1745833734
0.4277959463 -0.234899943     10.73736  0.3382633539 0.06291057439   10.49767613 1745833734 1745833734
  0.436991722 -0.2438816463   10.79329429  0.3529668423 0.02931464336   10.57104283 1745833734 1745833734
 0.3780203197 -0.2624845685   10.83361566    0.3673235222 -0.009273303476     10.65823389 1745833734 1745833734
 0.3909945844 -0.3077724325   10.84809838   0.3812145952 -0.05196848781      10.753204 1745833734 1745833734
 0.3988329804 -0.2896292177   10.83892574   0.3929363706 -0.09606137473    10.85334464 1745833735 1745833735
 0.3434907208 -0.2735661986   10.80500429  0.4003067799 -0.1391937258   10.94955429 1745833735 1745833735
 0.3429920186 -0.2437759021     10.743366  0.4026407673 -0.1775102413   11.03141944 1745833735 1745833735
0.3499546752 -0.163681803  10.65890546   0.399588796 -0.2057285199   11.09125821 1745833735 1745833735
 0.3081891441 -0.1148349128   10.55617609  0.3895054388 -0.2203914394   11.11863445 1745833735 1745833735
  0.3037171129 -0.01193316972    10.43905395 0.3735148244  -0.21647488  11.10818938 1745833735 1745833735
 0.3302627871 0.07779639457   10.31314491  0.3534974128 -0.1917354251   11.05420467 1745833735 1745833735
0.3146187462 0.1273753058  10.18760894 0.3293499587 -0.145692393  10.95584453 1745833735 1745833735
0.3129529222 0.2352511331  10.06508353  0.3039590219 -0.0778745942    10.8178279 1745833735 1745833735
0.3164926964 0.3001760571  9.952041103   0.2796695189 0.006935662833    10.64509394 1745833735 1745833735
0.2889221936 0.4088460405  9.850509069 0.2576410992 0.1049120224  10.44863793 1745833735 1745833735
0.2549317851 0.5146897043  9.762479302 0.2402833231 0.2088508403  10.24042747 1745833735 1745833735
0.2540657533 0.4506409288  9.696458894 0.2297552426 0.3098239596  10.03498659 1745833735 1745833735
0.2446726483 0.4665027295  9.640201266 0.2266749053 0.4035756137  9.846729988 1745833735 1745833735
0.2215723037 0.5023719167  9.593920092 0.2314703518 0.4832279882   9.68757699 1745833735 1745833735
0.2242637772 0.4587667535  9.557803891 0.2440902212 0.5433000387  9.567768506 1745833735 1745833735
0.2361114726 0.5024848259  9.519205909 0.2630409575 0.5818797454  9.490916674 1745833735 1745833735
0.2166330455 0.5341982208  9.479216607 0.2864307982 0.5976601879  9.457399476 1745833735 1745833735
0.2329234214  0.415729337  9.439414506 0.3119169543 0.5919084647  9.463758315 1745833735 1745833735
 0.240931488 0.4079784562  9.384989723 0.3364745939 0.5677697878  9.497140436 1745833735 1745833735
0.2398007998 0.4149690666  9.320460501 0.3574131341  0.529034304  9.545182197 1745833735 1745833735
0.2596665488 0.3311619503  9.251264147  0.372026976 0.4808438492  9.594231068 1745833735 1745833735
0.2674917109 0.3437750437  9.174898397 0.3787497453 0.4268098609  9.627302345 1745833735 1745833735
0.2594057458 0.3468662851  9.101443256  0.376990161 0.3714009167    9.6337636 1745833735 1745833735
0.2870200543   0.21205265  9.039806763 0.3662871084 0.3193613546  9.608057547 1745833735 1745833735
0.2803294433 0.1813979841  8.990475088 0.3487605691 0.2703437306  9.544255761 1745833735 1745833735
0.2656216321 0.1525110367  8.960769834 0.3264986041  0.226469569  9.447829927 1745833735 1745833735
 0.2873932782 0.05437106823   8.952782071 0.3011700666 0.1891226347  9.329790373 1745833735 1745833735
 0.2760848053 0.04564145027   8.967335644 0.2769829724 0.1555059699  9.200701714 1745833735 1745833735
 0.2483973777 0.03764391364   9.003051625 0.2564575992  0.126289269  9.078394667 1745833735 1745833735
  0.2566097195 -0.01893015171    9.054837556 0.2401223956 0.1016790229  8.979904701 1745833736 1745833736
  0.2586335508 -0.01690743826    9.119099449  0.2299986102 0.07927098226   8.916639925 1745833736 1745833736
  0.2355700056 -0.01735167406     9.19125305  0.2262432008 0.05996417245   8.898975629 1745833736 1745833736
  0.2386298374 -0.01531569696    9.264951234  0.2262356037 0.04406239651   8.929947091 1745833736 1745833736
 0.2340958579 0.02193233455   9.336642155  0.2290165651 0.03134750456   9.006403345 1745833736 1745833736
 0.2159182052 0.05119046798   9.402678544  0.2321809979 0.02306487215   9.120398818 1745833736 1745833736
 0.2178533307 0.07159480054   9.459434856  0.2326275983 0.01980671133   9.258266446 1745833736 1745833736
0.1789763994 0.1167664843  9.505799127  0.2293261208 0.02102660787   9.404583881 1745833736 1745833736
0.1443334027 0.1365903319  9.539753035  0.2206693982 0.02657405771   9.542596003 1745833736 1745833736
0.1573941487 0.1514010281  9.559876015  0.2064081984 0.03572227295   9.657204771 1745833736 1745833736
0.1084913047 0.1747763833  9.567711407   0.188299283 0.04749737333   9.738083867 1745833736 1745833736
0.08321360466  0.1686497153   9.563589757  0.1683617356 0.06099463255   9.779074434 1745833736 1745833736
0.1212207161 0.1938390683  9.548099237  0.1500061991 0.07571696329    9.78111336 1745833736 1745833736
0.1129761992 0.2121943268  9.525960464  0.1363221122 0.09094095369    9.74922888 1745833736 1745833736
 0.116797945 0.1999867983  9.500796414 0.1304919164 0.1062055851  9.694258292 1745833736 1745833736
0.1715301434 0.2065575258  9.475140684 0.1348234713 0.1211148254  9.630133928 1745833736 1745833736
0.2131408942 0.2009204275  9.454706054 0.1496142151 0.1354216617  9.568991909 1745833736 1745833736
0.2453468045 0.1754988561  9.443400242 0.1740346348 0.1488991587  9.522582838 1745833736 1745833736
0.2884392492  0.171499467  9.442399408 0.2058382077 0.1608384262  9.499538615 1745833736 1745833736
0.3250920426 0.1703009708   9.45330021 0.2417528047 0.1714606903  9.503454385 1745833736 1745833736
0.3494943914 0.1486570444  9.475514666 0.2781302203 0.1802808964  9.533685331 1745833736 1745833736
 0.362928044 0.1383347758  9.505316532 0.3115250342 0.1868825747  9.585382749 1745833736 1745833736
0.367491442 0.136161503 9.538079163 0.3393752161 0.1909277657  9.650533303 1745833736 1745833736
0.3791873813 0.1186582873   9.56822506 0.3601797536 0.1919363998  9.719192642 1745833736 1745833736
0.3797878915 0.1278697748  9.591035567 0.3738501723 0.1896925273  9.781240535 1745833736 1745833736
0.3660266056 0.1456489093  9.603402581  0.381628889 0.1839324906  9.827880189 1745833736 1745833736
0.3627172807 0.1349815487  9.603662027  0.385592095 0.1750408472  9.852733761 1745833736 1745833736
0.3609121547  0.125377929  9.593062843 0.3883933289 0.1638390666  9.853173723 1745833736 1745833736
0.3399067249 0.1251309958  9.576019671 0.3926994811 0.1514876019  9.830423113 1745833736 1745833736
0.3468310618 0.1115505773  9.556650234 0.4003912511 0.1396626011   9.78971504 1745833736 1745833736
0.3563586749 0.1256247944  9.541664783 0.4122927824 0.1297785752  9.738962454 1745833737 1745833737
0.3512151876 0.1443679764  9.537818794 0.4279094808 0.1233212294  9.687745481 1745833737 1745833737
0.3569799261 0.1304149757  9.548973769 0.4452019698 0.1211397981  9.646197138 1745833737 1745833737
0.3593449769 0.1232990554  9.576841033 0.4607760105 0.1228216476  9.622252605 1745833737 1745833737
0.3558197177 0.1118983335  9.620487006 0.4706525603  0.127448667  9.621300493 1745833737 1745833737
 0.3666526714 0.09106484746   9.675185395 0.4706318648 0.1332212174  9.644883291 1745833737 1745833737
0.3658380502 0.1164021682  9.735156566 0.4573996747 0.1383442934   9.69074678 1745833737 1745833737
 0.354827903 0.1287251721   9.79364153 0.4291613857 0.1409106303  9.753438717 1745833737 1745833737
0.3476515959 0.1136479558  9.843201316 0.3859282795 0.1395937139  9.824466192 1745833737 1745833737
0.3347277413 0.1015116403  9.878068813 0.3303150926 0.1350945675  9.894640216 1745833737 1745833737
0.2641898977 0.1027082548    9.8963453 0.2666598693 0.1265506416  9.956116483 1745833737 1745833737
 0.2248036061 0.08376833679    9.89512941 0.2004883551 0.1148245039  9.999006549 1745833737 1745833737
0.2069260683 0.1087958816  9.876857778  0.138838241 0.1021489205  10.01916512 1745833737 1745833737
0.1342915019 0.1322874583  9.848062479 0.08821127631  0.0901683967   10.01612278 1745833737 1745833737
0.09524297602  0.1361987109   9.813258918 0.05422636935  0.0804781719   9.990967874 1745833737 1745833737
0.1200160586 0.1446041612  9.778089836 0.04128179663 0.07562896212   9.950415814 1745833737 1745833737
0.1215748567 0.1498695559  9.748326425 0.05086056637  0.0769617643   9.903097332 1745833737 1745833737
0.1348106164 0.1368961838  9.726444384 0.08192074686 0.08472752117   9.858063305 1745833737 1745833737
0.1991680376 0.1493767446  9.711302487   0.131004538 0.09833722559   9.824118148 1745833737 1745833737
0.2412031655 0.1515349543  9.702635554 0.1917463368 0.1152568104  9.805804821 1745833737 1745833737
0.2773973804  0.145650227   9.69692465 0.2569238952 0.1330265866  9.805201708 1745833737 1745833737
0.3385708177 0.1595523912  9.689002165 0.3190650092 0.1488267856   9.82068068 1745833737 1745833737
0.3416322148 0.1839256663  9.678610224 0.3710173857   0.16076808  9.846180534 1745833737 1745833737
0.3473056007 0.1796110932  9.662829371 0.4079212493 0.1679900919  9.874721514 1745833737 1745833737
0.3755826697 0.1749808529  9.640556397 0.4270748217 0.1711179875  9.897894384 1745833737 1745833737
0.3624036192 0.1823547995  9.615985597  0.428343903 0.1720428378  9.908216748 1745833737 1745833737
0.3497263943 0.1709406586  9.591415902 0.4142197761   0.17328147  9.900604305 1745833737 1745833737
0.3504826813 0.1760359576  9.569594236  0.389127167 0.1775961384  9.873337124 1745833737 1745833737
0.3199032382 0.1906478593  9.555747075 0.3586048256 0.1871568689  9.828581044 1745833737 1745833737
0.2861732116 0.1817460508  9.551843822 0.3283443115 0.2029976889  9.771849703 1745833737 1745833737
0.2699207533 0.1844514711   9.55750593 0.3032458839 0.2246731001  9.711392085 1745833738 1745833738
0.2491971638 0.1867442769  9.572935608 0.2865436542 0.2499970043  9.656510503 1745833738 1745833738
0.2217640419 0.1792903388  9.596262925 0.2793383744 0.2755152539   9.61600073 1745833738 1745833738
0.2008717038 0.1852614461  9.623787611 0.2804558033 0.2967357506  9.596705374 1745833738 1745833738
0.1881377237 0.1885674502  9.652622055 0.2866717832 0.3091141893   9.60218438 1745833738 1745833738
0.1695116866 0.1803195926  9.680288479 0.2933511949 0.3089845035  9.632138289 1745833738 1745833738
0.1441893092 0.1788392645  9.704127154 0.2952960481 0.2940976844   9.68264219 1745833738 1745833738
0.1095414288  0.187403308  9.722616297 0.2877324147 0.2644883064  9.746782752 1745833738 1745833738
0.0892294619 0.1890360148  9.735190162 0.2671152327 0.2222360473  9.815504824 1745833738 1745833738
0.07491176213  0.1851587235   9.742083593 0.2319209778 0.1715969502  9.879388141 1745833738 1745833738
0.04365760337  0.2029796012   9.743490015 0.1830660485  0.118669702  9.930309095 1745833738 1745833738
0.02351862778  0.1870996895   9.741128316  0.1235666236 0.06955803121    9.96152761 1745833738 1745833738
0.02910920265  0.1540418263   9.735465816 0.05834796934 0.03018497798   9.969274048 1745833738 1745833738
-0.008043350723     0.143356241     9.726715453 -0.006075978827  0.005794555837     9.954685077 1745833738 1745833738
-0.01776528181   0.1132638055    9.716025203  -0.06358557575 -0.001767408112     9.919436653 1745833738 1745833738
0.01211459668  0.1224599165   9.703209786  -0.1083500246 0.007581607733    9.869111523 1745833738 1745833738
0.009044415621   0.1338965046    9.689138223  -0.135958758 0.03244181151   9.812058589 1745833738 1745833738
0.0004949184966    0.1225066636     9.674621205 -0.1443493083 0.06793537445   9.755713639 1745833738 1745833738
0.02941527253  0.1275391527   9.659676056 -0.1337346613  0.1090175861   9.707622615 1745833738 1745833738
0.005730556297   0.1330594416    9.645405335 -0.1068926974  0.1497387285   9.673516639 1745833738 1745833738
-0.01917271902   0.1221187608    9.632813452 -0.06813991014   0.1852339375    9.657185569 1745833738 1745833738
-0.007407226209     0.146837857     9.622283477 -0.02278892451   0.2125031188    9.660467713 1745833738 1745833738
-0.008625836465    0.1557369503     9.615369787 0.02343410442  0.2282369658   9.681147964 1745833738 1745833738
-0.01628683343   0.1520425076    9.612696026 0.06583972261  0.2332825796    9.71538437 1745833738 1745833738
0.00723340234  0.1525000493   9.614187082 0.1015484411 0.2296878839  9.758312516 1745833738 1745833738
0.04525936608  0.1447669893   9.619521945 0.1297443469 0.2190128566  9.803397205 1745833738 1745833738
0.09374244468   0.122299868   9.627770308 0.1519218231 0.2053062559  9.844657036 1745833738 1745833738
0.1688292092 0.1171452685  9.636882493 0.1716434085 0.1915193971   9.87735751 1745833738 1745833738
0.2480415337 0.1229907358  9.645669062 0.1936864452 0.1799480669  9.898199104 1745833738 1745833738
0.3459149363 0.1065657759   9.65272683 0.2231287765 0.1723516488  9.905773941 1745833738 1745833738
0.4613790541 0.1040029478  9.656106503 0.2642102368 0.1692560032  9.900125077 1745833739 1745833739
0.5459490269 0.1273149684  9.657138905 0.3195370895 0.1705673159  9.883311723 1745833739 1745833739
0.6466865687 0.1336220782  9.653588315 0.3891028307 0.1746564146  9.857130792 1745833739 1745833739
0.7629375815  0.153606428    9.6443723 0.4703350608 0.1795459586  9.824294177 1745833739 1745833739
 0.832448445 0.1810141282  9.634694235 0.5584092306 0.1839550171   9.78910083 1745833739 1745833739
 0.868342265 0.1864147248  9.625577278 0.6467905425 0.1852157541  9.754712447 1745833739 1745833739
0.9130072501 0.1924782453  9.614199443 0.7281840933 0.1810893545  9.723680189 1745833739 1745833739
0.8901777757 0.2175267736  9.608888777 0.7955169505 0.1719162646  9.700062874 1745833739 1745833739
0.8473757032 0.2296727315  9.607344697 0.8434591404  0.156653369  9.686070339 1745833739 1745833739
0.8133874224 0.2581428187  9.607524624 0.8688233204 0.1359781341  9.683823115 1745833739 1745833739
0.7378871677 0.2785434585  9.614809091  0.870775185 0.1119378069  9.695113956 1745833739 1745833739
0.6380344612 0.2649389768  9.627775996  0.8514892334 0.08600059733   9.719966984 1745833739 1745833739
0.5692209224 0.2609086366  9.640419893  0.8153231707 0.06137534611   9.757833813 1745833739 1745833739
0.4964917648 0.2406636648   9.65453076  0.7685813288 0.03982966946   9.806149768 1745833739 1745833739
 0.411685662 0.2179275113  9.668412832  0.7170319951 0.02504292959   9.860989136 1745833739 1745833739
0.3400832336 0.2213398107  9.679033851 0.6660338731 0.0211114357   9.91805105 1745833739 1745833739
0.2930785277 0.2047069214  9.686848487  0.6212727394 0.02751064317   9.971096699 1745833739 1745833739
0.2376829824 0.1743226434  9.693082835  0.5831186062 0.04681076729   10.01301012 1745833739 1745833739
0.1821600357 0.1471369293  9.697897551  0.5500953984 0.08005344203   10.03789746 1745833739 1745833739
 0.1331810859 0.09770975781   9.702529272  0.519758883 0.1238907337  10.04032869 1745833739 1745833739
 0.1389876911 0.07198275473   9.706552032 0.4881822577 0.1738972215  10.01794985 1745833739 1745833739
  0.128094196 0.06012112578    9.71102026 0.4485464872 0.2256522786  9.968738764 1745833739 1745833739
0.09919847223 0.05748201276   9.714462697 0.3978662134 0.2711201682  9.895983308 1745833739 1745833739
 0.1385172574 0.06743035316   9.713304259 0.3341650963  0.303005486  9.806344265 1745833739 1745833739
 0.1616830513 0.02522578817   9.705845135 0.2597811701 0.3157402231   9.71071864 1745833739 1745833739
 0.1416789104 0.03820177232   9.689629981 0.1797727307 0.3046952299  9.620340932 1745833739 1745833739
0.1888339711 0.0513447876  9.662059369 0.0984247264 0.2705862282  9.545593652 1745833739 1745833739
 0.2334324106 0.03677439768   9.625335147 0.02475881736  0.2166909674   9.496361401 1745833739 1745833739
   0.20433155 0.08563649504   9.584181138 -0.03333576765   0.1481671605    9.476175037 1745833739 1745833739
 0.215167741 0.0953488167  9.541920766 -0.07243507204  0.07594580688    9.484766315 1745833739 1745833739
 0.2566797088 0.07513795061   9.504853329  -0.0879571622 0.009843918268    9.517698286 1745833740 1745833740
 0.2488580136 0.08617197871   9.480226969  -0.0776339066 -0.04005109812     9.56761832 1745833740 1745833740
0.2623630755 0.0718611412  9.470913484 -0.04198035508 -0.06487452144    9.626929017 1745833740 1745833740
 0.300559282 0.1068154382  9.477784094  0.01690024224 -0.05897353264    9.688882402 1745833740 1745833740
 0.321536857 0.1207610199  9.501537954  0.09384538017 -0.02207728942    9.745821815 1745833740 1745833740
0.3505501778 0.1319318083  9.537384417  0.1818178903 0.04121439085   9.792373402 1745833740 1745833740
0.3842202838 0.1626023688  9.579068379 0.2717705617  0.121794222  9.824088001 1745833740 1745833740
0.3948364608  0.173888283  9.621215516 0.3536853957  0.206749839  9.837096691 1745833740 1745833740
0.4010522033 0.1847790865  9.655835635 0.4186061578 0.2827867008  9.831297201 1745833740 1745833740
0.4008581095 0.1606544449  9.677961476 0.4594098025 0.3375162302  9.808439158 1745833740 1745833740
 0.348570759 0.1638443778  9.684892186 0.4718146855 0.3625070064  9.772830626 1745833740 1745833740
 0.304750052 0.1480034945  9.674524915 0.4549156795 0.3540630699  9.730111466 1745833740 1745833740
0.2769290854 0.1106456805  9.649440874 0.4107574951 0.3142378548  9.686035864 1745833740 1745833740
0.2063684603 0.1048408471  9.615850324  0.344976712 0.2496278796  9.645799891 1745833740 1745833740
 0.1645085693 0.08804838804   9.579285834 0.2646776971 0.1713084114  9.613526652 1745833740 1745833740
 0.1622986222 0.07117843073   9.546950142   0.178558434 0.09229490386   9.592392916 1745833740 1745833740
 0.1396592527 0.07188058967   9.525860443 0.09619379939 0.02542025516   9.584579071 1745833740 1745833740
 0.1290555747 0.06498161595   9.519487107  0.02602184284 -0.01828908909    9.591348369 1745833740 1745833740
 0.1561083852 0.06265027007   9.528267655 -0.02525275665 -0.03226702979     9.61318463 1745833740 1745833740
 0.1593018395 0.07788254877   9.550880022 -0.05304495865 -0.01526961808     9.64845428 1745833740 1745833740
  0.164924047 0.08869112819   9.582468109 -0.05593173589  0.02960520166    9.694820491 1745833740 1745833740
0.2061052819 0.1039857089  9.616254779 -0.03542416408  0.09303963624    9.748696061 1745833740 1745833740
0.2177576578 0.1348727182  9.647139555 0.004571751686   0.1634208315    9.803541851 1745833740 1745833740
0.2321177183 0.1573472287  9.669768257 0.05817015391  0.2294900107   9.853382658 1745833740 1745833740
0.2790595831   0.17886098  9.680383307 0.1186383208 0.2790796745  9.892040567 1745833740 1745833740
0.2839239985 0.2159920972  9.680419853 0.1795873634  0.304509521  9.912559908 1745833740 1745833740
0.2891230877 0.2245047108  9.672007766 0.2353960476 0.3035621658  9.911444509 1745833740 1745833740
0.3247868641 0.2093972912   9.65828488  0.282874762 0.2764717358  9.887992637 1745833740 1745833740
0.3077559889 0.2041503778  9.646094781 0.3203363795 0.2296422279  9.843124796 1745833740 1745833740
0.2892732791 0.1733000081  9.639064407 0.3483293831 0.1738610187  9.783642186 1745833740 1745833740
 0.298190209 0.1624521793  9.638681589 0.3708970174 0.1177824265  9.720351299 1745833741 1745833741
0.2799306283 0.1381916561  9.648523569  0.3906352914 0.07158082916   9.662816274 1745833741 1745833741
0.2517186443 0.1140523648  9.666970754 0.4101491477 0.0456389341  9.622933743 1745833741 1745833741
 0.240861115 0.1161958435  9.690456519  0.4326947498 0.03966495142   9.610820567 1745833741 1745833741
0.2441168362 0.1194540102  9.715751255  0.4575553567 0.05661690011   9.631149454 1745833741 1745833741
0.2527619667  0.132120136  9.738939686  0.4826450909 0.08870559793   9.683850365 1745833741 1745833741
0.2476928858 0.1260141819  9.757348622 0.5028111903 0.1295985724   9.76445201 1745833741 1745833741
0.2645318292 0.1605637158  9.766841141 0.5163652169 0.1746950877   9.86390322 1745833741 1745833741
0.2984820026 0.1973877395  9.767024242 0.5198061148 0.2148195959  9.970521847 1745833741 1745833741
0.3177148957 0.1841446854  9.760641394 0.5091395752 0.2466963047  10.07249278 1745833741 1745833741
0.2839988775 0.2314486659  9.748807856 0.4893052492 0.2627614461  10.15529229 1745833741 1745833741
 0.301714349 0.2388445772  9.733200236 0.4561139485 0.2666189918  10.20707097 1745833741 1745833741
0.3412809562  0.221455187  9.717246496 0.4101007558 0.2640144624   10.2186193 1745833741 1745833741
0.2690284941 0.2389070333  9.706146935 0.3619583707  0.250097533   10.1877687 1745833741 1745833741
0.2542722412  0.220506152  9.697266228 0.3095023369  0.234467602  10.11223738 1745833741 1745833741
0.3118675642 0.2263518045   9.68878908 0.2558907053 0.2246313345  9.998839986 1745833741 1745833741
0.2590481532 0.2358877817  9.685152969 0.2087030857 0.2198161438  9.863369991 1745833741 1745833741
0.2228902382 0.2002389737  9.681526447 0.1690049473 0.2251347041  9.719937451 1745833741 1745833741
0.2449972528 0.2023832529  9.673155816 0.1402258324 0.2381284598  9.586571797 1745833741 1745833741
0.2224143132 0.1769422214  9.662486885 0.1236000774 0.2567336069  9.479046231 1745833741 1745833741
0.1918129768 0.1391079276  9.647819854  0.119076641 0.2758713666  9.409031907 1745833741 1745833741
0.1950564463 0.1540133687  9.628422238 0.1256872285 0.2877119744  9.383148226 1745833741 1745833741
0.1851334775 0.1334519842  9.608976914 0.1418700085 0.2933700692   9.40022347 1745833741 1745833741
0.1791003012 0.1025293144  9.591827582  0.165623421 0.2868358937  9.454460822 1745833741 1745833741
0.1789296644 0.1144601087  9.579690784 0.194257417 0.266081747 9.535358286 1745833741 1745833741
0.1944060415 0.1075508536  9.575920619 0.2283216627 0.2378998291  9.630903318 1745833741 1745833741
 0.2318549961 0.08259517225   9.581922599 0.2656701365 0.2032051704  9.728905548 1745833741 1745833741
 0.2469090634 0.09632035697   9.598272489 0.3038204744 0.1678303405  9.818942636 1745833741 1745833741
 0.2861313847 0.09633498438   9.622762046 0.3427887296  0.135857834  9.894719104 1745833741 1745833741
 0.3471739522 0.06399903411   9.652298312    0.3787382 0.1115215696  9.953147081 1745833741 1745833741
 0.3751674037 0.05985493465   9.684182879 0.4086045067 0.1016900866  9.995848682 1745833742 1745833742
 0.3860085315 0.06204227139   9.713806196  0.4293273865 0.09918041456   10.02628709 1745833742 1745833742
0.4195875267 0.0237199648  9.735616924 0.4364215013 0.1059678656  10.04704732 1745833742 1745833742
 0.4397448029 0.03513728517   9.747406568 0.4283912774 0.1240163458  10.06270224 1745833742 1745833742
  0.365113996 0.07399445084   9.750720817 0.4031493274 0.1378044369  10.07748751 1745833742 1745833742
 0.3325822092 0.06389612562   9.739776574 0.3597316649 0.1505360503  10.08330878 1745833742 1745833742
 0.3338670348 0.08680906064   9.715916777 0.3023033241 0.1618406553  10.07641034 1745833742 1745833742
0.2377864895 0.1206173843  9.685780444 0.2336253887 0.1607123923  10.05358215 1745833742 1745833742
0.1801921781 0.1166424191  9.648935849 0.1600353317 0.1511127879  10.00419061 1745833742 1745833742
0.1838989431 0.1453730489  9.608731588 0.09101386687  0.1351787045   9.926278283 1745833742 1745833742
0.1367411653 0.1447470183  9.572178074 0.03338488828  0.1154383167   9.821124233 1745833742 1745833742
0.1025322516 0.1274360464  9.541574735 -0.003651163884   0.09707395698     9.695290487 1745833742 1745833742
0.1048182187 0.1832874488  9.518486454 -0.01338990303  0.08249867358    9.561780257 1745833742 1745833742
0.1460693735 0.1640161503  9.507467599 0.007431295024  0.07675283423    9.436681087 1745833742 1745833742
0.1630356013 0.1332061706   9.50934967 0.05711032853 0.07922623433   9.335148793 1745833742 1745833742
 0.156897322 0.1758371179  9.522958064  0.1311679405 0.08771831648   9.272461293 1745833742 1745833742
0.2491314626 0.1394826754  9.547087541 0.2239762812 0.1001027104   9.26192513 1745833742 1745833742
 0.3204337395 0.09495824798   9.579808967 0.3234848217  0.110706257  9.305771928 1745833742 1745833742
0.3167525606 0.1252005058  9.619046857 0.4202341003 0.1151607852  9.404545048 1745833742 1745833742
0.3948384656 0.1034186042  9.656547878 0.5051052252 0.1073831963  9.549026412 1745833742 1745833742
0.4734629059   0.05073166  9.689353237  0.5705536562 0.08426821135   9.725306693 1745833742 1745833742
 0.4674574689 0.04678837172   9.716743869  0.6149752127 0.04681402419   9.919265648 1745833742 1745833742
    0.4407501 0.06383084718    9.73247004   0.6352403217 -0.00522736022    10.10772623 1745833742 1745833742
 0.4677380276 0.03388923086   9.731330661    0.630270782 -0.06477473373    10.26338785 1745833742 1745833742
0.4752803003 0.0583418465  9.716050999  0.6038540502 -0.1232577083   10.37021964 1745833742 1745833742
 0.4155169822 0.09769427319   9.690774629  0.5589242831 -0.1704911636   10.41325988 1745833742 1745833742
0.3968130278 0.1092966782  9.654458299  0.4967774591 -0.1967516163   10.37977171 1745833742 1745833742
0.4034482757  0.160696058  9.612061696  0.4231699777 -0.1931347825   10.27384522 1745833742 1745833742
0.3575236467 0.1893426675  9.572910096  0.3439046041 -0.1544030718   10.10782784 1745833742 1745833742
  0.30990014 0.2162873425  9.539621833  0.2642068102 -0.0816995002   9.901323249 1745833742 1745833742
 0.275748844 0.2971375212  9.514330678    0.19008991 0.01980775026   9.681252376 1745833742 1745833742
0.2418280586 0.3130392078  9.503421226 0.1275445224 0.1372755308  9.474443092 1745833743 1745833743
0.1762534351 0.3284359196   9.50660745 0.07943557116  0.2575803488   9.306490927 1745833743 1745833743
0.09895216676  0.4089097984   9.519243481 0.0482114802  0.367230051  9.197374777 1745833743 1745833743
0.08498795005  0.4086413225   9.543463013 0.03747378026  0.4485429961   9.157025818 1745833743 1745833743
0.0426153402 0.4010915487  9.573467416 0.04332272451  0.4940007938   9.186351919 1745833743 1745833743
-0.03796804046   0.4362379903    9.602239308 0.06265626907  0.4981162282   9.278871962 1745833743 1745833743
-0.01776041365   0.4127752425    9.630662289 0.09577808469   0.461388357   9.417953867 1745833743 1745833743
0.009501925375   0.3775996361    9.654080575 0.1351802882 0.3903964218  9.584820557 1745833743 1745833743
-0.005007337358    0.3723014173     9.670434479 0.1757702389 0.2937928255  9.760198291 1745833743 1745833743
0.03282057859  0.3504252449   9.683011699  0.216821572 0.1920599454  9.921724333 1745833743 1745833743
0.1105198221 0.3070853388  9.694302017  0.2526973556 0.09738099201   10.05308489 1745833743 1745833743
0.1555371181 0.2784072813  9.706921673  0.2809326306 0.02035575947   10.14552733 1745833743 1745833743
0.1910635821 0.2924338134  9.723008984   0.3025394575 -0.01885118206    10.19334329 1745833743 1745833743
0.2580164416 0.2813284652  9.744894178   0.3157619826 -0.01981563468    10.19635626 1745833743 1745833743
0.3310203854 0.2716786576  9.771112027  0.3219460979 0.01381430934   10.16202548 1745833743 1745833743
0.3675163667 0.2917459477  9.799390696  0.3239506422 0.08723744915   10.10133523 1745833743 1745833743
0.4128224112 0.3011592046  9.824932849 0.3231123433 0.1840490756  10.02485507 1745833743 1745833743
0.4721175268 0.3127522057  9.841986004 0.3221400514 0.2882831111  9.943889966 1745833743 1745833743
0.4821064218 0.3522016655  9.848418699  0.321234826 0.3954773151  9.869216691 1745833743 1745833743
0.4690036615  0.368984482  9.842354088 0.3220410083 0.4853898837  9.806935243 1745833743 1745833743
0.4716712956 0.3578780282  9.822184808 0.3264897064 0.5443202009  9.759238238 1745833743 1745833743
0.3975331788 0.3716980208  9.792664596     0.329428 0.5754744877  9.727613153 1745833743 1745833743
0.3228961599 0.3522376916  9.756634329 0.3331001647 0.5691092225  9.708468088 1745833743 1745833743
0.3198235471 0.2910214845  9.717836629 0.3399111471 0.5248764709  9.697336792 1745833743 1745833743
0.2511047373 0.2389786553  9.684729838 0.3421447506 0.4539808765  9.692041389 1745833743 1745833743
0.1876549839 0.1790726084  9.659929917 0.3459427944  0.358984958  9.688527723 1745833743 1745833743
0.2148284936 0.1269641701  9.644298157 0.3555126023 0.2503334807  9.685408539 1745833743 1745833743
 0.1868059367 0.06843276293   9.641427712 0.3635574092 0.1367150091  9.683772859 1745833743 1745833743
 0.1579198276 0.00658307806   9.647879557   0.377182848 0.02697163283   9.684899786 1745833743 1745833743
 0.2116913922 -0.0174941536   9.658485129    0.398777124 -0.06796078308    9.692784182 1745833744 1745833744
   0.230273337 -0.06052839561    9.670968915  0.4234910805 -0.1493854648   9.708468397 1745833744 1745833744
  0.2254136051 -0.09515080323     9.68112427  0.4534299073 -0.2078910861   9.732511806 1745833744 1745833744
  0.2783035988 -0.07580872632     9.68450839  0.4863927324 -0.2369989388   9.767128811 1745833744 1745833744
  0.3244909633 -0.07973395551     9.68070179  0.5172835898 -0.2457847021   9.807993978 1745833744 1745833744
  0.3284997415 -0.08216970378    9.671935742  0.5423315614 -0.2290637539    9.84953329 1745833744 1745833744
  0.3490542657 -0.06771609372    9.658578862 0.5576210704 -0.187685637  9.888658807 1745833744 1745833744
  0.3453746386 -0.05592916632    9.644830291  0.5599623269 -0.1296130683   9.919048308 1745833744 1745833744
  0.3422001618 -0.05490469943     9.63270796   0.5478573867 -0.06059433409    9.937488745 1745833744 1745833744
  0.3420840049 -0.01544045564    9.624533767  0.5209280556 0.01644953838   9.941943571 1745833744 1745833744
 0.3240668254 0.01859664212   9.621775144  0.4809040325 0.09549187557   9.932017697 1745833744 1745833744
0.3262685249 0.0413187367  9.622916149 0.4310345637 0.1696744601  9.910319082 1745833744 1745833744
 0.3362951409 0.07325750101   9.626914684 0.3756917554 0.2348066631  9.880055573 1745833744 1745833744
0.3059232483 0.1136158783   9.63316908 0.3194480372 0.2864950558  9.844973461 1745833744 1745833744
0.3014279963 0.1244805678  9.637533691 0.2660430485 0.3220467935  9.809788323 1745833744 1745833744
0.2983143997 0.1115541044  9.638764216 0.2186936402  0.341234095  9.777363725 1745833744 1745833744
0.2498296244  0.120345223  9.636196034 0.1790018498  0.344921346  9.749090065 1745833744 1745833744
0.2323326696 0.1015975212  9.627680967  0.147246494 0.3349698744  9.726339352 1745833744 1745833744
0.2310834858 0.1049738958   9.61366993 0.1227522944 0.3149068038  9.708657389 1745833744 1745833744
0.2037840686 0.1038569253  9.596868229 0.1039212728 0.2883068204  9.694404201 1745833744 1745833744
 0.2004820729 0.08675297305   9.578342372 0.08945500434  0.2578820649   9.682768776 1745833744 1745833744
 0.2175740001 0.07744394955   9.560385879 0.07792459406  0.2264562428   9.672758896 1745833744 1745833744
0.1892433311 0.0738205623   9.54684205 0.06821926619  0.1956058623   9.662950341 1745833744 1745833744
 0.1896909571 0.05048445279    9.53823426 0.06061434328   0.165522655   9.654286919 1745833744 1745833744
 0.2132815573 0.01779692589   9.535685437 0.05543494105  0.1360473487   9.647531798 1745833744 1745833744
  0.2089133074 0.001606030322    9.540383711 0.05329223923  0.1065349689   9.643393424 1745833744 1745833744
  0.2263881127 -0.02119141406    9.550426748 0.05518740457 0.07600164019   9.643438084 1745833744 1745833744
  0.2711103735 -0.04907916733    9.563718206 0.06164679713 0.04409088927   9.648444554 1745833744 1745833744
  0.2733389284 -0.05540079234    9.579862776 0.07291145759 0.01085503795   9.657923846 1745833744 1745833744
 0.2936915623 -0.0699800905   9.594477812  0.08854043748 -0.02233839208    9.671617109 1745833744 1745833744
  0.3342409329 -0.08831466339    9.605028242   0.1076282956 -0.05325398519    9.688108897 1745833745 1745833745
  0.3300557189 -0.07387954192    9.612366368   0.1291360503 -0.07914168467    9.704944217 1745833745 1745833745
  0.3396478581 -0.06851672622    9.613502039   0.1516923848 -0.09622433286    9.720602957 1745833745 1745833745
  0.3674624607 -0.06603885022    9.608699026 0.1742457905 -0.101079517  9.733569491 1745833745 1745833745
  0.3618368967 -0.02988845197    9.601479685   0.1963436864 -0.09143778764    9.742349788 1745833745 1745833745
   0.364720316 0.005440294604    9.592090478   0.2176360937 -0.06505938088    9.747398411 1745833745 1745833745
 0.3993896848 0.04613996812   9.581911949   0.2384746622 -0.02252484248    9.750103109 1745833745 1745833745
0.4129433465 0.1000225054  9.574976275  0.2596716718 0.03356909367   9.751081255 1745833745 1745833745
0.4218915508 0.1394008599  9.572303058   0.28160536 0.1004432845  9.752177222 1745833745 1745833745
0.4555032903 0.1895427318  9.572760083  0.304929918 0.1718948569    9.7555847 1745833745 1745833745
0.4651723472 0.2319742585  9.578426765  0.330226004 0.2397951223  9.760854005 1745833745 1745833745
0.4638015861 0.2441934357  9.588331775 0.3567598511 0.2990366613  9.767858222 1745833745 1745833745
0.4850475576 0.2537489652  9.598863505 0.3842829943 0.3420540875  9.776365341 1745833745 1745833745
0.4668458204 0.2512878144  9.612172436 0.4118567964 0.3631948294  9.783062284 1745833745 1745833745
0.4418551516 0.2262357628  9.626235148 0.4376667171  0.362401078  9.786584341 1745833745 1745833745
0.4234654371  0.207897411  9.639800502 0.461303165 0.337978239 9.785848458 1745833745 1745833745
0.3628642608 0.1813676209   9.65597858 0.4815375978 0.2924467219   9.77893261 1745833745 1745833745
 0.304109759 0.1360474702  9.673853441 0.4974372198 0.2338442918  9.767435379 1745833745 1745833745
0.2664710964 0.1064369072  9.693292164 0.5094790576 0.1671088373  9.754073563 1745833745 1745833745
  0.202858846 0.08268461612    9.71618715  0.5170241351 0.09988564631   9.740943662 1745833745 1745833745
 0.1584903058 0.06848343041   9.740789033  0.5205105676 0.04267963368   9.733026357 1745833745 1745833745
 0.1385733449 0.06194608419   9.765699839    0.5193812534 -0.000731215895     9.734302779 1745833745 1745833745
  0.120966132 0.07964120822   9.788771504   0.5140069481 -0.02325706745    9.747083753 1745833745 1745833745
 0.1155506757 0.09199050408   9.807163749   0.5021407672 -0.02499559615    9.773277042 1745833745 1745833745
 0.1183567663 0.09157598287   9.818219998    0.4802222674 -0.006197825418     9.812304769 1745833745 1745833745
0.1041029859 0.1339678115  9.819508663  0.4515162229 0.03295608422   9.859825835 1745833745 1745833745
0.1171623639 0.1552302983  9.810243876  0.4124468843 0.08679897604   9.911945521 1745833745 1745833745
0.1357643428  0.152234278  9.791334366 0.3599572321 0.1501561197  9.961712664 1745833745 1745833745
0.1166753884 0.1789864846  9.764468625 0.3010572122 0.2160092558  10.00071506 1745833745 1745833745
0.1319435805 0.1736412822  9.732934144 0.2340432094 0.2790078721  10.02317038 1745833745 1745833745
0.1443452395  0.161109964  9.700620748 0.1616151144 0.3340841249  10.02398056 1745833746 1745833746
0.1121453109 0.1674328247    9.6715866 0.09536632168  0.3757687757   10.00111635 1745833746 1745833746
0.1060031767  0.149818177   9.64890523 0.03825008359  0.4020090117   9.957160503 1745833746 1745833746
0.09239644736  0.1506730083   9.634473439 -0.005585938213    0.4108237628     9.897334045 1745833746 1745833746
0.04863641671  0.1628301208   9.629225591 -0.02570919954    0.402768937    9.830265649 1745833746 1745833746
0.04266459817  0.1571772681   9.632381677 -0.02298870385   0.3786457141    9.766812913 1745833746 1745833746
0.04038667468  0.1587731471   9.641787714 -0.001313545055    0.3416226392     9.716544723 1745833746 1745833746
0.06403855737  0.1645225162   9.654607368 0.04176259179   0.294667456   9.687371543 1745833746 1745833746
0.1071384535 0.1383245991  9.668369632 0.09490887603  0.2427824569   9.684222333 1745833746 1745833746
0.1364654583 0.1410955667  9.679842974 0.1476919923 0.1947860107  9.706920821 1745833746 1745833746
0.1834098289 0.1430166037  9.687328152 0.1965476633 0.1481864029  9.751403152 1745833746 1745833746
 0.257162157 0.1055624427   9.69005892 0.2306817258  0.111246165  9.809298373 1745833746 1745833746
0.3111314826 0.1230212115  9.687982976  0.2460860786 0.09263795978   9.870610082 1745833746 1745833746
0.3120665337 0.1533684916  9.683831107  0.2427132834 0.08150267935   9.925178556 1745833746 1745833746
  0.35067426 0.1286932365  9.676914785  0.2222925041 0.08523348088    9.95821759 1745833746 1745833746
0.3904861766  0.155059249  9.667912791 0.1938114132 0.1062027965   9.96302848 1745833746 1745833746
0.3559919621 0.1838017353  9.661411795 0.1626350347 0.1311060639  9.937337296 1745833746 1745833746
0.3565344638 0.1731997408  9.654588545 0.1402986998 0.1613914768  9.880264917 1745833746 1745833746
0.3563200196 0.2199113204  9.647240066 0.1367657245 0.1936355607   9.80172226 1745833746 1745833746
0.3511720067 0.2288278659  9.641453558 0.1544106189 0.2208196616  9.714093802 1745833746 1745833746
0.3467863994 0.2263327658  9.636440975 0.1957568502 0.2417044918  9.632927326 1745833746 1745833746
0.3197301657 0.2601221665  9.631628464 0.2567675722 0.2546288814  9.573009557 1745833746 1745833746
0.3494230323 0.2501433734  9.626001576 0.3293637898 0.2597568031  9.545709989 1745833746 1745833746
 0.365166301 0.2173580599  9.621003843 0.4020369958 0.2576324779  9.556617805 1745833746 1745833746
0.3229963028 0.2322172334  9.616184072 0.4637631671 0.2512187065  9.606189449 1745833746 1745833746
0.3124470238 0.2157665817  9.609812944 0.5035021484 0.2390105691  9.687094826 1745833746 1745833746
0.3217123867 0.1637068406    9.6021697 0.5148476476 0.2229335881  9.786928694 1745833746 1745833746
0.2871706959 0.1709097698  9.593698746  0.498961013 0.2061065529  9.893737942 1745833746 1745833746
0.2201794768 0.1745574064  9.585440348 0.4550284778  0.181353161  9.990840406 1745833746 1745833746
0.2068996706 0.1291054941  9.576806147 0.3903687685 0.1496375412  10.05854307 1745833746 1745833746
0.1976379836 0.1276624192  9.568631092 0.3175613368 0.1117129191  10.08851091 1745833746 1745833746
0.1537638551 0.1224937084  9.563204276  0.2440041494 0.06336472204   10.07382194 1745833747 1745833747
  0.151093887 0.09556396814   9.559859493   0.1801078792 0.007430747017    10.01150136 1745833747 1745833747
0.1739693671 0.1218134713   9.55818786   0.1351455512 -0.05126263002    9.910643359 1745833747 1745833747
0.1865941388 0.1204299633  9.559421829  0.1125158963 -0.1076659028   9.783029236 1745833747 1745833747
0.2055405179 0.1170915997  9.562473653  0.1131197758 -0.1539249005   9.645893304 1745833747 1745833747
0.2360168158 0.1559095009  9.566055412  0.1344846369 -0.1815315272   9.517926972 1745833747 1745833747
 0.280697686 0.1594530711  9.570748463  0.1706475021 -0.1842285252    9.41523105 1745833747 1745833747
0.2983148049 0.1637147742  9.577176841  0.2133909087 -0.1579816461    9.35065626 1745833747 1745833747
0.2915818347 0.2019860688  9.584959482  0.2545220597 -0.1028132413   9.331286486 1745833747 1745833747
 0.282132076 0.2063439988  9.595004946   0.2875249009 -0.02347930697    9.357171313 1745833747 1745833747
0.2646523549 0.2004176284  9.607161497  0.3071288901 0.07132568741   9.422936504 1745833747 1745833747
0.2245757632 0.2368803709  9.620331274 0.3107591607 0.1690561814  9.519479457 1745833747 1745833747
0.1916060667   0.24500193  9.634562913 0.3015269882 0.2585796927  9.632189307 1745833747 1745833747
0.1608387162 0.2367558369  9.648661126 0.2803089043 0.3254360948   9.74703754 1745833747 1745833747
0.1140699731 0.2603539861  9.660285921 0.2499270392 0.3575488538  9.852315274 1745833747 1745833747
0.07364435243  0.2466453521   9.669539045 0.2194848226 0.3567741665  9.934984164 1745833747 1745833747
0.05024140869  0.2165147789    9.67494879 0.1883838852 0.3178682736  9.988166851 1745833747 1745833747
0.02893534626  0.2118091312   9.675501861 0.1579271574  0.243861296  10.01009994 1745833747 1745833747
-0.005240387022     0.201834935     9.672553658 0.1336836083 0.1559876912  10.00153001 1745833747 1745833747
-0.01310314476   0.1873774397    9.667477658  0.1117214214 0.06135590366   9.966211466 1745833747 1745833747
0.01447543585  0.2013605107   9.661683557  0.09126060814 -0.02755513233    9.911790204 1745833747 1745833747
0.0215118172 0.2105358268  9.658078721  0.07346636454 -0.08763203624    9.848358592 1745833747 1745833747
0.04380958675  0.2123414634   9.658807321 0.05715343486 -0.1142858148   9.784732037 1745833747 1745833747
0.1134532774 0.2250042572  9.664627112 0.04452312573 -0.1051865722   9.729372409 1745833747 1745833747
0.1518148221 0.2421075929  9.676939268   0.0371613788 -0.05567623447    9.690430306 1745833747 1745833747
0.1871356637 0.2502377569  9.695689422 0.03963958173 0.02309639216   9.672186077 1745833747 1745833747
0.2689056706  0.281297706  9.717577819 0.0576065255 0.1185385249  9.675803869 1745833747 1745833747
0.3340590848  0.297822404  9.742779045 0.09264633922  0.2208376354   9.701049056 1745833747 1745833747
0.3743566694 0.2983905891  9.769553646 0.1488516374 0.3131763105  9.744489628 1745833747 1745833747
 0.446297796 0.2890630545  9.793024358 0.2285056917 0.3816738593  9.799714182 1745833747 1745833747
0.4937510932 0.2880173182  9.812644579 0.3249412213 0.4237721882  9.860339663 1745833748 1745833748
0.5166270677 0.2770719669  9.827586866 0.4354765801  0.432318036  9.919395152 1745833748 1745833748
0.5609122931 0.2569131111  9.834485797 0.5560106252 0.4055521369  9.969378561 1745833748 1745833748
0.5797166113 0.2555646148  9.834996072 0.6688480968 0.3557216713  10.00547566 1745833748 1745833748
0.5650887276 0.2370586299  9.831167761 0.7704618131 0.2858390012  10.02504081 1745833748 1745833748
0.5801859666 0.1885656697  9.820516075 0.8566782974 0.2042674475  10.02644236 1745833748 1745833748
0.5478639764 0.1716459673  9.807537941 0.9086500027 0.1241518299  10.01042981 1745833748 1745833748
0.4957112967 0.1386870902  9.792847337 0.9300577233 0.0507048278  9.980442082 1745833748 1745833748
0.4984279731 0.1136067861  9.773625515    0.9232253974 -0.007987473492      9.94066424 1745833748 1745833748
0.4443666304 0.1013995837  9.756776969   0.8800697975 -0.05093052511     9.89657209 1745833748 1745833748
 0.3864534552 0.08269824709   9.740581572   0.8118520831 -0.07461214365    9.854675644 1745833748 1745833748
 0.3891839389 0.07238491397     9.7230391   0.7264522523 -0.07455265688    9.822729793 1745833748 1745833748
 0.3591336757 0.04849307451    9.70833982   0.6283846141 -0.06144540149    9.803874717 1745833748 1745833748
   0.3241906 0.0215308726  9.694995643   0.5294766426 -0.03294775553    9.801695842 1745833748 1745833748
 0.3420210646 0.05306049701   9.680437636  0.4380002634 0.01308887645   9.820103571 1745833748 1745833748
 0.3623875293 0.04105253614   9.666089937  0.3613771468 0.06628455704   9.854331967 1745833748 1745833748
 0.3552471105 0.02447944068   9.652137565 0.3054106313 0.1217536944  9.897806943 1745833748 1745833748
 0.3572945892 0.03536137626   9.636430595 0.2715189091 0.1803443859  9.944858494 1745833748 1745833748
 0.3448073004 0.01816321525   9.619482674 0.2587160394 0.2369261487  9.984270755 1745833748 1745833748
  0.3391216526 0.004272233267    9.600167123 0.2643193248 0.2867047529  10.00810691 1745833748 1745833748
   0.342082284 0.007900110649    9.578601792 0.2813882519   0.32867985  10.00881896 1745833748 1745833748
     0.325284525 -0.0004364631773      9.556414694 0.3032056594 0.3587145773  9.980516494 1745833748 1745833748
    0.339109252 -0.001872184696     9.532896497 0.3229923162 0.3739202221  9.923921387 1745833748 1745833748
   0.3486559219 0.0004595094875     9.510708262 0.3338032472 0.3743165973   9.84169612 1745833748 1745833748
0.3083064481 0.0256232328  9.493135788 0.3314510799  0.359128088  9.740829823 1745833748 1745833748
 0.3101329805 0.03742910276    9.47876755 0.3129550247 0.3292365221  9.632686725 1745833748 1745833748
 0.3288679802 0.01221240613   9.470087442 0.2782841823 0.2874966359  9.528466036 1745833748 1745833748
 0.2792423665 0.05300571595   9.470487378 0.2300545223 0.2362416746  9.438273441 1745833748 1745833748
 0.2753470755 0.07404108633   9.476498437 0.1716552415 0.1803122125  9.371991159 1745833748 1745833748
 0.2940390643 0.08428229581   9.487976593 0.1093311145  0.124463685   9.33514059 1745833749 1745833749
0.2688496085 0.1319100737  9.504401199  0.0502845237 0.07357929403   9.329330644 1745833749 1745833749
0.2657550332 0.1537624785   9.52178707 0.001460995988  0.03292491486    9.352910447 1745833749 1745833749
0.2897394383 0.1783686988  9.536806981 -0.03059754476 0.006854257553    9.400630566 1745833749 1745833749
0.2830771961 0.2107308921  9.548526711  -0.04114265219 -0.001366817279     9.464486109 1745833749 1745833749
0.2805728382 0.2180447699  9.555100718 -0.02811194792   0.0102545651    9.535646735 1745833749 1745833749
 0.303108826 0.2295345564  9.555028641 0.007660991628  0.04187935825    9.606014942 1745833749 1745833749
0.2866016593 0.2376151232  9.551499769  0.0618980401 0.09142594674   9.667065243 1745833749 1745833749
0.2784519237 0.2231775502   9.54560476 0.1274760577 0.1558039537  9.714207499 1745833749 1745833749
0.2951624446  0.195932087  9.539148537 0.1957621983 0.2293064323  9.745550724 1745833749 1745833749
0.2787513507 0.1788686969  9.535790256 0.2574324525 0.3041459428  9.760349006 1745833749 1745833749
0.2791068903 0.1470425169  9.536225155 0.3033943031 0.3736691637  9.762239083 1745833749 1745833749
0.3110272713  0.118141481  9.540302131 0.3272452657 0.4291549795   9.75599643 1745833749 1745833749
0.2997246005 0.1025184805  9.549856815 0.3257412376 0.4621425475  9.745129597 1745833749 1745833749
  0.308424684 0.07684666721    9.56196237 0.2991179768 0.4684774661  9.735587163 1745833749 1745833749
 0.3362113867 0.05250445223   9.574927271  0.252020505 0.4440580344   9.73092557 1745833749 1745833749
 0.3118666994 0.04958248502   9.589810941 0.1926446943 0.3882019894  9.731684636 1745833749 1745833749
 0.2896244613 0.02293967504   9.604386089 0.1315797649   0.30632015  9.738780646 1745833749 1745833749
   0.2860593215 -0.005156894149     9.618384486 0.08089282649  0.2038464951   9.751163987 1745833749 1745833749
   0.235431464 -0.01791547343     9.63488135 0.05198630417 0.08941055933   9.764908281 1745833749 1745833749
   0.195253048 -0.04352798512    9.653737896  0.05382468928 -0.02275586866    9.779147142 1745833749 1745833749
  0.1831444668 -0.05101691842    9.676358947 0.09209237921 -0.1240699827   9.793270368 1745833749 1745833749
  0.1450090893 -0.05621640733    9.704495713  0.1664950864 -0.2054416922   9.805016334 1745833749 1745833749
  0.1184833613 -0.05911158652    9.736954238  0.2718697432 -0.2550908414   9.816435258 1745833749 1745833749
  0.1245784898 -0.04825213558    9.771755764  0.3972816151 -0.2736906427   9.829424729 1745833749 1745833749
  0.1124521568 -0.03120061071    9.806390936  0.5268944271 -0.2613387158   9.843745478 1745833749 1745833749
  0.1243458009 0.001309192861    9.836540365  0.6453543366 -0.2191291808   9.861577749 1745833749 1745833749
 0.1477140457 0.02386984923    9.85855878  0.7323495724 -0.1574552906   9.883425121 1745833749 1745833749
  0.168687657 0.07672370091   9.869642714   0.7782732025 -0.08283286424    9.907947487 1745833749 1745833749
 0.1986555697 0.09472964727   9.868691491    0.7689984694 -0.003499735353      9.93547067 1745833749 1745833749
 0.2097780145 0.08728715082    9.85703417  0.7003665916 0.07841423633    9.96357991 1745833750 1745833750
0.1461513836 0.1284326111  9.837498502 0.5884892493 0.1497340123  9.988094913 1745833750 1745833750
0.1421573758 0.1423050356  9.812273665 0.4396201217 0.2102665531  10.00256238 1745833750 1745833750
0.1736007739  0.172329559  9.785778026 0.2686651465 0.2634633483  10.00110475 1745833750 1745833750
0.1308748296  0.216076897  9.763741314   0.10386244 0.3000992238  9.983011121 1745833750 1745833750
0.1290658928 0.2025973493   9.74881229 -0.03978079568   0.3292993022    9.944936263 1745833750 1745833750
0.1670020755 0.2097901852  9.740650568 -0.1454813456  0.3534961775   9.889231837 1745833750 1745833750
0.1388180199 0.2045072352  9.740986551 -0.1965167577  0.3689703446   9.824047425 1745833750 1745833750
0.1317981165 0.1779304736  9.746480736 -0.191067724 0.3805294216  9.758153258 1745833750 1745833750
0.1595736717 0.2025419491  9.752505245 -0.1342746132  0.3870692903   9.702506446 1745833750 1745833750
0.1733760446 0.1861260849  9.758322272 -0.03366024123   0.3902031984    9.667906785 1745833750 1745833750
0.1847104061  0.159739038   9.76038555 0.09126969125  0.3874023325   9.661545771 1745833750 1745833750
 0.199084286 0.1909436053  9.755717574 0.2188804443 0.3775880415  9.685894286 1745833750 1745833750
0.2266350668 0.1892413373  9.745234154 0.3339375884 0.3618530521  9.739990455 1745833750 1745833750
0.2622140743 0.1768953974  9.729273357 0.4179604859 0.3393417457  9.817138102 1745833750 1745833750
0.2680801424 0.2072338545  9.709384969 0.4598932656 0.3144276515  9.907484429 1745833750 1745833750
0.2501008242 0.2380798129  9.688155457 0.4592587477  0.284673748  9.999763624 1745833750 1745833750
0.2657266262 0.2195854211  9.667202135  0.418917644 0.2550531273  10.08027869 1745833750 1745833750
0.2644947065 0.2434250075  9.647201368 0.3497465523 0.2326289555  10.13815432 1745833750 1745833750
0.2255887363  0.263433095  9.630576534 0.2648459276 0.2111022562  10.16515081 1745833750 1745833750
0.2338906043 0.2308259304  9.616703537 0.1795954294 0.1966238549  10.15371842 1745833750 1745833750
0.2421956235 0.2518102975  9.603657584 0.1090778142 0.1925993861  10.10491286 1745833750 1745833750
0.2338255148 0.2491729574  9.593048955 0.06125516443  0.1910186127   10.02316147 1745833750 1745833750
0.2498223552 0.2093773632  9.583212743 0.04278861768   0.193398742   9.916353083 1745833750 1745833750
0.2613582992 0.2123106062  9.572130892 0.05525345292  0.1989758113   9.797455356 1745833750 1745833750
0.2590300909 0.2100685802  9.560737318 0.09144580253  0.1998509997   9.680006044 1745833750 1745833750
0.2715460221 0.1818236597  9.548742567 0.1449494081 0.1954002807  9.576563438 1745833750 1745833750
 0.271576163 0.1919225077  9.536307422 0.2081595488  0.185758847   9.49917806 1745833750 1745833750
0.2878158719 0.1690142878  9.525296989  0.268024443 0.1652961744  9.454145006 1745833750 1745833750
0.3067023278 0.1298759165   9.51724669 0.3187047391 0.1364560694  9.444530751 1745833750 1745833750
0.3062425153  0.163661595  9.513178141 0.3583083762 0.1034652106  9.471086668 1745833750 1745833750
0.3150335148 0.1586137086  9.515147424  0.3805639305 0.06375899977   9.524953563 1745833751 1745833751
0.3249750425 0.1260228021  9.523671776  0.3880731786 0.02186272368   9.596779348 1745833751 1745833751
 0.316793362 0.1522448642  9.537626604 0.3855825624 -0.017803298  9.677586063 1745833751 1745833751
0.2823474138 0.1674608206  9.556678874   0.3736769567 -0.05527436683      9.7531585 1745833751 1745833751
 0.264711923 0.1466291692    9.5775348   0.3565473389 -0.08665270231    9.810094589 1745833751 1745833751
0.2547283813 0.1729972783  9.596276389  0.3379125585 -0.1084801616   9.841663086 1745833751 1745833751
0.2056423216 0.1978901858  9.611877784 0.3190325434 -0.118340053  9.842622119 1745833751 1745833751
0.1781525414 0.2029007946  9.620826585   0.300537365 -0.1138162073   9.812001901 1745833751 1745833751
0.1767630069 0.2363010112  9.620790708  0.2826554293 -0.0928599118   9.755971958 1745833751 1745833751
0.1814217284 0.2358031432  9.613524325   0.2652193791 -0.05498737884    9.683694657 1745833751 1745833751
0.1726023628 0.2325979126  9.599988209     0.247331509 -0.001257590222     9.607523212 1745833751 1745833751
0.1623535934 0.2816793752  9.580996913  0.2288900492 0.06581370567   9.540578543 1745833751 1745833751
0.1795296548  0.276365001  9.562180519 0.2113264138 0.1401557527  9.493504919 1745833751 1745833751
0.1787850009 0.2650731562  9.546474318 0.1947214932 0.2155195865  9.474854317 1745833751 1745833751
 0.145330291 0.3073041841  9.535339554 0.1797883873 0.2839075145   9.48993605 1745833751 1745833751
0.1504373173 0.2993035908  9.532696562  0.171060903 0.3370976004   9.53610553 1745833751 1745833751
0.1527872045 0.2725532148  9.539003389 0.1671797773 0.3667839055  9.608511279 1745833751 1745833751
0.1245098473   0.28462721   9.55238734 0.1676376698 0.3658159979  9.699694759 1745833751 1745833751
0.1365508473 0.2560610115   9.57245278 0.177260452 0.336541369 9.794587641 1745833751 1745833751
0.1609884725 0.2068261312  9.596393948 0.1910139615   0.27636678  9.881553038 1745833751 1745833751
0.1563306016 0.1813014875  9.621263652 0.2068097901 0.1881774504  9.950916867 1745833751 1745833751
0.1737829897 0.1609646144  9.644527945  0.2271385803 0.09044330561   9.991817705 1745833751 1745833751
0.2069280364 0.1369143296  9.664894054   0.2471360213 -0.01111755173    9.999954679 1745833751 1745833751
0.2351260264 0.1298272848  9.681901527  0.2660741415 -0.1053708682   9.976434593 1745833751 1745833751
0.2665114633  0.140792328  9.695743784  0.2846457894 -0.1699135695   9.926178458 1745833751 1745833751
0.3004256481 0.1553888001  9.707566649  0.3018443837 -0.1997250358   9.858833863 1745833751 1745833751
0.3373941301 0.1692147096  9.718598785  0.3187225912 -0.1913061823   9.786661145 1745833751 1745833751
0.3658737304 0.1964426452   9.73002772 0.3345147587 -0.137679992  9.722550857 1745833751 1745833751
0.3876614729 0.2146362787  9.742875281   0.3502859662 -0.04898551771    9.677936135 1745833751 1745833751
0.4080871598  0.247738345  9.756501763  0.3671218045 0.06150758458    9.66065047 1745833751 1745833751
0.4265974529 0.2762796332    9.7709698 0.3825653274  0.185159466  9.674131355 1745833752 1745833752
0.4218025897  0.294923001  9.786811566 0.3975409684 0.3017560301  9.717193577 1745833752 1745833752
0.4168833788 0.2864166426  9.802998862 0.4131378221 0.3932975557    9.7834081 1745833752 1745833752
0.3808385018 0.2952828635  9.819075341  0.424649133 0.4553244037  9.863147065 1745833752 1745833752
0.3430917825 0.2769177638  9.834888764 0.4346017796  0.475315475   9.94494428 1745833752 1745833752
0.3370440393 0.2303075597  9.849220597 0.4468989173 0.4482156638  10.01697936 1745833752 1745833752
0.3043833796 0.1975029833  9.862897447 0.4535095799 0.3872455334  10.07051697 1745833752 1745833752
0.2863398018 0.1656194092  9.874525018 0.4610071814  0.294843385  10.09912541 1745833752 1745833752
0.3130598705 0.1287538816  9.882473088 0.4750897304 0.1818803298  10.10118274 1745833752 1745833752
0.3128123544 0.1061057514  9.887249894 0.4851168753 0.0669409363  10.08025439 1745833752 1745833752
 0.3043649106 0.07281922157   9.886848754   0.4986892026 -0.04047276301    10.04273859 1745833752 1745833752
 0.3358097855 0.03477960236   9.877881093  0.5182319113 -0.1274389268   9.997225403 1745833752 1745833752
   0.323121439 0.006825178967     9.86178736  0.5336308105 -0.1892710845   9.952262088 1745833752 1745833752
  0.3106821704 -0.02575322701    9.836856499  0.5487753138 -0.2203307694   9.916466855 1745833752 1745833752
  0.3496981413 -0.01955784756    9.802421281  0.5625011289 -0.2149573174   9.897175625 1745833752 1745833752
  0.3544410487 -0.02693527481    9.763356653  0.5689296246 -0.1855209672   9.895674559 1745833752 1745833752
 0.3387428038 -0.0408295403   9.722317671  0.5686164413 -0.1313320378   9.910682844 1745833752 1745833752
   0.351770721 -0.02670083861    9.681233118    0.559919331 -0.05385939549    9.939666744 1745833752 1745833752
  0.3520316272 -0.03893161722    9.644834868  0.5423376335 0.03279518978   9.972644775 1745833752 1745833752
  0.3542650292 -0.04010550659    9.615460698 0.5172899618 0.1191745014  10.00048104 1745833752 1745833752
  0.3539560354 -0.00131387728    9.594860075 0.4841438416 0.2040183987  10.01313545 1745833752 1745833752
  0.3417316009 0.006544431502    9.583226729 0.4439297512  0.279694119  10.00091253 1745833752 1745833752
  0.347064868 0.02231333251   9.578044836 0.3984300545 0.3401423923    9.9601085 1745833752 1745833752
 0.344188956 0.0296613261   9.57746771 0.3488015062 0.3833609192  9.889916237 1745833752 1745833752
 0.2994820351 0.05389160627   9.578936362 0.2977817827 0.4055742135  9.795734621 1745833752 1745833752
 0.2981048434 0.06743180101   9.576067832 0.2467855449 0.4061686309  9.689067003 1745833752 1745833752
 0.3010598938 0.05663809727   9.567393882 0.1981544199 0.3873370322  9.582859683 1745833752 1745833752
 0.2398003737 0.09490610576   9.552765328 0.1541032798 0.3509643972  9.490092722 1745833752 1745833752
0.2244724997 0.1042667302   9.52970436 0.1136443751 0.3020197838  9.423345106 1745833752 1745833752
 0.2336407953 0.08205798281   9.500910568 0.07754897051  0.2454793689   9.389836823 1745833753 1745833753
0.1912088013 0.1105997879   9.47046236 0.04526438941  0.1861664682    9.39055988 1745833753 1745833753
0.1796856997 0.1072210042  9.441086832 0.01569884516  0.1300535421   9.423052514 1745833753 1745833753
0.2056707761 0.1005012063  9.416129308 -0.01056957092  0.08214055011    9.479866545 1745833753 1745833753
0.1983521777 0.1105191838  9.399694698 -0.03237132139  0.04652775089    9.549938488 1745833753 1745833753
0.2032523521 0.1045718617  9.392827386 -0.04743779815  0.02611803445    9.622202027 1745833753 1745833753
0.2403574282 0.1230249955  9.394728612 -0.05287974488  0.02282846009    9.687198532 1745833753 1745833753
 0.239913026 0.1334199858  9.406229561 -0.04692280379  0.03598691154     9.73321592 1745833753 1745833753
0.2489488063 0.1374745423  9.423862365 -0.02810012652  0.06472272371    9.755237087 1745833753 1745833753
0.2858794309 0.1614183124  9.443574441 0.004030032351   0.1064250987    9.751697733 1745833753 1745833753
0.2883988431 0.1813827331   9.46414103 0.04738026399  0.1571835103   9.721624079 1745833753 1745833753
0.3103349866 0.2059731962  9.480751503 0.09872813494  0.2143765868   9.672141228 1745833753 1745833753
0.3635590041 0.2264494674  9.490758643 0.1538787298 0.2739922391  9.611830907 1745833753 1745833753
0.3661958322 0.2664919318  9.495552102 0.2077749522 0.3320639452  9.550106752 1745833753 1745833753
 0.392723041 0.2842248669  9.493980954 0.2554801076 0.3855454973  9.498552635 1745833753 1745833753
0.4421665302 0.2633989988  9.488408129 0.2926159376 0.4304435673  9.465716843 1745833753 1745833753
0.4385538197 0.2700255815  9.483395396 0.3161804361 0.4624193111  9.455917977 1745833753 1745833753
0.4484177883 0.2404565759  9.481251375 0.3250252368 0.4780431551  9.470187681 1745833753 1745833753
0.4814830791 0.1965470828  9.484028448 0.3198075448 0.4736315623  9.504755332 1745833753 1745833753
0.4490273944  0.172090836  9.497935194 0.3043355221 0.4462557545  9.552201301 1745833753 1745833753
0.4088678401 0.1183915023  9.522275242 0.2842531255 0.3961464995  9.604548904 1745833753 1745833753
 0.4003727664 0.06697219954   9.554795159 0.2670184612  0.324021466  9.654987218 1745833753 1745833753
 0.3476416878 0.02615877454   9.597498858 0.2608109736  0.232039522  9.696400784 1745833753 1745833753
  0.2778015945 -0.01121985882    9.646874454  0.271733782 0.1296408401  9.726336737 1745833753 1745833753
  0.2465626032 -0.02867226797    9.698615855 0.3051089533 0.0223106747  9.747258394 1745833753 1745833753
  0.1983423085 -0.03909805522    9.751424051   0.3612956963 -0.08162740587    9.760210482 1745833753 1745833753
  0.1417596425 -0.03548358589    9.801969039  0.4364249361 -0.1673062852   9.770281207 1745833753 1745833753
 0.1321775575 -0.0074141924   9.846777581  0.5231671135 -0.2298519324   9.784527523 1745833753 1745833753
 0.1318027177 0.02051199571   9.884107045  0.6096884194 -0.2615976817   9.806093869 1745833753 1745833753
 0.1413206057 0.06086710612   9.912021298  0.6846302267 -0.2547788525   9.837801265 1745833753 1745833753
 0.1821698553 0.08232526363   9.928946132  0.7331539063 -0.2123498576   9.881063157 1745833754 1745833754
0.2094923768 0.1294896329  9.934428287  0.7479146766 -0.1355433066   9.932632853 1745833754 1745833754
0.2485770685 0.1432525795  9.928535729   0.7188636381 -0.03250146287    9.989804733 1745833754 1745833754
0.2695664605 0.1506569675  9.912388062   0.642912786 0.08869614504   10.04617462 1745833754 1745833754
0.2214952188 0.1963440099  9.888060972 0.5330250577 0.2137701188  10.09437292 1745833754 1745833754
0.2075151885 0.2153270805  9.856316045 0.3965656545 0.3304034004  10.12830471 1745833754 1745833754
0.2070588866 0.2093732203  9.820907977 0.2463872261 0.4276046698  10.14288369 1745833754 1745833754
0.1584691514 0.2212540987   9.78568242 0.1050511342 0.4938987699  10.13530055 1745833754 1745833754
0.1356780924 0.2167289723  9.753671742 -0.01354478457   0.5250910401    10.10662141 1745833754 1745833754
0.1237508762 0.2436408354    9.7276083 -0.09675438075   0.5193348669    10.06048822 1745833754 1745833754
 0.106604573 0.2620256964  9.711295623 -0.1306002849  0.4814193093   10.00367194 1745833754 1745833754
0.1068954633 0.2497416639   9.70658669 -0.1150146402  0.4189612619   9.944239503 1745833754 1745833754
0.1076862861 0.2413125284  9.712692156 -0.05792855723   0.3425558953    9.889311001 1745833754 1745833754
0.1277991611 0.2243688395  9.727967371 0.03521243294   0.265667959    9.84539732 1745833754 1745833754
0.1692913306 0.1780937044  9.749407188 0.1447078743 0.1992745928  9.817137879 1745833754 1745833754
0.1810579891 0.1789926219  9.772013468 0.2497116275 0.1557284092  9.805858851 1745833754 1745833754
0.1547269843 0.2004860783  9.791860192 0.3397601333 0.1357435042   9.81246814 1745833754 1745833754
0.1645812015 0.1566812893  9.804838711 0.3966963885 0.1428822503  9.834204297 1745833754 1745833754
0.1772905794  0.132183599  9.806431604 0.4104893928 0.1789440156   9.86569865 1745833754 1745833754
0.1325576751 0.1276421162  9.795980269  0.382816399 0.2245529819  9.903198739 1745833754 1745833754
0.1390520543 0.0857408954  9.772644439 0.3146858979 0.2758444493  9.936911984 1745833754 1745833754
 0.1776193177 0.09536753053   9.737911544 0.2177899036 0.3281946421  9.960997914 1745833754 1745833754
 0.1598428967 0.09190359905   9.697736304 0.1061165161 0.3574715661  9.973315903 1745833754 1745833754
0.1823724032 0.0478556933  9.655460892 -0.003815050485    0.3633164133     9.966958139 1745833754 1745833754
 0.2361064156 0.05599235507   9.615364176 -0.09263858996   0.3463407507    9.942126284 1745833754 1745833754
 0.2618523077 0.03117182454    9.58351412 -0.1504884675  0.2981708286   9.900528599 1745833754 1745833754
   0.301177419 -0.01429298677     9.56151978 -0.1658025821  0.2283993692   9.844458577 1745833754 1745833754
0.3466927561 0.0266471727  9.550391305 -0.132968698 0.1469301893  9.780047871 1745833754 1745833754
 0.3636242871 0.04354572978   9.550357651  -0.057692262 0.06073121597   9.712265733 1745833754 1745833754
  0.380450202 0.03257747093   9.557837131  0.05455859088 -0.01861889346    9.647463911 1745833754 1745833754
 0.3838850953 0.08024520539   9.569133142   0.1922431416 -0.08205455393    9.592733407 1745833754 1745833754
 0.3939838728 0.08750868479    9.58000537  0.3393672362 -0.1243144511   9.553317173 1745833755 1745833755
 0.3975552289 0.08502516744   9.587521357  0.4812541054 -0.1429665315   9.533707704 1745833755 1745833755
0.3633424364 0.1601802592  9.589822987  0.6040614289 -0.1384551903   9.536895309 1745833755 1745833755
0.3756723947 0.1722932009  9.584914047  0.6955470502 -0.1165702109   9.561767528 1745833755 1745833755
0.3842832514 0.1785509658  9.575315524   0.7483918743 -0.08356802375     9.60613176 1745833755 1745833755
0.3510041417 0.2408409102  9.563620853   0.7609404691 -0.04580623059    9.666654719 1745833755 1745833755
0.3651297798 0.2451476777  9.552019275   0.7332823904 -0.01237592443    9.733946967 1745833755 1745833755
0.3899608399 0.2152465311  9.544538149  0.6726577006 0.01280033706   9.800541439 1745833755 1745833755
 0.364428247 0.2682577594  9.543175342  0.5900159142 0.02795060926   9.861981729 1745833755 1745833755
0.3453898772 0.2840310701  9.549886465  0.4943335242 0.03121549449   9.907030209 1745833755 1745833755
0.3526438416 0.2579028745  9.564157878  0.3968122947 0.02507409165   9.928824439 1745833755 1745833755
 0.340824346 0.2718336369  9.583678441  0.3086412113 0.01457935169   9.926325464 1745833755 1745833755
0.2959239294 0.2748156712  9.607309464   0.2376274971 0.005297094722    9.898065574 1745833755 1745833755
0.2770639736 0.2479343675  9.629847545   0.1886747264 0.002813823568    9.846053192 1745833755 1745833755
0.2624223657  0.274515769  9.645969862  0.1641135359 0.01226833366    9.77875245 1745833755 1745833755
0.2435277403 0.2648811711  9.655179493 0.1626556883 0.0366713214  9.704490549 1745833755 1745833755
 0.223044776 0.2530513299  9.654621154  0.1793769138 0.07605436776   9.634340162 1745833755 1745833755
0.2059934171  0.275347648  9.643178941 0.2078665744 0.1284478526  9.578519886 1745833755 1745833755
 0.215826321 0.2533737335  9.624404455  0.241360535 0.1898122601  9.543575035 1745833755 1745833755
 0.214660685 0.2218855451  9.601635292 0.2716818955 0.2534844183  9.533990823 1745833755 1745833755
0.1918626731 0.2458933491  9.578142523 0.2921061611 0.3118521491  9.550663343 1745833755 1745833755
0.2011686812 0.2099564071  9.560442507  0.300552744 0.3594896268  9.587196701 1745833755 1745833755
0.2051976421 0.1805131687  9.551838047 0.2934343156 0.3882419254  9.637930297 1745833755 1745833755
0.1883232229 0.1905203726  9.554938077 0.2708207681 0.3920343143  9.695026081 1745833755 1745833755
0.1573934359 0.1867580078  9.571487298  0.239490326 0.3722723676  9.748506249 1745833755 1745833755
0.1432301466  0.155852997  9.599949836 0.2022953673 0.3259892695   9.79049013 1745833755 1745833755
0.1302960798 0.1619952286  9.636409337 0.1653476945 0.2551140638  9.817677262 1745833755 1745833755
0.1324330554 0.1442922749  9.677314879 0.1379990444 0.1695361472  9.828628828 1745833755 1745833755
0.1493366758 0.1184253764  9.717401466  0.1246038399 0.07439345638   9.826938181 1745833755 1745833755
0.1622803986 0.1213505125   9.75185322   0.1299704674 -0.02152897429    9.818737553 1745833755 1745833755
0.2321860296 0.1032840256  9.776549037 0.1557986127 -0.106128757  9.810772246 1745833756 1745833756
 0.2886495731 0.09958868807   9.790319004  0.2011336723 -0.1717540095   9.809894402 1745833756 1745833756
0.3124415895 0.1139651275  9.793974789   0.262778326 -0.2128325085   9.820567728 1745833756 1745833756
0.3559027922 0.1277295652  9.787854737  0.3324257846 -0.2214921746   9.843669549 1745833756 1745833756
0.4003517211  0.128560055  9.775602317  0.4024668805 -0.1980749617   9.877130686 1745833756 1745833756
0.4286438343 0.1530000245  9.761059946  0.4644639606 -0.1495286693   9.916165818 1745833756 1745833756
0.4261167863 0.1939079637  9.748516407   0.5091964611 -0.07181151042    9.954357307 1745833756 1745833756
0.4378181999 0.2268918111  9.739263845  0.5305685073 0.02195932036   9.982852479 1745833756 1745833756
0.4590194495   0.25295785  9.735252731 0.5263915694 0.1177547845  9.994964923 1745833756 1745833756
0.4043181376 0.3050383684  9.739855923 0.4954256944  0.218942869  9.988654972 1745833756 1745833756
0.3603695364 0.3231392238  9.749964776 0.4422388193 0.3086505732  9.960000095 1745833756 1745833756
0.3632448475 0.3292630559  9.762259666 0.3774885888 0.3754813621  9.911089167 1745833756 1745833756
0.3066771771 0.3353191376  9.778097358 0.3065638362 0.4227747966  9.850998367 1745833756 1745833756
0.2438104928 0.3206553103  9.793752488 0.2450845607 0.4410786942  9.788559574 1745833756 1745833756
0.2533886173 0.3176108216  9.804354345 0.2083064077 0.4340544993  9.735652306 1745833756 1745833756
0.2388209929 0.2843609654  9.812349767 0.1979381873 0.4011556499  9.704487228 1745833756 1745833756
0.2121291123 0.2476184536  9.815459368 0.2234544893 0.3493641735  9.702104666 1745833756 1745833756
 0.237506525 0.2362401204  9.811054746 0.2864277595  0.291620196  9.732984949 1745833756 1745833756
0.2886772772 0.1934410823  9.800813108 0.3772617307 0.2232162148  9.794268206 1745833756 1745833756
0.3148974267 0.1625731489  9.785287031 0.4872837688 0.1587170137  9.874113988 1745833756 1745833756
0.3454511148 0.1495969187  9.764236072 0.6030062436 0.1080362316  9.959656113 1745833756 1745833756
0.3792416663  0.141648617  9.738752717  0.7077810007 0.06688021842   10.03538038 1745833756 1745833756
0.3953723428 0.1351325756  9.710883245  0.7876694325 0.04433569244   10.08618312 1745833756 1745833756
0.3869208308 0.1024047288  9.682788576  0.8317936348 0.04282001023   10.10167713 1745833756 1745833756
0.3098817424 0.1099677983   9.65681178  0.8323742478 0.05979948669   10.07671532 1745833756 1745833756
 0.2733518066 0.09082413251   9.631343982  0.7859490975 0.09446781171   10.01388267 1745833756 1745833756
 0.2503662266 0.05415405811   9.608899598 0.6969781806 0.1432878785   9.92039887 1745833756 1745833756
 0.1930930774 0.05205758427   9.591362895 0.573142286 0.200122447  9.80831584 1745833756 1745833756
 0.1567814044 0.02912905795   9.578060757 0.4243631289 0.2587734846  9.693475513 1745833756 1745833756
 0.1601778408 0.03395524836   9.568240266 0.2652436629 0.3110942969  9.590871372 1745833756 1745833756
 0.1316136903 0.05902346885   9.561860387 0.1093470107 0.3504967276  9.514290613 1745833757 1745833757
 0.1170160617 0.05949048787   9.556634949 -0.03123503949   0.3712484995    9.473340357 1745833757 1745833757
 0.1355535257 0.04451702078   9.550443526 -0.1452916998   0.369929941   9.471547466 1745833757 1745833757
 0.1376513394 0.05262958139   9.542151485 -0.2256280629  0.3457099546   9.505605739 1745833757 1745833757
 0.1408385647 0.03108609617   9.530912211 -0.2684058285   0.299980867   9.567638739 1745833757 1745833757
 0.1765917889 0.02684369024   9.516030169 -0.2732832155  0.2387135496    9.64661714 1745833757 1745833757
  0.194054609 0.02184455383    9.49938183 -0.2435953209  0.1685890867   9.727612784 1745833757 1745833757
   0.2025377176 -0.002900485956     9.482598041 -0.1847954506 0.09688384903   9.797233154 1745833757 1745833757
   0.2477413792 -0.003146548069     9.466631402 -0.1049488675 0.03355026247    9.84701303 1745833757 1745833757
 0.2773408595 -0.0188290537   9.454577894 -0.01305381853 -0.01567809375    9.868000266 1745833757 1745833757
 0.2953678948 -0.0365012192   9.447870861  0.08166156424 -0.04579942665    9.858727974 1745833757 1745833757
  0.3308849742 -0.01495860763    9.446394327   0.1704806801 -0.05393407665    9.823801045 1745833757 1745833757
   0.3400533178 -0.008688600465     9.451263104   0.2460286156 -0.04196537762    9.767733094 1745833757 1745833757
    0.3366984073 -0.0007455138224      9.461173457   0.3025226033 -0.01233981902     9.70093792 1745833757 1745833757
 0.3407084391 0.00948096806   9.473986581  0.336620942 0.0300822747  9.634497407 1745833757 1745833757
 0.3089178344 0.02269112943   9.489603357  0.3473613239 0.07883141486   9.577348515 1745833757 1745833757
 0.2837805052 0.03053391139   9.505060339 0.3356775226 0.1288170827  9.537933459 1745833757 1745833757
 0.2776819822 0.04393179268   9.518949091 0.3045690435 0.1747483156  9.520524613 1745833757 1745833757
 0.2431026035 0.07196908212   9.531953393 0.2585290725 0.2125715601  9.524737759 1745833757 1745833757
 0.2217681577 0.08760947069   9.542934208 0.2028729972 0.2405283445  9.547857765 1745833757 1745833757
 0.2225189505 0.09046939537   9.552167974 0.1432584336 0.2573398635  9.584032694 1745833757 1745833757
0.1882532962 0.1126568652  9.561288514 0.08541363712   0.262660705   9.625172338 1745833757 1745833757
 0.176160047 0.1139718925  9.570354364 0.03441270153  0.2585064326   9.664860713 1745833757 1745833757
0.1974442415 0.1178699598  9.580013348 -0.005247662392    0.2455706391     9.697757596 1745833757 1745833757
0.1911697718   0.12566321  9.592548392 -0.02957995359    0.224798031    9.719741261 1745833757 1745833757
0.1896869024 0.1217392643  9.608627078 -0.03569593617   0.1996967584    9.731094025 1745833757 1745833757
0.2145007823 0.1253623513  9.628524737 -0.02116937739   0.1702548306    9.734886072 1745833757 1745833757
0.2144912986 0.1263274271  9.654103492 0.0151349285 0.1374225102   9.73425892 1745833757 1745833757
 0.209182343 0.1124367318  9.685209891 0.0730912135 0.1054922841  9.734788517 1745833757 1745833757
0.2304225822 0.1061376623  9.720136531  0.1514149336 0.07390199648   9.742002107 1745833757 1745833757
0.2157381742 0.1052003261  9.758611419  0.2463793338 0.04475929553   9.757687869 1745833758 1745833758
 0.2082278396 0.09211022825    9.79701892  0.3535091287 0.02223579815   9.783938335 1745833758 1745833758
 0.2226660971 0.08642724136   9.831125069   0.4647689149 0.005568142637    9.819351525 1745833758 1745833758
 0.2024634053 0.09957237985   9.857835799   0.5713731025 -0.00305265562    9.859470207 1745833758 1745833758
0.2013617558 0.1008501857  9.872177989    0.6651644695 -0.002303417297     9.899956978 1745833758 1745833758
0.2297912824 0.1033283548  9.870612081   0.7339096691 0.007249891773    9.934579233 1745833758 1745833758
 0.215328466 0.1319823775  9.852882798  0.7723899865 0.02451149644   9.957475786 1745833758 1745833758
0.2180254699 0.1317830881  9.818961387  0.7708968769 0.04960311346   9.965137207 1745833758 1745833758
0.2414598512 0.1342718802  9.771394927  0.7249209195 0.08224314249   9.954654302 1745833758 1745833758
  0.20058998 0.1597111078  9.717065962 0.6414191709 0.1187011542  9.926421261 1745833758 1745833758
0.1768667749 0.1496495622  9.661769369 0.5233836211 0.1595271273  9.883535341 1745833758 1745833758
0.1896930709 0.1690744129   9.61179814 0.3801769785 0.2033936024  9.830988395 1745833758 1745833758
0.1546937511 0.1776087632  9.576609803  0.229022501 0.2498605578  9.776569846 1745833758 1745833758
0.1321689223 0.1710088603  9.560967828 0.08403533251  0.2976758543   9.728886496 1745833758 1745833758
0.1360014255 0.2248260145  9.566714158 -0.03997376504   0.3430437023    9.695953462 1745833758 1745833758
0.1404799389 0.2433750209  9.596539929 -0.1274408502  0.3880134434   9.684353359 1745833758 1745833758
0.1414881031 0.2419196126  9.647442233 -0.1709293454  0.4277200062   9.697480548 1745833758 1745833758
0.1429864465 0.2654718725  9.712253764 -0.1692186668  0.4577571326   9.735265899 1745833758 1745833758
0.1752907289 0.2691724395  9.783354718 -0.1217777209  0.4781583187   9.795013584 1745833758 1745833758
0.2155685608 0.2350413334  9.851987188 -0.0389153453  0.4840599127    9.87101727 1745833758 1745833758
0.2218205265 0.2319213898  9.908111378 0.06476852526  0.4767787559   9.955637231 1745833758 1745833758
0.2332491025 0.2290690881  9.944181471 0.1793460755  0.452250999  10.04111531 1745833758 1745833758
 0.275988813 0.1812027093  9.955606963 0.2876118076 0.4138391298  10.11894505 1745833758 1745833758
0.3048366064 0.1761519476  9.940209903 0.3758910325 0.3704952486   10.1815939 1745833758 1745833758
0.2919130414 0.1861911216  9.901555233 0.4379443315  0.315730968  10.22392912 1745833758 1745833758
0.3305374559 0.1417481465  9.842858035 0.4662903675 0.2616818333  10.23771456 1745833758 1745833758
0.3817327877 0.1427246889  9.770205269 0.4621336459 0.2176175786  10.22030661 1745833758 1745833758
0.3913064607 0.1445268729  9.694038328 0.4306599616 0.1768860154  10.17217161 1745833758 1745833758
0.4258182554 0.1090131297  9.619511519  0.380586843 0.1482889997   10.0925828 1745833758 1745833758
0.4732558276 0.1415953814  9.551447092 0.3252942514 0.1341461359  9.987051176 1745833758 1745833758
0.4953923198  0.139568187  9.497105475 0.2756042342  0.127842699  9.863103523 1745833759 1745833759
0.5122465638 0.1127332239  9.457574302 0.2445454188 0.1287394785  9.730268629 1745833759 1745833759
0.5273930666 0.1528868503   9.43180418 0.2418302908 0.1315532819  9.600585463 1745833759 1745833759
0.5673462531 0.1161736805  9.419400054 0.2706899976 0.1309619463  9.485582154 1745833759 1745833759
0.5672128715 0.0756871052  9.421431124 0.3302753195 0.1225782542  9.395959972 1745833759 1745833759
0.5125902807  0.119432401   9.43611378 0.4147026754 0.1039563597   9.34062871 1745833759 1745833759
 0.5168407673 0.08862345456   9.456746517  0.5135912656 0.07427757044   9.324913878 1745833759 1745833759
  0.495215573 0.05334825337   9.485285472  0.6128478231 0.03526756105   9.350058122 1745833759 1745833759
0.4004034926 0.1146207709  9.520828084    0.6989863501 -0.008121311681      9.41531819 1745833759 1745833759
0.3785865171 0.1152241631  9.555438146   0.7579256504 -0.05329030947    9.511683713 1745833759 1745833759
 0.3576716488 0.09478128718   9.589601097   0.7799789424 -0.09429686294    9.629790282 1745833759 1745833759
0.2691581263 0.1483524029  9.621477002  0.7616174201 -0.1256426585   9.760427771 1745833759 1745833759
0.2117632434 0.1712861683  9.646014674  0.7007779823 -0.1461084487   9.885561988 1745833759 1745833759
  0.19770644 0.1410390344  9.661992676  0.6028685362 -0.1528465316   9.989381617 1745833759 1745833759
 0.150120703 0.1817180361  9.667963087  0.4791715273 -0.1458531033   10.06337204 1745833759 1745833759
0.1046680201 0.1979706117  9.664829566  0.3408742865 -0.1267781694   10.09447054 1745833759 1745833759
0.1047159117 0.1660402226  9.654347041   0.2016270229 -0.09749147747    10.07576426 1745833759 1745833759
0.1053895722 0.1896140518  9.637830121  0.07627666304 -0.06006128567    10.01117289 1745833759 1745833759
0.08892391179  0.1934555283    9.62025596 -0.02414624649 -0.01716679412    9.906454727 1745833759 1745833759
0.09128280794  0.1683105763    9.60503229 -0.09180932446  0.02839527863    9.773937825 1745833759 1745833759
0.1005346232 0.2012918434  9.593793572 -0.1223322787 0.07503241814   9.632607385 1745833759 1745833759
0.1239301503 0.1831810235  9.590795732 -0.1162751452  0.1201218521   9.500348578 1745833759 1745833759
0.1361086046 0.1659149493  9.596250178 -0.07916762583   0.1618931694    9.396663673 1745833759 1745833759
0.1389562489 0.1943149885  9.608849267 -0.019219188 0.1986672167  9.336960013 1745833759 1745833759
0.1848107351 0.1649654674  9.627658943 0.05487513607  0.2284021518   9.328691437 1745833759 1745833759
0.2093040598 0.1353027563  9.649270917 0.1317936377 0.2489841847    9.3743345 1745833759 1745833759
 0.206922855 0.1621102076  9.669179533 0.2022410343 0.2568209778  9.468744135 1745833759 1745833759
 0.214330234 0.1455587592   9.68409119 0.2613384854 0.2525099951  9.597459896 1745833759 1745833759
0.2269533206 0.1150019881  9.690176795 0.3036758779 0.2322697441  9.743003845 1745833759 1745833759
0.2294102508 0.1285035658  9.685101923 0.3275153228 0.1926266653   9.88616083 1745833759 1745833759
0.2146480082 0.1262929343  9.669809339 0.3366062524 0.1415056599      10.0066 1745833760 1745833760
0.2302407129 0.1010716277  9.645426047  0.3318470842 0.07766681966   10.08653111 1745833760 1745833760
0.2651435831 0.1233034309  9.615377202   0.3169265404 0.003605769165    10.11634034 1745833760 1745833760
0.2756436181 0.1313826149  9.586921269   0.2988855302 -0.06519057358    10.09339174 1745833760 1745833760
0.2903912261 0.1194859347  9.565236186  0.2807127422 -0.1252247573    10.0220354 1745833760 1745833760
0.3325552927 0.1609813214  9.553651649  0.2663500099 -0.1689261109   9.914903289 1745833760 1745833760
  0.34042742 0.1931558955  9.558527162  0.2602965164 -0.1843815675   9.790427635 1745833760 1745833760
0.3281703404 0.2185047398  9.580775453  0.2639816471 -0.1694222164   9.668988956 1745833760 1745833760
0.3394268105 0.2812160384  9.616471242  0.2787404783 -0.1218529285   9.570532398 1745833760 1745833760
0.3485005561 0.3094278714  9.664784104   0.3041836998 -0.04404420988    9.511133399 1745833760 1745833760
0.3206604571 0.3279782022  9.721143622  0.3374108678 0.05768732091   9.500437176 1745833760 1745833760
0.2973745749 0.3726134089  9.776729517 0.3757279546  0.172856021  9.539914217 1745833760 1745833760
0.3077644176  0.380216208  9.827148024 0.4131491613 0.2916211963  9.623026315 1745833760 1745833760
0.2912360487 0.3723766469   9.86879128 0.4448863188 0.4004268852  9.737609462 1745833760 1745833760
0.2727304364 0.3620298261  9.897342256 0.4684306823 0.4840197688  9.866657582 1745833760 1745833760
0.2679042277 0.3557184313  9.911180447 0.4754392776 0.5408004319  9.991388804 1745833760 1745833760
0.2579593876 0.3111015821  9.913252771 0.4669348836 0.5607060806  10.09630531 1745833760 1745833760
0.2666033527 0.2382439241  9.904675122 0.4473127377 0.5379492817   10.1679752 1745833760 1745833760
0.2212338459 0.2044757129  9.888818087 0.4106175072 0.4854042437  10.19875438 1745833760 1745833760
0.1966812329 0.1596186476   9.86845298 0.3658684395  0.404292365  10.18628472 1745833760 1745833760
   0.2377156 0.1389213386  9.844965608 0.3227612659 0.3040876455  10.13426424 1745833760 1745833760
0.1969352982 0.1445810773  9.823500453 0.2793672369 0.2008230793   10.0540827 1745833760 1745833760
0.1460561705 0.1255054335  9.803667096 0.2467329549 0.1034663785  9.959381438 1745833760 1745833760
 0.1765620023 0.09762914045   9.783548465  0.2331415521 0.02517766786   9.866765636 1745833760 1745833760
 0.1868162932 0.04901562029   9.764040591   0.2370901555 -0.03241935588    9.790185704 1745833760 1745833760
 0.1754840084 0.02095080964   9.744028916   0.2618873292 -0.06311014357     9.73979135 1745833760 1745833760
 0.218710988 0.0625030412  9.721422279   0.3052662486 -0.06239566347     9.72382465 1745833760 1745833760
 0.2714467414 0.06733650449   9.697237211   0.3599287801 -0.04339248734    9.740727176 1745833760 1745833760
 0.2776146682 0.06174971652   9.673578906    0.4173983344 -0.006860929201     9.781270556 1745833760 1745833760
0.2932403105 0.0494250596  9.650013623   0.468197421 0.04331824944   9.836050799 1745833760 1745833760
 0.2957302749 0.03681204651   9.628427574   0.503672266 0.09380277327   9.891076109 1745833761 1745833761
 0.3020184601 0.01999712631   9.609492353 0.5172097513 0.1372865788   9.93416189 1745833761 1745833761
   0.3128845117 -0.005808260041     9.593937754 0.5054772744 0.1719183117  9.955484858 1745833761 1745833761
   0.2940089814 -0.005218446267     9.583078564 0.4692910029 0.1933019237  9.949111778 1745833761 1745833761
   0.2995281448 -0.007031239525     9.574764962 0.4125869144 0.2002363097  9.915688398 1745833761 1745833761
  0.3242666644 0.006006033362    9.568084209 0.3429602547 0.1958295677  9.859344235 1745833761 1745833761
0.3285098475 0.0351330507  9.562809867 0.2691525962 0.1832543587  9.787805116 1745833761 1745833761
 0.3384295881 0.05282364597   9.556533267 0.1998401325 0.1671878689   9.71152589 1745833761 1745833761
 0.3621026156 0.06973107395   9.547520064 0.1430905604 0.1531582459  9.640677384 1745833761 1745833761
0.3421642969 0.1071906472  9.536771259 0.1042763228 0.1454327046  9.583231375 1745833761 1745833761
0.3291128453 0.1202016455  9.522650909 0.08574638605  0.1468763144   9.545327251 1745833761 1745833761
 0.334886081 0.1170880093  9.505423806  0.086757759 0.1592824378  9.529154117 1745833761 1745833761
0.3076627228 0.1239982643  9.487988721 0.1040383413 0.1812322634  9.532440777 1745833761 1745833761
0.2907347128 0.1069681836  9.471270132 0.1327095458 0.2096381591  9.550962286 1745833761 1745833761
0.3095475872 0.1142902577  9.456178802 0.1667923305 0.2407738481  9.579013212 1745833761 1745833761
0.3116876246 0.1166607634  9.446792204 0.2003803485 0.2691775635  9.607988995 1745833761 1745833761
0.3152294773 0.1075810788  9.444123511 0.2288225307  0.289756375  9.631562602 1745833761 1745833761
 0.3465793466 0.09453638982   9.447778622 0.2490748954  0.298473508  9.645632227 1745833761 1745833761
 0.344470182 0.1000734861   9.45932052 0.2598878943 0.2924603951  9.647524549 1745833761 1745833761
 0.3465941644 0.09621975587   9.476362639 0.2615979587 0.2717539218  9.638694558 1745833761 1745833761
 0.3707301357 0.08806585648   9.496023214 0.2559718609  0.238284442  9.623007091 1745833761 1745833761
 0.3547433566 0.09686442223   9.517840673 0.2452476666 0.1962747571  9.604982078 1745833761 1745833761
 0.3310866482 0.08808013341   9.538197967 0.2316560471 0.1522860677  9.590548742 1745833761 1745833761
 0.3365525981 0.07575708146   9.553387494 0.2172191984 0.1130878241  9.585261793 1745833761 1745833761
 0.3077233145 0.08047778988    9.56399322  0.2034847619 0.08458152529    9.59148114 1745833761 1745833761
 0.2756357463 0.06875137356   9.568818264  0.1909910536 0.07304457177   9.610417707 1745833761 1745833761
0.2834775729 0.0716175691  9.567391653  0.1802661562 0.08049252438   9.641638912 1745833761 1745833761
 0.2801887103 0.07189917622   9.563605948 0.1717444283 0.1060006134  9.680370032 1745833761 1745833761
 0.2672922552 0.06658427607   9.560604549 0.1655410155 0.1479481912  9.721393077 1745833761 1745833761
 0.2814996707 0.06499616269   9.560881585 0.1628210947  0.198595581  9.760115872 1745833761 1745833761
 0.2811281286 0.06494233085   9.569038855 0.1650816233 0.2481063514  9.790330893 1745833762 1745833762
 0.2659578125 0.05294876698   9.587633317 0.1737707454 0.2894245311  9.808492423 1745833762 1745833762
 0.2727198006 0.05264157813   9.616423975  0.191034817 0.3109858966  9.814464828 1745833762 1745833762
 0.2564146349 0.05216683035   9.655800807 0.2180781063 0.3045494431  9.808252905 1745833762 1745833762
 0.2314557514 0.03481254892   9.702495991 0.2556393833  0.269054287  9.793904005 1745833762 1745833762
0.2216324758 0.0330232057   9.75127518 0.3026512071 0.2017737945  9.777044701 1745833762 1745833762
 0.1826294903 0.04095984478   9.797680185 0.3564875135 0.1080877302  9.762499811 1745833762 1745833762
 0.1461189875 0.04063985701   9.835460133     0.4142679023 -0.0007732749771      9.756389196 1745833762 1745833762
 0.1356311874 0.03646124258   9.859688853  0.4693549322 -0.1149967685   9.762863723 1745833762 1745833762
 0.1105063028 0.04102064355   9.868069594  0.5159471622 -0.2195726774   9.782713736 1745833762 1745833762
0.08641314128 0.03500113599   9.859942105  0.5497402956 -0.2991606305     9.8153921 1745833762 1745833762
0.07866518872 0.04294939554   9.837183179  0.5632363902 -0.3435315759   9.857172533 1745833762 1745833762
0.06764990794 0.06568826483   9.804340404  0.5564276689 -0.3428183682   9.902349331 1745833762 1745833762
0.08102687085   0.059218789    9.76750899  0.5249146068 -0.2952310094   9.945525213 1745833762 1745833762
 0.0877884066 0.07419701451   9.733282894   0.467912825 -0.2037364792   9.979414174 1745833762 1745833762
0.08228128418  0.1136045372   9.707767196   0.3963690366 -0.07481370855    9.999013974 1745833762 1745833762
0.1041798428 0.1259466777  9.695680092   0.313897023 0.07803546241   10.00277893 1745833762 1745833762
0.1267036727 0.1423569653   9.69904318 0.2251040706 0.2388464571  9.990220065 1745833762 1745833762
0.1229714285 0.1669507674  9.717361879 0.1441418699 0.3908535818  9.964281983 1745833762 1745833762
0.1566064575 0.1584238046  9.746868488 0.07433773538  0.5184159354   9.930942518 1745833762 1745833762
0.1863499821 0.1998738668  9.780747397 0.01869720802  0.6112124266   9.895855603 1745833762 1745833762
0.201773249 0.234200191 9.813069081 -0.01256906349   0.6590125994    9.867154785 1745833762 1745833762
0.2383167435 0.2241394518  9.837089174 -0.02241391483   0.6614949881     9.85094324 1745833762 1745833762
0.2562066831 0.2505678343  9.846217518 -0.01488175812   0.6275196811    9.850636682 1745833762 1745833762
0.2573767449 0.2701911574  9.838369301 0.01009955388  0.5587379636   9.867849794 1745833762 1745833762
0.2878548794 0.2446255386    9.8133439 0.04445638342  0.4722566317   9.899120519 1745833762 1745833762
0.3100231575 0.2785951181  9.772413854 0.08266304959  0.3879008361   9.939168899 1745833762 1745833762
0.3083805367  0.300781413  9.723516255 0.1204571645 0.3079384187  9.981157661 1745833762 1745833762
 0.330639322 0.2691764302  9.673457458 0.1535830669 0.2488115657  10.01415605 1745833762 1745833762
0.3473814878 0.2964458567  9.626919035 0.1820867702 0.2220314237  10.03032062 1745833762 1745833762
0.3166399241 0.3192326234  9.593049291 0.2041696294 0.2189991671  10.02345843 1745833763 1745833763
0.3237666133  0.281592832  9.574323547 0.2234069765 0.2423062987  9.986767293 1745833763 1745833763
0.3321816376 0.3059762649  9.568900911 0.2447106771 0.2859506144  9.922263956 1745833763 1745833763
0.3416611907 0.2894242853  9.577894704 0.2690685238 0.3346218147  9.834358441 1745833763 1745833763
0.3527519829 0.2353005331  9.596610206 0.3008660107 0.3788055807  9.732427112 1745833763 1745833763
0.3473879382 0.2517048195  9.617139311 0.3416109544 0.4074348594  9.629312644 1745833763 1745833763
0.3868002734 0.2029044286  9.634767126 0.3900265169 0.4115130164  9.538507386 1745833763 1745833763
0.4046454812 0.1490281321  9.645287645  0.442929839 0.3862661609  9.472624607 1745833763 1745833763
 0.378110914 0.1616344215  9.645606691 0.4954920119 0.3313675922  9.441543582 1745833763 1745833763
0.395119862 0.129830234 9.633203261 0.5414857386 0.2493240645  9.450158226 1745833763 1745833763
  0.413222941 0.08064213528   9.610599861 0.5745312829 0.1473510207  9.497755065 1745833763 1745833763
  0.36506616 0.1000800439  9.583145767  0.5911747439 0.03753427395   9.581012793 1745833763 1745833763
 0.3538459979 0.09832921651   9.551975441   0.5857091559 -0.07311182741    9.687206235 1745833763 1745833763
 0.3661340988 0.06388407086   9.522493984  0.5579875627 -0.1720391666   9.801611805 1745833763 1745833763
0.3281845354 0.0952416416  9.500677766   0.512490241 -0.2481889646   9.913759348 1745833763 1745833763
0.2835438584 0.1177887711  9.488086065  0.4490380305 -0.2990335481   10.00502177 1745833763 1745833763
 0.2755056829 0.09906350902    9.48505282  0.3727574545 -0.3190856675   10.05834271 1745833763 1745833763
0.2581143881 0.1439423033  9.491197651  0.2913332934 -0.3070355235   10.06880567 1745833763 1745833763
0.1945030269  0.188734936  9.505834816  0.2097246029 -0.2656625924   10.03066851 1745833763 1745833763
0.1561055296 0.1929697475  9.525017296  0.1331105357 -0.1998358143   9.942264782 1745833763 1745833763
0.1468206939 0.2443458856  9.543810033 0.06749663795 -0.1161400217   9.815656241 1745833763 1745833763
0.09612425915  0.2661164494   9.561819897 0.01955945445 -0.0211696402   9.665866879 1745833763 1745833763
0.04828291754  0.2707968972   9.575753645 -0.008370392605   0.07517838351     9.512579526 1745833763 1745833763
0.03255770688  0.3192122266   9.582540264 -0.01361352209   0.1655884334    9.377915843 1745833763 1745833763
0.0485468022  0.302185333  9.585716024 0.005470309812   0.2413504879    9.280114842 1745833763 1745833763
 0.048420993 0.2790570849  9.584679057 0.04493802662  0.2966640903   9.233495051 1745833763 1745833763
0.04778965004  0.3055204007   9.579641764 0.09998533366  0.3273793147   9.244745415 1745833763 1745833763
0.1203208574  0.261329546  9.576016937 0.1662865255 0.3312310538   9.31094699 1745833763 1745833763
0.1797168229 0.2155381718  9.574443317 0.2351920736 0.3094953201  9.423318915 1745833763 1745833763
0.2122537636 0.2234699616  9.576735231 0.2990076557  0.263433695  9.567848778 1745833763 1745833763
0.2559216371 0.2195432834  9.585809465 0.3540752498 0.2039507512  9.724974974 1745833764 1745833764
0.3156809262 0.1968047066  9.602818829 0.3941253623 0.1366512387  9.875054591 1745833764 1745833764
0.3614480548 0.1939636724  9.628274452  0.4155426166 0.06706253461   10.00169176 1745833764 1745833764
0.3401123319 0.2258746332  9.663492388  0.4210267873 0.01500571157   10.09297233 1745833764 1745833764
0.3504434004 0.2412234012   9.70428793   0.4103489944 -0.01472376256    10.13842337 1745833764 1745833764
0.3877799108 0.2834724696   9.74686502   0.3866671472 -0.01982406064    10.13810288 1745833764 1745833764
0.3814495095 0.3227288895  9.791022275  0.3566454156 0.01342603297   10.09973502 1745833764 1745833764
0.3756745446 0.3463992427  9.831603386  0.3243812812 0.07731582518   10.03370859 1745833764 1745833764
0.3866676403 0.3723095316  9.863738684 0.2956455356 0.1614093698  9.954253042 1745833764 1745833764
0.4083774535 0.3716307588  9.885890394  0.273602467 0.2653442737   9.87622875 1745833764 1745833764
0.3955641357 0.3718813818  9.897398983 0.2617124233 0.3692121442  9.813612995 1745833764 1745833764
 0.393910675 0.3668690818  9.896799983 0.2643796879 0.4545138604   9.77413804 1745833764 1745833764
0.3697765117 0.3605699145  9.887080261 0.2774437602 0.5160807754   9.76205623 1745833764 1745833764
 0.330135436 0.3220874387  9.872091318 0.3040616715 0.5371003298  9.776367925 1745833764 1745833764
0.3335442604 0.2555693548   9.85333996  0.348528555 0.5097267582  9.810634665 1745833764 1745833764
0.2750985069 0.2123774278  9.836696888 0.4000403717 0.4394043806  9.856415451 1745833764 1745833764
 0.238457835 0.1635165425  9.823328664 0.4614267023 0.3295932888   9.90389492 1745833764 1745833764
0.2723885463 0.1445208915  9.813219451 0.5340613255 0.1945085694  9.944448241 1745833764 1745833764
0.2639623365 0.1294249884  9.809401166  0.6041745454 0.04879290965   9.972803002 1745833764 1745833764
 0.2432318547 0.09979851495   9.808877632   0.6716067046 -0.08827546674    9.986445524 1745833764 1745833764
 0.2754311729 0.06706457931   9.805919864  0.7325397582 -0.1952861549   9.986743455 1745833764 1745833764
 0.3105277212 0.02872180706   9.797323737  0.7723942545 -0.2665250803   9.976183544 1745833764 1745833764
   0.3145903971 -0.002688708385      9.78028067  0.7877086205 -0.2910663443   9.957782419 1745833764 1745833764
  0.3408318744 -0.02370337151    9.750768919   0.774051395 -0.2647650591   9.936980886 1745833764 1745833764
 0.3295496914 -0.0436734529   9.710497562  0.7258101613 -0.1987742047    9.91598666 1745833764 1745833764
  0.3293549598 -0.08457693626    9.659608994  0.6433465181 -0.1067652467   9.898014287 1745833764 1745833764
 0.3144570817 -0.1061805119   9.603230745    0.5319543983 0.0001530187064      9.88243998 1745833764 1745833764
 0.2532242653 -0.1129846939   9.547670143 0.3991953992 0.1059756768  9.867221393 1745833764 1745833764
 0.2104978027 -0.1542136689   9.496102733 0.256118685 0.194414133 9.851653983 1745833764 1745833764
0.1933712863 -0.164594112  9.454970407 0.1152615345  0.259233213  9.833368299 1745833764 1745833764
 0.1502484793 -0.1647356162   9.429248515 -0.01083913438   0.2938815599    9.808431358 1745833765 1745833765
  0.137249173 -0.1653643509   9.419898737 -0.1104484425  0.2976949494   9.777069698 1745833765 1745833765
 0.1560853008 -0.1425045779   9.427292778 -0.1758523122  0.2787649807   9.739440142 1745833765 1745833765
 0.1541189813 -0.1114960265   9.449580029 -0.2024717064  0.2434247937   9.694860008 1745833765 1745833765
  0.1793406035 -0.07851217403    9.481668732 -0.190142711 0.2005897126  9.647165616 1745833765 1745833765
  0.2231199262 -0.02763237087    9.518226485 -0.1436331403  0.1600780326   9.599352356 1745833765 1745833765
  0.243836482 0.03091406702   9.554101006 -0.07092648095   0.1281881827    9.554121334 1745833765 1745833765
 0.2838003282 0.08261550176   9.582817836 0.01732796565  0.1087989707   9.516243101 1745833765 1745833765
0.3316067027 0.1247835231  9.600293331   0.10938995 0.1031428236  9.488833855 1745833765 1745833765
0.3404331601 0.1855399591  9.605024784 0.1941647002 0.1091136089   9.47404052 1745833765 1745833765
0.3499705837 0.2113236082  9.595893155 0.2620747616 0.1236404455   9.47369355 1745833765 1745833765
0.3739351893 0.2135008877  9.573604001 0.3066040258 0.1425145966  9.487526651 1745833765 1745833765
0.3517137275 0.2335514548   9.54262023 0.3250398839 0.1616865696  9.513625702 1745833765 1745833765
0.3315930486 0.2179517787  9.506835046 0.3181336498 0.1785984277  9.549371988 1745833765 1745833765
0.3428985198 0.2044727326  9.469666634  0.290114297 0.1919441441  9.591498421 1745833765 1745833765
0.3243711203 0.1921280261  9.438736521 0.2476387329  0.202092776  9.635910636 1745833765 1745833765
0.3112355655 0.1450827621  9.418133814 0.1983522128 0.2110313776  9.678871536 1745833765 1745833765
0.3311443931 0.1328965768  9.409076372 0.1505985677 0.2207771591  9.718289716 1745833765 1745833765
  0.31897752 0.1257464008  9.415927597 0.1112982756 0.2323709016  9.749594188 1745833765 1745833765
 0.3035486597 0.09601338037   9.437601475 0.08521489592  0.2475904736   9.770489382 1745833765 1745833765
 0.3278740448 0.07958009597   9.470030995 0.0766489804 0.2644291371  9.781397336 1745833765 1745833765
0.3352821097 0.0607093479  9.511731883 0.08724489489  0.2779820681   9.779890864 1745833765 1745833765
 0.3297696278 0.03269581549   9.558387643 0.1155024167 0.2871926036  9.766936107 1745833765 1745833765
0.3597423174 0.0323377516  9.603976203 0.1608172735 0.2854156204  9.747042383 1745833765 1745833765
 0.3547987716 0.03190754212   9.647715573 0.2199214559 0.2677247627   9.72102447 1745833765 1745833765
 0.3492629613 0.02890153548   9.686103807 0.2891643379 0.2356782042  9.694909627 1745833765 1745833765
 0.3474522465 0.03494399713   9.718061854 0.3651514235 0.1865847306  9.674005986 1745833765 1745833765
 0.3255176356 0.03132800132   9.744838491 0.4435729001 0.1237755601  9.662554269 1745833765 1745833765
 0.2996567239 0.02380589499   9.766981291   0.521237936 0.05552991034   9.664939514 1745833765 1745833765
 0.2858610096 0.01183105504   9.785454027   0.5927202648 -0.01405302677    9.683611136 1745833765 1745833765
0.2523057121 0.0191893604  9.802292872  0.6535599665 -0.0760052583   9.717337891 1745833766 1745833766
  0.239391213 0.03692620912   9.816821976   0.701029434 -0.1212743903   9.764233302 1745833766 1745833766
 0.2302065465 0.06309787617   9.829122813  0.7282004558 -0.1454737105   9.819505157 1745833766 1745833766
 0.227037732 0.1160986468  9.837943013  0.7350164063 -0.1438526896   9.876779765 1745833766 1745833766
0.2348236938 0.1448955307  9.842583656  0.7150486557 -0.1158897252   9.930910415 1745833766 1745833766
0.2195533044 0.1400739343  9.843606905   0.6654982383 -0.06289976174     9.97628093 1745833766 1745833766
0.1379551517 0.1894987276  9.840569214   0.5949217632 0.009211302969    10.00662504 1745833766 1745833766
0.09916873491  0.1972684126   9.834244329  0.5024797552 0.09431022569   10.02142462 1745833766 1745833766
0.07578941673   0.191197623   9.827148591 0.3909022679 0.1843314759  10.02050897 1745833766 1745833766
-0.02297091485   0.2016364458    9.821440488 0.2735650241 0.2705958618  10.00641088 1745833766 1745833766
-0.06454295748   0.1925524039    9.819335403 0.1540513282 0.3458858968  9.984920914 1745833766 1745833766
-0.07051880152   0.2223122949    9.821096444 0.03698928209  0.4042783188   9.961272258 1745833766 1745833766
-0.08603531412   0.2275629018    9.827096855 -0.06378740189   0.4421742973    9.942369101 1745833766 1745833766
-0.07491458226   0.2083669933    9.835309325 -0.148079576 0.4585150262  9.932242685 1745833766 1745833766
-0.06397399492    0.208611293    9.840940289 -0.2177659972  0.4576474446   9.931792759 1745833766 1745833766
-0.03782340969    0.200462281    9.840663577 -0.2653175095  0.4398755708   9.940397718 1745833766 1745833766
0.009940286296   0.1677323809    9.831214751 -0.2962677607  0.4128625869   9.954449602 1745833766 1745833766
0.05598072237  0.1609145145   9.809621247 -0.3140897709   0.388927903   9.968684277 1745833766 1745833766
0.04343114179  0.1725101856    9.77675759 -0.3149307402  0.3625880731   9.979793325 1745833766 1745833766
0.08365607182  0.1323148353   9.735664474 -0.3022058534  0.3425943622   9.980270774 1745833766 1745833766
0.1435791171  0.143795291  9.688787727 -0.2736145475  0.3364262512   9.967401949 1745833766 1745833766
0.1564585182 0.1428611169  9.643059206 -0.228655259  0.329199399  9.942135762 1745833766 1745833766
0.2086032436 0.1040990414  9.602317197 -0.1650226477  0.3233110202   9.903212028 1745833766 1745833766
0.2775759888 0.1393133174  9.568831622 -0.07887237295   0.3169858229     9.85589491 1745833766 1745833766
 0.338042303 0.1218352449  9.546703089 0.02474038627  0.2968990962   9.804252649 1745833766 1745833766
 0.3943753675 0.07864948322    9.53541773 0.1455685634 0.2639040371  9.752964701 1745833766 1745833766
0.4200688414  0.106531774  9.533606291 0.2800402751 0.2197550056  9.706986907 1745833766 1745833766
 0.4698561366 0.08093912822   9.537402752 0.4163652754 0.1626175864  9.666055435 1745833766 1745833766
 0.5107963738 0.04887393675   9.544479219 0.5469920172 0.1011029335  9.630840285 1745833766 1745833766
 0.5048644475 0.09920929077   9.553537305  0.6633998574 0.04540490674    9.60132522 1745833766 1745833766
0.5315596464 0.1102047141  9.559166143    0.7542296081 0.0003025254771     9.573569015 1745833767 1745833767
0.5575498531 0.1063914531  9.561963284   0.8143422524 -0.02533767479    9.547537572 1745833767 1745833767
0.5272349367 0.1573985408  9.564284799   0.8408702124 -0.02704336056    9.525834489 1745833767 1745833767
0.5085491946 0.1870253789  9.563979223    0.8311056103 -0.008378929212     9.509881636 1745833767 1745833767
0.5141659901 0.1793441598  9.562192631  0.7884352141 0.02657958235   9.503806626 1745833767 1745833767
0.4809362096 0.2387064509  9.561353665  0.7180125734 0.07010733195   9.513742673 1745833767 1745833767
0.4527380222 0.2711742822  9.561803596 0.6248477667 0.1119645576  9.541165604 1745833767 1745833767
 0.439073296 0.2606704626  9.564192453 0.5159405918   0.14424528  9.585707501 1745833767 1745833767
0.4012025919  0.302931124  9.567395202 0.3981594775 0.1630202251  9.645282388 1745833767 1745833767
 0.347457752 0.3256843817  9.572346066 0.2771232784 0.1670248349  9.712265188 1745833767 1745833767
0.3018510494 0.3095640725  9.578277602 0.1575547913 0.1592119511  9.777866806 1745833767 1745833767
0.2499669653 0.3403683098  9.582489574 0.04322740795   0.146130646   9.835916677 1745833767 1745833767
