1.74444e+09    1.06164    0.1061 -0.076699 -0.531152 -0.857739   9.81196
1.74444e+09     1.01802  0.0886833 -0.0413855 -0.624463 -0.836206   9.81196
1.74444e+09     0.975196   0.0778176 0.000798948  -0.72854 -0.803906   9.82632
1.74444e+09   0.937965 0.0751011 0.0436226  -0.66394 -0.803906    9.8335
1.74444e+09   0.908244 0.0747816  0.079735 -0.480908 -0.775195   9.79761
1.74444e+09   0.885714 0.0709466  0.108497 -0.330176 -0.685474    9.8012
1.74444e+09    0.87373 0.0605603   0.12895 -0.161499 -0.556274   9.78325
1.74444e+09   0.871493 0.0496946  0.139177  -0.12561 -0.419897   9.90527
1.74444e+09   0.882199 0.0461792   0.14397 -0.183032 -0.344531   10.0345
1.74444e+09   0.898497 0.0520914   0.14397 -0.179443 -0.312231   9.97346
1.74444e+09   0.912559 0.0618386  0.141414 -0.251221 -0.351709   9.89092
1.74444e+09   0.925182 0.0728641  0.140615 -0.394775 -0.358887   9.88015
1.74444e+09   0.932852 0.0811732  0.138218 -0.477319 -0.215332   9.82991
1.74444e+09   0.937166 0.0830906   0.13646 -0.534741        -0   9.77607
1.74444e+09  0.937326 0.076699 0.137739 -0.534741  0.204565   9.57869
1.74444e+09   0.931893 0.0647148  0.140455 -0.606519  0.401953    9.5428
1.74444e+09   0.931414 0.0559264  0.148445 -0.807495  0.516797   9.69353
1.74444e+09   0.937806 0.0586428  0.161867 -0.872095  0.552686   9.75454
1.74444e+09  0.944996 0.071426  0.17465 -0.857739  0.588574   9.67559
1.74444e+09   0.948991 0.0880441  0.185036 -0.836206  0.653174   9.53921
1.74444e+09  0.946594 0.103863 0.191428 -0.800317  0.768018   9.48179
1.74444e+09  0.939883 0.114409 0.194144 -0.620874  0.904395   9.34541
1.74444e+09  0.923584  0.11425 0.185356 -0.326587   1.04436   9.05112
1.74444e+09  0.894662 0.103224 0.165382 -0.111255   1.17356   8.81067
1.74444e+09   0.865421 0.0869256  0.142692 -0.12561  1.29199  8.77837
1.74444e+09   0.841452 0.0695085  0.124636 -0.251221   1.33506   8.82144
1.74444e+09   0.822437 0.0581634  0.112172 -0.423486   1.37454   8.91833
1.74444e+09   0.806778 0.0568851  0.108337 -0.563452   1.41401   8.97217
1.74444e+09   0.792077 0.0631169  0.109456 -0.667529   1.50015   8.98293
1.74444e+09   0.777537 0.0802144  0.116487 -0.753662   1.58269   9.00806
1.74444e+09    0.75964 0.0990696  0.120641 -0.703418   1.65447   8.90039
1.74444e+09  0.731996 0.117765 0.119842 -0.60293  1.71189  8.72454
1.74444e+09  0.700198 0.134703 0.115848 -0.563452   1.76931   8.61687
1.74444e+09  0.666323 0.150682 0.109616 -0.470142   1.83032   8.48767
1.74444e+09   0.626855  0.160908 0.0992294 -0.340942   1.87698   8.35129
1.74444e+09    0.58531  0.164424 0.0902812 -0.38042  1.98823  8.40872
1.74444e+09   0.547759  0.165862 0.0886833 -0.53833  2.07437  8.57739
1.74444e+09   0.515801  0.168259 0.0931574 -0.707007   2.19639   8.75684
1.74444e+09  0.494709 0.177047 0.105142 -0.976172   2.33994    9.0906
1.74444e+09   0.48592 0.194784 0.122559 -1.10896   2.3866  9.30593
1.74444e+09  0.481127 0.216036 0.137259 -1.03359  2.37224  9.39565
1.74444e+09  0.472338 0.232973 0.140455 -0.785962   2.36865    9.2844
1.74444e+09  0.452524 0.238406 0.131507 -0.50603  2.41531  9.05112
1.74444e+09  0.422803 0.230257 0.115049 -0.308643   2.50862   8.86091
1.74444e+09   0.390526  0.211721 0.0982706 -0.301465   2.63064   8.84656
1.74444e+09   0.362083  0.190469 0.0845287 -0.419897   2.75625   8.91475
1.74444e+09   0.341311  0.172093 0.0779774 -0.624463   2.87468   9.04753
1.74444e+09   0.329327  0.160908 0.0789361 -0.85415  2.95005  9.20903
1.74444e+09   0.329966  0.157872 0.0830906 -1.03718  3.01824  9.43872
1.74444e+09  0.339074 0.162826 0.090441 -1.07666  3.04695  9.51768
1.74444e+09   0.342269  0.169057 0.0963532 -0.972583   3.07566   9.42437
1.74444e+09   0.333641  0.170655 0.0979511 -0.771606   3.09001   9.22339
1.74444e+09   0.312549  0.164424 0.0952346 -0.581396   3.14026     9.026
1.74444e+09   0.286024   0.15228 0.0902812 -0.455786   3.21563   8.91833
1.74444e+09   0.259818   0.13678 0.0874049 -0.448608   3.28022   8.94346
1.74444e+09   0.240483   0.12176 0.0854875 -0.495264   3.31611   9.02241
1.74444e+09   0.226901  0.108817 0.0846885 -0.588574   3.36995   9.14443
1.74444e+09   0.217793  0.101307 0.0867658 -0.724951    3.4166    9.2521
1.74444e+09   0.206768 0.0953944 0.0875647 -0.768018   3.42737   9.24492
1.74444e+09   0.192067 0.0894822 0.0869256 -0.803906   3.46326   9.25569
1.74444e+09   0.178325 0.0824515 0.0867658 -0.800317   3.47402   9.22339
1.74444e+09    0.16714 0.0759001 0.0859668 -0.789551   3.48838    9.2521
1.74444e+09   0.158032 0.0699879 0.0806938 -0.685474   3.47402   9.16956
1.74444e+09   0.147166 0.0602407 0.0693487 -0.50603  3.43455  9.00088
1.74444e+09   0.132785 0.0472977  0.052411 -0.427075   3.43813   8.88962
1.74444e+09   0.117126 0.0340352 0.0389887 -0.520386    3.4489   8.85015
1.74444e+09   0.101946 0.0249272 0.0329167 -0.710596   3.45967   8.88245
1.74444e+09  0.0890028 0.0218912 0.0351537 -0.864917   3.48838    8.9291
1.74444e+09  0.0773382 0.0255663 0.0405866 -0.979761   3.53145   9.01523
1.74444e+09  0.0685498 0.0337156  0.047138 -1.05872  3.58169  9.10137
1.74444e+09  0.0629571 0.0441019 0.0528904 -1.08025  3.59963  9.15161
1.74444e+09  0.0580036 0.0522512 0.0533697 -0.936694   3.55657   9.06189
1.74444e+09  0.0455401 0.0535295 0.0449009 -0.69624  3.50991  8.88962
1.74444e+09  0.0274838 0.0466586 0.0284426 -0.527563   3.47043   8.71018
1.74444e+09  0.00351537  0.0356331  0.0108657 -0.509619   3.46326   8.58816
1.74444e+09   -0.0215716   0.0241282 -0.00111853 -0.660352   3.47043    8.5738
1.74444e+09   -0.0426638   0.0188552 -0.00351537 -0.936694   3.52068    8.7353
1.74444e+09  -0.0552872  0.0215716 0.00239684 -1.20586  3.55657  8.93628
1.74444e+09  -0.0616788  0.0302002  0.0115049 -1.32429   3.5458  9.04753
1.74444e+09  -0.0664725  0.0415453  0.0180562 -1.23816  3.51709  9.06548
1.74444e+09  -0.0730239  0.0506533  0.0166181 -1.06589  3.47402  8.98293
1.74444e+09  -0.0824515  0.0559264  0.0100667 -0.933105   3.42737   8.86091
1.74444e+09  -0.0961934   0.056246 0.00111853 -0.846973   3.40225   8.74966
1.74444e+09    -0.113131   0.0536893 -0.00687096 -0.846973   3.39148   8.68147
1.74444e+09   -0.131028  0.0498544 -0.0111853 -0.900806   3.36995   8.65994
1.74444e+09   -0.149883  0.0461792 -0.0137419 -0.958228   3.33765   8.65635
1.74444e+09   -0.166661  0.0456998 -0.0142213 -1.0623 3.34841 8.75684
1.74444e+09   -0.180243  0.0484163 -0.0147006 -1.13408  3.33765   8.7999
1.74444e+09   -0.196701  0.0540089 -0.0145409 -1.14485  3.32688  8.78555
1.74444e+09    -0.21284  0.0599211 -0.0148604 -1.13767  3.31611  8.80349
1.74444e+09  -0.230257 0.0661529 -0.012144 -1.11255  3.30535  8.78914
1.74444e+09     -0.25055   0.0719053 -0.00830906 -1.10896  3.26228  8.79631
1.74444e+09    -0.272761   0.0794155 -0.00239684 -1.12332  3.26587  8.85374
1.74444e+09   -0.293054  0.0878843 0.00143811 -1.10178   3.2551  8.89321
1.74444e+09    -0.31143  0.0963532 0.00415453 -1.08384  3.23357  8.92192
1.74444e+09   -0.329646   0.103064 0.00511327 -1.04077  3.21563  8.90757
1.74444e+09   -0.348661   0.107698 0.00287621 -1.03718  3.17974  8.90039
1.74444e+09    -0.368315    0.111533 0.000958738 -1.04795  3.12231   8.9291
1.74444e+09    -0.386851    0.112013 0.000958738 -1.05872  3.06848  9.03318
1.74444e+09    -0.40299   0.105301 0.00239684 -1.02283  3.02542  9.13726
1.74444e+09   -0.419288  0.0925182 0.00399474 -0.98335  2.97158  9.16956
1.74444e+09   -0.431911  0.0784567 0.00367516 -0.98335  2.96799  9.22339
1.74444e+09  -0.442937 0.0647148  0.003036 -0.98335   2.9321  9.22339
1.74444e+09    -0.455081   0.0557666 0.000958738 -1.03359  2.90698  9.22339
1.74444e+09   -0.465308  0.0557666 0.00271642 -1.0623 2.84956 9.21621
1.74444e+09   -0.482245  0.0635963 0.00335558 -1.01565  2.77419  9.14443
1.74444e+09    -0.503497   0.0747816 0.000958738 -0.976172   2.70601   9.18391
1.74444e+09    -0.522352   0.0840494 -0.00271642 -0.994116   2.64141   9.26646
1.74444e+09    -0.537213   0.0862864 -0.00511327 -0.990527   2.61987    9.3167
1.74444e+09    -0.550955   0.0826113 -0.00830906 -0.979761   2.55527   9.33105
1.74444e+09   -0.569011  0.0757403 -0.0142213 -0.936694   2.46914   9.24133
1.74444e+09   -0.590583  0.0669519 -0.0257261 -0.850562   2.37942   9.11931
1.74444e+09    -0.61519  0.0583232 -0.0369114 -0.861328     2.322   9.09778
1.74444e+09   -0.642834  0.0535295 -0.0426638 -1.05154  2.28252  9.19827
1.74444e+09  -0.667122 0.0503337 -0.040267 -1.28123  2.21074   9.3813
1.74444e+09   -0.684219  0.0469782 -0.0337156 -1.41042  2.13179  9.51409
1.74444e+09   -0.698281  0.0418649 -0.0302002 -1.43196  2.07078  9.58586
1.74444e+09   -0.710425  0.0351537 -0.0289219 -1.31353  1.95952  9.58586
1.74444e+09   -0.724966  0.0228499 -0.0314786 -1.08025  1.84827  9.40283
1.74444e+09    -0.75229 0.00479369 -0.0401072 -0.882861   1.79443   9.24492
1.74444e+09   -0.783768 -0.0118244  -0.047138 -0.879272   1.75854   9.20903
1.74444e+09   -0.810293 -0.0202933  -0.047138 -1.04436    1.676  9.29158
1.74444e+09   -0.824355 -0.0183758 -0.0397876 -1.29558  1.59705  9.54998
1.74444e+09   -0.824195 -0.0113451 -0.0286024 -1.47502  1.50732   9.8012
1.74444e+09    -0.815886 -0.00511327  -0.0199737 -1.47502  1.41401  9.95193
1.74444e+09    -0.804381 -0.00511327  -0.0167779 -1.33506  1.34224  9.94116
1.74444e+09   -0.798948 -0.0126234 -0.0217314 -1.11973  1.23816  9.80479
1.74444e+09   -0.807577  -0.027324 -0.0359527 -0.882861   1.15562   9.59304
1.74444e+09   -0.828509 -0.0474575 -0.0525708 -0.811084   1.10896   9.46743
1.74444e+09   -0.846086 -0.0671117 -0.0637561 -0.965405   1.07666    9.5428
1.74444e+09   -0.851519 -0.0806938 -0.0629571 -1.29558  1.01206  9.78684
1.74444e+09   -0.840813 -0.0862864 -0.0527306 -1.47861 0.940283  9.98064
1.74444e+09   -0.822118 -0.0888431 -0.0461792 -1.43555  0.91875  10.0919
1.74444e+09   -0.800546 -0.0955542 -0.0436226 -1.24893 0.850562  10.0452
1.74444e+09   -0.786005  -0.111853 -0.0488956 -1.03359 0.771606   9.8981
1.74444e+09   -0.779774  -0.135502 -0.0627973 -0.811084  0.703418    9.6397
1.74444e+09   -0.788402  -0.164104 -0.0784567 -0.707007  0.667529   9.44231
1.74444e+09   -0.800386  -0.188232 -0.0913997 -0.88645 0.631641  9.49255
1.74444e+09   -0.802943  -0.199098 -0.0917193 -1.24893  0.53833  9.71506
1.74444e+09   -0.793036  -0.193985 -0.0846885 -1.47144 0.423486  9.89092
1.74444e+09  -0.777537 -0.172093 -0.076699 -1.49656 0.305054  9.90527
1.74444e+09   -0.771465  -0.135821 -0.0723847 -1.38171 0.136377  9.74019
1.74444e+09   -0.781052 -0.0834102 -0.0773382  -1.20227 0.0789551    9.5105
1.74444e+09   -0.802943 -0.0191748 -0.0942759  -1.08025 0.0645996    9.2521
1.74444e+09  -0.831865 0.0538491 -0.111373 -1.08384 0.150732  9.09419
1.74444e+09  -0.854236  0.126713 -0.115848 -1.17715 0.168677  9.14084
1.74444e+09  -0.857591  0.193985 -0.108018  -1.34224 0.0287109   9.42437
1.74444e+09   -0.836818   0.250071 -0.0984304  -1.47144 -0.147144   9.76172
1.74444e+09     -0.8055   0.292575 -0.0989098 -1.43555 -0.31582  9.92322
1.74444e+09  -0.773062    0.3191 -0.108817  -1.35659 -0.427075   9.91963
1.74444e+09  -0.746218  0.330605 -0.120002  -1.24175 -0.502441   9.79043
1.74444e+09   -0.72944  0.328528 -0.130388  -1.14485 -0.577808   9.65764
1.74444e+09  -0.717615  0.317023 -0.140934  -1.12332 -0.660352   9.58586
1.74444e+09  -0.701796  0.298008 -0.147006 -1.22021 -0.76084  9.65405
1.74444e+09  -0.673993  0.274039 -0.146208  -1.32429 -0.832617   9.84785
1.74444e+09  -0.632927  0.246715 -0.142213  -1.36736 -0.879272   10.0452
1.74444e+09  -0.581954  0.214757  -0.13662  -1.33147 -0.925928   10.1816
1.74444e+09  -0.530342  0.176887 -0.133904 -1.22739 -1.01565   10.178
1.74444e+09    -0.4864  0.135342 -0.135661 -1.13408 -1.06589  10.0847
1.74444e+09  -0.453004 0.0955542 -0.138857 -1.08743  -1.1592  9.91245
1.74444e+09  -0.430314 0.0618386 -0.140934 -1.08743  -1.2561  9.77966
1.74444e+09  -0.413855 0.0378702 -0.141414 -1.13408  -1.3207  9.71147
1.74444e+09  -0.399954 0.0217314 -0.139496 -1.23816  -1.3853  9.72224
1.74444e+09  -0.389567 0.0118244 -0.135182 -1.37813  -1.4499  9.77249
1.74444e+09   -0.382217 0.00798948   -0.12911 -1.42478 -1.49656  9.78325
1.74444e+09   -0.378542 0.00751011  -0.124476  -1.3853 -1.55398  9.74736
1.74444e+09   -0.378542 0.00719053  -0.120162 -1.28481  -1.5791  9.65405
1.74444e+09   -0.382856 0.00239684  -0.116806 -1.18433 -1.61499  9.53562
1.74444e+09    -0.388608 -0.00735032   -0.114729 -1.13767 -1.63652  9.43513
1.74444e+09   -0.392124 -0.0175769  -0.110894 -1.29558 -1.69036  9.50332
1.74444e+09   -0.390047 -0.0199737   -0.09875 -1.53245 -1.74778  9.65764
1.74444e+09   -0.382377 -0.0161388 -0.0850081 -1.66882 -1.84468  9.82273
1.74444e+09    -0.373588 -0.00798948  -0.0746218 -1.68318 -1.92722   9.8658
1.74444e+09    -0.37215 -0.0015979 -0.0698281 -1.62217 -1.98105  9.78684
1.74444e+09    -0.378702 -0.00255663  -0.0690291 -1.52527 -2.00259  9.66841
1.74444e+09   -0.388289 -0.0111853   -0.06839 -1.41042 -2.06001  9.53921
1.74444e+09   -0.397876 -0.0282828 -0.0677508 -1.33865 -2.12461  9.46743
1.74444e+09   -0.401551 -0.0458596 -0.0663127 -1.38889 -2.20715  9.48538
1.74444e+09   -0.399155 -0.0591222 -0.0580036 -1.47861 -2.27175  9.57151
1.74444e+09   -0.392923 -0.0631169 -0.0488956 -1.50732 -2.31123  9.62175
1.74444e+09   -0.388768 -0.0572047  -0.040267 -1.51091 -2.36865  9.61099
1.74444e+09   -0.392443 -0.0428236 -0.0388289 -1.48938  -2.4189  9.56433
1.74444e+09    -0.40283 -0.0206129 -0.0409062 -1.53245 -2.44761  9.52485
1.74444e+09   -0.419448 0.00239684 -0.0417051 -1.53604 -2.47632  9.43872
1.74444e+09   -0.436226  0.0193345 -0.0388289 -1.46067 -2.50862  9.36335
1.74444e+09   -0.447091  0.0262055 -0.0309992 -1.45349 -2.52656  9.43872
1.74444e+09   -0.442617   0.028123 -0.0180562 -1.49297 -2.55168  9.63252
1.74444e+09    -0.424242   0.0270045 -0.00655138  -1.4499 -2.59116  9.76172
1.74444e+09   -0.398515  0.0246076 0.00191748 -1.34941 -2.60193   9.7689
1.74444e+09   -0.371831  0.0206129 0.00511327 -1.25251 -2.59834  9.68635
1.74444e+09    -0.34914  0.0154996 0.00351537 -1.18433  -2.5804  9.56433
1.74444e+09   -0.329327  0.0124636 0.00015979 -1.14844 -2.58398  9.46743
1.74444e+09  -0.315904 0.0119842 -0.003036 -1.21663 -2.59834  9.42437
1.74444e+09    -0.305997   0.0118244 -0.00383495   -1.353 -2.60911  9.40283
1.74444e+09  -0.298966 0.0092678 0.0015979 -1.43196 -2.61628  9.35618
1.74444e+09     -0.2889  0.0076699 0.00719053 -1.38171 -2.62705  9.39207
1.74444e+09   -0.272441 0.00974717 0.00878843 -1.32429 -2.60911  9.40642
1.74444e+09   -0.251669  0.0134223 0.00687096 -1.28123 -2.58757  9.40642
1.74444e+09  -0.225943 0.0194943 0.0046339 -1.27405  -2.5804  9.43154
1.74444e+09   -0.192067  0.0265251 0.00447411 -1.30635 -2.58757  9.46743
1.74444e+09   -0.150202  0.0324373 0.00862864  -1.3853 -2.59116  9.55715
1.74444e+09  -0.0992294  0.0391485  0.0188552 -1.43555 -2.57322    9.672
1.74444e+09  -0.0388289  0.0442617  0.0302002 -1.37454 -2.55886  9.75095
1.74444e+09  0.0262055 0.0482565 0.0377104 -1.24893 -2.58398  9.80837
1.74444e+09  0.0933172 0.0500142 0.0413855 -1.13767 -2.60193  9.77607
1.74444e+09   0.153558 0.0528904 0.0429834 -1.09102 -2.58757   9.6397
1.74444e+09   0.201814 0.0588026 0.0418649 -1.10178 -2.56245  9.50691
1.74444e+09   0.238726 0.0666323 0.0412257 -1.16638 -2.52297  9.42795
1.74444e+09   0.272122  0.077498 0.0460194 -1.28481  -2.4835  9.43154
1.74444e+09    0.30376 0.0869256  0.055447 -1.39966 -2.43684  9.45667
1.74444e+09   0.333641 0.0925182 0.0667921  -1.4499 -2.39019  9.48896
1.74444e+09   0.360006 0.0920388  0.076699 -1.46426  -2.3543  9.51768
1.74444e+09  0.384134 0.080534 0.086606 -1.40325 -2.28611  9.52844
1.74444e+09   0.407304 0.0548079 0.0949151  -1.3207 -2.26458  9.48179
1.74444e+09   0.425839 0.0186954 0.0989098  -1.2884 -2.27175  9.46025
1.74444e+09    0.437664 -0.0199737  0.0955542   -1.353 -2.22869  9.47102
1.74444e+09    0.443097 -0.0540089  0.0902812 -1.50732 -2.19639  9.52485
1.74444e+09     0.44805 -0.0806938  0.0893224 -1.62217 -2.18203  9.61099
1.74444e+09   0.450607 -0.099549  0.089642 -1.66165 -2.17126  9.70071
1.74444e+09   0.453803 -0.116646 0.0915595 -1.67241 -2.13538   9.8012
1.74444e+09   0.458916 -0.137898 0.0947553 -1.58269 -2.07078  9.84426
1.74444e+09   0.467065 -0.168099  0.103064 -1.46426 -2.01335  9.84426
1.74444e+09   0.477931 -0.208366  0.116327 -1.30276   -1.999  9.83708
1.74444e+09   0.490075 -0.261576  0.131347 -1.15203  -1.9667  9.80837
1.74444e+09   0.500301 -0.321017  0.143012  -1.0623 -1.94875  9.76172
1.74444e+09   0.506054 -0.376784  0.147006 -1.12332  -1.9344  9.84067
1.74444e+09  0.511806 -0.41785 0.147326 -1.21304  -1.8698  10.0165
1.74444e+09    0.51628 -0.444215  0.142692  -1.1915 -1.78008   10.074
1.74444e+09   0.517878 -0.459235  0.135821 -1.14485 -1.68677  10.0811
1.74444e+09   0.525069 -0.469782  0.134383 -1.06589 -1.66165  10.1098
1.74444e+09   0.537373 -0.477931  0.132945 -0.922339  -1.63652    10.056
1.74444e+09  0.550156 -0.48624 0.130229 -0.778784  -1.56116   9.88015
1.74444e+09   0.556867 -0.493271  0.126394 -0.674707  -1.49297    9.7366
1.74444e+09   0.559583 -0.497585  0.120481 -0.653174  -1.43914   9.71147
1.74444e+09    0.56246 -0.496786  0.116487 -0.699829  -1.40325   9.81914
1.74444e+09   0.566295 -0.495188   0.11377 -0.746484  -1.39248   9.91604
1.74444e+09   0.570609 -0.491833  0.109136 -0.771606  -1.33865    9.9304
1.74444e+09   0.574444 -0.488637  0.103703 -0.76084 -1.27405   9.8335
1.74444e+09   0.572846 -0.479049 0.0977913 -0.771606   -1.1915   9.68635
1.74444e+09   0.566614 -0.456839 0.0936367 -0.846973  -1.15562   9.58586
1.74444e+09   0.557506 -0.417211 0.0925182 -0.940283  -1.14126   9.53203
1.74444e+09   0.550795 -0.355532 0.0947553 -1.08743 -1.07666  9.58586
1.74444e+09   0.548238 -0.268287  0.100188 -1.22739 -1.05872  9.58228
1.74444e+09   0.544723 -0.157553  0.107538 -1.27764 -1.05154  9.46743
1.74444e+09   0.536094 -0.033396  0.116646 -1.22021 -1.03359    9.349
1.74444e+09   0.517878 0.0917193  0.120961  -1.12332 -0.972583   9.16238
1.74444e+09  0.488956 0.209165 0.123358  -1.13408 -0.890039   9.03677
1.74444e+09  0.454921 0.321017 0.126713  -1.22021 -0.846973   9.05471
1.74444e+09   0.42536 0.436066 0.130708  -1.34583 -0.699829   9.12649
1.74444e+09  0.416092 0.588186 0.143172    -2.30405 -0.00717773     9.50332
1.74444e+09  0.444055 0.785366 0.162187 -1.39966 -1.22021  9.48896
1.74444e+09  0.468024 0.955223 0.146687  -1.12332 -0.943872   9.53921
1.74444e+09  0.480328  1.08657 0.137579  -1.42119 -0.678296   9.20186
1.74444e+09  0.482245   1.1687 0.152599  -1.74778 -0.638818   9.35977
1.74444e+09  0.473457  1.20865 0.160269  -1.39248 -0.642407   9.20544
1.74444e+09  0.450447  1.20977 0.153078  -1.27405 -0.638818   9.15161
1.74444e+09   0.42552  1.18772 0.149883  -1.62935 -0.559863   9.26646
1.74444e+09  0.411458  1.16471 0.161867  -2.01335 -0.509619   9.49255
1.74444e+09  0.406505  1.14617 0.176408  -2.05283 -0.477319   9.51768
1.74444e+09  0.396758  1.12412 0.184877  -1.88416 -0.430664   9.40642
1.74444e+09  0.381578  1.08289 0.186475  -1.65806 -0.355298   9.31311
1.74444e+09  0.360006  1.01546 0.187593  -1.51809 -0.287109   9.21262
1.74444e+09  0.332363 0.927739 0.189351   -1.5145 -0.236865   9.15161
1.74444e+09  0.301363  0.83586 0.192067  -1.61499 -0.165088    9.2521
1.74444e+09   0.27372 0.751651 0.195902   -1.78008 -0.0753662    9.43154
1.74444e+09  0.251669 0.679905 0.198619    -1.88416 -0.00358887     9.49255
1.74444e+09  0.234252 0.624138 0.198778  -1.95593 0.0861328   9.45667
1.74444e+09  0.222747 0.591701  0.19718 -2.05642 0.139966  9.43872
1.74444e+09  0.216515 0.581794 0.195263 -2.11025 0.175854  9.39565
1.74444e+09   0.21284 0.587706 0.196222 -2.16409 0.258398  9.44231
1.74444e+09  0.216835 0.602727   0.1975 -2.23945 0.308643  9.62893
1.74444e+09  0.226422 0.625417 0.196381 -2.31123 0.376831  9.77966
1.74444e+09  0.238566 0.649865  0.18967 -2.29688 0.452197  9.77607
1.74444e+09  0.248952  0.67575 0.175449 -2.31123 0.502441  9.67917
1.74444e+09  0.257102 0.704992 0.158511 -2.35789 0.527563  9.53562
1.74444e+09  0.261416 0.736471 0.139656 -2.37224 0.527563   9.3813
1.74444e+09  0.264771 0.770666 0.120641 -2.60552 0.498853  9.26646
1.74444e+09  0.268447 0.810773 0.110255 -2.92852 0.509619  9.22339
1.74444e+09  0.270364  0.85072 0.105461 -3.15103 0.552686  9.21621
1.74444e+09  0.270045 0.882518 0.101626 -3.24792 0.531152  9.15879
1.74444e+09   0.262534  0.897858 0.0973119 -3.27305  0.50603  9.11213
1.74444e+09   0.247994  0.892585 0.0872452 -3.21204 0.462964  9.00806
1.74444e+09   0.224345  0.864622 0.0709466 -3.07925 0.416309  8.78555
1.74444e+09   0.190629  0.818283 0.0495348   -3.029 0.437842  8.63123
1.74444e+09   0.154836  0.756284 0.0290817 -3.02542 0.452197  8.56304
1.74444e+09   0.122559  0.687895 0.0105461 -3.15461 0.495264  8.61328
1.74444e+09    0.0977913    0.620463 0.000798948 -3.36636  0.53833  8.77119
1.74444e+09    0.0824515    0.556707 -0.00527306 -3.49915 0.523975  8.91833
1.74444e+09    0.0709466    0.494869 -0.00655138 -3.49915 0.513208  8.90398
1.74444e+09    0.0578439    0.434149 -0.00735032 -3.44531 0.509619  8.82502
1.74444e+09    0.0445813    0.377104 -0.00655138 -3.46326 0.484497   8.7676
1.74444e+09    0.0316384    0.327089 -0.00223706 -3.63552 0.448608  8.76401
1.74444e+09   0.0228499   0.291137 0.00591222 -3.87957 0.441431  8.82502
1.74444e+09  0.0202933  0.272921 0.0169377 -4.04106  0.47373  8.92192
1.74444e+09   0.024288  0.271003 0.0254066 -4.14514 0.520386  9.01523
1.74444e+09  0.0319579  0.283946 0.0292415 -4.20974 0.556274  9.05112
1.74444e+09  0.0410659  0.302322 0.0287621 -4.19539 0.581396  8.98293
1.74444e+09  0.0466586  0.321497 0.0286024 -4.12002 0.620874   8.8645
1.74444e+09  0.0468184  0.331723 0.0268447  -4.0626 0.631641  8.73889
1.74444e+09  0.0410659  0.329327 0.0255663 -4.01594 0.628052  8.65276
1.74444e+09  0.0335558  0.317342 0.0247674 -4.0626 0.66394 8.65994
1.74444e+09  0.0308394  0.298487 0.0279632 -4.18462  0.72854   8.7676
1.74444e+09  0.0317981  0.274519 0.0308394 -4.18462  0.79314   8.8645
1.74444e+09   0.036432  0.242241 0.0271642  -4.0949 0.818262  8.91475
1.74444e+09  0.0385093  0.204211 0.0164583 -4.04824 0.846973  8.88962
1.74444e+09   0.0380299   0.165702 0.00015979 -4.08772 0.839795  8.87886
1.74444e+09   0.0359527   0.134223 -0.0139017 -4.20974 0.789551   8.8645
1.74444e+09   0.0332363   0.112971 -0.0214118  -4.3533 0.778784  8.85732
1.74444e+09   0.0289219  0.0984304 -0.0226901 -4.40354 0.814673  8.82861
1.74444e+09   0.0214118  0.0861266 -0.0222108 -4.34253 0.843384  8.80349
1.74444e+09   0.0116646  0.0704672 -0.0246076 -4.24563 0.864917  8.81426
1.74444e+09  0.00223706  0.0498544  -0.027324 -4.22769  0.85415  8.88245
1.74444e+09  -0.00335558   0.0222108  -0.0289219 -4.24563 0.829028  8.97576
1.74444e+09  -0.00335558  -0.0140615  -0.0289219 -4.24204 0.803906  9.04753
1.74444e+09  0.00111853 -0.0573645   -0.03036 -4.23845 0.775195  9.11213
1.74444e+09   0.0110255  -0.103703 -0.0321177 -4.20615 0.782373  9.15879
1.74444e+09    0.022051  -0.155475 -0.0373908 -4.11643 0.814673  9.16597
1.74444e+09   0.0346744  -0.214598 -0.0413855 -4.00518 0.839795  9.14443
1.74444e+09   0.0452205  -0.280591 -0.0460194 -3.96211 0.846973  9.13008
1.74444e+09   0.0559264  -0.350259 -0.0480967 -3.98005 0.825439  9.15161
1.74444e+09    0.065354  -0.417211 -0.0455401 -3.97646 0.778784  9.15161
1.74444e+09   0.0727043  -0.477132 -0.0428236 -3.95493 0.750073   9.1552
1.74444e+09   0.0765392  -0.525868 -0.0407464 -3.96211 0.707007   9.1229
1.74444e+09   0.0759001  -0.560063 -0.0397876 -3.96211 0.681885  9.07625
1.74444e+09    0.071426  -0.579877 -0.0397876 -3.93699  0.72854  9.04395
1.74444e+09   0.0626375  -0.590263 -0.0428236 -3.86162 0.775195  8.97576
1.74444e+09  0.0479369 -0.595217 -0.049375 -3.82573 0.778784  8.95781
1.74444e+09  0.0314786 -0.601928 -0.055447  -3.7396 0.768018  8.95781
1.74444e+09   0.0110255   -0.61535 -0.0621582 -3.64629 0.735718  8.96499
1.74444e+09  -0.00798948   -0.636123   -0.065354 -3.62117  0.69624    9.026
1.74444e+09  -0.0260457  -0.667441 -0.0627973 -3.59246 0.649585  9.11931
1.74444e+09  -0.0396278   -0.70659 -0.0568851 -3.57451 0.631641  9.20903
1.74444e+09  -0.0496946  -0.749893 -0.0503337 -3.53145 0.631641  9.27722
1.74444e+09  -0.0552872  -0.787763 -0.0458596 -3.45967 0.642407  9.33105
1.74444e+09  -0.0597613  -0.815726 -0.0449009 -3.39866 0.653174  9.33823
1.74444e+09  -0.0629571  -0.832824 -0.0455401 -3.29458 0.656763  9.33464
1.74444e+09  -0.0685498  -0.839056 -0.0500142 -3.20845 0.599341  9.29875
1.74444e+09  -0.0755805  -0.837138 -0.0541687 -3.17974 0.574219  9.32747
1.74444e+09  -0.0806938  -0.831226 -0.0528904 -3.18333  0.53833  9.35977
1.74444e+09  -0.0824515  -0.823077 -0.0466586 -3.12231 0.513208  9.40642
1.74444e+09  -0.0803742   -0.82036 -0.0401072 -3.05413 0.520386  9.49973
1.74444e+09  -0.0768588   -0.82835 -0.0340352 -2.89263  0.53833  9.51768
1.74444e+09  -0.0760599  -0.847524 -0.0329167 -2.68447 0.552686  9.48896
1.74444e+09   -0.079735  -0.878044 -0.0361125 -2.51221 0.567041  9.46384
1.74444e+09  -0.0859668  -0.910002 -0.0413855 -2.43684 0.549097  9.43154
1.74444e+09  -0.0918791  -0.937486 -0.0453803 -2.42249  0.53833  9.46384
1.74444e+09  -0.0955542  -0.960815 -0.0480967 -2.39377 0.527563  9.55356
1.74444e+09  -0.0973119  -0.980789 -0.0461792 -2.41172 0.516797  9.58945
1.74444e+09  -0.0977913  -0.997407 -0.0415453 -2.40813 0.549097  9.66841
1.74444e+09  -0.0961934   -1.01179 -0.0389887 -2.23586 0.588574  9.68994
1.74444e+09  -0.0941161   -1.02601 -0.0421845 -2.05642  0.60293  9.69712
1.74444e+09  -0.0910801   -1.04135 -0.0479369 -1.90928 0.577808  9.73301
1.74444e+09  -0.0867658   -1.06004 -0.0517719 -1.81238  0.53833  9.77607
1.74444e+09  -0.0832504   -1.08257 -0.0546481 -1.74778  0.50603  9.79043
1.74444e+09  -0.0802144   -1.10798 -0.0514523 -1.68318 0.480908  9.81196
1.74444e+09  -0.0776578   -1.13626 -0.0437824 -1.65806 0.491675  9.84426
1.74444e+09   -0.074462   -1.16439 -0.0378702  -1.5468 0.527563  9.88733
1.74444e+09  -0.0715858   -1.19459 -0.0324373 -1.41401 0.563452  9.94834
1.74444e+09  -0.0640757   -1.22335 -0.0279632 -1.31711 0.559863  10.0165
1.74444e+09  -0.0528904   -1.24492 -0.0252468 -1.21304 0.520386    9.995
1.74444e+09  -0.0412257    -1.2577 -0.0230097 -1.04436 0.484497   9.9304
1.74444e+09  -0.0327569   -1.26489 -0.0223706 -0.850562  0.470142   9.86221
1.74444e+09   -0.027324   -1.26937 -0.0246076 -0.732129  0.491675   9.80479
1.74444e+09  -0.0230097   -1.26841 -0.0271642 -0.678296  0.599341   9.77249
1.74444e+09  -0.0135821   -1.25978 -0.0287621 -0.620874   0.66394   9.85503
1.74444e+09  0.00271642     -1.247 -0.0361125 -0.556274  0.552686   9.90168
1.74444e+09    0.012943   -1.22335 -0.0496946 -0.491675  0.344531   9.88374
1.74444e+09   0.0140615   -1.19443 -0.0650344 -0.398364  0.430664   9.88733
1.74444e+09   0.0148604   -1.16391 -0.0759001 -0.279932  0.534741   9.79043
1.74444e+09   0.0154996   -1.12859 -0.0803742 -0.193799  0.552686   9.67917
1.74444e+09   0.0191748   -1.08625 -0.0784567 -0.0968994   0.520386    9.59663
1.74444e+09   0.0225303   -1.03767 -0.0746218 -0.0322998   0.498853     9.5428
1.74444e+09   0.0222108  -0.988459 -0.0687096 -0.00717773    0.523975     9.53562
1.74444e+09   0.0230097  -0.937965 -0.0602407 0.107666 0.577808  9.56074
1.74444e+09   0.0282828  -0.891467 -0.0549676 0.272754 0.606519  9.53562
1.74444e+09    0.033396  -0.845447 -0.0525708 0.373242 0.606519   9.4459
1.74444e+09   0.0346744  -0.798948 -0.0512925 0.452197 0.584985  9.39924
1.74444e+09   0.0325971   -0.75181 -0.0508131 0.541919 0.563452  9.36694
1.74444e+09   0.0287621  -0.707229 -0.0468184 0.628052 0.563452  9.33823
1.74444e+09   0.0255663   -0.66824 -0.0409062 0.724951 0.588574  9.32029
1.74444e+09   0.0231695  -0.634205 -0.0348341 0.782373  0.60293  9.35259
1.74444e+09   0.0226901  -0.603526 -0.0287621  0.79314 0.610107   9.3813
1.74444e+09   0.0204531  -0.575403 -0.0252468 0.843384  0.60293  9.43513
1.74444e+09   0.0156594  -0.552712 -0.0215716 0.882861 0.610107  9.45308
1.74444e+09   0.0119842  -0.535295 -0.0198139 0.890039 0.610107  9.44949
1.74444e+09  0.00575243  -0.518038  -0.015979 0.958228 0.631641  9.40642
1.74444e+09  -0.000639159    -0.498224     -0.01518  1.01565 0.628052  9.46025
1.74444e+09  -0.00335558   -0.482245   -0.012943  1.14844 0.610107   9.6074
1.74444e+09  -0.00367516   -0.481286 -0.00910801  1.27046 0.545508  9.67559
1.74444e+09  -0.00495348   -0.496147 -0.00751011 1.41042 0.53833  9.7366
1.74444e+09  -0.00687096   -0.519476 -0.00862864  1.49297 0.588574  9.86221
1.74444e+09  -0.00575243   -0.543764 -0.00687096  1.55757 0.628052  9.87656
1.74444e+09  -0.00447411   -0.566135 -0.00399474  1.66165 0.613696  9.80837
1.74444e+09  -0.00255663   -0.580356 0.000798948  1.71907 0.606519  9.72224
1.74444e+09           0  -0.581155 0.00687096  1.72983 0.581396  9.68994
1.74444e+09  0.00383495  -0.574284  0.0156594  1.80161 0.574219  9.68994
1.74444e+09  0.00703075  -0.565815  0.0241282  1.78726 0.577808  9.69353
1.74444e+09  0.00814927  -0.558145  0.0373908  1.79084 0.574219  9.66841
1.74444e+09  0.00910801  -0.552233  0.0464988 2.02412 0.57063 9.62175
1.74444e+09  0.00719053  -0.540409  0.0511327  2.09231 0.584985  9.48896
1.74444e+09  0.00399474  -0.526028  0.0567253  2.14973 0.534741  9.40642
1.74444e+09  -0.00223706   -0.510848   0.0629571  2.22151 0.488086    9.349
1.74444e+09  -0.00862864   -0.498384   0.0650344  2.37942 0.502441   9.3813
1.74444e+09   -0.01518 -0.492791 0.0639159  2.44043 0.488086  9.40642
1.74444e+09  -0.0214118   -0.49407  0.0640757   2.4512 0.462964  9.49614
1.74444e+09  -0.0215716   -0.50142   0.067591  2.49067 0.498853  9.62175
1.74444e+09  -0.0169377  -0.511007  0.0679106 2.59834 0.50603 9.67559
1.74444e+09  -0.0139017  -0.520755  0.0637561  2.69165 0.516797  9.64688
1.74444e+09  -0.0111853   -0.52395  0.0588026  2.74907 0.491675  9.60022
1.74444e+09  -0.0105461  -0.521394  0.0530502 2.78137 0.44502 9.58945
1.74444e+09  -0.0111853   -0.51692  0.0464988  2.75625 0.409131  9.63611
1.74444e+09  -0.0127832  -0.514523  0.0474575  2.71677 0.387598  9.65405
1.74444e+09  -0.0139017   -0.51676  0.0509729  2.78496 0.455786  9.63252
1.74444e+09  -0.0102265  -0.524749  0.0540089  2.90698 0.516797  9.62893
1.74444e+09  -0.0046339  -0.533857  0.0548079  3.01465 0.513208  9.54998
1.74444e+09  -0.00015979   -0.539929   0.0517719  3.08643 0.498853  9.48538
1.74444e+09  0.00399474  -0.535615  0.0472977  3.10078 0.470142  9.42078
1.74444e+09  0.00479369  -0.526986  0.0417051  3.17974 0.427075  9.35977
1.74444e+09  0.00575243  -0.515162  0.0343548  3.22639 0.401953  9.28799
1.74444e+09  0.0062318 -0.499822  0.028123  3.22639 0.416309  9.19827
1.74444e+09  0.00846885  -0.479369  0.0244478   3.1905 0.423486  9.18391
1.74444e+09  0.0116646 -0.453004 0.0234891 3.20845 0.41272 9.13008
1.74444e+09  0.00990696  -0.421845  0.0218912  3.19768 0.416309  9.03677
1.74444e+09  0.00383495  -0.384933   0.022051  3.12231 0.423486  9.06907
1.74444e+09  0.00175769  -0.345785  0.0228499   3.1582 0.448608  9.10854
1.74444e+09  -0.00111853   -0.315265   0.0247674  3.20127 0.437842  9.04753
1.74444e+09  -0.00703075    -0.29609   0.0289219 3.21563 0.41272  8.9291
1.74444e+09  -0.0158192  -0.282029  0.0346744 3.16179 0.41272 8.82502
1.74444e+09  -0.0244478  -0.263014  0.0421845  3.08284 0.409131  8.73889
1.74444e+09  -0.0370712  -0.231375  0.0496946  3.01106 0.398364  8.75325
1.74444e+09  -0.046339 -0.191428 0.0535295  2.97876 0.448608  8.93628
1.74444e+09  -0.0509729  -0.154676  0.0548079  3.04336 0.423486  9.06548
1.74444e+09  -0.0544883  -0.129589  0.0509729  3.15103 0.416309  9.04753
1.74444e+09  -0.0557666  -0.113291  0.0456998  3.19409 0.401953  8.98293
1.74444e+09  -0.0549676  -0.102106  0.0412257  3.20486 0.398364  8.95063
1.74444e+09   -0.055447 -0.0925182  0.0365918  3.22639 0.387598  8.90398
1.74444e+09  -0.0581634 -0.0859668  0.0345146  3.18691 0.337354  8.85732
1.74444e+09  -0.0611994  -0.076699  0.0340352  3.11155 0.279932  8.87168
1.74444e+09  -0.0586428 -0.0599211  0.0354733  3.10078 0.279932  8.90039
1.74444e+09  -0.0514523  -0.034195  0.0337156  3.11155 0.312231  8.96858
1.74444e+09   -0.0417051 -0.00335558   0.0292415   3.1259 0.319409  8.99729
1.74444e+09  -0.0359527  0.0276436  0.0257261  3.13308 0.322998  8.98293
1.74444e+09  -0.0316384  0.0570449  0.0258859  3.10796 0.322998  8.96858
1.74444e+09   -0.03036 0.0859668 0.0300405  3.08643 0.301465  8.90039
1.74444e+09  -0.0322775    0.11393  0.0343548  3.09001 0.272754  8.81785
1.74444e+09  -0.0349939   0.140615  0.0396278  3.08643 0.247632  8.78914
1.74444e+09  -0.0348341   0.165862  0.0447411  3.06489 0.261987  8.82144
1.74444e+09  -0.0345146   0.190949  0.0469782  3.06489 0.265576  8.82861
1.74444e+09  -0.0338754   0.215396   0.050174  3.01824 0.308643   8.8322
1.74444e+09  -0.0338754   0.237927  0.0583232  2.95723 0.362476  8.87886
1.74444e+09  -0.039468  0.251349  0.070627   2.8675 0.384009  8.94346
1.74444e+09  -0.0492152   0.256462    0.08357  3.07207 0.319409  8.94705
1.74444e+09  -0.0613592   0.262055  0.0912399  3.14026 0.261987  8.94346
1.74444e+09  -0.0727043   0.273081  0.0993892  2.96799 0.276343   8.9291
1.74444e+09  -0.079735  0.293693  0.113291  2.77061 0.387598  9.02241
1.74444e+09  -0.0755805   0.324533   0.127352  2.74189 0.488086  9.19827
1.74444e+09  -0.0648746   0.365279   0.133584  2.93928 0.430664  9.17673
1.74444e+09  -0.0637561   0.410979   0.126074  3.17615 0.272754  8.97217
1.74444e+09  -0.0715858   0.459395   0.106899  3.34482 0.200977   8.8645
1.74444e+09  -0.0709466   0.508451  0.0851679 3.34841 0.25481 8.99729
1.74444e+09  -0.0559264   0.557506  0.0643952  3.25869 0.294287  9.20186
1.74444e+09  -0.0329167   0.608639   0.043303  3.18691 0.301465   9.4136
1.74444e+09  -0.0046339   0.663127  0.0234891  3.10078 0.283521  9.52126
1.74444e+09   0.0263653   0.728002 0.00367516    3.029 0.287109  9.55356
1.74444e+09   0.0549676    0.80502 -0.0177367 2.93569 0.25481 9.48179
1.74444e+09   0.0752609   0.895461 -0.0401072  2.83879 0.244043  9.32029
1.74444e+09  0.0870854  0.996608 -0.062318  2.69165 0.251221   9.2521
1.74444e+09   0.0976315    1.09648 -0.0800546   2.5481 0.265576  9.40642
1.74444e+09    0.116007    1.17046 -0.0963532  2.49426 0.251221  9.56792
1.74444e+09   0.135502   1.19906 -0.107219  2.44043 0.244043  9.63611
1.74444e+09   0.154357   1.18724 -0.112812  2.33994 0.290698  9.71147
1.74444e+09   0.168578   1.15272 -0.115208  2.17844 0.337354  9.71506
1.74444e+09   0.180722   1.11453 -0.113451  1.94875 0.351709  9.63611
1.74444e+09   0.188712   1.09408 -0.108178 1.67959 0.34812 9.49255
1.74444e+09   0.185995   1.09887 -0.100028  1.48579 0.322998  9.29517
1.74444e+09    0.169217    1.11917 -0.0920388  1.45708 0.373242  9.33464
1.74444e+09    0.154517    1.13099 -0.0901214  1.42478 0.434253  9.44949
1.74444e+09    0.148285    1.12316 -0.0888431   1.3853 0.491675  9.61099
1.74444e+09    0.145568    1.09136 -0.0853277  1.30994 0.488086  9.74019
1.74444e+09    0.143651    1.04343 -0.0798948  1.18074 0.495264  9.85862
1.74444e+09     0.13694   0.990856 -0.0719053  1.05872 0.509619  9.76172
1.74444e+09    0.122079   0.945635 -0.0629571 0.961816 0.534741  9.54998
1.74444e+09    0.101946   0.917992 -0.0538491 0.79314 0.50603  9.3813
1.74444e+09   0.0784567   0.911121 -0.0415453 0.642407 0.495264  9.30593
1.74444e+09   0.0576841   0.920868 -0.0297209 0.549097 0.523975  9.42078
1.74444e+09   0.0439422    0.93477 -0.0215716 0.498853 0.527563  9.65405
1.74444e+09   0.0428236   0.947393 -0.0210922 0.373242 0.523975  9.88733
1.74444e+09   0.0511327   0.957619 -0.0194943 0.269165 0.509619  10.0237
1.74444e+09   0.0589624   0.961774 -0.0188552 0.236865 0.455786  9.95193
1.74444e+09   0.0626375   0.958738 -0.0174171 0.154321 0.423486  9.81555
1.74444e+09    0.062318   0.960336 -0.0131028 0.0394775  0.427075     9.672
1.74444e+09    0.0572047     0.97264 -0.00687096 -0.0394775   0.423486    9.53203
1.74444e+09   0.0460194   0.997886 -0.0015979 -0.122021  0.452197    9.4782
1.74444e+09    0.0356331     1.02968 0.000798948 -0.240454  0.520386   9.57869
1.74444e+09    0.0317981     1.06228 0.000798948 -0.330176  0.599341   9.76172
1.74444e+09    0.0377104     1.09024 -0.00399474 -0.355298  0.592163   9.86938
1.74444e+09   0.0455401    1.11166 -0.0115049 -0.38042 0.574219  9.85862
1.74444e+09   0.0527306    1.12492 -0.0207727 -0.423486  0.556274   9.75813
1.74444e+09   0.0559264    1.13211 -0.0284426 -0.513208   0.57063   9.63252
1.74444e+09   0.0565655    1.13722 -0.0317981 -0.613696  0.592163   9.52485
1.74444e+09  0.0500142   1.14298 -0.033396 -0.764429  0.628052   9.51768
1.74444e+09   0.0449009    1.14745 -0.0306796 -0.922339  0.667529   9.62893
1.74444e+09   0.0429834    1.15368 -0.0306796 -1.08384 0.653174  9.68994
1.74444e+09   0.0391485    1.16455 -0.0359527 -1.24893 0.624463  9.66482
1.74444e+09  0.0332363   1.17893 -0.040267 -1.33147 0.599341    9.672
1.74444e+09   0.0239684    1.18979 -0.0413855 -1.38171 0.559863  9.59304
1.74444e+09  0.00399474    1.19698 -0.0385093 -1.47861 0.491675  9.44231
1.74444e+09  -0.0265251    1.21057 -0.0361125 -1.64011 0.509619  9.36335
1.74444e+09   -0.056246    1.23102 -0.0362723 -1.85544 0.541919  9.40283
1.74444e+09  -0.0838896    1.25563 -0.0340352 -2.04924 0.692651  9.41001
1.74444e+09   -0.105461    1.27241 -0.0217314 -2.17844 0.649585  9.36335
1.74444e+09   -0.123837    1.28375 -0.0126234 -2.26816 0.516797  9.29875
1.74444e+09   -0.140295    1.28279 -0.0162985 -2.39377 0.459375  9.28081
1.74444e+09   -0.149084    1.26154 -0.0204531 -2.49426 0.448608   9.3813
1.74444e+09  -0.147965   1.20897 -0.015979 -2.55168 0.455786   9.5428
1.74444e+09    -0.135342     1.12684 -0.00990696 -2.64141 0.455786  9.78325
1.74444e+09    -0.113291     1.02345 -0.00239684 -2.74189  0.44502  9.91963
1.74444e+09  -0.0870854   0.905848 0.00671117 -2.73472 0.448608  9.92322
1.74444e+09  -0.0635963   0.783129  0.0119842 -2.61628 0.477319  9.84426
1.74444e+09  -0.0450607    0.66121  0.0105461 -2.52297 0.441431  9.71506
1.74444e+09   -0.033396   0.551594 0.00575243  -2.5481 0.401953  9.58228
1.74444e+09  -0.0276436    0.46355 0.00271642 -2.67729 0.373242  9.49614
1.74444e+09  -0.0268447   0.398196 0.00271642 -2.85315 0.362476  9.43154
1.74444e+09  -0.0297209   0.355372 0.00655138 -2.98953 0.423486  9.40283
1.74444e+09  -0.0359527   0.325492  0.0103863 -3.01824 0.484497   9.4136
1.74444e+09  -0.0439422   0.303441  0.0092678 -3.03259 0.516797   9.4136
1.74444e+09    -0.05321   0.284585 0.00751011 -3.07925 0.527563  9.36335
1.74444e+09  -0.0650344   0.270364 0.00671117 -3.20486 0.520386   9.2844
1.74444e+09  -0.0784567    0.26557 0.00814927 -3.30176 0.531152  9.21621
1.74444e+09  -0.0886833   0.271802 0.00974717 -3.33765  0.53833  9.17673
1.74444e+09  -0.0977913   0.290018  0.0100667 -3.40583 0.567041  9.21621
1.74444e+09  -0.100827  0.319899 0.0062318  -3.5458 0.574219  9.30234
1.74444e+09  -0.0971521   0.354094 0.00543285 -3.60322  0.57063  9.35977
1.74444e+09  -0.0883637   0.383655 0.00175769 -3.53145 0.549097  9.35618
1.74444e+09   -0.0822917    0.398356 -0.00559264 -3.43096 0.534741  9.29158
1.74444e+09  -0.0792557   0.391644 -0.0150202 -3.39507 0.498853   9.2198
1.74444e+09  -0.0776578   0.366717 -0.0228499 -3.46326 0.448608  9.14084
1.74444e+09  -0.0770186    0.33428 -0.0231695 -3.53145  0.41272  9.09778
1.74444e+09  -0.0725445   0.302482 -0.0218912 -3.57092 0.405542  9.10496
1.74444e+09  -0.0648746   0.277235 -0.0193345 -3.59963 0.384009  9.11213
1.74444e+09  -0.0570449   0.260777  -0.015979 -3.62117 0.369653  9.10496
1.74444e+09  -0.0479369    0.25039 -0.0126234 -3.64629 0.333765  9.12649
1.74444e+09    -0.040267    0.238726 -0.00894822 -3.67141 0.294287  9.12649
1.74444e+09   -0.0362723    0.222108 -0.00687096 -3.72166 0.283521  9.11213
1.74444e+09   -0.0348341    0.201175 -0.00255663 -3.80061 0.240454  9.06907
1.74444e+09  -0.0356331   0.178805  0.0046339 -3.89751 0.218921  9.05112
1.74444e+09  -0.0351537   0.158511   0.012943 -3.88674 0.261987  9.04395
1.74444e+09  -0.0330765   0.142852  0.0164583 -3.8365 0.31582 9.04036
1.74444e+09  -0.0287621   0.134383  0.0166181 -3.84368 0.312231  9.07266
1.74444e+09  -0.021252  0.132625 0.0183758 -3.89392 0.297876  9.11572
1.74444e+09  -0.0153398   0.134703  0.0194943 -3.90828 0.297876  9.07266
1.74444e+09  -0.0142213   0.138697  0.0194943 -3.89751 0.294287  8.98293
1.74444e+09  -0.018216   0.14397 0.0194943 -3.86521 0.287109  8.88962
1.74444e+09  -0.028123  0.149403 0.0154996 -3.85085 0.319409  8.85732
1.74444e+09  -0.0380299     0.1518  0.0119842 -3.94058 0.376831  8.88245
1.74444e+09  -0.0455401    0.15196 0.00958738 -4.02671 0.430664  8.95422
1.74444e+09  -0.0464988   0.150682 0.00846885 -4.06619 0.466553  9.05471
1.74444e+09  -0.0425041   0.146208 0.00814927 -4.07336 0.470142  9.12649
1.74444e+09  -0.0361125   0.137579 0.00830906 -4.03389 0.462964  9.15161
1.74444e+09  -0.0306796   0.123038 0.00814927 -3.99441 0.419897  9.14084
1.74444e+09  -0.0236489   0.105142 0.00830906 -3.96211 0.366064  9.12649
1.74444e+09  -0.0170975  0.0883637  0.0100667 -3.96929 0.340942  9.11931
1.74444e+09  -0.0110255  0.0717456  0.0132625 -3.97288 0.366064  9.09778
1.74444e+09  -0.00719053   0.0567253   0.0131028 -3.92622 0.394775  9.07983
1.74444e+09  -0.00575243   0.0444215  0.00798948  -3.9011 0.419897  9.04395
1.74444e+09  -0.00511327   0.0327569  0.00127832 -3.91904  0.41272  9.04036
1.74444e+09  -0.00591222   0.0222108 -0.00415453 -3.94058 0.391187   9.0583
1.74444e+09  -0.00495348   0.0127832  -0.0062318 -3.99082 0.344531  9.08701
1.74444e+09  -0.00207727  0.00351537 -0.00431432   -3.998 0.297876  9.10854
1.74444e+09   0.00175769  -0.0076699 -0.00143811 -3.96929 0.258398  9.10854
1.74444e+09   0.00751011  -0.0222108 0.000639159  -3.9011 0.251221  9.08342
1.74444e+09   0.0118244 -0.0412257 0.00191748 -3.82214  0.25481  9.05471
1.74444e+09     0.015979  -0.0634365 0.000479369 -3.80779 0.258398  9.03677
1.74444e+09   0.0174171 -0.0861266         -0 -3.76831 0.279932  9.01523
1.74444e+09    0.0177367   -0.108657 -0.00415453 -3.70371 0.269165  8.99729
1.74444e+09    0.0148604   -0.131187 -0.00830906 -3.68936 0.251221  9.00806
1.74444e+09    0.012144  -0.154357 -0.0116646 -3.73242 0.247632  9.04395
1.74444e+09    0.0118244   -0.177047 -0.00958738  -3.8042 0.208154  9.10854
1.74444e+09    0.0135821   -0.202933 -0.00319579 -3.84368 0.208154   9.1552
1.74444e+09   0.0178964  -0.230736 0.00351537 -3.85444 0.240454  9.17314
1.74444e+09    0.021252  -0.259179 0.00894822 -3.80779 0.265576  9.20544
1.74444e+09  0.0266849   -0.2889 0.0103863 -3.72524 0.297876  9.22698
1.74444e+09   0.0308394  -0.321657 0.00751011 -3.63193 0.312231  9.24133
1.74444e+09    0.031159  -0.359047 0.00239684  -3.5458 0.312231  9.23416
1.74444e+09    0.0257261   -0.403948 -0.00239684 -3.47761 0.283521  9.19827
1.74444e+09    0.0169377   -0.451086 -0.00671117 -3.50273 0.247632  9.22698
1.74444e+09   0.00703075   -0.495668 -0.00559264 -3.50632 0.236865  9.22339
1.74444e+09  -0.00447411   -0.533857 -0.00207727 -3.49915 0.276343  9.23057
1.74444e+09  -0.0139017  -0.562939 0.00287621 -3.49556 0.312231  9.28081
1.74444e+09  -0.0217314  -0.581155 0.00782969 -3.49197  0.34812  9.33464
1.74444e+09  -0.0263653  -0.590103 0.00942759 -3.47761 0.373242  9.35977
1.74444e+09  -0.0324373  -0.591861 0.00878843 -3.43813  0.38042  9.37412
1.74444e+09   -0.039468  -0.590103 0.00543285 -3.40225 0.362476  9.39207
1.74444e+09  -0.0458596  -0.583392 0.00143811 -3.40225 0.312231  9.39565
1.74444e+09  -0.0496946  -0.569331 0.00111853 -3.42378 0.287109  9.42078
1.74444e+09  -0.0480967  -0.548878 0.00399474 -3.43096 0.301465  9.43513
1.74444e+09  -0.043303 -0.523631 0.0076699 -3.38071  0.31582  9.44949
1.74444e+09  -0.0351537  -0.492951 0.00862864 -3.30894 0.337354  9.39924
1.74444e+09  -0.0271642  -0.457158  0.0092678 -3.24075  0.34812  9.34182
1.74444e+09   -0.018216  -0.418489 0.00862864 -3.17615  0.31582  9.28799
1.74444e+09  -0.0119842  -0.378542 0.00719053 -3.10437 0.297876  9.21621
1.74444e+09  -0.00910801   -0.340512  0.00351537 -3.07925  0.25481  9.19109
1.74444e+09  -0.00862864   -0.307915  0.00367516 -3.09001 0.240454   9.1875
1.74444e+09  -0.00782969   -0.280431  0.00607201  -3.0613 0.240454  9.20186
1.74444e+09  -0.00575243   -0.259179   0.0076699 -2.98953 0.251221  9.21262
1.74444e+09  -0.00271642   -0.246555  0.00942759 -2.87827 0.247632  9.23416
1.74444e+09  -0.000639159     -0.24336   0.00862864 -2.76343 0.247632  9.20544
1.74444e+09  -0.00239684   -0.249432  0.00735032 -2.67729 0.247632  9.17673
1.74444e+09  -0.00862864   -0.261416  0.00639159 -2.63423 0.247632  9.14443
1.74444e+09  -0.0180562  -0.275637  0.0062318 -2.61628  0.22251  9.14443
1.74444e+09  -0.0290817  -0.290178 0.00719053   -2.645 0.200977  9.16238
1.74444e+09  -0.0391485    -0.3036  0.0111853 -2.68447 0.204565  9.22698
1.74444e+09  -0.0450607  -0.315585  0.0170975 -2.66653 0.233276   9.3167
1.74444e+09  -0.0456998  -0.326131  0.0228499  -2.645 0.25481 9.40283
1.74444e+09  -0.0418649  -0.332682  0.0263653 -2.59834 0.276343  9.45308
1.74444e+09  -0.0367516  -0.334919  0.0274838 -2.53733 0.305054  9.48896
1.74444e+09  -0.0317981  -0.335239  0.0263653 -2.48708 0.297876  9.53562
1.74444e+09  -0.0297209  -0.336038  0.0234891 -2.42607 0.287109   9.5751
1.74444e+09  -0.0279632  -0.344986  0.0214118 -2.39736 0.279932  9.57151
1.74444e+09  -0.0278034  -0.358248  0.0218912 -2.38301 0.287109   9.5751
1.74444e+09  -0.0258859  -0.374547  0.0236489 -2.35071 0.308643  9.59304
1.74444e+09  -0.0230097  -0.390846   0.025087 -2.30046 0.319409  9.61816
1.74444e+09  -0.0204531  -0.406984  0.0254066 -2.27534 0.333765  9.64329
1.74444e+09  -0.0178964  -0.423123  0.0244478 -2.22869 0.344531  9.64329
1.74444e+09  -0.0174171  -0.435746   0.022051 -2.17485 0.355298  9.63252
1.74444e+09  -0.0194943  -0.446452  0.0174171 -2.12102 0.358887  9.63252
1.74444e+09  -0.0215716  -0.455241  0.0137419 -2.07078 0.344531   9.6397
1.74444e+09  -0.0228499  -0.462431  0.0105461 -2.07078 0.330176  9.66482
1.74444e+09  -0.0218912  -0.468024 0.00974717 -2.07437 0.330176  9.72583
1.74444e+09  -0.0169377  -0.471539  0.0119842 -2.03848 0.330176  9.77966
1.74444e+09  -0.00958738   -0.476333   0.0126234 -1.95593 0.319409  9.78684
1.74444e+09  -0.00431432   -0.480328   0.0111853 -1.85186 0.330176   9.7689
1.74444e+09  -0.00207727   -0.487039  0.00639159 -1.77649 0.322998  9.71506
1.74444e+09   -0.003036  -0.494229 0.00191748  -1.7083 0.287109  9.65046
1.74444e+09  -0.00782969   -0.503497 -0.00111853 -1.65806 0.258398  9.62175
1.74444e+09   -0.0135821    -0.51628 -0.00127832 -1.65447 0.261987  9.65764
1.74444e+09  -0.0167779  -0.533218 0.00239684  -1.6437 0.244043  9.69353
1.74444e+09  -0.0183758  -0.552393 0.00782969  -1.5791 0.236865  9.72942
1.74444e+09  -0.0174171  -0.572367  0.0132625 -1.52886 0.236865  9.72583
1.74444e+09  -0.0175769  -0.587866  0.0175769 -1.45349 0.240454  9.69353
1.74444e+09  -0.0201335  -0.600969  0.0202933 -1.37095 0.233276  9.65764
1.74444e+09  -0.0233293  -0.612154  0.0214118 -1.29199 0.226099  9.65046
1.74444e+09  -0.027324 -0.622381 0.0206129 -1.23457 0.211743  9.64329
1.74444e+09  -0.0321177  -0.632288  0.0180562 -1.20227 0.215332  9.70071
1.74444e+09  -0.0361125  -0.642514  0.0164583 -1.16638 0.236865  9.77966
1.74444e+09  -0.0356331  -0.655617  0.0162985  -1.1269 0.244043  9.87656
1.74444e+09  -0.0308394  -0.671436  0.0161388 -1.05872 0.258398  9.95552
1.74444e+09  -0.0244478  -0.690291  0.0162985 -0.98335  0.25481  9.96628
1.74444e+09  -0.0186954  -0.710585  0.0161388 -0.925928  0.251221   9.95911
1.74444e+09  -0.0140615  -0.730079  0.0154996 -0.861328   0.25481   9.93757
1.74444e+09  -0.0105461  -0.749254   0.012943 -0.757251  0.240454   9.91245
1.74444e+09  -0.00910801   -0.768269   0.0113451 -0.674707  0.240454   9.94834
1.74444e+09  -0.0046339  -0.792557 0.00974717 -0.617285  0.272754   9.99858
1.74444e+09  0.000479369   -0.817963  0.00878843 -0.574219  0.290698   10.0094
1.74444e+09  0.00527306  -0.841612 0.00719053 -0.509619  0.305054   10.0165
1.74444e+09    0.012943  -0.863184 0.00559264 -0.423486  0.319409   10.0345
1.74444e+09    0.021252  -0.882678 0.00319579 -0.312231   0.31582   10.0165
1.74444e+09    0.0287621   -0.899136 -0.00143811 -0.233276  0.294287   9.95911
1.74444e+09   0.0351537   -0.91128 -0.0076699 -0.175854  0.283521   9.93398
1.74444e+09   0.0428236  -0.916713 -0.0131028 -0.129199  0.283521   9.92681
1.74444e+09   0.0520914  -0.920868 -0.0188552 -0.0358887   0.294287    9.94834
1.74444e+09   0.0611994  -0.923584 -0.0274838 0.100488 0.279932  9.92681
1.74444e+09   0.0682302  -0.928857 -0.0361125 0.168677 0.251221  9.88015
1.74444e+09   0.0727043  -0.931574 -0.0417051 0.179443 0.226099  9.81196
1.74444e+09   0.0695085  -0.924703 -0.0450607 0.211743 0.200977  9.67917
1.74444e+09    0.062318  -0.908404 -0.0442617 0.265576 0.218921  9.57151
1.74444e+09   0.0517719  -0.884116 -0.0410659 0.337354 0.236865  9.46743
1.74444e+09   0.0396278  -0.852478 -0.0353135 0.398364 0.258398  9.42437
1.74444e+09   0.0290817  -0.815247 -0.0284426 0.495264 0.269165  9.43513
1.74444e+09   0.0207727  -0.778655 -0.0210922 0.606519  0.25481   9.4459
1.74444e+09   0.0123038  -0.744939 -0.0153398 0.724951 0.244043  9.46025
1.74444e+09  0.00751011  -0.719693 -0.0111853 0.857739 0.269165  9.55356
1.74444e+09  0.00559264  -0.703714 -0.0100667 0.965405  0.25481  9.55715
1.74444e+09           0  -0.692209 -0.0092678  1.03359 0.251221  9.49255
1.74444e+09   -0.0076699    -0.68406 -0.00846885  1.05513 0.261987  9.48896
1.74444e+09    -0.012144   -0.674153 -0.00671117  1.04795 0.258398  9.53562
1.74444e+09   -0.0142213   -0.661369 -0.00415453  1.05513 0.236865  9.59304
1.74444e+09   -0.0131028   -0.648267 -0.00143811  1.13767 0.229688  9.66123
1.74444e+09  -0.012943 -0.640277 0.0015979  1.23098 0.208154  9.67559
1.74444e+09  -0.0110255   -0.63788 0.00543285  1.32429 0.215332  9.69712
1.74444e+09  -0.0102265  -0.641076 0.00798948 1.43555 0.22251 9.65046
1.74444e+09  -0.0105461  -0.647148 0.00958738 1.52168 0.22251 9.58945
1.74444e+09  -0.0118244  -0.652261 0.00974717  1.56116 0.215332   9.5105
1.74444e+09  -0.0175769  -0.651622 0.00942759  1.59346 0.218921  9.42078
1.74444e+09  -0.0210922  -0.644272 0.00990696  1.59705 0.269165  9.41719
1.74444e+09  -0.0193345  -0.631489  0.0111853  1.66165 0.297876  9.52485
1.74444e+09  -0.0156594  -0.618066  0.0105461  1.76931 0.279932  9.54639
1.74444e+09  -0.0156594     -0.608  0.0103863   1.8375 0.236865  9.51768
1.74444e+09  -0.0162985  -0.601768  0.0102265  1.94158 0.233276  9.53562
1.74444e+09  -0.0172573  -0.599211 0.00878843  2.04565 0.240454  9.52485
1.74444e+09  -0.0201335   -0.59985 0.00862864  2.11384 0.269165  9.46743
1.74444e+09  -0.0234891  -0.605603 0.00671117  2.24304 0.276343  9.45667
1.74444e+09   -0.024288  -0.614231 0.00383495   2.2897 0.287109  9.46025
1.74444e+09  -0.0223706  -0.624298 0.00287621  2.29329 0.247632  9.43513
1.74444e+09  -0.0252468  -0.637081 0.00351537    2.322 0.258398  9.46025
1.74444e+09  -0.0282828  -0.651462 0.00351537 2.36865 0.25481 9.49973
1.74444e+09  -0.0282828  -0.667441 0.00447411  2.43325 0.276343  9.57869
1.74444e+09  -0.0266849  -0.684539 0.00543285  2.5158 0.25481 9.54998
1.74444e+09  -0.0255663  -0.701956 0.00703075  2.57322 0.251221  9.49255
1.74444e+09  -0.0236489  -0.717296 0.00543285  2.63423 0.240454  9.42795
1.74444e+09   -0.021252  -0.729759 0.00335558  2.69883 0.240454  9.39565
1.74444e+09    -0.0204531    -0.741424 -0.000319579  2.76702 0.226099  9.37412
1.74444e+09   -0.0210922    -0.75245 -0.00127832  2.82444 0.244043  9.39565
1.74444e+09   -0.0215716   -0.763795 -0.00175769 2.90339 0.22251 9.41001
1.74444e+09     -0.024288    -0.776418 -0.000319579 3.02183 0.22251  9.4136
1.74444e+09  -0.0257261  -0.787124         -0  3.11873 0.204565  9.34182
1.74444e+09   -0.0255663   -0.795753 0.000958738  3.21563 0.204565  9.30234
1.74444e+09  -0.0231695  -0.799747 0.00015979  3.29458 0.186621  9.21262
1.74444e+09   -0.0207727   -0.796551 -0.00143811  3.32688 0.150732  9.08342
1.74444e+09    -0.021252   -0.783609 -0.00239684  3.32688 0.143555  9.06189
1.74444e+09   -0.0218912   -0.760119 -0.00367516  3.38789 0.147144  9.09419
1.74444e+09   -0.0223706   -0.735831 -0.00255663  3.46326 0.168677  9.13367
1.74444e+09   -0.0209324   -0.710744 -0.00127832  3.58528 0.147144  9.13726
1.74444e+09     -0.019015    -0.687415 -0.000798948   3.7073 0.147144  9.11572
1.74444e+09    -0.015979   -0.661369 -0.00143811  3.80061 0.143555   9.0583
1.74444e+09   -0.0147006   -0.636602 -0.00271642  3.87239 0.150732  8.97935
1.74444e+09   -0.0148604   -0.612634 -0.00415453  3.92981 0.132788  8.86091
1.74444e+09   -0.0209324   -0.585469 -0.00591222   3.9334 0.111255  8.81785
1.74444e+09   -0.0241282   -0.555589 -0.00591222  3.98364 0.154321  8.85732
1.74444e+09   -0.0236489   -0.523791 -0.00655138  4.05901 0.179443  8.85374
1.74444e+09   -0.0222108   -0.491034 -0.00814927  4.14155 0.193799  8.87527
1.74444e+09  -0.0198139  -0.460833 -0.0116646  4.20256 0.179443  8.87527
1.74444e+09   -0.019015  -0.437824 -0.0150202 4.24563 0.19021 8.85015
1.74444e+09  -0.0172573  -0.419927 -0.0169377  4.26716 0.200977  8.75325
1.74444e+09  -0.0175769  -0.406026 -0.0167779  4.28152 0.161499  8.67788
1.74444e+09  -0.0175769  -0.396598 -0.0148604  4.28511 0.165088  8.66353
1.74444e+09  -0.0147006  -0.389567 -0.0127832  4.30664 0.172266  8.65994
1.74444e+09  -0.0118244  -0.383655 -0.0111853 4.36047 0.19021 8.67788
1.74444e+09  -0.00671117   -0.376464  -0.0111853  4.37842 0.179443  8.69583
1.74444e+09  -0.00287621   -0.368795  -0.0108657  4.42507 0.136377  8.65635
1.74444e+09  -0.00495348   -0.360805  -0.0137419  4.45378 0.143555  8.61687
1.74444e+09  -0.00719053   -0.349939  -0.0162985   4.4502 0.154321  8.56304
1.74444e+09  -0.00782969   -0.333161  -0.0158192   4.4179 0.165088   8.4769
1.74444e+09  -0.00559264   -0.306956  -0.0150202 4.38201 0.19021 8.43743
1.74444e+09  -0.00287621   -0.270524  -0.0124636 4.31741 0.15791 8.39077
1.74444e+09    -0.003036   -0.226422 -0.00894822  4.29587 0.154321  8.38718
1.74444e+09   -0.0046339   -0.181201 -0.00495348  4.33894 0.186621  8.39795
1.74444e+09  -0.00271642   -0.137579 -0.00191748  4.39995 0.208154  8.44102
1.74444e+09  0.00143811 -0.0966727         -0  4.43225 0.218921  8.43384
1.74444e+09   0.00399474  -0.0608799 0.000319579  4.45378 0.197388  8.31541
1.74444e+09  0.00511327 -0.0290817 0.00111853   4.4502 0.193799  8.23286
1.74444e+09  0.00527306 0.00015979 0.00223706  4.4179 0.15791 8.16826
1.74444e+09  0.00383495  0.0308394 0.00431432 4.34612 0.15791 8.16467
1.74444e+09  0.00527306  0.0655138 0.00703075 4.28152 0.19021 8.22927
1.74444e+09  0.0103863  0.105781 0.0092678  4.25281 0.204565  8.28669
1.74444e+09  0.0153398  0.150841 0.0100667  4.26716 0.226099  8.32617
1.74444e+09   0.0183758   0.196541 0.00782969    4.321 0.240454  8.29387
1.74444e+09   0.0180562   0.240164 0.00239684  4.33894 0.258398  8.29028
1.74444e+09    0.0172573     0.28107 -0.00447411  4.33894 0.279932  8.36206
1.74444e+09    0.0175769    0.315904 -0.00878843  4.29946 0.236865  8.35129
1.74444e+09    0.0142213    0.345945 -0.00990696  4.22769 0.211743  8.32976
1.74444e+09  0.00942759   0.374547 -0.0076699  4.14873 0.186621  8.36565
1.74444e+09   0.00655138    0.406345 -0.00575243  4.10925 0.208154   8.4769
1.74444e+09    0.0076699    0.444375 -0.00399474   4.1272 0.226099  8.56304
1.74444e+09    0.0139017    0.490075 -0.00607201  4.16667 0.247632  8.64199
1.74444e+09   0.0246076   0.542326 -0.0132625   4.1595 0.265576  8.72454
1.74444e+09   0.0391485   0.598572 -0.0217314  4.14514 0.251221  8.72095
1.74444e+09    0.050174   0.654658 -0.0308394  4.08054 0.233276  8.58457
1.74444e+09   0.0503337   0.706909 -0.0369114  4.00159 0.165088  8.50562
1.74444e+09  0.0447411  0.750532 -0.039468  3.92981 0.139966  8.58457
1.74444e+09   0.0418649   0.780253 -0.0399474  3.89751 0.186621  8.75325
1.74444e+09   0.0477771   0.801505 -0.0415453 3.89751 0.22251 8.85374
1.74444e+09   0.0580036   0.822597 -0.0482565  3.88315 0.226099  8.99729
1.74444e+09    0.070627   0.846086 -0.0559264  3.78984 0.236865   9.0583
1.74444e+09   0.0822917   0.869895 -0.0621582  3.70012 0.229688  9.01523
1.74444e+09    0.086606   0.893064 -0.0663127  3.59963 0.200977  8.91475
1.74444e+09   0.0803742    0.91176 -0.0655138  3.47761 0.197388  8.91833
1.74444e+09  0.0701477  0.917992 -0.061519  3.35918 0.186621  9.02241
1.74444e+09   0.0635963   0.908244 -0.0541687  3.27664 0.208154  9.13367
1.74444e+09   0.0596015   0.888111 -0.0466586  3.23357 0.244043  9.24133
1.74444e+09   0.0589624   0.871653 -0.0420247  3.13667 0.269165  9.27722
1.74444e+09   0.0604005    0.87357 -0.0393083  3.02542 0.290698  9.29517
1.74444e+09   0.0663127   0.895621 -0.0373908 2.91775 0.31582  9.3167
1.74444e+09   0.0669519   0.924703 -0.0345146  2.81367 0.272754  9.25569
1.74444e+09   0.0568851   0.940362 -0.0290817  2.77778 0.269165  9.30593
1.74444e+09   0.0472977   0.928218 -0.0231695  2.78855 0.305054   9.3813
1.74444e+09   0.0391485   0.893863 -0.0175769  2.72395 0.333765  9.49973
1.74444e+09   0.0404268   0.851998 -0.0126234  2.60911 0.355298  9.62893
1.74444e+09    0.0469782    0.817963 -0.00894822 2.55168 0.31582 9.61458
1.74444e+09   0.0503337   0.809335 -0.0127832  2.42249 0.322998  9.52844
1.74444e+09   0.0552872   0.832344 -0.0164583  2.2251 0.38042  9.4782
1.74444e+09   0.0544883    0.87357 -0.0154996  2.14255 0.398364  9.39565
1.74444e+09  0.0420247  0.907765  -0.01518  2.11743 0.387598  9.40642
1.74444e+09   0.0284426   0.914796 -0.0119842 2.10308 0.38042 9.43872
1.74444e+09     0.015979     0.89626 -0.00942759  2.09949 0.405542  9.49614
1.74444e+09   0.00447411    0.863823 -0.00735032  2.01335 0.441431  9.55356
1.74444e+09  -0.000639159     0.829948  -0.00671117  1.85903 0.434253  9.60381
1.74444e+09  -0.00255663    0.811252  -0.0062318  1.69036 0.405542  9.56074
1.74444e+09   -0.0046339    0.815726 -0.00431432  1.55398 0.394775  9.43154
1.74444e+09  -0.00814927    0.841772 -0.00255663  1.46067 0.391187  9.35977
1.74444e+09   -0.0226901    0.875488 -0.00175769  1.37454 0.355298  9.33464
1.74444e+09  -0.0365918   0.895621 0.00367516  1.31353 0.387598  9.42078
1.74444e+09  -0.0429834   0.898817 0.00798948  1.28123 0.427075  9.56433
1.74444e+09  -0.0442617   0.885714  0.0100667   1.2238 0.452197  9.72224
1.74444e+09  -0.0373908   0.865581  0.0111853  1.15203 0.437842  9.82273
1.74444e+09  -0.0278034   0.845926 0.00862864  1.10537 0.401953  9.78325
1.74444e+09  -0.0186954   0.835061 0.00223706  1.05513 0.366064  9.72224
1.74444e+09   -0.0115049    0.830587 -0.00479369 0.976172 0.344531  9.65764
1.74444e+09  -0.00511327    0.826113 -0.00751011 0.879272  0.34812  9.62175
1.74444e+09  -0.00223706    0.817484  -0.0102265  0.79314 0.391187  9.71147
1.74444e+09  0.00287621   0.802783 -0.0131028 0.671118 0.437842  9.82632
1.74444e+09   0.0107059   0.787923 -0.0172573 0.563452 0.466553  9.96628
1.74444e+09    0.024288   0.777696 -0.0228499 0.462964 0.484497  10.0596
1.74444e+09   0.0375506   0.776897 -0.0287621 0.394775 0.470142  10.0129
1.74444e+09  0.0450607  0.781531 -0.036432 0.355298 0.437842  9.82632
1.74444e+09   0.0444215   0.791598 -0.0409062 0.305054 0.423486  9.65405
1.74444e+09    0.034195   0.802943 -0.0418649 0.226099 0.405542  9.53203
1.74444e+09   0.0206129   0.810134 -0.0383495 0.122021 0.430664   9.5428
1.74444e+09   0.0100667   0.810773 -0.0327569 0.0358887  0.455786   9.59663
1.74444e+09  0.000639159    0.804541  -0.0297209        0 0.459375  9.66482
1.74444e+09  -0.0062318   0.794954 -0.0249272 -0.0968994   0.462964    9.72942
1.74444e+09  -0.0131028   0.786165 -0.0194943 -0.211743   0.44502   9.77607
1.74444e+09  -0.0193345   0.784887  -0.012943 -0.337354  0.430664   9.74736
1.74444e+09   -0.0270045        0.79 -0.00527306 -0.455786  0.398364   9.71506
1.74444e+09    -0.036432    0.800227 0.000958738 -0.563452  0.373242   9.69353
1.74444e+09  -0.0458596   0.811732 0.00527306 -0.606519  0.387598   9.75813
1.74444e+09  -0.0520914   0.819242 0.00639159 -0.617285  0.430664   9.77607
1.74444e+09  -0.0552872   0.821798 0.00415453 -0.635229  0.459375   9.81555
1.74444e+09  -0.0564058   0.817644         -0 -0.660352  0.448608   9.84426
1.74444e+09  -0.0573645   0.809015 -0.0046339 -0.735718  0.419897   9.82632
1.74444e+09   -0.0586428     0.79751 -0.00431432 -0.861328   0.38042   9.75813
1.74444e+09  -0.0599211   0.791278 0.00127832 -1.01924 0.355298  9.71147
1.74444e+09  -0.0572047   0.789361  0.0102265 -1.13408 0.322998  9.74019
1.74444e+09  -0.0500142   0.786485  0.0174171  -1.1269 0.322998  9.78325
1.74444e+09  -0.0405866    0.77514  0.0188552 -1.07307 0.362476  9.79761
1.74444e+09  -0.0314786    0.75996  0.0170975 -1.11255 0.409131  9.76531
1.74444e+09  -0.0239684   0.747975  0.0132625 -1.21663 0.459375  9.79043
1.74444e+09  -0.0158192   0.743501  0.0118244 -1.38171 0.452197   9.8335
1.74444e+09  -0.00415453    0.745579   0.0126234 -1.51091 0.409131  9.80479
1.74444e+09  0.00639159    0.75245  0.0113451  -1.5791 0.394775  9.77966
1.74444e+09   0.0137419   0.759161 0.00830906 -1.55039  0.38042  9.72224
1.74444e+09   0.0172573   0.761078 0.00223706 -1.52886 0.387598  9.68994
1.74444e+09   0.0194943   0.754047 -0.0046339  -1.5791 0.430664  9.71865
1.74444e+09    0.0226901    0.739826 -0.00990696 -1.66523 0.462964  9.72942
1.74444e+09   0.0257261   0.720172 -0.0158192 -1.74778 0.502441  9.70071
1.74444e+09   0.0286024   0.699399 -0.0209324 -1.84468 0.498853  9.64688
1.74444e+09    0.031159   0.682462 -0.0254066 -1.96311 0.488086  9.61099
1.74444e+09  0.0346744  0.670957 -0.028123 -2.10308  0.47373  9.58228
1.74444e+09   0.0348341   0.661369 -0.0284426 -2.19998 0.455786  9.56433
1.74444e+09   0.0338754   0.651782 -0.0279632 -2.29329 0.441431  9.62175
1.74444e+09   0.0343548    0.63852 -0.0255663 -2.35071 0.441431  9.63611
1.74444e+09   0.0338754   0.624618 -0.0254066 -2.41172 0.448608  9.58945
1.74444e+09   0.0346744   0.612793 -0.0225303 -2.44761 0.452197  9.57151
1.74444e+09   0.0362723   0.600809 -0.0196541  -2.4835 0.434253  9.53921
1.74444e+09   0.0393083   0.589624 -0.0164583 -2.50862 0.409131   9.4782
1.74444e+09    0.043303   0.576361 -0.0139017 -2.52656 0.384009  9.40642
1.74444e+09   0.0480967   0.564697 -0.0135821 -2.53374 0.373242  9.38848
1.74444e+09   0.0528904   0.554151 -0.0153398  -2.5158 0.391187  9.37771
1.74444e+09   0.0567253   0.540888 -0.0223706 -2.47632 0.409131    9.349
1.74444e+09   0.0597613    0.52395 -0.0313188 -2.50503 0.394775  9.33105
1.74444e+09   0.0621582   0.502219 -0.0373908 -2.59475  0.38042  9.28081
1.74444e+09   0.0605603   0.477132 -0.0413855 -2.67012 0.366064  9.18032
1.74444e+09   0.0528904   0.451406 -0.0423443 -2.82444 0.312231  9.05112
1.74444e+09   0.0377104   0.436386 -0.0409062 -3.00029 0.290698  8.99011
1.74444e+09   0.0194943   0.434788 -0.0361125 -3.14385 0.305054  8.99011
1.74444e+09  0.00287621   0.446452 -0.0298807 -3.29817 0.319409  9.05471
1.74444e+09  -0.0111853   0.464668 -0.0225303 -3.39866 0.340942  9.13008
1.74444e+09  -0.0204531    0.47873 -0.0148604 -3.43455 0.319409  9.18032
1.74444e+09  -0.0265251   0.484962 -0.0107059 -3.40583 0.305054  9.17314
1.74444e+09   -0.0338754    0.482884 -0.00894822 -3.35559 0.290698  9.10854
1.74444e+09   -0.0418649    0.475854 -0.00814927 -3.38071 0.265576  9.04395
1.74444e+09   -0.0506533    0.468024 -0.00431432  -3.4489 0.269165  9.07266
1.74444e+09   -0.0559264    0.461473 -0.00127832 -3.47402 0.301465  9.13367
1.74444e+09   -0.0570449    0.456359 0.000958738 -3.47402 0.326587  9.19109
1.74444e+09  -0.0543285   0.449329 0.00271642 -3.47402 0.344531  9.27722
1.74444e+09  -0.047138  0.434628 0.0046339 -3.43096 0.344531  9.30593
1.74444e+09  -0.0385093   0.410659   0.003036 -3.34124 0.333765  9.29158
1.74444e+09  -0.0313188   0.374547         -0  -3.2874 0.312231  9.27004
1.74444e+09   -0.0258859    0.329167 -0.00271642 -3.28022 0.322998  9.26646
1.74444e+09    -0.022051    0.276756 -0.00415453 -3.33765 0.358887  9.32029
1.74444e+09   -0.0193345    0.225463 -0.00271642 -3.44531 0.394775   9.4136
1.74444e+09   -0.0127832    0.178485 0.000958738 -3.50991 0.409131  9.53203
1.74444e+09  -0.00351537     0.13694  0.00479369 -3.50273  0.41272  9.58586
1.74444e+09  0.00511327  0.0997088 0.00671117  -3.5135 0.423486  9.56433
1.74444e+09   0.0102265  0.0680704 0.00687096 -3.49556 0.419897  9.52126
1.74444e+09   0.0110255  0.0412257 0.00383495 -3.45249 0.416309   9.4782
1.74444e+09   0.00830906   0.0174171 -0.00111853 -3.50991  0.44502   9.5105
1.74444e+09  0.00830906 -0.0046339  -0.003036  -3.6427 0.462964  9.62893
1.74444e+09    0.0135821  -0.0254066 -0.00415453 -3.76472 0.466553  9.76531
1.74444e+09    0.0244478  -0.0503337 -0.00239684 -3.79343 0.470142  9.81914
1.74444e+09   0.0381897 -0.0824515         -0 -3.69653 0.448608  9.76172
1.74444e+09  0.0516121 -0.124636        -0 -3.5458 0.41272 9.68276
1.74444e+09    0.064555  -0.183439 -0.0015979 -3.35559 0.376831  9.66123
1.74444e+09    0.0733435   -0.266849 -0.00239684 -3.16538 0.340942  9.64688
1.74444e+09  0.0806938 -0.375506        -0 -3.01465 0.333765  9.62893
1.74444e+09   0.0888431   -0.50174 0.00223706 -2.90339 0.344531  9.65764
1.74444e+09   0.0974717  -0.631169 0.00223706 -2.82803 0.366064  9.69712
1.74444e+09   0.107219 -0.744939        -0 -2.87827 0.391187  9.74736
1.74444e+09     0.116487   -0.825633 -0.00367516 -2.94646 0.427075  9.79402
1.74444e+09     0.125595   -0.871812 -0.00782969 -3.01106 0.466553   9.8335
1.74444e+09     0.134383   -0.893384 -0.00782969 -3.07207 0.480908  9.91963
1.74444e+09     0.143811   -0.905208 -0.00527306 -3.08643 0.448608  9.94834
1.74444e+09     0.153877   -0.917832 -0.00207727 -3.02183 0.419897  9.91245
1.74444e+09     0.160748   -0.933651 -0.00111853 -2.93928 0.416309  9.82991
1.74444e+09      0.165542    -0.952027 -0.000639159 -2.86392 0.434253  9.72224
1.74444e+09     0.168738   -0.969124 -0.00335558 -2.77061 0.488086   9.6397
1.74444e+09     0.169057   -0.981268 -0.00878843 -2.74907 0.559863  9.62534
1.74444e+09   0.173372 -0.983346 -0.012144 -2.76702 0.599341  9.64329
1.74444e+09    0.181841   -0.97232 -0.0135821 -2.75984 0.610107  9.69712
1.74444e+09     0.19734  -0.951707 -0.0132625 -2.74189 0.595752  9.77249
1.74444e+09   0.218432  -0.92678 -0.012144 -2.70601 0.595752  9.82991
1.74444e+09     0.244318   -0.904729 -0.00894822 -2.60552 0.606519  9.88374
1.74444e+09     0.274359   -0.891147 -0.00719053 -2.46914 0.620874  9.88015
1.74444e+09     0.305678   -0.884915 -0.00878843 -2.35789 0.624463  9.91963
1.74444e+09   0.335239 -0.882039  -0.01518  -2.2574 0.638818   9.8658
1.74444e+09    0.359687   -0.88156 -0.0233293 -2.15332 0.710596   9.8335
1.74444e+09    0.380619  -0.882998 -0.0325971 -2.07437 0.789551  9.80837
1.74444e+09    0.401072   -0.88092 -0.0441019 -2.01694 0.861328  9.83708
1.74444e+09    0.421525  -0.868936 -0.0578439 -1.92722 0.893628  9.82632
1.74444e+09    0.438942  -0.852957 -0.0688693 -1.80161 0.929517  9.80837
1.74444e+09    0.455401  -0.844488 -0.0760599 -1.70471 0.915161  9.75454
1.74444e+09    0.468184  -0.846406 -0.0792557 -1.67959 0.900806  9.70071
1.74444e+09    0.475214  -0.853756 -0.0778176 -1.68318 0.925928  9.65405
1.74444e+09    0.476812  -0.859189 -0.0707868 -1.65806 0.968994  9.61458
1.74444e+09    0.474416  -0.855514 -0.0666323 -1.62576  1.03718  9.65405
1.74444e+09    0.474895  -0.840174 -0.0624778 -1.58628   1.0946  9.70071
1.74444e+09    0.481286  -0.814608 -0.0618386 -1.54321  1.13767  9.72942
1.74444e+09    0.495668  -0.781691 -0.0627973 -1.47861  1.15562   9.8335
1.74444e+09    0.518198  -0.742383 -0.0656736 -1.38889  1.14844  9.84067
1.74444e+09   0.543764 -0.697322 -0.073663 -1.26328   1.1269  9.80479
1.74444e+09    0.567094  -0.649545 -0.0840494 -1.1269 1.11255 9.72224
1.74444e+09   0.583871 -0.598732 -0.096513 -1.02283  1.14126  9.68994
1.74444e+09   0.596495 -0.543445 -0.109136 -0.925928   1.18792   9.66123
1.74444e+09   0.607361  -0.48608 -0.119523 -0.839795   1.23098    9.6397
1.74444e+09   0.617427 -0.427917 -0.129749 -0.818262   1.29558   9.66123
1.74444e+09   0.628133 -0.373109  -0.13662 -0.775195    1.3207   9.61458
1.74444e+09   0.637401 -0.323894 -0.140295 -0.753662   1.35659   9.57151
1.74444e+09   0.646349 -0.279472 -0.141414 -0.753662   1.37095   9.54998
1.74444e+09   0.652901 -0.241602 -0.139177 -0.735718   1.38171   9.48538
1.74444e+09   0.655138 -0.207247  -0.13678 -0.699829   1.43196   9.47102
1.74444e+09   0.652102 -0.175769 -0.131028 -0.631641   1.50015   9.41719
1.74444e+09   0.644432 -0.150202 -0.123358 -0.549097   1.58269   9.39924
1.74444e+09   0.638839 -0.126234 -0.114569 -0.502441   1.62217   9.44231
1.74444e+09   0.635164 -0.105301 -0.104023 -0.409131   1.61499   9.37412
1.74444e+09    0.632288 -0.0899616 -0.0937965 -0.326587   1.62935   9.32388
1.74444e+09   0.628453 -0.080534 -0.082771 -0.269165   1.62576   9.28081
1.74444e+09    0.621422 -0.0782969 -0.0722249 -0.215332   1.69395    9.2198
1.74444e+09    0.610397 -0.0803742 -0.0616788 -0.208154   1.82314   9.19109
1.74444e+09    0.596495 -0.0818123 -0.0528904 -0.261987   1.93799   9.19468
1.74444e+09    0.584351  -0.080534 -0.0426638 -0.340942     1.999   9.21262
1.74444e+09    0.567094  -0.076699 -0.0322775 -0.330176   2.06001   9.13726
1.74444e+09    0.543125  -0.071426 -0.0241282 -0.305054   2.12102   9.00088
1.74444e+09    0.512126 -0.0651942 -0.0154996 -0.326587   2.19639   8.93987
1.74444e+09     0.479369   -0.055447 -0.00335558 -0.376831    2.2897   8.95422
1.74444e+09    0.447251 -0.0410659  0.0100667 -0.480908   2.41531   9.07983
1.74444e+09    0.425999 -0.0196541  0.0255663 -0.53833  2.54451   9.2521
1.74444e+09    0.416891 0.00719053  0.0396278 -0.513208   2.62705   9.33823
1.74444e+09   0.411778 0.0380299 0.0461792 -0.409131   2.68447   9.35977
1.74444e+09   0.415134 0.0637561 0.0441019 -0.301465   2.74189   9.34541
1.74444e+09    0.41817   0.08357 0.0337156 -0.183032   2.77419   9.27004
1.74444e+09   0.418809 0.0950749 0.0188552 -0.0861328    2.80291    9.18391
1.74444e+09     0.413855   0.0973119 0.000639159 -0.0143555    2.87827    9.04036
1.74444e+09     0.40283   0.093477 -0.0193345 0.0287109   2.96799   8.98652
1.74444e+09    0.394041  0.0859668 -0.0378702 -0.00358887     3.08643     9.09778
1.74444e+09    0.397716  0.0800546 -0.0519316 -0.136377   3.18691     9.349
1.74444e+09    0.411139   0.076699 -0.0631169 -0.247632   3.24792    9.5105
1.74444e+09    0.427278  0.0738228 -0.0743022 -0.272754   3.31611   9.49614
1.74444e+09    0.439262  0.0677508 -0.0880441 -0.186621   3.35559   9.35259
1.74444e+09    0.44038 0.0536893 -0.105461 -0.0143555    3.36277    9.09778
1.74444e+09   0.427917 0.0314786 -0.125595 0.150732  3.40225  8.85732
1.74444e+09    0.406345 0.00239684  -0.146687 0.240454  3.46326  8.67429
1.74444e+09     0.37966 -0.0257261  -0.166341 0.172266  3.51709  8.64558
1.74444e+09    0.357769 -0.0490554  -0.179124 -0.0394775    3.56733     8.7353
1.74444e+09     0.34195 -0.0647148  -0.183279 -0.251221   3.59246    8.8322
1.74444e+09    0.329966 -0.0730239  -0.183279 -0.373242   3.63193   8.84297
1.74444e+09    0.317342 -0.0754207  -0.184397 -0.387598   3.64629   8.77478
1.74444e+09    0.300884 -0.0735032  -0.185196 -0.405542     3.675   8.77119
1.74444e+09    0.285544 -0.0661529  -0.186475 -0.416309   3.72166   8.81067
1.74444e+09    0.270364 -0.0538491  -0.184078 -0.567041   3.52068   8.77119
1.74444e+09    0.180722 0.00878843  -0.132306 -0.484497   3.76831   8.65635
1.74444e+09    0.15931 0.0317981 -0.123038 -0.0287109    3.60322    8.88245
1.74444e+09   0.170496 0.0308394 -0.147006 0.168677  3.84727  8.61328
1.74444e+09   0.148285 0.0317981 -0.158991 -0.150732    3.4489   8.51638
1.74444e+09   0.112971 0.0520914 -0.146687 -0.0574219    3.75037    8.64558
1.74444e+09   0.129909 0.0335558 -0.157712 -0.172266   3.73601   8.83938
1.74444e+09   0.117126 0.0381897 -0.152599 -0.495264   3.82214   8.92192
1.74444e+09   0.107379 0.0458596 -0.141094 -0.581396   3.82573   9.16238
1.74444e+09   0.112652  0.052411 -0.135821 -0.41272  3.96929  9.32388
1.74444e+09   0.139177 0.0325971 -0.154517 -0.283521   3.95852   9.25569
1.74444e+09   0.147646 0.0148604 -0.171454 -0.272754   3.87598   9.11572
1.74444e+09   0.140615 -0.003036 -0.178645 -0.265576   3.79702   8.85732
1.74444e+09       0.1061 -0.00415453   -0.169537 -0.229688   3.80779   8.75684
1.74444e+09    0.105781 -0.0327569  -0.171614 -0.0502441    3.90828    8.79631
1.74444e+09    0.095714 -0.0551274  -0.178006 -0.251221   3.86521   8.80349
1.74444e+09    0.080534 -0.0634365  -0.178165 -0.251221   3.90828   8.87168
1.74444e+09  0.0787763 -0.074462 -0.188232 -0.172266   3.90469   8.82502
1.74444e+09   0.0637561 -0.0808536  -0.199418 -0.172266   3.86521   8.59893
1.74444e+09   0.0461792 -0.0829308  -0.211082 -0.150732   3.88674   8.54868
1.74444e+09   0.0405866 -0.0883637  -0.221309 -0.391187   3.86521   8.54509
1.74444e+09   0.0266849 -0.0782969  -0.216355 -0.656763    3.8365    8.6061
1.74444e+09   0.0238087 -0.0656736  -0.209005 -0.742896   3.85803   8.72454
1.74444e+09   0.0228499 -0.0496946  -0.202294 -0.768018   3.87957   8.71736
1.74444e+09   0.0249272 -0.0302002  -0.200856 -0.714185   3.88315    8.6707
1.74444e+09    0.0204531 -0.00703075   -0.202613 -0.674707   3.86521   8.56304
1.74444e+09  0.00942759  0.0162985  -0.206928 -0.656763   3.82214   8.45178
1.74444e+09  -0.0147006   0.037231  -0.210283 -0.671118    3.8042   8.27952
1.74444e+09  -0.0426638  0.0556068  -0.213319 -0.771606   3.76113   8.15032
1.74444e+09  -0.0806938  0.0806938  -0.208366 -1.00488  3.76831  8.06418
1.74444e+09  -0.117765  0.118724  -0.19015 -1.29199  3.79343  8.21133
1.74444e+09   -0.14413  0.170016 -0.157553 -1.62935  3.84368   8.4769
1.74444e+09  -0.166021  0.230417 -0.112652 -1.80161   3.8042  8.56663
1.74444e+09   -0.194144   0.292096 -0.0679106 -1.76572  3.76472  8.51638
1.74444e+09   -0.230736   0.352975 -0.0292415 -1.56833  3.69294   8.4446
1.74444e+09     -0.274838     0.411299 -0.000479369 -1.33147  3.62834  8.29387
1.74444e+09  -0.323414   0.46355 0.0214118 -1.13767  3.59963   8.1575
1.74444e+09  -0.370233  0.506373 0.0399474   -1.03 3.58528  8.1575
1.74444e+09  -0.411139  0.532259  0.056246 -0.922339   3.56375   8.24722
1.74444e+09  -0.442617  0.543445 0.0679106 -0.825439   3.57451   8.45537
1.74444e+09  -0.458277  0.541048  0.080534 -0.875684    3.5781   8.74966
1.74444e+09  -0.462911  0.535295 0.0955542 -0.990527   3.52068   8.89321
1.74444e+09  -0.467864  0.535136   0.10658 -0.997705    3.5135   8.90039
1.74444e+09  -0.477611  0.546321  0.113131 -0.997705   3.51709   8.88245
1.74444e+09  -0.484322    0.5623  0.116487 -1.04795  3.54221  9.00088
1.74444e+09  -0.483204  0.566934  0.120481 -1.16638  3.55657  9.24851
1.74444e+09  -0.474735  0.553352  0.125115 -1.29199  3.58528  9.55356
1.74444e+09  -0.460993  0.522672  0.133584 -1.34583  3.54221  9.65046
1.74444e+09  -0.454442  0.487358  0.139496 -1.28123  3.47761  9.54639
1.74444e+09  -0.454921  0.457318  0.142532 -1.17356  3.43096  9.33464
1.74444e+09  -0.461952  0.438463  0.143811 -1.10178  3.33047  9.06548
1.74444e+09  -0.477771  0.436705   0.14445 -1.21663  3.25151  8.87527
1.74444e+09  -0.497425  0.451246  0.146048 -1.48938  3.24434  8.90039
1.74444e+09  -0.511806  0.474575  0.156274 -1.75496  3.22639  9.06189
1.74444e+09  -0.520275  0.492472  0.169217 -1.80879  3.20845  9.20186
1.74444e+09  -0.526028  0.487678  0.180403 -1.65806  3.16897  9.27004
1.74444e+09  -0.530661  0.458596  0.183279 -1.47144  3.06489   9.2198
1.74444e+09  -0.536893  0.415134  0.180083 -1.35659  2.98235  9.08701
1.74444e+09  -0.545362  0.370552  0.174171 -1.40325  2.87468  9.03677
1.74444e+09  -0.552553  0.340512  0.171614 -1.65447  2.75625  9.06548
1.74444e+09  -0.553991  0.339553  0.181841 -2.09949  2.69883  9.16238
1.74444e+09  -0.546321  0.371032  0.204371 -2.4512 2.72754 9.35618
1.74444e+09  -0.530981   0.42552  0.225623 -2.47273  2.73472  9.48179
1.74444e+09  -0.514363  0.480008  0.236169 -2.21433  2.69524  9.52126
1.74444e+09  -0.494869  0.515961  0.233612 -1.86262  2.60911  9.49973
1.74444e+09  -0.479369  0.522512  0.217154 -1.57192  2.52297  9.40283
1.74444e+09  -0.467225  0.505095  0.194784 -1.47502  2.41531   9.2521
1.74444e+09  -0.46323 0.474575  0.17497 -1.54321  2.31841  9.10137
1.74444e+09  -0.467704  0.445334  0.158671 -1.71189  2.27534  8.97217
1.74444e+09  -0.480807  0.429355  0.150682 -1.95952  2.21792  8.86091
1.74444e+09  -0.50158 0.429355 0.148125 -2.11743  2.21433  8.83938
1.74444e+09  -0.522512  0.438463  0.149723 -2.21792  2.21792  8.90039
1.74444e+09  -0.538331  0.445334  0.155316 -2.31482  2.17485  9.00806
1.74444e+09  -0.549676    0.4407  0.163305 -2.35789  2.10667   9.0906
1.74444e+09  -0.557826  0.420247  0.173532 -2.35071  2.02771  9.17673
1.74444e+09  -0.564058  0.385413  0.181521 -2.50144  1.92363  9.28081
1.74444e+09  -0.571248  0.347702  0.196381 -2.75625   1.8375  9.39207
1.74444e+09  -0.571887  0.316703  0.217474 -2.9967 1.78367 9.49973
1.74444e+09  -0.56949 0.298487 0.244478 -3.17256  1.78008  9.58228
1.74444e+09  -0.560542  0.297688  0.269885 -3.08284  1.75854   9.6074
1.74444e+09  -0.54728 0.309672 0.284106 -2.83879  1.71548  9.53203
1.74444e+09  -0.538651  0.327249  0.285544 -2.6127 1.63652 9.43154
1.74444e+09  -0.541048   0.34163  0.279632 -2.49426  1.52168  9.28081
1.74444e+09  -0.553831  0.347063  0.275477 -2.50862  1.43555  9.20186
1.74444e+09  -0.574284   0.34163  0.275318 -2.63423  1.42119   9.1875
1.74444e+09  -0.597773  0.328048  0.280111 -2.73472  1.46067  9.19468
1.74444e+09  -0.618706  0.317662  0.291137 -2.75625  1.45708  9.14802
1.74444e+09  -0.643793  0.324852  0.306157 -2.80649  1.36377  9.05112
1.74444e+09  -0.675591   0.35681  0.321497 -2.85674  1.17715  8.90039
1.74444e+09  -0.722729  0.414494  0.331404  -2.9321 0.972583  8.67429
1.74444e+09  -0.778495  0.477931  0.336677 -2.96082  1.11255  8.59893
1.74444e+09  -0.826592  0.518677  0.353455 -2.98953 0.958228  8.67429
1.74444e+09  -0.85056 0.528105  0.37231 -2.97158 0.911572  8.90039
1.74444e+09  -0.855993  0.515481  0.384933 -2.98594  0.95105   9.1552
1.74444e+09  -0.848643  0.497106   0.40267 -3.05771 0.907983  9.37053
1.74444e+09  -0.837937   0.48592  0.426479 -3.18691 0.832617  9.52485
1.74444e+09  -0.830107  0.477452  0.447571 -3.25151  0.72854  9.61816
1.74444e+09  -0.826272  0.464668  0.462751 -3.25869 0.681885  9.63611
1.74444e+09  -0.82068 0.442138 0.473297  -3.2228 0.746484  9.71865
1.74444e+09  -0.801825  0.406345  0.480807 -3.03618 0.897217  9.92322
1.74444e+09  -0.769707  0.361604  0.475694 -2.68447  1.04436  10.1098
1.74444e+09  -0.732156  0.316703  0.457638 -2.42249  1.09819  10.2283
1.74444e+09  -0.693487  0.275797  0.436705  -2.322 1.08743 10.2785
1.74444e+09  -0.66057 0.237288 0.413056 -2.28252  1.03359  10.2713
1.74444e+09  -0.635004  0.195583  0.385572 -2.29688 0.965405  10.1924
1.74444e+09  -0.609917  0.147646  0.360805 -2.37583 0.879272  10.1063
1.74444e+09  -0.583871  0.092678  0.345465 -2.49785 0.753662  10.0022
1.74444e+09  -0.556228  0.027324  0.346104 -2.68447 0.642407   9.9627
1.74444e+09   -0.526667 -0.0437824   0.359687 -2.79214 0.584985  10.0237
1.74444e+09  -0.495827 -0.112013  0.368635 -2.76343 0.531152  10.0381
1.74444e+09  -0.470421 -0.168738  0.373588 -2.74548 0.484497  9.95552
1.74444e+09  -0.450926 -0.211562  0.377423 -2.74189 0.394775  9.80479
1.74444e+09  -0.437504 -0.245597  0.377743 -2.74907 0.322998  9.63611
1.74444e+09  -0.432391 -0.270684  0.375026 -2.81367  0.25481  9.40642
1.74444e+09  -0.437025 -0.282987  0.375985 -2.94646 0.179443  9.20903
1.74444e+09  -0.449648 -0.282668   0.38733 -3.14026 0.111255  9.08342
1.74444e+09  -0.464509 -0.269565  0.404108  -3.31252 0.0717773   9.11213
1.74444e+09   -0.47841 -0.244958  0.416092  -3.33047 0.0574219   9.23057
1.74444e+09    -0.4864 -0.213479  0.418329  -3.21921 0.0394775   9.30593
1.74444e+09  -0.490075 -0.183279  0.412896    -3.1259 -0.0107666    9.32029
1.74444e+09  -0.489116  -0.15947  0.410979  -3.05771 -0.132788   9.27363
1.74444e+09  -0.488797 -0.140136  0.416572  -3.02183 -0.312231   9.12649
1.74444e+09  -0.491193 -0.124157  0.430633  -3.05413 -0.452197   9.01165
1.74444e+09  -0.499822 -0.112971   0.44789   -3.1582 -0.516797   8.91833
1.74444e+09  -0.515322 -0.110255  0.464988  -3.33047 -0.498853   8.87527
1.74444e+09  -0.533218 -0.110734  0.476493  -3.33047 -0.434253   9.00806
1.74444e+09  -0.54664 -0.11409 0.474735  -3.13308 -0.401953   9.11572
1.74444e+09  -0.552872 -0.120801  0.464668  -2.93928 -0.416309   9.14802
1.74444e+09  -0.551914 -0.133584  0.451246  -2.81367 -0.448608   9.13367
1.74444e+09  -0.545522 -0.150042  0.441179  -2.75984 -0.534741   9.05112
1.74444e+09  -0.542486 -0.167619   0.43319  -2.74907 -0.631641    8.8968
1.74444e+09  -0.546481 -0.181201  0.425839  -2.84956 -0.685474   8.80708
1.74444e+09   -0.55495 -0.190309  0.418489  -3.03618 -0.685474   8.81785
1.74444e+09  -0.560542 -0.194943  0.412737   -3.0613 -0.660352   8.93628
1.74444e+09  -0.558465  -0.19782  0.401232  -2.88545 -0.628052   9.02959
1.74444e+09  -0.552553 -0.198619  0.381258  -2.74548 -0.628052   9.05112
1.74444e+09  -0.544244 -0.198459  0.359207  -2.66294 -0.667529   9.00088
1.74444e+09  -0.537852   -0.1975  0.338115  -2.59475 -0.768018   8.86091
1.74444e+09  -0.536733 -0.198459  0.320378  -2.64858 -0.846973   8.74966
1.74444e+09  -0.542166 -0.198139  0.308714  -2.85674 -0.861328   8.69941
1.74444e+09  -0.548878 -0.194144  0.308714  -3.02183 -0.868506   8.81426
1.74444e+09  -0.549037 -0.185516   0.30376 -2.93928 -0.85415  9.04753
1.74444e+09  -0.540249 -0.176088  0.286343 -2.78137 -0.85415  9.19109
1.74444e+09  -0.529383 -0.163784   0.25854  -2.73472 -0.915161   9.23057
1.74444e+09  -0.520435 -0.148285  0.232015 -2.69165 -1.00488  9.21262
1.74444e+09  -0.514043 -0.132785  0.210123 -2.63423 -1.09819  9.14084
1.74444e+09  -0.509729 -0.119203  0.190789 -2.59475 -1.14844  9.05471
1.74444e+09  -0.505734 -0.112013  0.174331 -2.58398 -1.16279  9.01523
1.74444e+09  -0.498544 -0.107858  0.159949 -2.61628 -1.16997  9.13367
1.74444e+09  -0.490714 -0.105621  0.141893 -2.62705  -1.2238  9.27004
1.74444e+09  -0.484003 -0.101626  0.122718 -2.59475 -1.31353  9.38848
1.74444e+09    -0.47825 -0.0973119   0.101147  -2.5158 -1.42478  9.42078
1.74444e+09   -0.473776 -0.0944357  0.0778176 -2.44402 -1.51809  9.45308
1.74444e+09   -0.466905 -0.0989098  0.0538491 -2.37942 -1.54321  9.49973
1.74444e+09   -0.45556 -0.111853 0.0297209 -2.33276  -1.5468   9.5105
1.74444e+09   -0.441499  -0.132306 0.00575243 -2.30046 -1.55039  9.54998
1.74444e+09   -0.426798  -0.152759 -0.0199737 -2.24304 -1.58269  9.63252
1.74444e+09  -0.411938 -0.171614 -0.049375 -2.15691 -1.65806  9.74019
1.74444e+09   -0.393402  -0.190789 -0.0821319 -2.10667 -1.71548  9.90527
1.74444e+09  -0.369593 -0.213319 -0.116327 -2.02771 -1.76572  9.98423
1.74444e+09  -0.344666 -0.241602 -0.149563 -1.94875 -1.83391  10.0058
1.74444e+09  -0.317023 -0.273081 -0.179444  -1.9344 -1.84109  9.95911
1.74444e+09  -0.297848 -0.305678 -0.205649 -1.92004  -1.8698  9.94475
1.74444e+09  -0.283307 -0.341151 -0.233932 -1.98823  -1.9021  9.99141
1.74444e+09  -0.270364 -0.375666 -0.259019  -2.0959 -1.94875  10.1385
1.74444e+09  -0.253267 -0.406984 -0.279153 -2.09949 -2.00977  10.2534
1.74444e+09  -0.237607 -0.433829 -0.300724 -1.99182  -2.0959  10.2211
1.74444e+09   -0.22035 -0.460993 -0.327409 -1.83032 -2.16409  10.2031
1.74444e+09   -0.19782 -0.494549 -0.359207 -1.65806 -2.14973  10.1278
1.74444e+09  -0.172093 -0.535136 -0.390047  -1.5145 -2.14973  10.0022
1.74444e+09  -0.143331 -0.580835 -0.419128 -1.42837 -2.13179   9.8981
1.74444e+09  -0.114409 -0.625577 -0.441339 -1.44631 -2.15691  9.86938
1.74444e+09  -0.0885235  -0.664725  -0.458596 -1.48938 -2.25381  9.84426
1.74444e+09  -0.0720651  -0.695884  -0.473457 -1.50374 -2.35071  9.81196
1.74444e+09  -0.0655138  -0.719693  -0.490394 -1.46067 -2.40095  9.75095
1.74444e+09  -0.0677508  -0.739187   -0.50925 -1.37454 -2.38301  9.66123
1.74444e+09  -0.073663 -0.757882 -0.533378 -1.22739 -2.35789   9.5428
1.74444e+09  -0.0789361   -0.78265  -0.561501 -1.06948 -2.31482  9.46025
1.74444e+09  -0.0786165  -0.819401  -0.588665 -0.990527  -2.28252    9.5105
1.74444e+09  -0.0701477  -0.866539  -0.610876 -0.922339  -2.26458   9.59304
1.74444e+09  -0.0556068  -0.922146   -0.63037 -0.857739  -2.27534   9.66123
1.74444e+09  -0.0370712  -0.974717  -0.650983 -0.807495  -2.31123   9.71506
1.74444e+09  -0.0186954   -1.01882  -0.673993 -0.750073  -2.34712   9.74736
1.74444e+09  -0.00143811    -1.05078   -0.697961 -0.660352   -2.3866   9.66841
1.74444e+09  0.00942759   -1.07586  -0.724646 -0.488086  -2.38301   9.48538
1.74444e+09  0.0161388  -1.09568 -0.752929 -0.369653  -2.37224    9.3167
1.74444e+09  0.0202933  -1.11693 -0.777856 -0.301465   -2.3543     9.349
1.74444e+09  0.0302002   -1.1417 -0.800227 -0.240454  -2.36865   9.51409
1.74444e+09  0.0477771  -1.16471 -0.821798 -0.150732  -2.39377   9.68276
1.74444e+09  0.0701477  -1.17861 -0.846406 -0.0107666   -2.43325     9.7689
1.74444e+09   0.092678  -1.17334 -0.877245 0.122021 -2.46555  9.80837
1.74444e+09    0.11361  -1.14409 -0.914157  0.22251 -2.50144   9.7689
1.74444e+09   0.133584   -1.0944 -0.955382 0.301465 -2.49067  9.70789
1.74444e+09   0.155316  -1.03368 -0.992294 0.358887 -2.47991  9.62175
1.74444e+09   0.181361 -0.968485  -1.02217 0.441431 -2.44761  9.53562
1.74444e+09   0.214118 -0.902332  -1.04375 0.567041 -2.41172  9.49973
1.74444e+09    0.25087 -0.839535   -1.0626 0.732129 -2.37583  9.52485
1.74444e+09   0.286982 -0.780413  -1.08273 0.829028 -2.36147  9.54639
1.74444e+09   0.316543 -0.723528  -1.10558 0.807495 -2.33276  9.62893
1.74444e+09   0.337955 -0.667282  -1.12827  0.72854 -2.30046  9.66123
1.74444e+09    0.35681 -0.611515  -1.14441 0.656763 -2.25381  9.61458
1.74444e+09   0.38014 -0.56198 -1.14969 0.689063 -2.18921  9.48179
1.74444e+09   0.408902 -0.522193  -1.14521 0.868506 -2.07437  9.32747
1.74444e+09   0.438942 -0.486879  -1.13898 0.997705 -1.94875  9.23416
1.74444e+09   0.461473 -0.447571  -1.13051  1.00488 -1.88774  9.15879
1.74444e+09   0.465947 -0.401232  -1.11789 0.893628 -1.85186  9.12649
1.74444e+09  0.454761 -0.34978 -1.10047 0.746484 -1.80161  9.16597
1.74444e+09   0.432551 -0.300085  -1.07714 0.631641  -1.7406  9.20186
1.74444e+09   0.403469 -0.262375  -1.05158 0.656763 -1.61499  9.21262
1.74444e+09   0.380939 -0.247834  -1.02457 0.875684 -1.45708  9.16238
1.74444e+09   0.367037 -0.255184  -1.00348  1.26328 -1.22739  9.14443
1.74444e+09   0.360645 -0.279153 -0.988938  1.60063 -1.06948  9.12649
1.74444e+09   0.348341 -0.304399 -0.977593  1.70112 -1.06948  9.14443
1.74444e+09   0.323095 -0.312708 -0.965609  1.52168 -1.16997  9.20544
1.74444e+09   0.287621 -0.295291 -0.948991  1.28481 -1.25969  9.33823
1.74444e+09   0.251189 -0.255024  -0.92694  1.14126 -1.30635  9.44949
1.74444e+09   0.221309 -0.198459 -0.910322  1.18792 -1.25969   9.5751
1.74444e+09   0.202613 -0.135981 -0.909043  1.39966 -1.17715  9.72583
1.74444e+09    0.200856 -0.0784567  -0.925342  1.64011 -1.04436  9.80479
1.74444e+09    0.215876 -0.0367516  -0.945795   1.92722 -0.954639   9.79043
1.74444e+09    0.241282 -0.0135821  -0.966248   2.10308 -0.911572   9.76172
1.74444e+09      0.26605 -0.00495348   -0.978871   2.03848 -0.976172   9.67917
1.74444e+09     0.278354 0.000639159   -0.979351  1.84827 -1.08384  9.62534
1.74444e+09   0.283307 0.0105461 -0.968006  1.72266 -1.13767  9.66123
1.74444e+09    0.28139 0.0276436 -0.959217  1.86262 -1.07307  9.77607
1.74444e+09   0.283786  0.043303 -0.961454    2.1282 -0.882861   9.90168
1.74444e+09   0.299606 0.0517719 -0.970882   2.41531 -0.678296   9.98423
1.74444e+09   0.325172 0.0456998 -0.979351   2.54451 -0.480908   9.98064
1.74444e+09   0.354573 0.0282828 -0.977753    2.5158 -0.462964   10.0094
1.74444e+09    0.370552 0.00974717  -0.960815   2.30764 -0.613696   9.92322
1.74444e+09      0.37199 -0.00415453   -0.926301   2.03848 -0.671118   9.87656
1.74444e+09    0.369434 -0.0105461  -0.883477   1.88057 -0.599341   9.89451
1.74444e+09    0.359687 -0.0100667  -0.845607   1.95952 -0.541919   9.81555
1.74444e+09     0.341151 -0.00751011   -0.819881  2.08154 -0.44502  9.84067
1.74444e+09    0.32693 -0.012943   -0.8055   2.14973 -0.290698   9.93757
1.74444e+09    0.324373 -0.0385093  -0.794474   2.22869 -0.129199   9.91245
1.74444e+09    0.330605 -0.0850081  -0.785686   2.29329 -0.104077   9.85862
1.74444e+09   0.337316 -0.142053 -0.774341  2.13896 -0.22251  9.78325
1.74444e+09   0.335558  -0.18967 -0.751011   1.85186 -0.279932   9.80837
1.74444e+09   0.327569 -0.215556 -0.720332   1.72625 -0.236865   9.87656
1.74444e+09   0.317822 -0.222108 -0.688214   1.72983 -0.186621   9.91604
1.74444e+09    0.31143 -0.212201  -0.66105   1.88416 -0.139966    9.8981
1.74444e+09    0.30392 -0.199418 -0.641556     2.0636 -0.0466553    9.79043
1.74444e+09   0.302642 -0.195263 -0.628613  2.20356 0.118433  9.66482
1.74444e+09    0.31143 -0.205809 -0.614391  2.26458 0.208154  9.49614
1.74444e+09   0.320218 -0.229618 -0.596335  2.16768 0.122021   9.3167
1.74444e+09   0.323734 -0.254225 -0.569011 1.8698     -0 9.2844
1.74444e+09  0.320858 -0.26557 -0.53178    1.59705 0.00358887    9.34541
1.74444e+09   0.311909 -0.258859 -0.487199   1.49656 0.0358887   9.33464
1.74444e+09   0.297369  -0.23521 -0.445973   1.53962 0.0287109   9.29875
1.74444e+09  0.284266 -0.19734  -0.4105   1.68318 0.0466553   9.20903
1.74444e+09   0.271802 -0.154357 -0.377903   1.85186 0.0968994   9.10137
1.74444e+09   0.257901  -0.12144 -0.350419  1.98823 0.186621  8.94346
1.74444e+09   0.247994   -0.1061 -0.327569   2.0313 0.387598  8.90039
1.74444e+09   0.241922 -0.104822 -0.310471  2.08513 0.606519  8.95422
1.74444e+09   0.232814  -0.10626 -0.299925  2.19639 0.724951  8.95781
1.74444e+09   0.220829  -0.09875 -0.293534  2.28611 0.739307  9.06907
1.74444e+09    0.209964 -0.0821319  -0.287462  2.33635 0.710596  9.17314
1.74444e+09    0.198299 -0.0588026  -0.278673 2.32559 0.69624 9.23057
1.74444e+09    0.188871 -0.0367516  -0.263493  2.24663 0.667529  9.16238
1.74444e+09    0.177846 -0.0180562  -0.244638  2.14973 0.631641  9.17673
1.74444e+09     0.170815 -0.00447411   -0.228339  2.08872 0.717773   9.3167
1.74444e+09    0.169697 0.00431432  -0.219231  2.10308 0.875684  9.50332
1.74444e+09   0.181681  0.012144 -0.217314  2.13538 0.958228    9.672
1.74444e+09    0.19766 0.0246076 -0.218912   2.2251 0.958228  9.65405
1.74444e+09   0.208046 0.0447411 -0.221628  2.29688 0.925928  9.59304
1.74444e+09   0.209165 0.0669519 -0.222587   2.3543 0.864917  9.48538
1.74444e+09   0.206928 0.0875647  -0.22019  2.41172 0.846973  9.42078
1.74444e+09   0.208845  0.104822 -0.215876   2.3543 0.832617  9.39565
1.74444e+09   0.216994  0.120002 -0.208366  2.24663 0.882861  9.37771
1.74444e+09   0.224984  0.131028 -0.202613  2.19639 0.997705  9.39207
1.74444e+09   0.232814  0.136301 -0.199577 2.19998 1.08025 9.46025
1.74444e+09   0.239205  0.138538 -0.198619 2.23228  1.0946 9.52485
1.74444e+09   0.242401  0.140775 -0.198938 2.30405 1.05872 9.50332
1.74444e+09   0.244798   0.14413 -0.198619 2.29688 1.03718 9.44949
1.74444e+09   0.245916  0.153078 -0.192387  2.17485 0.958228  9.38489
1.74444e+09   0.246396  0.165063 -0.181361  2.06719 0.882861  9.29158
1.74444e+09    0.24336  0.178485 -0.169057    1.999 0.904395  9.28081
1.74444e+09   0.240004  0.186475 -0.157073 1.98105 1.04436 9.39565
1.74444e+09   0.239365  0.185676 -0.150202 2.07078 1.18433 9.52126
1.74444e+09   0.245757  0.178006 -0.148604 2.21792 1.28481 9.63252
1.74444e+09   0.254545  0.168578 -0.151321 2.30405 1.33147 9.62893
1.74444e+09   0.260937  0.160269 -0.153877 2.29329 1.32788 9.47102
1.74444e+09   0.262694  0.156115 -0.153718 2.22151 1.27405 9.34182
1.74444e+09    0.26589  0.157233 -0.148604 2.11384 1.23098 9.31311
1.74444e+09   0.269725  0.164264 -0.140455   1.999 1.27405 9.34182
1.74444e+09   0.272441  0.174011 -0.131507 1.87698 1.34941 9.40642
1.74444e+09  0.272921 0.185676  -0.1216 1.80161 1.43196 9.49614
1.74444e+09   0.269246  0.198619 -0.115528 1.87339 1.50015 9.48538
1.74444e+09  0.260617 0.206928 -0.11377 1.95234 1.53962 9.38848
1.74444e+09   0.253426  0.211402 -0.110894 1.91646  1.5468 9.30593
1.74444e+09    0.25071  0.216355 -0.102745 1.81956 1.53245 9.34541
1.74444e+09    0.254705   0.225303 -0.0936367 1.78726 1.53962 9.37053
1.74444e+09    0.263973   0.239525 -0.0883637 1.76213 1.58987 9.46743
1.74444e+09    0.277075    0.25838 -0.0840494 1.72625 1.65447 9.51768
1.74444e+09    0.287941   0.278513 -0.0848483 1.72983  1.7083 9.54639
1.74444e+09   0.299925  0.297369 -0.086606 1.69036 1.74778 9.59304
1.74444e+09     0.31159   0.313987 -0.0899616 1.68677 1.74419 9.55356
1.74444e+09    0.317981   0.329646 -0.0939563 1.66523  1.7406 9.44231
1.74444e+09    0.320059   0.346104 -0.0953944 1.59346 1.76931 9.35618
1.74444e+09    0.316863    0.36464 -0.0968325  1.5468  1.8375 9.31311
1.74444e+09    0.313507   0.382377 -0.0968325 1.50374 1.92004 9.30593
1.74444e+09    0.315585   0.397716 -0.0945955 1.40684 1.98823  9.3813
1.74444e+09    0.322615   0.413056 -0.0912399 1.36377 2.02412 9.41001
1.74444e+09    0.329486   0.429035 -0.0880441 1.32788 2.02771 9.43513
1.74444e+09    0.338754    0.44821 -0.0830906 1.29199 2.01335 9.44231
1.74444e+09    0.346104   0.465308 -0.0771784 1.27764 1.98464 9.40283
1.74444e+09   0.350738  0.479049 -0.070627 1.21304 2.01335 9.37412
1.74444e+09    0.353774   0.488637 -0.0621582 1.11973 2.07437 9.32388
1.74444e+09   0.350579  0.496147 -0.052411 1.00847  2.1605 9.29517
1.74444e+09    0.344986   0.506853 -0.0444215 0.925928  2.26458  9.31311
1.74444e+09   0.339713  0.521074 -0.036432 0.904395  2.30405  9.26646
1.74444e+09    0.334759    0.53913 -0.0298807 0.882861  2.32559  9.20186
1.74444e+09    0.330285   0.565496 -0.0210922 0.843384  2.35071  9.11213
1.74444e+09    0.322775   0.597294 -0.0100667 0.768018  2.36865   9.0583
1.74444e+09     0.31175   0.627334 0.00287621 0.671118  2.40454   9.1229
1.74444e+09   0.301044  0.649385 0.0169377 0.631641  2.45837   9.1229
1.74444e+09    0.28874  0.663287 0.0282828 0.60293 2.53733 9.11572
1.74444e+09   0.276915  0.672874 0.0417051 0.491675  2.60193  9.18391
1.74444e+09   0.269246  0.684699 0.0552872 0.38042 2.61628 9.23416
1.74444e+09   0.264771  0.703873 0.0693487 0.297876  2.60552  9.28081
1.74444e+09   0.261256  0.730239 0.0819721 0.25481 2.60193 9.24133
1.74444e+09   0.255024  0.758841 0.0942759 0.204565  2.63064  9.27004
1.74444e+09  0.252148 0.785366  0.10642 0.136377  2.66294  9.37053
1.74444e+09  0.249591 0.802144 0.118884 0.129199  2.71677  9.37771
1.74444e+09  0.245916 0.808056 0.130708 0.161499  2.81367  9.41001
1.74444e+09  0.244318 0.803582 0.142053 0.136377  2.85674  9.44949
1.74444e+09  0.244159 0.795433 0.154037 0.0753662   2.85315   9.41001
1.74444e+09  0.240803 0.791119  0.16682 0.0717773   2.84238   9.27004
1.74444e+09  0.231375 0.790479 0.177686 0.0789551   2.84238   9.09419
1.74444e+09  0.213639 0.792717 0.185995 0.0753662   2.81726   8.95422
1.74444e+09  0.186475 0.788562 0.192387 0.0502441   2.87109   8.85732
1.74444e+09  0.156594 0.777217 0.199577 -0.0933105    2.94646    8.91833
1.74444e+09  0.135342 0.762197 0.213479 -0.333765   2.98594   9.13008
1.74444e+09   0.12176 0.748135 0.232334 -0.534741   2.98235   9.29158
1.74444e+09  0.109776 0.734234  0.25071 -0.642407   2.97517   9.32029
1.74444e+09  0.0974717  0.719852  0.270045 -0.699829   2.92852   9.26287
1.74444e+09  0.0845287  0.710105  0.289699 -0.757251   2.87109   9.20544
1.74444e+09  0.0677508  0.705471  0.307116 -0.811084   2.83879   9.11213
1.74444e+09  0.0468184  0.708028  0.323254 -0.864917   2.83162   9.00447
1.74444e+09  0.015979 0.715538 0.340512 -0.907983   2.88545     9.026
1.74444e+09  -0.0135821   0.723368   0.357769 -0.976172   2.93569   9.14443
1.74444e+09  -0.0354733   0.731198   0.375985 -1.05872  2.95005  9.32029
1.74444e+09  -0.0485761    0.73695   0.392603 -1.06948  2.94287  9.43154
1.74444e+09  -0.0565655   0.739187   0.406026 -1.01565  2.90698  9.41001
1.74444e+09  -0.0643952   0.734713   0.415773 -0.911572    2.8675   9.29875
1.74444e+09  -0.0786165    0.72145   0.421365 -0.839795   2.83879   9.16597
1.74444e+09  -0.09875 0.705152 0.422963 -0.850562   2.82444   9.06189
1.74444e+09  -0.122559  0.689492  0.423602 -0.91875  2.81726  9.04395
1.74444e+09  -0.144769  0.679585  0.425999 -1.02283  2.82085  9.09778
1.74444e+09  -0.167779  0.676709  0.430154 -1.11973  2.80291  9.14802
1.74444e+09  -0.190469   0.67607  0.434628 -1.18074  2.78137  9.16956
1.74444e+09  -0.208685  0.671916   0.44086 -1.21663  2.78137  9.23057
1.74444e+09  -0.219711  0.659931  0.445973 -1.2561 2.76702 9.25569
1.74444e+09  -0.227381  0.642354   0.44821 -1.36736  2.73831  9.28799
1.74444e+09  -0.234092  0.622061  0.454602 -1.52886  2.72395  9.29517
1.74444e+09  -0.243519  0.606402   0.46307 -1.65088  2.70242  9.28081
1.74444e+09  -0.257102  0.594897  0.476333 -1.66523  2.67371  9.21262
1.74444e+09  -0.277714   0.58515  0.484642 -1.59705  2.63064  9.14443
1.74444e+09  -0.29657 0.571248  0.48608 -1.53604  2.61987  9.10854
1.74444e+09  -0.31127 0.553192 0.483044 -1.49656   2.5804  9.05471
1.74444e+09  -0.322136  0.534177  0.475534 -1.52168  2.51938  8.99729
1.74444e+09  -0.331404  0.520595  0.468344 -1.68677   2.4835  9.01882
1.74444e+09  -0.338275  0.518198  0.468024 -1.88774  2.42607  9.04036
1.74444e+09  -0.348022  0.521553  0.473457 -1.95234  2.39019  9.04036
1.74444e+09  -0.358568  0.519476  0.477452 -1.84827  2.42249  9.06189
1.74444e+09  -0.366877  0.507492  0.474575 -1.71189   2.4189  9.02959
1.74444e+09  -0.37199 0.487039 0.469462 -1.65088  2.41172  9.01882
1.74444e+09  -0.374867  0.462431  0.463869 -1.78726  2.36865    9.026
1.74444e+09  -0.384933  0.442937  0.460194 -2.00618  2.25381  9.00806
1.74444e+09  -0.401232  0.436545  0.461952 -2.35071  2.16409  9.08342
1.74444e+09  -0.420566  0.446293  0.474256 -2.63423  2.14614  9.15161
1.74444e+09  -0.439581  0.464668  0.489116 -2.66653  2.15332  9.14802
1.74444e+09  -0.459555  0.483683  0.498384 -2.45479  2.17844  9.09778
1.74444e+09  -0.476173   0.49391  0.499183 -2.21433  2.18921  9.03677
1.74444e+09  -0.492472  0.495668  0.495508 -2.18203  2.14614  9.02241
1.74444e+09  -0.507971  0.497265  0.493271 -2.25381  2.05283  9.06189
1.74444e+09  -0.522512  0.504935  0.495188 -2.44043  1.94158  9.13008
1.74444e+09  -0.536414  0.520115  0.505575 -2.69165  1.80161  9.18391
1.74444e+09  -0.554151  0.540249  0.519636 -2.87827  1.69395  9.21621
1.74444e+09  -0.572207  0.560542  0.531141 -2.81008  1.71189  9.26646
1.74444e+09  -0.583232  0.573485  0.530981 -2.5481 1.76213 9.27363
1.74444e+09  -0.587387  0.578279  0.517079 -2.32559  1.76931  9.20544
1.74444e+09  -0.588665  0.576841  0.498704 -2.28252  1.71907  9.13008
1.74444e+09  -0.59282 0.573325 0.483364 -2.31482  1.63293  9.05471
1.74444e+09  -0.599051  0.571408  0.473137 -2.52656  1.55398  9.11213
1.74444e+09  -0.602727  0.573325  0.473776 -2.87109  1.43196  9.16238
1.74444e+09  -0.603206   0.57748  0.482884 -3.18691  1.36018  9.21262
1.74444e+09  -0.599531  0.581475  0.500621 -3.35918  1.45349  9.27004
1.74444e+09  -0.596015  0.580356  0.518517 -3.23716  1.50732  9.23057
1.74444e+09  -0.596655  0.574284  0.526986 -2.9644  1.4822 9.14084
1.74444e+09  -0.604165  0.564537  0.528744 -2.80291  1.43914  9.01523
1.74444e+09  -0.613433  0.552712  0.530342 -2.84597  1.38171  8.91833
1.74444e+09  -0.621422  0.542166  0.533218 -3.04336  1.33506  8.98652
1.74444e+09  -0.62302 0.532899 0.540888 -3.35918  1.32788  9.17314
1.74444e+09  -0.617587  0.521074  0.549676 -3.4489 1.37095 9.35977
1.74444e+09  -0.607041  0.512126   0.54712 -3.21921  1.46067  9.42078
1.74444e+09  -0.598093   0.50909  0.529543 -2.98235   1.5145  9.39565
1.74444e+09  -0.59218 0.513085 0.503977 -2.84597  1.52168  9.32388
1.74444e+09  -0.588985  0.521713  0.474256 -2.83521  1.45349  9.22339
1.74444e+09  -0.588985  0.528584  0.444695 -2.96082  1.37095  9.10137
1.74444e+09  -0.591382  0.533697  0.421046 -3.1905 1.31711 9.01523
1.74444e+09  -0.592021  0.538971  0.407304 -3.48479  1.33506  9.09419
1.74444e+09  -0.588346   0.54696  0.403309 -3.56733  1.38889  9.20544
1.74444e+09  -0.586268  0.556228  0.399954 -3.46685  1.36736  9.29875
1.74444e+09  -0.583871    0.5623  0.395959 -3.39507  1.27764  9.35259
1.74444e+09  -0.583072  0.565176  0.388449 -3.4166 1.09102 9.23774
1.74444e+09  -0.588186  0.572047  0.368635 -3.37712  1.17356  9.07983
1.74444e+09  -0.588985  0.569171  0.346903 -3.42378  1.16638  8.98652
1.74444e+09  -0.588985  0.558784  0.336837 -3.47402 0.961816  8.84656
1.74444e+09  -0.594737  0.541847  0.331564 -3.59604 0.893628  8.79631
1.74444e+09  -0.604005  0.521394  0.331404 -3.75396 0.961816  9.00088
1.74444e+09  -0.60768 0.495508 0.332522 -3.80061 0.968994  9.25928
1.74444e+09  -0.603845  0.460514  0.330285  -3.8042 0.900806  9.43154
1.74444e+09   -0.5925 0.415613 0.323574 -3.81138 0.836206  9.50691
1.74444e+09  -0.580036  0.363202  0.317981 -3.79343 0.750073  9.46743
1.74444e+09  -0.568851  0.305997  0.313188 -3.72166 0.642407  9.33823
1.74444e+09   -0.5623 0.252627 0.304559 -3.66782 0.581396  9.15161
1.74444e+09  -0.564058  0.208685   0.29657 -3.64988 0.559863  8.98293
1.74444e+09  -0.573805  0.177207  0.293374 -3.71807 0.541919  8.97576
1.74444e+09  -0.582433  0.157872  0.291297 -3.68577 0.513208  9.03677
1.74444e+09  -0.586268  0.144929   0.28107 -3.62117 0.498853  9.16238
1.74444e+09  -0.578758  0.130708  0.264931 -3.64629 0.455786  9.25928
1.74444e+09  -0.562779   0.11425  0.245757 -3.62117 0.373242  9.23774
1.74444e+09   -0.54696 0.0960336  0.223066 -3.58528 0.297876  9.13367
1.74444e+09  -0.540249 0.0810134  0.202134 -3.64988  0.19021  8.97576
1.74444e+09  -0.545362 0.0733435   0.18967  -3.84368 0.0861328   8.87168
1.74444e+09  -0.557346 0.0690291  0.185356   -4.13079 -0.0251221    8.87527
1.74444e+09  -0.566934 0.0648746  0.186954   -4.27793 -0.0789551     8.9937
1.74444e+09  -0.566934 0.0594418  0.186634    -4.2564 -0.0789551     9.0906
1.74444e+09  -0.557986 0.0514523  0.184078    -4.1918 -0.0861328    9.09778
1.74444e+09  -0.548558 0.0425041  0.179284  -4.05901 -0.132788   8.99011
1.74444e+09  -0.545043  0.033396  0.169057  -3.92981 -0.204565   8.84656
1.74444e+09  -0.550795 0.0239684  0.155795 -3.85085 -0.25481  8.69941
1.74444e+09  -0.562619 0.0105461  0.140775  -3.90469 -0.319409   8.66711
1.74444e+09    -0.575562 -0.00255663    0.125115  -4.05901 -0.401953    8.6707
1.74444e+09   -0.585949 -0.0134223   0.112172  -4.14155 -0.441431   8.71377
1.74444e+09   -0.590263 -0.0207727   0.100188 -4.06619 -0.41272  8.75684
1.74444e+09     -0.5925 -0.0263653  0.0880441  -3.95852 -0.427075   8.76042
1.74444e+09  -0.595057 -0.031159 0.0735032  -3.88315 -0.480908    8.7676
1.74444e+09  -0.596015 -0.040267 0.0602407  -3.87598 -0.567041    8.7676
1.74444e+09   -0.594418 -0.0490554   0.049375 -3.93699 -0.66394   8.7353
1.74444e+09   -0.593299 -0.0570449  0.0429834  -4.04824 -0.757251   8.71736
1.74444e+09  -0.593619 -0.061519 0.0396278  -4.14155 -0.796729   8.82502
1.74444e+09   -0.590103 -0.0611994  0.0343548   -4.1918 -0.829028   9.02241
1.74444e+09   -0.578918 -0.0594418  0.0279632  -4.18103 -0.850562   9.24133
1.74444e+09    -0.56198 -0.0629571  0.0198139  -4.05542 -0.882861   9.29875
1.74444e+09   -0.543604 -0.0711064 0.00559264  -3.89751 -0.933105    9.2844
1.74444e+09   -0.527625 -0.0853277 -0.0115049 -3.75754 -1.01565  9.18032
1.74444e+09    -0.51644  -0.101147 -0.0300405 -3.63193 -1.06948  9.06907
1.74444e+09  -0.512126 -0.116966 -0.049375 -3.63193 -1.10178  8.98652
1.74444e+09   -0.510848  -0.131187 -0.0658333 -3.70371  -1.1269  9.01165
1.74444e+09   -0.505415  -0.139656 -0.0832504 -3.84727 -1.16638  9.15161
1.74444e+09    -0.49375   -0.14413 -0.0985902 -3.98005 -1.22739  9.28799
1.74444e+09  -0.477292 -0.149723 -0.112492 -3.99082 -1.29558  9.31311
1.74444e+09  -0.459875 -0.158831 -0.125595 -3.91187 -1.35659  9.24133
1.74444e+09  -0.445494 -0.173372 -0.140934 -3.79702 -1.38889  9.11213
1.74444e+09  -0.436865  -0.18983  -0.15979 -3.65706 -1.40325  8.95422
1.74444e+09  -0.433989 -0.205809 -0.181042 -3.67859 -1.43196  8.88962
1.74444e+09  -0.431752 -0.216994 -0.195263 -3.87957 -1.52527  8.95781
1.74444e+09  -0.423762 -0.224664 -0.199897 -4.10208 -1.62217  9.10496
1.74444e+09  -0.409221 -0.227221  -0.19718 -4.24204 -1.72625  9.20903
1.74444e+09  -0.390206 -0.228499 -0.192387 -4.21692 -1.77649  9.18391
1.74444e+09  -0.374547 -0.229618 -0.188871 -4.04824 -1.81238  9.02241
1.74444e+09  -0.366238 -0.228979 -0.188552 -3.89751 -1.81238  8.81785
1.74444e+09  -0.367836 -0.226262 -0.189511  -3.8042 -1.81956  8.65994
1.74444e+09  -0.374707 -0.224025 -0.194144 -3.79702  -1.8698  8.61328
1.74444e+09  -0.380459 -0.222427 -0.201974 -3.80779 -1.89492  8.70659
1.74444e+09  -0.375346 -0.222427 -0.213958  -3.7396 -1.85544   8.8322
1.74444e+09  -0.357449 -0.225623 -0.225303 -3.68936 -1.87339  8.92192
1.74444e+09  -0.333801 -0.229937 -0.233293 -3.59246 -1.95593  8.89321
1.74444e+09   -0.31926 -0.231375 -0.240803  -3.4489 -2.03489  8.77837
1.74444e+09  -0.318461 -0.230576 -0.251988 -3.36995  -2.0636  8.68506
1.74444e+09  -0.325492 -0.228339 -0.263014 -3.41301 -2.08872  8.65276
1.74444e+09  -0.330285 -0.230896 -0.274678 -3.46326 -2.15691  8.72454
1.74444e+09  -0.328368 -0.241602 -0.285384 -3.47402 -2.18921  8.82502
1.74444e+09  -0.314466 -0.256143 -0.294333 -3.47761 -2.21433  8.92551
1.74444e+09  -0.290178 -0.270204 -0.301363 -3.43096 -2.24304  8.93628
1.74444e+09  -0.267807 -0.279951 -0.305678 -3.32688 -2.30046  8.81067
1.74444e+09  -0.257901 -0.282348 -0.307915  -3.2551 -2.35789  8.67429
1.74444e+09  -0.263493 -0.279312  -0.31143 -3.25869 -2.40095  8.60969
1.74444e+09  -0.277714 -0.274678 -0.313987 -3.36636 -2.46196   8.6384
1.74444e+09  -0.290018 -0.271642 -0.314146 -3.46326 -2.50862  8.75684
1.74444e+09  -0.293214 -0.271642 -0.316384 -3.50632 -2.51221  8.91475
1.74444e+09  -0.284745 -0.274998 -0.318301 -3.47761 -2.53733  9.02959
1.74444e+09  -0.269246 -0.279472  -0.31894 -3.42737 -2.55527  9.04753
1.74444e+09  -0.256462 -0.281709 -0.318301 -3.33047 -2.60552  8.99011
1.74444e+09  -0.253586  -0.28075   -0.3191 -3.20127 -2.63782  8.88245
1.74444e+09  -0.262534 -0.278673 -0.320059 -3.14385 -2.64141  8.83938
1.74444e+09  -0.274519 -0.277075  -0.31894 -3.18691 -2.65935  8.87168
1.74444e+09  -0.283307 -0.275957 -0.320858 -3.16538 -2.67012  8.95422
1.74444e+09  -0.282668 -0.279792 -0.327409 -3.10078 -2.65217  9.04753
1.74444e+09  -0.270045 -0.284905 -0.333002 -3.06489 -2.64141  9.17673
1.74444e+09  -0.248793 -0.290338 -0.338754  -3.0613 -2.68806  9.28081
1.74444e+09  -0.224345 -0.294972 -0.343708 -3.03259 -2.74907  9.29517
1.74444e+09  -0.202134 -0.297528 -0.346104 -2.95364 -2.80291  9.25928
1.74444e+09  -0.183758 -0.299606 -0.347862 -2.83521 -2.84956  9.21621
1.74444e+09  -0.167939 -0.305358 -0.351537 -2.70242 -2.87468  9.20186
1.74444e+09   -0.15228 -0.317981 -0.360166 -2.62346 -2.83879  9.23416
1.74444e+09  -0.133744 -0.335239 -0.370552 -2.52656 -2.78855  9.25569
1.74444e+09  -0.111054 -0.351697 -0.382696 -2.42966 -2.77061  9.23057
1.74444e+09  -0.0886833  -0.363841   -0.39532 -2.37224 -2.75984  9.20186
1.74444e+09  -0.0680704  -0.367836  -0.405866 -2.42249 -2.82444  9.20903
1.74444e+09  -0.0528904   -0.36432  -0.415932 -2.49067 -2.91775  9.27363
1.74444e+09  -0.0396278   -0.35729  -0.424242 -2.53733  -2.9644   9.3167
1.74444e+09  -0.0263653  -0.351218  -0.433989 -2.55168 -2.97158  9.36694
1.74444e+09  -0.00974717   -0.350259   -0.444854 -2.47273 -2.93569  9.40642
1.74444e+09  0.0092678  -0.35681 -0.459555 -2.29329 -2.88904  9.38848
1.74444e+09  0.0271642 -0.371351 -0.476013 -2.08513 -2.84597  9.32747
1.74444e+09  0.0434628 -0.390686 -0.488157 -1.95952 -2.84956  9.24492
1.74444e+09   0.055447 -0.414654 -0.497106 -1.88057 -2.88904  9.17314
1.74444e+09  0.0599211 -0.438143 -0.507172 -1.93081 -2.93928   9.1552
1.74444e+09  0.0637561 -0.462272 -0.513724 -2.02771 -2.98953  9.24851
1.74444e+09  0.0715858 -0.483364 -0.521553 -1.98823 -3.00747  9.37412
1.74444e+09  0.0848483 -0.506373 -0.538012 -1.82673 -2.98594   9.4782
1.74444e+09   0.102745 -0.530342 -0.559264   -1.676 -2.90339  9.52126
1.74444e+09   0.126553 -0.557187 -0.579238 -1.56116 -2.85674  9.53203
1.74444e+09   0.154996 -0.587547 -0.598892 -1.46426 -2.85674  9.51409
1.74444e+09   0.181361 -0.620943  -0.61551 -1.40325 -2.88186  9.48896
1.74444e+09   0.205809 -0.656576 -0.631009 -1.42119 -2.90339  9.53562
1.74444e+09   0.232814 -0.689652  -0.64587 -1.43914 -2.96082  9.62175
1.74444e+09   0.262694 -0.717775 -0.662168  -1.4176 -2.96082  9.72942
1.74444e+09   0.300085 -0.741264 -0.676709 -1.33147 -2.88545  9.77607
1.74444e+09   0.339713  -0.75948 -0.687895  -1.1915 -2.82085  9.72942
1.74444e+09   0.373269 -0.771624 -0.697482 -1.05154 -2.82803   9.5751
1.74444e+09   0.393882 -0.776578 -0.704353 -0.990527  -2.88904   9.45667
1.74444e+09   0.406984 -0.774021 -0.709945 -1.00129 -2.92852  9.43154
1.74444e+09    0.41801 -0.764913 -0.716657 -1.00847 -2.88545  9.48179
1.74444e+09   0.431113 -0.750692 -0.727043 -0.968994  -2.84238   9.58945
1.74444e+09    0.44821 -0.734713 -0.739986 -0.825439  -2.72754   9.65764
1.74444e+09   0.469302 -0.718255 -0.751491 -0.671118  -2.64141   9.65046
1.74444e+09   0.490075 -0.705951 -0.760119 -0.552686   -2.6127   9.64329
1.74444e+09    0.50925 -0.700837 -0.761877 -0.50603 -2.65217  9.60381
1.74444e+09   0.522992 -0.703394 -0.756764 -0.545508  -2.70601   9.53203
1.74444e+09   0.533218 -0.711543 -0.746058 -0.599341  -2.68088    9.5428
1.74444e+09   0.548079 -0.718894 -0.731837 -0.595752  -2.59834   9.59663
1.74444e+09   0.567413 -0.723208 -0.720971 -0.448608  -2.50503   9.58945
1.74444e+09    0.58499 -0.727043 -0.716017 -0.272754  -2.40095   9.53921
1.74444e+09   0.596974 -0.731517 -0.711703 -0.168677  -2.31482   9.49973
1.74444e+09    0.60033 -0.738548  -0.70627 -0.132788   -2.2574   9.42437
1.74444e+09   0.592979 -0.745898 -0.701157 -0.197388  -2.26816   9.32747
1.74444e+09   0.575882 -0.750692 -0.692528 -0.297876  -2.28252   9.33105
1.74444e+09    0.56214 -0.751491 -0.682142 -0.344531  -2.25381   9.43872
1.74444e+09   0.560382  -0.74446 -0.673673 -0.276343  -2.09949   9.58586
1.74444e+09   0.571088 -0.731198 -0.667441 -0.0789551   -1.94517    9.64329
1.74444e+09   0.590902 -0.714739 -0.663766 0.136377 -1.84827  9.63252
1.74444e+09   0.609118 -0.694286 -0.661529 0.301465 -1.82314  9.55356
1.74444e+09   0.619185 -0.672075 -0.659132 0.340942 -1.85186  9.37771
1.74444e+09   0.618226 -0.647628 -0.652421 0.283521 -1.91646  9.29158
1.74444e+09   0.610716 -0.612953 -0.643153 0.240454 -1.97029  9.37053
1.74444e+09   0.606402 -0.568372 -0.637721 0.330176 -1.85903  9.55715
1.74444e+09    0.61567 -0.520595  -0.63852 0.495264 -1.65806  9.79761
1.74444e+09   0.645231 -0.475854 -0.641236 0.656763 -1.48579  9.95911
1.74444e+09   0.681982 -0.433509 -0.642354 0.821851 -1.39248  9.96628
1.74444e+09   0.711543 -0.397077 -0.638999  0.91875 -1.37813  9.80837
1.74444e+09   0.725765 -0.367356 -0.626056 0.879272 -1.47144  9.68994
1.74444e+09   0.726883 -0.340672 -0.605283 0.746484 -1.53604  9.68635
1.74444e+09   0.725445 -0.310791 -0.577959 0.707007 -1.50732  9.82632
1.74444e+09    0.72944 -0.272921 -0.553991 0.789551 -1.34941  9.91245
1.74444e+09   0.740306 -0.230736 -0.534177 0.954639 -1.09819  9.90886
1.74444e+09   0.755486 -0.188232 -0.515162   1.14844 -0.861328   9.79402
1.74444e+09   0.766831 -0.152599 -0.497585   1.32429 -0.753662   9.65764
1.74444e+09   0.766511 -0.125595 -0.481926   1.33506 -0.803906   9.55356
1.74444e+09   0.758522 -0.101466 -0.462911    1.1592 -0.907983   9.49973
1.74444e+09    0.756284 -0.0762197  -0.438143  0.972583 -0.911572   9.65764
1.74444e+09     0.76763 -0.0429834  -0.414814      1.03 -0.846973   9.80837
1.74444e+09     0.783449 -0.00703075   -0.403948   1.23457 -0.818262   9.84067
1.74444e+09   0.791918  0.019015 -0.407464   1.43196 -0.785962   9.81196
1.74444e+09   0.789201 0.0274838 -0.421525   1.52886 -0.642407    9.7689
1.74444e+09   0.786325 0.0169377 -0.438623  1.59346 -0.53833  9.73301
1.74444e+09     0.793036 -0.00782969   -0.453803   1.59705 -0.488086   9.69712
1.74444e+09    0.805979 -0.0380299  -0.458916   1.46426 -0.452197   9.59304
1.74444e+09    0.817324 -0.0629571  -0.445014   1.26687 -0.391187   9.54639
1.74444e+09    0.821319 -0.0682302  -0.421845   1.15203 -0.290698   9.52844
1.74444e+09   0.816046 -0.050174 -0.395639   1.17356 -0.200977   9.44949
1.74444e+09    0.797191 -0.0191748  -0.368315    1.1915 -0.107666   9.34541
1.74444e+09   0.762037 0.0119842 -0.339074  1.2238      -0 9.26287
1.74444e+09   0.721131 0.0348341 -0.312229   1.3207 0.114844  9.22698
1.74444e+09   0.677029 0.0469782 -0.288101  1.42837 0.240454  9.19827
1.74444e+09   0.635324 0.0455401  -0.26573  1.53962 0.455786  9.14802
1.74444e+09   0.600649 0.0375506 -0.245597  1.63293 0.649585  9.15879
1.74444e+09   0.575403 0.0313188 -0.228819  1.70112 0.742896   9.2521
1.74444e+09   0.559583 0.0356331 -0.215716  1.71907 0.764429  9.32747
1.74444e+09   0.550156 0.0527306 -0.208845 1.68677 0.72854 9.37771
1.74444e+09   0.536094 0.0755805 -0.202613 1.63293 0.69624 9.36694
1.74444e+09    0.51692 0.0984304 -0.199897  1.59346 0.721362  9.35618
1.74444e+09   0.496147  0.113291 -0.200696  1.58628 0.782373  9.30952
1.74444e+09   0.475534  0.119842 -0.204531  1.58987 0.947461  9.33823
1.74444e+09   0.462272  0.118724 -0.211881 1.59346 1.13767 9.44231
1.74444e+09   0.461792  0.117765 -0.222747  1.5468 1.24534 9.63252
1.74444e+09   0.472658  0.123517 -0.234252 1.44272 1.29917 9.79761
1.74444e+09   0.491992  0.138697 -0.243839 1.37454 1.30635 9.86221
1.74444e+09   0.513085  0.160589 -0.248313 1.38171  1.2884  9.8658
1.74444e+09   0.528584  0.185196 -0.250071 1.37095 1.23098 9.78684
1.74444e+09   0.538811  0.206608 -0.248793 1.30994 1.21304 9.74377
1.74444e+09   0.545362  0.219711 -0.244798 1.23816 1.30635 9.68994
1.74444e+09   0.553192  0.225783 -0.240803  1.2238 1.41401 9.66123
1.74444e+09   0.564697  0.231056 -0.238406 1.21304 1.50732 9.60381
1.74444e+09   0.580676  0.240324 -0.234092 1.13767 1.58987 9.56074
1.74444e+09   0.598093   0.25838 -0.223546 1.06589 1.63293 9.53921
1.74444e+09   0.616628  0.284585 -0.206288 1.00488 1.66882 9.57151
1.74444e+09   0.631489  0.315265 -0.184078 0.997705  1.70471  9.50691
1.74444e+09   0.635164  0.345146 -0.160429 0.986938  1.79084  9.32029
1.74444e+09   0.627973  0.375666 -0.139017 0.994116  1.89851  9.09778
1.74444e+09   0.614871  0.406665 -0.116806 0.972583  2.04924  8.93987
1.74444e+09    0.596655   0.437504 -0.0928378 0.88645 2.17485 8.79631
1.74444e+09     0.57732   0.469782 -0.0629571 0.678296  2.29688  8.86091
1.74444e+09    0.561341   0.503817 -0.0238087 0.498853  2.35789  8.89321
1.74444e+09   0.537213  0.538651 0.0188552 0.441431  2.39019  8.87886
1.74444e+09   0.506214  0.569011 0.0616788 0.423486  2.46914  8.90398
1.74444e+09  0.475374 0.591222 0.104662 0.401953  2.56604  8.93987
1.74444e+09  0.448849 0.602407 0.145089 0.373242  2.65576  9.03677
1.74444e+09  0.422644 0.604484 0.179284 0.376831  2.72036  9.02241
1.74444e+09  0.394521 0.601448 0.208046 0.258398  2.79214  9.09419
1.74444e+09  0.368155 0.595856 0.237607 0.122021  2.84238  9.15879
1.74444e+09  0.345146 0.587866 0.262694 0.154321  2.90339  9.25928
1.74444e+09  0.328368 0.576042 0.281549 0.240454  2.96082  9.37771
1.74444e+09   0.31894 0.557826 0.295291 0.290698   2.9967  9.41719
1.74444e+09  0.316703 0.534816 0.305358 0.362476  3.04336   9.4136
1.74444e+09  0.318621 0.509409  0.31127 0.477319  3.06848  9.37053
1.74444e+09  0.316863 0.481606 0.309193 0.581396  3.10078  9.19468
1.74444e+09  0.308074 0.456679 0.304559 0.509619  3.12231  9.09778
1.74444e+09  0.295611 0.439901 0.300724 0.366064  3.14026  9.06907
1.74444e+09  0.281709 0.429994 0.300085 0.261987  3.17615   9.1229
1.74444e+09  0.273081 0.422164 0.301363 0.147144  3.20845  9.20186
1.74444e+09  0.268766 0.413216 0.301683 0.0933105   3.20845   9.23416
1.74444e+09  0.267648 0.399794 0.301523 0.107666  3.21204  9.15161
1.74444e+09  0.263973 0.385572 0.302642 0.150732  3.20845  8.95063
1.74444e+09  0.249272  0.37231 0.302162 0.211743  3.17615  8.66353
1.74444e+09  0.224504 0.361764 0.305518 0.107666  3.18691   8.5415
1.74444e+09   0.19718 0.358568 0.313667 -0.0968994    3.20127    8.57021
1.74444e+09  0.169217 0.366238 0.323095 -0.301465   3.18691     8.703
1.74444e+09  0.146527 0.382057 0.336038 -0.498853   3.17615   8.87527
1.74444e+09  0.132785 0.405546 0.352656 -0.617285   3.14385   8.98652
1.74444e+09  0.123997 0.430793 0.369913 -0.60293  3.12231  9.02959
1.74444e+09   0.11393 0.452844 0.383016 -0.491675   3.08284   8.96499
1.74444e+09  0.0997088  0.467385  0.396438 -0.34812   3.0613  8.85374
1.74444e+09  0.079735 0.470421 0.406665 -0.200977   3.07925   8.74248
1.74444e+09  0.0580036  0.461952  0.415134 -0.143555   3.14026   8.73171
1.74444e+09  0.0401072  0.449648  0.422164 -0.193799   3.20127   8.84656
1.74444e+09  0.0294013  0.437824  0.430314 -0.384009   3.26946   9.10137
1.74444e+09  0.0287621  0.433669  0.441978 -0.588574   3.30535   9.36335
1.74444e+09   0.03036 0.434468 0.451086 -0.60293   3.2874  9.44231
1.74444e+09  0.0306796  0.437025  0.456679 -0.57063  3.25869  9.43513
1.74444e+09  0.0286024  0.435107  0.460993 -0.477319   3.22639    9.3167
1.74444e+09  0.0236489  0.426479  0.465148 -0.401953   3.24075   9.22698
1.74444e+09  0.0193345  0.411938  0.469782 -0.427075   3.29099   9.26646
1.74444e+09  0.0175769  0.398196  0.474895 -0.509619   3.33406   9.28799
1.74444e+09  0.0107059  0.389248  0.477292 -0.513208   3.35918   9.21621
1.74444e+09  -0.00143811    0.380299    0.477452 -0.448608   3.35918    9.1229
1.74444e+09  -0.018216  0.370233  0.475214 -0.441431   3.36277    9.0906
1.74444e+09  -0.0346744   0.359687   0.475055 -0.491675   3.33765   9.09778
1.74444e+09  -0.052411  0.352017  0.475214 -0.509619   3.28022   9.08701
1.74444e+09  -0.0663127   0.347383   0.477611 -0.57063  3.26587  9.12649
1.74444e+09  -0.077498  0.347223  0.482884 -0.72854  3.28381  9.19468
1.74444e+09  -0.086606  0.352656  0.490714 -0.893628   3.31611   9.27722
1.74444e+09  -0.0941161   0.363681   0.496626 -0.897217    3.3197   9.34182
1.74444e+09  -0.0985902   0.376784   0.499343 -0.836206    3.2551   9.39565
1.74444e+09  -0.100188  0.387969  0.497106 -0.656763   3.15461   9.35977
1.74444e+09  -0.0973119   0.391485    0.49359 -0.516797    3.0936   9.37771
1.74444e+09  -0.092678  0.385253  0.489596 -0.376831   3.02183   9.33105
1.74444e+09  -0.0912399   0.367197   0.481286 -0.294287   2.93928   9.23774
1.74444e+09  -0.0920388   0.344187   0.475534 -0.495264   2.94287   9.27363
1.74444e+09  -0.0909203   0.321657   0.476972 -0.742896   2.92852   9.28799
1.74444e+09  -0.0901214   0.305038   0.480168 -0.789551   2.94287   9.26646
1.74444e+09  -0.0886833   0.295291   0.479689 -0.768018   2.98953   9.27004
1.74444e+09  -0.0898018   0.293853   0.472338 -0.69624  2.98953  9.24133
1.74444e+09  -0.0945955   0.298168    0.46307 -0.588574   2.94287   9.11572
1.74444e+09  -0.103384  0.305997  0.452844 -0.531152   2.87109   8.93987
1.74444e+09  -0.12144 0.317182 0.446932 -0.513208   2.81008   8.74966
1.74444e+09  -0.146367  0.329646  0.447251 -0.577808   2.81367   8.66353
1.74444e+09  -0.171614  0.343867  0.452205 -0.735718   2.86033   8.71736
1.74444e+09  -0.199418  0.363521  0.459715 -0.943872    2.9321   8.81067
1.74444e+09  -0.231695  0.388289  0.464668 -1.08743  2.94287  8.90757
1.74444e+09  -0.266849  0.416891  0.468184 -1.13408   2.9321  8.97217
1.74444e+09  -0.300245  0.445653  0.469782 -1.11255  2.88545  8.98652
1.74444e+09  -0.330765  0.472498  0.467225 -1.06948  2.79573  8.93269
1.74444e+09  -0.360965  0.495028   0.46339 -1.05154  2.69524  8.89321
1.74444e+09  -0.388928  0.512925  0.461952 -1.10178   2.6127  8.87168
1.74444e+09  -0.420886  0.526986   0.46371 -1.21304  2.56245  8.87886
1.74444e+09  -0.455081  0.541208  0.468823 -1.40684  2.60911  9.06548
1.74444e+09  -0.483204  0.560063  0.477931 -1.60422  2.64858  9.29517
1.74444e+09  -0.508611  0.582114  0.482565 -1.58269  2.57681  9.30234
1.74444e+09  -0.534337   0.60784  0.477931 -1.46067  2.49067   9.2198
1.74444e+09  -0.555748  0.631968  0.468823 -1.33147  2.40095  9.10137
1.74444e+09  -0.576681  0.646988  0.459076 -1.22021  2.27893  8.97576
1.74444e+09  -0.602886  0.654498  0.446932 -1.20227  2.17844  8.84656
1.74444e+09  -0.629092  0.658014  0.438942 -1.52168  2.23228  9.01165
1.74444e+09  -0.64539 0.665524 0.443736 -1.94875  2.29688  9.29875
1.74444e+09  -0.654978  0.678147  0.447091 -2.03489  2.31123  9.46025
1.74444e+09  -0.662328  0.694446  0.440221 -1.98464    2.322  9.55356
1.74444e+09  -0.664885  0.711064  0.428556 -1.88057   2.2897   9.5428
1.74444e+09  -0.655777  0.719533  0.416572 -1.71907  2.21433  9.47461
1.74444e+09  -0.642195  0.717296  0.405386 -1.63293  2.13538  9.38848
1.74444e+09  -0.632767  0.705631  0.392443 -1.65447  2.08872  9.31311
1.74444e+09  -0.63053 0.690291  0.37982 -1.86621  2.12102  9.34541
1.74444e+09  -0.629571   0.67639  0.373428 -2.16409  2.20715  9.45308
1.74444e+09  -0.627654  0.667282  0.368315 -2.22869  2.28611  9.51768
1.74444e+09  -0.624298   0.66089  0.354573 -2.11384  2.31841  9.53562
1.74444e+09  -0.616149  0.650823   0.33428 -1.99541  2.28252  9.56433
1.74444e+09  -0.602087  0.634685   0.31159 -1.91287  2.16409  9.54639
1.74444e+09  -0.588026  0.619345   0.28906 -1.91646  2.03848  9.47102
1.74444e+09  -0.578279  0.611515  0.268766 -1.95234  1.94875  9.28081
1.74444e+09  -0.578119  0.611195  0.253107 -2.02771  1.89851  9.09778
1.74444e+09  -0.58531  0.61535 0.241123 -2.19639  1.92363   9.0906
1.74444e+09  -0.590263  0.618066  0.232494 -2.43684  1.95952  9.27722
1.74444e+09  -0.58531  0.61535 0.226102 -2.59116  1.91646  9.48538
1.74444e+09  -0.571248  0.604964  0.218273 -2.59834  1.83391  9.60022
1.74444e+09  -0.553831  0.588026  0.208685 -2.51221  1.71907  9.56792
1.74444e+09  -0.53945 0.564377 0.195423 -2.40454  1.60063  9.42795
1.74444e+09  -0.534816  0.537213  0.179124 -2.37942   1.5468  9.26646
1.74444e+09  -0.538651  0.512126   0.16698 -2.50503  1.53604  9.16597
1.74444e+09  -0.549996  0.490554  0.160429 -2.71318   1.4822  9.11931
1.74444e+09  -0.56246   0.4709 0.156754 -2.88545  1.46426  9.21262
1.74444e+09  -0.571408  0.456359  0.153078 -2.93928  1.40684  9.28799
1.74444e+09  -0.580036  0.443736  0.141574 -2.83879  1.33147   9.2521
1.74444e+09  -0.589464  0.435746  0.123517 -2.69883   1.2238  9.14802
1.74444e+09  -0.602567  0.431272  0.108178 -2.59834  1.10178  8.96499
1.74444e+09   -0.62286  0.431752 0.0974717 -2.56963  1.01924  8.85015
1.74444e+09   -0.64587  0.434788 0.0939563 -2.77419  0.98335   8.8968
1.74444e+09  -0.667921  0.438143 0.0968325 -3.11514  0.98335  9.03318
1.74444e+09  -0.682302  0.439262 0.0968325 -3.40583 0.979761  9.22339
1.74444e+09  -0.685338  0.438303  0.096513 -3.53145 0.965405  9.35977
1.74444e+09  -0.682941  0.433509 0.0944357 -3.46326 0.940283   9.3813
1.74444e+09  -0.682621  0.422484 0.0846885 -3.3197 0.85415 9.28799
1.74444e+09   -0.69141  0.413536 0.0704672 -3.26587 0.764429   9.1875
1.74444e+09  -0.702435  0.414335 0.0559264 -3.32688 0.671118  9.10496
1.74444e+09  -0.711064  0.428556 0.0472977 -3.48838 0.559863  9.07983
1.74444e+09   -0.71426  0.451566 0.0441019 -3.60322  0.47373  9.17314
1.74444e+09  -0.708987  0.473137 0.0407464 -3.60681 0.409131  9.35618
1.74444e+09  -0.694606  0.483524 0.0330765 -3.56733 0.394775  9.52844
1.74444e+09  -0.677189   0.47873 0.0233293 -3.48479 0.362476  9.58586
1.74444e+09   -0.662967   0.456839 0.00910801 -3.29458 0.276343  9.48179
1.74444e+09   -0.656416   0.419927 -0.0110255 -3.08643 0.172266  9.29517
1.74444e+09   -0.660091   0.371831 -0.0361125 -2.91775 0.114844  9.09778
1.74444e+09   -0.671436   0.317342 -0.0619984 -2.93928 0.118433  9.02241
1.74444e+09  -0.680384  0.263813  -0.08357  -3.24075 0.0861328   9.12649
1.74444e+09   -0.679266   0.216994 -0.0977913 -3.54221       -0  9.33105
1.74444e+09  -0.666483  0.177367 -0.107858  -3.67141 -0.104077   9.49255
1.74444e+09  -0.652261  0.141893  -0.12128  -3.67859 -0.233276   9.51409
1.74444e+09  -0.642514  0.109296 -0.134223  -3.62117 -0.319409   9.41001
1.74444e+09  -0.639958 0.0776578 -0.142532  -3.49915 -0.409131   9.23416
1.74444e+09  -0.641556 0.0488956 -0.150841    -3.352 -0.520386   9.03318
1.74444e+09   -0.64587 0.0254066  -0.15963  -3.36995 -0.620874   8.93987
1.74444e+09   -0.648426 0.00958738  -0.165542  -3.59963 -0.710596   9.05112
1.74444e+09   -0.647468 0.00271642  -0.169217  -3.86521 -0.789551   9.17673
1.74444e+09   -0.646189 0.00591222  -0.177207  -4.04465 -0.832617   9.27363
1.74444e+09  -0.646829 0.0239684 -0.188871  -4.14155 -0.936694   9.17314
1.74444e+09  -0.656895 0.0616788 -0.200376  -4.00876 -0.915161   8.96858
1.74444e+09  -0.664405 0.0974717 -0.213479  -3.78625 -0.897217   8.82502
1.74444e+09   -0.67639  0.120002 -0.232015 -3.62476 -1.09102  8.69224
1.74444e+09  -0.689492  0.131187 -0.252148 -3.62117 -1.22739  8.63481
1.74444e+09  -0.701636  0.131826 -0.270045 -3.80061 -1.30994  8.76401
1.74444e+09  -0.704033  0.119043 -0.283307   -3.998 -1.42837  9.00088
1.74444e+09    -0.6986 0.0971521 -0.291456  -4.1272 -1.53604  9.13726
1.74444e+09  -0.688853 0.0712662 -0.295611 -4.15232 -1.62576  9.17673
1.74444e+09  -0.677668 0.0450607 -0.293853 -4.02671 -1.71189  9.13008
1.74444e+09  -0.666163 0.0188552 -0.293374 -3.83291 -1.81956  9.00806
1.74444e+09    -0.656096 -0.00607201    -0.29641 -3.68577 -1.89492  8.90398
1.74444e+09   -0.64571  -0.03036 -0.302482 -3.65706 -1.97029  8.90398
1.74444e+09   -0.628932 -0.0516121   -0.31127 -3.64629 -2.00977  9.04036
1.74444e+09   -0.603685 -0.0688693  -0.323414 -3.68936 -2.09949  9.14802
1.74444e+09   -0.574444 -0.0829308  -0.337955 -3.72883  -2.1928   9.2198
1.74444e+09   -0.544403 -0.0955542  -0.352496 -3.71089 -2.25022  9.22339
1.74444e+09  -0.515801 -0.108977 -0.367197 -3.56733 -2.29329   9.1229
1.74444e+09  -0.489915 -0.124956 -0.381738 -3.40225 -2.29688  8.95422
1.74444e+09  -0.468184 -0.142053  -0.39516 -3.33406 -2.31482  8.76401
1.74444e+09  -0.451406 -0.158991 -0.408742  -3.3843 -2.34712  8.64917
1.74444e+09  -0.437983 -0.173052 -0.419608 -3.61399  -2.3866   8.7353
1.74444e+09  -0.422164    -0.182 -0.426958 -3.89751 -2.47632  8.86091
1.74444e+09  -0.404108 -0.184557 -0.434947 -4.01235 -2.53374  8.90398
1.74444e+09   -0.38781 -0.183918 -0.445334 -4.00159 -2.56604  8.82861
1.74444e+09  -0.375186 -0.179444 -0.456519  -3.9011 -2.61987  8.66711
1.74444e+09  -0.367676 -0.172733 -0.464189 -3.76831 -2.67729  8.49126
1.74444e+09  -0.365759 -0.168099 -0.467545 -3.66064 -2.73831  8.34412
1.74444e+09  -0.366238  -0.16714  -0.47074 -3.67141 -2.77419  8.35488
1.74444e+09   -0.36432 -0.167619 -0.477452 -3.73601 -2.83521  8.49126
1.74444e+09  -0.357449 -0.166181 -0.489436 -3.77549 -2.86392  8.62764
1.74444e+09  -0.346744 -0.163465 -0.505575 -3.77549 -2.89622  8.71736
1.74444e+09  -0.337795 -0.160269 -0.522193 -3.72524 -2.96799  8.69583
1.74444e+09  -0.333321 -0.154676 -0.538811 -3.59246 -3.02542  8.59893
1.74444e+09  -0.337476 -0.147166 -0.552073 -3.45608 -3.10437  8.47332
1.74444e+09  -0.345625 -0.143811 -0.558625 -3.34124  -3.1582  8.42307
1.74444e+09  -0.352816 -0.146367  -0.56214 -3.29458 -3.23716  8.47332
1.74444e+09  -0.355372 -0.154357 -0.566454 -3.34841 -3.35918  8.64199
1.74444e+09  -0.350419 -0.167779  -0.56997 -3.42378 -3.45967   8.8322
1.74444e+09  -0.337316 -0.183918 -0.572526 -3.41301 -3.48479  8.98293
1.74444e+09  -0.314306 -0.206928 -0.580356 -3.28022  -3.5135  9.04395
1.74444e+09  -0.284426 -0.240483 -0.590902 -3.08284 -3.54221  9.04753
1.74444e+09  -0.248793 -0.284585 -0.601448 -2.93569 -3.59604   8.9937
1.74444e+09   -0.21236 -0.333801  -0.60752 -2.91775 -3.64988    9.026
1.74444e+09  -0.176568   -0.3795 -0.610237 -2.96082 -3.74678  9.14443
1.74444e+09  -0.142852  -0.41769 -0.613592 -2.90339 -3.84368  9.15879
1.74444e+09  -0.112652 -0.451406 -0.622221 -2.79932 -3.89751  9.09419
1.74444e+09  -0.0867658  -0.480807  -0.634045 -2.77778 -3.90469   9.0583
1.74444e+09  -0.0576841  -0.509729  -0.641875 -2.75984 -3.87957  9.05112
1.74444e+09  -0.0204531  -0.542965  -0.647787 -2.73113 -3.82932  9.02241
1.74444e+09  0.0226901 -0.580036 -0.650184 -2.67012 -3.74678  9.01882
1.74444e+09  0.0680704  -0.61567 -0.652261 -2.60552 -3.69653  9.02241
1.74444e+09   0.106739 -0.640117 -0.656576 -2.54451 -3.69653   8.9937
1.74444e+09   0.130708 -0.650823 -0.668081 -2.50503 -3.72524  8.97217
1.74444e+09   0.143012 -0.654658 -0.684699 -2.48708 -3.76113  8.94346
1.74444e+09   0.147965 -0.655617 -0.704033 -2.44761 -3.78984  8.89321
1.74444e+09   0.151321 -0.657694 -0.722888 -2.38301 -3.78267  8.84297
1.74444e+09   0.158032 -0.661689 -0.739027 -2.30046 -3.72883  8.79272
1.74444e+09   0.172413 -0.664565 -0.747816 -2.13179 -3.60681  8.75325
1.74444e+09   0.192866 -0.662009 -0.752929 -1.92004 -3.47043   8.7676
1.74444e+09  0.213479 -0.65306 -0.75964 -1.75496 -3.43813  8.82502
1.74444e+09   0.228979  -0.63788 -0.768748 -1.72983 -3.45608  8.92551
1.74444e+09   0.239045 -0.620943 -0.780892 -1.81597 -3.50991  9.03677
1.74444e+09   0.242081 -0.610397 -0.793835 -1.92363 -3.69653  9.04036
1.74444e+09   0.237288 -0.610876  -0.80518 -1.94875 -3.88315  8.96858
1.74444e+09   0.226582 -0.620303 -0.811572 -1.88057  -3.8688  8.91833
1.74444e+09   0.220989 -0.636602 -0.814288 -1.69036 -3.71448  9.02959
1.74444e+09   0.232494 -0.649865 -0.815566 -1.42119 -3.55298  9.20186
1.74444e+09   0.256782 -0.656256 -0.820041 -1.20586 -3.49556  9.31311
1.74444e+09   0.284585 -0.658493  -0.82803 -1.15203 -3.54221  9.36335
1.74444e+09    0.31111 -0.661849 -0.836978  -1.2238 -3.63911  9.40642
1.74444e+09   0.335079 -0.671436 -0.846406 -1.31353 -3.75037  9.39565
1.74444e+09   0.358408 -0.684699 -0.854076 -1.28481 -3.78267   9.3813
1.74444e+09   0.384294 -0.695724 -0.859828 -1.05872 -3.67859  9.39565
1.74444e+09   0.412896  -0.69876 -0.865581 -0.721362  -3.47761   9.33823
1.74444e+09   0.442617 -0.689173 -0.871173 -0.376831  -3.32688   9.27004
1.74444e+09  0.465787 -0.66888 -0.88156 -0.197388  -3.25869   9.17673
1.74444e+09   0.476333 -0.637241 -0.889709 -0.294287  -3.30535   9.10496
1.74444e+09   0.479369 -0.598253 -0.891147 -0.491675  -3.45967    9.1875
1.74444e+09   0.479848 -0.560223 -0.886673 -0.631641  -3.59963   9.26646
1.74444e+09   0.485281 -0.528424 -0.883797 -0.541919  -3.57092    9.4136
1.74444e+09   0.498544 -0.506533 -0.887472 -0.244043  -3.31252   9.49614
1.74444e+09    0.51644 -0.499183 -0.895621 0.154321 -2.95723  9.41719
1.74444e+09   0.533378 -0.505415 -0.903451 0.541919 -2.70959  9.30952
1.74444e+09    0.54696 -0.523311 -0.910641 0.692651 -2.65935   9.2198
1.74444e+09   0.550475  -0.54664 -0.914636  0.60293 -2.78855   9.2198
1.74444e+09   0.550316 -0.571887 -0.909842 0.337354 -2.97517  9.29875
1.74444e+09   0.552872 -0.599371 -0.893544 0.118433  -3.0936  9.39924
1.74444e+09   0.558465 -0.626375 -0.875807 0.143555 -2.99312  9.55715
1.74444e+09   0.573166 -0.651622 -0.868297  0.41272 -2.67729  9.69712
1.74444e+09   0.593619 -0.678627 -0.869416  0.76084 -2.32559  9.73301
1.74444e+09   0.617108 -0.703873 -0.872292  1.01924 -2.13179  9.71147
1.74444e+09   0.640757 -0.722569 -0.870374  1.11255 -2.17844  9.68994
1.74444e+09   0.658653 -0.732636 -0.866859  1.02283 -2.39377   9.6397
1.74444e+09   0.669039 -0.735672 -0.861426 0.789551 -2.62705  9.60381
1.74444e+09    0.68374  -0.72928 -0.846566 0.599341 -2.67371  9.77249
1.74444e+09   0.711863 -0.707708 -0.821319 0.620874 -2.42249  9.92322
1.74444e+09    0.74462  -0.67607 -0.786485 0.890039 -2.03848  9.77607
1.74444e+09   0.762676 -0.642514 -0.746218  1.29199 -1.74419  9.51768
1.74444e+09   0.759161    -0.608 -0.709466 1.46067 -1.5791 9.47102
1.74444e+09   0.742223 -0.567892 -0.671436 1.33506 -1.6437 9.48538
1.74444e+09    0.71378 -0.522193 -0.628453  1.11973 -1.79443  9.40283
1.74444e+09   0.680225 -0.470581 -0.573645 0.925928  -1.8375   9.2844
1.74444e+09   0.649705 -0.412737 -0.506373 0.868506 -1.73701  9.26646
1.74444e+09   0.628932 -0.351377 -0.435107  1.02642 -1.60781  9.24851
1.74444e+09   0.617747 -0.291456 -0.370712  1.33865 -1.52168  9.18032
1.74444e+09   0.611835 -0.233293  -0.31894  1.52886 -1.38889   9.1552
1.74444e+09   0.607361 -0.172573 -0.275637  1.58628 -1.27764  9.15879
1.74444e+09   0.602087 -0.110574 -0.239365 1.65088 -1.3207 9.17673
1.74444e+09    0.587067 -0.0578439  -0.208046  1.68677 -1.39966  9.08701
1.74444e+09    0.563259 -0.0241282  -0.184078 1.61858  -1.353 9.14084
1.74444e+09     0.550316 -0.00671117   -0.161068   1.5791 -1.18792  9.29158
1.74444e+09     0.55431 0.00878843  -0.138058  1.68677 -1.05513  9.39207
1.74444e+09   0.573645 0.0337156 -0.116966  1.74419 -1.00847   9.5105
1.74444e+09    0.595696  0.0723847 -0.0977913   1.69036 -0.994116   9.53203
1.74444e+09    0.606082   0.120801 -0.0792557   1.61858 -0.972583    9.5105
1.74444e+09    0.601928   0.167779 -0.0607201   1.56475 -0.947461   9.40642
1.74444e+09     0.57732   0.201974 -0.0417051   1.48579 -0.843384   9.25569
1.74444e+09    0.537213   0.223066 -0.0209324   1.37813 -0.628052   9.26287
1.74444e+09    0.496147    0.23521 0.00319579  1.36018 -0.41272  9.28081
1.74444e+09   0.465947  0.245757 0.0297209   1.37095 -0.305054   9.49973
1.74444e+09   0.459235  0.261096 0.0549676   1.43555 -0.269165    9.7689
1.74444e+09   0.469142  0.275158 0.0749414   1.60422 -0.208154   9.82273
1.74444e+09  0.483364 0.271483 0.086606   1.79802 -0.111255   9.72224
1.74444e+09   0.496307  0.244638 0.0931574    1.93799 -0.0215332    9.50691
1.74444e+09   0.502379  0.200856 0.0982706  1.98823 0.053833  9.34182
1.74444e+09  0.505575 0.153398 0.103703  1.93081 0.147144  9.37053
1.74444e+09    0.5166 0.115848 0.110095  1.74419 0.183032  9.60381
1.74444e+09   0.536254 0.0998685  0.116646  1.51091 0.154321  9.94475
1.74444e+09  0.562619 0.103703 0.119523  1.44631 0.114844  10.0955
1.74444e+09  0.588346 0.118884 0.117605  1.51091 0.104077  10.1063
1.74444e+09  0.618865 0.138378 0.111373   1.58987 0.0968994   10.1242
1.74444e+09  0.654498 0.156594 0.103064  1.66165 0.118433    9.995
1.74444e+09   0.685338    0.1673 0.0941161  1.66165 0.139966  9.82632
1.74444e+09   0.708028  0.177367 0.0848483   1.5468 0.179443  9.85862
1.74444e+09   0.724327  0.192227 0.0779774  1.39607 0.200977  9.94834
1.74444e+09   0.732636  0.218113 0.0711064  1.24893 0.244043  10.0811
1.74444e+09   0.739666  0.251829 0.0671117  1.15203 0.229688  10.1565
1.74444e+09   0.743501   0.28075 0.0666323   1.1592 0.283521   10.135
1.74444e+09   0.750532  0.299765 0.0707868 1.16997 0.31582  10.135
1.74444e+09   0.763795  0.305518 0.0818123 1.19509 0.34812 10.0058
1.74444e+09   0.771784  0.300405 0.0953944  1.24175 0.427075  9.78325
1.74444e+09   0.76747 0.290817 0.108018  1.27764 0.563452  9.58228
1.74444e+09  0.756125 0.282668 0.122718   1.1915 0.692651  9.62175
1.74444e+09  0.741744 0.277874 0.137259  1.13767 0.778784  9.62175
1.74444e+09  0.717136 0.273081 0.148924  1.11614 0.915161  9.57869
1.74444e+09  0.690611  0.26589 0.158991 1.10178 1.03359 9.53203
1.74444e+09  0.668081 0.256303 0.167939 1.10896 1.11973 9.51409
1.74444e+09  0.652261 0.247035 0.175609 1.12332 1.15562 9.53921
1.74444e+09  0.638839 0.239045  0.18232 1.16997 1.19868  9.4136
1.74444e+09  0.621582 0.233612 0.189191 1.14126 1.30635 9.32388
1.74444e+09  0.601928 0.237607  0.19734 1.08384  1.3853 9.27004
1.74444e+09  0.578439 0.252947 0.201814 1.10537 1.48938 9.17673
1.74444e+09  0.548878 0.271003 0.201814 1.10537 1.56833 9.04753
1.74444e+09   0.51628  0.28842 0.198778 1.06589 1.62576 8.95422
1.74444e+09   0.48656 0.301523 0.199098 0.95105 1.64729 8.97935
1.74444e+09  0.466586 0.314466 0.207087 0.775195  1.63293  9.13367
1.74444e+09  0.459715 0.325651 0.224504 0.620874   1.6114  9.31311
1.74444e+09  0.459875 0.333801 0.244159 0.588574  1.60781  9.42437
1.74444e+09  0.459715 0.338594 0.261096 0.653174  1.64011   9.4459
1.74444e+09  0.457318 0.343708 0.269405 0.746484    1.676   9.4136
1.74444e+09  0.449648 0.348821 0.264612 0.821851  1.72625  9.35259
1.74444e+09  0.442298 0.354733 0.253426 0.829028  1.78008  9.31311
1.74444e+09  0.436705 0.358248 0.240324 0.857739   1.8052   9.2521
1.74444e+09  0.433669 0.357449  0.22786 0.818262  1.85186   9.2521
1.74444e+09  0.435906 0.354254 0.222747 0.692651  1.89133  9.34182
1.74444e+09   0.44038  0.34914 0.224345 0.556274  1.92004   9.4136
1.74444e+09  0.444375 0.346903 0.230576 0.41272  1.9344 9.52126
1.74444e+09  0.441978 0.348981 0.236648 0.373242   1.9344  9.50691
1.74444e+09  0.432231 0.354094 0.239525 0.41272 1.99182 9.43872
1.74444e+09  0.419288 0.357449 0.238566 0.513208  2.01694  9.33464
1.74444e+09  0.403788 0.356011 0.233133 0.620874  2.04924  9.15879
1.74444e+09  0.384454 0.348182 0.226742 0.66394 2.06719 9.02959
1.74444e+09  0.365279 0.335079 0.224504 0.595752  2.10308  8.98652
1.74444e+09  0.348821 0.320858 0.229937 0.387598  2.14255  9.06907
1.74444e+09   0.33396 0.313667 0.243999 0.175854  2.18203  9.20186
1.74444e+09  0.320218 0.315425 0.261416 0.0753662   2.21074   9.30952
1.74444e+09  0.305997 0.324693 0.275957 0.0394775   2.26458    9.4136
1.74444e+09   0.29609 0.340032 0.289699 0.0861328   2.31123   9.49255
1.74444e+09   0.28858 0.356171 0.297369 0.22251 2.30764 9.41001
1.74444e+09  0.282508 0.370073 0.300085 0.384009    2.322  9.28799
1.74444e+09  0.276756  0.37998 0.300564 0.480908  2.37942  9.17314
1.74444e+09  0.271003 0.385732 0.303121 0.427075  2.45837  9.16238
1.74444e+09   0.26589 0.391804 0.309193 0.229688  2.53015  9.30952
1.74444e+09  0.262534 0.400752 0.321337 0.0861328   2.55886    9.4459
1.74444e+09  0.255663 0.407464 0.330125 0.136377  2.58757  9.45308
1.74444e+09  0.245916 0.407783 0.335239 0.247632  2.62705   9.4459
1.74444e+09  0.238886  0.40251 0.336517 0.362476  2.63064  9.39207
1.74444e+09  0.234571 0.392923 0.335079 0.44502 2.63423 9.33823
1.74444e+09  0.234571 0.383655 0.333481 0.437842  2.64858  9.32747
1.74444e+09  0.231056 0.377743 0.331564 0.387598  2.66653  9.26646
1.74444e+09  0.225144 0.378062 0.329007 0.154321  2.75625   9.3813
1.74444e+09  0.226582 0.386052 0.337795 -0.172266   2.83521   9.63611
1.74444e+09  0.234411 0.400433 0.351218 -0.294287   2.84238   9.72224
1.74444e+09  0.237288 0.417371 0.360166 -0.183032   2.81008   9.56792
1.74444e+09  0.232494 0.431272 0.363202       0 2.82085 9.40283
1.74444e+09  0.226582  0.44038 0.360006 0.143555  2.85674  9.30234
1.74444e+09  0.222907  0.44837 0.352656 0.218921  2.84956  9.22339
1.74444e+09  0.216994 0.456998 0.343548 0.208154  2.85315  9.11931
1.74444e+09  0.210922 0.470101 0.338435 0.0322998   2.89263   9.08701
1.74444e+09   0.20533 0.492472 0.339713 -0.276343   2.95364   9.19109
1.74444e+09  0.199418 0.521713 0.348981 -0.477319   2.98953   9.29158
1.74444e+09  0.191588  0.54712 0.360805 -0.495264   2.98235   9.29158
1.74444e+09  0.181841  0.56214 0.370872 -0.391187   2.93928   9.24133
1.74444e+09  0.168259  0.56198 0.377104 -0.172266   2.90698    9.1229
1.74444e+09  0.150362  0.54696 0.374707 0.0681885   2.86392   8.97935
1.74444e+09  0.129589 0.517399  0.36464 0.208154   2.8675  8.80708
1.74444e+09  0.105941 0.479848 0.351857 0.104077  2.91775  8.79631
1.74444e+09  0.0867658  0.444854  0.347383 -0.308643   3.01465   9.03318
1.74444e+09  0.0739826  0.420087   0.35713 -0.757251   3.08643   9.27722
1.74444e+09  0.0610397  0.406345  0.375666 -0.940283   3.09001   9.32747
1.74444e+09  0.0456998  0.397397     0.395 -0.893628   3.08284   9.30234
1.74444e+09  0.0327569  0.390846  0.408902 -0.782373   3.07207   9.28081
1.74444e+09  0.0172573  0.383335  0.415453 -0.617285   3.02183    9.1552
1.74444e+09  0.00127832   0.373748   0.415932 -0.53833  2.98594  9.07625
1.74444e+09  -0.0140615   0.366238   0.415932 -0.53833  2.97158  8.97576
1.74444e+09  -0.0314786   0.363841   0.416891 -0.617285   3.00747   8.93269
1.74444e+09  -0.0500142   0.369593   0.419927 -0.764429   3.05413   9.02241
1.74444e+09  -0.0669519   0.379181   0.425839 -0.893628   3.06848   9.11931
1.74444e+09  -0.0840494   0.392603   0.434947 -0.958228   3.05054   9.16956
1.74444e+09  -0.0979511   0.407783   0.444215 -0.965405    2.9967   9.18032
1.74444e+09  -0.112652  0.423443  0.448849 -0.900806   2.93569   9.08342
1.74444e+09  -0.127352  0.439741  0.451086 -0.864917   2.94287   9.01882
1.74444e+09  -0.14397 0.455401 0.450447 -0.875684    2.9967   8.97935
1.74444e+09  -0.162027  0.472338   0.44853 -0.990527   3.06489   9.06189
1.74444e+09    -0.182 0.491353 0.445174 -1.04795  3.07925  9.10137
1.74444e+09  -0.202613  0.506693  0.439901 -1.00847  3.07925  9.06548
1.74444e+09  -0.221788  0.517719   0.43335 -1.01565  3.10796  9.09778
1.74444e+09  -0.236489  0.524589    0.4252 -1.09102  3.09001  9.16956
1.74444e+09  -0.248313  0.528904  0.414335 -1.15562    3.029  9.14802
1.74444e+09  -0.261096  0.535775  0.403948 -1.28481  3.00029  9.07266
1.74444e+09  -0.275797  0.552073  0.397077 -1.50374   2.9967  9.06548
1.74444e+09  -0.292894  0.577959  0.398036 -1.72266   2.9967  9.15879
1.74444e+09  -0.308554  0.604804   0.40251 -1.70112  2.94646  9.19468
1.74444e+09  -0.321337  0.619824  0.403309 -1.53245  2.87827  9.14802
1.74444e+09  -0.329966  0.618706  0.402191 -1.39966  2.82444  9.11213
1.74444e+09  -0.335558  0.604325  0.398675 -1.32429  2.74548  9.07625
1.74444e+09  -0.344027  0.581634  0.393402 -1.32429  2.66294  8.98293
1.74444e+09  -0.363841  0.555589  0.384294 -1.36736  2.64141  8.86809
1.74444e+09  -0.392124  0.533857  0.375026 -1.4822 2.66294 8.82144
1.74444e+09  -0.420886  0.517719  0.367836 -1.58628  2.70959  8.87527
1.74444e+09  -0.443736  0.503337   0.35697 -1.57192  2.72395  8.94705
1.74444e+09  -0.45588 0.485121 0.343867 -1.59705  2.73472  9.04395
1.74444e+09  -0.457957  0.466426  0.335718 -1.72983  2.70959  9.16956
1.74444e+09  -0.457158  0.451725  0.333481 -1.81238  2.63782  9.16238
1.74444e+09  -0.463869  0.446452  0.330445 -1.82314  2.51221  9.01523
1.74444e+09  -0.482565  0.451725   0.32693 -1.82314  2.43325  8.83579
1.74444e+09  -0.504776  0.468024  0.327569 -1.90569  2.44761  8.74607
1.74444e+09  -0.525708  0.492152  0.335079 -2.13179  2.53374  8.87886
1.74444e+09  -0.536414  0.521553  0.347223 -2.29688  2.58398  9.14802
1.74444e+09  -0.536254  0.552872  0.353934 -2.31841  2.56245  9.36694
1.74444e+09  -0.530661  0.581954  0.352816 -2.24304  2.49067  9.42078
1.74444e+09  -0.526986  0.606082  0.345465 -2.12102  2.40813  9.33464
1.74444e+09  -0.530661  0.626056  0.333641 -2.04565  2.33276  9.16597
1.74444e+09  -0.542166  0.650184  0.320538 -2.06001  2.27175  8.99729
1.74444e+09  -0.558784  0.681183  0.315105 -2.13538  2.19998  8.86809
1.74444e+09  -0.579238  0.716816  0.313028 -2.31482  2.16768  8.90039
1.74444e+09  -0.594418  0.750212  0.313188 -2.45479  2.16409  9.06548
1.74444e+09  -0.600809  0.771784  0.309033 -2.43684  2.13896  9.24492
1.74444e+09  -0.597613  0.777377  0.300884  -2.322 2.04924  9.3167
1.74444e+09  -0.593938  0.769387   0.28874 -2.21074  1.95593  9.27004
1.74444e+09  -0.597613  0.750852   0.27324 -2.06719  1.88057  9.14802
1.74444e+09  -0.611355  0.725285  0.254545 -2.02771  1.83391  9.02241
1.74444e+09  -0.63037   0.6986 0.236009 -2.25022  1.84109  9.03318
1.74444e+09  -0.645071  0.678467  0.224984 -2.72036  1.83032  9.21262
1.74444e+09  -0.651462  0.666802   0.22067 -3.10796  1.81597  9.42795
1.74444e+09  -0.648107   0.66057  0.217634 -3.23716   1.7729   9.5751
1.74444e+09  -0.637081  0.651303  0.210283 -3.11155  1.69395  9.59663
1.74444e+09  -0.629092  0.637081  0.195742 -2.89263  1.56116  9.46384
1.74444e+09  -0.631009  0.616149  0.175769 -2.68447  1.45349   9.2198
1.74444e+09  -0.644432  0.588665  0.156913 -2.58757    1.353  9.04036
1.74444e+09  -0.662648  0.557027   0.14429 -2.75625  1.29199  8.99729
1.74444e+09  -0.682621  0.522672  0.134383 -3.02542  1.26687  9.07625
1.74444e+09  -0.695884  0.491833  0.125595 -3.31252   1.2884  9.27004
1.74444e+09  -0.701317  0.465787  0.119682 -3.46685   1.2884  9.39207
1.74444e+09  -0.700837  0.444695   0.11393 -3.45249  1.23098  9.43154
1.74444e+09  -0.697482  0.424561  0.105941 -3.29099  1.11255  9.35618
1.74444e+09  -0.699559  0.403309 0.0907605 -3.12231  1.00488  9.19468
1.74444e+09  -0.706909  0.382057 0.0752609 -3.00388 0.915161  9.03677
1.74444e+09  -0.717296  0.365918 0.0627973 -3.19409 0.872095  9.04753
1.74444e+09   -0.72145  0.355532 0.0619984 -3.57451 0.832617  9.23057
1.74444e+09  -0.718574  0.346744 0.0634365 -3.75754 0.782373   9.4136
1.74444e+09  -0.705791  0.337795 0.0596015 -3.78984 0.753662  9.55715
1.74444e+09  -0.687415   0.32677 0.0516121   -3.675 0.717773  9.53921
1.74444e+09    -0.6684  0.312868 0.0380299  -3.4489 0.653174  9.39565
1.74444e+09  -0.658973  0.298327 0.0183758 -3.22998 0.541919  9.19109
1.74444e+09    -0.663287    0.279632 -0.00287621 -3.04336 0.427075  8.98652
1.74444e+09   -0.675271   0.257901 -0.0210922 -3.11514 0.358887  8.96858
1.74444e+09   -0.679905   0.229618 -0.0305198 -3.42378 0.322998  9.17314
1.74444e+09   -0.671596    0.19734 -0.0338754 -3.68936 0.272754   9.3813
1.74444e+09   -0.654019   0.162346 -0.0415453  -3.7396 0.193799  9.48538
1.74444e+09   -0.635164   0.131187 -0.0503337 -3.70371 0.168677  9.47102
1.74444e+09   -0.625097    0.10658 -0.0611994 -3.54939 0.122021  9.28799
1.74444e+09    -0.63085  0.0891626 -0.0806938  -3.38789 0.0107666   9.07266
1.74444e+09  -0.644272  0.076699 -0.105301   -3.30894 -0.0825439    8.92551
1.74444e+09  -0.652901 0.0631169 -0.128151  -3.43096 -0.136377   8.96858
1.74444e+09  -0.648107 0.0479369 -0.139337  -3.70371 -0.179443   9.18391
1.74444e+09  -0.631489 0.0282828 -0.140455 -3.87598 -0.25481  9.33464
1.74444e+09  -0.612474 0.0105461 -0.143491  -3.85444 -0.337354   9.33823
1.74444e+09     -0.601928 -0.000958738    -0.152919  -3.72166 -0.430664   9.20903
1.74444e+09   -0.605123 -0.0076699   -0.16714  -3.53503 -0.545508   9.03318
1.74444e+09   -0.619664 -0.0139017  -0.185196  -3.37354 -0.660352   8.87527
1.74444e+09    -0.63852 -0.0265251  -0.203252  -3.33406 -0.746484   8.80349
1.74444e+09   -0.652901 -0.0479369  -0.217793  -3.40583 -0.796729    8.8322
1.74444e+09   -0.654019 -0.0735032  -0.229138   -3.5781 -0.775195   9.00806
1.74444e+09   -0.642195 -0.0933172  -0.237288  -3.76113 -0.800317    9.1552
1.74444e+09  -0.629571 -0.100188 -0.244958   -3.8042 -0.922339   9.18032
1.74444e+09   -0.626216 -0.0945955  -0.256143 -3.80779 -1.08025  9.11931
1.74444e+09   -0.633886 -0.0819721   -0.26573 -3.81855 -1.26328  9.02959
1.74444e+09   -0.645071 -0.0707868  -0.272921 -3.75754 -1.40684   8.9291
1.74444e+09   -0.654498 -0.0664725  -0.280431 -3.68218 -1.48938  8.80708
1.74444e+09  -0.660251 -0.070627 -0.289858 -3.68936 -1.49297  8.73889
1.74444e+09  -0.662168 -0.080534  -0.29657 -3.85803 -1.50015  8.81426
1.74444e+09   -0.664885 -0.0915595  -0.302162 -3.96929 -1.57192  8.86809
1.74444e+09   -0.66872 -0.100508 -0.310631 -4.05901 -1.64011  8.97576
1.74444e+09  -0.669998 -0.105301  -0.31942 -4.14873 -1.76572  9.08342
1.74444e+09  -0.668081 -0.110415 -0.324373 -4.10925 -1.91646  9.09778
1.74444e+09  -0.666323 -0.118884 -0.329486 -4.04465 -2.05283  8.99729
1.74444e+09  -0.667441 -0.127193 -0.333801 -3.94417  -2.1605  8.83938
1.74444e+09  -0.677029 -0.128311 -0.341311 -3.82573 -2.22151  8.67429
1.74444e+09  -0.693807 -0.115688 -0.352975 -3.88674 -2.30764  8.62405
1.74444e+09   -0.724167 -0.0709466  -0.368795 -4.08054 -2.44043  8.58457
1.74444e+09   -0.734873 -0.0222108  -0.372949 -3.98364 -1.88057  8.78914
1.74444e+09     -0.728481 -0.000639159    -0.380779 -3.91187 -2.15691  8.97217
1.74444e+09    -0.700358 -0.00431432   -0.392763 -3.84368 -2.46555  9.09419
1.74444e+09   -0.667601 -0.0306796  -0.408742  -3.8042 -2.48708  9.11572
1.74444e+09  -0.635324 -0.074462 -0.419927 -3.79702  -2.4835  9.13726
1.74444e+09  -0.602886 -0.127672 -0.421525  -3.8042 -2.63064  9.21262
1.74444e+09  -0.565815 -0.187114 -0.415453 -3.77549 -2.78855   9.3167
1.74444e+09  -0.525868 -0.246076 -0.411299 -3.63911 -2.84597  9.39207
1.74444e+09  -0.482245 -0.307116 -0.413056 -3.42019 -2.88186   9.4136
1.74444e+09  -0.433509 -0.368635 -0.415932 -3.21921 -2.88186  9.38489
1.74444e+09  -0.381578 -0.432391 -0.419128 -3.01106 -2.88904  9.29158
1.74444e+09  -0.337156 -0.496307 -0.425839 -2.84956 -2.90339  9.15879
1.74444e+09  -0.304399 -0.558145 -0.441179 -2.81367 -2.89622  9.13726
1.74444e+09  -0.277874 -0.619664 -0.457638 -2.91057 -2.92852  9.24851
1.74444e+09  -0.248633  -0.67575 -0.471539 -2.97876   -3.029  9.39207
1.74444e+09   -0.22035 -0.726883 -0.484482  -2.8998 -3.06848  9.39565
1.74444e+09  -0.193026 -0.771145 -0.500142 -2.74189 -3.04695  9.26287
1.74444e+09  -0.171295 -0.809175 -0.515481 -2.56604 -3.05771  9.10496
1.74444e+09  -0.151481 -0.846885 -0.529064 -2.42607 -3.07925  9.00088
1.74444e+09  -0.135661 -0.886673 -0.543445 -2.40813 -3.13667  8.97217
1.74444e+09  -0.118085 -0.923105  -0.55463 -2.50503 -3.19409  9.05471
1.74444e+09  -0.0937965   -0.94931  -0.560862 -2.55527 -3.24075  9.17673
1.74444e+09  -0.0655138  -0.965289  -0.566934 -2.42607 -3.31252  9.14802
1.74444e+09  -0.0413855  -0.970722  -0.574124  -2.2251 -3.35918  9.02241
1.74444e+09  -0.0270045  -0.966727  -0.582593 -2.11384   -3.352  8.90398
1.74444e+09  -0.0230097  -0.957619  -0.590103 -1.99541  -3.3843  8.79631
1.74444e+09  -0.021252 -0.946594 -0.597773 -1.94158 -3.45249  8.75684
1.74444e+09  -0.015979 -0.935089 -0.605443 -1.98823 -3.48479   8.8645
1.74444e+09          0 -0.918311 -0.608319  -2.0313 -3.46685    9.026
1.74444e+09  0.0218912 -0.894183 -0.604325 -1.90928 -3.45249  9.06189
1.74444e+09  0.0391485  -0.86606 -0.597773 -1.70471 -3.45249  9.00447
1.74444e+09  0.0426638 -0.836659 -0.595217 -1.59346 -3.47761  8.97217
1.74444e+09  0.0380299 -0.807897 -0.590902 -1.60063 -3.55298  8.97576
1.74444e+09   0.028123 -0.786804 -0.585789 -1.54321  -3.7073  8.97576
1.74444e+09  0.0183758  -0.77498 -0.579078 -1.50015 -3.83291  9.00447
1.74444e+09  0.0143811 -0.768269 -0.572047  -1.4176 -3.82573   9.0583
1.74444e+09  0.0223706 -0.753568 -0.571568 -1.25251 -3.71448  9.23416
1.74444e+09  0.0455401 -0.730718 -0.573166 -1.02283 -3.58887  9.32029
1.74444e+09  0.0701477 -0.699559 -0.580835 -0.742896  -3.52068   9.22698
1.74444e+09  0.0862864 -0.662328 -0.593459 -0.617285  -3.50273   9.14802
1.74444e+09  0.0947553 -0.621742 -0.606562 -0.674707   -3.5135   9.13726
1.74444e+09   0.100188 -0.581954 -0.613592 -0.746484  -3.58887    9.1552
1.74444e+09   0.108497 -0.550316 -0.618066 -0.750073   -3.6427   9.20186
1.74444e+09   0.123358 -0.529383 -0.619025 -0.660352  -3.58887    9.2844
1.74444e+09    0.14461 -0.512925  -0.61567 -0.513208  -3.47043   9.37053
1.74444e+09   0.166181 -0.494869 -0.611994 -0.326587  -3.34841   9.41001
1.74444e+09   0.183598 -0.475055 -0.611355 -0.154321  -3.26587   9.38489
1.74444e+09   0.192547 -0.456359 -0.613592 -0.0897217   -3.29817    9.37053
1.74444e+09   0.194464 -0.442138 -0.617587 -0.147144  -3.35918   9.43513
1.74444e+09   0.196222 -0.437983 -0.621102 -0.204565  -3.42737   9.46743
1.74444e+09   0.203732 -0.443097 -0.622381 -0.247632  -3.44531    9.5751
1.74444e+09   0.225303 -0.456679 -0.622541 -0.161499   -3.3843   9.70071
1.74444e+09   0.259498 -0.476013 -0.623339 0.0143555  -3.23357   9.75813
1.74444e+09   0.298487 -0.495348 -0.625896 0.287109 -3.05054  9.72224
1.74444e+09   0.330924 -0.514842 -0.632607 0.516797 -2.91416  9.62175
1.74444e+09   0.353934 -0.530661 -0.642195 0.595752 -2.89263  9.52485
1.74444e+09   0.368954 -0.542646 -0.649705 0.509619 -2.90698  9.50691
1.74444e+09   0.379341 -0.552712 -0.652421 0.344531 -2.95723  9.51768
1.74444e+09   0.389567 -0.561501 -0.651462 0.172266 -2.94646   9.6074
1.74444e+09   0.409221 -0.563418 -0.649225 0.143555 -2.82085  9.78684
1.74444e+09   0.443416 -0.558784  -0.64571 0.279932  -2.6127  9.88015
1.74444e+09   0.483204 -0.553671 -0.642834 0.534741 -2.41531  9.79402
1.74444e+09   0.518677  -0.55431 -0.640597 0.764429 -2.26458  9.61099
1.74444e+09  0.547919  -0.5623  -0.6382 0.890039 -2.26099  9.47102
1.74444e+09   0.572526 -0.575722 -0.634685 0.915161 -2.36147  9.35259
1.74444e+09    0.59234  -0.59234 -0.629731 0.868506 -2.42249  9.27722
1.74444e+09   0.611835 -0.608958 -0.621742 0.832617 -2.36147  9.33464
1.74444e+09   0.637241 -0.620623 -0.608958 0.843384 -2.20715  9.48538
1.74444e+09   0.669039 -0.627973 -0.594897 0.961816 -2.04565  9.50691
1.74444e+09   0.695405 -0.628613 -0.584351   1.1269 -1.94158  9.45667
1.74444e+09   0.709945 -0.619345 -0.579397  1.18792 -1.93081  9.45308
1.74444e+09   0.716337  -0.59985 -0.580995  1.14485 -1.92722  9.51768
1.74444e+09   0.721291 -0.573485 -0.583712   1.0946 -1.97029  9.52485
1.74444e+09   0.725605   -0.5468 -0.581954  1.01565 -1.99182  9.45667
1.74444e+09    0.72928 -0.520275 -0.573485 0.994116 -1.89492  9.44949
1.74444e+09   0.733914 -0.492152 -0.561341  1.08384 -1.76213  9.44949
1.74444e+09   0.735032 -0.465308 -0.550156  1.25251 -1.66882  9.42795
1.74444e+09   0.728162 -0.440221 -0.542646  1.36018 -1.63293  9.38489
1.74444e+09    0.71394 -0.415293 -0.535615  1.34583 -1.64729   9.4459
1.74444e+09   0.696363 -0.386691 -0.525388 1.37454  -1.676 9.48538
1.74444e+09   0.682462 -0.359367 -0.513564  1.39607 -1.66165  9.41001
1.74444e+09   0.674312 -0.336837 -0.496307  1.34941 -1.58628  9.37771
1.74444e+09   0.678786 -0.314466  -0.47138  1.42119 -1.40325  9.44231
1.74444e+09    0.69141 -0.283627 -0.446932  1.65088 -1.18792  9.46384
1.74444e+09   0.703554 -0.244958 -0.425999  1.85544 -1.06948  9.45308
1.74444e+09   0.708667 -0.202933 -0.406026 1.92722 -1.0623 9.42437
1.74444e+09   0.707708 -0.162826 -0.384933  1.99541 -1.14485  9.42795
1.74444e+09   0.699719  -0.12943 -0.363841  2.04565 -1.17356  9.35977
1.74444e+09   0.689173  -0.10642 -0.342429  2.04207 -1.13049  9.27004
1.74444e+09    0.682302 -0.0867658  -0.316863  1.96311 -1.02283  9.29875
1.74444e+09     0.68374 -0.0626375  -0.294652   1.92363 -0.843384   9.42795
1.74444e+09     0.69109 -0.0329167  -0.278833   2.00259 -0.721362   9.56074
1.74444e+09      0.704353 -0.000639159    -0.271642   2.08154 -0.678296   9.71506
1.74444e+09   0.724646  0.028123 -0.269086   2.14255 -0.674707   9.74377
1.74444e+09   0.750692 0.0541687 -0.265411   2.18562 -0.685474   9.68276
1.74444e+09   0.778016 0.0786165 -0.262694   2.21074 -0.714185   9.53203
1.74444e+09   0.798309  0.104662 -0.259019   2.14614 -0.707007   9.40283
1.74444e+09   0.805659  0.132945 -0.256143   2.03489 -0.588574   9.43872
1.74444e+09   0.801505  0.160589 -0.256462    1.9667 -0.358887   9.52485
1.74444e+09    0.79783  0.179923 -0.255344   1.94158 -0.132788   9.63252
1.74444e+09    0.79735  0.189191 -0.249432    1.9667 0.0179443   9.70789
1.74444e+09   0.800227  0.186794 -0.238886   1.98464 0.0933105   9.75813
1.74444e+09   0.805659  0.173372 -0.224025 2.01694 0.12561 9.69712
1.74444e+09    0.81285  0.154836 -0.202294  2.00977 0.132788  9.53203
1.74444e+09    0.82068  0.142053 -0.173851  1.94158 0.161499  9.38489
1.74444e+09   0.821958  0.145089 -0.142373   1.8698 0.233276  9.38848
1.74444e+09   0.815566  0.162346 -0.115528  1.81956 0.366064  9.47102
1.74444e+09   0.807577  0.180562 -0.093477  1.80161 0.545508  9.57151
1.74444e+09   0.801665  0.191748 -0.076699   1.8698 0.699829  9.57151
1.74444e+09    0.798309   0.193505 -0.0651942  1.94517 0.818262  9.61099
1.74444e+09    0.799747   0.190949 -0.0578439  1.98823 0.861328  9.63252
1.74444e+09    0.803902   0.187433 -0.0544883   2.0313 0.879272  9.59304
1.74444e+09    0.804221   0.186155 -0.0520914  2.0636 0.91875 9.52485
1.74444e+09    0.799268   0.193825 -0.0495348  2.06001 0.997705  9.46384
1.74444e+09    0.786485   0.213159 -0.0495348 2.02053 1.13049 9.42078
1.74444e+09    0.768588   0.239684 -0.0508131  1.9344 1.30276 9.36335
1.74444e+09    0.748135   0.269405 -0.0460194 1.82673 1.49297   9.349
1.74444e+09    0.730718   0.299286 -0.0370712  1.7729 1.60422 9.37412
1.74444e+09    0.710744   0.327409 -0.0249272 1.76572  1.6437 9.29875
1.74444e+09    0.686936   0.354893 -0.0102265 1.70112 1.67241 9.21621
1.74444e+09   0.663447  0.383016 0.0110255 1.61858 1.67959 9.21621
1.74444e+09   0.642514  0.406345 0.0373908 1.55398 1.70112 9.29875
1.74444e+09   0.624138  0.424401 0.0647148 1.50732 1.78367 9.39924
1.74444e+09   0.604325  0.439422 0.0880441 1.45349 1.87339 9.48538
1.74444e+09  0.585789 0.453962 0.108018 1.40325 1.95593 9.53562
1.74444e+09  0.573166 0.471699 0.123997 1.35659 2.00259 9.55356
1.74444e+09  0.560542 0.490235 0.135981 1.36018 2.03848 9.45667
1.74444e+09  0.548238 0.507812  0.14397 1.39248 2.06001 9.36694
1.74444e+09  0.540409 0.519956   0.1518 1.47502 2.07795  9.2521
1.74444e+09  0.533378 0.526028 0.157233 1.48938 2.10308 9.23057
1.74444e+09  0.531301 0.526827 0.164583  1.4176 2.17126 9.30234
1.74444e+09  0.528584 0.526187 0.169697 1.42119 2.22869  9.2844
1.74444e+09  0.523631 0.524589 0.171135 1.36736 2.32559 9.27363
1.74444e+09  0.518997 0.526667 0.172573 1.25251 2.40095 9.29158
1.74444e+09  0.514842 0.534177 0.172892 1.17715 2.44761 9.25569
1.74444e+09  0.514203 0.544244 0.175609 1.08743 2.47273 9.25569
1.74444e+09  0.514363 0.555429 0.181361    1.03 2.44043 9.16956
1.74444e+09  0.506693 0.565975 0.185036 1.06948 2.44043 8.92551
1.74444e+09  0.488637 0.575083 0.188871 1.02283 2.47991 8.74607
1.74444e+09  0.466266 0.580516 0.196861 0.890039  2.58398  8.64917
1.74444e+09   0.44837 0.585629 0.210922 0.66394 2.69165 8.77119
1.74444e+09  0.436226 0.589464 0.225783 0.50603 2.73113 8.85374
1.74444e+09  0.420726 0.591541 0.238406 0.452197  2.73472  8.77478
1.74444e+09  0.399794 0.589784 0.249432 0.53833 2.73831 8.56304
1.74444e+09  0.368795 0.581794 0.256622 0.667529  2.75625  8.33694
1.74444e+09  0.333481 0.566614 0.261895 0.681885  2.82803  8.22568
1.74444e+09  0.302642 0.548398 0.268606 0.44502 2.91057 8.43384
1.74444e+09  0.277075 0.536893 0.282189 0.15791 2.97517 8.63481
1.74444e+09  0.252468 0.536254 0.298008 -0.00717773     3.04336     8.76401
1.74444e+09   0.22802 0.545202 0.314786 -0.0322998    3.12231    8.79272
1.74444e+09  0.207886 0.560382 0.329327 0.00717773    3.16897    8.81785
1.74444e+09  0.195103 0.575722 0.340672 0.104077  3.20486  8.85015
1.74444e+09   0.18216 0.583552 0.346104 0.272754  3.21563  8.81785
1.74444e+09  0.165862 0.579557 0.343867 0.50603  3.2874 8.75684
1.74444e+09  0.144929 0.563738  0.33396 0.606519  3.37354  8.77837
1.74444e+09  0.127832 0.543764 0.321976 0.437842  3.48838  9.00447
1.74444e+09  0.123517 0.525229 0.320378 0.0394775    3.6104   9.42795
1.74444e+09  0.133744 0.514523  0.32677 -0.287109   3.66782   9.77966
1.74444e+09  0.150202 0.509729  0.33396 -0.34812  3.62476  9.88015
1.74444e+09   0.16714 0.505734 0.335878 -0.19021  3.57092  9.76172
1.74444e+09  0.178325 0.497425 0.330445 0.0789551   3.48479   9.46384
1.74444e+09   0.17497 0.483524 0.315585 0.355298  3.40225  9.09778
1.74444e+09  0.158192  0.46339 0.296729 0.584985  3.33406  8.69583
1.74444e+09  0.128631 0.439102 0.277235 0.584985  3.32688  8.48408
1.74444e+09  0.0985902  0.417371   0.26589 0.25481 3.39507  8.6061
1.74444e+09  0.0794155  0.408742  0.268287 -0.297876   3.49556   8.99011
1.74444e+09  0.0703075  0.415134  0.283307 -0.653174   3.50632   9.23774
1.74444e+09  0.0608799  0.432071  0.294173 -0.707007   3.49197   9.26646
1.74444e+09  0.0482565  0.456359  0.298327 -0.574219   3.45249   9.16597
1.74444e+09  0.0349939   0.47857  0.293374 -0.384009   3.43813   9.04036
1.74444e+09  0.015979  0.49407 0.282348 -0.150732    3.3843   8.82502
1.74444e+09  -0.0127832   0.496786    0.26557 -0.0358887    3.34841    8.65276
1.74444e+09  -0.0442617   0.491193   0.251669 -0.179443   3.35918   8.67788
1.74444e+09  -0.0655138   0.484962   0.247674 -0.631641   3.43096   9.04753
1.74444e+09  -0.0627973    0.48592   0.260937 -1.18792  3.50632  9.58228
1.74444e+09  -0.0452205   0.492632   0.279632 -1.39607  3.49197  9.81555
1.74444e+09  -0.028123  0.497745    0.2889 -1.19868  3.41301  9.75095
1.74444e+09  -0.0162985    0.49343   0.287941 -0.850562   3.31611   9.52485
1.74444e+09  -0.0131028   0.479369   0.280591 -0.502441   3.19768   9.15161
1.74444e+09  -0.0239684   0.456679   0.270524 -0.240454    3.1259    8.7676
1.74444e+09  -0.0488956   0.429195   0.259019 -0.139966   3.10078    8.4769
1.74444e+09  -0.0806938   0.400593   0.251669 -0.276343   3.11514   8.37642
1.74444e+09  -0.118085   0.37966   0.25087 -0.516797   3.14026   8.35847
1.74444e+09  -0.162666  0.369434  0.251988 -0.724951   3.16538   8.36206
1.74444e+09  -0.21268 0.370712 0.254066 -0.893628   3.17974   8.35129
1.74444e+09  -0.268127  0.378222  0.254545 -0.979761   3.14026   8.32976
1.74444e+09  -0.324533  0.384774  0.252468 -1.01565  3.13667  8.32258
1.74444e+09  -0.375186   0.38749  0.246396 -1.03718  3.11155  8.35129
1.74444e+09  -0.420247  0.392763  0.236968 -1.20227  3.10437  8.46614
1.74444e+09  -0.454122  0.406026  0.232334 -1.5145 3.09001  8.6707
1.74444e+09  -0.482725  0.431911  0.230896 -1.74778   3.0613  8.81067
1.74444e+09  -0.512605  0.468184  0.228659 -1.75854  3.03618  8.89321
1.74444e+09  -0.541527  0.509409  0.219072 -1.61858  2.99312  8.87886
1.74444e+09  -0.567573  0.545841  0.204211 -1.35659  2.91416  8.83938
1.74444e+09  -0.590742  0.572526  0.181841 -1.07666  2.78855  8.77478
1.74444e+09  -0.614551  0.586428  0.154037 -0.95105  2.70959  8.77478
1.74444e+09  -0.639478  0.588026  0.126074 -1.01924  2.65217  8.81426
1.74444e+09  -0.666802  0.586907  0.103863 -1.25969    2.645  8.91116
1.74444e+09  -0.697162   0.58531 0.0906007 -1.47144  2.69165  9.03318
1.74444e+09  -0.727043  0.579557 0.0821319 -1.58269  2.72754   9.2198
1.74444e+09  -0.754047  0.564856 0.0759001 -1.53962  2.64141   9.2844
1.74444e+09  -0.780732  0.541048 0.0664725 -1.43196  2.53015  9.24133
1.74444e+09  -0.808695  0.512286  0.052411 -1.30994  2.41172  9.18032
1.74444e+09  -0.834901  0.487199 0.0373908 -1.26687  2.29329  9.17314
1.74444e+09  -0.857431  0.468663 0.0217314 -1.29558  2.23586  9.26646
1.74444e+09   -0.870534   0.456839 0.00910801 -1.58628  2.22151  9.57151
1.74444e+09   -0.870374   0.450926 0.00367516 -2.00259   2.1928  9.97346
1.74444e+09   -0.848164   0.446452 0.00798948 -2.27893  2.14614  10.4292
1.74444e+09  -0.802623   0.43271 0.0108657 -2.24304  2.02412  10.7164
1.74444e+09  -0.748615   0.40235  0.003036 -1.94875  1.87698  10.7056
1.74444e+09   -0.697801   0.350259 -0.0167779 -1.56116  1.75496  10.4974
1.74444e+09   -0.662328   0.277714 -0.0434628 -1.17356  1.66523  10.1457
1.74444e+09   -0.647628   0.192067 -0.0760599 -0.947461   1.60063   9.84785
1.74444e+09  -0.643153  0.104982 -0.106899 -1.08743   1.5791  9.82632
1.74444e+09  -0.636282  0.024288 -0.123517 -1.39607  1.53604   9.9304
1.74444e+09    -0.62286 -0.0461792  -0.131187 -1.66882  1.49656  10.0704
1.74444e+09  -0.604644 -0.110415 -0.133105 -1.74419  1.42119  10.0596
1.74444e+09  -0.586268 -0.169377  -0.13678 -1.64729  1.31353  9.90168
1.74444e+09  -0.578279 -0.224984 -0.143172 -1.49656  1.22021  9.62534
1.74444e+09  -0.590583   -0.2734 -0.153238 -1.31711  1.12332  9.23774
1.74444e+09  -0.626855 -0.310951   -0.1673 -1.23457  1.05872  8.97935
1.74444e+09  -0.672075 -0.331404  -0.17481 -1.42119 0.997705  9.04036
1.74444e+09  -0.708348  -0.33428 -0.171454  -1.7406 0.897217  9.29517
1.74444e+09  -0.730878 -0.324533 -0.161228 -1.95234 0.782373  9.51768
1.74444e+09  -0.743821 -0.308873  -0.15196 -1.97388 0.681885  9.60022
1.74444e+09  -0.756284 -0.291616 -0.149723 -1.83032 0.610107  9.53921
1.74444e+09  -0.776418 -0.276117 -0.158032 -1.61499 0.541919  9.35618
1.74444e+09  -0.807737 -0.262215 -0.172093 -1.41401  0.47373  9.11572
1.74444e+09   -0.85056 -0.251349 -0.192067 -1.34941 0.401953  9.03677
1.74444e+09  -0.892425 -0.237767 -0.207087 -1.57551  0.31582  9.17673
1.74444e+09   -0.91911 -0.216515 -0.211242 -1.97029 0.211743  9.51768
1.74444e+09  -0.924543  -0.18232 -0.206288  -2.26458 0.0933105   9.84785
1.74444e+09  -0.916554 -0.138378 -0.198299   -2.29688 -0.0933105    9.96987
1.74444e+09    -0.90409 -0.0907605  -0.196541  -2.16409 -0.301465   9.85503
1.74444e+09   -0.899776 -0.0401072  -0.204051  -2.00618 -0.498853   9.58586
1.74444e+09  -0.908244 0.0194943 -0.223066  -1.97029 -0.559863   9.30952
1.74444e+09  -0.923744 0.0899616 -0.243999   -2.0636 -0.387598   9.25569
1.74444e+09  -0.930455  0.146367 -0.242721  -2.03848 -0.416309   9.35618
1.74444e+09  -0.929656  0.177846 -0.238406  -1.88057 -0.653174   9.46025
1.74444e+09  -0.920069  0.184237 -0.242561  -1.82314 -0.757251   9.60381
1.74444e+09  -0.908244  0.172413 -0.248793  -1.79802 -0.807495   9.67917
1.74444e+09  -0.894503  0.145888  -0.25039 -1.75137 -0.85415  9.69353
1.74444e+09  -0.877565   0.11377 -0.247994  -1.69036 -0.954639   9.70071
1.74444e+09  -0.861586  0.079735 -0.245277 -1.60781 -1.04077  9.65405
1.74444e+09  -0.852797 0.0428236 -0.246715 -1.54321 -1.12332  9.54639
1.74444e+09   -0.848962 0.00111853  -0.246396  -1.6437 -1.19509  9.50332
1.74444e+09   -0.846086 -0.0388289  -0.241282 -1.89133 -1.21663  9.65764
1.74444e+09  -0.836339 -0.071426 -0.230576 -2.00259 -1.23098  9.86938
1.74444e+09   -0.820041 -0.0969923  -0.224025 -1.94517 -1.28123  10.0273
1.74444e+09   -0.79799 -0.120641 -0.220989 -1.86621 -1.38171  10.1385
1.74444e+09  -0.769547 -0.141094 -0.218273 -1.76213 -1.46426  10.1421
1.74444e+09  -0.736151 -0.160429 -0.211881 -1.64729 -1.53962  10.0452
1.74444e+09  -0.698441 -0.176568 -0.202773 -1.53962 -1.63652  9.91963
1.74444e+09  -0.662009 -0.190789 -0.193505  -1.4176 -1.78726  9.80837
1.74444e+09  -0.636762 -0.200216 -0.193505 -1.38171 -1.86621  9.74736
1.74444e+09  -0.620144 -0.202933 -0.198938 -1.50374 -1.87339  9.81555
1.74444e+09  -0.607041 -0.197021 -0.201495 -1.60422 -1.88416  9.89451
1.74444e+09  -0.596175 -0.184877 -0.203252 -1.58269 -1.89492  9.93398
1.74444e+09  -0.585629 -0.173372 -0.206768 -1.42837 -1.94158  9.92681
1.74444e+09  -0.571088   -0.1673 -0.213319 -1.29199 -2.02771  9.89451
1.74444e+09  -0.549357 -0.166661 -0.216994 -1.23816  -2.1282  9.84067
1.74444e+09  -0.524589 -0.170975 -0.216994 -1.26687 -2.23945  9.78684
1.74444e+09  -0.499662 -0.178165 -0.215716  -1.3207 -2.37224  9.76172
1.74444e+09  -0.479689 -0.183439 -0.214917 -1.43196 -2.47632   9.8012
1.74444e+09  -0.465148 -0.184877 -0.214598 -1.55039 -2.52297  9.92322
1.74444e+09   -0.45604 -0.183439 -0.217634 -1.55039 -2.55527  9.94475
1.74444e+09  -0.451566  -0.18216 -0.224504 -1.47861 -2.60193   9.8658
1.74444e+09  -0.449329 -0.186634 -0.230097 -1.38889   -2.645  9.78684
1.74444e+09  -0.444375 -0.202454 -0.229458 -1.28123 -2.72395  9.65764
1.74444e+09  -0.437185 -0.231855 -0.221468 -1.27405 -2.80649  9.55356
1.74444e+09   -0.42568 -0.267967 -0.203252 -1.27405 -2.82803  9.44231
1.74444e+09  -0.405706 -0.300724 -0.180083 -1.19509 -2.88186   9.4782
1.74444e+09  -0.376305  -0.31894 -0.158991 -1.09819 -2.89263  9.50332
1.74444e+09  -0.343548 -0.325172 -0.144929 -0.965405   -2.8998   9.51768
1.74444e+09  -0.313188 -0.320538 -0.141733 -0.836206  -2.88904   9.46025
1.74444e+09  -0.286663 -0.305837 -0.147326 -0.735718  -2.92852   9.43513
1.74444e+09  -0.266689  -0.28123  -0.15963 -0.721362  -2.98594   9.42437
1.74444e+09   -0.25087 -0.248473 -0.173052 -0.79314 -3.00029  9.40283
1.74444e+09  -0.236169 -0.210603 -0.183279 -0.864917  -3.01824   9.43154
1.74444e+09  -0.215396 -0.172733 -0.185676 -0.940283  -3.07207   9.46025
1.74444e+09  -0.188552 -0.140295 -0.178805 -0.968994  -3.09001    9.4459
1.74444e+09  -0.162187 -0.117925 -0.166661 -0.936694  -3.07566   9.33823
1.74444e+09  -0.142373 -0.107379 -0.151481 -0.868506  -3.08284   9.17314
1.74444e+09  -0.131826 -0.104023  -0.13694 -0.864917  -3.06848   9.05471
1.74444e+09  -0.132146 -0.105941 -0.124316 -0.904395  -3.10796   8.99011
1.74444e+09  -0.146048 -0.110255 -0.118085 -0.997705  -3.19409   9.01523
1.74444e+09  -0.161547 -0.114409 -0.115368  -1.1592 -3.26946  9.19468
1.74444e+09  -0.162027 -0.113291 -0.107059 -1.31711 -3.29458  9.47102
1.74444e+09   -0.139337  -0.108657 -0.0915595 -1.30994 -3.27305  9.65405
1.74444e+09  -0.0952346  -0.103384 -0.0715858 -1.09102 -3.22998  9.69353
1.74444e+09  -0.0373908  -0.100348 -0.0533697 -0.839795  -3.17974   9.59663
1.74444e+09   0.0254066  -0.102585 -0.0375506 -0.681885  -3.11514   9.50332
1.74444e+09   0.0910801  -0.105781 -0.0254066 -0.606519  -3.08643   9.43154
1.74444e+09    0.154197  -0.106899 -0.0154996 -0.577808  -3.10078   9.45667
1.74444e+09     0.219231   -0.101946 -0.00862864 -0.567041  -3.05054   9.58228
1.74444e+09     0.290338  -0.0928378 -0.00335558 -0.534741  -2.97876   9.75095
1.74444e+09    0.370872 -0.0838896 0.00127832 -0.520386  -2.95005    9.9627
1.74444e+09    0.454282 -0.0765392 0.00175769 -0.584985  -2.91057   10.0668
1.74444e+09      0.530981   -0.0730239 -0.000958738 -0.613696  -2.83521   9.97705
1.74444e+09     0.598732  -0.0731837 -0.00287621 -0.628052  -2.80291   9.81555
1.74444e+09     0.650983  -0.0778176 -0.00335558 -0.567041  -2.78137   9.56074
1.74444e+09     0.687096  -0.0882039 -0.00191748 -0.584985  -2.69524   9.47461
1.74444e+09   0.718734 -0.103384        -0 -0.66394  -2.6127  9.58945
1.74444e+09     0.748295    -0.12144 0.000958738 -0.746484  -2.51938   9.73301
1.74444e+09    0.773062  -0.139976 0.00207727 -0.850562  -2.42249   9.76172
1.74444e+09    0.789681  -0.157393 0.00687096 -0.933105  -2.35071   9.70789
1.74444e+09   0.803103 -0.172093 0.0188552 -0.954639  -2.32559   9.68276
1.74444e+09   0.814768 -0.184078  0.031159 -0.843384  -2.35071   9.64329
1.74444e+09   0.821159 -0.193345 0.0378702 -0.803906  -2.33276    9.5751
1.74444e+09   0.815407 -0.198139 0.0378702 -0.79314 -2.30405  9.48179
1.74444e+09   0.799747 -0.194464 0.0343548 -0.88645 -2.21792  9.56792
1.74444e+09   0.783928 -0.182959 0.0340352 -1.00488 -2.14973  9.72224
1.74444e+09   0.772263 -0.168898 0.0393083 -0.997705  -2.08513   9.80837
1.74444e+09   0.764114  -0.15931 0.0469782 -0.861328  -2.03489   9.80479
1.74444e+09    0.75932 -0.157393 0.0556068 -0.739307  -1.93799   9.68635
1.74444e+09   0.755965 -0.162027 0.0651942 -0.577808   -1.9021   9.59663
1.74444e+09   0.754367 -0.170815 0.0703075 -0.401953  -1.91287   9.45308
1.74444e+09   0.750212 -0.179284 0.0715858 -0.369653   -1.7729   9.47461
1.74444e+09   0.760439 -0.161707 0.0790959 -1.24893  -1.1269  9.81555
1.74444e+09   0.790959 -0.104822  0.106899 -0.563452  -2.17126   9.96987
1.74444e+09    0.839215 -0.0391485  0.0870854 -0.0430664   -1.86262    10.2319
1.74444e+09   0.883637 0.0234891 0.0711064 -0.423486  -1.65088   9.95552
1.74444e+09   0.918631 0.0690291 0.0821319 -0.789551  -1.50015   10.0094
1.74444e+09   0.946594  0.102905 0.0925182 -0.387598  -1.48579   9.74377
1.74444e+09   0.951867  0.122718 0.0837298 -0.0933105   -1.43555    9.42795
1.74444e+09   0.943878  0.130548 0.0770186 -0.215332  -1.38171   9.43154
1.74444e+09   0.938125  0.132785 0.0854875 -0.491675  -1.26328   9.61816
1.74444e+09   0.935728  0.133584 0.0990696 -0.710596  -1.16279   9.81555
1.74444e+09  0.930775 0.134064 0.111853 -0.789551  -1.05513   9.81914
1.74444e+09   0.91959 0.130548 0.120481 -0.746484 -0.936694   9.71147
1.74444e+09   0.90425 0.122079 0.129749  -0.72854 -0.836206   9.56792
1.74444e+09  0.884596 0.108178 0.143172 -0.739307 -0.757251   9.46743
1.74444e+09   0.862864 0.0945955  0.158192 -0.789551 -0.685474   9.42437
1.74444e+09   0.836818 0.0869256  0.174171 -0.868506 -0.574219   9.41719
1.74444e+09   0.811092 0.0885235   0.18967 -0.933105 -0.394775   9.44949
1.74444e+09  0.787763 0.101946 0.202773 -0.922339 -0.261987   9.51409
1.74444e+09   0.77466 0.122559  0.21284 -0.829028 -0.183032   9.59304
1.74444e+09   0.77482 0.141414 0.224345 -0.735718 -0.118433   9.66482
1.74444e+09   0.78233  0.15196 0.233932  -0.645996 -0.0574219    9.65046
1.74444e+09  0.791598 0.151321 0.241602 -0.527563 0.0502441   9.64329
1.74444e+09  0.804381 0.141094 0.241762 -0.430664   0.19021   9.66841
1.74444e+09  0.825953 0.123517 0.238087 -0.373242  0.351709   9.75095
1.74444e+09   0.85839 0.103384 0.229778 -0.401953   0.44502   9.82632
1.74444e+09   0.891147 0.0874049  0.217474 -0.455786  0.409131    9.7689
1.74444e+09   0.920548 0.0826113   0.19718 -0.559863  0.502441   9.71147
1.74444e+09   0.947872 0.0838896  0.179763 -0.721362  0.703418     9.672
1.74444e+09   0.968805 0.0907605  0.167939 -0.839795  0.864917   9.63252
1.74444e+09   0.97999  0.09875 0.156913 -0.947461   1.00129   9.56792
1.74444e+09  0.981907 0.110734 0.145249 -1.11255  1.16638  9.61099
1.74444e+09  0.981588 0.127512  0.13662 -1.21663   1.3207  9.66482
1.74444e+09  0.98031 0.14429 0.12911 -1.17715  1.43914  9.58228
1.74444e+09  0.973279 0.158511  0.12144 -1.05154  1.52168   9.4136
1.74444e+09  0.954104 0.169217 0.109616 -0.925928   1.62576   9.25569
1.74444e+09   0.924383  0.183598 0.0977913 -0.979761   1.72266   9.22339
1.74444e+09  0.892745 0.203252 0.093477 -1.08743  1.79084  9.24133
1.74444e+09   0.863663  0.229937 0.0960336 -1.20227  1.84827  9.30952
1.74444e+09  0.836978 0.256622 0.101626 -1.18433  1.93799   9.3167
1.74444e+09  0.809494 0.278833 0.103544 -1.05872  2.03848  9.25928
1.74444e+09  0.777537 0.291936 0.101147 -0.925928    2.0959   9.10854
1.74444e+09   0.742063  0.295132 0.0958738 -0.890039   2.14255   9.08342
1.74444e+09   0.711224  0.295291 0.0947553 -0.915161   2.13179    9.1229
1.74444e+09   0.681183  0.287781 0.0939563 -0.807495   2.11384   9.08701
1.74444e+09    0.64603   0.27356 0.0885235 -0.653174   2.16409   9.03318
1.74444e+09    0.60784  0.251349 0.0803742 -0.53833  2.25381  8.95063
1.74444e+09    0.56981  0.224824 0.0704672 -0.531152   2.36865   8.95781
1.74444e+09   0.537373  0.198299 0.0666323 -0.60293  2.42966  9.03677
1.74444e+09   0.511007  0.171135 0.0666323 -0.746484   2.50144   9.14084
1.74444e+09   0.493111  0.145089 0.0719053 -0.929517   2.59116   9.35618
1.74444e+09   0.485441    0.1216 0.0794155 -1.00847  2.63064   9.5105
1.74444e+09   0.477452 0.0973119 0.0816525 -0.911572   2.61987   9.44231
1.74444e+09   0.458277 0.0704672 0.0752609 -0.667529   2.67012    9.2198
1.74444e+09   0.428875 0.0391485  0.062318 -0.495264   2.76343   9.05112
1.74444e+09    0.400113 0.00399474  0.0520914 -0.541919   2.88545   9.04395
1.74444e+09     0.38014 -0.0257261  0.0533697 -0.850562   3.02183   9.22698
1.74444e+09    0.371831 -0.0490554  0.0671117 -1.08025  3.06848  9.35618
1.74444e+09    0.369753 -0.0680704  0.0821319 -1.04077  3.10796  9.35618
1.74444e+09    0.368475 -0.0854875  0.0906007 -0.897217   3.11155   9.29875
1.74444e+09   0.366078 -0.103703 0.0902812 -0.768018   3.09719   9.23416
1.74444e+09   0.356011 -0.120481 0.0834102 -0.739307    3.1259   9.13008
1.74444e+09   0.336996 -0.133584 0.0743022 -0.746484   3.18691    8.9937
1.74444e+09   0.313028 -0.142053  0.062318 -0.807495   3.28381   8.91116
1.74444e+09   0.289858 -0.145568 0.0552872 -0.943872   3.35559   8.95422
1.74444e+09   0.276117 -0.140295 0.0556068 -1.15203  3.42378  9.11572
1.74444e+09   0.271962 -0.127352 0.0618386 -1.23098  3.43813   9.1875
1.74444e+09   0.272122 -0.110734 0.0667921 -1.13049  3.43096  9.16597
1.74444e+09    0.271962 -0.0944357  0.0667921 -0.976172   3.44172   9.07983
1.74444e+09   0.267648 -0.082771 0.0624778 -0.85415  3.46326  8.96499
1.74444e+09    0.258699 -0.0749414  0.0599211 -0.872095   3.48479   8.93628
1.74444e+09    0.251669 -0.0674312  0.0621582 -0.965405   3.52068   8.98652
1.74444e+09   0.246236 -0.058483 0.0659931 -0.979761   3.55657   9.01523
1.74444e+09   0.243519 -0.047138   0.06839 -0.994116   3.61399   9.08342
1.74444e+09    0.246715 -0.0348341  0.0687096 -0.994116   3.65347   9.16238
1.74444e+09    0.253906 -0.0236489  0.0677508 -0.961816   3.66423   9.20544
1.74444e+09    0.260937 -0.0150202  0.0637561 -0.868506   3.63552    9.1552
1.74444e+09      0.26557 -0.00910801   0.0588026 -0.771606   3.61399   9.11213
1.74444e+09      0.26621 -0.00639159   0.0509729 -0.645996   3.58169   8.95422
1.74444e+09      0.25822 -0.00735032   0.0386691 -0.552686   3.56733   8.79631
1.74444e+09    0.245437 -0.0115049  0.0265251 -0.563452   3.62117   8.71377
1.74444e+09    0.228659 -0.0154996   0.015979 -0.656763   3.69653   8.68506
1.74444e+09    0.207886 -0.0167779 0.00655138 -0.764429   3.78267   8.66353
1.74444e+09      0.18264  -0.0113451 -0.00223706 -0.775195    3.8042   8.60251
1.74444e+09     0.151001 -0.00223706  -0.0108657 -0.782373   3.78984   8.51638
1.74444e+09    0.116806 0.00958738 -0.0175769 -0.818262   3.77908   8.48408
1.74444e+09   0.0776578  0.0231695 -0.0226901 -0.807495   3.75037   8.39436
1.74444e+09   0.0345146  0.0362723 -0.0263653 -0.814673   3.75037   8.33694
1.74444e+09  -0.00894822   0.0492152  -0.0294013 -0.879272   3.78625   8.35129
1.74444e+09  -0.0519316  0.0634365 -0.0309992 -0.954639    3.8042   8.40513
1.74444e+09  -0.0910801  0.0782969 -0.0316384 -0.958228   3.75396   8.42666
1.74444e+09    -0.12927  0.0918791 -0.0367516 -0.843384   3.66064   8.39436
1.74444e+09   -0.166181   0.104183 -0.0447411 -0.721362   3.58887   8.40872
1.74444e+09   -0.199098   0.111054 -0.0543285 -0.66394  3.52427  8.46614
1.74444e+09   -0.230417   0.114409 -0.0634365 -0.678296   3.44531   8.51279
1.74444e+09  -0.260138   0.11425 -0.071426 -0.753662   3.37712   8.58098
1.74444e+09  -0.290817  0.111693 -0.076699 -0.814673    3.2874   8.61687
1.74444e+09   -0.323254   0.103703 -0.0834102 -0.811084    3.2228   8.59893
1.74444e+09   -0.359047  0.0920388 -0.0913997 -0.818262    3.1905   8.60251
1.74444e+09  -0.395479 0.0771784 -0.100667 -0.825439   3.13667   8.59175
1.74444e+09  -0.431432 0.0627973 -0.108657 -0.857739   3.10437   8.65635
1.74444e+09  -0.460993 0.0490554 -0.112332 -0.95105  3.08643  8.77478
1.74444e+09  -0.485121 0.0404268 -0.110095 -1.00129  3.05054  8.87168
1.74444e+09   -0.50877 0.0345146 -0.109616 -1.01924  3.00029  8.97935
1.74444e+09  -0.530182 0.0322775 -0.110894   -1.03 2.94646 9.04036
1.74444e+09  -0.555109 0.0325971  -0.11409 -0.979761   2.92493   9.02241
1.74444e+09  -0.583072  0.034195 -0.122559 -0.958228   2.92493   9.04753
1.74444e+09  -0.611835  0.037231 -0.129749 -0.933105   2.87468   9.04395
1.74444e+09  -0.644592  0.039468 -0.139017 -0.868506   2.78137   8.95781
1.74444e+09   -0.68358  0.040267 -0.150202 -0.814673   2.70601   8.88245
1.74444e+09  -0.726564 0.0386691 -0.158831 -0.857739   2.64141   8.88245
1.74444e+09  -0.762037 0.0361125 -0.157073 -1.09819  2.58757  9.05471
1.74444e+09  -0.785846 0.0321177 -0.147006 -1.27405  2.47991  9.17673
1.74444e+09  -0.807577  0.028123 -0.135981 -1.26687  2.41172  9.20544
1.74444e+09  -0.834741 0.0223706 -0.138218 -1.11973  2.41172  9.11213
1.74444e+09  -0.877085 0.0132625 -0.149403 -0.997705   2.25022   8.97935
1.74444e+09    -0.925342 -0.00175769   -0.163145 -0.843384   2.14614   8.82502
1.74444e+09   -0.975835 -0.0217314  -0.177846 -0.789551    2.0959   8.81426
1.74444e+09    -1.02042 -0.0428236  -0.186794 -0.929517   2.02771   8.94346
1.74444e+09    -1.05142 -0.0575243  -0.186315 -1.23816   1.9344   9.2521
1.74444e+09   -1.05669 -0.061519 -0.171295 -1.62935   1.8698  9.65764
1.74444e+09    -1.03927 -0.0559264  -0.150042 -1.81238  1.74778  9.92322
1.74444e+09    -1.01275 -0.0413855  -0.135502 -1.78008  1.65447  10.0704
1.74444e+09   -0.989577 -0.0201335   -0.13694 -1.62576  1.56116   10.056
1.74444e+09   -0.970722 0.00607201    -0.1518 -1.42837  1.47502  9.93757
1.74444e+09  -0.953625 0.0367516 -0.170176 -1.25251  1.39607   9.8012
1.74444e+09  -0.939563 0.0682302 -0.184237 -1.19868  1.34941  9.75813
1.74444e+09  -0.913358 0.0920388 -0.186794 -1.29917  1.29199  9.99141
1.74444e+09  -0.867658  0.108817 -0.185995 -1.36018  1.17715  10.2426
1.74444e+09  -0.807897  0.123358 -0.187593 -1.37095  1.11255  10.4257
1.74444e+09  -0.741903  0.135661 -0.193026 -1.33506  1.08384  10.4795
1.74444e+09  -0.675431  0.148445 -0.199098 -1.21304  1.03718  10.3826
1.74444e+09   -0.62318  0.162346 -0.209484 -1.08025 0.986938  10.1708
1.74444e+09  -0.589943  0.183439 -0.225303 -1.03718 0.943872  9.97346
1.74444e+09  -0.564697  0.212201 -0.237607 -1.13767 0.943872  9.91963
1.74444e+09  -0.536094  0.246076 -0.238886 -1.29199 0.879272    9.995
1.74444e+09  -0.499822  0.279792 -0.231855 -1.44631 0.778784  10.1457
1.74444e+09  -0.454442  0.307755 -0.219231  -1.5145 0.678296  10.2247
1.74444e+09  -0.406026  0.329806 -0.207247 -1.45708 0.620874  10.1673
1.74444e+09  -0.361284  0.346264 -0.198619 -1.34941 0.567041  10.0094
1.74444e+09  -0.327729  0.365119 -0.195583 -1.30635 0.491675   9.8335
1.74444e+09  -0.305837  0.391005 -0.195902 -1.34224 0.466553  9.71865
1.74444e+09  -0.293054  0.427118 -0.195902 -1.43196 0.470142  9.69712
1.74444e+09  -0.283147  0.470101 -0.193665 -1.55398 0.466553  9.75454
1.74444e+09  -0.271483  0.511007 -0.187593 -1.66882 0.427075  9.81555
1.74444e+09   -0.25838  0.544883 -0.177526 -1.78367 0.369653   9.8658
1.74444e+09  -0.244478  0.572207 -0.167779 -1.85544 0.312231  9.84426
1.74444e+09  -0.226102  0.593139 -0.155795 -1.90928 0.261987  9.81196
1.74444e+09  -0.207087  0.613912 -0.142373 -1.95593 0.211743   9.7689
1.74444e+09  -0.191108  0.636762 -0.130388 -2.02771 0.168677  9.69712
1.74444e+09  -0.180882  0.667441  -0.12128 -2.10667 0.139966  9.56792
1.74444e+09  -0.171934  0.707389 -0.113131 -2.25022 0.122021  9.50691
1.74444e+09  -0.159151  0.759001 -0.106739 -2.33635 0.104077  9.51768
1.74444e+09  -0.144929  0.815886 -0.104822 -2.38301 0.114844  9.53562
1.74444e+09  -0.123358   0.87373 -0.103224  -2.58757 0.0933105   9.68276
1.74444e+09  -0.0937965   0.936208 -0.0958738   -2.81008 -0.0107666    9.75095
1.74444e+09  -0.0647148    1.00508  -0.086606 -2.91775 -0.12561   9.6074
1.74444e+09  -0.0452205    1.09568 -0.0819721  -3.09001 -0.283521   9.30593
1.74444e+09  -0.0391485    1.20865 -0.0798948 -3.18691       -0  9.11931
1.74444e+09  -0.0316384    1.31715 -0.0715858 -3.17615 0.229688  9.10854
1.74444e+09  -0.0206129    1.40215 -0.0578439 -3.07207 0.179443  9.19827
1.74444e+09  0.00191748     1.4397 -0.0514523 -2.81726 0.100488  9.30234
1.74444e+09   0.0241282    1.42197 -0.0656736   -2.79214 -0.0322998     9.3167
1.74444e+09   0.0418649    1.35582 -0.0776578  -3.00747 -0.053833   9.26287
1.74444e+09   0.0519316    1.26154 -0.0747816   -3.20845 -0.0610107    9.07625
1.74444e+09  0.0477771   1.16535 -0.062318  -3.37712 -0.132788   8.88604
1.74444e+09   0.0319579    1.08321 -0.0477771  -3.39866 -0.143555   8.73889
1.74444e+09   0.0150202    1.01642 -0.0365918  -3.38789 -0.122021    8.6384
1.74444e+09  -0.00399474    0.961454  -0.0289219   -3.49556 -0.0681885    8.58457
1.74444e+09  -0.0228499   0.907925  -0.019015    -3.70012 -0.00358887     8.62046
1.74444e+09   -0.0415453    0.849122 -0.00814927   -3.79702 0.00717773    8.65635
1.74444e+09   -0.0597613     0.78233 -0.00255663    -3.77549 -0.00358887     8.65276
1.74444e+09   -0.0765392     0.70627 -0.00127832   -3.76831 0.00717773    8.64917
1.74444e+09   -0.0915595    0.624138 -0.00223706  -3.84727 0.0215332   8.72813
1.74444e+09  -0.0979511   0.542007 0.00175769 -4.07695       -0  8.84297
1.74444e+09  -0.0944357   0.468024  0.0119842  -4.38201 0.0107666   8.93987
1.74444e+09  -0.0829308   0.411299  0.0262055  -4.53633 0.0143555   8.95422
1.74444e+09  -0.0699879   0.380459  0.0370712  -4.60452 0.0322998   8.91116
1.74444e+09  -0.0578439   0.369114  0.0468184  -4.53992 0.0717773   8.85374
1.74444e+09  -0.0469782   0.369593  0.0506533  -4.43584 0.0968994   8.82861
1.74444e+09  -0.0375506   0.368795   0.046339 -4.40713 0.100488  8.84297
1.74444e+09  -0.0276436   0.358888  0.0388289 -4.43943 0.118433  8.87168
1.74444e+09  -0.0191748   0.338754   0.031159 -4.53992 0.150732  8.90039
1.74444e+09  -0.0102265   0.308074  0.0298807 -4.67271 0.168677  8.91833
1.74444e+09          0  0.272282 0.0330765 -4.71577 0.165088   8.9291
1.74444e+09  0.00431432   0.240164  0.0337156 -4.73013 0.143555  8.98652
1.74444e+09  -0.00591222     0.20501   0.0354733 -4.67988 0.104077   9.6074
1.74444e+09  -0.0300405   0.154676  0.0386691  -4.47891 0.0717773   9.93398
1.74444e+09  -0.0570449   0.104662  0.0405866  -4.36047 0.0968994    9.8658
1.74444e+09  -0.074462 0.0613592 0.0409062 -4.30664 0.139966  9.61458
1.74444e+09  -0.0757403  0.0306796  0.0429834 -4.37483 0.172266  9.04395
1.74444e+09  -0.0608799 0.00846885  0.0447411 -4.46096 0.200977  8.62764
1.74444e+09  -0.0349939 -0.0135821  0.0479369 -4.51121 0.179443  8.43384
1.74444e+09  -0.00910801  -0.0423443   0.0492152 -4.51479 0.147144  8.44819
1.74444e+09   0.0102265 -0.0798948  0.0508131 -4.53992 0.111255  8.72095
1.74444e+09  0.0225303  -0.12943 0.0544883  -4.60093 0.0825439   8.97217
1.74444e+09  0.0317981 -0.180562 0.0613592  -4.68706 0.0610107   9.02241
1.74444e+09  0.0401072 -0.224984 0.0674312  -4.75166 0.0789551   8.90757
1.74444e+09  0.0476173 -0.256782 0.0715858 -4.78755 0.104077  8.72454
1.74444e+09  0.0533697 -0.277555 0.0735032 -4.76602 0.114844  8.62046
1.74444e+09  0.0552872 -0.292255 0.0727043 -4.68706 0.136377  8.48408
1.74444e+09  0.0559264 -0.302322 0.0738228 -4.61887  0.15791  8.43384
1.74444e+09  0.0567253 -0.313827  0.076699 -4.52915 0.161499  8.55586
1.74444e+09  0.0559264 -0.333641 0.0773382  -4.4179 0.179443  8.75684
1.74444e+09  0.0514523 -0.363521 0.0763795 -4.33894 0.211743   8.9614
1.74444e+09  0.0444215 -0.400752 0.0751011 -4.27434 0.229688  9.00806
1.74444e+09  0.0388289 -0.438143 0.0690291 -4.16309 0.258398   8.8968
1.74444e+09  0.0377104 -0.474895 0.0613592 -4.02671 0.279932  8.81785
1.74444e+09  0.0385093 -0.520435 0.0557666 -3.94775 0.261987  8.85374
1.74444e+09  0.0415453 -0.574284 0.0508131 -3.83291 0.261987  8.94346
1.74444e+09  0.0472977 -0.631009 0.0439422 -3.73601 0.265576  9.04395
1.74444e+09  0.0530502 -0.685018 0.0399474 -3.73601 0.265576  9.13367
1.74444e+09  0.0597613 -0.734074 0.0389887 -3.76472 0.287109  9.22698
1.74444e+09  0.0639159 -0.777696 0.0370712 -3.78984 0.294287  9.28799
1.74444e+09  0.0648746 -0.816845 0.0343548 -3.82573 0.279932  9.37412
1.74444e+09  0.0631169 -0.849921 0.0309992 -3.86162 0.258398  9.45667
1.74444e+09  0.0597613 -0.874689 0.0255663 -3.84727 0.247632  9.49973
1.74444e+09  0.0567253 -0.891147 0.0236489  -3.7719 0.229688  9.54639
1.74444e+09  0.0559264 -0.906007 0.0246076 -3.68936 0.200977  9.58228
1.74444e+09  0.0568851 -0.924863  0.027324 -3.57451 0.172266  9.56433
1.74444e+09  0.0581634 -0.950109  0.031159 -3.50273 0.172266  9.56792
1.74444e+09  0.0602407 -0.981748 0.0353135 -3.38789 0.161499  9.56074
1.74444e+09  0.0613592  -1.01754  0.037231 -3.20486 0.132788  9.55356
1.74444e+09  0.0580036  -1.05158 0.0369114 -3.00388  0.12561  9.52844
1.74444e+09  0.0540089  -1.08114 0.0338754 -2.85674 0.111255  9.51768
1.74444e+09  0.0484163  -1.11054 0.0306796 -2.74907 0.107666   9.5105
1.74444e+09  0.0431432  -1.13994   0.03036 -2.69524 0.100488   9.5105
1.74444e+09  0.0369114   -1.1703 0.0321177  -2.65217 0.0789551   9.52844
1.74444e+09  0.0335558   -1.2005 0.0383495 -2.60911 0.111255   9.5751
1.74444e+09  0.0346744  -1.22607  0.046339 -2.54092 0.136377  9.66123
1.74444e+09  0.0377104  -1.24252 0.0498544 -2.40454  0.15791  9.72942
1.74444e+09  0.0413855  -1.25339 0.0492152 -2.22869 0.168677  9.78325
1.74444e+09  0.0412257  -1.26058 0.0437824  -2.0636 0.179443  9.79043
1.74444e+09   0.040267  -1.26553 0.0365918 -1.90569 0.183032  9.78325
1.74444e+09   0.037231  -1.27177 0.0298807 -1.76931 0.211743  9.77607
1.74444e+09  0.036432 -1.28391 0.024288 -1.63652 0.251221  9.80479
1.74444e+09  0.0409062  -1.30836 0.0188552 -1.58269 0.340942  9.88015
1.74444e+09  0.0525708  -1.34016 0.0158192 -1.63293 0.319409  9.94116
1.74444e+09   0.065354  -1.36269 0.0111853 -1.67959 0.114844  9.93757
1.74444e+09  0.0704672   -1.3686  0.003036   -1.60063 -0.0179443    9.93398
1.74444e+09    0.0658333    -1.36652 -0.00223706  -1.45349 0.0574219    9.8981
1.74444e+09    0.0613592    -1.36365 -0.00015979 -1.23457 0.175854  9.81555
1.74444e+09   0.0551274   -1.36125 0.00351537 -1.01924 0.211743  9.72583
1.74444e+09   0.0516121   -1.35885 0.00782969 -0.911572  0.200977   9.68635
1.74444e+09  0.0498544  -1.35262 0.0135821 -0.821851  0.193799   9.67559
1.74444e+09  0.0520914  -1.34383 0.0174171 -0.653174  0.244043   9.77607
1.74444e+09  0.0591222  -1.33504 0.0174171 -0.409131  0.322998   9.85862
1.74444e+09   0.061519  -1.32769 0.0116646 -0.147144  0.351709    9.8335
1.74444e+09     0.050174    -1.32002 0.000479369 0.0287109  0.337354   9.72583
1.74444e+09   0.0314786   -1.30788 -0.0108657 0.0968994  0.394775   9.63611
1.74444e+09   0.0131028   -1.28711 -0.0175769 0.208154 0.366064  9.57151
1.74444e+09  -0.00495348    -1.26202  -0.0230097 0.373242 0.366064  9.53562
1.74444e+09  -0.0207727    -1.2291 -0.0260457 0.427075 0.344531  9.58228
1.74444e+09  -0.0268447   -1.19123 -0.0239684 0.470142 0.344531  9.65764
1.74444e+09  -0.0226901   -1.15256 -0.0196541 0.584985 0.362476  9.75095
1.74444e+09  -0.0150202   -1.11581 -0.0183758 0.739307 0.387598  9.77249
1.74444e+09  -0.00687096    -1.08273  -0.0193345 0.882861  0.34812  9.72583
1.74444e+09  -0.00143811    -1.05253  -0.0228499 0.986938 0.305054  9.67559
1.74444e+09  0.00287621   -1.02457 -0.0314786  1.04436 0.258398  9.59304
1.74444e+09  0.00591222  -0.996768 -0.0404268  1.08384 0.251221  9.55356
1.74444e+09     0.01518   -0.97248 -0.0436226  1.20586 0.283521  9.62534
1.74444e+09   0.0271642  -0.953465 -0.0506533  1.36736 0.244043   9.6397
1.74444e+09   0.0369114  -0.937486 -0.0599211  1.40684 0.200977  9.61099
1.74444e+09   0.0453803  -0.921187 -0.0671117  1.46067 0.240454   9.6397
1.74444e+09   0.0544883   -0.90409 -0.0730239  1.53962 0.294287  9.62534
1.74444e+09   0.0613592  -0.882838 -0.0776578  1.57192 0.283521  9.51768
1.74444e+09    0.062318  -0.862065 -0.0746218  1.64011 0.287109  9.46743
1.74444e+09   0.0613592  -0.844009 -0.0672714  1.66882 0.326587  9.44949
1.74444e+09   0.0596015  -0.825953 -0.0565655  1.76213 0.326587  9.44231
1.74444e+09   0.0575243    -0.8055 -0.0485761  1.86621 0.333765   9.3813
1.74444e+09  0.0527306 -0.786325 -0.039468 1.95952 0.34812  9.3167
1.74444e+09   0.0444215  -0.765392 -0.0317981 2.02412 0.41272 9.29875
1.74444e+09  0.0319579 -0.734393 -0.025087  1.99182 0.488086  9.28081
1.74444e+09   0.0174171  -0.693647 -0.0201335   2.0313 0.567041   9.2844
1.74444e+09  0.00687096  -0.646189 -0.0150202  2.20356 0.599341  9.29517
1.74444e+09  0.000479369   -0.601768  -0.0113451  2.36147 0.541919  9.18391
1.74444e+09  -0.00495348   -0.564217 -0.00671117  2.53015 0.462964  9.06548
1.74444e+09   -0.0111853     -0.5321 -0.00639159  2.66294 0.398364  8.96858
1.74444e+09   -0.0161388   -0.501899 -0.00910801  2.74548 0.416309  8.97217
1.74444e+09  -0.0140615  -0.470421 -0.0119842  2.68088 0.477319  9.10496
1.74444e+09  -0.0076699  -0.432071 -0.0170975  2.66653 0.520386  9.16956
1.74444e+09  -0.0046339  -0.393083 -0.0249272  2.69524 0.509619  9.19109
1.74444e+09  -0.00367516   -0.352176  -0.0322775  2.66653 0.462964  9.08701
1.74444e+09  -0.00255663   -0.312389  -0.0354733  2.70959 0.409131  9.06548
1.74444e+09  0.00351537  -0.275637 -0.0362723 2.72754 0.41272 9.07266
1.74444e+09   0.0127832  -0.243839 -0.0338754  2.72754 0.387598  9.07983
1.74444e+09  0.0231695  -0.22035 -0.028123  2.69883 0.376831  9.17314
1.74444e+09   0.0356331  -0.203412 -0.0199737  2.66653 0.416309  9.26287
1.74444e+09   0.0418649  -0.191588 -0.0143811  2.75266 0.416309  9.16238
1.74444e+09   0.0393083  -0.182799 -0.0108657  2.80291 0.401953  9.04036
1.74444e+09     0.031159   -0.171295 -0.00782969  2.78137 0.430664  8.95422
1.74444e+09    0.0209324   -0.155795 -0.00447411  2.77778 0.448608  8.87527
1.74444e+09   0.0153398  -0.135502 0.00111853  2.80291 0.480908  8.85015
1.74444e+09   0.0126234  -0.111214 0.00719053 2.81008 0.47373 8.83579
1.74444e+09   0.0124636 -0.0792557  0.0143811  2.75984 0.462964  8.88604
1.74444e+09   0.0126234 -0.0381897  0.0228499 2.71677 0.44502 8.93987
1.74444e+09   0.0124636 0.00910801   0.031159  2.70242 0.455786  8.92551
1.74444e+09  0.0100667 0.0618386 0.0383495  2.77061 0.477319  8.87527
1.74444e+09  0.00543285   0.118244  0.0429834  2.82444 0.470142  8.80349
1.74444e+09          0  0.176568 0.0453803  2.83162 0.480908  8.78196
1.74444e+09  -0.00511327     0.23585   0.0476173  2.82444 0.509619  8.82502
1.74444e+09  -0.0110255   0.294972  0.0487358  2.82444 0.495264  8.82861
1.74444e+09   -0.01518  0.356011 0.0485761  2.78496 0.484497  8.88245
1.74444e+09  -0.0162985   0.423762  0.0484163  2.73831 0.477319  8.95781
1.74444e+09  -0.0158192   0.499982  0.0461792  2.67371 0.459375  8.98652
1.74444e+09  -0.0140615   0.587547  0.0445813  2.56245 0.441431   8.9937
1.74444e+09  -0.0108657   0.687575  0.0456998  2.47273 0.405542  8.96499
1.74444e+09  -0.0103863   0.793515  0.0500142   2.4512 0.373242  8.94705
1.74444e+09  -0.0102265   0.895301  0.0506533  2.37224 0.384009  8.97935
1.74444e+09  -0.0092678   0.991655  0.0527306  2.26099 0.405542  9.06189
1.74444e+09  -0.00383495     1.08529   0.0525708 2.15332 0.44502 9.24133
1.74444e+09  0.0046339   1.17701  0.049375  2.02771 0.437842  9.39207
1.74444e+09   0.012943   1.25707 0.0437824  1.90928 0.423486  9.49255
1.74444e+09  0.0209324   1.31171 0.0401072 1.88057 0.41272 9.54998
1.74444e+09  0.0268447   1.34319 0.0359527  1.80161 0.376831  9.52844
1.74444e+09  0.0255663   1.36093 0.0319579  1.64011 0.351709  9.48538
1.74444e+09  0.0226901   1.37515 0.0337156  1.46785 0.344531  9.42437
1.74444e+09  0.0158192   1.39864 0.0373908  1.28123 0.376831   9.3813
1.74444e+09  0.00958738    1.43028  0.0431432  1.11255 0.459375  9.56433
1.74444e+09  0.0124636    1.4608 0.0500142  1.01206 0.484497   9.8012
1.74444e+09  0.0145409   1.47678 0.0540089 0.965405 0.452197  9.82991
1.74444e+09  0.0118244   1.47278 0.0556068 0.882861 0.452197  9.80837
1.74444e+09  0.00639159     1.4576  0.0580036 0.753662 0.452197  9.72224
1.74444e+09  -0.00383495     1.44322   0.0635963 0.556274 0.423486    9.672
1.74444e+09  -0.0153398    1.44258  0.0701477 0.330176 0.401953  9.61458
1.74444e+09  -0.022051    1.4624 0.0741424 0.197388 0.448608  9.71865
1.74444e+09  -0.0201335    1.49148  0.0725445 0.168677 0.477319  9.82991
1.74444e+09  -0.0178964    1.50746   0.064555 0.215332 0.434253  9.76531
1.74444e+09  -0.0178964    1.48588  0.0583232 0.283521 0.452197  9.81196
1.74444e+09  -0.0131028      1.425   0.049375 0.297876 0.462964  9.88374
1.74444e+09  -0.00910801     1.33856   0.0401072 0.136377  0.38042  9.90527
1.74444e+09  -0.0046339     1.2462  0.0330765 -0.172266  0.340942   9.94475
1.74444e+09  -0.00223706     1.16247     0.03036 -0.434253  0.384009   9.94834
1.74444e+09  0.00431432    1.09552  0.0289219 -0.613696   0.44502   9.97346
1.74444e+09   0.015979    1.0447 0.0270045 -0.689063  0.452197   9.98064
1.74444e+09  0.0258859   1.00188 0.0207727 -0.757251  0.466553   10.0165
1.74444e+09  0.0345146  0.957779 0.0123038 -0.872095  0.488086   10.0632
1.74444e+09   0.0429834   0.909203 0.00687096 -1.03718 0.491675  10.0775
1.74444e+09   0.0490554   0.857112 0.00814927 -1.19868 0.495264  10.0811
1.74444e+09  0.0492152  0.810134 0.0118244 -1.25969 0.523975   10.056
1.74444e+09  0.0450607  0.769867 0.0164583  -1.2561 0.581396   10.056
1.74444e+09  0.0388289  0.743182 0.0169377 -1.27046 0.584985  9.96987
1.74444e+09  0.0316384  0.734074 0.0131028 -1.30635 0.606519  9.86221
1.74444e+09   0.0244478   0.737429 0.00703075 -1.32429 0.642407  9.75095
1.74444e+09    0.0169377    0.746058 -0.00255663   -1.353 0.649585  9.73301
1.74444e+09   0.0134223   0.748455 -0.0123038 -1.40684 0.599341  9.73301
1.74444e+09   0.0127832   0.735352 -0.0174171 -1.44272 0.527563  9.67559
1.74444e+09   0.0100667   0.710904 -0.0207727 -1.50732 0.484497  9.59663
1.74444e+09   0.0015979   0.688214 -0.0214118 -1.64011 0.466553   9.5105
1.74444e+09  -0.0127832   0.679426 -0.0170975 -1.78367 0.448608  9.36694
1.74444e+09  -0.0327569   0.697003  -0.015979 -1.89133 0.434253  9.16597
1.74444e+09  -0.0632767   0.741424 -0.0238087 -2.02412 0.556274    9.026
1.74444e+09  -0.0942759   0.793036 -0.0236489 -2.22151  0.53833  9.03677
1.74444e+09  -0.116487  0.838416 -0.018216 -2.32559 0.391187  9.04753
1.74444e+09   -0.129589   0.868617 -0.0201335 -2.4512 0.34812 9.11213
1.74444e+09   -0.135342   0.887791 -0.0249272 -2.69165 0.376831  9.30234
1.74444e+09    -0.12895   0.899456 -0.0217314 -2.90339 0.398364   9.5105
1.74444e+09   -0.107219   0.903291 -0.0148604 -3.00747 0.416309  9.65046
1.74444e+09   -0.0771784    0.900415 -0.00782969 -3.05413 0.401953  9.63252
1.74444e+09   -0.0482565     0.88859 -0.00223706 -3.02183  0.38042  9.52485
1.74444e+09  -0.0231695   0.873251 0.00207727 -2.97517 0.340942  9.36335
1.74444e+09  -0.00207727    0.852158  0.00367516 -2.93569 0.305054   9.2198
1.74444e+09  0.0139017  0.828669  0.003036 -2.93928 0.308643  9.13726
1.74444e+09    0.0266849    0.799268 -0.00111853 -2.91416 0.326587  9.11572
1.74444e+09    0.0381897    0.763475 -0.00782969  -2.8998 0.351709   9.0906
1.74444e+09    0.046339   0.723687 -0.0142213 -2.95005 0.373242  9.06548
1.74444e+09   0.0506533   0.680704 -0.0207727 -3.01465  0.38042  9.01523
1.74444e+09   0.0504935   0.637241 -0.0249272 -3.12949 0.362476  8.97217
1.74444e+09   0.0447411   0.595376 -0.0254066 -3.24792 0.344531  8.91833
1.74444e+09   0.0329167   0.557826 -0.0225303 -3.3197 0.31582 8.84656
1.74444e+09   0.0161388   0.527625 -0.0177367  -3.4489 0.322998   8.8322
1.74444e+09  -0.00319579    0.507013  -0.0135821 -3.60681 0.405542  8.91116
1.74444e+09  -0.0198139   0.492632 -0.0102265 -3.71089 0.448608  9.01165
1.74444e+09   -0.0297209    0.479529 -0.00591222 -3.75396 0.466553  9.11572
1.74444e+09  -0.0351537    0.46339 -0.0046339 -3.75037 0.452197  9.16238
1.74444e+09   -0.0401072    0.445653 -0.00559264 -3.72166 0.441431  9.13726
1.74444e+09    -0.047138    0.425041 -0.00559264 -3.72166 0.434253  9.09419
1.74444e+09   -0.0564058    0.401711 -0.00367516 -3.76472 0.430664  9.23416
1.74444e+09    -0.0661529     0.369753 -0.000639159 -3.97288 0.488086  9.71865
1.74444e+09  -0.0746218   0.330765 0.00415453 -4.08413 0.513208   10.239
1.74444e+09  -0.0765392   0.291616  0.0123038 -4.08054 0.549097  10.4041
1.74444e+09  -0.0691889   0.254225  0.0183758 -3.91187 0.545508  10.3969
1.74444e+09  -0.0567253   0.216036  0.0188552 -3.68936 0.520386  10.2606
1.74444e+09  -0.0425041   0.170815  0.0150202 -3.46326 0.477319  9.98782
1.74444e+09  -0.0289219   0.117445  0.0111853 -3.29458  0.41272  9.67559
1.74444e+09  -0.0164583  0.0570449 0.00862864 -3.30176 0.358887  9.41719
1.74444e+09  -0.00399474  -0.0076699  0.00974717 -3.40583 0.326587  9.27004
1.74444e+09   0.0076699 -0.0693487 0.00894822 -3.50991 0.344531   9.2198
1.74444e+09   0.0177367  -0.123198 0.00846885 -3.63193 0.340942  9.16597
1.74444e+09   0.0260457  -0.163944 0.00814927  -3.7396 0.351709  9.08701
1.74444e+09   0.0308394  -0.189351 0.00830906 -3.84009 0.351709  8.98652
1.74444e+09  0.0345146 -0.198778 0.0105461 -3.91545  0.34812  8.90398
1.74444e+09   0.033396 -0.194144 0.0119842 -3.95134 0.344531  8.79272
1.74444e+09   0.027324 -0.178165 0.0113451 -3.99441 0.322998  8.68865
1.74444e+09  0.0170975 -0.153238 0.0116646 -4.00876 0.297876  8.63123
1.74444e+09  0.00447411  -0.123198  0.0113451 -4.04106 0.308643  8.64558
1.74444e+09  -0.00607201  -0.0950749   0.0132625 -4.09849 0.330176  8.76042
1.74444e+09  -0.0132625 -0.0763795  0.0174171 -4.10925 0.351709  8.88604
1.74444e+09  -0.0174171 -0.0698281  0.0210922 -4.03389  0.38042   8.9614
1.74444e+09  -0.0209324 -0.0751011  0.0222108 -3.91545 0.387598  9.00088
1.74444e+09  -0.0218912 -0.0893224  0.0223706 -3.80779 0.376831  9.01882
1.74444e+09  -0.0191748  -0.108977  0.0218912 -3.75754 0.351709  9.07983
1.74444e+09  -0.0124636  -0.129749  0.0228499 -3.74319 0.330176  9.15161
1.74444e+09  -0.00255663    -0.15164    0.024288 -3.70371 0.340942  9.21262
1.74444e+09  0.00719053  -0.173691  0.0238087 -3.67859 0.355298  9.26646
1.74444e+09  0.0194943 -0.198299 0.0239684  -3.6427 0.362476  9.36335
1.74444e+09  0.0325971 -0.225943 0.0218912 -3.61399 0.373242  9.42795
1.74444e+09  0.0423443 -0.257261 0.0180562 -3.61399 0.394775  9.47461
1.74444e+09  0.0490554 -0.291297 0.0161388 -3.58169 0.391187   9.4782
1.74444e+09  0.0540089  -0.32677 0.0124636 -3.47402 0.362476   9.4459
1.74444e+09   0.0573645  -0.365439 0.00990696   -3.352 0.333765  9.42437
1.74444e+09   0.0576841  -0.410819 0.00894822 -3.23716 0.322998  9.43154
1.74444e+09  0.0546481 -0.466746 0.0103863 -3.16897 0.337354  9.49255
1.74444e+09  0.0492152 -0.532899 0.0135821 -3.0936 0.38042 9.54639
1.74444e+09  0.0418649  -0.60752 0.0139017 -2.98953 0.401953  9.60022
1.74444e+09   0.0319579  -0.685817 0.00830906 -2.92852 0.423486  9.63611
1.74444e+09    0.0188552   -0.764434 0.000958738 -2.81726 0.459375  9.63611
1.74444e+09  0.000479369   -0.841293 -0.00671117 -2.70242 0.462964  9.61099
1.74444e+09  -0.0196541  -0.917352 -0.0135821 -2.58757 0.430664  9.62175
1.74444e+09  -0.0386691  -0.993412 -0.0164583  -2.5158 0.419897  9.64329
1.74444e+09  -0.0551274   -1.06516 -0.0142213 -2.45837 0.430664  9.68635
1.74444e+09   -0.0666323    -1.12907 -0.00751011 -2.42607 0.448608  9.77249
1.74444e+09  -0.0695085   -1.18069 0.00351537 -2.41531 0.459375  9.88374
1.74444e+09  -0.0666323   -1.21967  0.0123038 -2.39736 0.434253  9.96987
1.74444e+09  -0.0567253   -1.24796  0.0178964 -2.34712 0.405542   10.074
1.74444e+09  -0.0431432   -1.26793  0.0186954 -2.25022 0.405542  10.1493
1.74444e+09  -0.0284426   -1.28151  0.0148604 -2.11384 0.362476  10.1601
1.74444e+09   -0.012943   -1.29062 0.00671117 -1.97747  0.34812  10.1421
1.74444e+09  0.000639159    -1.29462 -0.00239684 -1.88057 0.340942  10.1314
1.74444e+09    0.0158192    -1.29845 -0.00942759 -1.79802 0.337354   10.135
1.74444e+09   0.0345146   -1.30308 -0.0140615 -1.67241  0.31582  10.1314
1.74444e+09   0.0540089   -1.31044 -0.0183758 -1.52527 0.301465  10.1027
1.74444e+09   0.0715858   -1.32018 -0.0222108 -1.39248 0.279932  10.0417
1.74444e+09   0.0840494   -1.32641 -0.0279632  -1.2884 0.269165  9.93398
1.74444e+09   0.0894822   -1.33137 -0.0329167 -1.18792 0.244043  9.86938
1.74444e+09   0.0909203   -1.34207 -0.0348341 -1.08384 0.251221  9.84426
1.74444e+09   0.0894822   -1.36077 -0.0338754 -1.00847 0.330176  9.84426
1.74444e+09  0.0902812  -1.38554 -0.034195 -0.936694  0.398364    9.8658
1.74444e+09   0.0901214   -1.41238 -0.0389887 -0.846973  0.416309   9.84426
1.74444e+09   0.0853277   -1.43395 -0.0516121 -0.796729  0.344531   9.75095
1.74444e+09   0.0715858   -1.44466 -0.0642354 -0.742896  0.265576   9.66841
1.74444e+09   0.0520914    -1.4429 -0.0696683 -0.710596  0.261987   9.61458
1.74444e+09   0.0322775   -1.42564 -0.0693487 -0.656763  0.297876   9.54639
1.74444e+09    0.012943   -1.39576 -0.0621582 -0.556274  0.340942   9.47102
1.74444e+09  -0.00239684    -1.35629  -0.0514523 -0.455786  0.384009   9.42437
1.74444e+09  -0.0154996   -1.30756 -0.0388289 -0.373242  0.419897   9.39207
1.74444e+09  -0.0239684   -1.25147 -0.0260457 -0.283521   0.44502   9.37412
1.74444e+09  -0.0305198   -1.18612  -0.015979 -0.12561 0.416309  9.29517
1.74444e+09  -0.0377104   -1.11309 -0.0123038 0.0645996  0.391187   9.20903
1.74444e+09  -0.0441019   -1.03815 -0.0113451 0.233276 0.376831  9.14443
1.74444e+09  -0.0504935   -0.96497 -0.0100667 0.319409 0.387598  9.10854
1.74444e+09   -0.0572047   -0.891467 -0.00735032 0.416309 0.405542  9.08701
1.74444e+09   -0.0616788   -0.822917 -0.00319579 0.523975 0.394775  9.05471
1.74444e+09  -0.0631169  -0.760119 0.00143811 0.599341 0.387598  9.13008
1.74444e+09  -0.0597613  -0.704513 0.00655138 0.656763 0.398364  9.21621
1.74444e+09  -0.0536893  -0.659452  0.0113451 0.732129 0.387598  9.27363
1.74444e+09  -0.0492152  -0.624458  0.0150202 0.843384 0.376831   9.2844
1.74444e+09  -0.0477771  -0.598412  0.0169377 0.947461 0.366064  9.27363
1.74444e+09  -0.0500142  -0.574763  0.0174171 0.997705 0.337354  9.20186
1.74444e+09   -0.05321 -0.551914 0.0188552 1.04795 0.34812  9.1552
1.74444e+09  -0.0565655  -0.531301  0.0201335  1.11255 0.344531  9.19468
1.74444e+09  -0.0575243  -0.514683  0.0225303  1.16638 0.351709  9.26287
1.74444e+09   -0.05321 -0.504616 0.0271642  1.20945 0.366064  9.39565
1.74444e+09  -0.0441019    -0.5011    0.03036  1.34224 0.394775   9.5428
1.74444e+09  -0.0327569  -0.503337  0.0278034  1.49297 0.394775  9.54998
1.74444e+09  -0.0241282  -0.505734  0.0217314  1.63293 0.391187  9.52126
1.74444e+09  -0.015979 -0.506693 0.0137419   1.7406 0.391187  9.48538
1.74444e+09  -0.0139017  -0.502219 0.00719053   1.8052 0.358887   9.4136
1.74444e+09  -0.0164583  -0.489915  0.0015979  1.80161 0.401953  9.38489
1.74444e+09   -0.0161388   -0.466905 0.000958738 1.80161 0.44502 9.42795
1.74444e+09  -0.0158192  -0.438143 0.00271642  1.82673 0.437842  9.47461
1.74444e+09  -0.0153398  -0.406345 0.00447411  1.87698 0.427075  9.53203
1.74444e+09  -0.0142213  -0.373269 0.00479369  1.95234 0.441431  9.58586
1.74444e+09  -0.0143811   -0.34163 0.00319579  2.05283 0.427075  9.62534
1.74444e+09    -0.015979   -0.317023 0.000798948  2.18562 0.419897  9.62534
1.74444e+09   -0.0207727   -0.301843 -0.00431432  2.30764 0.391187  9.58228
1.74444e+09   -0.0266849   -0.298807 -0.00687096  2.38301 0.398364   9.6074
1.74444e+09   -0.0292415   -0.305358 -0.00798948  2.41531 0.391187  9.61099
1.74444e+09    -0.028123   -0.315265 -0.00942759  2.40454 0.384009  9.62893
1.74444e+09  -0.0218912  -0.323734 -0.0107059  2.39736 0.376831  9.66123
1.74444e+09  -0.0127832  -0.330125  -0.012144  2.37583 0.340942    9.672
1.74444e+09  -0.00671117   -0.331723  -0.0143811  2.37224 0.290698  9.64329
1.74444e+09  -0.00719053   -0.330445   -0.019015  2.44043 0.276343  9.69712
1.74444e+09  -0.0076699   -0.33412 -0.0233293  2.51221 0.305054  9.71506
1.74444e+09  -0.0107059  -0.344986 -0.0263653   2.5804 0.312231  9.66841
1.74444e+09  -0.0154996  -0.361125  -0.028123  2.60911 0.319409  9.62175
1.74444e+09  -0.0206129   -0.38014 -0.0266849  2.59834 0.301465  9.52844
1.74444e+09  -0.0228499  -0.399314 -0.0231695   2.5804 0.305054  9.54998
1.74444e+09  -0.0207727  -0.417211 -0.0185356  2.55886 0.272754   9.5428
1.74444e+09  -0.0180562  -0.432391 -0.0154996  2.58398 0.272754  9.56792
1.74444e+09  -0.0172573   -0.44853 -0.0135821  2.62705 0.294287  9.56433
1.74444e+09  -0.0162985  -0.465308 -0.0127832  2.68806 0.312231  9.54998
1.74444e+09  -0.0164583  -0.485281 -0.0134223  2.75984 0.308643  9.51409
1.74444e+09   -0.018216  -0.506533 -0.0148604  2.81367 0.294287  9.42078
1.74444e+09  -0.0196541  -0.525868 -0.0169377  2.87468 0.290698  9.39207
1.74444e+09  -0.0193345  -0.543285 -0.0207727  2.91057 0.283521  9.42078
1.74444e+09  -0.0154996  -0.560382  -0.022051  2.92852 0.279932  9.46025
1.74444e+09  -0.0103863  -0.575243 -0.0239684  2.95364 0.301465   9.4782
1.74444e+09  -0.00367516   -0.583712  -0.0262055  2.98953 0.312231  9.48896
1.74444e+09  0.00175769  -0.589464 -0.0268447 3.05054 0.34812 9.49973
1.74444e+09  0.0062318 -0.593299 -0.027324  3.12949 0.330176  9.44949
1.74444e+09  0.00735032  -0.595057  -0.027324   3.1905 0.301465  9.37412
1.74444e+09   0.0062318  -0.596974 -0.0276436  3.24434 0.305054  9.29517
1.74444e+09  0.00575243  -0.596974  -0.027324  3.25869 0.322998  9.24851
1.74444e+09  0.00751011  -0.596655  -0.027324  3.34124 0.297876  9.16956
1.74444e+09  0.00703075  -0.593459 -0.0278034  3.34124 0.330176  9.14443
1.74444e+09  0.00575243  -0.587387 -0.0278034  3.34482 0.355298  9.11931
1.74444e+09  0.00495348   -0.57732 -0.0263653 3.40942 0.34812 9.09778
1.74444e+09    0.003036  -0.566934 -0.0270045  3.52786 0.384009  9.13726
1.74444e+09  0.00287621  -0.557506 -0.0279632  3.60322 0.384009  9.10854
1.74444e+09  0.00223706  -0.549676 -0.0279632  3.63552 0.391187  9.05471
1.74444e+09  0.00191748  -0.543125 -0.0297209 3.76113 0.34812 8.96499
1.74444e+09  0.000479369   -0.535455  -0.0313188  3.79343 0.333765  8.85732
1.74444e+09  0.00015979  -0.522512 -0.0324373 3.77549 0.31582 8.84297
1.74444e+09  0.000798948   -0.502059  -0.0322775  3.76113 0.322998  8.90039
1.74444e+09  0.00175769  -0.476173 -0.0345146  3.80061 0.322998  8.97935
1.74444e+09  0.00335558  -0.450767 -0.0373908  3.89392 0.312231  8.99729
1.74444e+09  0.00415453  -0.429994 -0.0426638    3.998 0.326587  8.97217
1.74444e+09  0.00415453  -0.412577 -0.0490554  4.06978 0.351709  8.92551
1.74444e+09  0.00591222  -0.397077 -0.0541687  4.08413 0.344531  8.85015
1.74444e+09  0.00447411  -0.381897 -0.0596015  4.10208 0.312231  8.79272
1.74444e+09  0.00271642  -0.367516 -0.0626375  4.10925 0.330176   8.7999
1.74444e+09  0.00335558  -0.352176 -0.0618386  4.10208 0.340942  8.82861
1.74444e+09  0.00527306  -0.337156 -0.0591222  4.10208 0.330176  8.84297
1.74444e+09  0.00846885  -0.321657 -0.0560862 4.13079 0.31582 8.85015
1.74444e+09   0.0100667  -0.309672 -0.0528904  4.19539 0.301465  8.84656
1.74444e+09  0.00894822  -0.302322 -0.0508131  4.24922 0.326587   8.7676
1.74444e+09  0.00655138  -0.298647 -0.0482565  4.27434 0.351709  8.71736
1.74444e+09  0.00511327  -0.293853 -0.0461792  4.29587 0.362476  8.65276
1.74444e+09  0.00431432  -0.285864 -0.0420247  4.27434 0.344531  8.53433
1.74444e+09  0.000958738   -0.274359  -0.0348341  4.26716 0.308643  8.42666
1.74444e+09  -0.00559264   -0.259978   -0.028123  4.24204 0.322998  8.42666
1.74444e+09  -0.0110255  -0.239045 -0.0199737  4.23127 0.384009   8.5092
1.74444e+09  -0.0154996  -0.215077 -0.0123038  4.2564 0.38042 8.50562
1.74444e+09   -0.0225303   -0.189351 -0.00367516  4.28511 0.394775   8.4769
1.74444e+09  -0.0270045  -0.162027 0.00399474  4.29229 0.394775  8.45178
1.74444e+09  -0.0309992  -0.132945  0.0111853  4.28152 0.355298  8.40513
1.74444e+09  -0.0349939  -0.103863  0.0175769   4.2887 0.344531  8.42307
1.74444e+09  -0.0332363 -0.0800546  0.0228499  4.30305 0.373242  8.48767
1.74444e+09  -0.0292415 -0.0624778  0.0278034  4.33535 0.362476  8.49126
1.74444e+09  -0.0239684 -0.0468184  0.0300405  4.36047 0.358887  8.49844
1.74444e+09  -0.0194943 -0.0332363  0.0306796   4.3856 0.376831  8.51279
1.74444e+09   -0.015979 -0.0191748  0.0306796  4.39636 0.366064   8.5092
1.74444e+09   -0.0174171 -0.00367516   0.0309992  4.39995 0.362476  8.44819
1.74444e+09  -0.0199737  0.0140615  0.0313188   4.3856 0.369653  8.42307
1.74444e+09  -0.0193345  0.0365918  0.0330765  4.36765 0.373242  8.45896
1.74444e+09  -0.0137419  0.0602407  0.0357929  4.35688 0.366064   8.4446
1.74444e+09  -0.00575243   0.0861266   0.0375506  4.34612 0.373242  8.41948
1.74444e+09  0.00431432    0.11425  0.0378702  4.34612 0.391187  8.44819
1.74444e+09  0.0137419  0.142373 0.0385093   4.3533 0.376831  8.42666
1.74444e+09  0.0188552  0.170975 0.0375506  4.36765 0.384009  8.41589
1.74444e+09  0.0210922  0.199098 0.0356331  4.35688 0.387598   8.4123
1.74444e+09  0.0202933  0.226582 0.0351537  4.33176 0.387598  8.39436
1.74444e+09  0.0167779  0.255344 0.0349939  4.31382 0.394775  8.39795
1.74444e+09  0.0135821  0.287621 0.0345146  4.26357 0.423486  8.43025
1.74444e+09  0.0135821   0.32661 0.0338754  4.24563 0.430664  8.51638
1.74444e+09  0.0196541  0.372629 0.0308394  4.23486 0.455786  8.65635
1.74444e+09   0.031159  0.420726 0.0263653  4.21333 0.405542  8.66711
1.74444e+09  0.0428236  0.467385 0.0204531  4.22051 0.391187  8.59175
1.74444e+09  0.0516121  0.513244 0.0156594   4.1595 0.369653  8.49126
1.74444e+09  0.0511327  0.562619 0.0137419  4.05183 0.351709     8.38
1.74444e+09  0.0423443  0.613592 0.0135821  3.96211 0.351709  8.39077
1.74444e+09  0.0309992  0.662168 0.0167779  3.85085 0.384009  8.49485
1.74444e+09  0.0231695  0.704353 0.0222108  3.78625 0.434253  8.69941
1.74444e+09  0.0238087   0.73695 0.0265251  3.72166 0.437842  8.88245
1.74444e+09  0.0282828  0.761238 0.0306796  3.68577 0.427075  8.93628
1.74444e+09  0.0335558   0.78217 0.0330765  3.65706 0.387598  8.87168
1.74444e+09  0.0361125  0.805659 0.0365918 3.56733 0.34812 8.81067
1.74444e+09  0.0381897  0.838257  0.040267  3.46685 0.287109  8.75684
1.74444e+09  0.0353135   0.88092 0.0436226  3.34841 0.251221  8.77478
1.74444e+09  0.0340352  0.927579 0.0468184  3.25151 0.290698   8.9291
1.74444e+09   0.037231  0.969124 0.0474575  3.20845 0.333765  9.09778
1.74444e+09  0.0407464    1.0006 0.0461792  3.18333 0.344531  9.24133
1.74444e+09  0.0458596   1.01898 0.0413855  3.18691 0.366064  9.33464
1.74444e+09  0.0544883   1.03064 0.0317981 3.13667 0.38042 9.33105
1.74444e+09  0.0632767   1.04566 0.0178964  3.02183 0.387598  9.26646
1.74444e+09   0.0711064    1.07586 0.00751011  2.83879 0.401953  9.23057
1.74444e+09    0.0786165     1.12124 -0.00175769  2.65217 0.384009  9.20544
1.74444e+09    0.0794155     1.16742 -0.00687096  2.50503 0.394775  9.23416
1.74444e+09     0.080534     1.19954 -0.00878843  2.41531 0.437842  9.34182
1.74444e+09    0.0824515     1.21568 -0.00846885  2.30764 0.480908   9.4782
1.74444e+09    0.0891626     1.22127 -0.00671117  2.17844 0.491675  9.56074
1.74444e+09    0.0947553      1.2275 -0.00431432  2.04207 0.498853   9.5751
1.74444e+09     0.100348     1.24061 -0.00319579 1.94517 0.50603  9.5751
1.74444e+09     0.101626      1.2585 -0.00143811  1.87339 0.488086  9.44949
1.74444e+09  0.0936367   1.27241        -0  1.80161 0.470142  9.27004
1.74444e+09    0.076699    1.27336 0.00367516  1.73342 0.516797   9.2521
1.74444e+09   0.0629571    1.25499 0.00990696  1.69395 0.527563  9.38848
1.74444e+09   0.050174    1.2136 0.0127832  1.63652 0.516797  9.48538
1.74444e+09  0.0391485   1.16039 0.0139017  1.51091 0.491675  9.59304
1.74444e+09  0.0337156   1.10878 0.0127832  1.31711 0.491675  9.76531
1.74444e+09  0.0349939    1.0642 0.0162985  1.18074 0.459375   9.8012
1.74444e+09  0.0314786   1.02601 0.0170975  1.06948 0.427075  9.67917
1.74444e+09  0.0238087  0.993892 0.0170975 0.965405 0.423486  9.58228
1.74444e+09  0.0116646  0.963532 0.0193345 0.846973 0.484497  9.55715
1.74444e+09  0.00399474   0.938285  0.0196541 0.724951 0.531152  9.67559
1.74444e+09  0.0046339  0.923584 0.0174171 0.613696 0.541919  9.77966
1.74444e+09  0.0156594  0.915755  0.012144 0.577808 0.581396  9.91963
1.74444e+09   0.0263653   0.908244 0.00719053 0.588574  0.53833  9.87656
1.74444e+09   0.0313188   0.893863 0.00447411 0.523975 0.527563  9.79402
1.74444e+09   0.0306796   0.877405 0.00287621 0.427075 0.502441  9.73301
1.74444e+09   0.0247674    0.85823 0.00351537 0.333765 0.495264  9.68276
1.74444e+09    0.012943   0.831545 0.00735032 0.226099 0.502441  9.71865
1.74444e+09  0.00207727   0.800227 0.00910801 0.100488  0.50603  9.82991
1.74444e+09  -0.00431432    0.767789   0.0100667 -0.0251221   0.502441    9.85862
1.74444e+09  -0.0103863    0.74414  0.0092678 -0.143555  0.513208   9.81914
1.74444e+09  -0.0142213   0.740306 0.00974717 -0.265576  0.545508   9.80837
1.74444e+09  -0.0135821   0.755166  0.0118244 -0.351709  0.527563   9.82632
1.74444e+09  -0.0108657   0.782969  0.0139017 -0.369653   0.50603   9.77966
1.74444e+09  -0.00894822    0.811412   0.0167779 -0.358887  0.466553   9.72583
1.74444e+09  -0.00703075     0.82787   0.0204531 -0.369653  0.470142   9.72942
1.74444e+09  -0.00511327    0.827391   0.0222108 -0.351709  0.502441   9.74377
1.74444e+09  -0.00559264     0.81253    0.022051 -0.319409  0.531152   9.71865
1.74444e+09  -0.0132625   0.790799  0.0154996 -0.337354  0.556274   9.70071
1.74444e+09  -0.0255663   0.772104 0.00527306 -0.430664   0.57063   9.67559
1.74444e+09     -0.039468     0.758841 -0.000958738 -0.581396  0.581396    9.6397
1.74444e+09     -0.05321    0.756284 -0.00431432 -0.750073  0.559863   9.63611
1.74444e+09   -0.0655138    0.757083 -0.00575243 -0.893628  0.527563   9.66841
1.74444e+09  -0.073663  0.750852 -0.003036 -1.02642 0.509619   9.7689
1.74444e+09  -0.0751011   0.736471 0.00255663 -1.14844 0.513208  9.88015
1.74444e+09  -0.0749414   0.721131 0.00735032 -1.27764  0.50603   9.9304
1.74444e+09  -0.074462  0.713301 0.0110255 -1.37813  0.53833  9.91963
1.74444e+09  -0.0770186   0.715378  0.0116646 -1.43914 0.541919  9.87297
1.74444e+09  -0.0806938   0.728162 0.00846885 -1.46067 0.523975  9.78325
1.74444e+09   -0.086606   0.745898 0.00287621 -1.48579 0.516797  9.67559
1.74444e+09   -0.0921986    0.762037 -0.00495348 -1.49297 0.527563   9.6074
1.74444e+09  -0.0941161    0.77482 -0.0135821 -1.56833 0.520386  9.61099
1.74444e+09  -0.0885235   0.785366 -0.0223706 -1.71548 0.516797   9.7043
1.74444e+09  -0.0778176    0.79751 -0.0268447 -1.85903 0.495264  9.78325
1.74444e+09  -0.0632767   0.808695 -0.0258859 -1.97029 0.477319  9.79402
1.74444e+09  -0.0500142   0.818283 -0.0226901 -2.02771  0.41272  9.70789
1.74444e+09  -0.0412257   0.823077 -0.0185356 -2.05642 0.362476  9.59663
1.74444e+09   -0.037231   0.819721 -0.0140615 -2.04924 0.337354  9.49614
1.74444e+09  -0.0377104   0.804701 -0.0119842 -2.04207 0.333765  9.43513
1.74444e+09  -0.0434628   0.781371 -0.0137419 -2.06719 0.358887   9.4136
1.74444e+09  -0.0517719   0.757882  -0.021252 -2.15691 0.387598   9.4782
1.74444e+09  -0.0581634   0.734873 -0.0258859 -2.25022 0.398364  9.53921
1.74444e+09  -0.0629571   0.710904 -0.0290817 -2.35071 0.394775  9.53203
1.74444e+09  -0.0666323   0.687096 -0.0255663 -2.41531 0.369653  9.48896
1.74444e+09  -0.0711064   0.659292 -0.0222108 -2.47632  0.31582  9.45667
1.74444e+09  -0.0749414   0.627973 -0.0147006 -2.55886 0.283521  9.43154
1.74444e+09   -0.0786165    0.590263 -0.00543285 -2.59834  0.31582   9.4782
1.74444e+09  -0.0798948   0.541847 0.00319579  -2.6127 0.358887  9.53562
1.74444e+09  -0.0784567   0.485281 0.00974717 -2.62346  0.34812   9.5751
1.74444e+09  -0.0763795     0.4252  0.0124636 -2.66653  0.34812  9.61458
1.74444e+09  -0.0723847   0.372789  0.0131028 -2.75625 0.362476  9.61816
1.74444e+09   -0.06839  0.330445 0.0105461 -2.78496 0.384009  9.62534
1.74444e+09  -0.0643952   0.299765 0.00367516 -2.84238 0.376831  9.64329
1.74444e+09   -0.0602407    0.276915 -0.00127832 -2.93928 0.351709  9.63611
1.74444e+09    -0.0551274     0.261416 -0.000958738 -3.02542  0.34812  9.65046
1.74444e+09   -0.0482565    0.249591 0.000798948 -3.08643 0.355298  9.67559
1.74444e+09  -0.0386691   0.238566 0.00527306 -3.11155 0.355298  9.69353
1.74444e+09  -0.0262055   0.223706 0.00958738 -3.12231  0.38042  9.71865
1.74444e+09  -0.00958738     0.20549   0.0145409 -3.08643 0.369653  9.73301
1.74444e+09  0.00639159      0.182    0.01518 -3.01106 0.344531  9.68276
1.74444e+09  0.0175769  0.155475 0.0118244 -2.93928 0.322998  9.58228
1.74444e+09   0.0222108   0.126553 0.00751011 -2.92493 0.308643  9.52126
1.74444e+09   0.0236489    0.09875 0.00431432 -2.92134 0.272754  9.48896
1.74444e+09   0.0230097  0.0711064 0.00143811 -2.93928 0.258398  9.44949
1.74444e+09   0.0214118  0.0442617 0.00127832 -2.98953 0.265576  9.43513
1.74444e+09   0.0170975  0.0198139 0.00367516   -3.029 0.265576   9.4136
1.74444e+09    0.0113451 -0.00415453  0.00335558 -3.12231 0.258398  9.43154
1.74444e+09  0.00559264 -0.0246076 0.00751011 -3.23357 0.236865  9.45308
1.74444e+09           0 -0.0415453  0.0153398 -3.25869 0.218921  9.44949
1.74444e+09  -0.00383495  -0.0575243   0.0217314  -3.2228 0.193799  9.43513
1.74444e+09  -0.00607201  -0.0722249   0.0265251 -3.16179 0.186621  9.42795
1.74444e+09  -0.0076699 -0.0878843  0.0313188 -3.11155 0.197388  9.43154
1.74444e+09  -0.00639159   -0.107858   0.0337156 -3.04695 0.218921  9.43154
1.74444e+09  -0.00335558   -0.131507    0.034195 -2.98235  0.22251  9.44949
1.74444e+09  -0.000319579    -0.158032    0.0322775 -2.93569 0.229688  9.47102
1.74444e+09  0.00255663  -0.185356  0.0321177 -2.92134 0.211743  9.49255
1.74444e+09  0.0062318 -0.214118 0.0322775  -2.9321 0.208154  9.53921
1.74444e+09  0.0150202 -0.240164  0.034195 -2.96082 0.215332  9.62893
1.74444e+09  0.0286024 -0.261735  0.036432 -2.98235 0.236865  9.71506
1.74444e+09  0.0485761 -0.280271 0.0388289 -3.04336 0.272754  9.85144
1.74444e+09  0.0720651 -0.295291 0.0407464 -3.08284 0.290698  9.92681
1.74444e+09  0.0929976 -0.308394 0.0407464  -3.0613 0.297876   9.9304
1.74444e+09   0.112172 -0.320059  0.039468  -2.9967 0.283521  9.88374
1.74444e+09    0.12927 -0.331084 0.0381897 -2.91057 0.297876  9.84426
1.74444e+09   0.147326 -0.344507  0.039468 -2.81008 0.330176  9.85862
1.74444e+09   0.167619 -0.362723 0.0404268 -2.69883 0.355298  9.89451
1.74444e+09   0.193186 -0.384294 0.0413855 -2.67729 0.387598  9.95193
1.74444e+09   0.222267 -0.406026 0.0434628 -2.72036 0.409131  10.0022
1.74444e+09   0.253906 -0.426159  0.047138 -2.75984 0.434253  10.0058
1.74444e+09   0.284266 -0.442777  0.049375 -2.79573 0.455786  10.0237
1.74444e+09   0.315744 -0.457158 0.0538491 -2.79214 0.455786    9.995
1.74444e+09   0.346424  -0.47106 0.0576841 -2.68088  0.47373  10.0022
1.74444e+09   0.377583 -0.485761 0.0589624 -2.52656 0.502441  9.98064
1.74444e+09   0.409381 -0.499023 0.0591222 -2.42966 0.531152  9.99858
1.74444e+09   0.443416 -0.510208 0.0602407 -2.39019 0.559863  10.0237
1.74444e+09   0.475694 -0.521553 0.0597613 -2.37942 0.574219  10.0381
1.74444e+09   0.505255 -0.533538 0.0588026 -2.37583 0.581396  10.0237
1.74444e+09   0.527945 -0.543285 0.0560862 -2.35071 0.588574  10.0058
1.74444e+09   0.545202 -0.549517 0.0517719 -2.34353 0.595752  9.99858
1.74444e+09   0.566614 -0.553352 0.0530502 -2.40095 0.635229  10.1098
1.74444e+09   0.593299 -0.555109 0.0580036  -2.3866 0.656763  10.1852
1.74444e+09    0.62318 -0.556707 0.0619984  -2.2574 0.692651  10.1565
1.74444e+09   0.651782 -0.559743  0.062318 -2.11025 0.724951  10.0811
1.74444e+09   0.676869 -0.566295 0.0602407 -1.94875 0.753662  9.95552
1.74444e+09   0.694765 -0.579877 0.0546481 -1.78367 0.811084  9.81196
1.74444e+09   0.707389 -0.602727  0.047138 -1.68318 0.911572  9.77966
1.74444e+09   0.720651  -0.63852 0.0377104 -1.62935  1.00129  9.77966
1.74444e+09    0.73695 -0.680065 0.0231695 -1.68318 0.922339  9.77966
1.74444e+09    0.742862  -0.704672 0.00942759 -1.85544 0.746484  9.73301
1.74444e+09    0.739507  -0.706909 0.00495348 -1.92004 0.925928  9.61099
1.74444e+09    0.731837  -0.695085 0.00974717 -1.90569   1.0623  9.46743
1.74444e+09   0.718414 -0.671596 0.0175769 -1.82673  1.11973  9.32029
1.74444e+09   0.699879 -0.641076 0.0246076 -1.72266  1.19868  9.18032
1.74444e+09   0.680544 -0.604484 0.0309992 -1.64729  1.30994  9.14802
1.74444e+09   0.665844 -0.570769 0.0393083 -1.54321  1.38889  9.18032
1.74444e+09   0.658653 -0.541208  0.046339 -1.44631  1.48938  9.27722
1.74444e+09   0.657694 -0.515322 0.0477771 -1.38889  1.60063   9.3167
1.74444e+09   0.654658 -0.489755 0.0421845 -1.29199  1.68677  9.30593
1.74444e+09   0.649225 -0.466746 0.0353135 -1.18074  1.77649  9.31311
1.74444e+09    0.64555 -0.447411 0.0289219 -1.0623 1.83032 9.26287
1.74444e+09    0.63788 -0.435587 0.0215716 -0.91875  1.84468  9.14084
1.74444e+09   0.625736 -0.432551 0.0148604 -0.836206   1.88416   9.04395
1.74444e+09    0.609917  -0.433669 0.00910801 -0.789551    1.9344   8.91475
1.74444e+09   0.595856 -0.435587 0.0062318 -0.893628    2.0636   9.01523
1.74444e+09    0.59234  -0.43319 0.0113451 -1.10178   2.1605  9.20186
1.74444e+09   0.595536   -0.4252 0.0191748 -1.17356  2.24663  9.34182
1.74444e+09   0.606562 -0.412417 0.0260457 -1.1915 2.31482 9.46384
1.74444e+09   0.621262  -0.39516 0.0322775 -1.11973  2.37942  9.46743
1.74444e+09   0.635483 -0.375506 0.0365918 -0.947461   2.42966   9.37771
1.74444e+09   0.642514 -0.356331 0.0348341 -0.660352   2.42607    9.1229
1.74444e+09   0.637721 -0.342429 0.0287621 -0.369653   2.47991    8.8322
1.74444e+09   0.625896 -0.335239 0.0169377 -0.19021  2.56963  8.68506
1.74444e+09    0.611675  -0.325811 0.00383495 -0.193799   2.69883   8.74248
1.74444e+09     0.601289   -0.310951 -0.00942759 -0.247632   2.76702   8.77119
1.74444e+09   0.594577  -0.28906 -0.022051 -0.384009   2.88186   8.86091
1.74444e+09    0.595376  -0.260777 -0.0287621 -0.520386    2.9644   9.00806
1.74444e+09    0.599531  -0.224185 -0.0324373 -0.502441   3.04336   9.01523
1.74444e+09    0.595696  -0.183279 -0.0346744 -0.462964   3.12231   8.80349
1.74444e+09    0.584191   -0.14397 -0.0332363 -0.430664   3.21204   8.67788
1.74444e+09    0.568052  -0.110095 -0.0313188 -0.355298   3.29817   8.59893
1.74444e+09    0.552553 -0.0806938 -0.0297209 -0.34812  3.40225  8.60251
1.74444e+09    0.540089 -0.0514523 -0.0297209 -0.416309   3.49556   8.68506
1.74444e+09    0.533218 -0.0180562  -0.027324 -0.527563   3.57092   8.77119
1.74444e+09    0.528265  0.0170975 -0.0246076 -0.57063  3.63911  8.83938
1.74444e+09   0.525708  0.050174 -0.022051 -0.50603  3.71448  8.81067
1.74444e+09    0.516121  0.0765392 -0.0223706 -0.337354   3.76831   8.67429
1.74444e+09     0.50126  0.0928378 -0.0255663 -0.215332   3.81855   8.56663
1.74444e+09    0.482405   0.102106 -0.0282828 -0.175854   3.86521   8.46973
1.74444e+09    0.461473   0.111693 -0.0308394 -0.218921   3.94058    8.4769
1.74444e+09    0.442138   0.123358 -0.0338754 -0.244043   3.98005   8.49844
1.74444e+09   0.424242  0.137739 -0.037231 -0.251221   4.04465   8.51638
1.74444e+09    0.409541   0.149563 -0.0404268 -0.247632    4.1272   8.50562
1.74444e+09    0.393882   0.157712 -0.0445813 -0.247632   4.19897   8.46255
1.74444e+09    0.373269    0.15963 -0.0492152 -0.211743    4.2241   8.37642
1.74444e+09    0.347383   0.157872 -0.0533697 -0.179443   4.22051   8.26875
1.74444e+09    0.320059     0.1518 -0.0544883 -0.215332   4.27434   8.28669
1.74444e+09    0.297848   0.145568 -0.0517719 -0.287109   4.33535   8.43025
1.74444e+09    0.277714   0.140775 -0.0487358 -0.337354   4.36406   8.48049
1.74444e+09    0.257741   0.135502 -0.0477771 -0.384009   4.39636   8.46255
1.74444e+09    0.236169   0.130708 -0.0456998 -0.376831   4.43584   8.40513
1.74444e+09    0.209804   0.124956 -0.0442617 -0.358887   4.46814   8.34771
1.74444e+09    0.182959   0.118085 -0.0436226 -0.369653   4.50762   8.36565
1.74444e+09    0.157872   0.111373 -0.0426638 -0.491675   4.51838    8.4769
1.74444e+09     0.13646   0.107858 -0.0380299 -0.681885   4.52197   8.67788
1.74444e+09    0.120322   0.105621 -0.0297209 -0.778784   4.51838    8.8322
1.74444e+09    0.105781   0.101786 -0.0225303 -0.671118   4.51479   8.78914
1.74444e+09   0.0864462  0.0920388 -0.0209324 -0.437842   4.48967   8.62405
1.74444e+09   0.0632767  0.0771784 -0.0234891 -0.25481  4.46455  8.52715
1.74444e+09   0.0383495  0.0600809 -0.0257261 -0.186621   4.44302   8.45178
1.74444e+09   0.0145409  0.0436226 -0.0254066 -0.276343   4.43225   8.48049
1.74444e+09  -0.00559264   0.0325971  -0.0217314 -0.484497   4.49326   8.65994
1.74444e+09   -0.018216  0.0260457 -0.0154996 -0.620874   4.55427   8.85732
1.74444e+09  -0.0238087  0.0241282 -0.0105461 -0.703418   4.58657   9.01882
1.74444e+09   -0.0266849   0.0238087 -0.00527306 -0.717773   4.57581   9.07266
1.74444e+09   -0.0308394   0.0206129 -0.00143811 -0.613696   4.53633   8.93628
1.74444e+09    -0.0428236    0.0140615 -0.000958738 -0.427075    4.4825   8.71018
1.74444e+09    -0.065354   0.0015979 -0.00495348 -0.240454   4.41431   8.44102
1.74444e+09  -0.0977913  -0.015979 -0.0137419 -0.15791  4.36765  8.20415
1.74444e+09   -0.134383 -0.0345146 -0.0201335 -0.290698   4.42507   8.18621
1.74444e+09   -0.162826 -0.0500142 -0.0164583 -0.656763   4.49685   8.40154
1.74444e+09    -0.179923  -0.0556068 -0.00351537 -1.00129  4.51121  8.63123
1.74444e+09   -0.191108 -0.0540089  0.0137419 -1.13049  4.47532   8.7353
1.74444e+09   -0.199577 -0.0488956  0.0298807 -1.08025  4.40354  8.72813
1.74444e+09   -0.209324 -0.0452205  0.0396278 -0.904395   4.33535   8.62046
1.74444e+09  -0.224984 -0.043303 0.0421845 -0.746484   4.26716   8.53074
1.74444e+09   -0.245277 -0.0425041  0.0423443 -0.703418   4.18821   8.48767
1.74444e+09   -0.268447 -0.0399474  0.0393083 -0.721362   4.14873   8.50203
1.74444e+09    -0.28906 -0.0346744  0.0365918 -0.890039    4.1595   8.66711
1.74444e+09   -0.299765 -0.0238087  0.0388289 -1.05872  4.20256  8.88604
1.74444e+09   -0.303281 -0.0102265  0.0421845 -1.0623 4.17385 8.98652
1.74444e+09   -0.305518 0.00223706  0.0426638 -0.954639   4.09849   9.00447
1.74444e+09  -0.307595 0.0092678 0.0412257 -0.764429   4.02312   8.93987
1.74444e+09   -0.315585 0.00974717  0.0369114 -0.559863   3.92622   8.75684
1.74444e+09    -0.33428 0.00335558  0.0286024 -0.366064   3.85085   8.51279
1.74444e+09    -0.363841 -0.00814927    0.018216 -0.215332   3.78984   8.28669
1.74444e+09   -0.400273 -0.0202933 0.00703075 -0.312231   3.75754   8.23286
1.74444e+09    -0.436066  -0.0234891 0.000798948 -0.567041   3.74678   8.39077
1.74444e+09   -0.465148 -0.0164583 0.00143811 -0.846973   3.71448   8.59534
1.74444e+09    -0.488637 0.000319579  0.00591222 -1.00847   3.6427  8.74248
1.74444e+09  -0.508611 0.0207727 0.0118244 -1.00129  3.59246  8.75684
1.74444e+09   -0.53178 0.0399474 0.0191748 -0.882861   3.53145   8.68147
1.74444e+09  -0.560223 0.0530502 0.0233293 -0.656763   3.44172   8.49126
1.74444e+09  -0.601289  0.059282 0.0177367 -0.459375   3.38789   8.28311
1.74444e+09  -0.649865 0.0643952 0.0119842 -0.563452   3.36636   8.31182
1.74444e+09  -0.690611 0.0765392 0.0127832 -0.868506   3.31252    8.5738
1.74444e+09  -0.718894 0.0977913 0.0207727 -1.14126  3.23716  8.89321
1.74444e+09  -0.735831  0.123997 0.0308394 -1.22739  3.09719  9.14443
1.74444e+09  -0.747816  0.147166 0.0370712 -1.14126  2.96082  9.25569
1.74444e+09  -0.758042   0.15947 0.0367516 -0.915161   2.81367   9.21262
1.74444e+09  -0.770026  0.158671 0.0290817 -0.588574   2.69524   9.02241
1.74444e+09  -0.791119  0.145089 0.0135821 -0.276343   2.60552   8.72454
1.74444e+09    -0.819401    0.123198 -0.00591222 -0.204565   2.57681   8.70659
1.74444e+09  -0.839854  0.108497 -0.019015 -0.523975   2.55527   9.06907
1.74444e+09   -0.848323   0.108018 -0.0223706 -0.832617   2.45479   9.38489
1.74444e+09   -0.853277   0.116487 -0.0223706 -1.03359  2.34712  9.62175
1.74444e+09   -0.850241   0.131028 -0.0177367 -1.18074  2.27893  9.84067
1.74444e+09    -0.839535    0.143491 -0.00814927 -1.19509  2.22151  9.94475
1.74444e+09   -0.830906   0.147166 0.00127832 -1.06589  2.14255  9.84067
1.74444e+09   -0.834581   0.138538 0.00639159 -0.775195   2.04207   9.58945
1.74444e+09     -0.85839    0.119682 0.000319579 -0.405542   1.97388   9.28081
1.74444e+09   -0.898018  0.0944357 -0.0140615 -0.233276   1.90569   9.19109
1.74444e+09   -0.936687  0.0733435 -0.0276436 -0.369653   1.84468   9.39565
1.74444e+09   -0.967207  0.0594418 -0.0356331 -0.671118   1.79802   9.66482
1.74444e+09    -0.98782  0.0512925 -0.0351537 -0.925928   1.72266   9.87297
1.74444e+09   -0.998526  0.0393083 -0.0279632 -0.994116   1.66523   9.97346
1.74444e+09    -1.00284  0.0169377 -0.0214118 -0.850562   1.58269   9.95193
1.74444e+09    -1.00955 -0.0170975 -0.0231695 -0.610107   1.43914   9.75095
1.74444e+09    -1.02601 -0.0632767 -0.0305198 -0.384009   1.27405   9.52485
1.74444e+09     -1.0495  -0.113131 -0.0391485 -0.322998   1.14126   9.49255
1.74444e+09    -1.06692  -0.158991 -0.0441019 -0.480908   1.08743   9.75813
1.74444e+09    -1.06787  -0.194943 -0.0455401 -0.750073   1.05513   10.1314
1.74444e+09    -1.05685  -0.227061 -0.0453803 -0.875684   1.01565   10.3252
1.74444e+09    -1.04071  -0.262215 -0.0490554 -0.775195  0.972583   10.4077
1.74444e+09     -1.0217    -0.3036 -0.0567253 -0.584985  0.907983   10.3108
1.74444e+09    -1.00588  -0.348981 -0.0637561 -0.305054  0.800317   10.1314
1.74444e+09   -0.992613  -0.395479 -0.0731837 -0.143555  0.671118   10.0273
1.74444e+09   -0.980789  -0.437824 -0.0784567 -0.150732  0.552686   10.0632
1.74444e+09    -0.96465   -0.47106 -0.0790959 -0.261987  0.502441   10.2103
1.74444e+09   -0.938924  -0.491992 -0.0759001 -0.419897  0.470142   10.4292
1.74444e+09   -0.905688  -0.502379 -0.0687096 -0.527563  0.434253   10.5441
1.74444e+09   -0.871493  -0.505415 -0.0631169 -0.452197   0.38042    10.519
1.74444e+09   -0.844488  -0.507971 -0.0635963 -0.251221  0.294287   10.3072
1.74444e+09  -0.833942  -0.50893 -0.070627 -0.0430664   0.197388    10.0058
1.74444e+09   -0.840653  -0.509569 -0.0832504 0.0645996  0.104077   9.72583
1.74444e+09   -0.861746  -0.507013 -0.0949151  0.114844 0.0574219    9.5428
1.74444e+09  -0.887791 -0.502379 -0.104982  0.154321 0.0287109   9.53921
1.74444e+09   -0.90441  -0.49391 -0.112332  0.0394775 -0.0322998    9.68994
1.74444e+09  -0.907605 -0.479049  -0.11377 -0.100488 -0.143555   9.81914
1.74444e+09  -0.901374 -0.456679 -0.112812 -0.147144 -0.218921   9.79043
1.74444e+09  -0.894503 -0.427437 -0.115368 -0.0681885  -0.322998    9.58228
1.74444e+09  -0.901374 -0.390526 -0.125595 0.0179443 -0.466553   9.30234
1.74444e+09  -0.927579 -0.345146 -0.142373 -0.0107666   -0.60293    9.15879
1.74444e+09  -0.960336 -0.288101  -0.15947 -0.139966 -0.667529   9.13367
1.74444e+09  -0.990536 -0.216835  -0.17465 -0.301465 -0.778784   9.21621
1.74444e+09   -1.00779 -0.129589 -0.186475 -0.516797 -0.911572   9.43513
1.74444e+09    -1.00348 -0.0289219  -0.193345 -0.671118  -1.00847   9.60381
1.74444e+09  -0.976475 0.0759001 -0.197979 -0.692651  -1.08743   9.65764
1.74444e+09  -0.937965  0.174171 -0.201814 -0.606519  -1.18074   9.53203
1.74444e+09   -0.90377  0.256782 -0.207407 -0.466553  -1.27405   9.32388
1.74444e+09    -0.8814  0.325971 -0.215077 -0.416309  -1.35659   9.17673
1.74444e+09   -0.8659   0.3795 -0.22051 -0.434253  -1.49297    9.2198
1.74444e+09   -0.84353  0.416092 -0.219231 -0.513208  -1.61858   9.32388
1.74444e+09  -0.807098  0.438143 -0.209165 -0.559863  -1.72983   9.48179
1.74444e+09  -0.755006  0.445653 -0.194304 -0.556274   -1.7729   9.62893
1.74444e+09  -0.696363  0.440061 -0.177207 -0.455786  -1.81597   9.63611
1.74444e+09  -0.641236  0.419927 -0.160908 -0.305054  -1.84468   9.55715
1.74444e+09  -0.602087  0.384774 -0.148445 -0.154321  -1.92363    9.4782
1.74444e+09  -0.582274  0.337955 -0.142532 -0.122021  -1.97747    9.4782
1.74444e+09  -0.572047  0.282508 -0.135661 -0.107666  -2.08154   9.46384
1.74444e+09  -0.565975  0.225783 -0.127672 -0.0610107   -2.18562    9.49973
1.74444e+09  -0.560702  0.168898 -0.120322 -0.0322998   -2.23586    9.54639
1.74444e+09  -0.555748  0.116167 -0.115848 -0.053833  -2.28611   9.61099
1.74444e+09  -0.550635 0.0667921  -0.11425 -0.053833   -2.3543   9.68635
1.74444e+09  -0.545522 0.0217314 -0.113131 -0.0287109   -2.41172    9.71147
1.74444e+09   -0.535455 -0.0178964  -0.109296        0 -2.46914  9.71147
1.74444e+09   -0.526028 -0.0541687  -0.104023 0.0358887  -2.56963    9.6397
1.74444e+09   -0.522352 -0.0845287  -0.100188 0.0610107  -2.67371   9.60381
1.74444e+09   -0.526028  -0.108178 -0.0963532 0.00358887   -2.79214    9.68276
1.74444e+09   -0.526986    -0.1216 -0.0902812 -0.168677  -2.88904   9.87297
1.74444e+09   -0.515801  -0.123038 -0.0778176 -0.333765  -2.96799   10.0596
1.74444e+09   -0.489436  -0.119363 -0.0610397 -0.34812   -3.029  10.0991
1.74444e+09    -0.45604  -0.114569 -0.0456998 -0.233276  -3.10796   9.99141
1.74444e+09   -0.432071  -0.111853 -0.0393083 -0.129199  -3.18691   9.80837
1.74444e+09    -0.42536  -0.107538 -0.0412257 -0.154321  -3.30176   9.68635
1.74444e+09   -0.429195  -0.100667 -0.0429834 -0.269165   -3.4166   9.66482
1.74444e+09    -0.43335 -0.0912399 -0.0386691 -0.38042 -3.50632  9.69712
1.74444e+09   -0.428716 -0.0813329 -0.0270045 -0.394775  -3.55657    9.7366
1.74444e+09      -0.4105  -0.0704672 -0.00862864 -0.297876  -3.55657   9.70789
1.74444e+09   -0.380779 -0.0616788  0.0105461 -0.111255   -3.5458   9.59304
1.74444e+09   -0.355692 -0.0552872   0.022051 0.053833 -3.55657  9.43513
1.74444e+09   -0.346104 -0.0482565   0.021252 0.0933105  -3.54939   9.34182
1.74444e+09   -0.345146 -0.0415453  0.0174171 0.0645996   -3.5458   9.32388
1.74444e+09   -0.345625 -0.0369114  0.0158192 0.0825439   -3.5781     9.349
1.74444e+09   -0.335718 -0.0377104  0.0215716 0.0933105   -3.5781   9.39924
1.74444e+09  -0.308714 -0.040267 0.0338754 0.150732  -3.5458   9.4782
1.74444e+09   -0.266849 -0.0431432  0.0456998 0.272754 -3.49556  9.48179
1.74444e+09   -0.219871 -0.0485761   0.052411 0.405542  -3.4489  9.42437
1.74444e+09   -0.171135 -0.0543285  0.0514523 0.477319 -3.39148  9.36335
1.74444e+09   -0.125275 -0.0576841  0.0445813 0.477319 -3.38789  9.29875
1.74444e+09  -0.0949151 -0.0572047  0.0276436 0.384009 -3.39507  9.27363
1.74444e+09  -0.0746218   -0.05321 0.00894822 0.215332 -3.38789  9.27363
1.74444e+09   -0.0580036  -0.0500142 -0.00271642 0.0610107  -3.36277   9.29158
1.74444e+09   -0.0337156  -0.0488956 -0.00447411 -0.0322998     -3.352    9.35259
1.74444e+09  0.000798948  -0.0480967 0.000958738 -0.104077  -3.33406   9.41001
1.74444e+09   0.0421845 -0.0490554 0.00878843 -0.107666  -3.29817   9.39565
1.74444e+09   0.0786165 -0.0487358  0.0110255 -0.104077  -3.29817   9.30234
1.74444e+09   0.0993892 -0.0461792 0.00415453 -0.165088   -3.2874   9.19109
1.74444e+09    0.107379 -0.0404268 -0.0046339 -0.233276  -3.28381   9.07983
1.74444e+09    0.104982 -0.0338754 -0.0137419 -0.276343  -3.31611   8.99011
1.74444e+09   0.0945955  -0.025087 -0.0218912 -0.34812 -3.37712  8.99729
1.74444e+09   0.0814927 -0.0150202 -0.0257261 -0.459375  -3.39866   9.10496
1.74444e+09    0.0760599 -0.00383495  -0.0210922 -0.516797  -3.37712   9.21621
1.74444e+09   0.0816525 0.00511327 -0.0105461 -0.44502 -3.30894  9.23057
1.74444e+09     0.09875 0.00942759 0.00319579 -0.294287  -3.25869   9.19109
1.74444e+09   0.122079 0.0103863 0.0162985 -0.168677  -3.23716   9.11572
1.74444e+09   0.141254 0.0102265 0.0226901 -0.12561 -3.27664  9.07266
1.74444e+09   0.148125 0.0134223 0.0210922 -0.168677  -3.28381    9.0906
1.74444e+09   0.147965 0.0178964 0.0172573 -0.218921  -3.26228    9.1229
1.74444e+09   0.147646 0.0218912  0.019015 -0.179443   -3.2551   9.17314
1.74444e+09   0.150841 0.0218912 0.0244478 -0.143555  -3.24792   9.28799
1.74444e+09   0.162985 0.0201335 0.0325971 -0.0897217   -3.21204    9.46743
1.74444e+09   0.188712 0.0154996 0.0425041 -0.0358887   -3.16538    9.60022
1.74444e+09    0.223226 0.00719053  0.0500142 0.0179443  -3.15103   9.66841
1.74444e+09     0.261735 -0.00271642   0.0551274 0.0287109  -3.10796     9.672
1.74444e+09    0.298807 -0.0150202  0.0575243 0.0358887  -3.08284   9.62893
1.74444e+09   0.327249 -0.028123 0.0567253 0.0107666  -3.10437   9.56792
1.74444e+09    0.345625 -0.0410659  0.0538491 -0.0358887   -3.10796    9.50691
1.74444e+09    0.359207 -0.0509729  0.0533697 -0.107666  -3.07925   9.50691
1.74444e+09    0.371191 -0.0564058  0.0581634 -0.172266  -3.03259   9.55715
1.74444e+09    0.385732 -0.0588026  0.0672714 -0.22251 -2.94287   9.6074
1.74444e+09    0.405067 -0.0596015  0.0782969 -0.19021 -2.86392   9.6397
1.74444e+09    0.428716 -0.0618386  0.0923584 -0.139966  -2.80291   9.61099
1.74444e+09  0.457478 -0.06839 0.110574 -0.053833  -2.72754   9.53921
1.74444e+09    0.488477 -0.0816525   0.131347 0.0430664  -2.64141   9.43154
1.74444e+09   0.522193 -0.101466  0.154357 0.107666 -2.58398    9.349
1.74444e+09   0.557986 -0.124956  0.173851 0.154321  -2.5481  9.33105
1.74444e+09    0.59266 -0.142692  0.186794 0.129199 -2.54092   9.4136
1.74444e+09   0.628453 -0.148764  0.191428 0.0681885  -2.52656    9.5105
1.74444e+09   0.661689 -0.142852  0.188552 0.0287109  -2.47991   9.56074
1.74444e+09   0.689812 -0.129749  0.180083 0.0574219  -2.42607   9.58945
1.74444e+09   0.710904 -0.112812  0.170655 0.0825439  -2.36147   9.53562
1.74444e+09    0.724327 -0.0974717   0.164424 0.0430664  -2.27534   9.47461
1.74444e+09    0.734074 -0.0826113   0.165382 -0.0179443   -2.19639    9.48179
1.74444e+09    0.742063 -0.0671117   0.172573 -0.107666  -2.09949   9.56074
1.74444e+09    0.755645 -0.0506533   0.189031 -0.240454  -1.99541   9.69712
1.74444e+09    0.778655 -0.0380299   0.216355 -0.290698  -1.89133   9.76531
1.74444e+09    0.799108 -0.0290817   0.241282 -0.19021 -1.90569  9.71506
1.74444e+09   0.805659 -0.025087  0.252627 -0.0610107   -1.89851    9.61099
1.74444e+09    0.791918 -0.0289219   0.251189 0.0143555  -1.84468   9.49255
1.74444e+09    0.762197 -0.0409062   0.247195 0.0430664  -1.75137   9.43154
1.74444e+09    0.730878 -0.0567253   0.246236 0.0358887  -1.61858    9.4782
1.74444e+09    0.711064 -0.0741424   0.253586 0.0466553  -1.47502   9.58586
1.74444e+09    0.707708 -0.0843689   0.260457 0.0825439  -1.35659   9.76172
1.74444e+09    0.722249 -0.0778176   0.266369 -0.00717773    -1.13408     9.93398
1.74444e+09     0.75948 -0.0375506   0.267807 0.186621 -1.21304  10.1314
1.74444e+09    0.787443 0.00687096   0.246396 0.559863 -1.52527   9.8658
1.74444e+09  0.805979 0.039468  0.22067 0.355298 -1.18433  9.82632
1.74444e+09  0.807897 0.055447 0.203252 0.208154 -1.08384  9.69353
1.74444e+09   0.800546 0.0565655  0.189031 0.150732 -1.04077  9.77249
1.74444e+09    0.79016 0.0458596  0.173532  0.104077 -0.943872   9.81914
1.74444e+09   0.785047 0.0231695  0.167619 -0.0179443  -0.818262    9.85862
1.74444e+09     0.793036 -0.00591222    0.169217 -0.0933105  -0.782373    9.94475
1.74444e+09     0.81253 -0.0356331    0.17497 -0.0968994  -0.829028     9.8981
1.74444e+09    0.830427 -0.0651942   0.178805 -0.0933105  -0.861328    9.76172
1.74444e+09     0.83586 -0.0907605   0.180882  -0.12561 -0.836206   9.67559
1.74444e+09  0.827551 -0.11377 0.180722 -0.172266 -0.768018   9.66482
1.74444e+09   0.817644 -0.127193  0.179124 -0.179443 -0.635229   9.69353
1.74444e+09   0.806299 -0.132146  0.174331  -0.12561 -0.498853   9.77966
1.74444e+09    0.79783 -0.125754  0.162506 -0.0358887  -0.369653    9.83708
1.74444e+09    0.79767 -0.112172  0.146367 0.0394775 -0.279932   9.89451
1.74444e+09    0.807577 -0.0947553   0.131986 0.0897217 -0.211743   9.89451
1.74444e+09   0.823236 -0.076699  0.119363 0.118433 -0.15791  9.81196
1.74444e+09    0.840174 -0.0572047   0.107858  0.172266 -0.107666   9.72583
1.74444e+09    0.850081 -0.0367516  0.0950749   0.165088 -0.0789551    9.68276
1.74444e+09    0.856313 -0.0154996    0.08357  0.104077 0.0179443   9.79761
1.74444e+09    0.870694 0.00559264  0.0759001 0.0179443  0.104077   9.95552
1.74444e+09   0.891626 0.0246076 0.0720651 0.0107666  0.132788   9.99858
1.74444e+09   0.908884 0.0426638  0.062318 0.0610107  0.161499   9.94116
1.74444e+09   0.925022 0.0611994 0.0527306 0.0251221  0.226099   9.90886
1.74444e+09   0.938764 0.0811732  0.047138 0.0430664  0.301465   9.80479
1.74444e+09   0.941161  0.099549 0.0405866 0.0717773  0.419897   9.66482
1.74444e+09   0.932053  0.118884 0.0330765 0.0143555   0.53833   9.65046
1.74444e+09   0.922626    0.1371 0.0317981 -0.107666  0.660352   9.77249
1.74444e+09   0.927259  0.153078 0.0388289 -0.272754   0.76084   10.0524
1.74444e+09   0.942919  0.165063 0.0512925 -0.290698  0.803906   10.1278
1.74444e+09   0.957939  0.168738 0.0589624 -0.114844  0.882861   9.97705
1.74444e+09   0.966408  0.166021 0.0541687 0.0681885  0.965405   9.72942
1.74444e+09    0.96449  0.157073 0.0385093 0.165088  1.03718  9.58228
1.74444e+09   0.955542  0.146527 0.0196541 0.104077  1.14844  9.59663
1.74444e+09    0.940842   0.134064 0.00367516 0.0825439   1.26328   9.57869
1.74444e+09    0.919749   0.116007 -0.0115049 0.114844  1.40325  9.54639
1.74444e+09    0.895301  0.0945955 -0.0209324 0.118433  1.51091  9.51768
1.74444e+09    0.868776  0.0725445 -0.0274838 0.122021  1.59346  9.48538
1.74444e+09    0.840494  0.0508131 -0.0305198 0.0789551   1.66523   9.45308
1.74444e+09    0.806778  0.0287621 -0.0305198 0.0717773   1.72625   9.38489
1.74444e+09    0.767789 0.00527306 -0.0282828 0.0215332   1.79802   9.34182
1.74444e+09    0.728801 -0.0148604 -0.0258859       0 1.90569 9.39565
1.74444e+09    0.694446 -0.0322775 -0.0265251 -0.0574219    2.08513    9.55715
1.74444e+09    0.672714 -0.0434628 -0.0201335 -0.211743   2.26099   9.81914
1.74444e+09     0.668081  -0.0490554 -0.00639159 -0.290698   2.33635   10.0094
1.74444e+09    0.667441  -0.049375 0.00447411 -0.261987   2.30764   10.0345
1.74444e+09    0.664246 -0.0484163  0.0108657 -0.12561  2.29329   9.8658
1.74444e+09    0.651782 -0.0492152   0.012144 0.0861328   2.34353   9.56792
1.74444e+09    0.628453 -0.0583232  0.0110255 0.233276  2.38301  9.28799
1.74444e+09    0.601289 -0.0728641  0.0124636 0.218921  2.45479  9.21621
1.74444e+09     0.57764 -0.0869256  0.0180562 0.0789551   2.53733   9.30952
1.74444e+09    0.565336 -0.0939563  0.0287621 -0.111255   2.60193   9.43154
1.74444e+09    0.561501 -0.0944357  0.0396278 -0.179443   2.65217   9.46384
1.74444e+09     0.56214 -0.0906007  0.0482565 -0.0861328    2.67729    9.42437
1.74444e+09    0.561501 -0.0890028  0.0474575 0.132788  2.68088  9.24133
1.74444e+09    0.552393 -0.0942759  0.0404268 0.376831  2.69165   8.9614
1.74444e+09   0.529064 -0.106739 0.0246076 0.523975  2.68806  8.68147
1.74444e+09    0.503977  -0.118564 0.00862864 0.44502 2.75266 8.65276
1.74444e+09    0.485761  -0.127512 0.00015979 0.179443  2.83521   8.7676
1.74444e+09   0.479848 -0.130548 0.0015979 -0.0825439    2.94287    8.98293
1.74444e+09    0.482565  -0.125754 0.00479369 -0.204565   3.06489    9.1229
1.74444e+09    0.484802  -0.112971 0.00495348 -0.226099   3.14026   9.11572
1.74444e+09     0.478091  -0.0953944 -0.00015979 -0.15791  3.21563  8.98652
1.74444e+09     0.459395  -0.0751011 -0.00862864 -0.053833    3.2874   8.82861
1.74444e+09    0.433989 -0.0583232 -0.0178964 0.118433  3.28022  8.57739
1.74444e+09    0.399155 -0.0460194 -0.0300405 0.265576  3.27305  8.32976
1.74444e+09    0.359846 -0.0365918 -0.0410659 0.312231  3.30176  8.18262
1.74444e+09    0.324533 -0.0249272 -0.0480967 0.236865  3.40225  8.20415
1.74444e+09      0.29641 -0.00798948  -0.0509729 0.0717773   3.54221   8.35488
1.74444e+09    0.276276  0.0169377 -0.0492152 -0.0861328    3.69294    8.58098
1.74444e+09    0.260777  0.0495348 -0.0479369 -0.111255   3.78625   8.70659
1.74444e+09    0.245597    0.08357 -0.0512925 0.00717773    3.82573    8.69583
1.74444e+09    0.226901   0.112332 -0.0594418 0.204565  3.82573  8.60251
1.74444e+09   0.208366  0.132306 -0.071426 0.362476  3.84368  8.52715
1.74444e+09   0.190469  0.145728 -0.086606 0.409131  3.89392  8.58098
1.74444e+09    0.180722   0.155635 -0.0993892 0.312231  3.98005  8.82502
1.74444e+09   0.179923    0.1673 -0.109296 0.265576  4.01235  8.95781
1.74444e+09   0.182959  0.176887 -0.118244 0.172266  4.04824  9.10137
1.74444e+09   0.191268  0.185995 -0.123517 0.053833  4.08054  9.29517
1.74444e+09   0.202933  0.192547 -0.126234 0.0502441   4.08054   9.35618
1.74444e+09   0.211402  0.191588 -0.130868 0.136377  4.04465  9.27363
1.74444e+09   0.210763  0.181201 -0.139816 0.294287  3.96929  9.03677
1.74444e+09   0.196861  0.160748 -0.153238 0.44502  3.9334 8.76042
1.74444e+09   0.175289  0.133584 -0.168578 0.498853  3.91904  8.57021
1.74444e+09   0.148285  0.104502 -0.181042 0.441431  3.94775   8.4769
1.74444e+09    0.12128 0.0813329 -0.188072 0.175854  3.99441  8.60969
1.74444e+09   0.104343 0.0699879  -0.18248 -0.193799   4.04106   8.88604
1.74444e+09  0.0963532 0.0709466 -0.168738 -0.41272   4.0626  9.04395
1.74444e+09  0.0890028 0.0778176 -0.155795 -0.44502  4.05183  9.07625
1.74444e+09  0.0834102 0.0851679 -0.145888 -0.409131   4.05183   9.15879
1.74444e+09   0.079735  0.089642 -0.140136 -0.25481  4.01953  9.11931
1.74444e+09  0.0693487 0.0883637 -0.144929 0.0107666   3.98723   8.93628
1.74444e+09  0.0509729  0.079735 -0.160269 0.247632  3.94417  8.71018
1.74444e+09  0.0254066 0.0688693 -0.179444 0.355298  3.89751  8.54868
1.74444e+09  -0.000479369    0.0637561    -0.196701 0.25481 3.90828 8.61328
1.74444e+09  -0.0177367  0.0685498  -0.206129 -0.0251221    3.95493    8.84656
1.74444e+09  -0.0276436  0.0832504  -0.207886 -0.244043   3.99441   9.00088
1.74444e+09  -0.0354733   0.103544  -0.204371 -0.38042  4.03748   9.0583
1.74444e+09  -0.0447411   0.124956  -0.201974 -0.387598   4.05183   9.01165
1.74444e+09  -0.0608799    0.14397  -0.203732 -0.290698   4.00159    8.8645
1.74444e+09  -0.0816525   0.162985   -0.21284 -0.129199   3.95134   8.69583
1.74444e+09  -0.110415  0.184237  -0.22818 0.0430664   3.89392   8.55586
1.74444e+09  -0.139816  0.202454 -0.249432 0.0645996    3.8688   8.55945
1.74444e+09  -0.161867  0.219072 -0.267488 -0.114844   3.87957   8.70659
1.74444e+09  -0.177367  0.233612 -0.277555 -0.337354   3.89033   8.83579
1.74444e+09  -0.191428  0.246396 -0.283946 -0.452197   3.89392   8.90039
1.74444e+09  -0.205649  0.257102 -0.289539 -0.430664   3.87598   8.84656
1.74444e+09  -0.225144  0.266689 -0.296889 -0.423486   3.81138   8.74248
1.74444e+09  -0.249112  0.277714  -0.30408 -0.384009   3.73242   8.61328
1.74444e+09  -0.276756  0.291616 -0.313827 -0.322998    3.7073   8.51638
1.74444e+09  -0.305518  0.304719 -0.328208 -0.308643   3.70012   8.49844
1.74444e+09  -0.330445  0.315265 -0.344027 -0.369653   3.69653   8.55586
1.74444e+09  -0.346903  0.324213 -0.358408 -0.624463   3.63911   8.69941
1.74444e+09   -0.35681  0.337316 -0.365119 -0.900806   3.56016   8.84656
1.74444e+09  -0.362083  0.357769 -0.370872 -0.979761   3.49556   8.91475
1.74444e+09  -0.367516  0.381418 -0.380299 -0.95105  3.45967  8.81426
1.74444e+09  -0.373269  0.407304 -0.392443 -0.861328   3.45608   8.73171
1.74444e+09   -0.38014  0.429994 -0.411618 -0.775195   3.47043   8.69224
1.74444e+09  -0.388608  0.445653 -0.435107 -0.771606   3.47761   8.74966
1.74444e+09  -0.391165  0.455081 -0.456199 -0.958228   3.40583   8.86091
1.74444e+09  -0.389088   0.46371 -0.469302 -1.27764  3.29817  8.90757
1.74444e+09  -0.388768  0.479529  -0.47122 -1.55398  3.21921  8.85374
1.74444e+09  -0.389727  0.499502 -0.468184 -1.6437 3.23716  8.8645
1.74444e+09  -0.389407  0.521074 -0.466905 -1.51809  3.22639   8.8645
1.74444e+09  -0.391644  0.533058 -0.477771 -1.36736  3.20486  8.83938
1.74444e+09  -0.397557  0.534496 -0.495508 -1.31353  3.13667  8.86091
1.74444e+09  -0.401711   0.52395 -0.512445 -1.40325  3.01824  8.86091
1.74444e+09  -0.403629  0.504935 -0.519157 -1.68318  2.91775  8.96499
1.74444e+09  -0.401871  0.481446 -0.509889 -2.00618  2.79214  9.03318
1.74444e+09   -0.40251  0.460354 -0.492951 -2.24663  2.73831  9.00088
1.74444e+09  -0.407943  0.446293 -0.474096 -2.31482  2.73831  8.93987
1.74444e+09  -0.416252  0.440061 -0.460833 -2.14973  2.78855  8.95063
1.74444e+09  -0.421206  0.434468 -0.460194 -1.85186  2.83521  9.03318
1.74444e+09  -0.419927  0.419128 -0.470581 -1.68318  2.84597  9.12649
1.74444e+09  -0.417211  0.392923 -0.480807 -1.76213  2.77419  9.17673
1.74444e+09  -0.414494  0.362882 -0.482565 -2.02771  2.66294   9.1875
1.74444e+09  -0.416731  0.333641 -0.475694 -2.26099  2.53733  9.17673
1.74444e+09  -0.428236  0.309513 -0.462272 -2.42966  2.42966  9.06189
1.74444e+09  -0.449808  0.292894 -0.450287 -2.49785  2.42607  8.97935
1.74444e+09  -0.472818  0.282189 -0.445334 -2.40813   2.4835  8.98652
1.74444e+09  -0.489596  0.277555 -0.449808 -2.33635  2.50862  9.07266
1.74444e+09  -0.496786  0.271802 -0.455241 -2.39019  2.42607  9.20903
1.74444e+09  -0.495028  0.256782 -0.453323 -2.5158 2.27893 9.23774
1.74444e+09  -0.492791  0.232494 -0.444695 -2.67012  2.10308   9.1875
1.74444e+09  -0.498704   0.20549  -0.43319 -2.75266  1.97029  9.03677
1.74444e+09  -0.517559   0.18264 -0.426319 -2.72754  1.89133  8.91475
1.74444e+09  -0.544084  0.170336 -0.429834 -2.56604  1.99182  8.83938
1.74444e+09  -0.572686  0.169697 -0.449169 -2.37224  2.06719  8.87168
1.74444e+09  -0.595057  0.178485 -0.476972  -2.322 2.06001 9.02241
1.74444e+09  -0.601928  0.193186 -0.500621 -2.46196  1.94158  9.15879
1.74444e+09  -0.598093  0.211242 -0.505575 -2.86033  1.72266  9.21621
1.74444e+09  -0.58531 0.225463 -0.48656 -3.26946  1.52168  9.24851
1.74444e+09  -0.573485   0.23569 -0.454921 -3.42378  1.39607  9.19468
1.74444e+09  -0.564856  0.244159  -0.42568 -3.39148  1.39248  9.21262
1.74444e+09  -0.558784  0.257581 -0.409381 -3.24075  1.36377  9.32388
1.74444e+09  -0.55479 0.278833 -0.41034 -3.13667  1.30276  9.44949
1.74444e+09  -0.549037  0.308234 -0.422164 -3.15461  1.25969  9.46025
1.74444e+09  -0.551754  0.351537 -0.444055 -3.21204  1.22021   9.3813
1.74444e+09  -0.562619  0.404428 -0.472818 -3.21204  1.37095  9.25928
1.74444e+09  -0.576841   0.45556 -0.494869 -3.24434  1.30635  9.10854
1.74444e+09  -0.593778  0.496626 -0.507492 -3.28022  1.11614  9.01882
1.74444e+09  -0.606881  0.518358 -0.518997 -3.34841 0.986938  9.07266
1.74444e+09  -0.610716  0.517079  -0.51644  -3.5135 0.890039  9.20186
1.74444e+09  -0.601768  0.489596 -0.496466 -3.56016 0.836206  9.37771
1.74444e+09  -0.581794  0.442458 -0.473617 -3.39507 0.735718  9.52844
1.74444e+09  -0.556388  0.382856 -0.458916 -3.23716 0.592163  9.62893
1.74444e+09  -0.526347  0.314786 -0.446133 -3.22639 0.452197  9.65046
1.74444e+09  -0.500781  0.241762 -0.431113 -3.29817 0.322998  9.56074
1.74444e+09  -0.485441  0.169217 -0.415453  -3.3843 0.297876  9.48538
1.74444e+09  -0.477611  0.103863 -0.399314 -3.44531  0.31582  9.49614
1.74444e+09  -0.474895 0.0511327  -0.38765 -3.36277 0.333765  9.43872
1.74444e+09  -0.484322 0.0119842 -0.384933 -3.22998 0.376831  9.32029
1.74444e+09   -0.498064 -0.0178964  -0.380299 -3.18691 0.319409   9.2198
1.74444e+09   -0.513564 -0.0428236  -0.361764 -3.23716 0.183032  9.07266
1.74444e+09  -0.526827 -0.064555 -0.329167  -3.36995 0.0287109   8.98293
1.74444e+09   -0.533378 -0.0851679  -0.279792   -3.53145 -0.0933105    8.99011
1.74444e+09  -0.534177  -0.10658 -0.218912  -3.61399 -0.172266    9.0583
1.74444e+09  -0.534337  -0.12943 -0.156434  -3.58528 -0.186621   9.15161
1.74444e+09   -0.535935  -0.157073 -0.0982706  -3.54221 -0.168677   9.23416
1.74444e+09   -0.536414  -0.186794 -0.0420247  -3.57092 -0.172266   9.32029
1.74444e+09  -0.539769 -0.216195 0.0100667  -3.60681 -0.269165   9.32747
1.74444e+09   -0.55463 -0.237128 0.0538491  -3.62476 -0.387598   9.24133
1.74444e+09  -0.574923 -0.246875 0.0981109  -3.60322 -0.430664   9.17314
1.74444e+09  -0.593459  -0.24304  0.142053  -3.54939 -0.427075   9.18391
1.74444e+09  -0.604804 -0.227381  0.179923  -3.37712 -0.337354    9.2198
1.74444e+09  -0.613592 -0.206928  0.204051  -3.12231 -0.276343   9.22339
1.74444e+09  -0.622541 -0.187913  0.217474  -2.93569 -0.283521   9.22698
1.74444e+09  -0.632927 -0.175449  0.227221  -2.88186 -0.333765   9.18391
1.74444e+09  -0.643313 -0.168259  0.246396  -2.97158 -0.470142   9.15879
1.74444e+09  -0.657215 -0.170016  0.281549   -3.2228 -0.703418   9.15161
1.74444e+09  -0.673513  -0.18232    0.3346  -3.53145 -0.972583   9.15161
1.74444e+09  -0.693807 -0.206768  0.396918 -3.66064  -1.0946  9.23774
1.74444e+09  -0.716657 -0.242561  0.456199 -3.52068  -1.0946  9.27363
1.74444e+09  -0.748135 -0.284426  0.501899 -3.23716 -1.15203  9.21262
1.74444e+09  -0.786485 -0.327409  0.531141 -3.0613 -1.2238 9.14084
1.74444e+09   -0.82771 -0.364001  0.550475 -3.01824   -1.353  9.01165
1.74444e+09  -0.871173 -0.393402   0.57013 -3.03618 -1.47144  8.82861
1.74444e+09  -0.915595  -0.41769  0.594577 -3.13667 -1.53604  8.71736
1.74444e+09  -0.953785 -0.433989  0.624618  -3.2551 -1.48579  8.90398
1.74444e+09  -0.976475 -0.439581  0.648746 -3.12231 -1.37454   9.1229
1.74444e+09  -0.989897 -0.439422  0.659132 -2.82803 -1.34941  9.19109
1.74444e+09  -0.996448 -0.434149  0.659931 -2.60911 -1.41401  9.23416
1.74444e+09  -1.00172 -0.42552 0.656096 -2.54092 -1.49656  9.24492
1.74444e+09   -1.00652 -0.414335    0.6537 -2.58398 -1.60422  9.20544
1.74444e+09   -1.00843 -0.403309  0.652421 -2.70959 -1.68318   9.1875
1.74444e+09    -1.0006 -0.395959  0.657375 -2.73472 -1.60781  9.46025
1.74444e+09  -0.967047 -0.392284  0.656416 -2.46914 -1.43196  9.81555
1.74444e+09  -0.910322 -0.393722  0.637401 -2.09231 -1.30276  10.0345
1.74444e+09  -0.837937 -0.393562  0.604964 -1.78367 -1.30276  10.1278
1.74444e+09  -0.760759 -0.389248  0.565655 -1.69753 -1.38889  10.0991
1.74444e+09  -0.685338 -0.379021  0.525708 -1.76213 -1.52886  9.98064
1.74444e+09  -0.618386 -0.361444   0.49391 -1.97388 -1.69036   9.7689
1.74444e+09  -0.564377 -0.335558  0.476653 -2.26816 -1.79443  9.62534
1.74444e+09  -0.515002 -0.299925  0.471859 -2.40095 -1.75496  9.79761
1.74444e+09  -0.459235 -0.259978  0.464988 -2.14255 -1.71907  9.84785
1.74444e+09   -0.40986 -0.226102  0.445653 -1.89492 -1.78367  9.79043
1.74444e+09  -0.370552 -0.198619  0.418809 -1.83391 -1.85903   9.7043
1.74444e+09  -0.342909 -0.176727  0.394361 -1.90569 -1.95952  9.56792
1.74444e+09  -0.324533 -0.158831  0.378062 -2.06001 -2.04565  9.43872
1.74444e+09  -0.313507 -0.145409  0.372949 -2.24663  -2.1282  9.36694
1.74444e+09  -0.301363 -0.138538  0.382057 -2.48708 -2.23586  9.41719
1.74444e+09  -0.284266 -0.135342  0.404907 -2.64858 -2.31123  9.61816
1.74444e+09  -0.261256 -0.132785  0.426958 -2.54451 -2.33994  9.70789
1.74444e+09  -0.239684 -0.131028  0.442458 -2.36506  -2.3543  9.68276
1.74444e+09  -0.222427 -0.126873  0.450127  -2.2251 -2.34353  9.61458
1.74444e+09  -0.211242 -0.125115   0.44821 -2.04924 -2.33635  9.50691
1.74444e+09  -0.204531 -0.127832  0.441339 -2.02771 -2.38301  9.40283
1.74444e+09  -0.202134 -0.134383  0.437185 -2.16768  -2.4189  9.36694
1.74444e+09   -0.19718 -0.142213  0.441818 -2.37224  -2.4512  9.43513
1.74444e+09  -0.186634 -0.150362  0.452844 -2.46196 -2.45479  9.57151
1.74444e+09  -0.170176 -0.161228  0.465148 -2.33994 -2.44402   9.6397
1.74444e+09  -0.153877 -0.178645  0.473936 -2.13896 -2.45837   9.5751
1.74444e+09  -0.142213 -0.202613  0.479529 -1.98464 -2.47991  9.41719
1.74444e+09  -0.140455 -0.224504  0.480168 -1.95593 -2.51221  9.27722
1.74444e+09  -0.147326 -0.238406  0.478091 -2.08513 -2.53374   9.1875
1.74444e+09  -0.156434 -0.237447  0.482884 -2.31841 -2.57322  9.17673
1.74444e+09  -0.165382 -0.224984  0.498064 -2.53374 -2.59834  9.19109
1.74444e+09  -0.169377  -0.20501  0.519316 -2.63423 -2.54451  9.30593
1.74444e+09  -0.168738 -0.186794   0.53961 -2.55168 -2.49067  9.31311
1.74444e+09  -0.169377 -0.175129  0.553032 -2.37942  -2.4512  9.20903
1.74444e+09   -0.17449 -0.175289  0.558944 -2.26816 -2.43325  9.10496
1.74444e+09  -0.185036 -0.185356  0.560382 -2.23945 -2.42966  9.02241
1.74444e+09  -0.195742 -0.201655  0.564217 -2.30764  -2.4835  8.97935
1.74444e+09  -0.206768 -0.214438  0.576042 -2.44043 -2.56604  8.94705
1.74444e+09   -0.21236 -0.217634  0.602087 -2.59475  -2.5804  8.98652
1.74444e+09  -0.209324 -0.208046  0.635324 -2.61987 -2.56604  9.07625
1.74444e+09  -0.202134 -0.188712  0.663926 -2.51221 -2.52297  9.13008
1.74444e+09  -0.192547 -0.165542   0.67639 -2.37583 -2.45837  9.14443
1.74444e+09  -0.182959 -0.142532  0.671436 -2.30046 -2.42607   9.1875
1.74444e+09  -0.173691 -0.120961  0.656895 -2.27175 -2.41172  9.22339
1.74444e+09  -0.158831   -0.1061  0.647628 -2.28252 -2.39736  9.31311
1.74444e+09   -0.135342 -0.0990696   0.646349 -2.31123  -2.4189  9.33823
1.74444e+09   -0.104822 -0.0966727   0.651622 -2.30046 -2.41172  9.40642
1.74444e+09  -0.0696683 -0.0958738   0.653859 -2.17485 -2.37224  9.49614
1.74444e+09  -0.0345146 -0.0958738   0.648107 -2.02412 -2.32559  9.48538
1.74444e+09  -0.00447411   -0.092678    0.633566 -1.92004 -2.32559  9.42078
1.74444e+09   0.0215716 -0.0846885   0.616788 -1.87698 -2.33276  9.36335
1.74444e+09   0.0484163 -0.0731837   0.605123 -1.84827 -2.31482  9.28799
1.74444e+09   0.0757403 -0.0627973   0.597773 -1.82673 -2.29329  9.20544
1.74444e+09   0.105621 -0.056246  0.590103 -1.94875 -2.21792  9.21262
1.74444e+09     0.13662 -0.0508131   0.582274 -2.09231 -2.15332  9.30234
1.74444e+09   0.165862 -0.043303  0.569011 -2.16409 -2.12461  9.41001
1.74444e+09    0.195583 -0.0349939   0.550795 -2.19998 -2.12102  9.51768
1.74444e+09    0.226262 -0.0266849   0.531141 -2.20356 -2.11384  9.49614
1.74444e+09    0.254545 -0.0239684   0.513884 -2.20715 -2.06001  9.43872
1.74444e+09    0.279951 -0.0214118   0.503817 -2.20715 -2.02412  9.34182
1.74444e+09    0.294812 -0.0222108   0.498224 -2.19639 -2.04207  9.20903
1.74444e+09    0.302642 -0.0266849   0.491673 -2.23945 -1.98823  9.19468
1.74444e+09    0.310152 -0.0351537   0.483204 -2.30764 -1.89492  9.24851
1.74444e+09    0.320378 -0.0485761   0.473297 -2.37583 -1.83032  9.36335
1.74444e+09    0.335399 -0.0631169   0.459715 -2.43684 -1.80879  9.50691
1.74444e+09    0.354094 -0.0733435   0.441818 -2.44402 -1.79802   9.5751
1.74444e+09    0.368475 -0.0795753   0.423922  -2.4189 -1.75854  9.54998
1.74444e+09    0.376464 -0.0859668   0.404907  -2.3866 -1.70112  9.53921
1.74444e+09   0.380779 -0.095714  0.383016 -2.37942 -1.62217  9.58586
1.74444e+09    0.38733 -0.111373   0.36464 -2.46196 -1.56475  9.70071
1.74444e+09   0.405227 -0.134383  0.354094  -2.5481 -1.52527  9.91245
1.74444e+09    0.43319 -0.165702   0.34962 -2.56604 -1.53245  10.1098
1.74444e+09   0.47074 -0.20485 0.342429 -2.42966 -1.57551  10.1924
1.74444e+09   0.511167 -0.247834  0.327729 -2.17844 -1.58269  10.1708
1.74444e+09    0.54728 -0.290178  0.304399   -1.999 -1.56116  10.0381
1.74444e+09   0.576361 -0.329327  0.275797 -1.84109 -1.52168  9.92681
1.74444e+09  0.599371 -0.36464 0.244318  -1.7729 -1.42119  9.88733
1.74444e+09  0.625257 -0.39468 0.212041 -1.87339  -1.2884  10.0058
1.74444e+09   0.662808 -0.416412  0.188552  -2.1928 -1.16279  10.2677
1.74444e+09   0.716976 -0.426319  0.175769 -2.48708 -1.11255  10.5082
1.74444e+09  0.777856  -0.4252 0.165063 -2.44761 -1.14485  10.5154
1.74444e+09   0.830267 -0.423443   0.14461 -2.14973 -1.20227  10.3036
1.74444e+09   0.867498 -0.432551  0.116167 -1.82314 -1.20945  10.0094
1.74444e+09    0.88891 -0.457318 0.0842092 -1.60781 -1.09819  9.78325
1.74444e+09   0.895781 -0.495348 0.0508131  -1.52527 -0.940283   9.63252
1.74444e+09   0.897858 -0.538491  0.021252  -1.53962 -0.746484   9.62175
1.74444e+09     0.904729   -0.583871 -0.00143811  -1.52886 -0.491675   9.68994
1.74444e+09   0.923105 -0.639159 -0.028123  -1.43914 -0.215332   9.87297
1.74444e+09    0.948192  -0.694765 -0.0627973  -1.66165 -0.620874   9.86938
1.74444e+09    0.948352  -0.709147 -0.0949151   -1.8052 -0.703418   9.67917
1.74444e+09   0.926141 -0.688534 -0.116327  -1.78367 -0.567041   9.46384
1.74444e+09    0.88875 -0.647468 -0.125435 -1.73342 -0.47373  9.29875
1.74444e+09   0.854076 -0.599051 -0.126234  -1.63293 -0.398364    9.1875
1.74444e+09   0.827231 -0.551434 -0.125115  -1.60781 -0.211743    9.2521
1.74444e+09   0.811092 -0.503977 -0.131028   -1.60422 -0.0143555    9.37412
1.74444e+09   0.802623  -0.45588 -0.139816 -1.59705 0.104077  9.52126
1.74444e+09   0.802943 -0.409062 -0.145089 -1.66882 0.143555  9.68994
1.74444e+09   0.809335 -0.366398 -0.144769 -1.61858 0.132788  9.76172
1.74444e+09   0.814927 -0.332363 -0.141574 -1.53962 0.132788  9.83708
1.74444e+09   0.819881 -0.308394 -0.132625 -1.48938 0.132788  9.77249
1.74444e+09   0.819082  -0.29657 -0.122399 -1.30276 0.161499  9.59663
1.74444e+09   0.809175 -0.293214 -0.123517 -1.01924 0.265576  9.45308
1.74444e+09   0.795113 -0.297848 -0.139816 -0.796729  0.448608    9.4782
1.74444e+09   0.785526 -0.308074 -0.164424 -0.76084 0.689063  9.66841
1.74444e+09  0.784407 -0.31942 -0.18999 -0.857739  0.857739   9.91963
1.74444e+09   0.790479 -0.329806 -0.213159 -0.904395  0.897217   9.98064
1.74444e+09       0.79 -0.339393 -0.236169 -0.768018  0.868506   9.76531
1.74444e+09   0.779454 -0.353615 -0.260617 -0.588574  0.915161   9.53921
1.74444e+09   0.760599 -0.371511 -0.285704 -0.409131  0.979761   9.28799
1.74444e+09   0.735192 -0.391485 -0.316863 -0.308643   1.05154   9.15879
1.74444e+09   0.705951 -0.409701 -0.351058 -0.290698   1.11973   9.16597
1.74444e+09    0.67639 -0.423123 -0.388608 -0.340942   1.20945    9.3167
1.74444e+09   0.650504 -0.431432 -0.421845 -0.401953   1.27046   9.47102
1.74444e+09   0.627174 -0.438303 -0.449009 -0.419897   1.30276   9.55356
1.74444e+09   0.604165 -0.446612 -0.470581 -0.423486   1.32429   9.50332
1.74444e+09   0.584351 -0.457638 -0.488956 -0.470142   1.39607   9.43513
1.74444e+09   0.565815  -0.46339 -0.504296 -0.531152   1.50015   9.44949
1.74444e+09   0.558944 -0.457638 -0.526187 -0.513208   1.68318   9.71506
1.74444e+09   0.564856 -0.436705 -0.560862 -0.448608   1.81956   9.90168
1.74444e+09    0.56965 -0.406505 -0.596015 -0.448608   1.79084   9.90527
1.74444e+09   0.566454 -0.375985  -0.61567 -0.423486   1.70112   9.84426
1.74444e+09   0.560702 -0.355212 -0.615829 -0.233276   1.65806   9.68635
1.74444e+09   0.553511 -0.347543 -0.610716 -0.104077   1.60422   9.53921
1.74444e+09   0.544244 -0.348022 -0.604325 -0.111255   1.57551   9.48896
1.74444e+09   0.534337 -0.347543 -0.602567 -0.0466553    1.68677    9.50691
1.74444e+09   0.522352  -0.34179 -0.614072 0.111255  1.85903  9.51409
1.74444e+09   0.507332 -0.330765 -0.640437 0.15791  2.0313 9.56074
1.74444e+09   0.492632 -0.317981 -0.669678 0.161499  2.07437  9.60022
1.74444e+09   0.473617 -0.309832 -0.698281 0.215332  2.04207  9.50691
1.74444e+09   0.450287 -0.307116 -0.722888 0.218921  1.97747  9.32747
1.74444e+09   0.424881  -0.30392 -0.743981 0.143555  1.91646  9.13726
1.74444e+09   0.401551 -0.294972 -0.758681 0.0287109   1.93081   9.06548
1.74444e+09   0.382856 -0.275637 -0.768429 -0.0968994    2.03848    9.14084
1.74444e+09   0.371191 -0.247035 -0.774341 -0.261987   2.17844   9.34182
1.74444e+09     0.3648  -0.21252 -0.777856 -0.394775   2.23228   9.55715
1.74444e+09    0.35713 -0.181042 -0.781691 -0.384009   2.19998   9.50691
1.74444e+09   0.338594 -0.155795 -0.783609 -0.351709   2.14255   9.33464
1.74444e+09   0.310152 -0.137419 -0.781851 -0.340942   2.02412   9.11931
1.74444e+09   0.276436 -0.125914  -0.77482 -0.308643   1.97029   8.91475
1.74444e+09   0.238566 -0.117765  -0.76715 -0.104077   2.05642   8.77478
1.74444e+09   0.198459  -0.11425 -0.768588 0.129199  2.18921  8.62405
1.74444e+09   0.156754 -0.119203 -0.778016 0.186621   2.2574  8.51638
1.74444e+09   0.109776 -0.130229 -0.791598 0.139966  2.27893  8.43743
1.74444e+09  0.0568851 -0.146847 -0.802304 -0.0179443    2.27893    8.36206
1.74444e+09  0.00015979  -0.164583  -0.807417 -0.211743   2.27534   8.35129
1.74444e+09  -0.0536893  -0.177526  -0.806458 -0.376831   2.26099   8.44819
1.74444e+09  -0.0992294  -0.179124  -0.803742 -0.480908   2.30405   8.64199
1.74444e+09  -0.130868  -0.16746 -0.801345 -0.595752   2.36147   8.87527
1.74444e+09  -0.151161 -0.147326  -0.79751 -0.771606   2.35789   9.08342
1.74444e+09  -0.157712 -0.122559 -0.789521 -0.979761   2.36865   9.29875
1.74444e+09   -0.154197 -0.0982706  -0.777377 -1.13408   2.3543  9.43513
1.74444e+09   -0.148924 -0.0778176   -0.75964 -1.14126   2.3543  9.52126
1.74444e+09  -0.140136 -0.064555 -0.743022 -0.91875  2.44402  9.58586
1.74444e+09   -0.126713 -0.0604005   -0.73695 -0.624463   2.56963   9.63252
1.74444e+09   -0.108178 -0.0656736  -0.741744 -0.373242   2.71318   9.62893
1.74444e+09    -0.08357 -0.0739826  -0.755486 -0.25481  2.78855  9.62175
1.74444e+09  -0.0536893 -0.0782969  -0.773062 -0.297876   2.78496    9.6397
1.74444e+09  -0.0238087 -0.0773382   -0.79016 -0.398364   2.74907    9.6397
1.74444e+09  0.00239684 -0.0755805  -0.803263 -0.545508   2.67371   9.62175
1.74444e+09   0.0284426 -0.0760599  -0.810453 -0.714185   2.69165   9.68276
1.74444e+09   0.0568851 -0.0757403   -0.81301 -0.721362   2.86392   9.75095
1.74444e+09  0.0810134 -0.071426 -0.821319 -0.620874   2.94646   9.70789
1.74444e+09    0.104343 -0.0607201  -0.832025 -0.638818   2.92493   9.61816
1.74444e+09    0.120961 -0.0437824  -0.838896 -0.746484   2.86392   9.45667
1.74444e+09    0.123517 -0.0247674  -0.840334 -0.911572   2.81008   9.19827
1.74444e+09     0.115528 -0.00367516    -0.82819 -1.09819  2.72036  8.91475
1.74444e+09  0.0981109 0.0158192 -0.802464 -1.23457  2.61987  8.74248
1.74444e+09  0.0786165 0.0354733 -0.769387 -1.17715  2.69524  8.78196
1.74444e+09  0.0583232 0.0544883 -0.740306 -1.01924  2.82085  8.81426
1.74444e+09  0.0393083 0.0752609 -0.717136 -0.98335  2.83521  8.90398
1.74444e+09   0.025087 0.0979511 -0.694446 -1.05513  2.76702  8.98652
1.74444e+09   0.012144  0.117445 -0.670477 -1.22021  2.70242  9.00806
1.74444e+09  0.00511327   0.137579    -0.6382 -1.47502  2.59834  8.94705
1.74444e+09  0.000798948    0.163784   -0.597294 -1.72983  2.49067  8.96858
1.74444e+09  0.000319579    0.200376   -0.556707 -1.7406 2.55886 9.06907
1.74444e+09  0.00399474   0.245597  -0.527306 -1.52168  2.64141  9.07625
1.74444e+09  0.0126234  0.294652 -0.506693 -1.42837  2.65217  9.21262
1.74444e+09  0.0239684  0.345945 -0.487998 -1.43914  2.60552  9.25928
1.74444e+09  0.0305198  0.401871  -0.47857 -1.46785  2.59834  9.20544
1.74444e+09  0.0356331  0.457797 -0.476972 -1.47861  2.61628  9.07266
1.74444e+09  0.0412257  0.510688 -0.476333 -1.45349  2.56245   8.9291
1.74444e+09  0.0485761  0.557826 -0.476013 -1.38889  2.53733  8.90398
1.74444e+09  0.0549676  0.597454 -0.475534 -1.32788  2.53733  8.91833
1.74444e+09  0.0608799  0.631329 -0.469462 -1.38889  2.53374  9.00806
1.74444e+09  0.0651942  0.664246 -0.456359 -1.48938   2.4835  9.08342
1.74444e+09  0.0663127  0.693168 -0.440221 -1.59346  2.40095  9.08342
1.74444e+09  0.0610397   0.71442 -0.422644 -1.73701  2.31123  8.98293
1.74444e+09  0.0472977  0.723847 -0.401392 -1.87339   2.2251  8.78196
1.74444e+09   0.025087  0.720492 -0.375346 -1.83032   2.1605  8.58457
1.74444e+09  -0.00591222    0.708188   -0.356331 -1.58269   2.1928  8.56663
1.74444e+09  -0.0396278   0.690132  -0.351058 -1.36377  2.24304  8.67429
1.74444e+09  -0.0731837   0.669838  -0.352017 -1.41042    2.322  8.84297
1.74444e+09  -0.0968325    0.64555  -0.346104 -1.71907  2.35789  9.00088
1.74444e+09  -0.112492  0.620144 -0.327729 -2.08154  2.28252  9.03677
1.74444e+09  -0.127352   0.59218 -0.294492 -2.30046  2.14255  8.93987
1.74444e+09  -0.146208   0.56198  -0.25822 -2.2251 2.05642 8.83938
1.74444e+09  -0.171774  0.530182 -0.234891 -1.90569  2.14614  8.82861
1.74444e+09  -0.195423  0.498544 -0.233612 -1.69036  2.27534  8.93269
1.74444e+09  -0.209644   0.47138 -0.242241 -1.9344 2.33276 9.09419
1.74444e+09  -0.218113  0.452844 -0.239844 -2.3543  2.2897 9.21262
1.74444e+09  -0.225943  0.441179 -0.225463  -2.645 2.23228 9.24133
1.74444e+09   -0.23537  0.433509 -0.204051 -2.75625  2.21074  9.18391
1.74444e+09  -0.245757  0.423922  -0.18232 -2.72036  2.22869  9.09419
1.74444e+09  -0.270364  0.406505 -0.165542 -2.58398  2.40813  9.56074
1.74444e+09  -0.302801  0.356491 -0.150522 -2.43325  2.58398  10.4221
1.74444e+09  -0.334759  0.283627 -0.134383 -2.3866 2.65217  10.781
1.74444e+09  -0.366078  0.202613 -0.112332 -2.44043   2.5481  10.7235
1.74444e+09   -0.396758   0.130069 -0.0872452 -2.5158 2.35789 10.2354
1.74444e+09   -0.423602  0.0800546 -0.0626375  -2.645  2.0636 9.55356
1.74444e+09   -0.450926  0.0543285 -0.0348341 -2.71677  1.87339  8.83938
1.74444e+09   -0.480328  0.0516121 -0.0118244 -2.72395  1.73342   8.4123
1.74444e+09   -0.511966  0.0608799 0.00687096 -2.70242  1.65088  8.30464
1.74444e+09  -0.543924 0.0720651 0.0231695 -2.65217  1.52886  8.42666
1.74444e+09  -0.574604 0.0765392 0.0367516 -2.64858  1.44631  8.53433
1.74444e+09  -0.604005   0.06839 0.0543285 -2.79932  1.34941   8.5738
1.74444e+09  -0.636282 0.0500142 0.0840494 -3.03259  1.27764  8.52356
1.74444e+09  -0.671117 0.0309992  0.118404 -3.09719  1.27046  8.54509
1.74444e+09   -0.70659 0.0188552  0.148764 -3.05771  1.26687  8.62046
1.74444e+09  -0.742063 0.0188552  0.168898 -3.05771  1.21663  8.77837
1.74444e+09  -0.774021 0.0262055   0.18232 -3.06848   1.1592  8.93269
1.74444e+09  -0.802144   0.03036  0.195423 -3.07207  1.07307  9.03318
1.74444e+09  -0.828509 0.0257261  0.211402  -3.0613 0.990527    9.026
1.74444e+09  -0.856313 0.0134223  0.226742 -2.97517  0.91875   8.9291
1.74444e+09    -0.890188 -0.00223706    0.236009 -2.79932 0.911572  8.80708
1.74444e+09   -0.925022 -0.0123038   0.232814 -2.69524 0.965405  8.92551
1.74444e+09   -0.954903 -0.0174171   0.222587 -2.68447 0.990527  9.14802
1.74444e+09   -0.975516 -0.0164583   0.211402 -2.68447 0.976172  9.39924
1.74444e+09   -0.990376 -0.0142213   0.199737 -2.62705 0.857739  9.54998
1.74444e+09    -1.00156 -0.0164583   0.190309 -2.57322 0.746484  9.56433
1.74444e+09    -1.0153 -0.027324  0.184397 -2.60552 0.631641   9.4782
1.74444e+09    -1.03512 -0.0466586   0.185516 -2.73113 0.516797    9.349
1.74444e+09     -1.0602 -0.0691889   0.196222 -3.00388 0.427075  9.32388
1.74444e+09    -1.08737 -0.0821319   0.214757 -3.25151 0.340942  9.36335
1.74444e+09    -1.11533 -0.0781371   0.232973   -3.352 0.215332  9.43513
1.74444e+09    -1.14026 -0.0611994   0.245437 -3.31611 0.122021  9.53203
1.74444e+09    -1.15656 -0.0385093   0.254865  -3.28381 0.0179443   9.62175
1.74444e+09   -1.16183 -0.018216  0.264612   -3.2874 -0.118433   9.61816
1.74444e+09     -1.15879 -0.00271642    0.275477  -3.30535 -0.172266   9.64688
1.74444e+09   -1.15001 0.0127832  0.282189  -3.24792 -0.136377   9.79761
1.74444e+09  -1.13051 0.031159 0.277075  -3.12949 -0.122021   10.0632
1.74444e+09  -1.10031 0.052411 0.260457  -2.94646 -0.193799   10.2965
1.74444e+09    -1.0626 0.0690291   0.23553  -2.72036 -0.251221   10.3934
1.74444e+09   -1.01818 0.0762197  0.207407  -2.53374 -0.294287   10.3862
1.74444e+09  -0.970243 0.0730239  0.182799  -2.42607 -0.391187   10.3359
1.74444e+09  -0.923904 0.0594418  0.161867 -2.33276 -0.47373  10.1637
1.74444e+09  -0.884436 0.0317981  0.145728  -2.30405 -0.523975   10.0632
1.74444e+09    -0.850241 -0.00495348    0.131028  -2.26458 -0.527563   10.0596
1.74444e+09   -0.819881 -0.0482565    0.11409  -2.17485 -0.563452   10.0704
1.74444e+09  -0.791598 -0.089642 0.0952346  -2.12461 -0.631641   10.1027
1.74444e+09  -0.760439 -0.124476 0.0784567  -2.13538 -0.714185   10.1314
1.74444e+09  -0.725126 -0.153398 0.0707868  -2.16409 -0.768018   10.1098
1.74444e+09  -0.688374 -0.178964 0.0728641  -2.15691 -0.843384   10.0022
1.74444e+09  -0.655297 -0.204051 0.0859668  -2.15332 -0.968994   9.82273
1.74444e+09  -0.631169 -0.225463  0.108018 -2.23945 -1.13408   9.6074
1.74444e+09  -0.620303 -0.242081  0.138058 -2.50862 -1.29558  9.53921
1.74444e+09  -0.620463 -0.252787  0.179444 -2.78496  -1.4176  9.60022
1.74444e+09  -0.623819 -0.262694  0.225783 -2.84238 -1.51091  9.64329
1.74444e+09  -0.628613 -0.274199   0.26573 -2.68806 -1.54321  9.61816
1.74444e+09  -0.629092 -0.289379  0.297848 -2.46914 -1.55757  9.56074
1.74444e+09  -0.626056 -0.306317   0.32661 -2.26458 -1.58987  9.42795
1.74444e+09  -0.621262 -0.321337  0.353135 -2.25022 -1.63652  9.30593
1.74444e+09  -0.620463 -0.328368  0.382536 -2.36147 -1.78008   9.1875
1.74444e+09  -0.624778 -0.323734  0.415773 -2.58398 -1.93799   9.2198
1.74444e+09  -0.631169 -0.309193  0.448689 -2.72395 -2.03489  9.29875
1.74444e+09  -0.639958 -0.291137  0.477292 -2.65576  -2.0636    9.349
1.74444e+09  -0.647628 -0.274998  0.498384 -2.47273 -2.05283  9.32747
1.74444e+09  -0.655297 -0.263813  0.510368 -2.24663 -2.02771  9.32029
1.74444e+09  -0.659292 -0.259658  0.514363 -2.09231  -2.0636  9.29517
1.74444e+09  -0.657375 -0.259019  0.519316 -2.08513 -2.10308  9.29517
1.74444e+09  -0.648746 -0.258699  0.527785  -2.2251 -2.18203  9.28799
1.74444e+09  -0.633087 -0.255663  0.546481 -2.45837 -2.26816  9.35618
1.74444e+09   -0.60784 -0.244798  0.576841 -2.63423 -2.34712  9.47461
1.74444e+09  -0.573964 -0.228499  0.611195  -2.5804 -2.36865  9.52126
1.74444e+09  -0.537532 -0.210283  0.640277 -2.38301 -2.35071  9.42078
1.74444e+09  -0.505575 -0.191748  0.660091 -2.18921 -2.36506  9.32388
1.74444e+09  -0.480168 -0.173372  0.670797 -2.09949 -2.42607  9.25569
1.74444e+09  -0.458756 -0.156115  0.674153 -2.09231 -2.47991  9.21262
1.74444e+09  -0.439422   -0.1371  0.671756 -2.18562 -2.50144  9.15879
1.74444e+09  -0.420566 -0.118404  0.669998 -2.39736 -2.47991  9.18032
1.74444e+09  -0.396278 -0.101626  0.670477 -2.53733  -2.4189  9.32029
1.74444e+09   -0.367197 -0.0864462   0.669838 -2.53015 -2.42966  9.39207
1.74444e+09   -0.336357 -0.0741424   0.667282 -2.42249 -2.43325  9.39565
1.74444e+09   -0.306317 -0.0626375   0.664086 -2.31123 -2.45479  9.32747
1.74444e+09   -0.279312 -0.0538491   0.659772  -2.2251 -2.50862  9.24133
1.74444e+09   -0.256622 -0.0490554   0.656256 -2.17844 -2.53015  9.12649
1.74444e+09   -0.239844 -0.0479369   0.652581  -2.1928 -2.51221  9.03677
1.74444e+09    -0.22786 -0.0480967   0.651782 -2.25022 -2.43684  8.96858
1.74444e+09   -0.219391 -0.0503337   0.649705 -2.33276 -2.38301  8.98652
1.74444e+09  -0.210763 -0.052411  0.649865 -2.39377  -2.3866  9.06907
1.74444e+09    -0.19734 -0.0543285   0.647148 -2.37583 -2.42249  9.11213
1.74444e+09   -0.179284 -0.0583232   0.645071 -2.35071 -2.47632  9.12649
1.74444e+09   -0.156115 -0.0651942   0.646669 -2.32917 -2.49067   9.1229
1.74444e+09   -0.130069 -0.0738228   0.649385 -2.31841 -2.50144  9.08701
1.74444e+09   -0.103863 -0.0832504     0.6537 -2.36147 -2.55527  9.06548
1.74444e+09  -0.0795753 -0.0915595   0.658653 -2.45837  -2.5804  9.05112
1.74444e+09  -0.0576841 -0.0945955    0.66121 -2.59475 -2.60552  9.07983
1.74444e+09   -0.034195 -0.0885235   0.665364 -2.72036 -2.59116   9.1552
1.74444e+09  -0.00575243  -0.0773382    0.669678 -2.74548 -2.56963  9.19109
1.74444e+09   0.0265251 -0.0669519   0.671916 -2.68447 -2.55527   9.1552
1.74444e+09   0.0573645 -0.0613592   0.672714 -2.64858 -2.57681  9.07266
1.74444e+09   0.0840494 -0.0544883   0.678946 -2.67012   -2.645  9.02241
1.74444e+09    0.105301 -0.0461792   0.689652 -2.69524 -2.72036  8.89321
1.74444e+09   0.120162 -0.036432  0.703075 -2.75266 -2.72395  8.84656
1.74444e+09    0.134223 -0.0268447   0.717296 -2.71677 -2.67729  8.87886
1.74444e+09    0.151161 -0.0223706   0.723847 -2.60911 -2.60911  8.97935
1.74444e+09    0.170016 -0.0238087   0.719693 -2.56245 -2.53015  9.05471
1.74444e+09     0.19015 -0.0289219   0.711543 -2.57322 -2.42607  9.13726
1.74444e+09   0.213958 -0.036432  0.697801 -2.67012 -2.32917  9.23774
1.74444e+09    0.237288 -0.0401072    0.68406 -2.83162 -2.33635   9.2521
1.74444e+09    0.257901 -0.0381897   0.679745  -2.9321 -2.33276  9.16956
1.74444e+09   0.275158 -0.028123  0.683101 -3.00388 -2.30405   9.0906
1.74444e+09    0.287781 -0.0108657   0.688693   -3.029 -2.27893  9.05112
1.74444e+09    0.300405 0.00862864   0.687255 -2.92852  -2.1928  9.04753
1.74444e+09  0.309193 0.024288 0.671117 -2.87827 -2.09231  9.01882
1.74444e+09   0.316543 0.0404268  0.649225 -2.91057 -1.98105  9.01882
1.74444e+09   0.321177 0.0580036  0.634365  -2.9644 -1.94875  9.04036
1.74444e+09    0.32677 0.0747816  0.622381 -2.95723  -1.9344  9.04753
1.74444e+09   0.336517 0.0907605  0.611675 -3.00747 -1.89851  9.09419
1.74444e+09  0.351697 0.107858 0.601289 -3.15103 -1.85544  9.14802
1.74444e+09  0.366398 0.131347 0.593139 -3.21563 -1.84468  9.14084
1.74444e+09  0.377583 0.163145 0.589624 -3.31252 -1.85544  9.16238
1.74444e+09  0.384454 0.194144  0.58483 -3.31611  -1.9021  9.14802
1.74444e+09  0.384933 0.213319 0.572846 -3.11514 -1.89492  9.07983
1.74444e+09  0.377743 0.217154 0.549836 -2.88545 -1.77649  9.03677
1.74444e+09  0.369114 0.206608 0.520595 -2.76343 -1.62217  9.09778
1.74444e+09  0.368635 0.185356 0.489116 -2.78855 -1.45708  9.36694
1.74444e+09  0.381578 0.155795 0.455241  -2.8675 -1.37095  9.65405
1.74444e+09  0.408582 0.125914 0.420087 -2.92493 -1.31353  9.87297
1.74444e+09   0.443257 0.0997088  0.383495 -2.88545 -1.30635  9.85862
1.74444e+09  0.472658 0.079735 0.351697 -2.84238 -1.29917  9.70789
1.74444e+09   0.491513 0.0666323  0.329167 -2.83521 -1.29558  9.53921
1.74444e+09  0.500781  0.05321 0.314626 -2.79932 -1.27405  9.40642
1.74444e+09   0.511487 0.0306796  0.297688 -2.80649 -1.17715  9.48538
1.74444e+09     0.532419 -0.00111853    0.272122 -2.81726 -1.04795  9.62534
1.74444e+09    0.567573 -0.0370712   0.240803   -2.8675 -0.925928   9.84785
1.74444e+09    0.610556 -0.0682302   0.209324  -2.97517 -0.868506   9.99858
1.74444e+09     0.65306 -0.0915595   0.184078  -3.10437 -0.904395   9.96628
1.74444e+09   0.688693 -0.113291  0.168578   -3.0936 -0.922339   9.84067
1.74444e+09   0.718095 -0.136141  0.157553  -3.03618 -0.875684   9.74736
1.74444e+09   0.745898 -0.165382  0.147965  -3.00388 -0.789551   9.72583
1.74444e+09  0.776578 -0.19718  0.13694  -2.99312 -0.689063   9.81555
1.74444e+09    0.81269 -0.228819    0.1216  -2.93569 -0.559863   9.91963
1.74444e+09    0.85056 -0.260617 0.0992294  -2.81008 -0.405542   9.98064
1.74444e+09   0.885395 -0.300245 0.0704672  -2.57681 -0.218921   9.95911
1.74444e+09   0.929496 -0.371831 0.0367516   -2.23945 -0.0322998    10.0058
1.74444e+09     0.950589   -0.438463 -0.00990696 -2.31841 -0.76084  9.69712
1.74444e+09    0.946914  -0.478091 -0.0538491  -2.33276 -0.326587   9.53203
1.74444e+09   0.928378 -0.494549 -0.086606   -2.46914 -0.0753662     9.6074
1.74444e+09   0.918471 -0.497106 -0.107698  -2.56963 0.0574219    9.8012
1.74444e+09   0.930455 -0.488477 -0.134383 -2.77061 0.226099  10.1242
1.74444e+09   0.964331 -0.467545 -0.164424 -3.00747 0.366064  10.3395
1.74444e+09     1.0022 -0.442458 -0.192387 -2.92134 0.337354  10.1673
1.74444e+09    1.02553 -0.422644 -0.219551 -2.63423 0.290698  9.87297
1.74444e+09    1.02793 -0.418649 -0.246076 -2.33276 0.287109  9.56074
1.74444e+09    1.01546 -0.432071 -0.267807 -2.15691  0.31582  9.43154
1.74444e+09   0.997886 -0.460034  -0.28874  -2.0636 0.427075  9.51768
1.74444e+09   0.991016 -0.492472 -0.313987 -2.04924 0.613696  9.84067
1.74444e+09   0.991335 -0.531301 -0.345465 -1.86262 0.735718  9.99141
1.74444e+09   0.991655 -0.579078 -0.386371  -1.6114 0.839795  9.97346
1.74444e+09   0.985583 -0.641556 -0.429195 -1.51091 0.875684  9.88015
1.74444e+09    0.97264 -0.718894 -0.468024 -1.43914 0.803906  9.63252
1.74444e+09   0.948511  -0.80502 -0.500142 -1.48579 0.692651  9.34182
1.74444e+09   0.913997 -0.890188 -0.517559 -1.76931 0.620874  9.19109
1.74444e+09   0.878204 -0.966088 -0.518837 -2.00977  0.69624  9.32029
1.74444e+09   0.847844  -1.02473 -0.520435 -2.02771 0.879272  9.48538
1.74444e+09   0.819242  -1.06564 -0.530661 -2.06001  1.00129  9.58228
1.74444e+09   0.787284  -1.08881 -0.544883 -2.14255  1.00847  9.67559
1.74444e+09   0.754367  -1.10319 -0.553352  -2.1282 0.940283  9.69353
1.74444e+09   0.723687  -1.11901 -0.552553 -1.94158 0.907983  9.61816
1.74444e+09   0.703075  -1.14154 -0.545362 -1.80161 0.861328  9.56074
1.74444e+09   0.692369  -1.16455 -0.538811 -1.64011 0.968994  9.62893
1.74444e+09   0.694286  -1.17397 -0.546321 -1.42119  1.16997  9.72583
1.74444e+09   0.703394  -1.16231 -0.569171 -1.27405  1.27405  9.71147
1.74444e+09   0.710265  -1.13531 -0.594737 -1.10537  1.34224  9.70789
1.74444e+09   0.711384  -1.09999 -0.616628 -0.872095   1.39248   9.63611
1.74444e+09   0.704193  -1.06116 -0.636123 -0.735718   1.41042    9.5105
1.74444e+09   0.694286  -1.01898 -0.648586 -0.879272   1.41042   9.46384
1.74444e+09   0.685498 -0.976794 -0.650983 -1.04436  1.41401  9.40642
1.74444e+09   0.673833 -0.932692 -0.652421 -1.02642  1.56116  9.35259
1.74444e+09   0.651462 -0.879642 -0.660251 -0.91875  1.72983  9.15161
1.74444e+09   0.605283 -0.814128 -0.671276 -0.775195   1.79443   8.79272
1.74444e+09   0.536574 -0.735032 -0.675111 -0.681885   1.89133   8.59534
1.74444e+09   0.460674 -0.655138 -0.669678 -0.581396   1.82314   8.43025
1.74444e+09    0.38014 -0.586268 -0.658014 -0.513208   1.79443   8.43743
1.74444e+09   0.313188 -0.535136 -0.642035 -0.513208   1.90928   8.56304
1.74444e+09   0.264452 -0.497905 -0.625736 -0.545508   1.99182   8.66711
1.74444e+09   0.223546 -0.469142 -0.619505 -0.405542   2.09231    8.5415
1.74444e+09   0.179444 -0.443097 -0.620623 -0.276343   2.22151   8.39436
1.74444e+09   0.132945 -0.415773 -0.619664 -0.240454   2.25022   8.35488
1.74444e+09  0.0885235 -0.387011 -0.617108 -0.147144   2.25381   8.43743
1.74444e+09  0.0514523 -0.355532 -0.620303 -0.053833   2.26099   8.58098
1.74444e+09   0.024288 -0.323254 -0.632767 -0.0143555    2.24304    8.72095
1.74444e+09  0.00958738  -0.293214  -0.654019 0.0215332   2.27175   8.77119
1.74444e+09  0.00687096  -0.263813  -0.682941 0.0215332   2.40813    8.7999
1.74444e+09   0.012943 -0.233293 -0.710265 -0.100488   2.57681   8.94346
1.74444e+09  0.0217314 -0.201175 -0.726404 -0.25481  2.69883  9.16956
1.74444e+09  0.0317981 -0.170496 -0.734553 -0.287109   2.73472   9.41719
1.74444e+09   0.043303 -0.146847 -0.740465 -0.218921   2.64141   9.50332
1.74444e+09  0.0519316 -0.135502   -0.7443 -0.165088   2.53733    9.4136
1.74444e+09  0.0548079  -0.13662  -0.74478 -0.204565    2.4512   9.29875
1.74444e+09  0.0538491 -0.145249 -0.742223 -0.269165   2.49785   9.26646
1.74444e+09  0.0548079 -0.157553 -0.740146 -0.244043   2.68088   9.27722
1.74444e+09  0.0594418  -0.17497 -0.740146 -0.15791  2.78137   9.2521
1.74444e+09  0.0512925 -0.196701 -0.738068 -0.0645996    2.76343    9.18391
1.74444e+09  0.0324373 -0.222587 -0.734234 0.0143555   2.74189   9.14802
1.74444e+09  0.0100667 -0.249911 -0.729759 0.0466553   2.68088   9.11931
1.74444e+09  -0.0143811  -0.278354  -0.722888 0.0717773   2.61987   9.10496
1.74444e+09  -0.0361125  -0.305678  -0.715858 0.111255  2.71318  9.14802
1.74444e+09  -0.0549676  -0.329007  -0.713621 0.175854  2.88186  9.15879
1.74444e+09  -0.071426 -0.344666 -0.711384 0.136377  3.02542  9.21621
1.74444e+09  -0.082771 -0.351697 -0.700198 -0.0287109    3.08643    9.27363
1.74444e+09  -0.096513 -0.346903 -0.678946 -0.19021  3.05413  9.26287
1.74444e+09  -0.119203 -0.332682 -0.651462 -0.283521    2.8998   9.23416
1.74444e+09  -0.150202 -0.315904  -0.62302 -0.290698   2.77061   9.29158
1.74444e+09  -0.178805 -0.301363 -0.594418 -0.154321   2.78496   9.36694
1.74444e+09  -0.198299 -0.293214 -0.570449 -0.00358887      2.9321     9.43154
1.74444e+09  -0.207886 -0.286663 -0.551115 0.0287109   3.05054   9.48896
1.74444e+09  -0.212201 -0.276596 -0.537532 -0.0897217    3.04336    9.50332
1.74444e+09  -0.218113 -0.262375 -0.524589 -0.172266   2.96082    9.4782
1.74444e+09  -0.226582 -0.248153  -0.50909 -0.197388   2.78137   9.42078
1.74444e+09  -0.236489 -0.241602 -0.485601 -0.240454   2.60552   9.37053
1.74444e+09  -0.246875 -0.241282 -0.458916 -0.218921   2.52656   9.35618
1.74444e+09  -0.256143 -0.244958 -0.439102 -0.0322998    2.55527     9.2521
1.74444e+09  -0.273879 -0.250231 -0.430633 0.19021 2.62346 9.04395
1.74444e+09  -0.298647 -0.254545 -0.431432 0.247632  2.69165   8.8645
1.74444e+09  -0.324373 -0.252627 -0.426319 0.154321  2.71677  8.79272
1.74444e+09  -0.352176 -0.241922 -0.414335 0.0143555   2.63064   8.76042
1.74444e+09   -0.37998 -0.221628 -0.394521 -0.150732   2.44761    8.7676
1.74444e+09   -0.41018 -0.196701 -0.367836 -0.31582  2.29688  8.82861
1.74444e+09   -0.44038 -0.168259 -0.336677 -0.401953   2.22869   8.85374
1.74444e+09  -0.472178 -0.140934 -0.305518 -0.355298   2.21792   8.83579
1.74444e+09  -0.511327 -0.116007 -0.279632 -0.287109   2.18203   8.72095
1.74444e+09   -0.557826 -0.0915595  -0.259498 -0.215332   2.18921   8.60969
1.74444e+09   -0.603366 -0.0666323  -0.241282 -0.215332   2.20715   8.60969
1.74444e+09   -0.639318 -0.0413855  -0.218752 -0.290698   2.17485   8.75325
1.74444e+09   -0.666483 -0.0142213  -0.194304 -0.376831    2.0313    8.9614
1.74444e+09  -0.692848 0.0111853 -0.167939 -0.41272  1.89492  9.13008
1.74444e+09   -0.72145 0.0351537 -0.146048 -0.366064   1.84468   9.25928
1.74444e+09  -0.751491 0.0551274 -0.132785 -0.276343   1.81597   9.24492
1.74444e+09  -0.783129 0.0693487  -0.12879 -0.183032   1.79084   9.13367
1.74444e+09  -0.815886 0.0795753 -0.126553 -0.114844   1.76572   9.00447
1.74444e+09  -0.840494 0.0846885 -0.118085 -0.143555   1.76931   9.05112
1.74444e+09  -0.852638 0.0880441 -0.100188 -0.276343   1.71189   9.29158
1.74444e+09   -0.852158  0.0937965 -0.0752609 -0.394775   1.62576    9.6074
1.74444e+09   -0.842411   0.101307 -0.0520914 -0.387598   1.50374   9.84067
1.74444e+09  -0.836179  0.105301 -0.037231 -0.240454   1.39607   9.89451
1.74444e+09   -0.835061   0.101626 -0.0294013 -0.0825439    1.30994    9.79402
1.74444e+09   -0.838736  0.0917193 -0.0266849 0.0645996   1.30276   9.62534
1.74444e+09   -0.842571  0.0728641 -0.0234891 0.226099  1.31711  9.49973
1.74444e+09   -0.836978  0.0468184 -0.0132625 0.301465  1.30276  9.57869
1.74444e+09   -0.821638  0.0172573 0.00447411 0.269165  1.23098   9.7689
1.74444e+09    -0.796551 -0.00655138   0.0254066 0.147144  1.16279  10.0058
1.74444e+09   -0.773222 -0.0207727  0.0418649 0.053833   1.0623  10.1457
1.74444e+09   -0.757723 -0.0266849  0.0514523 -0.00358887    0.947461     10.1744
1.74444e+09   -0.750053 -0.0297209  0.0549676        0 0.829028  10.0775
1.74444e+09   -0.748135 -0.0377104   0.062318 0.0753662   0.79314   9.94116
1.74444e+09   -0.749094 -0.0544883  0.0789361  0.12561 0.753662  9.88374
1.74444e+09   -0.751171 -0.0749414   0.101946  0.12561 0.645996  9.87656
1.74444e+09   -0.751651 -0.0942759   0.124796 0.0789551  0.534741   9.97346
1.74444e+09  -0.743022 -0.105461   0.15196 -0.0717773   0.401953    10.2211
1.74444e+09  -0.727363 -0.112652  0.180083 -0.175854  0.218921   10.3898
1.74444e+09  -0.718574 -0.114409  0.202933 -0.218921 0.0789551   10.3467
1.74444e+09  -0.720332 -0.110415  0.217793 -0.215332        -0   10.1421
1.74444e+09  -0.725605  -0.10642  0.231695  -0.154321 -0.0394775    9.95193
1.74444e+09  -0.732955 -0.104822  0.249432 -0.0717773  -0.104077    9.80837
1.74444e+09  -0.738548 -0.104822  0.270843 -0.0107666  -0.290698    9.76172
1.74444e+09  -0.740146 -0.101946  0.294972 -0.0645996  -0.441431    9.85862
1.74444e+09   -0.733275 -0.0915595   0.320059 -0.355298 -0.470142   10.1601
1.74444e+09   -0.724327 -0.0752609   0.337476 -0.0789551  -0.638818    10.2534
1.74444e+09   -0.716337 -0.0514523   0.330765  0.183032 -0.742896   10.3144
1.74444e+09   -0.703075 -0.0231695   0.317981  0.240454 -0.732129   10.2175
1.74444e+09   -0.680225 0.00431432   0.315744  0.290698 -0.635229   9.98423
1.74444e+09  -0.647947  0.031159  0.327089  0.416309 -0.624463   9.82273
1.74444e+09   -0.60049 0.0610397  0.351218  0.541919 -0.667529   9.74736
1.74444e+09  -0.546481 0.0918791  0.377263  0.527563 -0.868506   9.83708
1.74444e+09  -0.508611  0.127033  0.389887 0.290698 -1.13049  10.0058
1.74444e+09  -0.487838  0.168578  0.391005 0.0107666  -1.29917   10.1421
1.74444e+09  -0.477611  0.214598  0.388768 -0.147144  -1.34941   10.1385
1.74444e+09  -0.477771  0.260617  0.386212 -0.129199  -1.30994   9.96628
1.74444e+09  -0.483683  0.301363   0.38717 -0.0394775   -1.17356    9.72583
1.74444e+09  -0.48608 0.329966 0.397557 0.0394775     -1.03   9.49255
1.74444e+09  -0.484003  0.344986  0.420726 0.0251221   -1.0623   9.35618
1.74444e+09  -0.479049  0.348821   0.44853 -0.107666  -1.27046   9.28081
1.74444e+09  -0.482884  0.347383  0.475055 -0.305054  -1.49656   9.41001
1.74444e+09  -0.491353  0.352176   0.49359 -0.416309  -1.65088   9.55715
1.74444e+09  -0.502219  0.362723  0.502379 -0.423486  -1.66165    9.5751
1.74444e+09  -0.51644  0.38014 0.496147 -0.34812 -1.56833  9.48538
1.74444e+09  -0.533857  0.397397  0.486879 -0.204565  -1.49297   9.37412
1.74444e+09  -0.549676  0.411299   0.48592 -0.154321  -1.46785   9.31311
1.74444e+09  -0.556707  0.419288  0.496626 -0.25481 -1.54321  9.40283
1.74444e+09  -0.549996  0.423443  0.514203 -0.509619  -1.72983   9.62893
1.74444e+09  -0.535615  0.427757  0.530661 -0.818262  -1.91646   9.85862
1.74444e+09  -0.512605  0.436705  0.541367 -0.986938   -2.0313   10.0201
1.74444e+09  -0.484962  0.448849  0.540089 -0.936694  -2.10308   10.0345
1.74444e+09  -0.456679  0.460674   0.53162 -0.746484  -2.09231   9.87297
1.74444e+09  -0.432231  0.465787  0.522193 -0.502441  -2.01335   9.65046
1.74444e+09  -0.40986 0.462591 0.515322 -0.38042 -1.95593  9.49614
1.74444e+09  -0.388768   0.45572   0.50893 -0.44502 -2.01335  9.48179
1.74444e+09  -0.374547  0.448689   0.50126 -0.703418  -2.10667   9.58945
1.74444e+09  -0.356491  0.443097  0.496946 -1.03359 -2.16409  9.85862
1.74444e+09  -0.323414  0.435906  0.498863 -1.20945 -2.18921  10.0596
1.74444e+09  -0.282189  0.423922  0.503337 -1.14844 -2.15332  10.0381
1.74444e+09  -0.246396  0.406345  0.506853 -0.954639  -2.03848   9.84067
1.74444e+09  -0.221628  0.384454  0.509409 -0.778784  -1.95952   9.63252
1.74444e+09  -0.203412  0.357449  0.507172 -0.678296  -2.00977   9.46743
1.74444e+09  -0.196222   0.32677  0.498384 -0.764429  -2.20715    9.3813
1.74444e+09  -0.201655  0.298168  0.482725 -1.05513 -2.33635  9.43872
1.74444e+09  -0.208366   0.27324  0.466106 -1.36736 -2.32559  9.56792
1.74444e+09  -0.209964  0.254385  0.452524 -1.48579 -2.24304  9.68276
1.74444e+09  -0.209804  0.243679  0.441659 -1.37095 -2.11384  9.67559
1.74444e+09  -0.206288  0.236169   0.43271 -1.19868   -1.999  9.60022
1.74444e+09  -0.202933  0.228659  0.427437 -1.05872 -2.01335  9.44949
1.74444e+09  -0.202613  0.219871  0.426159 -1.01565 -2.17844  9.26287
1.74444e+09  -0.20485 0.210922 0.429515 -1.13049 -2.39377  9.17673
1.74444e+09  -0.212041  0.203572  0.439581 -1.36018 -2.53733  9.19109
1.74444e+09  -0.221309  0.199258  0.449488 -1.68318 -2.52656  9.27722
1.74444e+09  -0.22818 0.199897 0.467065 -1.87339 -2.46196  9.32029
1.74444e+09  -0.232973  0.207886  0.488637 -1.84827 -2.44043  9.28799
1.74444e+09  -0.23569 0.223386 0.506853  -1.7729 -2.47273  9.24851
1.74444e+09  -0.239844   0.24336  0.519157 -1.70471 -2.53015  9.19468
1.74444e+09  -0.245117  0.267009  0.525708 -1.70471 -2.63782  9.14802
1.74444e+09  -0.251349  0.290338  0.531301 -1.76931 -2.73472   9.1552
1.74444e+09  -0.256782   0.31111  0.538172 -1.92004 -2.77419  9.19109
1.74444e+09  -0.261256  0.331883  0.549836 -2.14614 -2.75266   9.2521
1.74444e+09  -0.263174  0.354094   0.56997 -2.29329 -2.67729  9.35977
1.74444e+09  -0.263973  0.378702  0.589784 -2.23945 -2.63782  9.35977
1.74444e+09  -0.26605  0.40283 0.605763 -2.16768 -2.67729  9.32029
1.74444e+09  -0.270684   0.42568   0.61535 -2.11384 -2.71677  9.24133
1.74444e+09  -0.275957  0.442138  0.619185  -2.0636 -2.74548  9.15879
1.74444e+09  -0.279792  0.449808  0.617108 -2.07795 -2.71318  9.13367
1.74444e+09  -0.279472  0.447251  0.614231 -2.17126 -2.67012  9.15879
1.74444e+09  -0.270843  0.436705  0.616149 -2.31123 -2.56245  9.27722
1.74444e+09  -0.253107   0.42552  0.625896 -2.37942 -2.46196  9.46743
1.74444e+09  -0.229458  0.416891  0.635164 -2.34353 -2.42966  9.53921
1.74444e+09  -0.202933   0.41034  0.643633 -2.30405 -2.40813  9.53562
1.74444e+09  -0.173372  0.403149  0.651622 -2.2574 -2.4512 9.45667
1.74444e+09  -0.141893  0.396119  0.658973 -2.18562 -2.47991  9.36694
1.74444e+09  -0.107698  0.386371  0.664246 -2.16409 -2.42607  9.32029
1.74444e+09  -0.0712662   0.373269   0.667601 -2.20715 -2.33276  9.34541
1.74444e+09  -0.0317981   0.360326   0.665045 -2.40813 -2.25022  9.45667
1.74444e+09  0.0105461  0.347862   0.66105 -2.61987 -2.17844   9.6074
1.74444e+09  0.056246 0.339713 0.656256 -2.69883 -2.11743  9.63611
1.74444e+09  0.100348 0.329486 0.652741 -2.68088  -2.0636  9.53921
1.74444e+09  0.143491 0.318301 0.649545 -2.62705 -2.05283  9.42437
1.74444e+09  0.186954 0.307276 0.652421 -2.62705 -2.01335  9.30952
1.74444e+09  0.233772 0.301683  0.66089 -2.79932  -2.0313  9.24851
1.74444e+09  0.278034 0.306796 0.676549 -2.99312 -2.08154  9.20186
1.74444e+09   0.31159 0.321337  0.68358 -3.04336 -2.00977  9.13726
1.74444e+09  0.336517 0.342749 0.677828 -3.08284 -1.87698  9.09419
1.74444e+09  0.355532 0.363841 0.664405 -3.16538 -1.75137  9.08342
1.74444e+09  0.374707 0.379021 0.649705 -3.21563  -1.7083  9.07625
1.74444e+09   0.39468 0.380779 0.637561 -3.24434 -1.72983  9.05112
1.74444e+09  0.415932 0.369274 0.635324 -3.30176 -1.75496  8.99729
1.74444e+09  0.430314 0.352975 0.641236 -3.40583 -1.76572  8.91116
1.74444e+09  0.435267 0.335239 0.648267 -3.50632  -1.7083  8.88962
1.74444e+09  0.432071 0.321657 0.646829 -3.53145 -1.56475  8.94705
1.74444e+09  0.427757 0.307116 0.633566 -3.58169 -1.39248  9.10496
1.74444e+09  0.432231 0.290977 0.614072 -3.68218 -1.26328   9.3167
1.74444e+09  0.449009 0.268287  0.59266 -3.70012 -1.20227  9.38848
1.74444e+09  0.472977 0.238726 0.567413 -3.69294 -1.17715  9.35977
1.74444e+09  0.496626 0.204371 0.548079 -3.71448 -1.22021  9.25569
1.74444e+09  0.515322 0.169697 0.534976 -3.74319 -1.23816  9.19468
1.74444e+09  0.529543 0.137579 0.526507 -3.77549 -1.20945   9.2198
1.74444e+09  0.544244 0.108178  0.51676  -3.8042 -1.11255  9.32747
1.74444e+09   0.565016 0.0819721  0.503018  -3.92263 -0.994116   9.46743
1.74444e+09   0.593459 0.0591222  0.485601  -4.07695 -0.915161   9.53562
1.74444e+09   0.628613 0.0420247  0.468983  -4.12002 -0.907983   9.49614
1.74444e+09   0.659772 0.0268447  0.458437 -4.02312 -0.95105  9.34541
1.74444e+09    0.68406 0.0119842  0.457478   -3.8688 -0.965405   9.19109
1.74444e+09     0.704033 -0.00527306    0.460194  -3.69294 -0.954639    9.0906
1.74444e+09    0.718255 -0.0266849   0.450287  -3.56016 -0.864917   9.09419
1.74444e+09    0.733435 -0.0456998   0.429195  -3.60322 -0.735718   9.16597
1.74444e+09    0.748774 -0.0621582   0.404587  -3.61399 -0.645996   9.16956
1.74444e+09   0.762996 -0.077498  0.380459  -3.58887 -0.545508   9.14443
1.74444e+09    0.772583 -0.0882039   0.361924  -3.72524 -0.541919   9.11213
1.74444e+09    0.774341 -0.0952346   0.354573  -3.81497 -0.592163   9.00447
1.74444e+09   0.767949 -0.102265  0.353455   -3.8042 -0.545508   8.97935
1.74444e+09   0.757882 -0.112013  0.356491  -3.65706 -0.384009   9.05112
1.74444e+09   0.751331 -0.130229  0.351377  -3.37712 -0.251221   9.08701
1.74444e+09   0.748135 -0.160109   0.33396  -3.20845 -0.136377   9.16597
1.74444e+09   0.750532 -0.199577  0.309353   -3.26228 -0.0681885    9.25928
1.74444e+09   0.755645 -0.243999  0.282029   -3.33765 -0.0610107    9.33464
1.74444e+09   0.758042 -0.289858  0.254545   -3.35918 -0.0789551    9.32388
1.74444e+09   0.755805 -0.336357  0.231216   -3.39148 -0.0430664    9.34182
1.74444e+09   0.756444 -0.382377  0.214278  -3.40583 0.0717773    9.4782
1.74444e+09   0.763315 -0.424881  0.194784  -3.2874 0.233276  9.58945
1.74444e+09  0.775619 -0.46355 0.168418 -3.12949 0.401953  9.75454
1.74444e+09   0.794474 -0.504456  0.138857 -2.95364 0.574219   9.8658
1.74444e+09     0.8202 -0.557027  0.102905 -2.75625 0.750073    9.995
1.74444e+09    0.85088  -0.61551 0.0559264 -2.77778 0.448608  9.92681
1.74444e+09     0.86606  -0.658653 0.00846885 -2.94646 0.452197  9.82632
1.74444e+09    0.872611  -0.687096 -0.0194943  -3.0613 0.480908  9.70071
1.74444e+09    0.872611  -0.710105 -0.0370712 -3.05413 0.452197  9.59663
1.74444e+09    0.862065  -0.728641 -0.0549676 -3.00029 0.509619  9.49614
1.74444e+09    0.843689  -0.742383 -0.0789361 -2.89263 0.613696  9.33464
1.74444e+09   0.817804 -0.749254 -0.105781 -2.83162 0.689063  9.19468
1.74444e+09   0.791438 -0.748615 -0.124636 -2.92852 0.710596  9.20186
1.74444e+09   0.769867 -0.743501 -0.132945 -2.97876 0.678296  9.23057
1.74444e+09  0.755805 -0.73663 -0.13662 -2.96082 0.703418  9.33105
1.74444e+09   0.745898 -0.728162 -0.141094  -2.8998 0.768018  9.41001
1.74444e+09   0.733594 -0.718574 -0.152759 -2.70242 0.875684  9.48179
1.74444e+09   0.715219 -0.708987  -0.17449 -2.41531  1.00129  9.46025
1.74444e+09   0.691889 -0.699559  -0.20501 -2.14614  1.01206  9.36694
1.74444e+09   0.663606 -0.694126 -0.237288 -1.98823 0.997705  9.28081
1.74444e+09   0.640597 -0.694126 -0.263493 -1.94517 0.968994  9.29875
1.74444e+09   0.632288  -0.69908 -0.276756 -2.02412 0.990527  9.41719
1.74444e+09    0.63836 -0.704672 -0.281549 -2.16768   1.0946   9.6074
1.74444e+09   0.649385 -0.706111 -0.286503 -2.23945  1.23457   9.7366
1.74444e+09   0.653859  -0.70627 -0.298327 -2.13538  1.31353  9.65046
1.74444e+09   0.643793 -0.709147 -0.320858 -1.96311  1.34583  9.45308
1.74444e+09   0.623979 -0.710105  -0.34914 -1.79084  1.28481  9.24133
1.74444e+09    0.60017 -0.709147 -0.376145 -1.66882  1.16638  9.00806
1.74444e+09   0.571408 -0.708348 -0.396119 -1.59346  1.09102  8.77119
1.74444e+09   0.542646 -0.710425  -0.40986 -1.50732  1.16638  8.72454
1.74444e+09   0.522672 -0.711224 -0.422803 -1.53245   1.3853  8.88962
1.74444e+09   0.509889 -0.703075 -0.437504 -1.78726  1.62935  9.18032
1.74444e+09   0.503018 -0.682781 -0.446133 -2.07437  1.78367  9.43513
1.74444e+09   0.487518 -0.653859 -0.453323 -2.14255  1.80879  9.47461
1.74444e+09   0.460514 -0.622381 -0.459555 -2.04565  1.76931  9.42078
1.74444e+09   0.426638  -0.59282 -0.460833 -1.94158  1.67241  9.37053
1.74444e+09   0.376624  -0.59266 -0.444854 -1.65447  1.58628  9.53921
1.74444e+09   0.312229 -0.622541  -0.41769 -1.53604  1.55398  9.20544
1.74444e+09   0.292255 -0.598093 -0.405067 -1.30276   1.7083  8.88245
1.74444e+09   0.267648 -0.563099 -0.400113 -1.23816  1.83391  9.08342
1.74444e+09    0.25087 -0.522832 -0.397716 -1.27405  2.12461  9.13367
1.74444e+09   0.244159 -0.477452 -0.392284 -1.23457  2.14973  9.42795
1.74444e+09   0.246555 -0.431432 -0.392923 -1.12332  2.26458  9.46384
1.74444e+09    0.25854 -0.387969 -0.400752 -1.14844  2.27175  9.69353
1.74444e+09   0.275477 -0.350259 -0.407623 -1.2884 2.27534 9.63252
1.74444e+09   0.285704 -0.323734   -0.4105 -1.33147  2.27893  9.55715
1.74444e+09   0.284745 -0.304879 -0.412577 -1.18792  2.46196  9.38848
1.74444e+09   0.274359 -0.292415 -0.414335 -0.940283   2.59475   9.24133
1.74444e+09   0.256622 -0.283307 -0.420087 -0.717773   2.65935   9.29158
1.74444e+09   0.232654 -0.286822 -0.438303 -0.645996   2.60911   9.36694
1.74444e+09   0.210283 -0.305198 -0.445174 -0.642407   2.60193   9.30952
1.74444e+09   0.191907 -0.335079 -0.441659 -0.678296   2.69165   9.20186
1.74444e+09   0.173372 -0.366078 -0.430953 -0.703418   2.74189   9.11931
1.74444e+09   0.154836 -0.391325 -0.425839 -0.692651   2.78855   9.03677
1.74444e+09   0.137259 -0.409062  -0.42552 -0.757251   2.95364   9.09778
1.74444e+09   0.131507 -0.416252 -0.423283 -0.91875  3.14026  9.36335
1.74444e+09   0.132625 -0.412737  -0.41817 -0.95105   3.0936  9.44949
1.74444e+09   0.135022 -0.402031  -0.41785 -0.907983   3.01106   9.48896
1.74444e+09   0.134703 -0.389567 -0.421046 -0.846973   2.95005   9.37412
1.74444e+09   0.127832 -0.377583 -0.428875 -0.782373    2.9321   9.19827
1.74444e+09   0.114569 -0.366398 -0.444535 -0.635229   3.01465   9.00088
1.74444e+09  0.0942759 -0.352656 -0.470261 -0.466553   3.08643    8.7676
1.74444e+09   0.067591 -0.337955 -0.500941 -0.366064   3.10796   8.56304
1.74444e+09  0.0407464 -0.320378 -0.529383 -0.337354   3.09001   8.48049
1.74444e+09  0.0148604 -0.298807 -0.553671 -0.452197   3.02542   8.48049
1.74444e+09  -0.00782969   -0.274519   -0.569331 -0.671118   2.95005   8.55586
1.74444e+09  -0.0282828  -0.249591  -0.571088 -0.933105   2.93569   8.66353
1.74444e+09  -0.0421845   -0.22818  -0.564697 -1.09819  3.03618  8.81426
1.74444e+09  -0.0527306  -0.209964  -0.560063 -1.08025  3.12231  8.87527
1.74444e+09  -0.0596015  -0.195902  -0.561181 -1.01206  3.12231   8.8968
1.74444e+09  -0.0626375  -0.181841  -0.564217 -0.947461   3.05771   8.93987
1.74444e+09  -0.0635963  -0.167619  -0.565815 -0.922339   2.93928   8.97935
1.74444e+09  -0.0658333  -0.153718  -0.566454 -0.900806   2.84238   8.93987
1.74444e+09  -0.0743022  -0.140934  -0.569011 -0.922339   2.82803   8.91116
1.74444e+09  -0.0902812  -0.131507  -0.574604 -0.872095   2.86392   8.86809
1.74444e+09  -0.111214 -0.123517 -0.583712 -0.814673   2.94646   8.87886
1.74444e+09  -0.131347 -0.119043 -0.593778 -0.850562     3.029    8.9291
1.74444e+09  -0.148764 -0.114409 -0.598732 -0.907983   3.05771    8.9614
1.74444e+09  -0.162826 -0.112172 -0.597454 -0.940283   3.00747   9.00447
1.74444e+09  -0.175769 -0.109776 -0.590583 -0.972583   2.90698   9.05471
1.74444e+09  -0.190309 -0.112013 -0.578119 -0.965405   2.79573   9.06189
1.74444e+09  -0.210763 -0.123837 -0.560382 -0.947461   2.73472   8.97217
1.74444e+09  -0.238406  -0.14461 -0.543285 -0.839795   2.78496   8.90039
1.74444e+09  -0.271003 -0.169537 -0.532419 -0.635229   2.87109   8.87886
1.74444e+09    -0.3036 -0.195902 -0.528904 -0.534741   2.95364    8.9291
1.74444e+09  -0.333002 -0.219072 -0.526028 -0.53833  3.01824  9.00088
1.74444e+09   -0.35697 -0.237288  -0.51692 -0.620874   2.96082   9.09778
1.74444e+09  -0.379021 -0.253267 -0.499502 -0.724951   2.83879    9.1875
1.74444e+09  -0.398515 -0.268287 -0.474096 -0.818262   2.72395   9.23416
1.74444e+09  -0.418969 -0.285864 -0.441818 -0.88645  2.68806  9.23057
1.74444e+09   -0.44086 -0.303281 -0.408582 -0.843384   2.68447   9.22698
1.74444e+09   -0.46339 -0.319739 -0.380459 -0.778784   2.70959    9.2521
1.74444e+09  -0.481286 -0.328048  -0.35697 -0.768018   2.71318   9.34182
1.74444e+09  -0.494549 -0.324852 -0.339873 -0.753662   2.63782   9.37771
1.74444e+09   -0.50174 -0.310791 -0.325492 -0.735718   2.50503   9.41719
1.74444e+09  -0.508131 -0.291616 -0.311909 -0.685474   2.33994   9.41719
1.74444e+09    -0.5166 -0.271642 -0.299606 -0.635229   2.20715   9.33464
1.74444e+09  -0.528105 -0.255344 -0.285704 -0.617285   2.15332   9.26287
1.74444e+09  -0.541527 -0.240324 -0.266849 -0.631641   2.14255   9.22698
1.74444e+09  -0.557666 -0.222747 -0.248313 -0.592163   2.15691   9.26287
1.74444e+09  -0.575882 -0.199737 -0.230896 -0.592163   2.17126   9.33823
1.74444e+09  -0.594258 -0.171295 -0.210123 -0.649585   2.11743   9.41001
1.74444e+09  -0.615989 -0.139656 -0.186475 -0.642407   2.00977   9.45308
1.74444e+09  -0.637241 -0.111054 -0.162027 -0.556274    1.8698   9.46384
1.74444e+09  -0.659612 -0.089642 -0.139816 -0.466553   1.72266   9.39207
1.74444e+09   -0.684539 -0.0754207  -0.119043 -0.430664   1.66523   9.29875
1.74444e+09   -0.706909 -0.0671117 -0.0921986 -0.552686   1.66523   9.30234
1.74444e+09   -0.725126 -0.0602407 -0.0557666 -0.660352   1.65088   9.37412
1.74444e+09   -0.739986 -0.0516121 -0.0183758 -0.645996    1.6437   9.44231
1.74444e+09   -0.754527 -0.0383495  0.0162985 -0.649585   1.55398   9.56433
1.74444e+09   -0.766671 -0.0257261  0.0477771 -0.649585   1.39248   9.68994
1.74444e+09   -0.778975 -0.0143811  0.0757403 -0.613696   1.20227   9.74377
1.74444e+09    -0.793196 -0.00910801   0.0971521 -0.559863   1.05513   9.71147
1.74444e+09    -0.810134 -0.00479369    0.111853 -0.531152  0.972583   9.62893
1.74444e+09    -0.826272 -0.00447411     0.12176 -0.574219  0.986938   9.64688
1.74444e+09    -0.833463 -0.00367516    0.133904 -0.72854 0.997705  9.86221
1.74444e+09    -0.828669 -0.00415453    0.155635 -0.839795  0.958228    10.117
1.74444e+09   -0.815566 -0.0046339    0.18216 -0.875684  0.818262   10.2749
1.74444e+09    -0.794314 -0.00591222    0.204051 -0.814673   0.66394   10.3826
1.74444e+09    -0.761877 -0.00990696     0.22051 -0.699829  0.502441   10.4077
1.74444e+09   -0.720651 -0.0231695   0.236169 -0.53833 0.405542  10.4005
1.74444e+09  -0.676709 -0.047138  0.249911 -0.337354  0.419897   10.2929
1.74444e+09   -0.631968 -0.0821319   0.257901 -0.287109  0.427075   10.2498
1.74444e+09  -0.590423 -0.120961  0.266529 -0.351709  0.351709    10.379
1.74444e+09  -0.549836 -0.155316  0.274039 -0.452197  0.272754   10.5513
1.74444e+09  -0.505095 -0.181361  0.276915 -0.513208  0.236865    10.702
1.74444e+09  -0.453483 -0.199098  0.273081 -0.47373 0.208154  10.7451
1.74444e+09  -0.395799 -0.209964  0.266529 -0.373242  0.193799   10.7164
1.74444e+09  -0.333801 -0.215077  0.262694 -0.251221  0.287109   10.6446
1.74444e+09  -0.268926 -0.218113  0.267807 -0.111255  0.358887   10.4687
1.74444e+09  -0.215556 -0.220829  0.271962 -0.114844  0.448608   10.3539
1.74444e+09  -0.171454 -0.217634   0.28139 -0.283521  0.513208   10.2749
1.74444e+09  -0.133744 -0.207886  0.301363 -0.427075  0.484497   10.2785
1.74444e+09  -0.0973119  -0.187753   0.324213 -0.437842  0.401953   10.3144
1.74444e+09  -0.0557666  -0.163145   0.344826 -0.31582 0.308643  10.3216
1.74444e+09  -0.00447411   -0.138857    0.370392 -0.247632  0.229688   10.2534
1.74444e+09  0.0594418 -0.113451  0.406185 -0.276343   0.15791   10.0775
1.74444e+09    0.122559 -0.0846885    0.44853 -0.200977  0.154321   9.81555
1.74444e+09    0.179284 -0.0570449    0.48656 0.0322998  0.240454   9.39565
1.74444e+09    0.224185 -0.0313188   0.510368 0.405542 0.258398    9.026
1.74444e+09     0.252468 -0.00958738    0.511966  0.79314 0.204565  8.74607
1.74444e+09    0.264132 0.00703075   0.486719  1.05513 0.161499  8.62764
1.74444e+09   0.261735 0.0210922  0.440221  1.10896 0.150732  8.62405
1.74444e+09   0.248153 0.0356331  0.382696 0.990527  0.22251   8.6384
1.74444e+09   0.22754 0.052411 0.328368 0.739307 0.290698  8.67429
1.74444e+09   0.205649 0.0743022  0.280271 0.452197 0.333765  8.73889
1.74444e+09  0.181521 0.105621 0.239045 0.175854 0.333765   8.7676
1.74444e+09  0.155156  0.14461 0.208685 -0.0251221   0.290698    8.72813
1.74444e+09   0.12128 0.189351 0.188552 -0.132788   0.15791   8.69941
1.74444e+09  0.0814927  0.233772  0.179284  -0.19021 0.0287109   8.69941
1.74444e+09  0.0412257  0.271003  0.177686  -0.197388 -0.0287109    8.74248
1.74444e+09  0.00415453    0.29625   0.180562  -0.229688 -0.0466553    8.85374
1.74444e+09  -0.0225303   0.312389   0.187753  -0.305054 -0.0933105    8.96858
1.74444e+09  -0.0370712   0.325332   0.199897  -0.416309 -0.0645996    9.11931
1.74444e+09  -0.0381897   0.342749   0.214757  -0.527563 -0.0466553    9.33823
1.74444e+09  -0.0262055   0.367676   0.224824  -0.642407 -0.0897217     9.5751
1.74444e+09  -0.00431432    0.404108    0.230896 -0.750073 -0.122021   9.77966
1.74444e+09  0.0252468  0.450127  0.234092 -0.807495 -0.139966   9.99141
1.74444e+09  0.0596015   0.50126  0.234092 -0.839795 -0.139966   10.1457
1.74444e+09  0.0945955  0.555109  0.230417 -0.882861  -0.12561   10.2211
1.74444e+09  0.123038 0.610237 0.221628  -0.940283 -0.0825439    10.2211
1.74444e+09  0.144929 0.667761 0.207247 -0.990527 -0.053833   10.2067
1.74444e+09   0.15979 0.722729 0.190469   -1.04436 -0.0179443    10.1816
1.74444e+09  0.169217 0.779933 0.173372  -1.12332 0.0287109   10.1027
1.74444e+09  0.170975 0.842731 0.158352  -1.19868 0.0825439   10.0022
1.74444e+09  0.166181 0.908724 0.145728  -1.26328 0.0897217   9.91604
1.74444e+09  0.156274 0.982067 0.137419  -1.33865 0.0502441   9.84785
1.74444e+09   0.13678  1.05925 0.127512   -1.39248 -0.0143555     9.7689
1.74444e+09  0.107219  1.13467 0.117126   -1.42478 -0.0430664    9.71147
1.74444e+09  0.0707868    1.2029  0.108018    -1.44631 -0.00358887     9.59304
1.74444e+09  0.0270045   1.25403 0.0968325  -1.45708 0.0645996   9.52126
1.74444e+09  -0.0161388    1.28135  0.0838896  -1.46067 0.0825439   9.51409
1.74444e+09  -0.0559264    1.28679   0.067591  -1.48938 0.0789551   9.49614
1.74444e+09  -0.0902812    1.28087  0.0522512  -1.66165 0.0897217    9.4782
1.74444e+09  -0.115049   1.27049  0.046339 -2.04565 0.100488  9.42437
1.74444e+09  -0.129749   1.26218 0.0596015 -2.42249 0.111255  9.41001
1.74444e+09  -0.133904   1.24492  0.086606 -2.56245 0.132788   9.4782
1.74444e+09  -0.126074   1.20993  0.114569 -2.42607 0.104077  9.56074
1.74444e+09  -0.114569   1.14873  0.127352  -2.17485 0.0502441   9.61816
1.74444e+09  -0.100827   1.05797  0.127512  -2.03848 0.0358887   9.64688
1.74444e+09  -0.0856473   0.943558   0.122399  -2.04565 0.0789551   9.65405
1.74444e+09  -0.0711064    0.81317   0.117445 -2.10667 0.122021  9.62175
1.74444e+09  -0.0565655   0.678786    0.11361 -2.22151 0.139966   9.6074
1.74444e+09  -0.0428236   0.555269   0.108657    -2.322 0.0968994   9.55356
1.74444e+09  -0.0319579   0.453962  0.0998685  -2.43684 0.0574219   9.51409
1.74444e+09  -0.021252  0.380939 0.0918791  -2.63064 0.0753662   9.57151
1.74444e+09  -0.0134223   0.333321  0.0845287 -2.76343 0.107666  9.61458
1.74444e+09  -0.00830906    0.302801    0.071426 -2.81726  0.12561   9.6397
1.74444e+09  -0.00479369    0.284266   0.0560862 -2.83521 0.132788  9.61458
1.74444e+09  -0.00271642    0.275477   0.0361125 -2.85315 0.118433  9.57151
1.74444e+09  -0.00239684    0.275957   0.0140615  -2.91416 0.0861328   9.53203
1.74444e+09  -0.00143811    0.287302 -0.00351537 -3.00029 0.053833  9.47102
1.74444e+09  -0.00287621    0.306956  -0.0193345  -3.11873 0.0358887   9.42795
1.74444e+09  -0.00511327    0.331564  -0.0305198  -3.27305 0.0394775   9.42795
1.74444e+09  -0.00655138     0.35681  -0.0369114  -3.37354 0.0681885   9.43513
1.74444e+09  -0.00910801    0.373748  -0.0396278  -3.36636 0.0825439   9.41719
1.74444e+09  -0.0148604   0.375666 -0.0396278 -3.30535 0.118433  9.41001
1.74444e+09  -0.0202933   0.361125 -0.0375506 -3.22639 0.161499  9.38848
1.74444e+09  -0.0266849     0.3346 -0.0365918 -3.18333 0.186621  9.37412
1.74444e+09  -0.0292415   0.299126 -0.0319579 -3.19409 0.211743  9.36335
1.74444e+09  -0.0298807   0.259658 -0.0234891 -3.26587  0.25481  9.38489
1.74444e+09   -0.027324   0.217474 -0.0111853 -3.37712 0.290698  9.43154
1.74444e+09   -0.0198139    0.175928 0.000798948 -3.48479 0.337354  9.48538
1.74444e+09  -0.0108657   0.135342  0.0107059 -3.49197 0.405542   9.4782
1.74444e+09          0  0.100827 0.0131028 -3.42019 0.459375  9.45308
1.74444e+09  0.0111853 0.0704672 0.0100667 -3.34124  0.50603   9.4136
1.74444e+09   0.0234891  0.0437824 0.00239684 -3.27664 0.541919    9.349
1.74444e+09    0.0348341   0.0226901 -0.00846885 -3.25869 0.549097  9.28799
1.74444e+09    0.043303 0.00527306 -0.0204531 -3.31611 0.549097  9.24492
1.74444e+09    0.0498544 -0.00687096  -0.0294013 -3.42019 0.549097  9.21262
1.74444e+09   0.0535295 -0.0158192 -0.0359527 -3.48479 0.534741   9.1875
1.74444e+09   0.0559264 -0.0228499 -0.0417051  -3.5135 0.498853  9.14802
1.74444e+09   0.0560862 -0.0300405 -0.0445813 -3.51709 0.452197  9.10496
1.74444e+09   0.0538491 -0.0378702 -0.0458596 -3.50273 0.430664  9.06548
1.74444e+09   0.0482565 -0.0468184 -0.0464988 -3.48838 0.401953  9.06548
1.74444e+09   0.0401072 -0.0568851 -0.0456998 -3.53503  0.34812  9.09778
1.74444e+09   0.0313188 -0.0717456  -0.040267 -3.62834 0.322998  9.17673
1.74444e+09   0.0239684 -0.0929976 -0.0309992 -3.68936  0.31582  9.28799
1.74444e+09   0.0210922  -0.122559 -0.0199737 -3.68577 0.305054  9.38848
1.74444e+09   0.0194943  -0.164424 -0.0108657 -3.57451  0.31582   9.4459
1.74444e+09    0.0196541   -0.219391 -0.00575243 -3.37712 0.326587  9.50332
1.74444e+09    0.0177367   -0.287462 -0.00607201 -3.18333 0.297876  9.53562
1.74444e+09    0.0132625   -0.361125 -0.00735032 -3.04695 0.269165   9.5751
1.74444e+09   0.00735032   -0.436705 -0.00958738  -2.9321 0.236865  9.64688
1.74444e+09  0.000958738   -0.510208 -0.00974717 -2.85674 0.226099  9.75095
1.74444e+09  -0.00399474   -0.582114  -0.0100667 -2.79573 0.233276  9.85862
1.74444e+09  -0.00751011   -0.649865  -0.0108657 -2.77419 0.236865  9.90168
1.74444e+09    -0.012144   -0.711064 -0.00974717 -2.71318 0.208154  9.91963
1.74444e+09   -0.0177367   -0.761717 -0.00846885 -2.57322 0.193799  9.93757
1.74444e+09   -0.0254066   -0.805979 -0.00846885 -2.40813  0.19021  9.94834
1.74444e+09    -0.036432   -0.848323 -0.00735032 -2.24663 0.172266  9.98423
1.74444e+09   -0.0514523   -0.892425 -0.00846885 -2.15332  0.12561  10.0022
1.74444e+09   -0.0661529   -0.939244 -0.00639159  -2.1605 0.111255  10.0596
1.74444e+09  -0.0786165  -0.989737 0.00207727 -2.22151 0.118433  10.0883
1.74444e+09  -0.0872452   -1.04231  0.0183758 -2.27175 0.136377  10.1206
1.74444e+09  -0.0907605   -1.09392  0.0386691 -2.22151  0.15791  10.1206
1.74444e+09  -0.090441  -1.14298 0.0549676 -2.05642 0.161499  10.0488
1.74444e+09  -0.0875647   -1.18884  0.0631169 -1.86262 0.186621  10.0094
1.74444e+09  -0.0853277   -1.23422   0.064555 -1.7406 0.19021 9.99141
1.74444e+09  -0.0843689   -1.28183  0.0627973 -1.66882  0.19021  10.0058
1.74444e+09  -0.0840494   -1.32801  0.0624778 -1.62217 0.211743  10.0094
1.74444e+09  -0.0781371   -1.37291  0.0629571 -1.58269 0.290698  10.0775
1.74444e+09  -0.0631169   -1.41606  0.0642354 -1.52168 0.344531   10.117
1.74444e+09  -0.0431432   -1.45952  0.0648746 -1.42119 0.337354  10.1314
1.74444e+09  -0.019015  -1.50378  0.061519 -1.27405 0.294287  10.0883
1.74444e+09  0.00143811    -1.5466  0.0535295 -1.13767 0.258398  9.96628
1.74444e+09  0.0172573  -1.58032 0.0421845    -1.03 0.208154  9.84785
1.74444e+09  0.0188552  -1.60077  0.028123 -0.943872   0.12561    9.7366
1.74444e+09  0.0108657  -1.60429 0.0164583 -0.879272  0.139966   9.68994
1.74444e+09  0.00399474    -1.5947  0.0100667 -0.803906  0.161499   9.66482
1.74444e+09  -0.00479369    -1.57441  0.00974717 -0.710596  0.179443   9.63252
1.74444e+09  -0.0118244   -1.54325  0.0127832 -0.617285  0.193799   9.66123
1.74444e+09  -0.0186954   -1.50522  0.0199737 -0.466553  0.218921    9.6397
1.74444e+09  -0.0284426   -1.46383  0.0284426 -0.251221  0.233276   9.64329
1.74444e+09  -0.0431432   -1.42405  0.0345146 -0.0215332   0.247632    9.63252
1.74444e+09  -0.0655138   -1.38841  0.0386691  0.15791 0.204565  9.65405
1.74444e+09  -0.0880441   -1.35629  0.0431432 0.283521 0.215332   9.7689
1.74444e+09  -0.103224  -1.32593 0.0508131 0.369653 0.233276   9.8658
1.74444e+09    -0.1061  -1.29653 0.0599211 0.488086 0.261987  9.95193
1.74444e+09  -0.101946  -1.27033 0.0672714 0.653174 0.236865  9.91604
1.74444e+09  -0.0963532   -1.24796  0.0725445 0.872095 0.186621  9.81914
1.74444e+09  -0.0909203   -1.22846  0.0754207     1.03 0.175854  9.77966
1.74444e+09  -0.0870854   -1.20625  0.0743022  1.23816 0.139966  9.66841
1.74444e+09  -0.0899616   -1.18484  0.0707868   1.40325 0.0825439    9.5751
1.74444e+09  -0.0944357   -1.16231  0.0659931   1.45708 0.0502441   9.58586
1.74444e+09  -0.0936367   -1.13786  0.0616788   1.52527 0.0107666   9.67559
1.74444e+09  -0.0859668   -1.11166  0.0586428    1.60422 0.00358887    9.65046
1.74444e+09  -0.0759001   -1.08337   0.055447   1.71189 0.0179443   9.56074
1.74444e+09  -0.0666323   -1.05349  0.0535295   1.84109 0.0143555   9.45667
1.74444e+09  -0.061519  -1.02106 0.0512925   1.80161 0.0466553     9.349
1.74444e+09  -0.0639159  -0.990217  0.0484163    2.07437 -0.0466553    9.21262
1.74444e+09  -0.0762197  -0.956821  0.0378702    2.2251 -0.165088   9.06548
1.74444e+09  -0.0929976  -0.920708  0.0294013   2.21433 -0.147144    9.0906
1.74444e+09  -0.0998685  -0.878683   0.027324    2.17844 -0.0861328    9.28081
1.74444e+09  -0.0936367   -0.83586  0.0286024    2.28252 -0.0430664    9.35259
1.74444e+09  -0.0838896  -0.793995  0.0282828    2.41531 -0.0681885     9.3167
1.74444e+09  -0.0768588  -0.755166  0.0247674    2.49785 -0.0861328    9.15161
1.74444e+09  -0.0747816  -0.715219  0.0180562    2.55168 -0.0789551    9.04036
1.74444e+09  -0.070627 -0.670318 0.0118244    2.59475 -0.0717773    9.02959
1.74444e+09  -0.0650344  -0.623979 0.00607201  2.60911 -0.12561  9.05471
1.74444e+09   -0.0594418    -0.57732 0.000798948   2.64858 -0.165088   9.07983
1.74444e+09  -0.0495348  -0.533378 -0.0046339   2.74189 -0.100488   9.16597
1.74444e+09  -0.0340352  -0.492951 -0.0119842     2.84597 -0.00717773     9.23774
1.74444e+09  -0.0188552  -0.458756  -0.018216   2.92852 0.0215332   9.24492
1.74444e+09  -0.00830906   -0.431911   -0.025087 3.05771      -0  9.1552
1.74444e+09  -0.00511327   -0.412417  -0.0337156    3.20127 -0.0394775    9.04395
1.74444e+09  -0.00990696   -0.401392  -0.0405866   3.30176 -0.053833   8.95781
1.74444e+09  -0.0161388  -0.398196 -0.0444215    3.33047 -0.0861328    8.94346
1.74444e+09  -0.0198139  -0.398675 -0.0453803    3.34841 -0.0358887    9.05471
1.74444e+09  -0.0177367  -0.399634 -0.0426638   3.36995 0.0143555   9.20544
1.74444e+09   -0.012943  -0.401392 -0.0404268    3.4166 0.0251221    9.2844
1.74444e+09  -0.0103863  -0.401711 -0.0401072   3.49915 0.0394775   9.29517
1.74444e+09  -0.0103863  -0.406185  -0.040267   3.53145 0.0394775   9.24492
1.74444e+09  -0.0113451  -0.412417 -0.0407464   3.56733 0.0358887   9.20544
1.74444e+09  -0.015979 -0.419927 -0.037231    3.59604 -0.0502441    9.10496
1.74444e+09  -0.0265251  -0.430314 -0.0317981   3.59963 -0.111255   9.07266
1.74444e+09  -0.0348341  -0.437185  -0.025087   3.57451 -0.100488   9.14802
1.74444e+09  -0.0353135  -0.438143 -0.0162985    3.57092 -0.0430664    9.28799
1.74444e+09   -0.0295611   -0.434308 -0.00990696    3.61399 -0.0502441    9.34182
1.74444e+09  -0.0230097  -0.428236 -0.0076699    3.71089 -0.0861328    9.27722
1.74444e+09   -0.0196541   -0.422803 -0.00942759    3.78625 -0.0897217    9.18032
1.74444e+09  -0.0162985   -0.41753 -0.0103863    3.80061 -0.0789551    9.09778
1.74444e+09   -0.0198139   -0.411618 -0.00958738   3.85803 -0.107666   8.97935
1.74444e+09   -0.0257261   -0.405546 -0.00814927   3.85444 -0.175854   8.96858
1.74444e+09   -0.0282828   -0.404268 -0.00511327   3.87957 -0.186621   9.04036
1.74444e+09   -0.0198139   -0.403948 -0.00335558   3.95493 -0.129199   9.13008
1.74444e+09  -0.00367516   -0.403469 -0.00527306    4.04824 -0.0753662    9.12649
1.74444e+09   0.0140615  -0.401551 -0.0132625    4.11643 -0.0466553    9.01523
1.74444e+09   0.0247674  -0.397876 -0.0228499    4.16309 -0.0215332    8.87527
1.74444e+09  0.0295611 -0.394041 -0.033396  4.1918      -0 8.78555
1.74444e+09   0.0287621  -0.393402 -0.0413855    4.18462 0.00717773    8.72095
1.74444e+09   0.0234891     -0.395 -0.0444215   4.13796 0.0251221   8.74607
1.74444e+09   0.0209324   -0.39484 -0.0417051   4.06978 0.0322998   8.77837
1.74444e+09   0.0247674  -0.392763 -0.0357929    4.0626 0.0466553   8.81067
1.74444e+09   0.0354733  -0.383655 -0.0302002   4.05542 0.0645996    8.7676
1.74444e+09   0.0479369  -0.369913 -0.0278034   4.08413 0.0681885   8.64917
1.74444e+09   0.0556068  -0.354094 -0.0298807   4.10925 0.0394775   8.48408
1.74444e+09   0.0541687   -0.33412 -0.0340352   4.08772 0.0322998   8.39077
1.74444e+09   0.0439422  -0.314146 -0.0367516 4.06619      -0 8.34053
1.74444e+09    0.027324  -0.292894 -0.0365918   4.04465 0.0394775   8.43025
1.74444e+09   0.0178964  -0.271962 -0.0327569   4.01235 0.0681885   8.53792
1.74444e+09   0.0142213  -0.249591 -0.0270045   4.01235 0.0681885   8.62405
1.74444e+09   0.0180562  -0.225943 -0.0215716   4.05183 0.0717773   8.58457
1.74444e+09   0.0265251  -0.198459 -0.0193345   4.11284 0.0681885   8.46255
1.74444e+09   0.0321177  -0.172093 -0.0202933   4.13796 0.0179443   8.31541
1.74444e+09   0.0297209  -0.143651 -0.0236489    4.12002 -0.0107666    8.20056
1.74444e+09   0.0193345  -0.115848 -0.0276436     4.08772 -0.00717773     8.18979
1.74444e+09  0.00862864 -0.0875647 -0.0265251   4.05901 0.0430664   8.28311
1.74444e+09  0.00894822 -0.0594418 -0.0233293   4.07336 0.0610107   8.35488
1.74444e+09   0.0161388 -0.0306796 -0.0186954   4.08772 0.0430664   8.33694
1.74444e+09    0.0287621 -0.00015979  -0.0161388   4.12361 0.0430664   8.32258
1.74444e+09   0.0461792  0.0356331 -0.0164583    4.17744 0.00717773    8.23286
1.74444e+09   0.0596015  0.0743022 -0.0186954    4.19897 -0.0394775    8.10366
1.74444e+09   0.0639159   0.117445 -0.0230097    4.17385 -0.0645996    8.01753
1.74444e+09   0.0596015   0.165382 -0.0257261    4.16309 -0.0681885    7.98523
1.74444e+09    0.050174   0.216515 -0.0270045    4.14155 -0.0358887    8.07854
1.74444e+09   0.0439422   0.269565 -0.0282828 4.09849      -0 8.24004
1.74444e+09   0.0412257   0.325651 -0.0282828   4.07336 0.0287109   8.40154
1.74444e+09   0.0425041   0.382696 -0.0306796  4.06978 0.053833  8.45537
1.74444e+09   0.0456998   0.439422 -0.0316384   4.08054 0.0358887   8.41948
1.74444e+09   0.0472977    0.49407 -0.0319579   4.08772 0.0287109   8.37642
1.74444e+09   0.0500142   0.549517 -0.0327569   4.04465 0.0358887   8.40513
1.74444e+09   0.0533697   0.605283 -0.0325971   4.02312 0.0430664   8.48408
1.74444e+09   0.0602407   0.661529 -0.0349939   4.00876 0.0502441   8.62046
1.74444e+09   0.0671117   0.722409 -0.0391485  3.98723 0.053833  8.74966
1.74444e+09   0.0735032   0.783449 -0.0445813  3.94775 0.053833  8.89321
1.74444e+09   0.0808536   0.841612 -0.0506533   3.89392 0.0394775   8.91475
1.74444e+09   0.0880441   0.899616 -0.0576841   3.84727 0.0179443   8.84656
1.74444e+09   0.0941161   0.961454 -0.0624778     3.72883 -0.00358887      8.7676
1.74444e+09    0.100508     1.0308 -0.0639159    3.55298 -0.0107666    8.81067
1.74444e+09     0.10642    1.09791 -0.0624778    3.42378 -0.0143555    8.88962
1.74444e+09   0.108497   1.15033 -0.059282   3.32688 0.0107666   8.95781
1.74444e+09   0.110734   1.17877 -0.056246   3.30176 0.0645996   9.10854
1.74444e+09    0.112492     1.1818 -0.0528904   3.27305 0.0610107   9.13726
1.74444e+09    0.110415    1.16886 -0.0490554   3.12231 0.0681885   9.11213
1.74444e+09    0.102425    1.15544 -0.0434628  2.89622 0.104077   9.0583
1.74444e+09   0.0925182     1.1564 -0.0351537  2.66653 0.139966  8.99729
1.74444e+09   0.0790959    1.17509 -0.0278034  2.45837 0.139966  8.98652
1.74444e+09   0.0640757    1.20673 -0.0214118  2.25022 0.183032  9.09778
1.74444e+09    0.056246    1.24636 -0.0150202  2.07795 0.269165  9.29517
1.74444e+09     0.055447     1.28295 -0.00846885  1.98823 0.333765  9.52844
1.74444e+09    0.0564058      1.3074 -0.00607201  1.97388 0.294287  9.61099
1.74444e+09    0.0544883      1.3205 -0.00782969  1.90928 0.272754   9.5751
1.74444e+09    0.0487358     1.32833 -0.00974717  1.78367 0.294287  9.46025
1.74444e+09    0.0401072     1.33872 -0.00990696   1.6437 0.297876  9.29875
1.74444e+09    0.0287621     1.35613 -0.00878843 1.53245 0.31582 9.24492
1.74444e+09     0.021252     1.37275 -0.00862864  1.42837 0.337354  9.27004
1.74444e+09    0.0225303      1.3793 -0.00814927  1.36018 0.369653  9.47461
1.74444e+09     0.034195      1.3686 -0.00990696  1.31711 0.373242  9.59304
1.74444e+09   0.0495348    1.34495 -0.0135821 1.17356 0.34812 9.66482
1.74444e+09   0.0605603    1.32002 -0.0188552  1.02283 0.322998  9.70071
1.74444e+09   0.0664725    1.29941 -0.0218912 0.846973  0.31582  9.65764
1.74444e+09    0.064555    1.28711 -0.0228499 0.717773 0.312231  9.58945
1.74444e+09   0.0573645    1.28327 -0.0260457 0.620874  0.31582  9.58586
1.74444e+09    0.050174    1.28087 -0.0325971 0.577808 0.319409   9.5751
1.74444e+09   0.0456998    1.27464 -0.0401072 0.534741 0.369653  9.67917
1.74444e+09    0.047138     1.2601 -0.0469782 0.434253 0.373242  9.77249
1.74444e+09   0.0498544    1.23597 -0.0538491 0.340942  0.38042  9.81196
1.74444e+09   0.0522512    1.20865 -0.0564058 0.211743 0.355298   9.7689
1.74444e+09   0.0482565    1.18516 -0.0535295 0.0753662  0.301465   9.68276
1.74444e+09   0.0385093     1.1671 -0.0444215 -0.0610107   0.297876    9.60381
1.74444e+09   0.0231695    1.15576 -0.0338754 -0.204565  0.322998   9.56792
1.74444e+09  0.00351537    1.15049 -0.0239684 -0.340942  0.362476   9.61458
1.74444e+09  -0.0127832    1.14697 -0.0183758 -0.419897  0.362476   9.75813
1.74444e+09  -0.0239684    1.13722 -0.0145409 -0.477319  0.333765    9.8012
1.74444e+09  -0.0349939     1.1214 -0.0110255 -0.592163  0.290698   9.77249
1.74444e+09   -0.047138    1.10319 -0.0076699 -0.710596  0.301465   9.72942
1.74444e+09  -0.0610397    1.08481 -0.0015979 -0.785962  0.265576   9.64688
1.74444e+09  -0.0763795    1.07091 0.00495348 -0.872095  0.261987   9.57869
1.74444e+09  -0.0878843    1.06404  0.0111853 -0.990527  0.294287   9.62175
1.74444e+09  -0.0929976    1.06068  0.0167779 -1.07307 0.333765  9.74736
1.74444e+09  -0.0883637    1.05349  0.0198139 -1.13049 0.366064   9.8981
1.74444e+09  -0.0752609    1.04103  0.0209324 -1.23816 0.366064  9.99858
1.74444e+09  -0.0600809    1.02233   0.021252 -1.31353 0.340942  9.98423
1.74444e+09  -0.0496946    1.00156    0.01518 -1.39248 0.301465  9.91604
1.74444e+09  -0.0449009   0.983825  0.0092678 -1.48938 0.283521  9.84426
1.74444e+09  -0.0405866   0.970403 0.00415453 -1.64011 0.290698   9.8335
1.74444e+09  -0.0329167    0.96513 0.00271642 -1.83032 0.322998  9.85144
1.74444e+09  -0.0218912   0.966887 0.00223706  -1.9667 0.369653  9.91245
1.74444e+09  -0.00814927    0.970722 -0.00207727   -1.999 0.427075  9.95552
1.74444e+09   0.00846885    0.966248 -0.00703075 -1.98823 0.419897   9.9627
1.74444e+09   0.0238087   0.947872 -0.0132625 -1.97747 0.387598  9.94834
1.74444e+09   0.0370712   0.914796 -0.0193345 -2.02053 0.337354   9.8981
1.74444e+09   0.0437824   0.874209 -0.0241282 -2.13179 0.322998  9.85503
1.74444e+09   0.0455401   0.834741 -0.0265251 -2.27175 0.351709  9.82273
1.74444e+09   0.0456998   0.800227 -0.0263653 -2.41531 0.366064  9.81555
1.74444e+09   0.0441019   0.770985 -0.0257261 -2.49426 0.394775  9.79761
1.74444e+09   0.0417051   0.743342 -0.0247674 -2.52656 0.401953  9.78684
1.74444e+09   0.0385093   0.714899 -0.0238087 -2.59475 0.373242  9.75454
1.74444e+09   0.0332363   0.682781 -0.0214118 -2.60911  0.34812  9.70789
1.74444e+09    0.027324   0.646189 -0.0188552  -2.645 0.31582 9.66482
1.74444e+09    0.021252   0.606082 -0.0174171 -2.69165 0.287109  9.61458
1.74444e+09   0.0150202   0.565975 -0.0143811 -2.74907 0.283521  9.58945
1.74444e+09  0.00862864   0.529383 -0.0139017 -2.81367 0.294287  9.51768
1.74444e+09    0.0015979    0.499822 -0.00990696 -2.88186  0.31582   9.4782
1.74444e+09  -0.00399474    0.476972  -0.0062318 -2.95364 0.305054  9.47102
1.74444e+09   -0.0102265    0.459715 -0.00575243 -3.06489 0.251221  9.45667
1.74444e+09   -0.0186954    0.450607 -0.00607201 -3.17974 0.229688  9.39924
1.74444e+09  -0.0276436   0.450447 -0.0062318 -3.24792 0.208154  9.36335
1.74444e+09   -0.0324373    0.454122 -0.00255663 -3.32329 0.193799  9.37412
1.74444e+09  -0.0325971   0.454921 0.00223706  -3.3843 0.208154  9.43872
1.74444e+09  -0.0262055    0.44789  0.0105461 -3.45608 0.251221  9.50691
1.74444e+09  -0.0143811   0.433509  0.0196541 -3.52427 0.287109   9.5751
1.74444e+09  -0.000958738      0.41769    0.0244478 -3.49197 0.279932  9.54639
1.74444e+09  0.00830906   0.404747   0.022051 -3.45249 0.269165  9.46384
1.74444e+09  0.0123038  0.396598 0.0186954  -3.4812 0.251221  9.37412
1.74444e+09  0.0124636  0.391485 0.0156594 -3.52068 0.218921  9.28799
1.74444e+09  0.0116646  0.386212 0.0148604 -3.55657 0.215332  9.21262
1.74444e+09  0.0092678  0.377263 0.0153398 -3.58169 0.240454  9.17673
1.74444e+09  0.00830906   0.363521  0.0150202 -3.58169 0.265576   9.1552
1.74444e+09  0.00655138   0.339233  0.0140615 -3.57451 0.290698  9.16956
1.74444e+09  0.00543285    0.30376  0.0119842 -3.57092 0.305054  9.19468
1.74444e+09  0.00239684   0.256462 0.00814927 -3.62476 0.319409  9.25928
1.74444e+09  -0.0015979   0.202933 0.00559264 -3.68218 0.312231  9.39924
1.74444e+09  -0.00990696    0.154197  0.00335558 -3.77549 0.322998  9.43513
1.74444e+09  -0.0196541    0.11409 0.00527306  -3.8042 0.355298  9.48538
1.74444e+09  -0.0279632  0.0818123 0.00735032 -3.80779 0.369653  9.41719
1.74444e+09  -0.0332363  0.0560862  0.0092678 -3.77908  0.38042  9.25569
1.74444e+09  -0.0348341   0.034195 0.00830906 -3.72166 0.373242  9.07266
1.74444e+09  -0.0325971  0.0118244 0.00383495 -3.71448 0.337354   8.9937
1.74444e+09  -0.0282828 -0.0111853 0.00015979 -3.76831 0.301465  8.96499
1.74444e+09  -0.0210922 -0.0351537 0.00111853 -3.82573 0.297876  9.01165
1.74444e+09  -0.0108657 -0.0594418 0.00383495 -3.85444 0.276343  9.10137
1.74444e+09  0.000479369  -0.0851679  0.00782969 -3.87239 0.261987  9.22339
1.74444e+09   0.012144 -0.113131 0.0132625 -3.83291 0.261987  9.26646
1.74444e+09   0.019015 -0.139496 0.0147006 -3.80061 0.251221  9.24851
1.74444e+09   0.019015 -0.161547 0.0135821 -3.76113 0.233276  9.16597
1.74444e+09  0.0177367 -0.178165 0.0111853 -3.72166 0.211743  9.06548
1.74444e+09     0.01518  -0.189191 0.00878843 -3.71448 0.186621  8.98293
1.74444e+09    0.012144  -0.198938 0.00735032 -3.72883 0.172266   8.9614
1.74444e+09  0.00910801  -0.210283  0.0076699 -3.7396 0.19021 8.99011
1.74444e+09  0.00830906  -0.221468  0.0111853 -3.75396 0.229688  9.07983
1.74444e+09  0.00878843  -0.237447  0.0150202 -3.74678 0.251221  9.15879
1.74444e+09  0.0107059 -0.257901 0.0177367 -3.71448 0.276343   9.2521
1.74444e+09  0.0127832 -0.282668 0.0170975  -3.6104 0.265576  9.30234
1.74444e+09  0.0147006 -0.311909 0.0123038 -3.52427 0.258398  9.34541
1.74444e+09   0.0167779  -0.343388 0.00974717 -3.47043 0.244043  9.35977
1.74444e+09   0.0209324  -0.376145 0.00751011 -3.40225 0.240454  9.38489
1.74444e+09   0.0257261   -0.40986 0.00559264 -3.33406 0.251221  9.43154
1.74444e+09   0.0292415  -0.445334 0.00399474 -3.29099 0.287109  9.51768
1.74444e+09   0.0302002  -0.481606 0.00239684 -3.24075 0.322998  9.61099
1.74444e+09    0.0297209   -0.520755 -0.00143811 -3.10796 0.337354  9.69712
1.74444e+09    0.0260457   -0.568372 -0.00527306 -2.93569 0.333765  9.78325
1.74444e+09    0.0217314   -0.629411 -0.00862864 -2.74548 0.312231   9.8658
1.74444e+09   0.0154996  -0.704832 -0.0108657 -2.56245 0.294287   9.9304
1.74444e+09  0.00974717  -0.787603 -0.0131028  -2.4512 0.272754  10.0094
1.74444e+09  0.00367516  -0.875488 -0.0123038 -2.37224 0.283521  10.0811
1.74444e+09  -0.00383495   -0.961454  -0.0123038 -2.33276 0.294287  10.1314
1.74444e+09  -0.0154996   -1.04071 -0.0108657  -2.3543 0.305054  10.1852
1.74444e+09  -0.0284426   -1.11054 -0.0076699 -2.37224 0.287109   10.257
1.74444e+09   -0.0391485    -1.17094 -0.00671117 -2.30405 0.258398  10.2821
1.74444e+09   -0.0482565    -1.22191 -0.00415453 -2.21792 0.244043  10.2929
1.74444e+09   -0.0533697    -1.26234 -0.00207727 -2.11025 0.226099  10.2821
1.74444e+09   -0.0543285    -1.29621 0.000479369 -1.98464 0.240454  10.3108
1.74444e+09  -0.0511327   -1.32562 0.00175769 -1.84109  0.25481  10.3503
1.74444e+09  -0.0474575   -1.35518 0.00239684 -1.71907 0.276343  10.3611
1.74444e+09   -0.0423443    -1.38298 0.000958738  -1.5791 0.279932  10.3323
1.74444e+09   -0.0353135    -1.40487 -0.00111853 -1.49656 0.258398  10.2713
1.74444e+09   -0.0268447    -1.42149 -0.00415453 -1.41401 0.233276   10.239
1.74444e+09   -0.0170975    -1.43395 -0.00798948 -1.31711 0.193799  10.1673
1.74444e+09  -0.00894822    -1.44274  -0.0124636 -1.23816  0.19021  10.1063
1.74444e+09  -0.00111853    -1.44929  -0.0153398 -1.16638 0.200977  10.0345
1.74444e+09  0.00703075   -1.45504 -0.0154996 -1.09102 0.236865   9.9627
1.74444e+09   0.0158192   -1.45952 -0.0178964 -0.947461  0.269165   9.86221
1.74444e+09    0.021252   -1.46879 -0.0204531 -0.775195  0.290698   9.79402
1.74444e+09    0.025087   -1.48317 -0.0254066 -0.649585  0.287109   9.77249
1.74444e+09   0.0274838   -1.49851 -0.0317981 -0.624463  0.297876   9.72583
1.74444e+09    0.031159    -1.5057 -0.0349939 -0.653174  0.297876   9.71865
1.74444e+09  0.0367516   -1.5057 -0.033396 -0.628052  0.290698   9.72224
1.74444e+09   0.0445813   -1.50186 -0.0292415 -0.541919  0.305054   9.70071
1.74444e+09   0.0482565   -1.49276 -0.0249272 -0.448608  0.308643   9.60381
1.74444e+09    0.047138   -1.47406 -0.0207727 -0.366064  0.305054   9.49614
1.74444e+09   0.0415453   -1.44354 -0.0186954 -0.272754  0.312231   9.37412
1.74444e+09   0.0322775   -1.39912 -0.0167779 -0.186621  0.297876   9.29875
1.74444e+09   0.0183758   -1.34846 -0.0135821 -0.0394775   0.308643    9.24492
1.74444e+09   0.00207727    -1.29621 -0.00814927 0.0897217   0.31582   9.18391
1.74444e+09  -0.0156594   -1.24061 -0.0015979 0.193799 0.326587  9.17314
1.74444e+09  -0.0321177   -1.18388 0.00830906 0.287109  0.34812  9.20186
1.74444e+09  -0.0490554   -1.12476   0.018216 0.419897 0.355298  9.19109
1.74444e+09  -0.0666323   -1.06628  0.0262055 0.624463 0.401953  9.25928
1.74444e+09  -0.077498  -1.01514 0.0332363 0.818262 0.427075  9.31311
1.74444e+09  -0.082771 -0.967846 0.0389887 0.990527 0.409131  9.29158
1.74444e+09  -0.0837298  -0.922466  0.0431432   1.1592 0.391187  9.25569
1.74444e+09  -0.0813329  -0.879323  0.0437824  1.30635 0.369653  9.22698
1.74444e+09  -0.0763795  -0.837138  0.0413855  1.41401 0.344531  9.20903
1.74444e+09  -0.0725445  -0.794314   0.039468   1.5145 0.322998  9.25928
1.74444e+09  -0.0666323  -0.753408  0.0362723   1.5791 0.312231    9.349
1.74444e+09  -0.0600809   -0.71394  0.0329167  1.62576 0.301465  9.40283
1.74444e+09  -0.0536893  -0.677988  0.0302002  1.72625 0.319409  9.46743
1.74444e+09  -0.0492152   -0.64571  0.0268447  1.86621 0.301465  9.43154
1.74444e+09  -0.0474575  -0.619984  0.0241282  1.99541 0.283521  9.40283
1.74444e+09  -0.0444215  -0.598572  0.0218912   2.0636 0.269165  9.32747
1.74444e+09  -0.0365918  -0.576042  0.0222108  2.13538 0.236865  9.33464
1.74444e+09  -0.027324 -0.554151  0.024288  2.21074 0.218921  9.30234
1.74444e+09  -0.0196541  -0.536574  0.0252468   2.2574 0.215332  9.32747
1.74444e+09  -0.0172573  -0.522672  0.0254066  2.30405 0.208154  9.34541
1.74444e+09  -0.0218912  -0.511647  0.0239684  2.32917 0.229688  9.36335
1.74444e+09  -0.0274838  -0.503657   0.024288  2.37224 0.244043  9.37412
1.74444e+09  -0.0354733  -0.498224  0.0244478  2.47991 0.218921  9.38489
1.74444e+09  -0.0453803   -0.50174  0.0257261  2.57681 0.204565  9.33823
1.74444e+09  -0.0536893  -0.513884   0.027324  2.65217 0.240454  9.27722
1.74444e+09  -0.0578439   -0.53194  0.0325971  2.66653 0.276343  9.24133
1.74444e+09  -0.0572047  -0.544883  0.0426638  2.63782 0.261987  9.22698
1.74444e+09  -0.0589624  -0.549357  0.0506533  2.65935 0.229688  9.21621
1.74444e+09  -0.0674312  -0.548079  0.0557666  2.73472 0.204565   9.3167
1.74444e+09  -0.0786165   -0.54728  0.0599211  2.84597 0.211743  9.33105
1.74444e+09  -0.0953944  -0.550955  0.0635963  2.94287 0.172266  9.28799
1.74444e+09  -0.119203 -0.557027 0.0651942    3.029 0.197388  9.30234
1.74444e+09  -0.140615 -0.565496 0.0659931  3.09719 0.236865   9.2844
1.74444e+09   -0.15196 -0.573325 0.0696683  3.10796 0.229688  9.29158
1.74444e+09  -0.153398 -0.573485 0.0727043  3.13667 0.179443  9.27363
1.74444e+09  -0.146527 -0.566135  0.074462  3.19768 0.118433  9.37771
1.74444e+09  -0.139976 -0.559583 0.0757403   3.24792 0.0179443   9.42437
1.74444e+09  -0.137259 -0.561022 0.0735032     3.36277 -0.00358887     9.43872
1.74444e+09  -0.138378 -0.571408 0.0679106   3.49197 0.0143555   9.40283
1.74444e+09  -0.145089 -0.587227 0.0640757    3.56375 0.00358887    9.31311
1.74444e+09  -0.149563 -0.603845 0.0599211     3.58887 -0.00717773     9.26646
1.74444e+09  -0.147166 -0.613752 0.0589624    3.57451 -0.0322998    9.20186
1.74444e+09  -0.138378 -0.614072 0.0576841    3.59604 -0.0610107    9.11213
1.74444e+09  -0.122878 -0.605283 0.0568851    3.59963 -0.0789551    9.11572
1.74444e+09  -0.109456  -0.59282 0.0551274   3.63193 -0.129199   9.09419
1.74444e+09  -0.100188 -0.583232 0.0500142   3.70371 -0.118433   9.10496
1.74444e+09  -0.0941161  -0.573645  0.0456998   3.77549 -0.100488   9.05112
1.74444e+09  -0.0867658  -0.567573  0.0420247   3.84727 -0.111255   8.91833
1.74444e+09  -0.0773382  -0.560542  0.0389887  3.91904 -0.12561  8.82144
1.74444e+09  -0.0626375  -0.550316  0.0354733   3.95134 -0.168677   8.72095
1.74444e+09  -0.0397876  -0.533538  0.0306796   3.97646 -0.175854   8.65276
1.74444e+09  -0.0154996  -0.509569  0.0239684   3.99441 -0.215332   8.56304
1.74444e+09  0.000639159    -0.47857   0.0119842   4.02312 -0.211743    8.6061
1.74444e+09    0.0123038   -0.444215 -0.00127832   4.00159 -0.175854   8.68865
1.74444e+09   0.0204531  -0.406665 -0.0116646   3.99441 -0.161499   8.64917
1.74444e+09   0.0236489  -0.367516 -0.0198139   3.98364 -0.186621   8.56663
1.74444e+09   0.0201335  -0.329486 -0.0247674   3.98005 -0.204565   8.49126
1.74444e+09   0.0147006  -0.293693 -0.0258859   3.95493 -0.175854   8.42666
1.74444e+09   0.0108657  -0.260937 -0.0238087   3.93699 -0.165088   8.38359
1.74444e+09  0.00782969  -0.231056 -0.0191748   3.91545 -0.132788   8.36565
1.74444e+09   0.0076699  -0.201175 -0.0124636   3.91187 -0.129199   8.32617
1.74444e+09   0.00479369   -0.168259 -0.00543285    3.9011 -0.129199   8.32258
1.74444e+09  0.00143811  -0.130069 0.00015979   3.92263 -0.104077   8.39077
1.74444e+09  0.00111853  -0.089642 0.00335558    3.98723 -0.0933105    8.43743
1.74444e+09           0 -0.0492152 0.00575243   4.01953 -0.114844   8.39436
1.74444e+09  -0.00447411 -0.00751011   0.0062318  4.05183 -0.12561  8.33335
1.74444e+09  -0.0092678  0.0319579 0.00607201   4.06978 -0.118433   8.27593
1.74444e+09  -0.0115049  0.0715858 0.00735032   4.08054 -0.122021   8.27593
1.74444e+09  -0.0110255   0.111693 0.00782969   4.06619 -0.132788   8.36565
1.74444e+09  -0.0046339   0.151161  0.0062318  4.07336 -0.12561  8.49485
1.74444e+09   0.0062318    0.18967 0.00239684   4.08772 -0.154321   8.60969
1.74444e+09    0.0210922    0.226102 -0.00127832   4.10566 -0.204565   8.67429
1.74444e+09    0.0396278    0.261735 -0.00719053  4.11643 -0.22251  8.65635
1.74444e+09   0.0525708   0.297688 -0.0145409   4.09849 -0.229688    8.5738
1.74444e+09   0.0608799   0.335878 -0.0223706   4.05183 -0.226099   8.52715
1.74444e+09   0.0651942   0.376305 -0.0287621   3.96211 -0.211743   8.55586
1.74444e+09   0.0679106   0.421525 -0.0337156   3.88674 -0.183032   8.61687
1.74444e+09  0.0717456  0.468823 -0.036432   3.82214 -0.150732   8.70659
1.74444e+09   0.0762197   0.518837 -0.0397876   3.78267 -0.122021   8.78914
1.74444e+09   0.0814927   0.570769 -0.0418649   3.73242 -0.100488   8.80708
1.74444e+09   0.0882039   0.621742 -0.0429834    3.74678 -0.0825439     8.7676
1.74444e+09   0.0945955    0.66872 -0.0466586    3.71807 -0.0753662    8.66711
1.74444e+09   0.0961934   0.714899 -0.0484163    3.6427 -0.100488   8.52356
1.74444e+09   0.0909203   0.760439 -0.0488956    3.56375 -0.0968994    8.45178
1.74444e+09   0.0864462   0.807417 -0.0482565    3.45249 -0.0394775    8.51997
1.74444e+09   0.0800546   0.852478 -0.0447411    3.33406 -0.0430664    8.59534
1.74444e+09   0.0735032    0.88891 -0.0378702    3.25869 -0.0358887    8.78196
1.74444e+09   0.0674312   0.913837 -0.0327569    3.19768 -0.0394775    8.87886
1.74444e+09   0.0632767   0.930775 -0.0270045    3.10796 -0.0251221    8.93987
1.74444e+09   0.0629571   0.948192 -0.0214118    3.01106 -0.0358887    8.95422
1.74444e+09    0.065354   0.975995 -0.0175769    2.90698 -0.0717773    8.90039
1.74444e+09   0.0663127    1.01754 -0.0156594    2.81008 -0.0933105    8.97217
1.74444e+09   0.0709466    1.06724 -0.0174171    2.70601 -0.0394775    9.10496
1.74444e+09    0.076699    1.11613 -0.0218912    2.58398 -0.0287109     9.1552
1.74444e+09   0.0859668     1.1548 -0.0218912   2.53374 0.0143555   9.33105
1.74444e+09   0.0966727    1.17445 -0.0215716     2.50503 -0.00717773     9.45308
1.74444e+09    0.107059    1.17797 -0.0198139    2.39019 -0.0143555    9.49973
1.74444e+09    0.115848    1.17557 -0.0177367    2.27534 -0.0107666    9.50691
1.74444e+09    0.122878    1.17925 -0.0139017    2.12102 -0.0322998    9.40642
1.74444e+09     0.124956     1.19171 -0.00846885 1.98464      -0 9.38489
1.74444e+09     0.124316     1.20481 -0.00319579    1.9344 0.0610107   9.44231
1.74444e+09     0.123517     1.20673 -0.00239684 1.93799 0.12561 9.52844
1.74444e+09     0.118724     1.19762 -0.00607201 1.85903 0.15791 9.60381
1.74444e+09     0.112172     1.18132 -0.00958738  1.72266 0.183032   9.6397
1.74444e+09    0.104662    1.16247 -0.0105461  1.58628 0.208154  9.61099
1.74444e+09    0.0977913     1.14953 -0.00910801  1.45708 0.236865  9.56792
1.74444e+09    0.0918791     1.14601 -0.00655138  1.34224 0.269165  9.53562
1.74444e+09    0.0874049     1.15608 -0.00399474  1.23457 0.312231  9.57151
1.74444e+09    0.0872452     1.17573 -0.00351537  1.13049 0.344531  9.64329
1.74444e+09     0.093477     1.19635 -0.00383495 0.990527 0.373242  9.74019
1.74444e+09     0.101307     1.21232 -0.00591222 0.904395 0.369653  9.81914
1.74444e+09     0.10626    1.22031 -0.0107059 0.872095 0.326587  9.79402
1.74444e+09    0.104343    1.22239 -0.0167779 0.796729 0.294287  9.67917
1.74444e+09   0.0977913    1.22303 -0.0194943 0.671118 0.287109  9.58228
1.74444e+09   0.086606   1.22495 -0.019015 0.574219 0.261987  9.56074
1.74444e+09   0.0768588    1.22463 -0.0170975 0.488086 0.287109  9.58586
1.74444e+09   0.0707868    1.21712 -0.0174171 0.405542  0.31582  9.62893
1.74444e+09   0.0658333    1.20146 -0.0180562 0.294287  0.34812  9.67559
1.74444e+09   0.0639159    1.18628 -0.0188552 0.0789551  0.376831   9.71506
1.74444e+09  0.0651942   1.17653 -0.015979 -0.129199  0.366064   9.74019
1.74444e+09   0.0703075    1.17493 -0.0110255 -0.272754   0.31582    9.7689
1.74444e+09    0.0741424      1.1818 -0.00719053 -0.391187  0.305054   9.71506
1.74444e+09    0.0728641     1.19331 -0.00798948 -0.434253  0.330176   9.70071
1.74444e+09   0.0632767    1.20386 -0.0150202 -0.448608  0.337354   9.67917
1.74444e+09   0.0464988    1.20402 -0.0276436 -0.502441  0.358887   9.70789
1.74444e+09   0.0298807    1.19203 -0.0410659 -0.631641  0.394775   9.77249
1.74444e+09   0.0142213    1.17046 -0.0519316 -0.764429  0.369653   9.75454
1.74444e+09  -0.00255663     1.14441  -0.0580036 -0.857739  0.405542   9.69353
1.74444e+09  -0.0178964    1.11757  -0.059282 -0.915161  0.398364   9.61458
1.74444e+09  -0.0278034    1.09248 -0.0557666 -1.00129 0.384009   9.6397
1.74444e+09  -0.0298807    1.06548 -0.0508131  -1.0946 0.376831  9.72583
1.74444e+09  -0.0282828    1.03288 -0.0479369 -1.18433 0.409131  9.89092
1.74444e+09  -0.0210922   0.997088 -0.0469782 -1.33506 0.430664  10.0452
1.74444e+09  -0.0111853   0.959697 -0.0472977 -1.53245 0.409131  10.0991
1.74444e+09  -0.00239684    0.922945  -0.0455401 -1.69753 0.409131  10.0668
1.74444e+09  0.00415453   0.886673 -0.0417051 -1.80879 0.401953  10.0452
1.74444e+09   0.0124636   0.852797 -0.0356331 -1.89133 0.362476  10.0022
1.74444e+09   0.0215716    0.82052 -0.0268447  -1.9344 0.333765  9.97346
1.74444e+09   0.0330765   0.792397 -0.0191748 -1.98464 0.337354  9.99141
1.74444e+09   0.0450607   0.769707 -0.0147006 -2.04565 0.362476  10.0309
1.74444e+09   0.0546481   0.751011 -0.0139017 -2.13538 0.373242  10.0309
1.74444e+09  0.0627973  0.732795 -0.015979 -2.19639 0.384009  9.98064
1.74444e+09   0.0656736   0.714899 -0.0180562 -2.23586 0.394775  9.87656
1.74444e+09   0.0635963   0.696204 -0.0210922 -2.26816 0.373242  9.74377
1.74444e+09   0.0560862   0.677668 -0.0249272 -2.30405  0.34812  9.66482
1.74444e+09   0.0453803   0.655457 -0.0276436 -2.35071 0.373242  9.65046
1.74444e+09   0.0348341   0.628772 -0.0295611 -2.40095 0.401953  9.66841
1.74444e+09   0.0265251   0.597613 -0.0309992 -2.49067 0.434253  9.68276
1.74444e+09  0.0206129   0.56246 -0.027324 -2.59116 0.452197  9.65046
1.74444e+09   0.0139017   0.524589 -0.0223706 -2.66653 0.437842  9.58586
1.74444e+09  0.00687096   0.484003 -0.0145409 -2.75266 0.409131  9.50332
1.74444e+09            0    0.443736 -0.00255663 -2.76702 0.376831  9.42437
1.74444e+09  -0.00798948    0.405386  0.00751011 -2.77778 0.344531  9.37771
1.74444e+09  -0.0170975   0.373109  0.0140615 -2.79573 0.337354  9.32747
1.74444e+09  -0.0274838   0.348661  0.0164583 -2.83162 0.398364  9.34182
1.74444e+09  -0.0340352   0.330285  0.0167779  -2.8998 0.434253  9.40283
1.74444e+09  -0.0362723   0.314146  0.0153398 -2.95723 0.434253  9.45667
1.74444e+09  -0.034195  0.297049 0.0150202 -3.03618 0.419897  9.47461
1.74444e+09  -0.0306796   0.278354  0.0188552  -3.1259 0.394775  9.49255
1.74444e+09  -0.0252468   0.257261  0.0244478 -3.15103  0.34812  9.48538
1.74444e+09  -0.0204531   0.239365  0.0292415 -3.17974 0.305054  9.46025
1.74444e+09  -0.0177367   0.228819  0.0329167  -3.1905 0.322998  9.38848
1.74444e+09  -0.0185356   0.228819  0.0340352 -3.14026 0.366064  9.33464
1.74444e+09  -0.022051  0.236489 0.0306796  -3.0936 0.391187  9.28081
1.74444e+09  -0.0287621   0.250071   0.024288 -3.10437 0.398364  9.24133
1.74444e+09  -0.0375506   0.263973  0.0162985 -3.17256 0.398364  9.24133
1.74444e+09  -0.0460194   0.274838 0.00974717 -3.22998 0.387598  9.24133
1.74444e+09  -0.0527306   0.278673 0.00591222 -3.23716 0.373242  9.26646
1.74444e+09  -0.0552872   0.271483 0.00431432 -3.24434 0.366064   9.2844
1.74444e+09  -0.0525708   0.251349 0.00687096 -3.25151 0.376831  9.30234
1.74444e+09  -0.0477771    0.22051  0.0108657 -3.23716 0.423486  9.33105
1.74444e+09  -0.0405866   0.187114  0.0132625 -3.27664 0.441431  9.32747
1.74444e+09  -0.0322775   0.158352  0.0158192 -3.33765 0.434253  9.33464
1.74444e+09  -0.0223706   0.138218  0.0175769 -3.34482  0.41272  9.30593
1.74444e+09  -0.0139017   0.126553  0.0172573 -3.35559 0.391187  9.28081
1.74444e+09  -0.0076699   0.118244  0.0142213 -3.36995 0.355298  9.24492
1.74444e+09  -0.00335558    0.111373   0.0108657 -3.42378 0.337354  9.23057
1.74444e+09  -0.000319579     0.102745    0.0116646 -3.48479 0.337354  9.26287
1.74444e+09  0.00175769  0.0899616  0.0147006  -3.5135 0.326587  9.26646
1.74444e+09  0.00223706  0.0712662  0.0191748 -3.50632 0.322998  9.27363
1.74444e+09   0.003036 0.0516121 0.0233293 -3.48479 0.319409  9.27004
1.74444e+09  0.00191748  0.0329167  0.0263653 -3.49915 0.305054   9.2521
1.74444e+09  -0.0015979  0.0172573  0.0276436 -3.53503 0.305054  9.22339
1.74444e+09  -0.00543285  0.00910801    0.027324 -3.56733 0.290698  9.21621
1.74444e+09  -0.00990696  0.00782969   0.0265251  -3.5781 0.269165  9.21262
1.74444e+09  -0.0135821  0.0127832  0.0262055 -3.58528 0.283521  9.22698
1.74444e+09  -0.0150202  0.0202933  0.0258859 -3.58169 0.301465  9.26646
1.74444e+09  -0.0137419  0.0260457  0.0254066 -3.56016 0.308643  9.30234
1.74444e+09  -0.0118244   0.027324  0.0262055 -3.52427 0.308643  9.31311
1.74444e+09  -0.0092678  0.0218912  0.0263653 -3.47761 0.308643  9.30593
1.74444e+09  -0.00751011  0.00735032   0.0278034 -3.42378 0.305054  9.30593
1.74444e+09  -0.00527306  -0.0156594   0.0289219 -3.36636 0.294287  9.31311
1.74444e+09  -0.00431432  -0.0476173   0.0309992 -3.29099 0.272754  9.32747
1.74444e+09  -0.00287621  -0.0869256     0.03036 -3.21921 0.258398  9.33464
1.74444e+09  -0.00191748   -0.126553   0.0295611 -3.17615 0.251221  9.34541
1.74444e+09  -0.000479369    -0.162666    0.0278034 -3.14744 0.251221  9.35618
1.74444e+09  0.000958738   -0.192387   0.0252468 -3.14026 0.247632  9.37412
1.74444e+09  0.00319579  -0.215237   0.021252 -3.17256 0.247632  9.42078
1.74444e+09  0.00479369  -0.233612  0.0186954 -3.22998 0.236865  9.45667
1.74444e+09  0.00814927  -0.249112  0.0170975 -3.31252 0.247632   9.5105
1.74444e+09  0.0134223 -0.263813 0.0177367 -3.38789 0.236865  9.56074
1.74444e+09  0.0215716 -0.277714 0.0198139 -3.38789 0.236865  9.56074
1.74444e+09  0.0286024 -0.291616 0.0215716 -3.31611 0.251221  9.53921
1.74444e+09  0.0332363 -0.307435 0.0194943 -3.19409 0.261987  9.52485
1.74444e+09  0.0353135 -0.327249 0.0150202 -3.06489 0.272754   9.5105
1.74444e+09   0.0340352  -0.353615 0.00830906  -2.9644 0.276343  9.48179
1.74444e+09   0.0305198   -0.38765 0.00207727 -2.92493 0.287109  9.50332
1.74444e+09    0.0271642   -0.427597 -0.00175769 -2.94287 0.290698  9.53203
1.74444e+09    0.0246076   -0.468983 -0.00495348 -2.95723 0.312231  9.59663
1.74444e+09    0.0258859   -0.506533 -0.00527306 -2.97517 0.330176  9.67559
1.74444e+09    0.0305198   -0.537532 -0.00415453 -2.92493 0.337354  9.72583
1.74444e+09    0.0362723   -0.560382 -0.00255663 -2.87109 0.344531  9.74377
1.74444e+09    0.0423443   -0.574444 0.000479369 -2.82444 0.337354  9.74019
1.74444e+09   0.0479369  -0.583712 0.00271642 -2.75625 0.330176  9.72583
1.74444e+09   0.0480967  -0.591062 0.00335558 -2.69165 0.326587  9.67917
1.74444e+09  0.0444215 -0.595536 0.0015979 -2.64858 0.312231  9.68635
1.74444e+09    0.037231  -0.604165 0.00015979 -2.58398 0.312231  9.71865
1.74444e+09     0.0294013    -0.620463 -0.000958738 -2.52656  0.31582  9.77249
1.74444e+09    0.0218912   -0.647468 -0.00175769 -2.43684  0.31582   9.8012
1.74444e+09    0.0161388   -0.684379 -0.00239684 -2.31123 0.297876  9.86221
1.74444e+09    0.0118244   -0.730558 -0.00223706 -2.17844 0.279932  9.86221
1.74444e+09    0.00782969    -0.782969 -0.000319579 -2.07795 0.294287  9.86221
1.74444e+09   0.00223706   -0.837138 0.000639159 -2.03848 0.312231  9.84067
1.74444e+09  -0.00431432   -0.889549          -0 -2.02053 0.330176  9.85144
1.74444e+09  -0.00958738    -0.93445  0.00015979 -1.98823 0.358887   9.8658
1.74444e+09   -0.0137419   -0.971042 0.000319579 -1.94875 0.358887  9.89451
1.74444e+09  -0.0153398  -0.999804 0.00255663 -1.92363 0.366064  9.90527
1.74444e+09   -0.015979   -1.02265 0.00543285 -1.84827 0.362476  9.93757
1.74444e+09  -0.0158192   -1.04359 0.00751011  -1.7083 0.358887  9.94475
1.74444e+09  -0.0161388   -1.06468  0.0103863 -1.56116 0.326587  9.89451
1.74444e+09  -0.0175769   -1.08577  0.0126234 -1.42119 0.301465  9.85503
1.74444e+09  -0.0204531   -1.10447  0.0113451  -1.3207 0.337354   9.8335
1.74444e+09  -0.0218912   -1.12204 0.00974717 -1.22739 0.384009  9.84426
1.74444e+09  -0.0231695    -1.1401 0.00751011 -1.08025 0.427075  9.88733
1.74444e+09  -0.0234891   -1.16135 0.00111853 -0.922339  0.477319    9.9304
1.74444e+09   -0.0206129    -1.18436 -0.00415453 -0.839795  0.491675   9.97705
1.74444e+09   -0.0108657    -1.20497 -0.00687096 -0.789551  0.484497   10.0094
1.74444e+09   0.00447411    -1.22239 -0.00719053 -0.742896  0.462964   10.0058
1.74444e+09    0.0210922    -1.23533 -0.00543285 -0.653174   0.44502   10.0129
1.74444e+09    0.034195   -1.24572 -0.0046339 -0.527563  0.427075   9.98782
1.74444e+09    0.0401072    -1.25259 -0.00543285 -0.434253  0.419897   9.98064
1.74444e+09    0.0445813     -1.2577 -0.00607201 -0.312231  0.452197   10.0668
1.74444e+09    0.0429834    -1.26346 -0.00671117 -0.15791  0.44502  10.0345
1.74444e+09    0.0417051     -1.2748 -0.00782969 -0.0107666   0.441431    10.0058
1.74444e+09     0.037231    -1.28599 -0.00703075 0.143555 0.427075   9.9304
1.74444e+09    0.0297209    -1.29605 -0.00735032 0.290698 0.430664  9.90886
1.74444e+09    0.0202933    -1.30372 -0.00495348 0.441431 0.419897  9.88733
1.74444e+09   0.00846885    -1.30884 -0.00383495 0.584985 0.391187  9.89451
1.74444e+09  -0.00383495    -1.31123 -0.00127832 0.685474 0.394775  9.93757
1.74444e+09  -0.0153398   -1.31155 0.00367516 0.764429 0.391187  9.96628
1.74444e+09  -0.0249272   -1.30964  0.0111853 0.836206 0.391187  9.95552
1.74444e+09  -0.0325971   -1.30596  0.0193345 0.925928 0.398364  9.90886
1.74444e+09  -0.0375506   -1.30101  0.0276436  1.08025 0.384009  9.85144
1.74444e+09  -0.0417051   -1.29797  0.0348341 1.22739 0.38042  9.7689
1.74444e+09  -0.0487358   -1.29494  0.0415453  1.36377 0.376831  9.69353
1.74444e+09  -0.055447  -1.28854 0.0466586   1.4822 0.366064  9.65764
1.74444e+09  -0.0611994   -1.27912  0.0511327  1.61499 0.362476  9.65405
1.74444e+09  -0.0672714   -1.26569   0.052411  1.69036 0.373242  9.60022
1.74444e+09  -0.0707868   -1.24924  0.0525708  1.75137 0.366064  9.54998
1.74444e+09  -0.0751011   -1.23134  0.0511327  1.88416 0.340942  9.41719
1.74444e+09  -0.0789361   -1.21184  0.0480967  1.99541 0.330176  9.33823
1.74444e+09  -0.0806938   -1.19011  0.0444215  2.04565 0.326587  9.25928
1.74444e+09  -0.079735  -1.16726 0.0426638  2.12102 0.305054  9.19109
1.74444e+09  -0.0795753   -1.14361  0.0420247  2.17485 0.287109  9.16597
1.74444e+09  -0.0794155   -1.11805  0.0421845  2.24663 0.283521  9.17673
1.74444e+09  -0.0802144    -1.0904  0.0444215  2.32917 0.265576  9.15161
1.74444e+09  -0.082771   -1.0602 0.0455401  2.44761 0.272754  9.11931
1.74444e+09  -0.0846885   -1.02761  0.0456998  2.57681 0.287109  9.10854
1.74444e+09  -0.0829308  -0.996608  0.0445813  2.68447 0.287109  9.07266
1.74444e+09  -0.0816525  -0.968485  0.0421845  2.81726 0.269165  8.97935
1.74444e+09  -0.0782969  -0.942919  0.0377104  2.91775 0.287109  8.92192
1.74444e+09  -0.0733435  -0.916873  0.0324373  2.98953 0.290698   8.8322
1.74444e+09  -0.0685498  -0.886833  0.0289219  3.03259 0.265576  8.80708
1.74444e+09  -0.0637561  -0.854236  0.0257261 3.08284 0.22251 8.82144
1.74444e+09  -0.0621582  -0.819721  0.0223706  3.12231 0.200977  8.83938
1.74444e+09  -0.059282 -0.783449 0.0207727  3.17615 0.204565  8.86809
1.74444e+09  -0.0565655  -0.745579  0.0196541  3.27305 0.186621   8.7676
1.74444e+09  -0.0565655  -0.708827  0.0174171 3.40942 0.19021  8.6707
1.74444e+09  -0.0552872  -0.673833   0.012943  3.50991 0.197388  8.55227
1.74444e+09  -0.0564058  -0.641236  0.0076699  3.60681 0.226099  8.51997
1.74444e+09   -0.050174  -0.609757 0.00127832    3.675 0.244043  8.58457
1.74444e+09    -0.043303   -0.581315 -0.00479369   3.7396 0.226099  8.68147
1.74444e+09  -0.0386691  -0.554151 -0.0123038  3.81855 0.258398  8.76401
1.74444e+09  -0.0284426  -0.530981 -0.0164583  3.91187 0.261987  8.80349
1.74444e+09  -0.0214118  -0.510528 -0.0196541  3.99441 0.211743  8.68865
1.74444e+09   -0.019015  -0.492312 -0.0234891  4.03389 0.175854  8.58816
1.74444e+09  -0.0177367  -0.476013  -0.027324  4.08054 0.168677  8.44102
1.74444e+09   -0.018216  -0.460034 -0.0287621  4.09849 0.154321  8.36924
1.74444e+09  -0.0239684  -0.439741   -0.03036   4.0626 0.186621  8.34771
1.74444e+09    -0.03036  -0.411618 -0.0270045   4.0303 0.215332  8.44819
1.74444e+09  -0.0324373  -0.375825  -0.021252  4.00876 0.179443  8.51997
1.74444e+09  -0.0322775  -0.335239  -0.012943 4.04106 0.12561 8.53792
1.74444e+09   -0.0348341   -0.294652 -0.00591222   4.0949 0.122021  8.49485
1.74444e+09  -0.0365918   -0.25806         -0  4.14514 0.143555  8.40872
1.74444e+09  -0.0367516  -0.222267 0.00511327  4.18821 0.147144  8.31182
1.74444e+09  -0.0361125  -0.186315 0.00687096   4.2241 0.139966  8.23286
1.74444e+09    -0.03036  -0.148764 0.00687096  4.24563 0.147144  8.21492
1.74444e+09  -0.0210922  -0.110095  0.0046339   4.2241 0.132788  8.25439
1.74444e+09  -0.0102265  -0.070627 0.00111853  4.22051 0.118433  8.35129
1.74444e+09  0.000798948  -0.0316384 -0.00399474   4.1918 0.107666  8.40872
1.74444e+09   0.00974717  0.00814927 -0.00751011  4.17385 0.104077  8.44102
1.74444e+09   0.0185356  0.0450607 -0.0115049   4.1918 0.100488  8.45178
1.74444e+09   0.0316384  0.0757403 -0.0134223   4.23127 0.0968994   8.44819
1.74444e+09   0.0445813   0.100987 -0.0147006  4.25281 0.111255  8.40513
1.74444e+09   0.0567253    0.12176 -0.0161388  4.27434 0.150732  8.40154
1.74444e+09  0.0698281  0.140615 -0.018216  4.28511 0.186621  8.43025
1.74444e+09     0.08357   0.162027 -0.0210922  4.28152 0.186621  8.48049
1.74444e+09   0.0968325   0.185835 -0.0263653  4.24563 0.197388  8.57021
1.74444e+09    0.113131   0.216835 -0.0329167  4.16667 0.218921  8.66711
1.74444e+09    0.134543   0.253586 -0.0385093  4.12361 0.240454  8.74248
1.74444e+09    0.161068   0.293693 -0.0445813  4.07695 0.236865  8.77119
1.74444e+09    0.190629   0.332842 -0.0495348  4.02671 0.258398  8.77478
1.74444e+09    0.223066   0.370552 -0.0541687  3.98723 0.265576  8.76042
1.74444e+09    0.255983   0.409541 -0.0599211  3.95134 0.279932  8.80708
1.74444e+09    0.288101   0.454442 -0.0667921  3.93699 0.297876  8.85015
1.74444e+09    0.316384    0.50158 -0.0754207   3.9334 0.276343  8.87527
1.74444e+09   0.342589  0.550955 -0.086606  3.90469 0.276343  8.97576
1.74444e+09    0.366398   0.603366 -0.0950749  3.87239 0.283521    9.026
1.74444e+09   0.384774  0.650983 -0.102265  3.82932 0.308643  9.04753
1.74444e+09   0.400912  0.690931 -0.103544   3.7719 0.340942  9.10137
1.74444e+09    0.418489   0.720012 -0.0998685 3.71807 0.34812 9.18032
1.74444e+09    0.437983   0.740625 -0.0947553  3.75396 0.394775  9.22698
1.74444e+09    0.460674    0.75996 -0.0928378  3.78267 0.466553  9.30952
1.74444e+09    0.490235   0.783768 -0.0923584  3.78267 0.498853   9.4136
1.74444e+09   0.522832  0.810134 -0.095714  3.78625 0.527563  9.42437
1.74444e+09    0.558784   0.833303 -0.0981109  3.75754 0.545508   9.4136
1.74444e+09   0.593139    0.8512 -0.099549  3.72166 0.509619  9.35977
1.74444e+09   0.618066  0.861586 -0.100987  3.65706 0.531152  9.30234
1.74444e+09  0.637081 0.869895 -0.09875  3.54939 0.599341  9.29517
1.74444e+09    0.656576   0.877884 -0.0953944  3.48479 0.656763   9.3167
1.74444e+09    0.681823   0.887632 -0.0925182  3.38071 0.724951  9.45308
1.74444e+09    0.716976   0.901374 -0.0886833  3.26228 0.771606  9.63252
1.74444e+09    0.755486   0.917832 -0.0882039  3.18333 0.814673  9.66841
1.74444e+09    0.787763   0.928058 -0.0923584  3.14385 0.846973  9.55715
1.74444e+09     0.80518   0.924703 -0.0966727  3.05413 0.850562  9.32747
1.74444e+09    0.798309   0.904569 -0.0939563  2.89622 0.907983  9.16956
1.74444e+09    0.771305   0.871013 -0.0848483 2.71318 1.03359 9.10137
1.74444e+09    0.730239   0.831705 -0.0719053 2.53733  1.1915 9.05471
1.74444e+09  0.687415 0.792717 -0.05321 2.37583  1.3207 9.03318
1.74444e+09     0.65354   0.758681 -0.0314786 2.23228 1.39248 9.14802
1.74444e+09    0.632927   0.732476 -0.0092678  2.0959 1.38171 9.23416
1.74444e+09  0.625257 0.710585 0.012943 2.00259 1.36736 9.27363
1.74444e+09   0.620783  0.684379 0.0322775 1.92722 1.40684 9.21262
1.74444e+09   0.608799  0.654019 0.0512925 1.81238 1.47861  9.1875
1.74444e+09   0.594577  0.624138 0.0680704 1.70112 1.56116 9.23057
1.74444e+09   0.584191  0.595057 0.0824515 1.65447 1.65806 9.31311
1.74444e+09   0.580995  0.565975 0.0953944 1.53245 1.70112 9.32747
1.74444e+09  0.578758 0.539929 0.108018 1.43914 1.78008 9.35618
1.74444e+09   0.57748 0.518358 0.117126 1.43914 1.87698 9.28799
1.74444e+09  0.573645 0.500461 0.123837 1.44272 1.95234 9.19468
1.74444e+09  0.558944  0.48624 0.126873 1.48938 2.01694 9.08342
1.74444e+09  0.533058 0.477771 0.124157 1.48579 2.14255 9.10137
1.74444e+09  0.506693 0.476812 0.119682 1.45349 2.32559 9.29158
1.74444e+09  0.492951 0.485281 0.114569 1.42119 2.48708 9.48538
1.74444e+09  0.497585 0.498544 0.114569 1.39966 2.56604 9.58586
1.74444e+09  0.515641 0.509889 0.118724  1.4499 2.61628 9.60022
1.74444e+09  0.536094 0.519316 0.122079  1.4822 2.63423 9.55356
1.74444e+09  0.545362 0.526507 0.125914 1.59346 2.62705 9.36694
1.74444e+09  0.538971 0.529703 0.125595 1.69753 2.73113  9.2844
1.74444e+09  0.522512 0.528424 0.118244 1.71189 2.84597 9.35977
1.74444e+09  0.504616 0.518038 0.105621 1.65806 2.92493 9.53562
1.74444e+09   0.494869  0.497106 0.0923584  1.6437 2.97876 9.56433
1.74444e+09   0.491193  0.464828 0.0811732 1.70112 3.03618  9.5105
1.74444e+09   0.495188  0.426638 0.0743022  1.6437 3.07925 9.53203
1.74444e+09   0.505894  0.391964 0.0690291 1.51809 3.07925 9.60022
1.74444e+09   0.506054  0.367676 0.0600809 1.54321 3.07925  9.4459
1.74444e+09   0.490874  0.350419 0.0449009 1.60063 3.11873 9.29517
1.74444e+09   0.460194  0.336996 0.0284426 1.55039 3.22998 9.20544
1.74444e+09   0.434308  0.323414 0.0170975 1.34583 3.32329  9.2521
1.74444e+09  0.415293 0.308394 0.015979 1.16279 3.43455  9.2844
1.74444e+09   0.404907  0.291297 0.0226901 1.07666 3.45608 9.28081
1.74444e+09   0.396278  0.278354 0.0295611 1.17715 3.44172 9.23774
1.74444e+09   0.388289  0.274678 0.0286024 1.36377 3.37354 9.13726
1.74444e+09   0.384774   0.28075 0.0188552  1.4822 3.35918 9.13367
1.74444e+09    0.381738   0.290977 0.00671117 1.36377  3.3843 9.03677
1.74444e+09   0.377903  0.298327 0.0015979 1.08743 3.47402 9.08701
1.74444e+09     0.37215   0.298647 0.00495348 0.771606  3.54939  9.04753
1.74444e+09   0.357609  0.292096 0.0132625 0.592163  3.58528  8.95781
1.74444e+09  0.339233 0.283307 0.019015 0.656763  3.59963  8.91116
1.74444e+09   0.330765  0.276756 0.0150202 0.904395  3.61399  8.97576
1.74444e+09    0.337636   0.276596 0.00111853 1.11614  3.6104 9.05471
1.74444e+09    0.354573   0.278034 -0.0194943 1.20945  3.6104 9.00447
1.74444e+09    0.366557   0.276756 -0.0365918 1.14485 3.68218 8.81426
1.74444e+09    0.368475    0.27372 -0.0484163 0.940283  3.81497  8.73171
1.74444e+09    0.355532   0.271003 -0.0549676 0.757251  3.89751  8.57021
1.74444e+09    0.331883   0.267807 -0.0588026 0.613696  3.98364  8.62764
1.74444e+09    0.313188   0.271163 -0.0643952 0.556274  4.01953  8.87168
1.74444e+09    0.305997   0.276915 -0.0746218 0.635229  3.97646  8.95781
1.74444e+09    0.310631    0.28123 -0.0864462 0.72854 3.93699 8.93269
1.74444e+09    0.319739   0.281549 -0.0939563 0.707007  3.89751   8.7676
1.74444e+09    0.327888   0.280111 -0.0910801 0.574219  3.91904  8.61328
1.74444e+09    0.327729   0.275637 -0.0773382 0.44502 3.99082 8.47332
1.74444e+09     0.31111   0.266369 -0.0610397 0.462964  3.98364  8.21133
1.74444e+09    0.272282   0.256942 -0.0540089 0.549097  3.99082   8.0929
1.74444e+09    0.227221   0.252947 -0.0540089 0.552686  4.08413  8.24004
1.74444e+09    0.194304   0.257901 -0.0596015 0.516797  4.17026  8.48049
1.74444e+09    0.175449   0.268606 -0.0648746 0.459375  4.23486   8.6707
1.74444e+09      0.1673   0.280431 -0.0690291 0.398364  4.33894   8.7676
1.74444e+09     0.15979   0.291137 -0.0679106 0.358887  4.43943  8.69224
1.74444e+09    0.138697   0.298487 -0.0667921 0.384009  4.47532  8.49126
1.74444e+09   0.0990696   0.303281 -0.0690291 0.44502 4.46814 8.35488
1.74444e+09   0.0548079   0.304719 -0.0751011 0.541919  4.42507   8.4123
1.74444e+09   0.0167779   0.301683 -0.0878843 0.699829  4.33176  8.49485
1.74444e+09  -0.0113451   0.292575  -0.109296 0.864917  4.25281  8.50203
1.74444e+09  -0.0357929   0.277555  -0.135502 0.879272  4.29587  8.49485
1.74444e+09  -0.0583232    0.25854  -0.158032 0.660352  4.40354  8.45178
1.74444e+09  -0.0834102   0.237767   -0.16746 0.247632  4.48967  8.48408
1.74444e+09   -0.11425  0.221309 -0.162027 -0.12561  4.53274  8.59175
1.74444e+09  -0.145409  0.209644 -0.149563 -0.301465   4.52556   8.79631
1.74444e+09  -0.171934  0.200216   -0.1371 -0.261987   4.38201   8.95781
1.74444e+09  -0.192866  0.186475  -0.12895 -0.122021   4.18821   9.00806
1.74444e+09  -0.208366  0.168099 -0.127512 0.0645996   4.01953   8.95422
1.74444e+09  -0.221468  0.142692 -0.132625 0.25481 3.89392 8.72454
1.74444e+09  -0.241922  0.115688 -0.139496 0.333765  3.82573  8.40513
1.74444e+09   -0.27356 0.0918791 -0.145089 0.226099  3.84009  8.17903
1.74444e+09  -0.312868 0.0765392  -0.14445 -0.00358887     3.90469     8.16467
1.74444e+09  -0.355532 0.0711064 -0.139337 -0.247632   3.96211   8.30823
1.74444e+09  -0.391964 0.0735032 -0.132306 -0.405542   3.96929   8.50562
1.74444e+09  -0.419927 0.0806938 -0.126873 -0.47373  3.94058  8.70659
1.74444e+09  -0.440221 0.0867658 -0.124636 -0.47373  3.88315  8.81067
1.74444e+09  -0.458277 0.0882039 -0.124636 -0.423486   3.76472    8.7353
1.74444e+09  -0.481926 0.0848483 -0.127033 -0.387598   3.63193   8.56304
1.74444e+09  -0.518517 0.0806938 -0.132146 -0.38042  3.53145  8.37283
1.74444e+09  -0.568532 0.0792557 -0.139816 -0.405542   3.47402   8.20415
1.74444e+09  -0.625896 0.0794155 -0.146527 -0.455786   3.42737   8.20056
1.74444e+09  -0.681503 0.0798948 -0.151001 -0.513208   3.39866   8.31541
1.74444e+09  -0.732476 0.0821319 -0.153078 -0.534741   3.36277   8.38718
1.74444e+09  -0.781212 0.0861266 -0.154197 -0.520386   3.26587   8.44102
1.74444e+09  -0.827391 0.0955542 -0.155156 -0.430664   3.14744   8.49126
1.74444e+09  -0.872452   0.10626 -0.157393 -0.276343   3.02183   8.51638
1.74444e+09  -0.922306  0.118404 -0.164104 -0.15791  2.92493  8.46255
1.74444e+09  -0.978392   0.12943 -0.170016 -0.147144    2.8675   8.43025
1.74444e+09   -1.03144  0.137419 -0.170336 -0.34812  2.80291  8.55945
1.74444e+09   -1.07666  0.145409 -0.160429 -0.656763   2.70601   8.79631
1.74444e+09   -1.11645   0.15228 -0.142852 -0.882861   2.54451   8.99011
1.74444e+09   -1.15464  0.156594 -0.122559 -0.897217   2.40454   9.06548
1.74444e+09   -1.18931  0.156913 -0.108178 -0.79314  2.36147  9.13008
1.74444e+09   -1.22079  0.156434 -0.100188 -0.671118   2.28611   9.15161
1.74444e+09    -1.24668   0.153718 -0.0955542 -0.606519   2.22151   9.25928
1.74444e+09     -1.2609   0.145249 -0.0923584 -0.610107   2.21074   9.49973
1.74444e+09   -1.25818  0.132146 -0.086606 -0.674707   2.17844   9.81555
1.74444e+09    -1.24348   0.117925 -0.0821319 -0.699829   2.08154   10.0165
1.74444e+09    -1.22335   0.105301 -0.0803742 -0.69624  1.95593  10.1063
1.74444e+09    -1.20034  0.0942759 -0.0808536 -0.649585   1.84468   10.1816
1.74444e+09    -1.17413  0.0814927 -0.0859668 -0.427075   1.73701   10.1529
1.74444e+09   -1.15192 0.0643952 -0.100508 -0.118433   1.70471   10.0452
1.74444e+09    -1.1377 0.0418649 -0.125435 0.0394775   1.69753   9.99858
1.74444e+09   -1.12604  0.019015 -0.150042 -0.053833   1.66882    10.117
1.74444e+09    -1.10622 -0.0015979  -0.161388 -0.387598   1.59346   10.4651
1.74444e+09    -1.07219 -0.0196541  -0.161388 -0.631641    1.3853   10.6733
1.74444e+09    -1.03608 -0.0397876  -0.160269 -0.710596   1.09819   10.6625
1.74444e+09    -1.00731 -0.0599211  -0.159151 -0.660352  0.875684   10.5261
1.74444e+09   -0.989258 -0.0819721  -0.162826 -0.419897  0.789551   10.3108
1.74444e+09    -0.9875 -0.108178 -0.171934 -0.0717773   0.742896    9.96628
1.74444e+09   -1.00907 -0.137579 -0.185676 0.218921 0.667529  9.51409
1.74444e+09   -1.05158 -0.165542 -0.196701  0.25481 0.588574  9.26287
1.74444e+09   -1.10383 -0.181841 -0.195902 -0.0502441   0.419897    9.41001
1.74444e+09   -1.14713 -0.183598  -0.18232 -0.484497  0.200977   9.67917
1.74444e+09   -1.18005 -0.178964 -0.158032  -0.839795 -0.0358887    9.82632
1.74444e+09   -1.20769 -0.170176 -0.134064  -1.05154 -0.236865   9.83708
1.74444e+09    -1.2339 -0.159949 -0.114889  -1.11614 -0.373242   9.70789
1.74444e+09   -1.25786 -0.143651 -0.099549  -1.06948 -0.448608    9.5428
1.74444e+09      -1.278   -0.12128 -0.0848483 -0.976172 -0.509619   9.43513
1.74444e+09    -1.28822 -0.0929976 -0.0699879 -0.846973 -0.638818   9.38848
1.74444e+09    -1.28822 -0.0650344 -0.0559264 -0.771606 -0.846973   9.44949
1.74444e+09    -1.27704 -0.0397876 -0.0472977 -0.710596  -1.08384    9.5428
1.74444e+09    -1.25627 -0.0156594 -0.0477771 -0.692651  -1.21304   9.70071
1.74444e+09    -1.22511  0.0092678 -0.0586428 -0.617285  -1.22739   9.79761
1.74444e+09    -1.18468   0.031159 -0.0779774 -0.477319  -1.27046   9.78684
1.74444e+09    -1.1393 0.0482565 -0.103544 -0.437842  -1.32429   9.81555
1.74444e+09   -1.08753 0.0634365 -0.125435 -0.50603 -1.45349   9.9627
1.74444e+09   -1.02984 0.0811732 -0.145409 -0.617285  -1.67959   10.1529
1.74444e+09  -0.965449  0.101466 -0.162985 -0.685474  -1.89492   10.2965
1.74444e+09  -0.901853  0.122718 -0.183598 -0.649585  -2.05283   10.2713
1.74444e+09  -0.848164  0.143172 -0.208206 -0.617285  -2.12461   10.1601
1.74444e+09  -0.802783  0.161707 -0.232334 -0.595752  -2.16409   10.0309
1.74444e+09  -0.767789  0.178006 -0.251509 -0.531152  -2.19639   9.87297
1.74444e+09  -0.741424  0.192387 -0.266689 -0.441431  -2.18203   9.77249
1.74444e+09  -0.715378  0.200057  -0.27356 -0.376831   -2.2251   9.75095
1.74444e+09  -0.684699  0.193985 -0.268926 -0.405542   -2.3543   9.75454
1.74444e+09  -0.645231  0.172573  -0.25055 -0.455786  -2.46196   9.76531
1.74444e+09  -0.601608  0.137739 -0.224185 -0.480908  -2.54451   9.72942
1.74444e+09   -0.56246 0.0931574 -0.199258 -0.44502 -2.56963   9.6397
1.74444e+09    -0.5321 0.0425041 -0.184717 -0.405542  -2.55886   9.47461
1.74444e+09     -0.51628 -0.00591222   -0.177686 -0.401953  -2.54092   9.30952
1.74444e+09   -0.511487 -0.0452205  -0.176887 -0.47373  -2.5481    9.349
1.74444e+09   -0.505255 -0.0690291  -0.171774 -0.660352  -2.69524    9.5751
1.74444e+09   -0.492791 -0.0779774  -0.163465 -0.843384  -2.92493   9.78684
1.74444e+09   -0.476013 -0.0776578  -0.155156 -0.965405  -3.11155   9.91963
1.74444e+09   -0.458756 -0.0739826  -0.145888 -1.03718 -3.21563  9.90168
1.74444e+09   -0.444375 -0.0685498  -0.132625 -0.972583  -3.21563   9.73301
1.74444e+09   -0.436865 -0.0626375  -0.118724 -0.638818  -3.12949   9.40283
1.74444e+09   -0.445653 -0.0543285  -0.109935 -0.258398  -3.04695   9.07625
1.74444e+09   -0.465627 -0.0450607  -0.108817 -0.107666   -2.9644   8.98652
1.74444e+09  -0.480807 -0.033396 -0.108497 -0.132788  -2.99312   9.11931
1.74444e+09   -0.480488 -0.0202933  -0.109456 -0.211743  -3.11873   9.35618
1.74444e+09    -0.465467 -0.00846885   -0.110095 -0.305054  -3.26228   9.49614
1.74444e+09    -0.441978 0.000479369     -0.1061 -0.477319  -3.31252   9.62893
1.74444e+09   -0.403309 0.00591222 -0.0931574 -0.599341  -3.32688   9.73301
1.74444e+09   -0.355692 0.00862864 -0.0743022 -0.509619  -3.30176   9.65764
1.74444e+09   -0.313827 0.00735032 -0.0602407 -0.322998  -3.29099   9.48179
1.74444e+09   -0.281869 0.00687096  -0.055447 -0.290698  -3.30535   9.39924
1.74444e+09   -0.259658  0.0113451 -0.0610397 -0.373242   -3.3843    9.4459
1.74444e+09   -0.241442  0.0222108 -0.0709466 -0.44502 -3.46685  9.50332
1.74444e+09    -0.22003  0.0354733 -0.0821319 -0.434253   -3.4812   9.50691
1.74444e+09   -0.195742  0.0506533 -0.0880441 -0.373242  -3.45608   9.39565
1.74444e+09    -0.17449  0.0658333 -0.0869256 -0.294287  -3.36995    9.2198
1.74444e+09    -0.15963  0.0811732 -0.0781371 -0.276343  -3.27305   9.11931
1.74444e+09   -0.150362  0.0942759 -0.0671117 -0.41272 -3.26946  9.19109
1.74444e+09    -0.14461   0.104343 -0.0583232 -0.692651  -3.36636   9.37412
1.74444e+09   -0.135182   0.108497 -0.0480967 -0.904395  -3.47761    9.5428
1.74444e+09   -0.122079   0.105461 -0.0343548 -0.907983  -3.59604    9.5428
1.74444e+09   -0.095714  0.0992294 -0.0204531 -0.811084  -3.64629   9.51409
1.74444e+09   -0.0672714   0.0953944 -0.00495348 -0.606519  -3.55657    9.4459
1.74444e+09  -0.0367516  0.0942759  0.0102265 -0.44502 -3.41301  9.37412
1.74444e+09  -0.00830906   0.0937965   0.0265251 -0.391187  -3.34482   9.33105
1.74444e+09  0.0162985 0.0901214 0.0391485 -0.358887   -3.4166   9.30234
1.74444e+09  0.0337156   0.08357 0.0428236 -0.362476  -3.54221   9.32029
1.74444e+09  0.0500142  0.073663  0.040267 -0.409131  -3.60322   9.37053
1.74444e+09  0.0693487 0.0659931  0.037231 -0.41272 -3.59246  9.43872
1.74444e+09  0.0955542 0.0607201 0.0349939 -0.355298  -3.56375   9.50691
1.74444e+09   0.128471 0.0586428 0.0322775 -0.322998  -3.48479   9.60381
1.74444e+09   0.169697 0.0581634   0.03036 -0.344531  -3.41301   9.67917
1.74444e+09   0.213639 0.0551274 0.0319579 -0.394775   -3.3843   9.67559
1.74444e+09   0.253906 0.0490554 0.0325971 -0.441431  -3.39507   9.62534
1.74444e+09   0.286503 0.0405866 0.0319579 -0.50603 -3.38071  9.60022
1.74444e+09    0.31143  0.033396 0.0325971 -0.556274  -3.34841   9.56433
1.74444e+09   0.330125 0.0270045 0.0346744 -0.53833 -3.27664  9.48179
1.74444e+09    0.34195  0.022051 0.0377104 -0.520386   -3.1905   9.41001
1.74444e+09   0.347223 0.0193345 0.0423443 -0.556274  -3.10078   9.36694
1.74444e+09   0.350579 0.0175769 0.0508131 -0.631641  -3.02542    9.4136
1.74444e+09   0.356011 0.0156594 0.0604005 -0.717773  -2.98953   9.45308
1.74444e+09   0.361924 0.0134223  0.071426 -0.807495  -3.00029    9.5105
1.74444e+09   0.374387 0.0140615 0.0837298 -0.868506  -3.00747   9.65046
1.74444e+09   0.396278 0.0191748 0.0971521 -0.825439  -3.00388   9.73301
1.74444e+09   0.425999 0.0257261  0.110415 -0.707007  -2.97517    9.7366
1.74444e+09    0.46339 0.0343548  0.125435 -0.581396   -2.9321   9.74377
1.74444e+09   0.507492 0.0401072  0.139177 -0.462964   -2.8675   9.76172
1.74444e+09  0.553352 0.040267 0.148764 -0.430664  -2.83879   9.79402
1.74444e+09   0.596814 0.0353135   0.15196 -0.480908  -2.81008   9.82273
1.74444e+09   0.633886 0.0305198  0.148285 -0.60293 -2.76702  9.91245
1.74444e+09   0.665364 0.0295611  0.141414 -0.692651  -2.70242   9.98423
1.74444e+09   0.690931 0.0330765  0.133584 -0.732129  -2.59116   9.97705
1.74444e+09   0.708667 0.0393083  0.126553 -0.714185  -2.49426   9.90527
1.74444e+09   0.722249 0.0452205  0.124796 -0.667529  -2.39019   9.79043
1.74444e+09   0.732955 0.0472977  0.128631 -0.66394 -2.30405  9.71506
1.74444e+09   0.743661 0.0404268  0.141254 -0.692651  -2.23228   9.67917
1.74444e+09   0.753089 0.0263653  0.158511 -0.775195  -2.19998   9.68635
1.74444e+09    0.758362 0.00862864   0.176088 -0.836206  -2.18203   9.74377
1.74444e+09     0.763475 -0.00846885     0.18967 -0.839795   -2.1282   9.82273
1.74444e+09   0.769068 -0.024288  0.197021 -0.768018  -2.02412    9.8335
1.74444e+09    0.775939 -0.0393083   0.200696 -0.584985  -1.91646   9.76172
1.74444e+09    0.780573 -0.0552872   0.200696 -0.419897  -1.82673   9.63611
1.74444e+09    0.783928 -0.0720651   0.201015 -0.398364  -1.74419   9.58228
1.74444e+09    0.791119 -0.0840494    0.20533 -0.567041  -1.69036   9.66841
1.74444e+09     0.80534 -0.0907605   0.214438 -0.721362  -1.67241   9.81555
1.74444e+09    0.822597 -0.0918791   0.216835 -0.714185    -1.676   9.91963
1.74444e+09    0.834102 -0.0907605   0.207087 -0.678296  -1.62217   9.92681
1.74444e+09    0.841293 -0.0874049   0.191108 -0.689063  -1.51809   9.92322
1.74444e+09      0.8512 -0.0832504   0.179284 -0.671118  -1.39248   9.89092
1.74444e+09     0.86574 -0.0667921   0.171135 -0.872095  -1.03718   9.86221
1.74444e+09    0.903611 0.00591222   0.185516 -1.55757 -0.76084  10.1314
1.74444e+09  0.951867 0.108817 0.191588 -0.502441  -1.70112   9.98064
1.74444e+09  0.984464 0.185676 0.163465 -0.211743  -1.23457   9.75095
1.74444e+09   1.00572 0.242241 0.154676 -0.904395 -0.940283   9.80479
1.74444e+09   1.03528  0.28123 0.177367  -1.46067 -0.821851    10.239
1.74444e+09   1.06899 0.307116 0.199098  -1.18074 -0.843384   10.2319
1.74444e+09    1.0968 0.312069 0.203892 -0.904395 -0.803906   10.0524
1.74444e+09     1.123 0.300564 0.209165 -0.893628 -0.739307   9.90527
1.74444e+09   1.14905 0.280271 0.217793 -0.979761 -0.645996   9.80837
1.74444e+09   1.16726 0.256143 0.230896  -1.00488 -0.574219   9.72942
1.74444e+09   1.17397 0.226582 0.240164 -0.994116 -0.513208   9.74377
1.74444e+09   1.17094 0.190949 0.243839  -0.98335 -0.462964    9.7043
1.74444e+09   1.15752 0.154357 0.240004 -0.986938 -0.394775   9.67559
1.74444e+09   1.14122 0.118244 0.232973 -0.986938  -0.34812   9.66482
1.74444e+09    1.12652 0.0853277  0.225303 -0.890039 -0.294287    9.5428
1.74444e+09    1.11278 0.0504935  0.216036  -0.85415 -0.226099   9.46384
1.74444e+09   1.10495 0.018216 0.206928 -0.872095 -0.136377   9.43154
1.74444e+09      1.09584 -0.00782969    0.198778  -0.968994 -0.0394775    9.38489
1.74444e+09     1.07459 -0.0233293   0.192227  -1.13767 0.0574219   9.30952
1.74444e+09     1.04518 -0.0265251   0.194784 -1.37454 0.172266  9.34182
1.74444e+09     1.01083 -0.0178964   0.205649 -1.49297 0.258398  9.30234
1.74444e+09     0.971202 -0.00431432    0.217953 -1.42837 0.337354  9.23774
1.74444e+09    0.92646 0.0111853  0.228979 -1.33506 0.391187   9.1552
1.74444e+09   0.883317 0.0292415  0.240643 -1.28481 0.491675  9.08342
1.74444e+09   0.840813 0.0466586  0.251988 -1.18433 0.671118  9.04395
1.74444e+09   0.800866 0.0594418  0.257261  -1.1269 0.915161   9.1229
1.74444e+09   0.762516 0.0643952  0.260457 -1.09819  1.11255  9.14802
1.74444e+09   0.723528 0.0599211  0.261416 -1.00847   1.2561  9.08701
1.74444e+09   0.686776 0.0487358  0.261096 -0.994116   1.40325   9.16956
1.74444e+09   0.659132 0.0309992  0.261735 -0.98335  1.49656  9.22339
1.74444e+09    0.632447 0.00703075   0.262854 -0.821851   1.58269   9.12649
1.74444e+09    0.605763 -0.0225303   0.257421 -0.66394  1.72983  9.05471
1.74444e+09    0.578598 -0.0522512   0.249432 -0.527563   1.95593   9.00447
1.74444e+09    0.553991 -0.0798948   0.237288 -0.552686   2.19639   9.13008
1.74444e+09   0.540089 -0.101946  0.225943 -0.724951   2.37942   9.35259
1.74444e+09   0.534017 -0.118564  0.213958 -0.807495   2.43684   9.48179
1.74444e+09   0.534177 -0.132466  0.199258 -0.821851   2.48708   9.56433
1.74444e+09  0.534177 -0.14413 0.180403 -0.724951   2.50144   9.45667
1.74444e+09   0.529223 -0.153398  0.159949 -0.574219    2.5158   9.28799
1.74444e+09   0.520115 -0.162027  0.138378 -0.394775   2.56245    9.0583
1.74444e+09   0.506693 -0.169697  0.116646 -0.294287   2.67729   8.95063
1.74444e+09   0.497425 -0.171934 0.0976315 -0.427075   2.85315   9.12649
1.74444e+09   0.506054 -0.164743 0.0888431 -0.732129   2.97158   9.51768
1.74444e+09   0.529863 -0.149084 0.0848483 -0.875684   2.98594   9.75095
1.74444e+09   0.549357 -0.129589 0.0747816 -0.79314  2.98594   9.7366
1.74444e+09    0.55495 -0.116966 0.0559264 -0.567041   2.95364   9.48179
1.74444e+09   0.541527 -0.111533 0.0337156 -0.322998   2.92493   9.11213
1.74444e+09   0.513724 -0.112172 0.0119842 -0.258398    2.9321   8.81785
1.74444e+09     0.477611   -0.110734 -0.00207727 -0.366064   3.00029   8.69941
1.74444e+09     0.443896   -0.105142 -0.00447411 -0.617285    3.0936    8.7353
1.74444e+09    0.416092 -0.0918791 0.00575243 -0.897217    3.1582   8.86091
1.74444e+09    0.386212 -0.0715858  0.0174171 -0.954639   3.16538   8.82502
1.74444e+09    0.347063 -0.0504935  0.0206129 -0.821851    3.1582     8.703
1.74444e+09    0.301204 -0.0314786   0.015979 -0.584985   3.13308   8.51638
1.74444e+09    0.254385 -0.0161388 0.00687096 -0.398364   3.13667   8.39077
1.74444e+09     0.215396 -0.00383495 -0.00255663 -0.373242   3.18333   8.44102
1.74444e+09    0.191108 0.00846885 -0.0062318 -0.527563   3.27305   8.64199
1.74444e+09     0.177367   0.0266849 -0.00607201 -0.628052   3.32688   8.75325
1.74444e+09     0.166501   0.0506533 -0.00942759 -0.584985   3.36277   8.72813
1.74444e+09    0.153398  0.0763795 -0.0156594 -0.541919   3.36636   8.66711
1.74444e+09   0.135661  0.103064 -0.022051 -0.53833  3.37354  8.66353
1.74444e+09    0.120322    0.12911 -0.0255663 -0.674707   3.39866   8.81426
1.74444e+09    0.108977   0.156594 -0.0247674 -0.775195   3.37354   8.87168
1.74444e+09   0.0960336   0.183758 -0.0238087 -0.746484     3.352   8.81426
1.74444e+09   0.0840494   0.210443 -0.0249272 -0.721362   3.35559   8.81067
1.74444e+09   0.0818123   0.238246 -0.0218912 -0.857739   3.42378   9.03677
1.74444e+09    0.096513   0.268606 -0.0123038 -1.11614  3.48838  9.36694
1.74444e+09   0.120961  0.298807 0.0015979 -1.1915 3.44531 9.52485
1.74444e+09   0.141094  0.322296 0.0123038 -1.0623 3.39148 9.47461
1.74444e+09   0.15196 0.336837 0.018216 -0.890039   3.35918   9.38489
1.74444e+09   0.153718  0.343867 0.0202933 -0.742896   3.33406    9.2198
1.74444e+09   0.145888  0.341471 0.0236489 -0.649585   3.33765   9.07625
1.74444e+09   0.135022  0.336837 0.0335558 -0.699829   3.36636    9.0583
1.74444e+09    0.12144  0.333002 0.0522512 -0.85415  3.39866  9.11572
1.74444e+09   0.107059  0.330285 0.0771784 -0.997705   3.42378   9.15879
1.74444e+09  0.0843689  0.329806  0.103224 -1.0623 3.40583 9.12649
1.74444e+09  0.0604005  0.331244  0.130069 -1.14485  3.40225  9.16238
1.74444e+09  0.0396278    0.3346  0.160429 -1.19868  3.37354  9.21621
1.74444e+09  0.0202933  0.338275   0.18967 -1.16638  3.35559  9.20186
1.74444e+09  -0.00015979    0.340991    0.214598 -1.15203  3.34124  9.09419
1.74444e+09  -0.0262055   0.345785   0.242401 -1.09819   3.2874  8.81785
1.74444e+09  -0.0629571   0.356651   0.265091 -1.08384  3.24434  8.59534
1.74444e+09  -0.105781  0.372949  0.281869 -1.18433  3.23357  8.53433
1.74444e+09  -0.148764  0.394361  0.296729 -1.3853 3.23357 8.62764
1.74444e+09  -0.185036  0.421525  0.316703 -1.60063  3.23716  8.81426
1.74444e+09  -0.207886   0.44805  0.343708 -1.6437 3.25869 8.93628
1.74444e+09  -0.221149   0.47122  0.367197 -1.43555   3.2551   8.9291
1.74444e+09  -0.231216  0.495348  0.376784 -1.14126  3.23357  8.92551
1.74444e+09  -0.240324  0.519796  0.371191 -1.00129  3.14744  8.81426
1.74444e+09  -0.246236  0.540568  0.360645 -1.18433  3.09719  8.91475
1.74444e+09  -0.236009  0.558625  0.355053 -1.42837  3.10796  9.16597
1.74444e+09  -0.209324  0.574763  0.355852 -1.5791 3.09719 9.25928
1.74444e+09  -0.176248  0.591541  0.359367 -1.59346  3.10078  9.16597
1.74444e+09  -0.151161  0.608479  0.362243 -1.50374  3.13667  8.94346
1.74444e+09  -0.142692  0.629411    0.3648 -1.39966  3.16538  8.72095
1.74444e+09  -0.147486  0.655297  0.361125 -1.30276  3.11514  8.50203
1.74444e+09  -0.160748  0.682621  0.350259 -1.36018  3.06489  8.47332
1.74444e+09  -0.164903  0.705152  0.340352 -1.58269  3.07925  8.70659
1.74444e+09  -0.148604  0.714739  0.337636 -1.81597  3.08284  8.96858
1.74444e+09  -0.122079  0.711064  0.336197 -1.89851  3.08643  9.10137
1.74444e+09  -0.0973119   0.699399    0.33428 -1.92004  3.16538  9.12649
1.74444e+09  -0.0811732   0.690451   0.336517 -1.94158  3.23357  9.02959
1.74444e+09  -0.079735  0.688374  0.339873 -1.97029  3.23357  8.88604
1.74444e+09  -0.0912399    0.69876   0.339713 -2.00618  3.17974  8.71736
1.74444e+09  -0.119043  0.710425  0.331084 -1.88057  2.81008  8.59893
1.74444e+09  -0.336837  0.489915   0.22786 -0.0933105   0.897217    10.6195
1.74444e+09  -0.37231 0.338754  0.28107 -3.06489  3.15461  8.91475
1.74444e+09  -0.356171  0.362563  0.355852 -2.63782  2.89263  9.25569
1.74444e+09  -0.355372   0.37247  0.368315 -2.72754  2.49785  9.37771
1.74444e+09  -0.374387  0.392443  0.372789 -3.19409  2.79573  9.33105
1.74444e+09  -0.34946 0.464189 0.419927 -3.06848   2.6127  9.13726
1.74444e+09  -0.381738  0.488477  0.423922 -2.73113  2.20356  9.39924
1.74444e+09  -0.374707   0.52443  0.449488 -3.1905 2.72036 9.27722
1.74444e+09  -0.362563  0.563738  0.469142 -3.02183  2.68447  9.48896
1.74444e+09  -0.356491   0.57748  0.468503 -2.67729  2.73472  9.33823
1.74444e+09  -0.355532  0.586428  0.461952 -2.36506  2.91057  9.05471
1.74444e+09  -0.358089   0.60033   0.44837 -1.94517  2.92134  8.71736
1.74444e+09  -0.375026  0.610716  0.415134 -1.68677  2.86033  8.53433
1.74444e+09  -0.398356  0.621262  0.379181 -1.70471  2.83521  8.38718
1.74444e+09  -0.421206  0.632288  0.351697 -1.94875  2.81726  8.39436
1.74444e+09  -0.439901  0.635803  0.336357 -2.30764  2.80649  8.43384
1.74444e+09  -0.450607  0.633566  0.333161 -2.61628  2.86392  8.51997
1.74444e+09  -0.458916  0.628453  0.337476 -2.83521  2.95723  8.63123
1.74444e+09  -0.465627  0.627334  0.344826 -2.96799  3.02183  8.73889
1.74444e+09  -0.474735  0.627334   0.34962 -2.98953  3.01106  8.73171
1.74444e+09  -0.492791   0.63053  0.346584 -2.98235  2.94646  8.65276
1.74444e+09  -0.512126  0.632607   0.33428 -2.97876  2.86033  8.57021
1.74444e+09  -0.528584  0.632927  0.314945 -2.99312  2.82085   8.5092
1.74444e+09  -0.538651  0.627494  0.291776 -3.09719  2.84956  8.53792
1.74444e+09  -0.543125  0.618066  0.271003 -3.31252  2.89263  8.67788
1.74444e+09  -0.546001  0.610876  0.259339 -3.51709   2.8675   8.8645
1.74444e+09  -0.551914  0.609757  0.253586 -3.56016  2.82444  8.95063
1.74444e+09  -0.558944  0.604964  0.244638 -3.43455  2.78855  9.04036
1.74444e+09  -0.560862   0.58531  0.226901 -3.16897  2.70601    9.026
1.74444e+09  -0.557986  0.551754  0.195263 -2.84597   2.6127  8.91833
1.74444e+09  -0.557187  0.507013  0.149403 -2.52656  2.49426   8.6707
1.74444e+09  -0.565655  0.462751 0.0974717 -2.46196   2.4189  8.52715
1.74444e+09  -0.580516   0.43287  0.055447 -2.79932  2.37942  8.62405
1.74444e+09  -0.591382  0.413056 0.0322775 -3.2551 2.31482 8.82502
1.74444e+09  -0.597454  0.395479  0.019015 -3.48479  2.23945  9.01882
1.74444e+09   -0.591861   0.375346 0.00798948 -3.56375   2.1928  9.21262
1.74444e+09    -0.574923    0.348821 -0.00942759 -3.5135 2.14973 9.26287
1.74444e+09   -0.551434   0.317502 -0.0351537 -3.39866  2.08154  9.17673
1.74444e+09   -0.529863   0.284426 -0.0648746 -3.28022  1.98464  8.99729
1.74444e+09   -0.521234   0.260777 -0.0963532 -3.21204  1.88057  8.73889
1.74444e+09  -0.527945  0.251349 -0.129749 -3.27305  1.79802  8.64917
1.74444e+09  -0.535295   0.25854 -0.161707 -3.55657   1.7406  8.77119
1.74444e+09  -0.534816  0.275477 -0.186155 -3.82573    1.676  8.91833
1.74444e+09  -0.521873  0.292575 -0.204531 -3.91187  1.60063  9.03677
1.74444e+09  -0.502219  0.301044 -0.220829 -3.8365 1.53245 9.08342
1.74444e+09  -0.487838  0.299925 -0.240164 -3.66782   1.4822  9.00806
1.74444e+09  -0.485601  0.286503 -0.266689 -3.46685  1.39966  8.83579
1.74444e+09  -0.499662  0.267168 -0.302961 -3.30176  1.27764  8.60251
1.74444e+09  -0.527785  0.245597  -0.34946 -3.2228 1.16997 8.39436
1.74444e+09  -0.565176  0.227381 -0.398995 -3.30176  1.05154  8.32976
1.74444e+09  -0.598572  0.214438 -0.445813 -3.49556 0.947461  8.42307
1.74444e+09  -0.621742  0.203732 -0.484163 -3.68577 0.818262  8.55227
1.74444e+09  -0.634045   0.18999 -0.511327  -3.7396 0.649585  8.65635
1.74444e+09  -0.640117  0.172413 -0.526986 -3.82214 0.545508  8.75684
1.74444e+09  -0.644112  0.154357 -0.531301 -3.94775  0.50603  8.83579
1.74444e+09  -0.646669  0.139656 -0.522512 -4.1595 0.47373 8.90398
1.74444e+09  -0.656096  0.134862 -0.506533 -4.40713 0.366064  8.96858
1.74444e+09  -0.673194   0.13694 -0.491513 -4.61887 0.229688  9.06548
1.74444e+09  -0.693647   0.14429 -0.483843 -4.66194 0.139966  9.22698
1.74444e+09   -0.70643  0.149723 -0.485281  -4.58657 0.0968994   9.34182
1.74444e+09  -0.703554  0.146527 -0.489436  -4.47891 0.0107666   9.42437
1.74444e+09  -0.682142  0.133265 -0.491353   -4.37842 -0.0753662    9.53562
1.74444e+09  -0.647947  0.112812 -0.483843  -4.27075 -0.168677   9.53921
1.74444e+09  -0.615989   0.08357 -0.467385   -4.1272 -0.236865   9.50691
1.74444e+09  -0.592021 0.0488956 -0.451086  -4.04465 -0.287109   9.45308
1.74444e+09  -0.578279 0.0105461 -0.442298   -4.0626 -0.330176   9.44949
1.74444e+09   -0.569171 -0.0271642  -0.443257  -4.18821 -0.326587   9.52844
1.74444e+09   -0.557187 -0.0631169  -0.451566  -4.26357 -0.333765   9.60022
1.74444e+09  -0.540409 -0.100667 -0.461632  -4.19539 -0.394775   9.58228
1.74444e+09   -0.52443 -0.137419  -0.47873  -3.98005 -0.470142   9.49614
1.74444e+09  -0.514043 -0.175769 -0.507971   -3.6104 -0.509619   9.32747
1.74444e+09  -0.513244 -0.214438 -0.550156  -3.36636 -0.491675    9.2198
1.74444e+09  -0.512765 -0.256462  -0.59218  -3.37354 -0.480908   9.22698
1.74444e+09  -0.509569  -0.30376 -0.628613  -3.55657 -0.527563   9.27363
1.74444e+09  -0.499982 -0.355692 -0.656416  -3.78984 -0.642407   9.32747
1.74444e+09   -0.48656 -0.403149 -0.676549  -3.88674 -0.724951   9.30234
1.74444e+09  -0.474735 -0.445653 -0.695884  -3.87239 -0.764429   9.27004
1.74444e+09  -0.470101 -0.485601 -0.718095  -3.74678 -0.818262   9.16597
1.74444e+09  -0.473137 -0.525548 -0.747176  -3.59963 -0.911572   9.03318
1.74444e+09  -0.481286 -0.564058 -0.779774 -3.52068 -1.00129  8.92551
1.74444e+09  -0.489276 -0.602727 -0.808536 -3.58528 -1.08025  8.90398
1.74444e+09  -0.487678 -0.639159 -0.823876 -3.79343  -1.1592  8.98652
1.74444e+09  -0.472338 -0.670318 -0.824355 -3.93699 -1.19868  9.10137
1.74444e+09  -0.449009 -0.695405 -0.817164 -3.85085 -1.23816  9.16597
1.74444e+09  -0.422005   -0.7141 -0.816365 -3.56733 -1.30994  9.18032
1.74444e+09  -0.395959 -0.726404 -0.830746 -3.2551 -1.3853 9.19109
1.74444e+09   -0.37199 -0.732955 -0.863503 -3.01824  -1.4822  9.18391
1.74444e+09  -0.348022 -0.735672 -0.902172 -3.00029 -1.55398  9.19827
1.74444e+09  -0.318621  -0.73679 -0.930775 -3.12949 -1.59705  9.21262
1.74444e+09  -0.286663 -0.733594 -0.947233  -3.1259 -1.63652  9.15879
1.74444e+09  -0.256462 -0.726723 -0.956341 -3.02183 -1.62576  9.20186
1.74444e+09  -0.224025 -0.716337 -0.962094 -2.86033 -1.66523  9.26646
1.74444e+09  -0.191268 -0.708348 -0.978392 -2.68088 -1.75496  9.36335
1.74444e+09  -0.160269 -0.703714  -1.01323 -2.55168 -1.83391  9.42078
1.74444e+09  -0.131187 -0.701956  -1.05925  -2.4512 -1.87698  9.37412
1.74444e+09  -0.107059 -0.701636  -1.10191 -2.45479  -1.8698   9.2844
1.74444e+09   -0.08357 -0.700518  -1.12124 -2.53374 -1.86262  9.20544
1.74444e+09  -0.0586428  -0.700039   -1.11325 -2.63064 -1.90928  9.14802
1.74444e+09  -0.0370712  -0.693168   -1.08993 -2.63423 -1.97747  9.17673
1.74444e+09  -0.0183758  -0.675591   -1.06755 -2.52297 -2.09949  9.25928
1.74444e+09  -0.00495348   -0.649545    -1.05861 -2.30764  -2.1928  9.30952
1.74444e+09  0.00367516  -0.623819   -1.06692 -2.11025 -2.26458  9.34541
1.74444e+09  0.0108657 -0.606881  -1.08625 -2.02053 -2.22151  9.35977
1.74444e+09  0.0198139 -0.603206  -1.09951 -2.02412  -2.1605  9.28799
1.74444e+09  0.0276436 -0.609278  -1.09264 -2.06719  -2.1282  9.21621
1.74444e+09  0.0317981 -0.619984  -1.06644 -2.04924 -2.11025  9.18032
1.74444e+09  0.0330765 -0.629891  -1.03735  -1.8698 -2.17126  9.24133
1.74444e+09  0.0305198 -0.639318  -1.02505 -1.62935   -2.322  9.36335
1.74444e+09  0.0276436 -0.644112    -1.034 -1.44272 -2.47991  9.47102
1.74444e+09  0.0257261 -0.647468  -1.05429  -1.4176 -2.58398  9.56792
1.74444e+09  0.0354733 -0.650664  -1.07203 -1.53604 -2.65576  9.67559
1.74444e+09    0.05321 -0.656096  -1.07395 -1.65806 -2.63782  9.65405
1.74444e+09  0.0695085 -0.662488  -1.05749 -1.70112 -2.54092  9.53203
1.74444e+09  0.0762197 -0.663926  -1.02217 -1.65806 -2.46914  9.40283
1.74444e+09  0.0717456 -0.654818 -0.981748 -1.44631 -2.44761  9.35259
1.74444e+09  0.0610397 -0.634844  -0.94947 -1.25251 -2.55886   9.4459
1.74444e+09  0.0565655 -0.609278  -0.92646 -1.28123 -2.72754  9.72224
1.74444e+09  0.0666323 -0.581634 -0.902812 -1.47144 -2.89263  9.92681
1.74444e+09  0.0894822 -0.561341 -0.869575 -1.49297 -3.01824  9.97346
1.74444e+09   0.119523 -0.551594 -0.832824 -1.21304 -2.98594  9.77966
1.74444e+09   0.147805 -0.550635 -0.796072 -0.764429  -2.73113   9.60381
1.74444e+09   0.175129 -0.552073 -0.771784 -0.226099  -2.42966   9.59663
1.74444e+09   0.203252 -0.551914 -0.761717 0.143555 -2.25381  9.74377
1.74444e+09   0.236009 -0.546481 -0.762037 0.193799 -2.27893  9.94116
1.74444e+09   0.274678 -0.537213 -0.763475 -0.0753662   -2.42607     10.135
1.74444e+09   0.320538 -0.525069  -0.75964 -0.527563  -2.61987   10.3072
1.74444e+09   0.370073 -0.514683 -0.745898 -0.857739  -2.78137   10.2211
1.74444e+09   0.412257 -0.509569 -0.719852 -0.88645 -2.74548  9.90886
1.74444e+09    0.44054 -0.506214 -0.689652 -0.692651  -2.46914   9.66482
1.74444e+09   0.456199 -0.496466   -0.6684 -0.308643  -2.11025   9.61099
1.74444e+09    0.46307 -0.480168  -0.66057 0.0897217  -1.81238   9.71865
1.74444e+09   0.466746 -0.465148 -0.660411 0.204565 -1.76213  9.79402
1.74444e+09   0.473137 -0.456839 -0.652581 0.00717773   -1.83391    9.96628
1.74444e+09   0.488956 -0.454442  -0.63085 -0.143555  -1.95234   9.98064
1.74444e+09   0.498064 -0.460674 -0.597454 0.0394775  -2.01335   9.55715
1.74444e+09   0.495188 -0.476173 -0.548079 -0.0610107   -1.93081    9.24851
1.74444e+09   0.486879 -0.490714 -0.483364 -0.132788  -1.78367   9.19109
1.74444e+09   0.472178 -0.492951 -0.433989 0.0897217  -1.67959   9.27363
1.74444e+09   0.444535 -0.477611 -0.422644 0.366064 -1.61858  9.42795
1.74444e+09   0.414015 -0.450287 -0.439741 0.423486 -1.63652  9.65405
1.74444e+09    0.39516 -0.419288 -0.464988 0.358887 -1.63293  9.91604
1.74444e+09   0.400593 -0.395799 -0.487518 0.466553 -1.62576    9.995
1.74444e+09    0.41785 -0.390047 -0.505415 0.470142 -1.55757  9.75095
1.74444e+09   0.447571 -0.407783 -0.503497  0.31582 -1.50374  9.67559
1.74444e+09   0.499183 -0.437185 -0.480807 0.351709 -1.50732  9.69712
1.74444e+09   0.547439 -0.464349 -0.464988 0.516797 -1.57551  9.68635
1.74444e+09   0.578439 -0.482725  -0.46307 0.606519  -1.5791  9.71865
1.74444e+09   0.601129 -0.487678 -0.463869 0.699829 -1.50015  9.73301
1.74444e+09   0.623659 -0.480328 -0.456359 0.839795 -1.44272   9.7043
1.74444e+09   0.644432 -0.461473 -0.441019 0.933105 -1.37813  9.55715
1.74444e+09   0.651303 -0.437185 -0.417371 0.968994 -1.37095   9.3167
1.74444e+09   0.635164 -0.405546 -0.391804 0.958228 -1.37095   9.1875
1.74444e+09   0.608159 -0.369593 -0.363202 0.879272 -1.27764   9.2521
1.74444e+09   0.587227 -0.328368 -0.334919 0.832617 -1.13049  9.43872
1.74444e+09   0.575243 -0.281869 -0.309832 0.875684 -1.04436  9.57151
1.74444e+09   0.573166 -0.237128  -0.28874   1.00488 -0.961816   9.62893
1.74444e+09   0.579078 -0.199258 -0.265091   1.13767 -0.911572   9.58945
1.74444e+09   0.590423 -0.173532  -0.23553   1.27046 -0.872095   9.38848
1.74444e+09    0.60049 -0.160109 -0.200536   1.37454 -0.915161    9.1552
1.74444e+09   0.600809 -0.147646 -0.165063  1.37454 -1.01206  9.12649
1.74444e+09   0.587866 -0.123837 -0.131507  1.21304 -1.08384  9.29517
1.74444e+09    0.567253 -0.0872452  -0.104023  1.04795 -1.03359  9.52126
1.74444e+09    0.550795 -0.0418649 -0.0811732  0.976172 -0.882861    9.7043
1.74444e+09    0.541367 0.00719053 -0.0637561  0.994116 -0.717773   9.84067
1.74444e+09    0.542805  0.0564058 -0.0480967   1.08384 -0.556274    9.8658
1.74444e+09    0.550635   0.103863 -0.0332363  1.18792 -0.44502   9.8335
1.74444e+09    0.560382   0.147166 -0.0169377   1.32429 -0.409131   9.79761
1.74444e+09      0.56981     0.18216 -0.00143811    1.4499 -0.333765   9.77607
1.74444e+09   0.579397  0.211881 0.0124636   1.5145 -0.25481  9.76531
1.74444e+09   0.583392  0.238406 0.0218912   1.50015 -0.139966   9.84426
1.74444e+09   0.588665  0.265251 0.0294013    1.42837 -0.0322998    10.0022
1.74444e+09   0.595217  0.290018 0.0327569   1.34224 0.0933105   10.0847
1.74444e+09   0.597613  0.310791 0.0356331  1.27764 0.183032  10.1063
1.74444e+09   0.598892  0.324852 0.0418649  1.23098 0.261987   10.074
1.74444e+09    0.60017  0.327249 0.0525708  1.17356 0.312231  10.0991
1.74444e+09      0.608   0.32645 0.0666323  1.13767 0.351709  10.1314
1.74444e+09   0.617907  0.323574 0.0802144  1.11255 0.391187  10.1098
1.74444e+09   0.624458  0.325332 0.0920388  1.0946 0.41272 10.1027
1.74444e+09   0.625736  0.329966 0.0984304  1.10178 0.455786  10.0883
1.74444e+09  0.626535 0.333641 0.100987  1.16997 0.513208  10.0775
1.74444e+09   0.623499   0.33444 0.0982706  1.23098 0.581396  10.0381
1.74444e+09  0.623499 0.329486 0.096513  1.23816 0.671118    9.995
1.74444e+09   0.627973  0.321497 0.0984304  1.18433 0.750073  9.88733
1.74444e+09  0.634205 0.313028 0.108018  1.03359 0.800317  9.81914
1.74444e+09  0.643473 0.309193 0.127033 0.803906 0.811084  9.88015
1.74444e+09  0.652741 0.314626 0.149563 0.674707 0.814673  9.92322
1.74444e+09  0.656576 0.324053 0.166341 0.692651 0.846973  9.85862
1.74444e+09  0.657375 0.336197 0.178325 0.689063 0.911572  9.80479
1.74444e+09  0.655777  0.34946 0.188871 0.714185 0.968994  9.70071
1.74444e+09  0.642834 0.357929 0.195263 0.732129  1.07666  9.50691
1.74444e+09  0.625896 0.356651 0.204691 0.649585  1.19509  9.33823
1.74444e+09  0.607041 0.348661 0.218752 0.563452  1.29917  9.21621
1.74444e+09    0.5925  0.34914 0.237927 0.384009  1.35659  9.23416
1.74444e+09  0.582913 0.363681 0.261895 0.344531  1.39248  9.27722
1.74444e+09  0.576202 0.389567 0.281709 0.38042 1.43555 9.25928
1.74444e+09  0.566934 0.417371 0.299126 0.398364  1.48579  9.16597
1.74444e+09   0.55479 0.443576 0.317822 0.355298   1.5145  9.10137
1.74444e+09  0.536094 0.468024 0.338115 0.340942  1.52527  8.97217
1.74444e+09  0.509409 0.488637 0.354733 0.272754  1.59346  8.97217
1.74444e+09  0.484322 0.507013 0.373428 0.161499  1.65806  9.01882
1.74444e+09  0.460034 0.522992 0.392124 0.150732  1.69753  9.06189
1.74444e+09  0.442458 0.540728 0.409381 0.0681885   1.76931   9.20903
1.74444e+09  0.434308  0.56198 0.430953 0.0574219   1.80879   9.24133
1.74444e+09  0.430953 0.583232 0.453643 0.143555  1.86621  9.23416
1.74444e+09  0.430633 0.600809 0.471539 0.183032  1.89492  9.24492
1.74444e+09  0.426798  0.61567 0.490235 0.00358887    1.92722    9.30593
1.74444e+09  0.416252  0.62286 0.513724 -0.111255   2.01335   9.28081
1.74444e+09  0.391485 0.616149 0.534656 -0.0789551    2.10667    9.12649
1.74444e+09  0.354893 0.595856 0.552393       0 2.20356 9.02241
1.74444e+09  0.313667 0.569011 0.562939 0.147144  2.30046  8.96858
1.74444e+09  0.275637 0.538012  0.56997 0.208154  2.34712  8.98652
1.74444e+09  0.248313 0.512286 0.579078 0.154321  2.39019  9.04036
1.74444e+09  0.234891 0.498863  0.59266 -0.053833   2.40095   9.19827
1.74444e+09  0.232654 0.503018 0.613592 -0.301465   2.39736     9.349
1.74444e+09  0.234891 0.525388 0.641396 -0.53833  2.43684  9.53921
1.74444e+09  0.239045 0.558465 0.672874 -0.674707   2.45837   9.63252
1.74444e+09  0.234891 0.591222 0.698441 -0.563452   2.50144   9.60381
1.74444e+09  0.224984 0.611835 0.708348 -0.312231   2.60552   9.57869
1.74444e+09  0.216036 0.616469 0.708827 -0.0394775    2.68447    9.52485
1.74444e+09   0.21284 0.596974 0.703075 0.240454  2.70601  9.44949
1.74444e+09  0.215556  0.56198 0.694925 0.398364  2.66653  9.39565
1.74444e+09  0.218912 0.522193  0.69141 0.488086  2.59116  9.24492
1.74444e+09  0.214118 0.489915 0.690931 0.369653  2.53015    9.026
1.74444e+09  0.193825 0.468663 0.698441 0.0215332    2.5158   8.84656
1.74444e+09  0.164104 0.458437 0.722409 -0.41272  2.60552  8.87168
1.74444e+09  0.133424 0.458756 0.758841 -0.818262   2.71318   9.04753
1.74444e+09  0.105142 0.464828 0.795113 -0.864917   2.70959   9.10854
1.74444e+09  0.0763795  0.472338  0.818283 -0.613696   2.60552   9.00088
1.74444e+09  0.049375 0.479049 0.833463 -0.437842   2.52656   8.93628
1.74444e+09  0.0230097  0.485441  0.848962 -0.419897   2.40095   8.83938
1.74444e+09  -0.00910801    0.496946    0.860787 -0.495264   2.30405   8.73889
1.74444e+09  -0.0469782   0.515481    0.86622 -0.714185   2.39377   8.77478
1.74444e+09  -0.0824515   0.543445   0.867338 -0.954639   2.56245   8.90757
1.74444e+09  -0.109616  0.574284  0.870055 -1.11255  2.69883  9.11931
1.74444e+09  -0.131347  0.600809  0.869096 -1.11614  2.69883   9.2521
1.74444e+09  -0.152439  0.624458  0.861746 -1.10178  2.63782  9.36694
1.74444e+09  -0.169537  0.644272  0.852797 -1.03718  2.51221  9.42795
1.74444e+09  -0.18232 0.658333 0.842251 -0.922339   2.36506   9.29875
1.74444e+09   -0.1975 0.667441 0.823876 -0.861328   2.30764   9.13367
1.74444e+09  -0.209165  0.673354  0.807417 -0.882861   2.39377   9.04395
1.74444e+09  -0.217953  0.675591  0.791278 -0.965405   2.53374   9.03677
1.74444e+09  -0.231216    0.6839   0.77514 -1.14126  2.60193  9.15161
1.74444e+09  -0.244318  0.697322  0.760439 -1.27046  2.55886  9.34541
1.74444e+09  -0.25055 0.708507 0.746857 -1.1915 2.46914 9.42078
1.74444e+09  -0.246236  0.710425   0.72944 -1.04436  2.40454  9.46384
1.74444e+09  -0.228819  0.702116  0.711863 -1.05513  2.40454  9.56074
1.74444e+09  -0.202933  0.687895  0.690771 -1.1592 2.49426   9.672
1.74444e+09  -0.171934  0.669359  0.663447 -1.23098  2.60911  9.73301
1.74444e+09  -0.141094  0.646988  0.634205 -1.23816  2.72754  9.76172
1.74444e+09  -0.112971  0.621901  0.608159 -1.26328  2.82444  9.81914
1.74444e+09  -0.0853277   0.591062   0.583712 -1.20945  2.86392  9.79402
1.74444e+09  -0.055447  0.553671  0.563099 -1.24175  2.88545  9.85144
1.74444e+09  -0.0172573   0.510688   0.545202 -1.32788  2.85315  9.86938
1.74444e+09  0.0231695  0.464828  0.529863 -1.44631  2.81726  9.79402
1.74444e+09  0.0616788  0.419767  0.517559 -1.5145  2.8675  9.6397
1.74444e+09  0.089642 0.375026 0.509729 -1.51091  2.95364  9.50332
1.74444e+09   0.10626  0.32645 0.499982 -1.3853 3.02542 9.35977
1.74444e+09   0.11393  0.27356 0.484163 -1.21304  3.04695  9.26287
1.74444e+09  0.122559 0.214598  0.46339 -1.07307   2.9967  9.17314
1.74444e+09  0.133584 0.157712 0.439741   -1.03 2.93928 9.12649
1.74444e+09  0.143651 0.111373 0.415293 -1.11255  2.84238  9.06189
1.74444e+09    0.14413 0.0840494  0.393402 -1.30635  2.79214  8.98293
1.74444e+09   0.132945 0.0760599  0.380779 -1.56833  2.85315  8.93987
1.74444e+09    0.11361 0.0861266   0.37998 -1.79802  2.95723   8.9614
1.74444e+09  0.0917193  0.105781  0.383335 -1.88774  3.04336  9.03677
1.74444e+09  0.0720651  0.131347  0.381418 -1.86621  3.09001  9.12649
1.74444e+09  0.0548079  0.155156  0.375825 -1.76931  3.04695  9.11931
1.74444e+09  0.0345146  0.173372  0.365918 -1.63293   2.9644   8.9937
1.74444e+09  0.00511327   0.187913   0.347063 -1.56833  2.89263  8.84656
1.74444e+09  -0.0354733   0.199258   0.321497 -1.60781   2.8675  8.72095
1.74444e+09  -0.0862864    0.21236   0.297848 -1.76931  2.88186  8.66711
1.74444e+09  -0.142373   0.22802  0.282508 -1.98823  2.92493  8.69583
1.74444e+09  -0.196381  0.245277  0.276756 -2.19639  2.91775  8.73171
1.74444e+09  -0.242241  0.259818  0.278833 -2.28252  2.84956  8.76401
1.74444e+09  -0.285225  0.272282  0.283627 -2.23945  2.74548    8.703
1.74444e+09  -0.329646  0.282508   0.28842 -2.12102  2.62705  8.60251
1.74444e+09  -0.382217  0.292096  0.289219 -1.98823   2.5158   8.4446
1.74444e+09  -0.445014  0.304559  0.286822 -1.9021 2.47991 8.37283
1.74444e+09  -0.514043  0.322615  0.282508 -1.92363   2.4835   8.4446
1.74444e+09  -0.580676  0.346264  0.279472 -2.10667  2.46196   8.6384
1.74444e+09  -0.635164  0.376944  0.279632 -2.24304   2.4189  8.87886
1.74444e+09  -0.671596  0.407144  0.278513 -2.26816   2.3543  9.04036
1.74444e+09  -0.687895  0.434947  0.275957 -2.20356  2.25381  9.11213
1.74444e+09  -0.694925  0.456519  0.267328 -2.03489  2.15332  9.07266
1.74444e+09  -0.704832  0.474895   0.25071 -1.89492  2.06001  8.96499
1.74444e+09  -0.723048  0.494869  0.232015 -1.89492  2.05283  8.96858
1.74444e+09  -0.740465  0.515641  0.216195 -1.97029  2.07437  9.14084
1.74444e+09  -0.753888   0.53162  0.202294 -2.10667  2.09949   9.3167
1.74444e+09  -0.757243  0.537373  0.184557 -2.11384  2.08872   9.4136
1.74444e+09  -0.755006  0.525229   0.15931 -2.00259  2.09231  9.38848
1.74444e+09  -0.75213 0.500941 0.127512 -1.78726  2.06719  9.24851
1.74444e+09  -0.758522  0.467704 0.0886833 -1.50374  2.00259  8.94705
1.74444e+09  -0.787284  0.428396 0.0415453 -1.27046   1.9344  8.69224
1.74444e+09     -0.82819    0.381098 -0.00703075 -1.2561 1.87698 8.71018
1.74444e+09   -0.863503   0.332522 -0.0552872 -1.53604  1.86621  8.93628
1.74444e+09   -0.885554   0.290657 -0.0982706 -1.88774  1.74778  9.19468
1.74444e+09  -0.894822  0.255663 -0.131028 -2.11743  1.60781  9.32747
1.74444e+09  -0.898977  0.224664 -0.157712 -2.04924  1.43555  9.33823
1.74444e+09   -0.90425  0.193026 -0.182959 -1.85544  1.24534  9.22698
1.74444e+09  -0.916074  0.157872 -0.208845 -1.59705  1.05513  9.00806
1.74444e+09  -0.937486  0.120002 -0.244798 -1.46785 0.947461  8.92551
1.74444e+09  -0.950269 0.0870854  -0.28075 -1.94517 0.968994  9.34541
1.74444e+09  -0.939563 0.0667921 -0.299286 -2.70959 0.933105   9.8658
1.74444e+09  -0.915595 0.0580036 -0.309193 -3.11514 0.782373   10.056
1.74444e+09  -0.892585 0.0568851 -0.318301 -3.05771 0.631641  10.0273
1.74444e+09  -0.880121 0.0608799 -0.331084 -2.73472 0.523975  9.81914
1.74444e+09  -0.882838 0.0619984 -0.346104 -2.32559 0.434253  9.53921
1.74444e+09  -0.898018 0.0520914 -0.370392 -2.07437 0.322998   9.3167
1.74444e+09   -0.91927 0.0286024 -0.398515 -2.12461 0.261987  9.30234
1.74444e+09   -0.92694 0.0015979 -0.419927 -2.59475  0.25481  9.68635
1.74444e+09   -0.907126 -0.0148604  -0.427917 -3.07207  0.19021  10.0596
1.74444e+09  -0.874369 -0.018216  -0.43319  -3.22998 0.0466553   10.1493
1.74444e+09  -0.850241 -0.012144 -0.443736  -3.13308 -0.122021   10.0273
1.74444e+09    -0.846566 -0.00255663   -0.460034  -2.88904 -0.297876    9.7689
1.74444e+09   -0.863344 0.00351537  -0.481766  -2.58757 -0.462964   9.50332
1.74444e+09     -0.885714 -0.000639159    -0.503977  -2.45479 -0.588574    9.3813
1.74444e+09   -0.898337 -0.0118244  -0.516121  -2.57681 -0.714185   9.47461
1.74444e+09   -0.892425 -0.0228499  -0.522672  -2.72036 -0.897217   9.64688
1.74444e+09    -0.880601 -0.00703075   -0.543764 -2.80649 -1.03718   9.6074
1.74444e+09  -0.873251  0.037231 -0.567413  -2.84597 -0.541919   9.67559
1.74444e+09  -0.867658 0.0765392 -0.572047  -2.69883 -0.832617   9.56433
1.74444e+09  -0.872132  0.103224 -0.588346 -2.35071 -1.03718    9.349
1.74444e+09  -0.892585  0.109776 -0.621901 -2.21074 -1.03359  9.17673
1.74444e+09  -0.915115 0.0944357 -0.645231 -2.33994 -1.15203   9.2198
1.74444e+09  -0.923904 0.0602407 -0.646829 -2.63423 -1.30276  9.53562
1.74444e+09  -0.908244 0.0116646 -0.637081 -3.03977 -1.36736  10.0129
1.74444e+09   -0.869096 -0.0442617  -0.619185 -3.41301 -1.44272  10.4149
1.74444e+09  -0.815566 -0.104822 -0.594897  -3.3843 -1.60422  10.4472
1.74444e+09  -0.765392 -0.166181 -0.581794 -2.98953 -1.73342  10.2283
1.74444e+09  -0.731996 -0.222587 -0.581634 -2.60911  -1.8375  9.91604
1.74444e+09  -0.716177 -0.267967 -0.586588 -2.39019 -1.94158  9.66841
1.74444e+09  -0.708348 -0.304879 -0.593778 -2.38301 -1.98823   9.6397
1.74444e+09  -0.695724 -0.331723 -0.603685 -2.29688 -2.03489  9.75095
1.74444e+09  -0.666483 -0.352656 -0.623339  -2.0959 -2.08154  9.88374
1.74444e+09  -0.619345 -0.366877 -0.650664 -1.89851 -2.13896  9.90886
1.74444e+09  -0.567253 -0.373428 -0.677189 -1.78008 -2.18562  9.77607
1.74444e+09   -0.52395 -0.375026 -0.700039 -1.71907 -2.21792  9.53562
1.74444e+09  -0.495348 -0.377903 -0.715538 -1.74778 -2.28611  9.36335
1.74444e+09  -0.476972 -0.387011 -0.724486 -1.89851 -2.42607   9.3167
1.74444e+09  -0.457158 -0.402191  -0.72928 -2.14973 -2.55886  9.40283
1.74444e+09  -0.426798  -0.41753 -0.728162 -2.29688 -2.65576  9.53203
1.74444e+09  -0.385413 -0.428556 -0.728002 -2.15332 -2.66653  9.55715
1.74444e+09  -0.341151 -0.437185 -0.731996  -1.8698 -2.56245  9.46743
1.74444e+09  -0.300245 -0.442777  -0.73695 -1.67959 -2.46196  9.31311
1.74444e+09  -0.271163 -0.442617 -0.737429 -1.58269 -2.47273  9.13008
1.74444e+09  -0.255504  -0.44054 -0.735192 -1.66165 -2.62705  9.03318
1.74444e+09  -0.247354 -0.441659 -0.734234 -1.85544 -2.87468  9.08342
1.74444e+09  -0.236968 -0.443736 -0.735991 -2.12461 -3.05054  9.33464
1.74444e+09  -0.219551 -0.441978 -0.740945 -2.26099 -3.10796  9.53562
1.74444e+09  -0.195583 -0.436545 -0.745579 -2.11384 -3.05413  9.48538
1.74444e+09  -0.178006 -0.424721 -0.745738   -1.676 -2.95005  9.19468
1.74444e+09  -0.175289 -0.404587 -0.742702 -1.37454 -2.83879  8.92192
1.74444e+09  -0.181361 -0.381897  -0.73727 -1.32788 -2.84597  8.78196
1.74444e+09  -0.191268  -0.36448 -0.724966 -1.52886 -3.00029  8.76042
1.74444e+09  -0.195263 -0.353934 -0.708348 -1.7406 -3.1905 8.91475
1.74444e+09  -0.186155  -0.34978 -0.692369 -1.78726 -3.33765  9.13726
1.74444e+09  -0.166501   -0.3493 -0.686137 -1.69753 -3.37354  9.32747
1.74444e+09  -0.134064  -0.34962 -0.682142 -1.46785  -3.2874  9.30593
1.74444e+09  -0.104502 -0.346584  -0.67639 -1.09102 -3.21204  9.09778
1.74444e+09  -0.0910801  -0.338115  -0.675111 -0.789551  -3.16179   8.87168
1.74444e+09  -0.0913997   -0.32629  -0.677189 -0.707007  -3.23357   8.79631
1.74444e+09  -0.0942759  -0.312868   -0.68374 -0.832617  -3.38071   8.91833
1.74444e+09  -0.0867658  -0.302162  -0.689492 -0.958228  -3.47402   9.16597
1.74444e+09  -0.0540089  -0.294652  -0.689812 -1.02283 -3.51709  9.46743
1.74444e+09  0.00431432  -0.289219  -0.685498 -0.997705  -3.51709   9.66123
1.74444e+09  0.0754207 -0.283147 -0.679426 -0.868506  -3.42378   9.62893
1.74444e+09   0.140615 -0.272122 -0.670158 -0.671118  -3.32688   9.37412
1.74444e+09   0.181681 -0.257741 -0.663127 -0.559863  -3.27305   9.10496
1.74444e+09   0.200856 -0.241282 -0.658813 -0.617285  -3.32688   8.92551
1.74444e+09    0.20485 -0.224984 -0.656096 -0.72854 -3.43096  8.92551
1.74444e+09   0.205649 -0.208366 -0.662009 -0.732129  -3.44531   9.09419
1.74444e+09   0.216355 -0.191588 -0.676709 -0.685474  -3.36636   9.41001
1.74444e+09   0.244318  -0.17449 -0.690771 -0.567041   -3.2228    9.6074
1.74444e+09    0.28091  -0.15979 -0.696044 -0.437842  -3.08284   9.61458
1.74444e+09   0.313188 -0.153398 -0.689173 -0.351709  -2.96799    9.5105
1.74444e+09   0.335718 -0.163145 -0.669838 -0.279932  -2.94646   9.34541
1.74444e+09   0.343708 -0.196222 -0.647148 -0.233276  -3.10078   9.18391
1.74444e+09   0.342269 -0.247514 -0.626855 -0.215332  -3.27305   9.19109
1.74444e+09   0.344347 -0.304559 -0.615829 -0.226099  -3.26946   9.43513
1.74444e+09   0.367197 -0.351857 -0.609917 -0.172266  -3.17974   9.75813
1.74444e+09   0.408582 -0.383335 -0.608479 -0.0179443    -3.0613    9.93757
1.74444e+09   0.455081 -0.404587 -0.611835 0.053833 -2.92493  9.92681
1.74444e+09   0.494389 -0.418809 -0.614391 0.0968994   -2.8675   9.78325
1.74444e+09   0.515322 -0.428556 -0.617108 0.0681885  -2.91416   9.58945
1.74444e+09   0.518997 -0.435267 -0.620783 -0.0466553   -3.00747    9.43872
1.74444e+09   0.515002 -0.436066  -0.62286 -0.114844  -3.04336   9.45308
1.74444e+09   0.515641 -0.430953 -0.629891 -0.0215332   -2.94646     9.5751
1.74444e+09   0.527785 -0.419288 -0.643793  0.15791 -2.75984  9.65764
1.74444e+09   0.550316 -0.403629 -0.659931 0.265576 -2.50862  9.71865
1.74444e+09   0.580516  -0.38733 -0.666483 0.301465 -2.34353  9.70789
1.74444e+09   0.605283 -0.377903  -0.66089 0.322998 -2.36865  9.56433
1.74444e+09   0.619345  -0.37982 -0.643793 0.215332 -2.53374  9.40642
1.74444e+09   0.631489 -0.394041 -0.608799 0.0107666  -2.67012   9.39924
1.74444e+09   0.651143 -0.406984 -0.569011 -0.0251221   -2.68447    9.55715
1.74444e+09    0.67575 -0.409221 -0.538971  0.12561 -2.63782  9.66482
1.74444e+09   0.695405 -0.399155  -0.52443 0.358887 -2.45837  9.74736
1.74444e+09   0.711543 -0.378222 -0.522512 0.567041 -2.19639  9.79761
1.74444e+09   0.719533 -0.352656 -0.523311 0.746484 -1.94158  9.71865
1.74444e+09   0.717775 -0.331723 -0.514203 0.814673 -1.73701  9.49614
1.74444e+09    0.70627 -0.320218 -0.487678 0.724951 -1.68318  9.30952
1.74444e+09   0.697322 -0.316224 -0.446932  0.66394 -1.73342  9.29517
1.74444e+09   0.696044 -0.313028 -0.409221 0.732129 -1.76572   9.4459
1.74444e+09   0.702276 -0.308394 -0.385892 0.807495 -1.79802  9.60381
1.74444e+09   0.707549 -0.297369  -0.37982 0.836206 -1.79443  9.77249
1.74444e+09   0.712023 -0.279632 -0.385572 0.843384 -1.72266  9.96628
1.74444e+09   0.723528 -0.260937 -0.402031 0.940283 -1.65447  10.0704
1.74444e+09    0.73727 -0.251189 -0.421206 0.936694 -1.62217  10.0094
1.74444e+09    0.75181 -0.249272 -0.430473 0.742896 -1.58628  10.0165
1.74444e+09   0.778815 -0.247834 -0.424881 0.588574 -1.52527  10.1744
1.74444e+09   0.822278 -0.241762 -0.411458 0.527563 -1.42478  10.2642
1.74444e+09   0.877405 -0.232494 -0.391485 0.563452 -1.34941  10.2354
1.74444e+09   0.928857 -0.217474 -0.367676 0.617285 -1.29917  10.0811
1.74444e+09   0.968166 -0.193985 -0.344187 0.678296 -1.20227  9.95911
1.74444e+09    0.99549 -0.160589 -0.322775 0.771606 -1.09819  9.77249
1.74444e+09    1.00444  -0.12128 -0.306636  0.821851 -0.929517   9.53562
1.74444e+09     1.00715 -0.0818123  -0.286822  0.771606 -0.721362   9.44231
1.74444e+09    1.00843 -0.037231 -0.265091  0.750073 -0.549097   9.46384
1.74444e+09    1.01019 0.0177367 -0.248793  0.768018 -0.373242   9.49614
1.74444e+09    1.00667 0.0816525 -0.239205  0.778784 -0.204565   9.54639
1.74444e+09   0.999005  0.145089 -0.230896   0.814673 -0.0466553    9.62175
1.74444e+09   0.986222  0.194624 -0.222587  0.936694 0.0825439   9.58586
1.74444e+09   0.966727  0.228659 -0.212041 1.05154 0.22251 9.43154
1.74444e+09   0.937965  0.252148 -0.193026  1.09102 0.294287   9.2521
1.74444e+09   0.901374  0.266369 -0.163465  1.0946 0.34812 9.13726
1.74444e+09   0.858869  0.277555 -0.124636  1.04436 0.423486   9.1229
1.74444e+09    0.813489    0.28858 -0.0818123 0.986938 0.520386  9.18032
1.74444e+09     0.76763   0.302162 -0.0362723  0.88645 0.656763  9.35618
1.74444e+09    0.730399   0.317981 0.00894822  0.88645 0.742896  9.56433
1.74444e+09  0.700678 0.333321 0.047138  1.03359 0.796729  9.65405
1.74444e+09   0.675271  0.338754 0.0730239  1.24175 0.789551  9.60022
1.74444e+09  0.649225 0.332842 0.092678  1.39966 0.803906  9.54639
1.74444e+09  0.625736 0.313188 0.105461  1.53604 0.821851  9.47461
1.74444e+09  0.606881 0.287302 0.111853  1.53245 0.832617  9.47461
1.74444e+09  0.594418 0.264612 0.119043  1.28481 0.922339  9.70789
1.74444e+09  0.596974 0.252627 0.126873 1.04077 1.04077 9.99858
1.74444e+09  0.608479 0.256622  0.12927 0.91875 1.13049 10.1816
1.74444e+09  0.626056 0.271962 0.128631 0.746484  1.20227  10.2857
1.74444e+09  0.651942  0.29625 0.131187 0.610107  1.27764  10.2929
1.74444e+09  0.680544 0.323095 0.137259 0.588574   1.2884  10.2139
1.74444e+09  0.708028   0.3493 0.145409 0.592163  1.30276  10.1063
1.74444e+09  0.724486 0.368954  0.15164 0.671118  1.37095  9.86938
1.74444e+09  0.724966 0.379341 0.154517 0.735718  1.49297  9.61099
1.74444e+09  0.710744 0.384614 0.158352 0.750073  1.66523  9.45308
1.74444e+09  0.693327 0.389567 0.163784 0.60293 1.88774 9.51409
1.74444e+09  0.681503  0.40299 0.179444 0.423486  1.99182  9.66123
1.74444e+09  0.673513 0.428716 0.196381 0.362476   2.0636  9.72942
1.74444e+09   0.66872 0.462751 0.216036 0.31582 2.08154 9.71147
1.74444e+09  0.660091 0.498544 0.236808 0.308643  2.10667  9.61099
1.74444e+09  0.646189 0.531141 0.254066 0.330176  2.12461  9.49614
1.74444e+09  0.626855 0.555908 0.267967 0.405542  2.17126   9.4136
1.74444e+09  0.603206 0.571088  0.28107 0.41272 2.24304 9.33823
1.74444e+09  0.574763 0.579717  0.29593 0.398364  2.31841  9.27722
1.74444e+09  0.543604 0.586428 0.312069 0.297876  2.41172  9.26646
1.74444e+09  0.519157 0.593459  0.33428 0.12561 2.43325 9.34541
1.74444e+09  0.507332  0.60033 0.361924 0.0358887   2.40813   9.44949
1.74444e+09  0.506054 0.609438 0.386052 0.0107666   2.36147   9.51409
1.74444e+09  0.511007 0.619345 0.405866 0.0502441   2.30405   9.44231
1.74444e+09  0.508451 0.629092 0.417051 0.200977  2.29688  9.23057
1.74444e+09  0.490075 0.631169 0.416572 0.391187  2.34712  8.93269
1.74444e+09  0.455241 0.622061 0.406505 0.441431   2.4512  8.68147
1.74444e+09  0.415613 0.603366 0.399794 0.344531  2.53015  8.60969
1.74444e+09  0.379181 0.581634 0.399954 0.197388  2.60193  8.59893
1.74444e+09  0.348341 0.563738 0.406824 0.100488  2.60552  8.58457
1.74444e+09  0.320378 0.555109 0.416252 0.0179443   2.59116   8.57739
1.74444e+09  0.298647 0.556707 0.429674 -0.111255   2.60911     8.703
1.74444e+09  0.277235 0.566774 0.444375 -0.100488   2.63064   8.69941
1.74444e+09  0.251988 0.578598 0.452045 -0.0897217    2.70242    8.73171
1.74444e+09  0.224345 0.591382 0.457957 -0.136377   2.78855   8.74248
1.74444e+09  0.194144 0.599211 0.461473 -0.247632   2.86033   8.78555
1.74444e+09  0.165862 0.603685 0.467545 -0.448608   2.87109   8.90039
1.74444e+09  0.142053 0.606721 0.476013 -0.516797   2.90698    8.9937
1.74444e+09  0.124796 0.610716 0.482245 -0.398364   2.87827   8.93628
1.74444e+09  0.107858 0.616788 0.483044 -0.333765   2.84238   8.92192
1.74444e+09  0.0923584  0.624937  0.488157 -0.319409   2.84956   8.97935
1.74444e+09  0.0790959  0.629571  0.495987 -0.31582  2.91416  9.01882
1.74444e+09  0.0640757   0.63085  0.501899 -0.373242   2.97876   9.01523
1.74444e+09  0.0447411  0.631329  0.502538 -0.441431   3.00388   8.97576
1.74444e+09  0.0263653  0.632607  0.498384 -0.509619     3.029   8.93628
1.74444e+09  0.00447411   0.636442   0.494709 -0.498853   3.02542   8.83938
1.74444e+09  -0.0194943   0.642834   0.488956 -0.584985   3.03259   8.84297
1.74444e+09  -0.0417051   0.657854   0.489116 -0.933105   3.06848   9.04395
1.74444e+09  -0.0576841   0.679585   0.496466 -1.26328  3.05413  9.20903
1.74444e+09  -0.0696683   0.701157   0.503657 -1.39248  3.04336  9.23057
1.74444e+09  -0.0824515   0.716017   0.507652 -1.40684  3.05054  9.16597
1.74444e+09  -0.101307  0.723847  0.507332 -1.33506  3.03977  9.01523
1.74444e+09  -0.125115  0.730399  0.502059 -1.24534  3.03977  8.87168
1.74444e+09  -0.148764  0.738548  0.495348 -1.21304   2.9967   8.8322
1.74444e+09  -0.170176  0.749414  0.488797 -1.17715  2.90339  8.80349
1.74444e+09  -0.18999 0.758681 0.482245 -1.14485  2.84956  8.82861
1.74444e+09  -0.201655  0.763954  0.477611 -1.24175  2.88186  8.99011
1.74444e+09  -0.206448  0.764434  0.475534 -1.33147  2.89622  9.11931
1.74444e+09  -0.207727  0.755645  0.468024 -1.30635  2.87827  9.14802
1.74444e+09  -0.210443  0.735831  0.451725 -1.25969  2.84956  9.14802
1.74444e+09  -0.215237  0.708667  0.428236 -1.1915 2.81008 9.08342
1.74444e+09  -0.226102  0.679745  0.401551 -1.15203  2.75625  8.96499
1.74444e+09  -0.243679  0.658014   0.37966 -1.23457  2.70601  8.85374
1.74444e+09  -0.262694  0.646829  0.367356 -1.4822 2.70601 8.82502
1.74444e+09  -0.274998  0.650024  0.365918 -1.86621  2.75984  8.93269
1.74444e+09  -0.279312  0.662648  0.377743 -2.17126  2.79932    9.026
1.74444e+09  -0.279312  0.672235  0.398196 -2.28611  2.82085  9.08342
1.74444e+09  -0.28075 0.673993 0.416731 -2.23586  2.78137  9.07266
1.74444e+09  -0.290817  0.668081  0.422963 -2.11384  2.68447  9.02241
1.74444e+09  -0.310631  0.656736  0.419288  -1.999 2.61987 9.00806
1.74444e+09  -0.333321  0.639478  0.413695 -2.03848  2.62346  9.08342
1.74444e+09  -0.346903  0.621901  0.413216 -2.24304  2.67012  9.20903
1.74444e+09  -0.351377  0.606721  0.421845 -2.46914  2.77061  9.33464
1.74444e+09  -0.346424   0.60049  0.431911 -2.67012  2.82444  9.42437
1.74444e+09  -0.335079   0.60001  0.444215 -2.72754  2.77419  9.41001
1.74444e+09  -0.323734   0.60033  0.456199 -2.64141  2.68088  9.34182
1.74444e+09  -0.321657  0.598892  0.465787 -2.51938  2.56604  9.24492
1.74444e+09  -0.333481  0.594577  0.472019 -2.40095  2.46196  9.11572
1.74444e+09  -0.35697 0.586907 0.475854 -2.36506  2.40813   9.0583
1.74444e+09  -0.386371  0.574124  0.477931 -2.37942  2.44402  9.04395
1.74444e+09  -0.411618  0.552872  0.474575 -2.43684  2.59475  9.14084
1.74444e+09  -0.422803  0.522832   0.46307 -2.52297  2.78496  9.23416
1.74444e+09  -0.421685  0.484642  0.445653 -2.55886  2.88186  9.22339
1.74444e+09  -0.41769 0.444695 0.422484 -2.60193  2.84597  9.11213
1.74444e+09  -0.422963   0.41018  0.401072 -2.65217  2.71677  8.97217
1.74444e+09  -0.438942  0.382696  0.383495 -2.68447  2.62705  8.85732
1.74444e+09  -0.459555  0.360805  0.368635 -2.75984  2.59834  8.82861
1.74444e+09  -0.47841 0.344986 0.355212 -2.85674  2.59834  8.87168
1.74444e+09  -0.489276  0.333161  0.336996 -2.8998 2.65217 8.97576
1.74444e+09  -0.489436   0.32677  0.312868 -2.86392  2.68447  9.04036
1.74444e+09  -0.482884  0.322456  0.286663 -2.84238  2.64858   9.0583
1.74444e+09  -0.475214  0.324213   0.26557 -2.84597  2.56963    9.026
1.74444e+09  -0.47106 0.329646 0.249591 -2.81367   2.4835  8.90398
1.74444e+09  -0.474735   0.33428  0.233932 -2.75625  2.39377   8.7999
1.74444e+09  -0.482725   0.33396  0.218113 -2.8675   2.322 8.80708
1.74444e+09  -0.486719  0.333002  0.204371 -3.19768  2.28252  8.91475
1.74444e+09  -0.488157  0.338275  0.193186 -3.5135 2.23228 9.01523
1.74444e+09  -0.488157  0.351537  0.184877 -3.63552  2.14614  9.10496
1.74444e+09  -0.48656 0.369913 0.178805 -3.54221  2.05642  9.10854
1.74444e+09  -0.489596  0.389887  0.167619 -3.2874 1.92363 9.00088
1.74444e+09  -0.499183  0.411139  0.148924 -3.02542  1.83032  8.78914
1.74444e+09  -0.518198  0.436226  0.119363 -2.89622  1.84468  8.62046
1.74444e+09  -0.539769  0.464828 0.0918791 -3.06489  1.85186  8.62046
1.74444e+09  -0.556068  0.489755 0.0765392 -3.34124   1.7729  8.72095
1.74444e+09  -0.565016  0.506054 0.0608799 -3.52427  1.71189  8.84656
1.74444e+09  -0.573006  0.511167 0.0407464 -3.54939  1.69395  8.88245
1.74444e+09  -0.585469  0.502059 0.0154996 -3.45249  1.69395  8.84656
1.74444e+09  -0.598412  0.479689 -0.012144 -3.28022  1.70112  8.78555
1.74444e+09   -0.611515   0.442937 -0.0397876 -3.12231  1.64011  8.71736
1.74444e+09   -0.621102   0.397876 -0.0661529 -3.11155  1.52886  8.74248
1.74444e+09   -0.622061   0.351058 -0.0850081 -3.24075  1.41401  8.85015
1.74444e+09  -0.616628  0.308714 -0.101786 -3.32329  1.33506   8.9614
1.74444e+09  -0.610556  0.276915 -0.125595 -3.34124  1.27405  9.06548
1.74444e+09  -0.603685  0.255504 -0.153238 -3.34124  1.18433  9.14443
1.74444e+09  -0.598253  0.239525 -0.178485 -3.29099  1.08743  9.17314
1.74444e+09  -0.594418   0.22035 -0.200216 -3.15103  1.03718  9.16956
1.74444e+09  -0.593459  0.193985 -0.222427 -2.98953  1.00129   9.1229
1.74444e+09  -0.594258  0.160429 -0.244318 -2.89622  0.95105  9.08342
1.74444e+09  -0.594577  0.116966 -0.268287 -2.86033 0.893628  9.07266
1.74444e+09  -0.593459 0.0707868 -0.292894  -2.9967 0.907983  9.17673
1.74444e+09  -0.588346 0.0297209 -0.310471  -3.2874 0.904395  9.37771
1.74444e+09   -0.577799 -0.0046339  -0.322775 -3.48838 0.821851  9.52485
1.74444e+09   -0.563898 -0.0316384  -0.335399 -3.58169 0.699829  9.58945
1.74444e+09   -0.548718 -0.0559264   -0.34962 -3.54939 0.592163  9.59304
1.74444e+09   -0.536094 -0.0792557  -0.369274 -3.40583 0.534741  9.50332
1.74444e+09  -0.527625 -0.103703 -0.391804 -3.25151 0.488086  9.34541
1.74444e+09  -0.525868  -0.12943 -0.418489 -3.14744 0.455786  9.21262
1.74444e+09   -0.52395 -0.153078 -0.443736 -3.31611 0.409131  9.28081
1.74444e+09  -0.512126 -0.169057  -0.45572 -3.64988 0.326587  9.45667
1.74444e+09  -0.491513 -0.178645 -0.462431 -3.81138  0.22251   9.5751
1.74444e+09  -0.470581 -0.185835 -0.476013 -3.78625 0.165088  9.55715
1.74444e+09  -0.458596 -0.190309 -0.496147  -3.63552 0.0753662   9.40642
1.74444e+09  -0.460833 -0.193186 -0.519157 -3.33406       -0  9.17673
1.74444e+09  -0.479529 -0.201335  -0.54728   -3.02183 -0.0897217    8.87886
1.74444e+09  -0.511966 -0.217154 -0.576202  -2.92493 -0.172266   8.71018
1.74444e+09  -0.543764 -0.235051 -0.596655  -3.10078 -0.215332   8.82144
1.74444e+09   -0.56198 -0.248473 -0.606242  -3.39866 -0.240454   9.10496
1.74444e+09  -0.565815 -0.254865 -0.610077  -3.48479 -0.312231   9.28799
1.74444e+09  -0.565975 -0.259498 -0.625736  -3.26946 -0.369653   9.30234
1.74444e+09  -0.572686 -0.267648 -0.659132  -3.03259 -0.416309   9.22698
1.74444e+09  -0.586108 -0.282508   -0.6986 -2.87827 -0.50603   9.0583
1.74444e+09  -0.606562 -0.306317  -0.73711  -2.74189 -0.617285   8.90757
1.74444e+09  -0.631329 -0.336837 -0.778176  -2.77419 -0.717773   8.90398
1.74444e+09  -0.648746 -0.369434 -0.809015 -2.97876 -0.85415  9.05112
1.74444e+09  -0.650504 -0.401392 -0.826272  -3.13667 -0.976172   9.24851
1.74444e+09  -0.637561 -0.430793 -0.833942 -3.07207 -1.10896  9.30952
1.74444e+09  -0.618706 -0.456679 -0.842571 -2.91775 -1.21304   9.2521
1.74444e+09  -0.603046  -0.47889 -0.852158 -2.81367 -1.29199  9.15879
1.74444e+09  -0.597134 -0.496466 -0.864462 -2.79573 -1.36377  9.08342
1.74444e+09  -0.602247 -0.510049 -0.880601 -2.92493 -1.42837  9.10496
1.74444e+09  -0.611994 -0.513564  -0.89674 -3.12231 -1.47502  9.27363
1.74444e+09  -0.616149 -0.507013 -0.913198 -3.29099 -1.55757  9.51409
1.74444e+09  -0.603685 -0.495188 -0.924223 -3.42378 -1.61499  9.70071
1.74444e+09  -0.575882 -0.484642 -0.925022 -3.36995 -1.68677  9.72583
1.74444e+09  -0.540568 -0.482565 -0.917832 -3.12949 -1.72625  9.59304
1.74444e+09  -0.513564 -0.490714 -0.907126 -2.94646 -1.72625  9.42437
1.74444e+09  -0.500621 -0.502219 -0.889229 -2.97158 -1.76931  9.32388
1.74444e+09  -0.496946 -0.514842 -0.859509 -3.05413  -1.9021   9.2844
1.74444e+09  -0.492791 -0.526347 -0.810453 -3.17615 -2.06001  9.37412
1.74444e+09  -0.480328 -0.533058 -0.747496 -3.17256 -2.19998  9.51409
1.74444e+09  -0.454602 -0.536733 -0.688214 -2.93928 -2.34353  9.65046
1.74444e+09  -0.420886 -0.538651 -0.646829 -2.50503 -2.49067  9.71506
1.74444e+09  -0.384134 -0.543604 -0.635643 -2.05283 -2.52297  9.72583
1.74444e+09  -0.344986  -0.55479 -0.646988 -1.71907 -2.53374  9.71147
1.74444e+09  -0.305038 -0.574284 -0.675591 -1.46426 -2.57322  9.72583
1.74444e+09  -0.261735 -0.602727 -0.712502 -1.36018   -2.645  9.72942
1.74444e+09   -0.22035 -0.636123 -0.743661   -1.353 -2.72395  9.67917
1.74444e+09  -0.178964 -0.667601 -0.766351 -1.41042 -2.72754  9.77607
1.74444e+09  -0.133424 -0.687415 -0.781371 -1.49297 -2.78855  9.89451
1.74444e+09  -0.0851679   -0.69141  -0.795113  -1.4822 -2.91057  9.88374
1.74444e+09  -0.0437824  -0.681663   -0.81317 -1.48938 -3.00747  9.79402
1.74444e+09  -0.0150202   -0.66057  -0.835221 -1.50015 -3.05771  9.67559
1.74444e+09  -0.00671117   -0.633246   -0.863024 -1.56833 -3.05771  9.60381
1.74444e+09  -0.00862864   -0.606562   -0.882998 -1.66882 -3.05054  9.54998
1.74444e+09  -0.0124636   -0.58515  -0.890827 -1.64729 -3.08284   9.5428
1.74444e+09  -0.00687096   -0.569011   -0.886833 -1.57192 -3.03977   9.6397
1.74444e+09  0.0193345 -0.558465 -0.874848 -1.33865 -2.95005  9.74019
1.74444e+09  0.0650344 -0.555748 -0.866539 -1.01206 -2.88186  9.78684
1.74444e+09   0.116327 -0.564697 -0.870854 -0.782373  -2.79932   9.77966
1.74444e+09   0.162506 -0.580356   -0.8814 -0.753662  -2.74907   9.72942
1.74444e+09   0.200057 -0.595376 -0.888431 -0.825439  -2.77061   9.66123
1.74444e+09   0.228819 -0.606721 -0.882518 -0.958228  -2.82444   9.57869
1.74444e+09   0.249911 -0.613433 -0.856792 -1.02283 -2.86392  9.50691
1.74444e+09   0.269246 -0.613592 -0.817963 -0.933105  -2.85315   9.49973
1.74444e+09    0.28874 -0.605443 -0.778176 -0.656763  -2.75625   9.54639
1.74444e+09   0.308234 -0.587067 -0.750212 -0.308643  -2.65576   9.56433
1.74444e+09   0.322935 -0.564377 -0.736151 -0.15791 -2.62346   9.5751
1.74444e+09   0.335079 -0.541847 -0.723208 -0.136377  -2.60552   9.60381
1.74444e+09   0.347862 -0.526827 -0.704353 -0.143555  -2.58757   9.59304
1.74444e+09   0.358248 -0.525069 -0.679905 -0.183032  -2.57681    9.5428
1.74444e+09    0.37247 -0.531141 -0.649225 -0.154321  -2.47632   9.59304
1.74444e+09   0.40267 -0.53961 -0.61567 -0.0215332   -2.36506    9.72224
1.74444e+09    0.44805 -0.550475 -0.585469 0.161499 -2.25022  9.81555
1.74444e+09   0.497585 -0.558465 -0.563418 0.251221 -2.23586  9.79402
1.74444e+09   0.541367 -0.560862 -0.549357 0.168677 -2.31841  9.83708
1.74444e+09   0.568691 -0.555748 -0.543125 0.0251221  -2.49067   9.71865
1.74444e+09   0.565815  -0.54696 -0.538651 -0.168677  -2.56604    9.5428
1.74444e+09   0.544244 -0.534496 -0.522992 -0.384009  -2.54451   9.56074
1.74444e+09   0.526667 -0.513564 -0.490874 -0.462964  -2.39377   9.74019
1.74444e+09   0.527146 -0.487199 -0.450287 -0.31582 -2.20356  9.86221
1.74444e+09   0.542965 -0.456998 -0.409221 -0.0681885   -2.04565    9.84426
1.74444e+09    0.56981 -0.426958 -0.374068 0.172266 -1.97747  9.79402
1.74444e+09    0.59985 -0.400752 -0.348182 0.391187 -1.98823  9.69353
1.74444e+09   0.616628 -0.382377 -0.330285 0.498853 -2.03848  9.49255
1.74444e+09   0.616628 -0.373428 -0.316384 0.477319 -2.12102  9.33464
1.74444e+09   0.603845 -0.363042 -0.308234 0.391187 -2.10308   9.3813
1.74444e+09   0.588186 -0.342429 -0.302162 0.276343 -1.98105  9.54639
1.74444e+09   0.576202 -0.314306 -0.297049 0.344531 -1.81597  9.64329
1.74444e+09   0.570769 -0.285384 -0.294972  0.53833 -1.64729  9.67917
1.74444e+09   0.574604 -0.260457 -0.293693 0.707007 -1.50732  9.69353
1.74444e+09   0.586108 -0.240004 -0.292255 0.915161 -1.43555  9.63611
1.74444e+09   0.598412 -0.230736 -0.289858  1.04436 -1.42837  9.38489
1.74444e+09   0.597294 -0.236169 -0.282828  1.04795 -1.44631   9.1875
1.74444e+09   0.580516  -0.24336 -0.276117 0.972583 -1.41042  9.16956
1.74444e+09   0.550955 -0.244638 -0.268926 0.890039 -1.30635  9.25928
1.74444e+09   0.522033 -0.239045  -0.25838 0.879272 -1.15562  9.39924
1.74444e+09    0.50142 -0.230896 -0.245597 0.911572 -1.06589  9.53562
1.74444e+09   0.491673 -0.218432 -0.233932 0.958228    -1.03  9.63252
1.74444e+09   0.490235 -0.205809 -0.223546 0.990527 -1.01565  9.60022
1.74444e+09    0.49375 -0.198299 -0.211721 0.972583 -1.06948  9.51409
1.74444e+09   0.497585 -0.193985 -0.201175  1.00129 -1.15203  9.37771
1.74444e+09   0.494869 -0.189191 -0.195263 0.947461  -1.1915  9.37053
1.74444e+09   0.494549 -0.173851 -0.191268 0.857739 -1.13408   9.5428
1.74444e+09   0.500781 -0.146208  -0.19015 0.821851 -1.03359  9.73301
1.74444e+09   0.515641 -0.111214 -0.192067  0.879272 -0.929517   9.81555
1.74444e+09      0.5321 -0.0754207  -0.198139  0.979761 -0.836206   9.76172
1.74444e+09    0.547759 -0.0442617  -0.206768   1.04077 -0.757251    9.6397
1.74444e+09    0.559264 -0.0199737     -0.213   1.11973 -0.714185   9.48896
1.74444e+09     0.563259 -0.00239684   -0.217793   1.19868 -0.656763    9.3167
1.74444e+09   0.563259 0.0108657 -0.219231   1.19868 -0.556274   9.24492
1.74444e+09   0.560702 0.0294013 -0.217634   1.14126 -0.434253   9.25569
1.74444e+09   0.555109 0.0586428 -0.215077   1.08384 -0.344531    9.3813
1.74444e+09   0.550156  0.101946 -0.214757   1.07307 -0.236865   9.58586
1.74444e+09   0.543764  0.149883 -0.216036    1.0623 -0.139966   9.69712
1.74444e+09   0.540568  0.196541 -0.217154 1.03718      -0 9.72942
1.74444e+09   0.542007  0.237607 -0.219711   1.05513 0.0287109   9.73301
1.74444e+09   0.538651  0.267168 -0.221788   1.10178 0.0717773   9.71865
1.74444e+09   0.534017  0.287142 -0.221628  1.13049 0.122021  9.71147
1.74444e+09   0.531141  0.299286 -0.218592 1.11255 0.22251 9.75454
1.74444e+09   0.534017  0.303281 -0.210443  1.05872 0.301465  9.79402
1.74444e+09   0.543445  0.306956 -0.197979 0.979761 0.366064  9.89451
1.74444e+09   0.557666  0.315425 -0.186794 0.961816 0.391187  9.90168
1.74444e+09   0.573006  0.330125 -0.177047 0.95105 0.41272 9.85144
1.74444e+09    0.58467  0.346744 -0.173532  0.95105 0.387598  9.76172
1.74444e+09   0.588665  0.361604 -0.177047 0.976172  0.38042  9.68994
1.74444e+09   0.590263  0.374867 -0.182959 0.947461 0.434253  9.71865
1.74444e+09   0.595696   0.38733 -0.183279 0.879272 0.545508  9.81914
1.74444e+09   0.604325  0.401711 -0.180403 0.746484 0.674707  9.95911
1.74444e+09   0.616948  0.424401 -0.175129 0.613696  0.79314  10.0704
1.74444e+09  0.631968 0.457318 -0.16682 0.567041 0.879272   10.056
1.74444e+09    0.64587  0.491193 -0.155955 0.477319 0.961816  9.98423
1.74444e+09  0.653859 0.519636  -0.1371 0.430664  1.01924  9.90886
1.74444e+09   0.655138  0.533378 -0.119523 0.484497  1.02283  9.81555
1.74444e+09   0.649385  0.536893 -0.102905 0.452197  1.04436  9.78684
1.74444e+09    0.636442   0.537852 -0.0853277 0.312231  1.13049  9.87656
1.74444e+09    0.619664   0.534496 -0.0637561 0.283521  1.24893  10.3359
1.74444e+09    0.605763   0.517239 -0.0346744 0.290698   1.3853  10.7235
1.74444e+09     0.595856    0.493271 -0.00383495 0.319409  1.47144  10.7271
1.74444e+09   0.590423  0.475534 0.0287621 0.200977  1.51809  10.4328
1.74444e+09   0.589304  0.473776 0.0616788 0.0681885   1.51091   10.0488
1.74444e+09  0.594897 0.484482 0.089642 -0.0251221    1.50374    9.88374
1.74444e+09  0.604005 0.498544 0.110734 0.0251221   1.45349   9.75813
1.74444e+09  0.610716 0.507652 0.123997 0.0502441    1.4822   9.72583
1.74444e+09  0.612314  0.51628 0.131028 0.0322998   1.53604   9.65764
1.74444e+09   0.61503  0.52411 0.138538 -0.0358887    1.65447    9.62175
1.74444e+09  0.623499 0.537692 0.147805 -0.143555    1.7406   9.62175
1.74444e+09  0.636602 0.558145 0.159949 -0.193799   1.80161    9.5428
1.74444e+09  0.648586 0.588186  0.17481 -0.297876   1.87698   9.42078
1.74444e+09  0.655138 0.624298 0.193345 -0.362476   1.92363   9.24851
1.74444e+09  0.653859 0.663127 0.213479 -0.427075   1.98823   9.14443
1.74444e+09  0.647947 0.701317 0.232494 -0.531152   2.07078   9.16597
1.74444e+09   0.63788 0.736311 0.248153 -0.581396   2.14614   9.14443
1.74444e+09  0.623339  0.76699 0.260457 -0.599341   2.24304   9.02959
1.74444e+09  0.601448 0.794155 0.271163 -0.681885   2.34353   8.88962
1.74444e+09  0.578279 0.823876 0.284905 -0.825439   2.42966   8.82861
1.74444e+09  0.559743 0.856473 0.309193 -0.990527   2.47991   8.80349
1.74444e+09   0.53945 0.887472 0.338275 -1.10896  2.50862  8.81067
1.74444e+09  0.511327 0.917672 0.369274 -1.11614  2.55886  8.78196
1.74444e+09  0.475534 0.943878 0.397876 -1.13408  2.60193  8.79631
1.74444e+09  0.438942  0.96449 0.426638 -1.15203  2.65576  8.89321
1.74444e+09   0.40283 0.975676 0.457158 -1.1915 2.70959 8.95781
1.74444e+09  0.365599 0.976794 0.484482 -1.11973  2.71318  8.86809
1.74444e+09  0.320538 0.969444 0.505894 -1.06589  2.72036  8.73171
1.74444e+09  0.271802 0.959697 0.524909 -1.15203  2.72395  8.73171
1.74444e+09  0.223226 0.953625 0.545682 -1.30635  2.68447   8.6707
1.74444e+09  0.172573 0.951068 0.565975 -1.3853 2.67371 8.67788
1.74444e+09  0.116487 0.945955  0.58515 -1.44272  2.70242  8.65994
1.74444e+09  0.0608799  0.931414  0.601289 -1.39607  2.75625  8.66353
1.74444e+09  0.00511327   0.905208   0.610397 -1.30994  2.85674  8.65635
1.74444e+09  -0.0500142   0.868137   0.611355 -1.16997  2.95005  8.62046
1.74444e+09  -0.102905  0.822597  0.607201 -1.10178  2.97517  8.63481
1.74444e+09  -0.143491  0.777217  0.611036 -1.3207 2.99312 8.82502
1.74444e+09  -0.165702  0.740945  0.630051 -1.60422  2.96082  9.00447
1.74444e+09  -0.178006  0.716976  0.654179 -1.69753  2.90698  8.95781
1.74444e+09  -0.190469  0.702595  0.670158 -1.68677   2.9644  8.85374
1.74444e+09  -0.20485 0.691729 0.678946 -1.71907  3.13667  8.90757
1.74444e+09  -0.217154  0.680544   0.68342 -1.81238  3.28381  9.04036
1.74444e+09  -0.22818 0.667601 0.685338 -1.80161  3.32688  9.10854
1.74444e+09  -0.239045   0.65322  0.679426 -1.71907  3.30535  9.14802
1.74444e+09  -0.246236  0.638839  0.672714 -1.67959  3.24792   9.0906
1.74444e+09  -0.251669  0.624937  0.671276 -1.70112  3.22998  8.93628
1.74444e+09  -0.256942  0.611195   0.67591 -1.78008  3.27305  8.82502
1.74444e+09  -0.263174   0.59985  0.679266 -1.88057    3.352  8.73889
1.74444e+09  -0.27356 0.591382 0.673673 -1.99541  3.40583   8.6707
1.74444e+09  -0.291137   0.58515  0.657854 -2.04207  3.43096  8.60251
1.74444e+09  -0.314146  0.578598  0.637401 -2.08872  3.40583  8.60251
1.74444e+09  -0.336677  0.576841   0.62286 -2.14614   3.2874   8.5738
1.74444e+09  -0.356171  0.582114  0.621582 -2.21074  3.18333  8.59175
1.74444e+09  -0.367197  0.596974   0.63085 -2.31482  3.11514  8.64917
1.74444e+09  -0.367197  0.618386  0.647308 -2.55527  3.09001   8.8322
1.74444e+09  -0.359687  0.644272  0.665045 -2.82803  3.12231  9.05471
1.74444e+09  -0.353455  0.667601  0.672075 -2.88545  3.15461  9.12649
1.74444e+09  -0.359207  0.681663   0.66105  -2.645 3.15461 9.05112
1.74444e+09  -0.375186  0.682302  0.633726 -2.31123  3.07925  8.93269
1.74444e+09  -0.389567  0.670797  0.602886 -2.0959  2.9644 8.85732
1.74444e+09  -0.395799  0.649705  0.580516 -2.15332   2.8998  8.83938
1.74444e+09  -0.390206    0.6227  0.574284 -2.47991   2.8998  8.87527
1.74444e+09  -0.378382  0.597294   0.57732 -2.8998 2.92493 8.91475
1.74444e+09  -0.371032  0.581155  0.579877 -3.17256  2.87109  8.87168
1.74444e+09  -0.37982 0.576042 0.575083 -3.23357  2.75625   8.7353
1.74444e+09  -0.405067  0.578758  0.560542 -3.12231  2.66653  8.62764
1.74444e+09  -0.439741  0.583712  0.542965 -2.98594  2.54092  8.59175
1.74444e+09  -0.47122 0.588186 0.530182 -2.95723  2.40813   8.6061
1.74444e+09  -0.496626    0.5925  0.524589 -3.00747  2.30046  8.57739
1.74444e+09  -0.518677  0.601608  0.522672 -3.15103  2.27175  8.49485
1.74444e+09  -0.544563  0.618066  0.520914 -3.29817  2.31123  8.38718
1.74444e+09  -0.576681  0.640597  0.515002 -3.39148  2.29329  8.31541
1.74444e+09  -0.617747  0.673034  0.497905 -3.42737  2.18921  8.32976
1.74444e+09  -0.665045  0.709786   0.47122 -3.42737  2.06001  8.44819
1.74444e+09  -0.704353  0.739986  0.443257 -3.49197  1.92722  8.65994
1.74444e+09  -0.72896 0.750692 0.427118 -3.5781 1.81597 8.81785
1.74444e+09  -0.738228  0.738388  0.419288 -3.59246  1.78367   8.8968
1.74444e+09  -0.739507  0.708507  0.416412 -3.67859   1.8052  8.91116
1.74444e+09  -0.734873  0.663127  0.414175 -3.87957   1.8375  8.92551
1.74444e+09  -0.723528  0.608159  0.412896 -4.11643  1.86621  8.93269
1.74444e+09  -0.711863  0.553352  0.408582 -4.26357  1.80161  8.89321
1.74444e+09  -0.706111  0.506853  0.394521 -4.30664  1.66882  8.81785
1.74444e+09  -0.705791  0.473776  0.375506 -4.25999  1.55039  8.72813
1.74444e+09  -0.711703  0.452045  0.355852 -4.07336   1.4822  8.59175
1.74444e+09  -0.716017  0.428875  0.338914 -3.79343  1.50732  8.48408
1.74444e+09  -0.71394 0.396758 0.317981 -3.55298   1.6437   8.4769
1.74444e+09  -0.702915   0.35697  0.290178 -3.47043  1.82314  8.55586
1.74444e+09  -0.685977  0.310152   0.25854 -3.49915  1.97029  8.66353
1.74444e+09  -0.664885  0.263973  0.227061 -3.66064   2.0313  8.77837
1.74444e+09  -0.640916  0.221149  0.200216 -3.85085  2.03489  8.83579
1.74444e+09  -0.61551 0.184397 0.180722 -3.87239    1.999  8.79631
1.74444e+09  -0.59218 0.155635 0.162027 -3.75754   1.9667  8.71736
1.74444e+09  -0.571887  0.134383  0.140455 -3.64629  1.97388  8.65276
1.74444e+09  -0.547759  0.118085    0.1216 -3.70012  2.05283  8.68506
1.74444e+09  -0.512286  0.102425  0.110095 -3.89392  2.10308  8.84656
1.74444e+09  -0.468503 0.0842092  0.102745 -4.03389  2.06001  8.95781
1.74444e+09  -0.426479 0.0639159 0.0941161 -4.03389  1.97388  9.00447
1.74444e+09  -0.390846 0.0421845 0.0822917 -3.91187  1.88057  8.96858
1.74444e+09  -0.364161 0.0199737 0.0626375 -3.74319  1.79443  8.90398
1.74444e+09    -0.343548 0.000958738   0.0365918 -3.60681  1.72266   8.8645
1.74444e+09    -0.32661 -0.0135821  0.0123038 -3.52427  1.65447  8.85015
1.74444e+09    -0.308074  -0.0252468 -0.00846885 -3.61758  1.58269  8.97217
1.74444e+09   -0.284585 -0.0330765 -0.0234891 -3.8042 1.46067 9.07983
1.74444e+09   -0.263333 -0.0340352 -0.0309992  -3.998 1.30276 9.13726
1.74444e+09   -0.253906 -0.0271642 -0.0327569 -4.06619  1.17715  9.07983
1.74444e+09   -0.259658 -0.0153398 -0.0362723 -3.98005  1.02642   8.9614
1.74444e+09   -0.282348 -0.0046339 -0.0401072 -3.81855  0.91875  8.81067
1.74444e+09     -0.317502 -0.000479369   -0.0512925 -3.68936 0.861328  8.71018
1.74444e+09    -0.353615 -0.00383495  -0.0661529 -3.66064 0.818262  8.73171
1.74444e+09   -0.388449 -0.0188552 -0.0837298 -3.70371 0.775195  8.78914
1.74444e+09    -0.42568 -0.0436226  -0.101946 -3.84727 0.782373  8.91475
1.74444e+09   -0.461153 -0.0792557  -0.116007 -3.97288 0.724951  9.01523
1.74444e+09  -0.496307 -0.122718 -0.130548 -3.95134 0.642407  9.00447
1.74444e+09  -0.528424 -0.172573 -0.143811 -3.84368 0.495264  8.94705
1.74444e+09  -0.561022 -0.223865 -0.156274 -3.72166 0.344531  8.85732
1.74444e+09  -0.594897 -0.272601  -0.16698 -3.73601  0.22251  8.80349
1.74444e+09  -0.626695 -0.312868 -0.170176 -3.85803 0.129199  8.84656
1.74444e+09   -0.65354 -0.342269  -0.16698 -4.01235 0.107666  8.97576
1.74444e+09  -0.667122 -0.362882  -0.15979 -4.20256 0.107666  9.18391
1.74444e+09  -0.672235 -0.375666 -0.153398  -4.2241 0.111255   9.2844
1.74444e+09  -0.677668  -0.38014 -0.156274  -4.10566 0.0574219   9.24492
1.74444e+09  -0.690611 -0.379341 -0.163784   -3.95493 0.00358887    9.14443
1.74444e+09  -0.710904 -0.375506 -0.175129   -3.76831 -0.0717773    9.06548
1.74444e+09   -0.72928  -0.37231 -0.183439  -3.69653 -0.197388   9.08342
1.74444e+09  -0.741584 -0.371191 -0.180083 -3.71807 -0.31582  9.12649
1.74444e+09  -0.746378 -0.370552 -0.170336 -3.71448 -0.34812  9.20544
1.74444e+09  -0.747816 -0.368795 -0.162346   -3.675 -0.38042  9.27722
1.74444e+09  -0.750852  -0.36496 -0.165702  -3.50273 -0.373242   9.27004
1.74444e+09  -0.760759   -0.3648 -0.183598  -3.26946 -0.387598   9.20186
1.74444e+09  -0.780093 -0.367996 -0.209165  -3.10078 -0.441431   9.09419
1.74444e+09  -0.807577 -0.375186 -0.234571  -3.12231 -0.541919   9.04753
1.74444e+09  -0.837617 -0.383176 -0.251669  -3.22998 -0.674707   9.08701
1.74444e+09  -0.859509 -0.391485 -0.253906  -3.37354 -0.757251   9.23057
1.74444e+09  -0.861586 -0.397077 -0.245117  -3.45608 -0.803906   9.38848
1.74444e+09  -0.847844 -0.401072 -0.232174  -3.35559 -0.868506   9.45308
1.74444e+09  -0.834102 -0.405227 -0.227381  -3.12949 -0.958228   9.36335
1.74444e+09  -0.828669   -0.4105 -0.238726 -2.91057 -1.05872  9.22698
1.74444e+09  -0.837458 -0.415932 -0.263014 -2.85315 -1.14485  9.10854
1.74444e+09  -0.851839 -0.421845   -0.2889 -2.88545 -1.24534  9.07983
1.74444e+09  -0.865101 -0.429515 -0.308873 -2.9967  -1.353 9.10854
1.74444e+09  -0.876606 -0.434468 -0.323574 -3.11873 -1.40684  9.21621
1.74444e+09   -0.88108 -0.434308 -0.336996 -3.14385 -1.43555  9.35977
1.74444e+09  -0.875168 -0.426479 -0.351537 -3.05054 -1.47861  9.50691
1.74444e+09  -0.859988 -0.419128 -0.371032 -2.86392 -1.53245  9.57869
1.74444e+09  -0.836179 -0.416412    -0.395 -2.70601 -1.58628  9.61816
1.74444e+09  -0.809015 -0.419288 -0.420726  -2.5804 -1.62217  9.59663
1.74444e+09  -0.779134 -0.428396 -0.445334  -2.5158 -1.65088  9.55715
1.74444e+09  -0.743981 -0.439422 -0.463869 -2.54451 -1.74778  9.60381
1.74444e+09  -0.706909  -0.44821 -0.479209 -2.58398 -1.84109  9.70071
1.74444e+09  -0.663766 -0.449169 -0.490554  -2.6127 -1.91646  9.89451
1.74444e+09  -0.614231 -0.441339 -0.505095 -2.49426 -2.04565  10.0022
1.74444e+09  -0.568212 -0.426798  -0.53194 -2.28252 -2.15691  10.0022
1.74444e+09  -0.525868 -0.412896 -0.564537 -2.10667 -2.23586  9.92322
1.74444e+09  -0.487039 -0.407144 -0.599211 -1.93081  -2.2897  9.81196
1.74444e+09   -0.45588 -0.413056 -0.635324 -1.80161 -2.33276  9.66482
1.74444e+09  -0.436865 -0.427597 -0.670318 -1.74778 -2.44402  9.56433
1.74444e+09   -0.42536 -0.449009 -0.700358 -1.74419 -2.54092  9.59304
1.74444e+09  -0.407783 -0.472818 -0.726564 -1.62576 -2.63064  9.73301
1.74444e+09   -0.37998 -0.499502 -0.754527  -1.3853 -2.72754  9.79402
1.74444e+09  -0.351058 -0.530821 -0.783449 -1.23098 -2.82085  9.77249
1.74444e+09  -0.323254 -0.562779 -0.811732 -1.17715 -2.87109  9.70789
1.74444e+09  -0.297528 -0.592979 -0.836659 -1.17356 -2.92134  9.65764
1.74444e+09  -0.271962 -0.621582 -0.857431 -1.22021 -2.94646   9.6397
1.74444e+09  -0.240004 -0.646189 -0.871493 -1.15562 -2.93928  9.71506
1.74444e+09  -0.203412 -0.664246  -0.88875 -0.95105 -2.92493  9.85144
1.74444e+09  -0.161388 -0.672555 -0.915595 -0.699829  -2.94287   10.0309
1.74444e+09  -0.104662  -0.67623 -0.947073 -0.541919  -3.01106   10.1385
1.74444e+09  -0.0455401  -0.680544  -0.979511 -0.509619  -3.06489   10.1637
1.74444e+09  0.0198139 -0.696683   -1.0054 -0.681885  -3.16538   10.1278
1.74444e+09  0.0838896 -0.724327  -1.02505 -0.850562  -3.35559   9.98064
1.74444e+09   0.142373 -0.756764  -1.04247 -1.06948 -3.50273  10.0201
1.74444e+09   0.205809 -0.776098  -1.05285 -1.18433 -3.56375  10.2498
1.74444e+09   0.274519 -0.781371  -1.05973 -1.01206 -3.63552   10.239
1.74444e+09   0.335558 -0.784407  -1.06835 -0.829028  -3.70371   10.0345
1.74444e+09   0.386212 -0.788242  -1.06915 -0.825439  -3.77549   9.87656
1.74444e+09   0.422484 -0.789521   -1.0642 -0.947461  -3.81855   9.75813
1.74444e+09   0.443576 -0.785366  -1.05509 -1.04077  -3.7719  9.59304
1.74444e+09    0.45604 -0.778335  -1.04039 -1.19509 -3.69294  9.44231
1.74444e+09    0.47138 -0.765073   -1.0177 -1.16638  -3.4812   9.4782
1.74444e+09   0.496466 -0.742223  -1.00252 -0.933105  -3.24434   9.63252
1.74444e+09   0.526667 -0.712502 -0.999804 -0.649585  -3.04336   9.66123
1.74444e+09   0.552553 -0.685657  -1.00236 -0.513208  -2.97158   9.57151
1.74444e+09   0.567892 -0.666323  -0.99517 -0.584985  -3.05771   9.51409
1.74444e+09   0.571408 -0.657215 -0.970403 -0.678296   -3.1582    9.3813
1.74444e+09   0.565336 -0.663287 -0.921507 -0.69624 -3.21204  9.10137
1.74444e+09   0.555748 -0.680704 -0.853437 -0.667529  -3.25151   8.90757
1.74444e+09   0.552073 -0.701317 -0.784088 -0.545508  -3.17256   9.00806
1.74444e+09   0.560223 -0.709786 -0.739027 -0.200977  -3.00747   9.29517
1.74444e+09    0.57732 -0.705152 -0.726244 0.175854 -2.87468  9.44231
1.74444e+09   0.591861 -0.687415  -0.73679  0.31582 -2.79214  9.43154
1.74444e+09   0.602247 -0.662648 -0.745898 0.218921 -2.75625  9.46743
1.74444e+09   0.616788 -0.635324 -0.740945 0.183032 -2.78137  9.46025
1.74444e+09   0.627334 -0.619025 -0.716657 0.0825439  -2.74189   9.21621
1.74444e+09   0.640277 -0.618865 -0.664405 -0.0717773   -2.63782    9.16597
1.74444e+09   0.674952 -0.621742 -0.599051 0.0251221  -2.42607   9.34541
1.74444e+09   0.728162 -0.616149 -0.542166 0.305054 -2.27175  9.39565
1.74444e+09   0.780253  -0.60017 -0.504456  0.44502 -2.21433  9.29158
1.74444e+09   0.807737  -0.56997 -0.484482 0.387598 -2.20715  9.16956
1.74444e+09   0.804541 -0.523631 -0.468823 0.247632 -2.19639   9.1229
1.74444e+09   0.776738 -0.466905 -0.447091 0.118433 -2.13179  9.05112
1.74444e+09   0.733914 -0.405067 -0.408582 0.0322998  -1.99182     9.026
1.74444e+09   0.695085 -0.342429 -0.353615 0.100488 -1.66882  9.14802
1.74444e+09    0.68374 -0.280431 -0.284426 0.405542 -1.41042  9.20544
1.74444e+09   0.691889 -0.221788 -0.215556 0.768018 -1.20227   9.1875
1.74444e+09   0.721131 -0.163784 -0.157393  1.00488 -1.13049  9.22339
1.74444e+09   0.755965 -0.108337 -0.114569  1.20227 -1.14844  9.21262
1.74444e+09    0.777377 -0.0564058  -0.090441   1.2884 -1.27764  9.15161
1.74444e+09    0.768908 -0.0116646 -0.0842092  1.23816 -1.46067  9.20544
1.74444e+09   0.735991 0.0209324 -0.099549  1.13408 -1.56475   9.4136
1.74444e+09   0.702435 0.0418649 -0.109296  1.03359 -1.55039  9.67917
1.74444e+09   0.685018 0.0530502 -0.101946  1.09102 -1.39966  9.91604
1.74444e+09    0.684859  0.0565655 -0.0845287  1.30994 -1.22021  10.0058
1.74444e+09   0.696044 0.0575243 -0.070627   1.5791 -1.00129  9.94116
1.74444e+09    0.716497  0.0557666 -0.0607201   1.79802 -0.814673   9.79043
1.74444e+09    0.733754  0.0556068 -0.0487358   1.86262 -0.771606   9.58586
1.74444e+09    0.730399  0.0640757 -0.0292415   1.72266 -0.818262   9.46384
1.74444e+09     0.705791   0.0850081 0.000319579   1.44631 -0.803906    9.6074
1.74444e+09   0.682621  0.109776 0.0343548   1.18433 -0.764429   9.91604
1.74444e+09   0.662168   0.12879 0.0666323   1.05872 -0.732129   10.0919
1.74444e+09  0.643473 0.138857 0.105621   1.05513 -0.588574   10.1673
1.74444e+09  0.629092 0.143331 0.154836   1.23816 -0.441431   10.0704
1.74444e+09  0.613273 0.148445 0.205649   1.52527 -0.258398    9.8335
1.74444e+09  0.584351 0.158991 0.251189   1.71548 -0.172266   9.65405
1.74444e+09  0.538491 0.175129 0.287781   1.82673 -0.175854   9.52126
1.74444e+09  0.492152 0.189191 0.320378   1.78726 -0.100488    9.5751
1.74444e+09  0.468024 0.204051 0.356171     1.62217 -0.00358887      9.7689
1.74444e+09  0.465148 0.222587 0.386212  1.51809 0.053833  9.96987
1.74444e+09  0.472818 0.248793 0.406984    1.4822 0.0789551   10.0452
1.74444e+09  0.464029 0.279792 0.414814   1.4499 0.104077  9.77249
1.74444e+09  0.418649  0.31143 0.416891  1.28123 0.183032  9.42078
1.74444e+09  0.344347  0.34179 0.427278 0.814673 0.247632  9.17673
1.74444e+09   0.25103 0.371032 0.457957 0.333765 0.204565   8.9614
1.74444e+09  0.150522 0.400593 0.506533 0.0897217  0.165088   8.96499
1.74444e+09  0.0642354   0.43271  0.564058 0.104077 0.150732  9.07983
1.74444e+09         0 0.464988 0.614711 0.409131 0.143555  9.16238
1.74444e+09  -0.0509729   0.489755   0.649385 0.846973 0.150732  8.97217
1.74444e+09  -0.096513  0.501899  0.662168  1.27046 0.165088  8.75325
1.74444e+09  -0.143491  0.499662  0.652261  1.71189 0.200977  8.43384
1.74444e+09  -0.193505  0.483364  0.621102  2.21074 0.272754   8.1252
1.74444e+09  -0.232973  0.448689  0.572047 2.71318 0.34812 7.90986
1.74444e+09  -0.257102  0.396278  0.507812  3.13667 0.441431  7.66582
1.74444e+09  -0.256622  0.332522  0.433829 3.27664 0.66394 7.80938
1.74444e+09  -0.227061  0.257421  0.370712  2.87827 0.961816  8.06777
1.74444e+09  -0.172733  0.178805  0.310951 3.02542 1.01206 8.36565
1.74444e+09  -0.105301  0.105621  0.239045 2.70242 1.14126  8.6707
1.74444e+09  -0.0389887  0.0445813   0.175609 2.05283 1.33865 8.91475
1.74444e+09     0.0209324 -0.000958738     0.127512 1.39966 1.47502 9.14443
1.74444e+09    0.074462 -0.0276436  0.0931574 0.814673  1.52527  9.39924
1.74444e+09    0.123358 -0.0381897  0.0754207 0.369653  1.52886  9.52126
1.74444e+09    0.165223 -0.0381897  0.0728641 0.114844  1.58269  9.56433
1.74444e+09    0.200057 -0.0292415  0.0800546 -0.0502441    1.60781    9.65764
1.74444e+09    0.237128 -0.0127832  0.0898018 -0.100488   1.60781   9.77249
1.74444e+09     0.27356 0.00974717  0.0958738 -0.0502441    1.58987    9.84426
1.74444e+09  0.305358 0.034195 0.093477 0.0861328   1.58987   9.85862
1.74444e+09   0.327569 0.0629571 0.0834102 0.200977  1.60422  9.82273
1.74444e+09   0.336677  0.090441 0.0691889 0.290698  1.58628  9.72224
1.74444e+09   0.329486  0.114889 0.0556068 0.351709  1.58269   9.6074
1.74444e+09    0.31127  0.134064 0.0445813 0.358887  1.57551  9.53921
1.74444e+09   0.284905  0.148924 0.0325971 0.434253  1.54321   9.4782
1.74444e+09   0.257261  0.157712 0.0156594 0.595752  1.50015   9.4459
1.74444e+09    0.230896   0.163145 -0.0092678 0.832617  1.41401  9.42437
1.74444e+09    0.20485  0.166501 -0.040267 1.03359 1.30635  9.4782
1.74444e+09    0.177686   0.172253 -0.0765392 1.08025 1.20586 9.59304
1.74444e+09   0.149723  0.180722 -0.108497 0.933105  1.05154    9.672
1.74444e+09   0.122079  0.192227 -0.122239 0.638818 0.925928  9.72942
1.74444e+09  0.0939563  0.203093 -0.112332 0.322998 0.814673   9.7366
1.74444e+09   0.0626375   0.212041 -0.0845287 0.0215332   0.72854   9.74019
1.74444e+09   0.0317981   0.221149 -0.0421845 -0.276343  0.642407   9.81914
1.74444e+09  0.00335558   0.231855 0.00942759 -0.427075  0.520386   9.88374
1.74444e+09  -0.0263653   0.243999  0.0608799 -0.434253  0.430664   9.90168
1.74444e+09  -0.0580036   0.256462   0.111533 -0.398364   0.34812   9.92322
1.74444e+09  -0.0877245   0.269086    0.15963 -0.319409  0.283521   9.91604
1.74444e+09  -0.111214   0.28075  0.206768 -0.211743  0.251221   9.94475
1.74444e+09  -0.124796  0.291456  0.251349 -0.111255  0.236865     9.995
1.74444e+09  -0.128631  0.304559  0.290977 0.0143555  0.204565   10.0596
1.74444e+09  -0.122079  0.317023  0.322775 0.200977  0.19021  10.1278
1.74444e+09  -0.10642 0.332203 0.344027 0.405542 0.193799  10.2067
1.74444e+09  -0.0883637   0.350259   0.351857  0.57063 0.204565  10.2031
1.74444e+09  -0.0709466   0.372629   0.348661 0.631641 0.226099  10.2103
1.74444e+09  -0.0556068   0.397876   0.337476 0.638818 0.244043  10.1744
1.74444e+09  -0.0447411     0.4252   0.324533 0.584985 0.265576  10.1063
1.74444e+09  -0.0340352   0.450447   0.315425 0.452197 0.312231  10.0955
1.74444e+09  -0.0218912   0.473137   0.314466 0.330176 0.362476  10.0919
1.74444e+09  -0.00639159    0.489436    0.317182  0.31582 0.419897  10.0668
1.74444e+09  0.0107059  0.499343  0.320378 0.322998 0.452197  10.0417
1.74444e+09  0.0257261  0.500621  0.318461 0.358887 0.452197  9.95552
1.74444e+09  0.0294013  0.499343  0.308394 0.376831  0.47373  9.80837
1.74444e+09  0.0215716  0.496307  0.290018 0.344531 0.520386  9.67917
1.74444e+09  0.0092678  0.495668  0.267807 0.272754 0.556274  9.57869
1.74444e+09  -0.00367516    0.500461    0.246555 0.150732 0.567041  9.52126
1.74444e+09  -0.0142213   0.515322    0.22818 -0.0287109   0.552686    9.54639
1.74444e+09  -0.0183758   0.540568   0.215396 -0.193799  0.541919   9.58228
1.74444e+09  -0.0174171   0.574284   0.206288 -0.261987  0.531152   9.62175
1.74444e+09  -0.0119842   0.612953   0.196701 -0.258398  0.516797   9.62175
1.74444e+09  -0.00591222    0.654339    0.181201 -0.229688  0.502441   9.58586
1.74444e+09         0 0.697003 0.161707 -0.240454  0.502441   9.52485
1.74444e+09  0.00655138   0.743821   0.141893 -0.305054   0.50603   9.45308
1.74444e+09  0.0123038  0.796551  0.125275 -0.405542  0.495264   9.40283
1.74444e+09  0.0193345  0.856632  0.112812 -0.599341   0.44502   9.41001
1.74444e+09  0.0238087  0.917512  0.104822 -0.814673   0.38042    9.4459
1.74444e+09  0.0290817  0.965769  0.103224 -0.986938  0.351709   9.49255
1.74444e+09  0.036432 0.988139 0.102745 -1.04795 0.344531  9.52844
1.74444e+09  0.0397876  0.987021 0.0976315 -1.09102  0.31582  9.48538
1.74444e+09  0.0378702  0.974238 0.0893224 -1.17715 0.290698  9.38848
1.74444e+09  0.0279632  0.958259 0.0781371  -1.3207 0.258398   9.2844
1.74444e+09   0.012144  0.951068 0.0701477 -1.58628 0.244043  9.16956
1.74444e+09  -0.00846885    0.961774   0.0712662 -1.85186 0.251221  8.97935
1.74444e+09  -0.0309992    1.00092  0.0760599 -2.10667 0.272754   8.8322
1.74444e+09  -0.0543285    1.06899  0.0840494 -2.26099 0.294287  8.75684
1.74444e+09  -0.0798948     1.1516  0.0910801 -2.29688 0.384009  8.71736
1.74444e+09  -0.104502   1.22926 0.0909203 -2.20715 0.419897   8.8645
1.74444e+09  -0.122079   1.27384 0.0779774 -2.02412 0.430664  9.01882
1.74444e+09  -0.128471   1.27704  0.058483 -1.94517 0.437842  9.18032
1.74444e+09  -0.127832   1.24636 0.0351537 -1.94875  0.44502   9.2844
1.74444e+09  -0.120002   1.19331 0.0154996 -2.06001 0.437842  9.39207
1.74444e+09    -0.10658    1.12987 0.00111853 -2.29329 0.423486  9.51409
1.74444e+09   -0.0937965      1.0757 -0.00447411   -2.645 0.441431  9.59663
1.74444e+09    -0.0803742      1.03592 -0.000479369 -2.92493  0.50603  9.66123
1.74444e+09  -0.0691889    1.00795 0.00782969 -3.04695 0.563452  9.66841
1.74444e+09  -0.0602407   0.983665  0.0135821 -3.07207 0.595752  9.68635
1.74444e+09  -0.0551274   0.954583  0.0158192 -3.07925 0.552686  9.72583
1.74444e+09  -0.0516121   0.915755  0.0167779 -3.13667 0.527563  9.76172
1.74444e+09  -0.0441019     0.8659  0.0223706 -3.17615 0.523975  9.79402
1.74444e+09  -0.0322775   0.806299  0.0298807 -3.21204 0.552686  9.82991
1.74444e+09  -0.0178964   0.738228  0.0354733 -3.24434 0.527563  9.82632
1.74444e+09  -0.00687096    0.663926   0.0367516 -3.29458  0.50603   9.7689
1.74444e+09  -0.0062318    0.59282  0.0325971 -3.39507 0.491675  9.68276
1.74444e+09  -0.0110255   0.529543  0.0270045 -3.50273 0.516797  9.58586
1.74444e+09  -0.0183758   0.477931  0.0217314 -3.50991  0.53833  9.48896
1.74444e+09  -0.0274838   0.433989  0.0137419 -3.45608 0.527563  9.53203
1.74444e+09  -0.0421845   0.387011 0.00559264 -3.39866 0.534741  9.85503
1.74444e+09   -0.0580036    0.333641 0.000798948 -3.43813 0.520386  9.95552
1.74444e+09   -0.0741424    0.278354 0.000958738 -3.52786 0.509619  9.93398
1.74444e+09  -0.0909203   0.227221 0.00255663 -3.53862 0.477319  9.78325
1.74444e+09   -0.103224    0.17481 0.00223706 -3.48479 0.455786    9.672
1.74444e+09   -0.112013    0.12176 0.00015979 -3.39507 0.430664  9.51768
1.74444e+09    -0.116007   0.0674312 -0.00719053 -3.33406 0.405542  9.34182
1.74444e+09   -0.114729  0.0188552 -0.0172573 -3.33406 0.340942  9.18032
1.74444e+09   -0.107219 -0.0222108 -0.0233293  -3.4166 0.301465  9.06548
1.74444e+09  -0.0928378 -0.0525708 -0.0255663 -3.56733 0.279932  9.01165
1.74444e+09  -0.0757403 -0.0728641 -0.0193345 -3.75754 0.276343  9.01523
1.74444e+09  -0.0591222 -0.0824515 -0.0076699 -3.93699 0.287109  9.05471
1.74444e+09  -0.0461792 -0.0861266 0.00543285 -4.07695 0.294287  9.09778
1.74444e+09  -0.0383495 -0.0832504  0.0148604 -4.10566 0.305054  9.11213
1.74444e+09   -0.034195 -0.0779774  0.0158192 -4.07695 0.308643  9.10854
1.74444e+09  -0.0319579 -0.0691889  0.0131028 -4.06619 0.326587  9.06189
1.74444e+09  -0.0278034 -0.0572047 0.00814927 -4.09131 0.312231  9.03677
1.74444e+09   -0.018216 -0.0458596 0.00735032 -4.14873 0.322998  9.05112
1.74444e+09  -0.00287621  -0.0378702   0.0118244 -4.20615 0.351709  9.09419
1.74444e+09   0.0162985 -0.0404268   0.021252 -4.17744  0.38042  9.16956
1.74444e+09   0.0348341 -0.0557666  0.0300405 -4.06619 0.391187  9.23416
1.74444e+09   0.0474575 -0.0864462   0.036432 -3.93699 0.391187  9.25569
1.74444e+09  0.0520914 -0.131826 0.0383495 -3.80779 0.398364  9.23416
1.74444e+09  0.0503337 -0.188552  0.037231 -3.69294 0.427075   9.1875
1.74444e+09  0.0434628 -0.248153 0.0305198 -3.55298 0.462964  9.18391
1.74444e+09  0.0369114 -0.309353 0.0238087 -3.47043 0.502441  9.19468
1.74444e+09  0.0332363  -0.36448 0.0191748 -3.46326 0.563452  9.23416
1.74444e+09  0.0330765 -0.413216 0.0186954 -3.50632 0.606519  9.27363
1.74444e+09  0.0340352 -0.453643  0.021252 -3.54221 0.613696  9.29517
1.74444e+09  0.0337156 -0.484322 0.0262055 -3.56375 0.606519  9.30593
1.74444e+09  0.0255663 -0.505095 0.0290817 -3.52068 0.574219  9.25928
1.74444e+09  0.00862864  -0.519157  0.0258859  -3.4166 0.541919   9.2521
1.74444e+09  -0.0127832   -0.53146  0.0142213 -3.30176 0.484497  9.25928
1.74444e+09  -0.0343548  -0.545522 0.00207727 -3.24075 0.466553  9.35259
1.74444e+09   -0.0487358    -0.56246 -0.00495348 -3.24075  0.47373  9.52126
1.74444e+09    -0.050174   -0.584031 -0.00527306 -3.26228 0.491675  9.72583
1.74444e+09    -0.0386691    -0.608799 -0.000319579  -3.2551 0.495264  9.91245
1.74444e+09  -0.0186954  -0.637721 0.00703075 -3.16179 0.484497  10.0201
1.74444e+09  0.00351537  -0.671756  0.0124636 -2.95364 0.452197  10.0452
1.74444e+09  0.0223706   -0.7141 0.0118244 -2.70959 0.391187  9.98423
1.74444e+09   0.0313188  -0.761078 0.00415453 -2.51938  0.31582  9.91604
1.74444e+09     0.033396   -0.811572 -0.00607201 -2.43325 0.269165  9.85862
1.74444e+09     0.03036  -0.861905 -0.0140615 -2.44043  0.25481  9.84426
1.74444e+09   0.0274838  -0.910801 -0.0137419  -2.5158 0.240454  9.89092
1.74444e+09   0.0260457  -0.958099 -0.0046339 -2.54092 0.236865  9.91245
1.74444e+09   0.0244478   -1.00444 0.00814927 -2.50144 0.204565  9.89092
1.74444e+09  0.0207727  -1.04758 0.0204531 -2.44043 0.165088  9.85144
1.74444e+09  0.0111853  -1.08945 0.0278034 -2.30405 0.165088  9.82991
1.74444e+09  -0.00191748    -1.13051   0.0289219 -2.12102 0.175854  9.81555
1.74444e+09  -0.0183758   -1.17126  0.0258859 -1.92363 0.154321  9.80479
1.74444e+09  -0.0316384   -1.20833  0.0209324  -1.8052 0.179443  9.82273
1.74444e+09  -0.0369114   -1.23965  0.0183758 -1.72625 0.193799  9.86938
1.74444e+09  -0.0324373   -1.26857  0.0185356 -1.62935 0.226099   9.8981
1.74444e+09  -0.0252468   -1.29893  0.0175769 -1.46067 0.244043  9.89092
1.74444e+09  -0.0172573   -1.32961  0.0134223 -1.30994 0.261987  9.81555
1.74444e+09  -0.0142213   -1.35981 0.00543285 -1.16638 0.269165  9.76531
1.74444e+09   -0.0145409    -1.38921 -0.00591222 -1.00129 0.305054  9.78684
1.74444e+09  -0.0127832   -1.42341 -0.0188552 -0.861328  0.312231   9.84067
1.74444e+09  -0.00958738    -1.46367  -0.0289219 -0.785962  0.283521   9.85862
1.74444e+09  -0.00575243    -1.50122  -0.0369114 -0.79314 0.208154  9.85503
1.74444e+09  -0.00287621    -1.52471  -0.0431432 -0.893628  0.147144   9.84426
1.74444e+09   0.0015979   -1.52567 -0.0444215 -0.965405  0.100488   9.84426
1.74444e+09  0.00495348   -1.50714 -0.0426638 -0.868506  0.118433   9.82273
1.74444e+09  0.00639159   -1.47805 -0.0418649 -0.631641  0.118433   9.74736
1.74444e+09   0.0046339   -1.44002 -0.0455401 -0.387598  0.114844   9.67917
1.74444e+09  0.000639159    -1.39688  -0.0514523 -0.175854  0.132788   9.59663
1.74444e+09  -0.00335558    -1.35166  -0.0560862        0 0.197388   9.5428
1.74444e+09  -0.00367516    -1.30308  -0.0588026 0.114844 0.247632  9.53203
1.74444e+09  -0.00223706    -1.25131  -0.0599211 0.236865 0.279932  9.53921
1.74444e+09    0.003036   -1.19139 -0.0632767 0.358887 0.294287  9.62893
1.74444e+09  0.00958738   -1.12188 -0.0696683 0.491675 0.279932  9.70071
1.74444e+09   0.0193345   -1.04359 -0.0832504 0.707007 0.276343  9.66482
1.74444e+09   0.0247674   -0.96513 -0.0950749 0.872095 0.276343  9.58228
1.74444e+09  0.0297209  -0.88907 -0.103384  1.02283 0.326587  9.48896
1.74444e+09  0.0332363  -0.81317 -0.110255  1.10178 0.391187  9.40283
1.74444e+09   0.039468 -0.734074 -0.115208  1.10537 0.398364  9.32388
1.74444e+09  0.0503337 -0.650664 -0.117765  1.11255 0.384009  9.29875
1.74444e+09   0.061519 -0.564856 -0.122079  1.22021 0.416309  9.35618
1.74444e+09  0.0703075  -0.48608 -0.125754  1.35659 0.484497  9.48896
1.74444e+09  0.0701477  -0.41801 -0.127033  1.41042 0.527563  9.59663
1.74444e+09   0.061519 -0.365439 -0.120322  1.46067 0.599341  9.65764
1.74444e+09  0.0474575 -0.331244 -0.109296  1.56475 0.645996  9.61458
1.74444e+09   0.0332363  -0.318461 -0.0984304  1.71548 0.628052  9.56074
1.74444e+09   0.0231695  -0.324693 -0.0898018  1.84109 0.552686  9.49973
1.74444e+09   0.0147006  -0.344666 -0.0829308  1.90569 0.488086  9.49255
1.74444e+09  0.00894822   -0.37215 -0.0754207  1.86621 0.455786  9.53921
1.74444e+09    0.003036  -0.401232 -0.0685498 1.77649 0.47373 9.62893
1.74444e+09  -0.00543285   -0.429834  -0.0581634 1.61499 0.44502  9.8012
1.74444e+09  -0.00575243   -0.458756  -0.0418649   1.353 0.44502 10.0094
1.74444e+09  0.00591222  -0.495987 -0.0145409  1.46426 0.495264  10.1457
1.74444e+09    0.0196541   -0.546321 -0.00639159  2.04207 0.502441   9.8335
1.74444e+09   0.0175769  -0.614231 -0.0139017  2.46914 0.416309  9.26646
1.74444e+09  0.00671117  -0.689492 -0.0226901  2.66653 0.362476  8.94346
1.74444e+09  -0.000798948    -0.759161    -0.025087  2.66653 0.398364  8.93987
1.74444e+09  0.00287621  -0.807577 -0.0158192   2.4189 0.470142  9.18032
1.74444e+09   0.0116646  -0.826912 0.00191748  2.26816 0.484497   9.2198
1.74444e+09  0.00830906  -0.823556  0.0135821  2.39019 0.466553  9.14443
1.74444e+09  -0.00511327   -0.806938   0.0175769  2.53733 0.495264  9.02959
1.74444e+09  -0.024288 -0.777696  0.019015  2.60193 0.541919  9.03318
1.74444e+09  -0.0412257  -0.734234  0.0169377  2.55168 0.628052  9.18032
1.74444e+09  -0.0442617  -0.679585  0.0218912  2.44761 0.667529  9.42078
1.74444e+09  -0.0361125  -0.618546   0.027324  2.44761 0.631641  9.49973
1.74444e+09  -0.0287621  -0.557506  0.0317981  2.46555 0.567041  9.52844
1.74444e+09  -0.0226901  -0.504935  0.0359527  2.47632 0.470142  9.49614
1.74444e+09  -0.0276436  -0.457957  0.0340352  2.50144 0.419897  9.43872
1.74444e+09  -0.0412257  -0.415932  0.0327569  2.48708 0.437842  9.39565
1.74444e+09  -0.0540089  -0.377104  0.0292415  2.47991 0.531152  9.52126
1.74444e+09  -0.0589624  -0.338754  0.0233293   2.4835 0.556274  9.70071
1.74444e+09  -0.0528904  -0.306956  0.0175769  2.60193 0.563452  9.77249
1.74444e+09  -0.0426638  -0.284905  0.0105461 2.67371 0.60293 9.78325
1.74444e+09  -0.0279632    -0.2734 0.00671117  2.71318 0.624463  9.72583
1.74444e+09  -0.0139017  -0.272441 0.00814927  2.85674 0.559863  9.51409
1.74444e+09  -0.00639159   -0.282189   0.0092678  2.95364 0.477319  9.26646
1.74444e+09  0.00015979  -0.301204  0.0172573  3.01106 0.470142  9.08701
1.74444e+09  0.00798948  -0.324213  0.0276436  3.07925 0.488086   8.9291
1.74444e+09  0.0158192 -0.345785 0.0386691  3.16179 0.462964  8.83579
1.74444e+09   0.024288 -0.360965 0.0488956  3.20486 0.427075  8.74966
1.74444e+09  0.0305198 -0.370392 0.0588026  3.24075 0.434253  8.62764
1.74444e+09  0.0348341 -0.371191 0.0671117  3.27305 0.448608  8.51638
1.74444e+09   0.033396  -0.36432 0.0712662  3.29817 0.459375  8.36565
1.74444e+09  0.0233293 -0.346744  0.074462  3.24792 0.416309  8.19338
1.74444e+09  0.00319579  -0.318141  0.0773382  3.15103 0.366064  8.08931
1.74444e+09  -0.0231695  -0.280111  0.0806938  3.00029 0.366064  8.07136
1.74444e+09  -0.0472977  -0.231855  0.0886833  2.78137 0.430664  8.16467
1.74444e+09  -0.0621582  -0.179923   0.109296  2.36506 0.541919  8.30105
1.74444e+09  -0.0688693  -0.126234     0.1371  2.44043 0.523975  8.48049
1.74444e+09   -0.073663 -0.0685498   0.149244  2.81008 0.355298  8.37283
1.74444e+09   -0.0830906 -0.00127832    0.149403  2.95723 0.265576  8.14314
1.74444e+09  -0.0906007  0.0765392   0.149403  2.89622 0.344531  8.16108
1.74444e+09  -0.0941161   0.165702   0.147965  2.90698 0.394775  8.27593
1.74444e+09  -0.09875 0.262055 0.139017  3.01106 0.391187  8.34053
1.74444e+09  -0.101307  0.365119  0.125115  3.09719 0.391187  8.46255
1.74444e+09  -0.0963532   0.472977   0.108977  3.16538 0.387598  8.52356
1.74444e+09  -0.0856473    0.58499  0.0941161  3.15103 0.391187  8.59893
1.74444e+09  -0.0663127   0.701157  0.0832504   3.0613 0.419897  8.75325
1.74444e+09  -0.0468184   0.817164  0.0739826  3.02542 0.401953  8.83938
1.74444e+09  -0.0337156   0.925502  0.0634365  3.04695 0.326587  8.85015
1.74444e+09  -0.0294013    1.01722   0.050174  3.04695 0.265576  8.87886
1.74444e+09  -0.0271642    1.08993  0.0317981  2.99312 0.258398  9.03318
1.74444e+09  -0.0167779    1.14809   0.012144  2.87468 0.269165  9.19468
1.74444e+09  -0.00127832     1.19954 -0.00782969  2.77419 0.294287   9.3167
1.74444e+09    0.018216    1.24588 -0.0300405  2.62705 0.290698  9.32388
1.74444e+09   0.0316384    1.29238 -0.0482565  2.44402 0.276343  9.30234
1.74444e+09   0.0391485    1.33169 -0.0605603   2.2574 0.290698  9.36694
1.74444e+09   0.0413855    1.35438 -0.0664725  2.10667 0.269165   9.4136
1.74444e+09   0.0453803    1.35677 -0.0696683  1.95593 0.290698  9.54639
1.74444e+09   0.0480967     1.3499 -0.0707868  1.79802 0.276343  9.67559
1.74444e+09   0.0503337    1.34303 -0.0711064 1.65447 0.22251 9.72583
1.74444e+09   0.0479369    1.34223 -0.0717456  1.46785 0.193799   9.7366
1.74444e+09  0.0490554   1.34479 -0.065354  1.30276 0.168677  9.75454
1.74444e+09   0.0506533    1.34607 -0.0535295  1.16997 0.172266  9.75095
1.74444e+09   0.0495348     1.3384 -0.0377104  1.08743 0.186621  9.76172
1.74444e+09   0.0466586     1.3197 -0.0263653  1.00847 0.208154   9.8012
1.74444e+09   0.0466586    1.29062 -0.0164583  1.00129 0.215332  9.86221
1.74444e+09  0.0455401   1.25131 -0.015979  1.06948 0.161499  9.82991
1.74444e+09  0.0377104   1.20178 -0.024288  1.00847 0.147144  9.79761
1.74444e+09   0.0292415    1.15081 -0.0330765 0.803906 0.186621  9.77607
1.74444e+09  0.0194943   1.10702 -0.037231  0.53833 0.218921  9.74377
1.74444e+09   0.0126234    1.07698 -0.0353135 0.312231 0.244043  9.76172
1.74444e+09  0.00846885    1.06068 -0.0298807 0.258398 0.272754  9.79402
1.74444e+09  0.00543285    1.05046 -0.0295611 0.308643 0.287109   9.8981
1.74444e+09  0.00894822    1.04151 -0.0337156 0.340942 0.294287  10.0417
1.74444e+09   0.015979   1.03128 -0.039468 0.290698 0.251221  10.0488
1.74444e+09   0.0209324    1.02569 -0.0426638 0.111255 0.229688  9.99141
1.74444e+09   0.0169377    1.03224 -0.0441019 -0.0502441   0.276343    9.88015
1.74444e+09  0.00687096    1.05269 -0.0488956 -0.168677  0.330176   9.77966
1.74444e+09  -0.00511327     1.08705  -0.0565655 -0.240454  0.398364    9.7366
1.74444e+09  -0.0162985    1.12907 -0.0690291 -0.272754  0.491675   9.71865
1.74444e+09  -0.0231695    1.17014 -0.0848483 -0.276343  0.509619   9.67917
1.74444e+09  -0.0231695    1.20194  -0.104023 -0.355298  0.477319   9.65764
1.74444e+09  -0.0218912    1.22287  -0.119203 -0.541919  0.427075   9.61458
1.74444e+09  -0.0186954    1.23741  -0.123677 -0.839795  0.358887   9.61458
1.74444e+09  -0.0154996    1.24971  -0.118724 -1.18074 0.333765  9.68635
1.74444e+09  -0.0102265     1.2601   -0.10626 -1.45349 0.337354  9.77249
1.74444e+09  -0.00127832     1.26681  -0.0918791 -1.65447 0.373242  9.84067
1.74444e+09   0.0105461    1.26793 -0.0751011 -1.80161 0.384009  9.85144
1.74444e+09   0.0206129    1.26154 -0.0583232 -1.94158 0.358887   9.7689
1.74444e+09   0.0260457    1.25195 -0.0401072 -2.05283 0.326587  9.64329
1.74444e+09   0.0247674    1.24077 -0.0228499 -2.08872 0.279932  9.48179
1.74444e+09    0.0170975     1.22671 -0.00814927 -2.06001 0.236865   9.4136
1.74444e+09   0.00335558     1.20849 -0.00175769 -1.95952 0.290698  9.49255
1.74444e+09  -0.00527306     1.17797 -0.00351537 -1.84468 0.369653  9.62534
1.74444e+09  -0.00223706     1.13531 -0.00639159 -1.81597 0.423486  9.79761
1.74444e+09   0.00798948     1.07922 -0.00974717 -1.75137 0.459375  9.83708
1.74444e+09  0.0206129   1.01051 -0.018216 -1.76213 0.441431  9.79761
1.74444e+09   0.0298807   0.933811 -0.0271642 -1.89851 0.376831  9.72224
1.74444e+09   0.0338754   0.854076 -0.0337156  -2.1928 0.294287  9.64688
1.74444e+09    0.034195   0.771624 -0.0302002 -2.50862  0.22251  9.54639
1.74444e+09   0.0337156   0.690451 -0.0196541 -2.73831  0.25481  9.51768
1.74444e+09  0.0316384  0.612474 -0.012144 -2.86392 0.305054  9.61099
1.74444e+09   0.0274838   0.536574 -0.0110255 -3.05054 0.312231  9.72224
1.74444e+09   0.0236489    0.46355 -0.0131028  -3.2551 0.308643   9.7689
1.74444e+09   0.0186954   0.394521 -0.0175769 -3.44172 0.290698  9.72942
1.74444e+09   0.0124636   0.332363 -0.0161388 -3.61758 0.258398  9.66841
1.74444e+09   0.00527306    0.279632 -0.00894822 -3.70371 0.247632  9.58228
1.74444e+09  0.000798948    0.237607  0.00255663 -3.69653 0.297876   9.5751
1.74444e+09  0.00191748   0.209005  0.0150202 -3.55657 0.401953  9.58945
1.74444e+09  0.00639159   0.192547  0.0217314 -3.36277 0.498853  9.57151
1.74444e+09  0.0119842  0.185196 0.0214118 -3.24434 0.556274  9.56433
1.74444e+09  0.0158192  0.178485 0.0167779 -3.24434 0.595752  9.55715
1.74444e+09  0.0186954  0.167619 0.0132625 -3.29099 0.617285  9.50691
1.74444e+09  0.0161388  0.152919 0.0118244 -3.37354 0.606519  9.43872
1.74444e+09  0.0127832  0.134862 0.0139017 -3.43813 0.574219  9.36694
1.74444e+09  0.00798948   0.117765  0.0178964 -3.45967 0.595752   9.3167
1.74444e+09  0.000958738    0.103064    0.022051 -3.45608 0.635229  9.29875
1.74444e+09  -0.00591222   0.0931574    0.024288 -3.47043 0.642407  9.29158
1.74444e+09  -0.0123038  0.0867658  0.0263653 -3.48479 0.617285  9.27722
1.74444e+09  -0.0199737  0.0810134  0.0298807 -3.49915 0.588574   9.2521
1.74444e+09  -0.0284426  0.0735032   0.033396 -3.51709 0.559863  9.20544
1.74444e+09  -0.0365918  0.0639159   0.036432  -3.5135 0.534741  9.14802
1.74444e+09  -0.0455401  0.0477771  0.0401072 -3.50991 0.520386  9.13367
1.74444e+09  -0.0520914  0.0278034  0.0428236 -3.53145 0.520386  9.14084
1.74444e+09  -0.0564058 0.00495348  0.0458596 -3.53862 0.531152  9.16956
1.74444e+09  -0.0580036  -0.019015  0.0487358 -3.50991 0.531152  9.19109
1.74444e+09  -0.0557666 -0.0407464  0.0520914 -3.46685  0.50603  9.17673
1.74444e+09  -0.0528904 -0.0596015   0.056246  -3.4166 0.462964  9.13008
1.74444e+09  -0.0495348 -0.0701477  0.0596015 -3.35918 0.423486  9.16956
1.74444e+09  -0.0480967 -0.0757403  0.0616788  -3.3197 0.376831  9.27363
1.74444e+09  -0.0450607 -0.0782969  0.0632767 -3.30176 0.384009  9.41001
1.74444e+09  -0.0401072 -0.0762197  0.0624778  -3.2874 0.394775  9.52485
1.74444e+09   -0.034195 -0.0723847   0.058483 -3.25151 0.405542  9.59304
1.74444e+09  -0.0254066 -0.0695085  0.0504935 -3.21563 0.391187  9.62534
1.74444e+09  -0.0162985   -0.06839  0.0412257 -3.23716 0.369653  9.62175
1.74444e+09  -0.00639159  -0.0691889    0.033396 -3.24792  0.34812  9.56433
1.74444e+09  0.00223706 -0.0757403  0.0289219 -3.24792 0.308643  9.49255
1.74444e+09   0.0108657 -0.0867658   0.027324 -3.25151 0.290698  9.39924
1.74444e+09  0.0180562 -0.105781 0.0276436 -3.26587 0.297876   9.3813
1.74444e+09  0.0252468 -0.130229 0.0287621  -3.2874 0.301465  9.36694
1.74444e+09  0.0322775 -0.160748 0.0306796 -3.31611 0.312231  9.35618
1.74444e+09  0.0354733 -0.194784 0.0332363 -3.31611 0.319409  9.29517
1.74444e+09  0.0357929 -0.227061 0.0346744 -3.29817 0.308643  9.26287
1.74444e+09  0.0356331 -0.253906 0.0362723 -3.26228 0.279932  9.25928
1.74444e+09  0.0351537   -0.2734 0.0397876 -3.21204 0.247632  9.27004
1.74444e+09   0.034195 -0.290817 0.0429834 -3.17615 0.233276  9.27363
1.74444e+09  0.0319579 -0.304719 0.0472977 -3.18333 0.233276  9.30952
1.74444e+09  0.0286024 -0.320218 0.0480967 -3.13308 0.251221  9.32388
1.74444e+09   0.024288 -0.339873 0.0469782 -3.07566 0.287109  9.35259
1.74444e+09  0.0209324  -0.36464 0.0429834 -3.01106 0.319409  9.40283
1.74444e+09  0.0178964 -0.399155  0.037231  -2.8998 0.322998  9.43872
1.74444e+09  0.0154996 -0.441818 0.0321177 -2.80649 0.301465  9.46384
1.74444e+09  0.0131028  -0.49343 0.0289219 -2.74189 0.272754  9.52844
1.74444e+09  0.0108657 -0.549836 0.0298807 -2.73113 0.233276  9.59663
1.74444e+09  0.00735032  -0.609118  0.0357929 -2.70601 0.218921  9.69712
1.74444e+09  0.00527306  -0.669359  0.0426638 -2.65935 0.208154  9.82273
1.74444e+09  0.00287621  -0.727363   0.047138 -2.59834 0.240454  9.88374
1.74444e+09  -0.000319579    -0.778016    0.0444215 -2.53374 0.258398  9.90168
1.74444e+09  -0.00367516   -0.816845   0.0386691 -2.41531 0.294287  9.88374
1.74444e+09  -0.00798948   -0.846885   0.0279632 -2.27175 0.319409  9.85144
1.74444e+09  -0.0102265  -0.869575  0.0199737 -2.18921 0.319409  9.84426
1.74444e+09  -0.0116646  -0.886513  0.0164583 -2.11025 0.301465  9.88374
1.74444e+09  -0.0127832  -0.898977  0.0164583 -2.00977 0.319409   9.9304
1.74444e+09  -0.0123038  -0.905848  0.0206129 -1.94875 0.337354  10.0237
1.74444e+09  -0.00958738   -0.910162   0.0257261  -1.8375 0.358887  10.0704
1.74444e+09  -0.00751011   -0.917033   0.0300405 -1.65806 0.369653  10.0991
1.74444e+09  -0.00575243   -0.928058   0.0290817 -1.47861  0.38042  10.1063
1.74444e+09  -0.00479369   -0.944197   0.0270045 -1.33506 0.384009  10.0955
1.74444e+09  -0.00687096    -0.96465   0.0239684 -1.24534 0.384009  10.0345
1.74444e+09  -0.00958738     -0.9875    0.022051  -1.2238 0.373242  10.0309
1.74444e+09  -0.0124636   -1.01195  0.0230097 -1.24534 0.376831  10.0488
1.74444e+09  -0.0135821   -1.03208  0.0278034 -1.24175 0.405542  10.1063
1.74444e+09  -0.0111853    -1.0471  0.0314786  -1.1592 0.441431  10.1457
1.74444e+09  -0.00751011    -1.06004    0.034195 -1.00488 0.466553  10.1744
1.74444e+09  -0.00255663    -1.07554   0.0300405 -0.771606  0.462964   10.1565
1.74444e+09  -0.00255663     -1.0928   0.0198139 -0.534741  0.430664    10.074
1.74444e+09  -0.0062318   -1.11501 0.00543285 -0.391187  0.423486   10.0309
1.74444e+09  -0.00782969    -1.13674 -0.00431432 -0.330176  0.430664   10.0022
1.74444e+09  -0.00415453    -1.16023 -0.00639159 -0.279932  0.498853   10.0668
1.74444e+09   0.00894822      -1.185 -0.00271642 -0.197388   0.53833   10.1637
1.74444e+09  0.025087  -1.2136       -0 -0.0753662   0.523975    10.1816
1.74444e+09   0.0381897   -1.24364 -0.0015979 0.0502441  0.459375   10.1493
1.74444e+09    0.043303   -1.26809 -0.0116646 0.161499 0.394775  10.0704
1.74444e+09   0.0401072   -1.28854 -0.0270045 0.233276 0.279932   9.9627
1.74444e+09   0.0289219   -1.30149 -0.0415453 0.247632 0.229688  9.89092
1.74444e+09   0.0147006   -1.31123 -0.0479369 0.279932 0.265576  9.85503
1.74444e+09  0.00639159   -1.32226 -0.0444215 0.337354 0.319409  9.86221
1.74444e+09  0.00287621   -1.32833 -0.0325971 0.427075 0.333765   9.8658
1.74444e+09  -0.00015979    -1.32977  -0.0201335 0.567041 0.319409   9.8658
1.74444e+09  -0.00495348    -1.32785  -0.0134223 0.685474 0.319409  9.83708
1.74444e+09   -0.0110255    -1.32418 -0.00431432 0.821851 0.333765  9.80837
1.74444e+09  -0.0188552   -1.31795 0.00479369 0.943872 0.340942  9.69712
1.74444e+09  -0.0321177   -1.30356  0.0127832  1.05154 0.308643  9.57151
1.74444e+09  -0.0500142   -1.28087  0.0218912  1.11973 0.258398   9.4782
1.74444e+09  -0.0672714   -1.25051  0.0338754  1.16279 0.269165  9.44949
1.74444e+09  -0.0795753   -1.21408  0.0503337  1.17715 0.290698  9.47461
1.74444e+09  -0.0837298   -1.17222  0.0719053   1.2238 0.294287  9.47461
1.74444e+09  -0.0858071   -1.12588  0.0917193  1.33865 0.287109  9.37053
1.74444e+09  -0.0915595   -1.08018   0.104183  1.54321 0.261987  9.28799
1.74444e+09  -0.105142  -1.03799  0.109935  1.75137 0.233276  9.18391
1.74444e+09  -0.124636  -1.00316  0.112652  1.91287 0.208154  9.13008
1.74444e+09  -0.142692 -0.975516  0.114889 2.02771 0.19021 9.13008
1.74444e+09  -0.153558 -0.950589  0.118404  2.10308 0.240454  9.19827
1.74444e+09  -0.151481 -0.928378  0.123517  2.16768 0.265576  9.29875
1.74444e+09  -0.138857 -0.908244  0.127352   2.2897 0.301465  9.37053
1.74444e+09  -0.119682 -0.894343  0.126713  2.44761 0.312231  9.37771
1.74444e+09  -0.101466 -0.884596  0.122239  2.60193 0.261987  9.29875
1.74444e+09  -0.0966727  -0.876287   0.114889 2.72395 0.22251  9.1552
1.74444e+09  -0.101307 -0.867019  0.103863  2.79932 0.218921   9.0906
1.74444e+09  -0.110095  -0.85823 0.0955542  2.78496 0.226099  9.08342
1.74444e+09  -0.114729 -0.849761 0.0928378  2.82085 0.276343  9.13008
1.74444e+09  -0.111693 -0.840653 0.0899616  3.00388 0.244043  9.13367
1.74444e+09  -0.104023 -0.828669 0.0814927  3.16179 0.272754  9.15879
1.74444e+09  -0.0877245  -0.815407  0.0735032   3.2228 0.333765  9.19468
1.74444e+09   -0.06839 -0.801185 0.0659931   3.3197 0.319409  9.20186
1.74444e+09  -0.055447 -0.785686 0.0568851  3.42378 0.251221  9.08701
1.74444e+09  -0.0514523   -0.76763  0.0453803  3.45967 0.204565  8.98293
1.74444e+09  -0.0516121  -0.748135   0.033396  3.52068 0.172266  8.88962
1.74444e+09  -0.0511327  -0.730399  0.0228499   3.5781 0.172266  8.87886
1.74444e+09  -0.0452205  -0.718095  0.0145409  3.59604 0.193799  8.93269
1.74444e+09  -0.0300405  -0.705951 0.00974717  3.62117 0.179443  8.92551
1.74444e+09  -0.0140615  -0.693327 0.00894822   3.67859 0.0933105   8.85015
1.74444e+09  -0.00543285    -0.67575  0.00910801   3.73601 0.0717773   8.77119
1.74444e+09  -0.00527306   -0.655138   0.0124636   3.76113 0.0645996   8.70659
1.74444e+09  -0.00942759   -0.632447   0.0167779   3.77549 0.0358887   8.65635
1.74444e+09  -0.0140615  -0.610237  0.0196541   3.80779 0.0179443   8.65276
1.74444e+09  -0.0143811  -0.588825  0.0226901   3.82214 0.0215332   8.71018
1.74444e+09  -0.00814927   -0.564856   0.0238087   3.82573 0.0394775   8.73889
1.74444e+09  0.00319579  -0.539769  0.0222108   3.89033 0.0394775   8.74607
1.74444e+09  0.0154996 -0.515481 0.0199737    3.95493 0.00717773    8.67788
1.74444e+09   0.025087 -0.491034 0.0174171    4.00159 0.00358887    8.65994
1.74444e+09  0.0292415 -0.466905 0.0172573    4.05901 0.00358887    8.57739
1.74444e+09  0.0239684 -0.445813 0.0177367     4.0949 -0.0143555    8.49126
1.74444e+09  0.0139017 -0.424082 0.0186954    4.11643 -0.0143555    8.46973
1.74444e+09  0.00719053  -0.405706  0.0218912    4.14155 0.00358887    8.48408
1.74444e+09  0.0092678 -0.388289 0.0254066  4.20615 0.053833  8.55227
1.74444e+09  0.0207727 -0.372629 0.0265251  4.30664 0.118433   8.6061
1.74444e+09  0.0349939 -0.355692 0.0236489  4.37842 0.132788  8.64558
1.74444e+09  0.0391485 -0.337316 0.0223706  4.43943 0.132788  8.55945
1.74444e+09  0.0266849 -0.316703 0.0204531  4.44661 0.129199  8.51638
1.74444e+09  0.00399474  -0.294492  0.0230097  4.45737 0.132788  8.49844
1.74444e+09  -0.0191748  -0.274838  0.0279632   4.4825 0.139966   8.4769
1.74444e+09  -0.0349939  -0.257901  0.0338754  4.49326 0.154321  8.51638
1.74444e+09  -0.0354733   -0.24336  0.0378702 4.52197 0.15791 8.62764
1.74444e+09  -0.021252 -0.228339 0.0354733  4.61528 0.179443  8.60969
1.74444e+09  0.00175769  -0.215556  0.0252468  4.72654 0.197388  8.51997
1.74444e+09   0.0278034  -0.202773 0.00910801  4.79473 0.165088   8.4123
1.74444e+09   0.0447411  -0.188712 -0.0092678  4.79473 0.104077  8.27952
1.74444e+09   0.0482565  -0.172093 -0.0249272   4.70859 0.0717773   8.17903
1.74444e+09  0.0434628   -0.1518 -0.034195   4.60093 0.0466553   8.10366
1.74444e+09   0.0388289  -0.130229 -0.0367516   4.50403 0.0394775   8.10725
1.74444e+09   0.0449009  -0.104822 -0.0370712   4.47532 0.0430664   8.13237
1.74444e+09   0.0586428 -0.0747816  -0.037231   4.46096 0.0466553   8.17185
1.74444e+09   0.0746218 -0.0425041 -0.0389887  4.46455 0.053833  8.12161
1.74444e+09    0.0875647 -0.00719053  -0.0425041  4.49685 0.053833  8.07495
1.74444e+09   0.0949151  0.0282828 -0.0479369   4.50762 0.0322998   8.03547
1.74444e+09  0.0942759 0.0666323 -0.050174   4.46096 0.0107666   7.98523
1.74444e+09   0.0843689   0.109296 -0.0498544   4.41072 0.0179443   7.97805
1.74444e+09  0.0695085  0.156913 -0.046339   4.38201 0.0430664   8.01753
1.74444e+09   0.0602407   0.210443 -0.0428236   4.3856 0.107666  8.11084
1.74444e+09    0.059282   0.271003 -0.0378702   4.3856 0.154321  8.22927
1.74444e+09    0.062318    0.33444 -0.0335558  4.40713 0.154321  8.29746
1.74444e+09   0.0672714   0.396918 -0.0309992  4.43225 0.143555  8.36206
1.74444e+09  0.0695085  0.459715  -0.03036  4.40713 0.143555  8.34053
1.74444e+09   0.0588026   0.523631 -0.0292415  4.40713 0.139966  8.18621
1.74444e+09    0.037231   0.590423 -0.0284426  4.34612 0.143555  8.07854
1.74444e+09   0.0150202   0.663766 -0.0247674  4.24204 0.168677  8.07495
1.74444e+09  0.000958738    0.739986  -0.0178964 4.15591 0.19021 8.17544
1.74444e+09  -0.0046339   0.816046 -0.0107059  4.08413 0.161499  8.28311
1.74444e+09  -0.00431432     0.88875 -0.00543285  4.01235 0.165088  8.39795
1.74444e+09            0    0.955702 -0.00383495  3.94058 0.186621  8.49844
1.74444e+09   0.00719053      1.0193 -0.00703075  3.85085 0.183032  8.53433
1.74444e+09   0.0150202    1.08769 -0.0127832  3.71807 0.154321   8.5415
1.74444e+09   0.0162985    1.16263 -0.0196541  3.56733 0.114844  8.45537
1.74444e+09  0.00942759      1.247 -0.0302002  3.36277 0.122021   8.4446
1.74444e+09  0.00255663    1.33584 -0.0383495  3.16897 0.147144  8.53433
1.74444e+09  0.00367516    1.41606 -0.0418649  3.05054 0.150732  8.68506
1.74444e+09  0.00910801    1.47694 -0.0441019  2.88545 0.165088  8.81426
1.74444e+09   0.0177367    1.51896 -0.0410659 2.71318 0.19021  8.9291
1.74444e+09   0.0278034    1.55316 -0.0365918  2.50503 0.208154  9.01165
1.74444e+09   0.0369114    1.58767 -0.0319579  2.32917 0.183032  9.10137
1.74444e+09   0.0469782    1.62682 -0.0302002 2.21074 0.15791 9.13367
1.74444e+09   0.0552872    1.66804 -0.0300405  2.15332 0.172266  9.17673
1.74444e+09   0.0600809    1.70368 -0.0306796  2.11384 0.172266  9.20903
1.74444e+09   0.0627973    1.72669 -0.0346744  2.13179 0.226099   9.2844
1.74444e+09   0.0604005    1.72605 -0.0445813   2.1605 0.261987  9.34541
1.74444e+09   0.0557666    1.69169 -0.0527306  2.08154 0.326587  9.45667
1.74444e+09   0.0519316    1.63177 -0.0589624  1.97029 0.362476  9.58945
1.74444e+09   0.0484163    1.55555 -0.0624778  1.81956 0.344531  9.62534
1.74444e+09  0.0413855   1.48237 -0.065354  1.62576 0.366064  9.57151
1.74444e+09  0.0309992   1.42373  -0.06839  1.46426 0.394775  9.57151
1.74444e+09   0.0239684    1.38026 -0.0717456  1.36736 0.409131    9.672
1.74444e+09   0.0239684    1.34463 -0.0747816  1.33147 0.409131  9.82273
1.74444e+09   0.0286024    1.30788 -0.0806938  1.24893 0.441431  9.98064
1.74444e+09   0.036432   1.27177 -0.086606  1.08384 0.455786  10.1206
1.74444e+09   0.049375   1.24141 -0.089642 0.861328  0.41272  10.2103
1.74444e+09   0.0599211    1.21983 -0.0921986 0.710596 0.322998  10.0955
1.74444e+09   0.0602407    1.20929 -0.0947553 0.617285 0.312231  9.84426
1.74444e+09   0.0514523    1.21009 -0.0917193 0.502441 0.297876  9.68994
1.74444e+09   0.0393083    1.21824 -0.0861266 0.358887 0.276343   9.6397
1.74444e+09    0.025087    1.23549 -0.0846885 0.247632 0.290698    9.672
1.74444e+09   0.0147006    1.25483 -0.0872452 0.143555 0.279932  9.74019
1.74444e+09    0.003036    1.26905 -0.0912399 0.0107666  0.269165   9.77249
1.74444e+09  -0.0119842    1.27704 -0.0971521 -0.15791 0.265576  9.78684
1.74444e+09  -0.0239684    1.27864 -0.0961934 -0.344531  0.244043   9.75813
1.74444e+09  -0.0343548    1.27528 -0.0886833 -0.498853  0.193799   9.71506
1.74444e+09  -0.0426638    1.26074 -0.0751011 -0.620874  0.175854   9.66482
1.74444e+09  -0.0495348    1.23741 -0.0599211 -0.757251  0.200977   9.65764
1.74444e+09  -0.0599211    1.21137 -0.0476173 -0.850562  0.279932   9.68276
1.74444e+09  -0.0722249    1.18979 -0.0420247 -0.940283  0.351709   9.71147
1.74444e+09   -0.086606    1.17717 -0.0436226 -0.990527  0.416309   9.72224
1.74444e+09  -0.0982706    1.17046 -0.0520914 -0.997705  0.437842   9.74377
1.74444e+09   -0.104023    1.16055 -0.0634365 -1.03718 0.427075  9.79402
1.74444e+09   -0.101307    1.14074 -0.0658333 -1.22021 0.405542  9.83708
1.74444e+09  -0.0944357    1.10862  -0.056246 -1.50015 0.384009  9.89451
1.74444e+09  -0.0818123    1.06739 -0.0357929 -1.69036 0.416309  9.94475
1.74444e+09  -0.0669519    1.02297 -0.0127832  -1.7729 0.441431  9.97705
1.74444e+09  -0.0479369   0.975995 0.00591222  -1.7729 0.452197    9.995
1.74444e+09  -0.025087  0.928538 0.0169377 -1.73342 0.455786  9.99858
1.74444e+09  0.000639159    0.883477   0.0193345  -1.7729 0.416309  9.99858
1.74444e+09  0.0230097  0.840014 0.0180562 -1.92004 0.373242  10.0022
1.74444e+09  0.0407464  0.794634 0.0167779 -2.05642 0.305054  9.96628
1.74444e+09   0.047138    0.7443 0.0127832 -2.17485 0.269165  9.87297
1.74444e+09   0.0444215   0.690451 0.00575243 -2.31482 0.269165  9.79761
1.74444e+09    0.0369114     0.63804 -0.00143811 -2.44402 0.290698   9.7366
1.74444e+09    0.0295611    0.589624 -0.00575243 -2.53733 0.301465  9.68276
1.74444e+09    0.0258859    0.550156 -0.00830906 -2.59834 0.337354    9.672
1.74444e+09    0.0270045    0.518038 -0.00942759 -2.67371 0.340942  9.67559
1.74444e+09    0.0348341    0.491833 -0.00591222 -2.78496 0.308643  9.71506
1.74444e+09    0.0428236    0.465947 -0.00111853 -2.83521 0.269165  9.69712
1.74444e+09   0.0428236   0.436226 0.00207727  -2.8675 0.279932  9.66482
1.74444e+09   0.0353135   0.400752 0.00543285 -2.87468  0.31582  9.63252
1.74444e+09   0.0244478   0.359687 0.00958738 -2.84238 0.362476  9.61458
1.74444e+09  0.0142213  0.316703 0.0115049 -2.76343 0.409131  9.58945
1.74444e+09  0.00591222   0.274199  0.0111853 -2.65576 0.423486  9.56074
1.74444e+09  0.00111853   0.236489 0.00591222 -2.55527 0.434253  9.54998
1.74444e+09  -0.000319579     0.206288   0.00015979 -2.58757 0.423486   9.5751
1.74444e+09   0.00015979    0.184237 -0.00111853 -2.74907 0.376831  9.62893
1.74444e+09  0.000798948    0.170336  0.00351537 -2.93928 0.344531  9.68994
1.74444e+09  0.00127832   0.163145  0.0105461 -3.09719 0.340942   9.7689
1.74444e+09  -0.00015979    0.158831   0.0167779 -3.20486 0.358887  9.84426
1.74444e+09  -0.000479369     0.153877    0.0228499 -3.23716 0.366064  9.93757
1.74444e+09          0  0.143172 0.0282828  -3.1582 0.330176  9.95193
1.74444e+09  0.00015979   0.125595  0.0313188 -3.00029 0.322998  9.91963
1.74444e+09  -0.00399474   0.0998685   0.0300405 -2.87468 0.294287  9.82273
1.74444e+09  -0.0110255  0.0677508  0.0284426 -2.79214 0.269165  9.77966
1.74444e+09  -0.0174171  0.0346744  0.0284426 -2.72395  0.22251   9.7366
1.74444e+09  -0.0241282         -0  0.0274838   -2.645 0.208154  9.68276
1.74444e+09  -0.0335558 -0.0321177  0.0249272 -2.60193  0.22251  9.62175
1.74444e+09  -0.0442617 -0.0621582  0.0204531 -2.59834 0.229688  9.61458
1.74444e+09  -0.0556068 -0.0894822   0.019015 -2.62705 0.204565  9.61099
1.74444e+09  -0.0658333  -0.115848  0.0169377 -2.67012 0.186621  9.64329
1.74444e+09  -0.0731837  -0.140295  0.0207727 -2.77061  0.15791  9.64688
1.74444e+09  -0.0776578  -0.165702  0.0268447 -2.80649 0.132788  9.60381
1.74444e+09  -0.0802144  -0.193825  0.0332363 -2.78137 0.118433  9.56792
1.74444e+09  -0.0822917  -0.226901  0.0393083 -2.74189 0.122021  9.56074
1.74444e+09  -0.0867658  -0.263333  0.0431432 -2.72036 0.139966  9.55356
1.74444e+09  -0.0937965  -0.302482  0.0437824 -2.75266 0.139966  9.58945
1.74444e+09  -0.104343 -0.340831 0.0441019 -2.78855 0.111255   9.5751
1.74444e+09   -0.12176  -0.37998 0.0421845  -2.76702 0.0753662   9.50332
1.74444e+09  -0.147965 -0.417051 0.0353135  -2.70959 0.0143555   9.41001
1.74444e+09  -0.181841  -0.45572 0.0300405   -2.66653 -0.0466553    9.28799
1.74444e+09  -0.224025 -0.492632 0.0292415   -2.67012 -0.0968994    9.22339
1.74444e+09  -0.269725 -0.525388 0.0327569  -2.69883 -0.100488   9.27363
1.74444e+09  -0.315904 -0.556068 0.0386691   -2.69883 -0.0753662    9.34541
1.74444e+09  -0.365918 -0.586108 0.0449009   -2.66294 -0.0897217    9.36335
1.74444e+09  -0.422164 -0.618226 0.0472977 -2.56963 -0.12561  9.34182
1.74444e+09  -0.488317 -0.649385 0.0441019  -2.45479 -0.193799   9.27722
1.74444e+09  -0.563738 -0.677029 0.0354733  -2.40095 -0.251221   9.19109
1.74444e+09  -0.646509 -0.699719 0.0284426  -2.36865 -0.305054   9.08701
1.74444e+09  -0.724007 -0.717136 0.0276436  -2.36147 -0.269165   9.14443
1.74444e+09  -0.785366 -0.725285 0.0308394  -2.26458 -0.161499   9.29158
1.74444e+09  -0.827551 -0.726723 0.0343548  -2.12102 -0.139966   9.45667
1.74444e+09  -0.851359 -0.720971 0.0356331  -1.99541 -0.186621   9.65046
1.74444e+09  -0.863823 -0.712023 0.0321177  -1.85903 -0.272754   9.72583
1.74444e+09  -0.879962 -0.700198 0.0214118  -1.76572 -0.384009   9.69353
1.74444e+09   -0.904729  -0.687255 0.00910801   -1.7406 -0.516797    9.6397
1.74444e+09  -0.939883 -0.673673 -0.003036   -1.7406 -0.645996   9.51409
1.74444e+09   -0.987181  -0.656895 -0.0147006  -1.75854 -0.692651   9.51409
1.74444e+09    -1.03799  -0.636602 -0.0231695  -1.75137 -0.714185    9.5428
1.74444e+09    -1.08257   -0.61503 -0.0263653  -1.66165 -0.742896   9.51409
1.74444e+09    -1.11341  -0.595696 -0.0239684  -1.57192 -0.811084   9.56074
1.74444e+09    -1.12923  -0.573485 -0.0158192  -1.50374 -0.911572   9.62534
1.74444e+09     -1.13626   -0.548238 -0.00367516 -1.46426 -1.00488  9.63611
1.74444e+09    -1.14074  -0.519157 0.00495348  -1.3853 -1.12332  9.56074
1.74444e+09    -1.15192  -0.488797 0.00687096  -1.3207 -1.24893  9.43154
1.74444e+09     -1.17413   -0.456199 0.000798948 -1.28123 -1.38889   9.3813
1.74444e+09    -1.19858  -0.420886 -0.0092678 -1.18792 -1.44272  9.37412
1.74444e+09    -1.21312  -0.383975 -0.0225303 -1.01206 -1.50732  9.38489
1.74444e+09   -1.21296 -0.352816 -0.036432 -0.818262  -1.61858   9.42437
1.74444e+09    -1.19762  -0.332682 -0.0487358 -0.667529   -1.7406   9.44231
1.74444e+09    -1.17381   -0.31942 -0.0618386 -0.57063 -1.83391  9.48179
1.74444e+09    -1.14745  -0.309033 -0.0789361 -0.509619  -1.91646   9.47461
1.74444e+09    -1.1278 -0.297209 -0.102106 -0.523975  -2.02053   9.47102
1.74444e+09   -1.10766 -0.281869 -0.127033 -0.581396  -2.09231   9.52844
1.74444e+09   -1.08178 -0.264292 -0.152599 -0.610107  -2.17126   9.61458
1.74444e+09   -1.04598 -0.246875 -0.176887 -0.523975  -2.30046   9.66841
1.74444e+09   -1.00092 -0.236009 -0.200536 -0.462964  -2.43684   9.62534
1.74444e+09  -0.952346   -0.2277 -0.222427 -0.434253  -2.56245   9.52126
1.74444e+09  -0.906167 -0.221788  -0.24336 -0.488086  -2.68088   9.43872
1.74444e+09  -0.863344 -0.214917 -0.259818 -0.624463  -2.78137   9.42795
1.74444e+09  -0.824834 -0.207247 -0.270684 -0.692651  -2.91057   9.42078
1.74444e+09  -0.795273 -0.198938 -0.282987 -0.66394 -3.04336  9.37412
1.74444e+09  -0.776897 -0.187433 -0.298807 -0.563452  -3.15103    9.2521
1.74444e+09  -0.767949 -0.173851 -0.317981 -0.459375   -3.2551   9.16956
1.74444e+09  -0.754047 -0.163784 -0.335718 -0.373242  -3.34124   9.14443
1.74444e+09  -0.730558 -0.161707 -0.344347 -0.305054  -3.45608   9.07266
1.74444e+09  -0.702595  -0.16698 -0.345785 -0.272754  -3.57451   8.99729
1.74444e+09  -0.670318 -0.175289 -0.339873 -0.330176  -3.64988   9.00447
1.74444e+09  -0.629731    -0.182 -0.328368 -0.337354  -3.73242   9.01165
1.74444e+09  -0.589624 -0.185196  -0.31894 -0.322998  -3.80779   8.97935
1.74444e+09  -0.553032  -0.18232 -0.310152 -0.301465  -3.91187   8.96499
1.74444e+09  -0.523311 -0.172733  -0.30376 -0.251221  -4.03748   8.93269
1.74444e+09  -0.495348 -0.159949 -0.296889 -0.161499  -4.12002   8.94346
1.74444e+09  -0.466905 -0.143651 -0.289219 -0.122021  -4.24204   8.91833
1.74444e+09  -0.439741 -0.123997 -0.283147 -0.118433  -4.36047   8.94705
1.74444e+09  -0.412417 -0.101466 -0.274678 -0.154321  -4.42866   8.99011
1.74444e+09   -0.378062 -0.0776578  -0.260617 -0.15791 -4.39277  9.04395
1.74444e+09   -0.331244 -0.0568851  -0.238566 -0.139966  -4.33535   9.06907
1.74444e+09   -0.272282 -0.0385093  -0.211242 -0.0897217   -4.30664    9.02959
1.74444e+09   -0.208366 -0.0258859  -0.184397       0  -4.321 8.87527
1.74444e+09   -0.149403 -0.0172573  -0.165382 0.0179443  -4.46455   8.72454
1.74444e+09    -0.112332 -0.00719053   -0.157712 -0.129199  -4.67629   8.68147
1.74444e+09  -0.0945955  0.0076699  -0.154037 -0.333765  -4.79832   8.72095
1.74444e+09  -0.0882039   0.025087  -0.148125 -0.448608   -4.8342   8.80349
1.74444e+09  -0.0776578  0.0407464  -0.139177 -0.488086  -4.79832    8.9291
1.74444e+09  -0.0522512  0.0503337  -0.122399 -0.373242  -4.68706   9.00806
1.74444e+09  -0.00607201   0.0495348   -0.100508 -0.215332  -4.57222   9.04395
1.74444e+09   0.0631169   0.040267 -0.0727043 -0.0251221   -4.48608    9.03677
1.74444e+09    0.142053  0.0257261 -0.0445813 0.114844 -4.46096  8.94346
1.74444e+09    0.215556   0.012144 -0.0258859 0.104077 -4.55068  8.87168
1.74444e+09    0.265411 0.00862864 -0.0194943 -0.0394775   -4.65476    8.87168
1.74444e+09    0.294972  0.0162985 -0.0249272 -0.265576  -4.72654   9.01523
1.74444e+09    0.318301  0.0340352 -0.0351537 -0.477319  -4.73013   9.40283
1.74444e+09    0.351218  0.0560862 -0.0426638 -0.552686  -4.66194   9.68276
1.74444e+09    0.390686  0.0746218 -0.0474575 -0.430664  -4.52556   9.71506
1.74444e+09    0.435427   0.079735 -0.0461792 -0.233276  -4.34253   9.64688
1.74444e+09      0.4864  0.0672714 -0.0370712 -0.0825439   -4.15591    9.50691
1.74444e+09    0.540888  0.0396278 -0.0210922 0.0287109  -3.95852   9.32388
1.74444e+09     0.595376  0.00175769 -0.00127832 0.129199 -3.82214  9.20903
1.74444e+09    0.64555 -0.039468 0.0140615 0.226099  -3.7719  9.14443
1.74444e+09    0.684859 -0.0738228  0.0143811 0.269165 -3.75396  9.20903
1.74444e+09    0.723048 -0.0976315 0.00239684  0.12561 -3.71807  9.45667
1.74444e+09    0.767949  -0.108977 -0.0131028 -0.0502441   -3.70012    9.69712
1.74444e+09    0.815407  -0.111853 -0.0298807 -0.0933105    -3.7073    9.83708
1.74444e+09    0.863983  -0.111373 -0.0455401 -0.0825439    -3.6427    9.79761
1.74444e+09    0.910002  -0.110574 -0.0570449 -0.107666  -3.45608   9.72583
1.74444e+09    0.961614  -0.103384 -0.0568851 -0.319409  -3.33047   9.68635
1.74444e+09        1.03 -0.0882039 -0.0437824 -0.150732  -3.41301    9.8981
1.74444e+09     1.09696 -0.0725445 -0.0361125 -0.104077  -3.29817    9.7043
1.74444e+09     1.14921 -0.0540089 -0.0270045 -0.419897  -3.28022    9.7689
1.74444e+09     1.19107 -0.0345146 -0.0113451 -0.574219   -3.3197   9.82991
1.74444e+09      1.21312  -0.0218912 -0.00175769 -0.484497  -3.33765   9.55356
1.74444e+09     1.20913 -0.0289219 0.00942759 -0.516797  -3.26228    9.3167
1.74444e+09     1.19251 -0.0519316  0.0309992 -0.592163  -3.19768   9.19468
1.74444e+09     1.17222 -0.0843689  0.0627973 -0.610107  -3.04695   9.17314
1.74444e+09    1.15863 -0.115528  0.100348 -0.638818  -2.88904   9.30593
1.74444e+09    1.15816 -0.138857  0.141414 -0.685474  -2.75984   9.52126
1.74444e+09    1.16231 -0.150841  0.179284 -0.707007  -2.69524   9.60381
1.74444e+09    1.16327 -0.150682  0.208685 -0.645996  -2.67012   9.59663
1.74444e+09    1.15784 -0.142532  0.229138 -0.577808  -2.69165   9.54998
1.74444e+09    1.14425 -0.131507  0.241602 -0.513208  -2.68806   9.48179
1.74444e+09    1.12859 -0.123837  0.248952 -0.434253  -2.52656   9.42078
1.74444e+09    1.12188 -0.125115  0.256942 -0.308643  -2.29688   9.42795
1.74444e+09    1.12045 -0.132146  0.267967 -0.139966  -2.09231   9.38848
1.74444e+09    1.12492 -0.142373  0.277714 -0.00717773    -1.87698     9.35977
1.74444e+09     1.1409 -0.150042  0.286503 0.0179443  -1.71907   9.40642
1.74444e+09    1.15768 -0.148924  0.293214 -0.0287109   -1.61499    9.46025
1.74444e+09   1.16758  -0.1371 0.295132 -0.118433  -1.53245   9.46025
1.74444e+09    1.1679 -0.11361 0.290977 -0.172266  -1.43555   9.42795
1.74444e+09     1.16311 -0.0830906   0.282348 -0.161499   -1.2884   9.45308
1.74444e+09     1.16551 -0.0455401   0.271483 -0.114844   -1.1269   9.56433
1.74444e+09      1.18085 -0.00511327     0.25822 -0.0574219  -0.954639    9.74019
1.74444e+09    1.20961 0.0322775  0.245437         0 -0.818262   9.86221
1.74444e+09    1.23949 0.0656736   0.23569 0.0358887 -0.714185   9.84785
1.74444e+09    1.26202 0.0973119  0.222427 0.0287109 -0.638818   9.72583
1.74444e+09   1.26777 0.129749 0.205809 -0.053833 -0.588574   9.58586
1.74444e+09   1.25611 0.162187 0.186634 -0.161499 -0.509619   9.47461
1.74444e+09   1.23885 0.188552 0.173372 -0.258398 -0.340942   9.44949
1.74444e+09   1.22175 0.207407 0.165542 -0.283521 -0.111255   9.47461
1.74444e+09    1.2144 0.218752 0.164264 -0.322998  0.107666   9.55356
1.74444e+09   1.21951 0.223386 0.170815 -0.358887  0.297876   9.63611
1.74444e+09   1.23182 0.224185 0.179124 -0.384009  0.355298   9.62893
1.74444e+09   1.23837 0.223226 0.179124 -0.362476  0.276343   9.48179
1.74444e+09   1.22207   0.2277 0.166181 -0.38042 0.200977  9.30234
1.74444e+09   1.18915 0.238087 0.151481 -0.44502 0.261987  9.17314
1.74444e+09   1.14697 0.248633  0.14397 -0.41272 0.484497  9.02241
1.74444e+09   1.09807 0.254225 0.145568 -0.279932  0.836206   8.90757
1.74444e+09   1.05094 0.251829 0.149244 -0.200977   1.13049   8.94346
1.74444e+09   1.01147 0.248633 0.155795 -0.154321    1.2561   9.01523
1.74444e+09  0.980949 0.247354 0.160269 -0.100488   1.28481   9.11213
1.74444e+09  0.957939 0.249911 0.160269 -0.0861328    1.34224    9.19468
1.74444e+09  0.936367 0.259658 0.156594 -0.12561  1.42837  9.25569
1.74444e+09  0.909683 0.274678 0.151481 -0.122021   1.56475   9.28799
1.74444e+09  0.869096 0.293054 0.147326 -0.0897217    1.69395    9.19468
1.74444e+09  0.817644 0.309832 0.146367 -0.107666   1.84827   9.16597
1.74444e+09  0.770346 0.327409 0.151321 -0.197388   1.98105   9.34541
1.74444e+09  0.735512 0.343068 0.161388 -0.233276   2.05642   9.49973
1.74444e+09  0.707229 0.352975 0.168418 -0.161499   2.12102   9.47102
1.74444e+09  0.680864 0.355053 0.170016 -0.0789551    2.22869    9.39565
1.74444e+09  0.654658 0.350099 0.165063 -0.0107666      2.322    9.29517
1.74444e+09  0.627973 0.341311 0.153718 -0.0358887    2.43684    9.28799
1.74444e+09  0.604804 0.330765 0.142373 -0.218921   2.53733   9.41001
1.74444e+09  0.593938 0.322296 0.138378 -0.563452   2.63064   9.69712
1.74444e+09  0.598253 0.318141  0.14445 -0.864917   2.72754   9.91963
1.74444e+09  0.610556 0.317502  0.15164 -0.994116   2.81367   9.93398
1.74444e+09  0.625577 0.311909 0.155955 -0.88645  2.87827  9.79043
1.74444e+09  0.634844 0.297848 0.150522 -0.699829   2.94646   9.58228
1.74444e+09  0.635803 0.277555 0.138218 -0.584985   3.00388   9.46384
1.74444e+09  0.631649 0.254385 0.125595 -0.509619   3.02542   9.27004
1.74444e+09  0.617108 0.225303  0.11409 -0.437842   3.00747   8.95063
1.74444e+09  0.588825 0.195103 0.103703 -0.441431   3.01824   8.77478
1.74444e+09   0.557666  0.165542 0.0977913 -0.520386   3.07566   8.67429
1.74444e+09   0.527146  0.135821 0.0990696 -0.649585    3.1582   8.68147
1.74444e+09  0.498064 0.110255 0.103544 -0.800317   3.24434   8.71736
1.74444e+09   0.467065 0.0906007   0.10626 -0.875684   3.29099   8.68865
1.74444e+09     0.4252 0.0754207  0.104822 -0.846973   3.35918   8.57021
1.74444e+09   0.373908 0.0635963  0.102265 -0.807495   3.42019   8.46255
1.74444e+09   0.318301 0.0543285 0.0985902 -0.829028    3.4166   8.40154
1.74444e+09   0.265411 0.0527306 0.0981109 -0.968994    3.4166   8.50203
1.74444e+09   0.224185 0.0600809  0.102745 -1.13049  3.43455  8.63481
1.74444e+09   0.193345 0.0739826  0.105142 -1.15562  3.50632  8.72454
1.74444e+09   0.172093 0.0913997  0.104982 -1.08025  3.59246  8.80349
1.74444e+09   0.158991  0.109935 0.0992294 -1.04077  3.66423  8.93628
1.74444e+09   0.149723  0.126394 0.0856473 -0.915161    3.6427   8.99011
1.74444e+09   0.142852  0.139337 0.0663127 -0.811084   3.59246   9.04395
1.74444e+09   0.139656  0.147965 0.0449009 -0.800317   3.54939   9.10854
1.74444e+09   0.143331  0.153558 0.0287621 -0.864917   3.53145   9.18391
1.74444e+09   0.147326  0.153718 0.0153398 -0.872095   3.50991   9.11572
1.74444e+09  0.143811 0.147486 0.003036 -0.768018   3.53503   8.94705
1.74444e+09    0.131667   0.134383 -0.0111853 -0.599341   3.56733   8.76401
1.74444e+09    0.109136   0.119363 -0.0290817 -0.470142   3.62476   8.68147
1.74444e+09   0.0782969   0.105142 -0.0453803 -0.423486   3.61758   8.65994
1.74444e+09  0.0444215 0.0952346 -0.058483 -0.47373  3.57092  8.69941
1.74444e+09  0.00958738  0.0877245 -0.0655138 -0.574219   3.53503   8.72095
1.74444e+09  -0.0228499  0.0846885 -0.0639159 -0.742896   3.56016   8.82144
1.74444e+09  -0.0498544  0.0838896 -0.0557666 -0.882861   3.57451   8.91833
1.74444e+09  -0.0754207  0.0837298 -0.0472977 -0.933105   3.59604   9.00088
1.74444e+09   -0.103384  0.0834102 -0.0423443 -0.915161   3.59963   9.01882
1.74444e+09   -0.135022  0.0803742 -0.0431432 -0.875684   3.58528   8.97935
1.74444e+09   -0.172253   0.074462 -0.0477771 -0.825439   3.58528   8.93628
1.74444e+09   -0.214278  0.0643952 -0.0541687 -0.757251   3.59246   8.91116
1.74444e+09   -0.259019  0.0514523 -0.0600809 -0.69624  3.55298  8.87527
1.74444e+09   -0.300884  0.0343548 -0.0632767 -0.692651   3.49915   8.87527
1.74444e+09   -0.333801  0.0147006 -0.0631169 -0.764429   3.46685   8.99011
1.74444e+09    -0.358568 -0.00591222  -0.0596015 -0.879272   3.45967    9.1229
1.74444e+09   -0.375666 -0.0265251 -0.0556068 -0.98335  3.43455  9.22698
1.74444e+09   -0.392603  -0.046339 -0.0525708 -0.98335  3.39148  9.17314
1.74444e+09   -0.419608 -0.0656736 -0.0552872 -0.900806   3.37712   9.07983
1.74444e+09   -0.458596 -0.0829308 -0.0624778 -0.818262   3.35918    8.9937
1.74444e+09   -0.504935 -0.0992294 -0.0733435 -0.782373   3.30535   8.92551
1.74444e+09   -0.552073  -0.112812 -0.0826113 -0.796729   3.26587   8.86091
1.74444e+09   -0.595696  -0.123198 -0.0880441 -0.900806   3.23357   8.94705
1.74444e+09  -0.629092  -0.12911 -0.089642 -1.01565  3.19768  9.05112
1.74444e+09   -0.657055  -0.128151 -0.0901214 -1.0946 3.13308 9.01165
1.74444e+09   -0.685817  -0.123997 -0.0944357 -1.04795  3.05771  9.01882
1.74444e+09  -0.722089  -0.12176   -0.1061 -0.968994   2.98594    8.9937
1.74444e+09  -0.764274  -0.12176 -0.120961 -0.88645  2.86392  8.92551
1.74444e+09  -0.805979 -0.125595 -0.137579 -0.803906   2.73472   8.77119
1.74444e+09  -0.849442 -0.131347 -0.154676 -0.721362   2.63064    8.6384
1.74444e+09  -0.889709 -0.137898 -0.172413 -0.710596   2.54092   8.63481
1.74444e+09  -0.915755 -0.142373 -0.184397 -0.839795   2.46196   8.83579
1.74444e+09  -0.923584 -0.140615 -0.187433 -1.02642  2.38301  9.07266
1.74444e+09  -0.918631 -0.133265 -0.185835 -1.13767  2.26458  9.26287
1.74444e+09  -0.906966 -0.119682 -0.185516 -1.18433  2.13896   9.3813
1.74444e+09  -0.899456 -0.103703 -0.189351 -1.13408   2.0313  9.38848
1.74444e+09   -0.901214 -0.0906007  -0.198139 -1.01565  1.95234  9.27363
1.74444e+09   -0.913997 -0.0822917  -0.210603 -0.929517   1.85544   9.14443
1.74444e+09    -0.92662 -0.0741424  -0.221149 -1.01924  1.76572  9.20186
1.74444e+09   -0.928538 -0.0650344  -0.220829 -1.26687  1.66882  9.37771
1.74444e+09   -0.918311 -0.0511327  -0.219072 -1.25969  1.63293  9.52126
1.74444e+09   -0.899456 -0.0337156  -0.219072 -1.21304  1.61499  9.59304
1.74444e+09   -0.876766 -0.0156594  -0.215716 -1.1915 1.50732 9.64688
1.74444e+09    -0.856792 -0.00255663    -0.21284 -1.11255  1.38171  9.66123
1.74444e+09   -0.844648 0.00846885  -0.215077 -0.968994   1.26687   9.57869
1.74444e+09  -0.848962 0.0158192 -0.225783 -0.825439   1.17356    9.4459
1.74444e+09  -0.867179 0.0191748 -0.238566 -0.771606   1.09819   9.37053
1.74444e+09  -0.885075 0.0226901 -0.248313 -0.85415  1.06948  9.48179
1.74444e+09  -0.893224 0.0300405 -0.253586 -0.990527   1.02283   9.63252
1.74444e+09  -0.889869 0.0391485 -0.256303 -1.06589 0.943872  9.71147
1.74444e+09   -0.88156 0.0503337  -0.25854 -1.06589 0.850562   9.7689
1.74444e+09  -0.871173 0.0583232 -0.260138 -0.997705  0.721362   9.75454
1.74444e+09  -0.867019 0.0619984 -0.264452 -0.890039   0.57063   9.66123
1.74444e+09  -0.870215 0.0610397 -0.271642 -0.771606  0.405542   9.53921
1.74444e+09  -0.882039 0.0589624 -0.282987 -0.714185  0.251221   9.42078
1.74444e+09  -0.899456 0.0559264 -0.292255 -0.782373  0.147144   9.44231
1.74444e+09  -0.914157 0.0564058  -0.29609 -0.940283 0.0610107    9.5751
1.74444e+09  -0.922626 0.0604005 -0.293693   -1.05513 -0.0251221      9.672
1.74444e+09  -0.931254 0.0664725 -0.290498  -1.05513 -0.150732     9.672
1.74444e+09  -0.943238 0.0735032 -0.291137  -1.00129 -0.261987   9.64688
1.74444e+09  -0.958738 0.0790959 -0.294972 -0.933105 -0.401953   9.58945
1.74444e+09   -0.98015 0.0798948 -0.300085 -0.893628 -0.545508   9.58586
1.74444e+09    -1.0014 0.0784567  -0.30392  -0.91875 -0.667529   9.64329
1.74444e+09    -1.0169 0.0771784 -0.303121 -0.976172 -0.764429   9.70789
1.74444e+09   -1.02393 0.0790959 -0.299446  -1.05154 -0.850562    9.8012
1.74444e+09   -1.02425   0.08357 -0.296729  -1.08743 -0.947461   9.86221
1.74444e+09   -1.02345 0.0885235 -0.294972 -1.06948 -1.09819  9.84426
1.74444e+09   -1.02489 0.0901214 -0.292415 -1.01206 -1.25251  9.79402
1.74444e+09    -1.0316 0.0893224 -0.290178 -0.994116  -1.42119   9.75095
1.74444e+09   -1.04007 0.0856473 -0.285704 -0.965405  -1.55757   9.72224
1.74444e+09   -1.04614 0.0733435 -0.280111 -0.875684  -1.66882   9.66482
1.74444e+09    -1.0463 0.0557666 -0.276596 -0.814673  -1.75137   9.66482
1.74444e+09   -1.04087 0.0383495 -0.276756 -0.843384  -1.84827   9.69712
1.74444e+09    -1.0316 0.0309992 -0.283627 -0.936694  -1.96311   9.75813
1.74444e+09   -1.02297 0.0353135 -0.297209 -1.02642 -2.08513   9.8012
1.74444e+09    -1.0145 0.0484163 -0.314786 -1.08384 -2.20356  9.81914
1.74444e+09   -1.00652 0.0619984 -0.328368 -1.14485   -2.322  9.79761
1.74444e+09  -0.996448 0.0656736 -0.328368 -1.14844 -2.39377  9.71506
1.74444e+09  -0.985742 0.0578439 -0.318621  -1.1592 -2.46555  9.67559
1.74444e+09  -0.968006 0.0413855 -0.303121 -1.30276 -2.51221   9.7689
1.74444e+09   -0.94164 0.0218912 -0.279632 -1.45708 -2.59116  9.88374
1.74444e+09   -0.915914 0.00271642  -0.256462 -1.44631 -2.67371  9.87656
1.74444e+09    -0.89658 -0.0137419  -0.243679   -1.353 -2.77419  9.82273
1.74444e+09   -0.882678 -0.0266849  -0.239844 -1.32788 -2.87109  9.74377
1.74444e+09   -0.872611 -0.0383495  -0.236329  -1.3207 -2.97876  9.63252
1.74444e+09   -0.86574 -0.052411 -0.233453  -1.2884 -3.08284  9.52126
1.74444e+09  -0.861905  -0.06839 -0.228819  -1.2884 -3.15103  9.44231
1.74444e+09   -0.857272 -0.0862864  -0.221468 -1.29917 -3.12949  9.48179
1.74444e+09  -0.842092 -0.102425 -0.207886 -1.30276  -3.1259   9.5751
1.74444e+09  -0.816845 -0.116646 -0.194304 -1.20945 -3.15461    9.672
1.74444e+09  -0.789041 -0.123997 -0.189191 -1.04077 -3.15103  9.64688
1.74444e+09  -0.770666 -0.125914 -0.195742 -0.954639  -3.13667   9.55715
1.74444e+09  -0.760918 -0.123358 -0.209165 -0.911572  -3.16538   9.47102
1.74444e+09  -0.753568 -0.118724 -0.219551 -0.814673  -3.18333   9.35618
1.74444e+09  -0.742063 -0.117765 -0.222747 -0.821851  -3.24792   9.30952
1.74444e+09  -0.720172 -0.116806    -0.213 -0.904395  -3.33406   9.42437
1.74444e+09  -0.688853 -0.116007  -0.19782 -0.907983   -3.3843   9.49614
1.74444e+09   -0.65306 -0.113131 -0.183119 -0.875684   -3.4166   9.48896
1.74444e+09  -0.619824 -0.107379 -0.171774 -0.836206  -3.50632   9.42078
1.74444e+09   -0.601448 -0.0969923  -0.173372 -0.800317  -3.63911   9.27004
1.74444e+09   -0.601289 -0.0819721  -0.186794 -0.846973  -3.79343   9.18032
1.74444e+09  -0.603366 -0.065354  -0.19782 -0.933105  -3.85444   9.16238
1.74444e+09   -0.594577 -0.0567253  -0.198139 -0.947461  -3.89392   9.14084
1.74444e+09   -0.570289 -0.0540089  -0.188232 -0.929517  -3.93699   9.24851
1.74444e+09   -0.525548 -0.0591222  -0.169697 -0.907983  -3.95852   9.37412
1.74444e+09   -0.462751 -0.0682302  -0.144769 -0.821851  -3.92981   9.43513
1.74444e+09   -0.385093 -0.0854875  -0.117286 -0.635229  -3.90469   9.35977
1.74444e+09   -0.304399  -0.104502 -0.0979511 -0.466553  -3.97288   9.21262
1.74444e+09    -0.23521  -0.119203 -0.0912399 -0.391187  -4.11284   9.04036
1.74444e+09   -0.185676  -0.126553 -0.0963532 -0.441431  -4.24204   8.93628
1.74444e+09  -0.149723 -0.125435 -0.106899 -0.559863  -4.31382   8.92192
1.74444e+09  -0.122399 -0.116646 -0.116646 -0.674707  -4.32458   8.99729
1.74444e+09  -0.0952346  -0.103064    -0.1216 -0.775195  -4.31382   9.10137
1.74444e+09  -0.0589624  -0.089642  -0.116646 -0.800317  -4.23486   9.19827
1.74444e+09  -0.0100667 -0.0837298  -0.101626 -0.692651  -4.15232   9.13008
1.74444e+09   0.0460194 -0.0869256 -0.0816525 -0.606519  -4.11284   9.00806
1.74444e+09    0.103064 -0.0953944 -0.0597613 -0.53833 -4.11284  8.83938
1.74444e+09    0.146048  -0.106899 -0.0417051 -0.484497  -4.18103   8.59534
1.74444e+09    0.166021  -0.113131 -0.0332363 -0.549097   -4.2564   8.48049
1.74444e+09    0.166661  -0.112492 -0.0287621 -0.692651  -4.31023   8.50562
1.74444e+09    0.148125  -0.104183 -0.0297209 -0.811084   -4.3533    8.5738
1.74444e+09    0.122399 -0.0929976  -0.031159 -0.868506  -4.34253   8.69941
1.74444e+09    0.104502 -0.0853277 -0.0278034 -0.807495  -4.28511   8.72813
1.74444e+09  0.0950749  -0.08357 -0.019015 -0.703418  -4.23845   8.72095
1.74444e+09    0.0979511  -0.0880441 -0.00351537 -0.638818  -4.18821   8.73171
1.74444e+09    0.115049 -0.0977913  0.0180562 -0.577808   -4.1272   8.71018
1.74444e+09   0.138857 -0.107059 0.0405866 -0.523975  -4.12361    8.6707
1.74444e+09   0.162187 -0.109136 0.0543285 -0.491675  -4.13438   8.64199
1.74444e+09    0.180403 -0.0997088  0.0543285 -0.459375  -4.14514   8.68147
1.74444e+09    0.194784 -0.0773382  0.0409062 -0.434253  -4.16667    8.8322
1.74444e+09    0.207567 -0.0464988  0.0166181 -0.376831  -4.13438   8.98652
1.74444e+09     0.22067 -0.0153398 -0.0148604 -0.337354  -4.06978    9.0906
1.74444e+09    0.240963 0.00687096 -0.0404268 -0.366064  -4.03748    9.2198
1.74444e+09    0.267807  0.0177367 -0.0559264 -0.384009  -4.00159   9.25928
1.74444e+09    0.297848  0.0147006 -0.0621582 -0.401953  -3.95493   9.26646
1.74444e+09    0.332522 0.00415453 -0.0596015 -0.430664  -3.88315   9.33464
1.74444e+09    0.372789 -0.0108657 -0.0519316 -0.434253  -3.79702   9.41719
1.74444e+09    0.419288 -0.0284426 -0.0429834 -0.355298  -3.72883   9.45667
1.74444e+09    0.471539 -0.0485761 -0.0401072 -0.211743  -3.65347   9.44949
1.74444e+09    0.520914 -0.0711064 -0.0447411 -0.0861328   -3.69653    9.35977
1.74444e+09    0.554151 -0.0939563 -0.0557666 -0.0897217   -3.75396     9.2844
1.74444e+09   0.571568 -0.116167 -0.070627 -0.150732   -3.8042   9.24492
1.74444e+09    0.573805  -0.136141 -0.0882039 -0.218921  -3.75037   9.25928
1.74444e+09   0.567733 -0.154517 -0.109456 -0.204565  -3.62117   9.36335
1.74444e+09   0.569331 -0.173372 -0.131507 -0.193799  -3.45608   9.61816
1.74444e+09   0.588505 -0.192067 -0.149244 -0.193799    -3.352   9.84426
1.74444e+09    0.62318 -0.214438 -0.160908 -0.179443  -3.24075   9.85862
1.74444e+09   0.664565 -0.244318 -0.163145 -0.197388  -3.21921   9.77966
1.74444e+09   0.705471 -0.278354 -0.160748 -0.132788  -3.26946   9.66841
1.74444e+09   0.738867 -0.315265 -0.158032       0 -3.3197 9.51768
1.74444e+09   0.764913 -0.354094 -0.158192 0.104077 -3.30176  9.53203
1.74444e+09    0.79016 -0.385572 -0.164583 0.179443  -3.2228  9.73301
1.74444e+09   0.820041 -0.407783 -0.178964 0.276343  -3.1259  9.93757
1.74444e+09   0.856313 -0.428716 -0.196222 0.322998 -3.01465  10.0417
1.74444e+09   0.898018 -0.452524 -0.208526 0.265576 -2.89263  10.0668
1.74444e+09   0.943238 -0.479209 -0.213319 0.215332 -2.84238  9.98423
1.74444e+09   0.989897 -0.508131 -0.209964 0.251221 -2.81726  9.88733
1.74444e+09    1.04007 -0.541208 -0.209644 0.394775 -2.79214  9.85503
1.74444e+09    1.08657 -0.580036 -0.219711  0.53833 -2.74907  9.88733
1.74444e+09    1.12092 -0.620623  -0.23537 0.567041 -2.69524  9.91604
1.74444e+09    1.13898 -0.659612 -0.250231  0.50603 -2.63064  9.89092
1.74444e+09    1.13738 -0.692848 -0.261416 0.398364 -2.55527  9.79043
1.74444e+09     1.1214 -0.718095 -0.261895 0.244043 -2.45479  9.76172
1.74444e+09     1.1067 -0.737429 -0.245916 0.107666 -2.32559   9.7689
1.74444e+09    1.10063 -0.752929 -0.218113 0.118433 -2.12461  9.74377
1.74444e+09    1.10574 -0.760279 -0.188072 0.297876 -1.86621  9.64688
1.74444e+09     1.1123 -0.755166 -0.164264 0.488086  -1.7083  9.58586
1.74444e+09    1.12092 -0.738867 -0.147326 0.642407 -1.64011  9.56433
1.74444e+09    1.12316 -0.713141 -0.135821 0.674707 -1.62576  9.51768
1.74444e+09    1.10654 -0.678147 -0.125595 0.559863 -1.64729  9.50691
1.74444e+09    1.07459 -0.634205 -0.114729 0.466553 -1.61499  9.42795
1.74444e+09    1.03208 -0.587387  -0.09875 0.394775 -1.47144  9.34541
1.74444e+09    0.995649  -0.537213 -0.0738228 0.384009 -1.28123  9.42437
1.74444e+09    0.977913  -0.485441 -0.0456998 0.491675 -1.05513  9.61458
1.74444e+09    0.986701  -0.434947 -0.0207727  0.717773 -0.900806   9.80479
1.74444e+09      1.01339   -0.385093 -0.00575243  0.943872 -0.875684   9.87656
1.74444e+09      1.04279   -0.340831 -0.00255663   1.11614 -0.875684   9.80479
1.74444e+09      1.05813   -0.301843 -0.00942759   1.20586 -0.929517   9.71506
1.74444e+09     1.05413  -0.270364 -0.0180562    1.1592 -0.907983   9.60022
1.74444e+09     1.04103  -0.246396 -0.0214118   1.03359 -0.836206   9.64329
1.74444e+09     1.03112  -0.227381 -0.0166181  0.994116 -0.724951   9.71147
1.74444e+09        1.03     -0.213 -0.0102265   1.05154 -0.584985   9.80837
1.74444e+09     1.03975   -0.20533 -0.0062318   1.13767 -0.495264   9.88733
1.74444e+09      1.05525   -0.207087 -0.00687096   1.29917 -0.448608   9.81555
1.74444e+09     1.07171  -0.218752 -0.0103863   1.42119 -0.362476   9.71147
1.74444e+09      1.0797  -0.231855 -0.0142213   1.43555 -0.276343   9.61458
1.74444e+09     1.07379    -0.2432 -0.0131028   1.42478 -0.161499   9.50691
1.74444e+09        1.061   -0.253586 -0.00511327    1.36736 -0.0107666     9.4459
1.74444e+09    1.04758  -0.26573 0.0100667  1.27046 0.147144  9.43872
1.74444e+09    1.03256 -0.280431  0.034195  1.24175 0.279932   9.4459
1.74444e+09    1.02074  -0.29609 0.0594418  1.27764 0.391187  9.46743
1.74444e+09    1.01195 -0.307116 0.0845287  1.36377 0.448608  9.40642
1.74444e+09   0.992294 -0.312389  0.103544  1.47502 0.523975   9.2521
1.74444e+09    0.95746 -0.312069  0.117605  1.60063 0.592163  9.06548
1.74444e+09   0.911121 -0.309513  0.131986  1.65088 0.689063  8.92192
1.74444e+09  0.857431  -0.3036 0.147805  1.62217 0.843384  8.80349
1.74444e+09   0.805819 -0.294972  0.169537 1.53604 1.04436  8.7676
1.74444e+09   0.756125 -0.283467  0.199418 1.51091 1.24175 8.77119
1.74444e+09   0.708507 -0.267328  0.231695 1.55039 1.42478  8.9291
1.74444e+09   0.667122 -0.247674  0.263493 1.63652 1.55039 9.13008
1.74444e+09   0.633886 -0.225463  0.290498 1.77649 1.59346 9.34182
1.74444e+09   0.613752 -0.208366  0.309513 1.92363 1.58269 9.51409
1.74444e+09   0.601928 -0.201814  0.321976 2.06001 1.56475 9.50691
1.74444e+09     0.5925 -0.207247  0.328208 2.04924 1.62576 9.52126
1.74444e+09   0.583552 -0.223546  0.334759 1.98105 1.66523 9.41719
1.74444e+09   0.572207 -0.244318  0.341151 1.91646 1.72625 9.33105
1.74444e+09   0.560223 -0.262055  0.346584 1.90928 1.80879  9.2521
1.74444e+09   0.545682 -0.274838  0.344826 1.95593 1.89492 9.19827
1.74444e+09   0.528744 -0.283946  0.338115 2.02771 1.98105 9.11931
1.74444e+09    0.51676 -0.292415  0.332203 2.04565 2.02412 9.13008
1.74444e+09   0.518837 -0.295451  0.329806 2.03848 2.03489  9.2521
1.74444e+09   0.529064 -0.290977  0.328368 2.11743 2.07078  9.3167
1.74444e+09   0.540089 -0.280111  0.317822 2.31482 2.24304 9.32747
1.74444e+09  0.547599 -0.26621 0.300405 2.50503 2.36865 9.27363
1.74444e+09   0.549836 -0.251189  0.274998   2.645 2.47273 9.21621
1.74444e+09    0.54696 -0.233932  0.247195 2.75625 2.58757 9.10854
1.74444e+09   0.535136 -0.217154  0.218752 2.84597 2.65217 8.89321
1.74444e+09   0.515961 -0.202773  0.188392  2.8998 2.73472 8.76042
1.74444e+09   0.498704 -0.193345  0.163305 2.92493 2.81726 8.65635
1.74444e+09    0.47873 -0.184078  0.141414 2.92493 2.86392 8.44819
1.74444e+09   0.450767 -0.168898  0.126553 2.79214 2.96082 8.44819
1.74444e+09   0.424881 -0.138058  0.119043 2.64858 3.05413 8.62405
1.74444e+09     0.40251 -0.0955542   0.112652 2.62705 3.09719 8.74248
1.74444e+09    0.384614 -0.0511327   0.104343 2.67729 3.11514 8.80349
1.74444e+09    0.372949 -0.0123038   0.092678 2.76343  3.1259 8.82502
1.74444e+09   0.364161 0.0119842 0.0787763 2.88186 3.10437 8.76042
1.74444e+09   0.355852 0.0234891 0.0608799 2.96799 3.07566  8.6707
1.74444e+09   0.345785 0.0236489 0.0439422 2.95005  3.0936 8.59893
1.74444e+09   0.331883 0.0225303 0.0286024 2.84956 3.10078  8.6061
1.74444e+09   0.313188 0.0252468 0.0178964 2.70959 3.13308 8.64917
1.74444e+09   0.295771 0.0338754 0.0111853 2.60193 3.17256 8.69224
1.74444e+09    0.276436  0.0469782 0.00287621 2.60193  3.1905 8.62405
1.74444e+09     0.255663   0.0575243 -0.00862864 2.63064 3.19409 8.50203
1.74444e+09     0.23569  0.0674312 -0.0201335 2.63064 3.17615 8.36924
1.74444e+09    0.211242  0.0786165 -0.0302002 2.66294 3.13667 8.16108
1.74444e+09    0.180083  0.0899616 -0.0354733 2.61987 3.11155 8.00317
1.74444e+09    0.148604   0.105142 -0.0327569 2.52656 3.11873   7.996
1.74444e+09    0.120801   0.124476 -0.0210922 2.37583 3.12949 8.17185
1.74444e+09     0.096513    0.147805 -0.00479369 2.25381 3.16179 8.36924
1.74444e+09  0.0739826  0.172733 0.0100667 2.17485 3.21921  8.5415
1.74444e+09  0.0522512  0.199577 0.0234891 2.16768  3.2551 8.63123
1.74444e+09   0.025087  0.222747 0.0276436 2.29329 3.26587 8.58098
1.74444e+09  -0.00910801    0.242081   0.0262055 2.38301 3.26228 8.42666
1.74444e+09  -0.0476173    0.25806  0.0233293  2.4189 3.24434 8.25439
1.74444e+09  -0.0851679   0.275318  0.0234891 2.39377 3.21204 8.10725
1.74444e+09  -0.120801  0.293374 0.0284426   2.322 3.20127 8.08931
1.74444e+09    -0.1518  0.316863 0.0378702 2.25022 3.16538 8.13596
1.74444e+09  -0.183918  0.346104  0.050174 2.17126 3.10796 8.14314
1.74444e+09  -0.217154   0.37998 0.0642354 2.08154 3.11514 8.17903
1.74444e+09  -0.249112  0.420407 0.0773382 1.93081 3.16538 8.32976
1.74444e+09  -0.276276  0.466426 0.0891626 1.73342 3.20127 8.58816
1.74444e+09  -0.294812  0.520435  0.103064 1.57192 3.20127 8.87168
1.74444e+09  -0.310631  0.577959  0.116487 1.53604 3.15461 9.00088
1.74444e+09  -0.323254  0.635643  0.127992  1.6114 3.07925 8.98652
1.74444e+09  -0.335878  0.689013  0.137739  1.7083 2.95364 8.93628
1.74444e+09  -0.348341  0.735192  0.143331 1.79802 2.83162 8.91833
1.74444e+09  -0.35681 0.768109 0.146208 1.84827 2.75984 8.99011
1.74444e+09  -0.363521  0.789681  0.146847 1.80161 2.68806 9.06548
1.74444e+09  -0.369114  0.806139  0.148604 1.61858   2.645 9.16238
1.74444e+09  -0.376784  0.830746   0.15228 1.40684 2.62705 9.27363
1.74444e+09  -0.381738   0.86574  0.154836 1.26687 2.60552 9.39207
1.74444e+09  -0.381418  0.907126  0.155795 1.21663 2.58757  9.4136
1.74444e+09  -0.380299  0.950269  0.154676 1.23457  2.5481 9.35259
1.74444e+09  -0.385732  0.992134  0.147965 1.20945 2.48708 9.24133
1.74444e+09  -0.396278   1.03304  0.141254 1.10178 2.37942 9.19827
1.74444e+09  -0.41002  1.07011 0.141414 0.954639  2.26099  9.18032
1.74444e+09  -0.427118   1.10782  0.147805 0.710596   2.2251  9.30952
1.74444e+09  -0.444055   1.14905  0.162666 0.398364  2.21433  9.44231
1.74444e+09  -0.459235   1.19714  0.186155 0.147144  2.18203  9.49255
1.74444e+09  -0.474416   1.24828  0.215716 0.0107666   2.14973   9.49973
1.74444e+09  -0.490235   1.30229  0.246555 0.00358887    2.11384    9.44949
1.74444e+09  -0.509729   1.34383  0.279472 0.0358887   2.05283   9.39565
1.74444e+09  -0.532739   1.37084  0.317342       0 1.98464 9.39207
1.74444e+09  -0.555269   1.38586  0.358568 -0.0789551    1.83391    9.48896
1.74444e+09  -0.56981   1.3964  0.40267 -0.211743   1.69753   9.68635
1.74444e+09  -0.571727   1.40487  0.441818 -0.150732     1.676   9.81555
1.74444e+09  -0.566934   1.40503   0.47122 -0.0107666    1.60422    9.79402
1.74444e+09  -0.56214  1.39688 0.489596 0.143555  1.49656  9.69353
1.74444e+09  -0.556707   1.37723   0.50158 0.197388  1.46426  9.60022
1.74444e+09  -0.545841   1.34271  0.516121 0.15791 1.46785 9.51409
1.74444e+09  -0.534816   1.29494   0.53194       0  1.4822 9.50691
1.74444e+09  -0.529064    1.2462  0.545202 -0.251221   1.50015   9.63611
1.74444e+09  -0.52411  1.20114  0.54664 -0.44502  1.55398  9.80837
1.74444e+09  -0.515641   1.16183  0.534816 -0.531152   1.53962   9.88733
1.74444e+09  -0.504616   1.12508  0.513884 -0.549097   1.50374   9.84785
1.74444e+09  -0.494389   1.08625  0.492791 -0.613696    1.5468   9.81555
1.74444e+09  -0.481446   1.03943  0.476493 -0.775195   1.60422   9.71506
1.74444e+09  -0.469142  0.986701  0.466266 -1.00129  1.62217  9.53921
1.74444e+09  -0.47138  0.93477 0.457638 -1.21304  1.62935  9.35977
1.74444e+09  -0.492791  0.892106  0.452365  -1.353 1.62935 9.23416
1.74444e+09  -0.532899  0.857751   0.44789 -1.34941  1.61499  9.17673
1.74444e+09  -0.587706  0.826592  0.433829 -1.2238 1.57551 9.19468
1.74444e+09  -0.652421  0.792397  0.405706 -1.0946 1.54321 9.20903
1.74444e+09  -0.71378 0.751651 0.367836 -1.0946 1.50732 9.22339
1.74444e+09  -0.765712  0.710265  0.327729 -1.16997  1.39966  9.23057
1.74444e+09  -0.81285 0.672075 0.283946 -1.29558  1.22739  9.21262
1.74444e+09  -0.860787  0.644272  0.241762 -1.60422  1.05154  9.33105
1.74444e+09  -0.898977  0.633726  0.210603 -2.00977 0.958228   9.6074
1.74444e+09  -0.921507  0.635643  0.189511 -2.18562 0.832617  9.84067
1.74444e+09  -0.927259  0.643313  0.170655 -2.10308 0.671118  9.99141
1.74444e+09  -0.916713  0.648746  0.142532 -1.85903 0.441431  10.0381
1.74444e+09  -0.898817  0.647787  0.105461  -1.6114 0.161499   9.9627
1.74444e+09  -0.882359  0.641556 0.0576841   -1.53962 -0.0753662    9.87297
1.74444e+09  -0.868457   0.63804 0.0103863  -1.75496 -0.258398   9.89451
1.74444e+09  -0.856313   0.63852 -0.028123   -2.0959 -0.340942   9.99141
1.74444e+09   -0.845607   0.638679 -0.0570449  -2.32559 -0.358887   10.1098
1.74444e+09   -0.835061   0.626535 -0.0789361   -2.3543 -0.427075   10.0811
1.74444e+09  -0.825953  0.596335 -0.102106  -2.2574 -0.47373  9.92681
1.74444e+09  -0.822118  0.548878 -0.126553   -2.1928 -0.520386   9.72224
1.74444e+09  -0.823236  0.490075 -0.155475 -2.22869 -0.60293  9.56792
1.74444e+09  -0.831545  0.428875 -0.186794 -2.42966 -0.69624  9.51768
1.74444e+09  -0.848004  0.382057 -0.222427  -2.71318 -0.925928   9.42795
1.74444e+09  -0.874049  0.367037 -0.263014  -2.90698 -0.821851   9.34541
1.74444e+09  -0.898657  0.362403  -0.29625  -3.01824 -0.732129   9.29158
1.74444e+09  -0.920229   0.35729 -0.317662  -2.95723 -0.961816   9.19109
1.74444e+09  -0.933012  0.344666 -0.339553 -2.67012 -1.11614  9.02241
1.74444e+09  -0.941481  0.318461 -0.364001  -2.4835 -1.14485   8.9291
1.74444e+09  -0.943558  0.284585 -0.378861 -2.60911 -1.22739  8.98293
1.74444e+09  -0.935089  0.249272 -0.376145 -2.84238 -1.32429  9.12649
1.74444e+09  -0.923424  0.217953 -0.368315 -3.03977 -1.35659  9.30593
1.74444e+09  -0.913997  0.193186 -0.369753 -3.09001 -1.34224  9.40642
1.74444e+09  -0.909043  0.174331 -0.386052 -2.94287 -1.33506  9.38489
1.74444e+09  -0.910641  0.156754 -0.420886 -2.61987 -1.38171  9.20544
1.74444e+09  -0.918151  0.140934 -0.469302 -2.32917 -1.48938  9.00447
1.74444e+09  -0.923904  0.124316  -0.51692 -2.27534 -1.60781   8.9614
1.74444e+09  -0.922945   0.10626 -0.550475 -2.44761 -1.72266  9.03318
1.74444e+09  -0.909523 0.0853277 -0.564537 -2.76702 -1.76213  9.16956
1.74444e+09  -0.887472 0.0699879 -0.566934 -3.09001 -1.79084  9.33105
1.74444e+09  -0.861586  0.064555 -0.568851 -3.29099 -1.87698  9.48896
1.74444e+09  -0.837138 0.0688693 -0.580835 -3.36277 -1.98105   9.5428
1.74444e+09  -0.819881 0.0824515 -0.601928  -3.4166 -2.08872   9.4782
1.74444e+09  -0.809974  0.099549 -0.622061 -3.49915 -2.17126  9.44231
1.74444e+09  -0.793835  0.114729 -0.627494 -3.63552   -2.322  9.41001
1.74444e+09  -0.770026  0.125435 -0.610716 -3.68577 -2.46914  9.33823
1.74444e+09  -0.740306  0.126873 -0.580356 -3.56375 -2.50862  9.30593
1.74444e+09  -0.701317  0.120322 -0.548238 -3.34124  -2.5158  9.39565
1.74444e+09  -0.657055  0.109136 -0.528424 -3.06848 -2.55168  9.48538
1.74444e+09  -0.616788  0.095714 -0.526347 -2.92134 -2.63423  9.58945
1.74444e+09  -0.581634 0.0826113 -0.535136 -2.95005 -2.70959  9.69712
1.74444e+09  -0.548718 0.0693487 -0.545682 -3.05413 -2.78137  9.71506
1.74444e+09  -0.519476 0.0490554 -0.549517 -3.03977 -2.87109  9.57869
1.74444e+09  -0.491353 0.0174171 -0.549037 -2.84956 -2.93569   9.3813
1.74444e+09   -0.458596 -0.0247674   -0.54712 -2.69524  -2.9967  9.32747
1.74444e+09   -0.418329 -0.0695085  -0.546161  -2.5481 -3.05771  9.33464
1.74444e+09  -0.375825  -0.11409 -0.556068 -2.40454 -3.09001  9.33823
1.74444e+09  -0.336038 -0.154676 -0.575243  -2.3866 -3.11155  9.37053
1.74444e+09  -0.303281 -0.191428 -0.604005 -2.39377 -3.11514  9.27363
1.74444e+09  -0.285704 -0.223865 -0.633566 -2.41531 -3.17256  9.01165
1.74444e+09  -0.286503  -0.25854 -0.652421  -2.5158 -3.31611  8.69224
1.74444e+09  -0.298807 -0.298008 -0.644432 -2.73113 -3.50632   8.5738
1.74444e+09  -0.309992 -0.340032 -0.616788 -2.92493   -3.675  8.68865
1.74444e+09  -0.310631 -0.382696 -0.589624 -3.02542 -3.78984  8.92551
1.74444e+09  -0.296729 -0.422005 -0.569011  -2.9967 -3.84368   9.0583
1.74444e+09  -0.272282 -0.453643 -0.556068 -2.83521 -3.82932  9.02241
1.74444e+09  -0.246875 -0.476333 -0.548718 -2.61987 -3.79343   8.8968
1.74444e+09  -0.228499 -0.487358 -0.545682 -2.46555 -3.77549  8.74966
1.74444e+09  -0.219711 -0.488637 -0.542965 -2.41531 -3.76472  8.58816
1.74444e+09  -0.217154 -0.483683 -0.537532  -2.4189 -3.78625  8.55227
1.74444e+09  -0.210763 -0.477132 -0.535455 -2.38301 -3.80779  8.67788
1.74444e+09  -0.192227 -0.473137 -0.544244 -2.30764 -3.81138  8.91475
1.74444e+09  -0.156434 -0.475854 -0.559424 -2.21792 -3.76472  9.08342
1.74444e+09  -0.105941 -0.481446 -0.574763 -2.23945  -3.7073  9.19109
1.74444e+09  -0.0474575   -0.48656  -0.582593  -2.1605 -3.65347  9.08342
1.74444e+09  0.000798948   -0.496466    -0.58483 -1.96311 -3.69294   8.8322
1.74444e+09  0.0378702  -0.51644 -0.579397 -1.94517 -3.81138  8.72454
1.74444e+09  0.0741424 -0.549836 -0.564697 -2.02412  -3.9334  8.82861
1.74444e+09   0.124476 -0.590423 -0.546321 -1.98105   -3.998  9.10137
1.74444e+09   0.193825  -0.63021 -0.533058  -1.8052 -4.00159  9.33464
1.74444e+09    0.28107 -0.667282 -0.521713 -1.73701 -3.99082  9.35618
1.74444e+09   0.363362 -0.698441 -0.507971 -1.52886 -3.94417  9.04036
1.74444e+09   0.421365 -0.723208 -0.493111 -1.39248 -3.94775   8.6707
1.74444e+09   0.453803 -0.740785 -0.466586  -1.4176 -4.04106  8.38359
1.74444e+09   0.470421 -0.753089 -0.430953 -1.52527 -4.11643  8.36924
1.74444e+09    0.49359   -0.7598 -0.397557 -1.61499 -4.11643  8.67429
1.74444e+09    0.53961 -0.759001 -0.378062  -1.6437 -4.11643  9.09778
1.74444e+09   0.609118 -0.751011 -0.374387 -1.62576 -4.01235  9.36694
1.74444e+09   0.690291 -0.735672 -0.378542  -1.4822 -3.85444  9.30952
1.74444e+09   0.761078 -0.716976 -0.387969  -1.2561 -3.71448   9.0583
1.74444e+09   0.809494 -0.697642 -0.399474 -1.09819 -3.66423  8.80349
1.74444e+09   0.829468  -0.68406 -0.411938 -1.03359 -3.68218  8.53792
1.74444e+09   0.830746 -0.674153 -0.424721 -1.09102 -3.68936  8.48049
1.74444e+09     0.8357 -0.659132 -0.438463 -1.13767 -3.58887  8.72813
1.74444e+09   0.855034 -0.629891 -0.453643 -1.22021 -3.43813  9.05112
1.74444e+09   0.889869 -0.588026 -0.469462 -1.16638   -3.352  9.30593
1.74444e+09   0.931734 -0.540888 -0.486879 -0.954639  -3.31252   9.35618
1.74444e+09   0.958578 -0.494869 -0.503018 -0.807495   -3.2551    9.1229
1.74444e+09   0.961774 -0.452684 -0.511007 -0.821851  -3.27664   8.96499
1.74444e+09   0.949151 -0.414494 -0.503337 -0.893628  -3.33406   9.05112
1.74444e+09   0.945635 -0.382217 -0.484802 -0.897217  -3.29458   9.36335
1.74444e+09   0.965449 -0.356011 -0.460354 -0.768018  -3.12949   9.66123
1.74444e+09    1.00332 -0.329966 -0.439901 -0.624463   -2.9644   9.84067
1.74444e+09    1.05062 -0.299765 -0.426638 -0.448608  -2.85674   9.95911
1.74444e+09     1.0968  -0.26605 -0.421046 -0.200977  -2.83879   9.91604
1.74444e+09      1.123 -0.235051 -0.419608 -0.0825439   -2.77061    9.64329
1.74444e+09     1.1238 -0.208845 -0.411778 -0.0825439   -2.64858    9.50332
1.74444e+09    1.11054 -0.185036 -0.400752 0.0466553  -2.46196   9.56433
1.74444e+09    1.10367 -0.165542 -0.390366 0.247632 -2.19639  9.83708
1.74444e+09    1.11405 -0.153078 -0.381098 0.376831 -1.99182  10.1206
1.74444e+09    1.13547 -0.148285 -0.369593 0.358887 -1.85186  10.3611
1.74444e+09    1.16055 -0.151481 -0.351058 0.247632 -1.74419  10.4544
1.74444e+09    1.17525 -0.163145 -0.324373 0.272754 -1.71907  10.2606
1.74444e+09    1.17046 -0.178325 -0.301843 0.387598 -1.69753    9.995
1.74444e+09    1.15624 -0.193505 -0.282189 0.624463 -1.61858  9.90886
1.74444e+09    1.14809 -0.207886 -0.271163 0.872095 -1.56833  9.97705
1.74444e+09    1.14601 -0.217793 -0.261096  0.85415 -1.48938  10.1565
1.74444e+09    1.14921 -0.221628 -0.234731 0.617285 -1.28123  10.3395
1.74444e+09    1.15112 -0.216675 -0.193345 0.272754 -1.07307   10.501
1.74444e+09   1.14026 -0.20485 -0.13662 -0.0681885  -0.875684    10.5513
1.74444e+09     1.11405  -0.187273 -0.0765392 -0.136377 -0.724951   10.4436
1.74444e+09     1.07682  -0.163784 -0.0348341  0.132788 -0.631641    10.318
1.74444e+09      1.0471  -0.135502 -0.0201335  0.549097 -0.502441   10.2929
1.74444e+09      1.0308  -0.107698 -0.0286024  0.911572 -0.398364   10.2498
1.74444e+09      1.0308 -0.0818123 -0.0466586   1.02283 -0.297876   10.3682
1.74444e+09     1.04838 -0.0655138 -0.0549676  0.807495 -0.215332   10.4651
1.74444e+09     1.07459 -0.0556068 -0.0418649  0.384009 -0.175854   10.4687
1.74444e+09     1.09887 -0.0519316 -0.0116646 0.0968994 -0.175854   10.3288
1.74444e+09      1.1107 -0.0461792    0.01518  0.279932 -0.129199   10.1385
1.74444e+09     1.11677 -0.0340352  0.0218912   0.739307 -0.0394775    10.0345
1.74444e+09     1.12268 -0.0127832   0.012144  1.02642 0.161499  10.0452
1.74444e+09      1.13706   0.0169377 0.000479369 0.965405 0.459375  10.0668
1.74444e+09     1.15863  0.0528904 0.00910801 0.491675 0.674707  10.0452
1.74444e+09    1.17957 0.0974717 0.0469782 -0.147144  0.732129   9.99858
1.74444e+09   1.18468 0.148604 0.112492 -0.667529  0.674707    9.8981
1.74444e+09   1.16375 0.201175 0.186315 -0.577808  0.649585   9.59663
1.74444e+09   1.12684 0.250231 0.241922 0.143555 0.735718  9.29517
1.74444e+09   1.10031 0.295132 0.267009  0.85415 0.832617   9.2198
1.74444e+09   1.09232 0.337955 0.274519 1.17356 0.95105  9.2198
1.74444e+09   1.09392 0.378542 0.281869 0.958228  1.03359  9.16597
1.74444e+09   1.08897 0.408742 0.303281 0.358887  1.15203  9.08342
1.74444e+09   1.07506 0.433829 0.345785 -0.308643   1.34224   9.13367
1.74444e+09   1.05158 0.457957 0.397876 -0.606519   1.48938   9.09419
1.74444e+09   1.00907 0.481766 0.439102 -0.409131   1.62217   8.93628
1.74444e+09  0.958738  0.50158 0.465148 0.0502441   1.80879   8.90757
1.74444e+09  0.919749 0.512445 0.478091 0.545508  1.94158  8.90398
1.74444e+09  0.897379 0.509729 0.487199 0.674707  2.04207  8.91833
1.74444e+09  0.881879 0.494389 0.505255 0.366064   2.0959  8.88604
1.74444e+09  0.856313 0.465947 0.536094 -0.0897217    2.15332    8.80349
1.74444e+09  0.814927 0.431752 0.576681 -0.470142   2.28611   8.78196
1.74444e+09  0.757723 0.397237 0.616309 -0.606519   2.40095   8.73889
1.74444e+09  0.692209 0.366717 0.650184 -0.459375   2.51221   8.81426
1.74444e+09    0.6382  0.34179 0.677828 -0.0681885    2.57322     8.9937
1.74444e+09  0.609278 0.323734 0.697961 0.294287  2.57322  9.16238
1.74444e+09  0.601768 0.309672 0.708028 0.441431  2.56245  9.26287
1.74444e+09  0.597134 0.293214 0.714739 0.333765  2.67729  9.08701
1.74444e+09   0.57764 0.273081 0.722888 0.150732  2.82803  8.92551
1.74444e+09  0.538971 0.251349 0.733115 -0.0251221    2.91416    8.78196
1.74444e+09  0.488317 0.229458 0.743342 -0.0717773    3.00747    8.64199
1.74444e+09  0.435587 0.205969 0.753248 0.0143555   3.11873   8.57739
1.74444e+09  0.401232 0.187273 0.765872 0.0717773   3.17974   8.74248
1.74444e+09  0.396278  0.18248 0.788402 0.0107666   3.16897   8.87527
1.74444e+09   0.40251  0.18999 0.821479 -0.0502441    3.18333    8.88962
1.74444e+09  0.404428 0.207087 0.854236 -0.104077   3.25869   8.92192
1.74444e+09     0.395 0.224984 0.883317 -0.215332   3.29099   8.93987
1.74444e+09  0.376464 0.237288 0.910162 -0.337354   3.33047   8.95422
1.74444e+09  0.355852 0.241282 0.932053 -0.226099     3.352   8.90757
1.74444e+09  0.343228 0.236329 0.946434 0.0645996   3.32688   8.92551
1.74444e+09  0.348182 0.229778 0.953305 0.344531  3.22639   8.9614
1.74444e+09  0.366238 0.224504 0.953305 0.488086  3.18333  8.91475
1.74444e+09  0.386052  0.22019 0.950269 0.50603 3.35559 8.82502
1.74444e+09  0.394041 0.219072 0.940522 0.419897  3.56375  8.73889
1.74444e+09  0.386531 0.221628 0.929017 0.179443  3.63911  8.64199
1.74444e+09  0.367676 0.226422 0.921347 -0.0179443    3.66782    8.59175
1.74444e+09   0.35713 0.234571 0.918471 0.0358887   3.61399   8.66353
1.74444e+09  0.360965 0.247354 0.912079 0.369653  3.50273  8.71018
1.74444e+09  0.378702 0.260937 0.895461 0.735718  3.49556  8.68865
1.74444e+09  0.407623   0.2734 0.874209 0.904395  3.69294  8.69224
1.74444e+09  0.427118 0.284266  0.84337 0.98335 3.96929 8.60969
1.74444e+09  0.425839 0.288101 0.800866 0.76084 4.16667 8.55945
1.74444e+09  0.395959 0.289379 0.756924 0.419897   4.2887  8.39077
1.74444e+09  0.346744 0.289379 0.715858 0.197388  4.31382  8.34412
1.74444e+09  0.312549 0.293853 0.684379 0.114844  4.27075  8.54509
1.74444e+09   0.31175 0.304719 0.663926 0.15791  4.1918 8.76401
1.74444e+09  0.323574 0.324533 0.644592 0.0143555   4.20974   8.85374
1.74444e+09  0.324693 0.358408 0.634525 -0.344531     4.321   8.82502
1.74444e+09  0.309992 0.398196 0.642354 -0.592163    4.3856   8.59175
1.74444e+09  0.276117 0.430953 0.660251 -0.520386   4.30305   8.30464
1.74444e+09  0.239045 0.450127  0.67623 -0.233276   4.11284   8.32617
1.74444e+09  0.219391  0.45556 0.677828 0.19021 3.87239 8.50203
1.74444e+09  0.207247 0.451246 0.653859 0.53833 3.74678 8.60251
1.74444e+09  0.188871 0.446772 0.615989 0.459375  3.81138  8.57739
1.74444e+09  0.162187 0.447731 0.594258 -0.0287109    4.09131    8.61328
1.74444e+09  0.117765 0.456519 0.597454 -0.498853   4.34971   8.47332
1.74444e+09  0.0495348  0.465627  0.618386 -0.638818   4.46814    8.1575
1.74444e+09  -0.0300405   0.465467   0.643313 -0.477319   4.44302   8.07136
1.74444e+09  -0.143651  0.411618  0.631169 1.58628  2.1282 8.85374
1.74444e+09  -0.394201 0.0811732  0.565975 0.276343  3.72524  9.65046
1.74444e+09  -0.310791 0.0813329  0.657375 0.204565  3.39866  8.57739
1.74444e+09  -0.307755 0.0741424  0.663766 0.441431  3.54221  8.73171
1.74444e+09  -0.366717 0.0915595  0.659452 -0.111255    3.5458   8.54509
1.74444e+09  -0.445653  0.151481  0.689972 -0.556274   3.98364   7.65146
1.74444e+09  -0.542805  0.225144  0.726723 -0.441431   3.88674   7.75554
1.74444e+09  -0.61551 0.294013 0.743342 0.0574219   3.85444   8.04624
1.74444e+09  -0.650823  0.362723  0.723687 0.624463  3.68936  8.68506
1.74444e+09  -0.659292  0.429674  0.673993 0.997705  3.66782  8.96499
1.74444e+09  -0.667122  0.497905  0.613113 1.00847 3.59246 8.94705
1.74444e+09  -0.699719  0.560862  0.570609 0.549097  3.64988  8.67429
1.74444e+09  -0.772903  0.614072  0.558625 0.0933105   3.66423   8.22568
1.74444e+09   -0.8814 0.643793 0.561181 -0.0789551    3.61399    7.86321
1.74444e+09  -0.989418  0.652581   0.56949 0.0933105   3.39507   7.94934
1.74444e+09  -1.06324 0.645071  0.56246 0.574219  3.10796  8.33335
1.74444e+09  -1.10095 0.629731 0.530661 1.03359 2.80291 8.66711
1.74444e+09  -1.12252 0.616788 0.479049 1.15203 2.65576 8.88245
1.74444e+09  -1.15096 0.621102 0.432391 0.671118  2.68088    9.026
1.74444e+09  -1.19794 0.641396 0.414974 -0.22251  2.71677  9.19109
1.74444e+09  -1.26026 0.669359 0.429035 -0.986938   2.72754    9.3167
1.74444e+09  -1.30868 0.698121 0.456679 -1.2884 2.71318 9.81914
1.74444e+09  -1.30996 0.722409 0.475534 -0.882861    2.5158   10.3539
1.74444e+09  -1.27496 0.735831 0.454442 0.0681885   2.13896   10.5333
1.74444e+09  -1.22814 0.734234 0.380299 1.00488 1.88057 10.3969
1.74444e+09  -1.18947 0.717456 0.268766 1.44631 1.81956 10.0955
1.74444e+09   -1.1687 0.695245 0.162187 0.915161  1.97388  10.0883
1.74444e+09  -1.15384  0.67623 0.101307 -0.165088   2.17844    10.379
1.74444e+09   -1.14042  0.658174 0.0782969 -0.818262   2.24304   10.4687
1.74444e+09   -1.13003  0.635164 0.0605603 -0.922339   2.22869   10.4723
1.74444e+09   -1.10558  0.603046 0.0362723 -0.724951   2.08154   10.4687
1.74444e+09    -1.06755   0.558944 0.00143811 -0.215332   1.74419   10.2462
1.74444e+09   -1.03496  0.504935 -0.052411 0.376831  1.41042  9.79761
1.74444e+09   -1.02409  0.449968 -0.115688 0.405542   1.3207  9.50691
1.74444e+09   -1.02889  0.405706 -0.162187 -0.301465   1.46426   9.65764
1.74444e+09  -1.03815 0.376944 -0.18232 -1.0623 1.59346 9.91963
1.74444e+09   -1.05589  0.356651 -0.194784 -1.42837  1.58987  9.93757
1.74444e+09   -1.07922  0.338754 -0.210443 -1.45708  1.51091  9.90886
1.74444e+09  -1.08817 0.329806 -0.22754 -1.20586  1.25251  9.89451
1.74444e+09   -1.08609  0.328368 -0.248793 -0.660352   0.85415   9.65405
1.74444e+09   -1.08705  0.328847 -0.284106 -0.139966  0.520386   9.32747
1.74444e+09   -1.09887  0.330765 -0.327249 -0.154321  0.434253   9.21621
1.74444e+09   -1.10782  0.334919 -0.355372 -0.925928  0.527563   9.56074
1.74444e+09   -1.10031  0.347223 -0.357769 -1.86621 0.610107  10.1098
1.74444e+09   -1.08977  0.365759 -0.350898 -2.14973 0.523975  10.2534
1.74444e+09    -1.0789  0.382377 -0.347862 -2.00977 0.265576  10.2175
1.74444e+09   -1.06739   0.38765 -0.345945    -1.5791 -0.0968994    10.0129
1.74444e+09   -1.05669  0.377263 -0.357769 -0.890039  -0.34812   9.75454
1.74444e+09   -1.04966  0.354254 -0.391005 -0.491675 -0.401953   9.53921
1.74444e+09    -1.0447  0.324533 -0.429834 -0.843384 -0.337354   9.71147
1.74444e+09   -1.02889  0.299765 -0.453483  -1.46426 -0.351709   10.0847
1.74444e+09   -1.01371  0.282348 -0.472658   -1.7729 -0.545508   10.1637
1.74444e+09  -1.01067  0.26557 -0.49391  -1.82314 -0.836206   10.0632
1.74444e+09   -1.00747  0.249911 -0.510049 -1.78008 -1.10537  10.0129
1.74444e+09  -0.990696  0.232814 -0.517079 -1.47861 -1.25969  10.0237
1.74444e+09  -0.962094  0.213639 -0.534656 -0.976172  -1.34941   9.95911
1.74444e+09  -0.929656  0.185196 -0.569011 -0.864917   -1.3853   9.87656
1.74444e+09  -0.900894  0.150841 -0.602407 -1.33865 -1.37454  9.88374
1.74444e+09  -0.877884  0.120641 -0.616628 -1.97747 -1.37813  10.0094
1.74444e+09  -0.863503 0.0981109 -0.616309 -2.22869 -1.42478  9.96628
1.74444e+09  -0.870534 0.0824515 -0.621422  -2.0959 -1.52886  9.71147
1.74444e+09  -0.898977 0.0696683 -0.635483 -1.8375 -1.7083 9.41719
1.74444e+09  -0.931893 0.0546481 -0.647628 -1.47144 -1.89851  9.22698
1.74444e+09  -0.955063 0.0381897 -0.658014 -1.16997 -2.00618  9.24492
1.74444e+09  -0.955063 0.0194943 -0.665524 -1.22739 -2.00977  9.39924
1.74444e+09     -0.93477 0.000958738   -0.666802 -1.61858 -2.05642  9.59304
1.74444e+09   -0.903451 -0.0186954  -0.658333 -1.94517 -2.13538  9.66482
1.74444e+09   -0.880441 -0.0378702  -0.649865 -1.94158 -2.26816  9.42078
1.74444e+09   -0.887152 -0.0596015  -0.649865 -1.66523 -2.41531  8.93987
1.74444e+09    -0.91128 -0.0848483   -0.65322  -1.4822 -2.45479  8.72454
1.74444e+09  -0.925342 -0.107219 -0.651942 -1.26328 -2.56963  8.85732
1.74444e+09  -0.920229  -0.12192 -0.655777 -0.961816  -2.75625   9.00447
1.74444e+09  -0.895621 -0.130069 -0.664405 -0.98335 -2.84956  9.21621
1.74444e+09  -0.859029 -0.129589 -0.671436 -1.30276 -2.89622  9.36335
1.74444e+09  -0.822917 -0.119523 -0.670957 -1.68677 -2.91775  9.37771
1.74444e+09  -0.798309 -0.103863 -0.673354 -1.78008 -2.95364  9.17673
1.74444e+09  -0.792717 -0.090441 -0.689013 -1.69395  -3.0936   8.8645
1.74444e+09    -0.79735 -0.0808536  -0.706909 -1.59705 -3.27664  8.68865
1.74444e+09   -0.799747 -0.0658333  -0.730718 -1.39966 -3.39866  8.58098
1.74444e+09  -0.793036 -0.031159 -0.765073 -1.29917 -3.42019   8.6384
1.74444e+09  -0.768748  0.019015 -0.800227 -1.45349 -3.32329  8.83938
1.74444e+09  -0.730079 0.0711064 -0.821159 -1.52886 -3.37712  8.92192
1.74444e+09  -0.695085  0.111853  -0.84305  -1.4499 -3.53862   8.7999
1.74444e+09  -0.675431  0.133105 -0.871013 -1.56833 -3.66423   8.6384
1.74444e+09  -0.662967  0.126873 -0.891786 -1.77649 -3.96211  8.51638
1.74444e+09   -0.63788 0.0941161 -0.890348 -1.72625 -4.22051  8.75325
1.74444e+09  -0.580835 0.0480967 -0.875328 -1.54321 -4.33176  9.07625
1.74444e+09  -0.490714        -0 -0.853117 -1.65806 -4.27434  9.48896
1.74444e+09   -0.379341 -0.0456998  -0.822597 -1.82314 -4.34253  9.62175
1.74444e+09   -0.281709 -0.0917193  -0.803263 -1.40684 -4.47173  9.13008
1.74444e+09  -0.230736 -0.140455 -0.825154 -0.645996  -4.55427   8.44819
1.74444e+09  -0.213799  -0.18983 -0.870854 -0.416309  -4.62964   8.17903
1.74444e+09  -0.198459 -0.230896 -0.900734 -0.814673  -4.71577   8.49485
1.74444e+09   -0.15196 -0.256942 -0.894822  -1.4176 -4.67629  9.23057
1.74444e+09  -0.0624778  -0.272921  -0.866859 -1.76931 -4.54351  9.95552
1.74444e+09  0.0618386 -0.287462 -0.834422 -1.97747 -4.48608  10.2677
1.74444e+09   0.167939 -0.316543 -0.807417 -1.53962 -4.50044  9.66841
1.74444e+09   0.212201 -0.365439 -0.811252 -0.674707   -4.4179   8.73889
1.74444e+09   0.199737 -0.426159 -0.838896 -0.15791 -4.47532  8.18621
1.74444e+09   0.173532 -0.483204 -0.865421 -0.136377  -4.57581   8.43743
1.74444e+09   0.176727 -0.520115 -0.882678 -0.394775  -4.59375   9.16238
1.74444e+09   0.228339 -0.539929 -0.888111 -0.911572  -4.49685    9.9627
1.74444e+09   0.326131 -0.549037 -0.875168 -1.21304 -4.36047  10.3108
1.74444e+09    0.41002 -0.557187 -0.860627 -0.821851   -4.3533   9.62175
1.74444e+09   0.429994 -0.578119 -0.859189 -0.19021  -4.3533  8.71736
1.74444e+09   0.401551 -0.603685 -0.872132 0.229688 -4.34971  8.31541
1.74444e+09   0.362563 -0.623339 -0.890188 0.466553 -4.37842   8.5092
1.74444e+09   0.354094  -0.63069 -0.913997 0.552686  -4.3856  9.11931
1.74444e+09   0.401711 -0.628133 -0.938604 0.340942 -4.20256  9.88733
1.74444e+09   0.503497  -0.62302 -0.952826 0.0968994  -4.02312   10.3395
1.74444e+09   0.618546 -0.625257 -0.954903 -0.053833  -3.98005   10.1063
1.74444e+09   0.698121 -0.639798   -0.9418 -0.0681885   -4.05901    9.44231
1.74444e+09   0.728641 -0.661369 -0.923265 0.161499 -4.16667  8.81067
1.74444e+09   0.722888 -0.673354 -0.917992 0.681885 -4.14514  8.55227
1.74444e+09   0.708028 -0.661689 -0.942439  1.19868 -3.98723  8.77837
1.74444e+09   0.716337 -0.627494 -0.983985    1.353 -3.76831   9.2521
1.74444e+09   0.757243 -0.579238  -1.02425  1.23457 -3.58528  9.62534
1.74444e+09   0.816525 -0.528584  -1.05445   1.0623 -3.53145  9.67917
1.74444e+09   0.862225 -0.488157  -1.06644  0.79314 -3.60681  9.37771
1.74444e+09   0.874049 -0.464029  -1.05269 0.567041 -3.69294  9.02959
1.74444e+09   0.853437 -0.446772  -1.02585  0.76084 -3.61399  8.83938
1.74444e+09   0.827071 -0.419608  -1.00987  1.26328 -3.38789  8.99011
1.74444e+09   0.823716 -0.377263  -1.00875  1.56833 -3.17974  9.39565
1.74444e+09   0.853756 -0.324852   -1.0145   1.4822 -2.95364  9.85144
1.74444e+09   0.913837 -0.268926  -1.01658  1.21663 -2.81008  10.1493
1.74444e+09   0.980949 -0.218432  -1.00843  1.01206 -2.81008   10.074
1.74444e+09    1.02617 -0.181042 -0.994211  1.21304 -2.75266  9.56433
1.74444e+09    1.03256 -0.160429 -0.988619  1.78726 -2.64858  8.96499
1.74444e+09    1.00843 -0.153398 -0.990856  2.26816 -2.56604  8.66711
1.74444e+09   0.986382 -0.151001 -0.989897  2.40095 -2.44043   8.8322
1.74444e+09   0.988619 -0.140136 -0.976794  2.04207 -2.23945   9.3167
1.74444e+09    1.01898 -0.109616 -0.946274  1.44631 -1.98464  9.91963
1.74444e+09     1.07187 -0.0607201  -0.901054 0.879272  -1.7729  10.4005
1.74444e+09      1.11949 -0.00447411   -0.846885 0.671118 -1.60063  10.3431
1.74444e+09    1.13786 0.0472977 -0.788562 0.724951 -1.42837  10.0991
1.74444e+09    1.12396 0.0910801  -0.73695  1.16279 -1.24893  9.64688
1.74444e+09    1.09072  0.123997 -0.696523  1.76213 -1.19509  9.31311
1.74444e+09    1.06436  0.147805 -0.666163  2.04565 -1.22739  9.31311
1.74444e+09    1.06164  0.168259 -0.633406  1.82314 -1.17356   9.5428
1.74444e+09    1.08305  0.189511 -0.591701 1.45349 -1.1269 9.77249
1.74444e+09    1.11757  0.211402 -0.545043  1.01565 -1.04077  9.94116
1.74444e+09    1.15544  0.234252 -0.492632  0.606519 -0.868506   10.0058
1.74444e+09     1.1858  0.259339 -0.447571  0.678296 -0.699829   9.82991
1.74444e+09    1.19107  0.287462 -0.428077   1.05513 -0.599341   9.61458
1.74444e+09    1.17941  0.320378 -0.428236  1.40684 -0.47373  9.48896
1.74444e+09    1.17254  0.355053 -0.428875   1.60422 -0.319409   9.46743
1.74444e+09    1.18292  0.390366 -0.417371   1.55039 -0.208154   9.53562
1.74444e+09     1.2037  0.427597 -0.384134   1.28123 -0.118433   9.54639
1.74444e+09    1.21648   0.46339 -0.324213      1.03 0.0394775   9.42437
1.74444e+09     1.2021  0.495508 -0.249591 0.986938  0.22251  9.23774
1.74444e+09   1.15512 0.527466 -0.17497  1.19868 0.308643  9.04395
1.74444e+09    1.08801  0.564856 -0.113291  1.43196 0.366064  9.13726
1.74444e+09     1.02441   0.605603 -0.0613592  1.50015 0.523975  9.42795
1.74444e+09     0.982866    0.640437 -0.00782969  1.32429 0.753662  9.70071
1.74444e+09   0.956022  0.662328 0.0528904 0.900806 0.872095   9.8335
1.74444e+09  0.926301 0.674312 0.118244 0.66394 1.03718 9.77249
1.74444e+09  0.883956 0.683101 0.173691 0.735718  1.24893  9.61816
1.74444e+09  0.829308 0.689013 0.216994 0.933105  1.36018  9.38489
1.74444e+09  0.778016 0.688693 0.255983 1.12332 1.34224 9.33823
1.74444e+09   0.73711 0.683101 0.287941 1.26328 1.26328 9.38489
1.74444e+09  0.710265 0.676709 0.320378 1.07307 1.27046 9.51768
1.74444e+09  0.692688 0.665684 0.360166 0.620874  1.34583  9.60381
1.74444e+09   0.67607 0.648107 0.407144 0.287109  1.53245    9.672
1.74444e+09    0.6537 0.628932 0.445334 0.147144  1.72625  9.67559
1.74444e+09  0.621422 0.609598 0.469142 0.0717773   1.75137   9.60381
1.74444e+09  0.583712 0.594418 0.479848 0.226099  1.72625  9.48538
1.74444e+09  0.557346 0.580676 0.482405 0.459375  1.70471  9.48538
1.74444e+09  0.553511 0.571568 0.489596 0.491675  1.66882  9.57151
1.74444e+09  0.559583 0.562939 0.498863 0.333765  1.63293  9.50691
1.74444e+09  0.555908 0.553831 0.505894 0.143555  1.69753  9.32388
1.74444e+09  0.543125 0.547759 0.513085 0.00358887    1.86262    9.26646
1.74444e+09  0.520755 0.545682 0.515002 -0.0179443    1.95234    9.19468
1.74444e+09  0.492312 0.541687 0.514203 0.12561 1.97388 9.13367
1.74444e+09  0.472977  0.53194 0.511487 0.369653  2.00977  9.27004
1.74444e+09  0.476013 0.517719  0.50909 0.523975  1.96311  9.39207
1.74444e+09  0.494229 0.499662 0.509729 0.44502 1.93799 9.38848
1.74444e+09  0.518358 0.476653 0.520275 0.236865  2.04565  9.32029
1.74444e+09  0.531301 0.453803   0.5321 0.12561 2.16768 9.21621
1.74444e+09  0.528424 0.437504 0.542486 0.053833  2.19639  9.11931
1.74444e+09  0.510368 0.426319 0.547439 0.129199  2.18921  9.06548
1.74444e+09  0.487678 0.419128 0.545202 0.269165  2.19639   9.0583
1.74444e+09  0.473137 0.408902 0.540249 0.269165  2.21433  9.14443
1.74444e+09  0.468663 0.393722  0.53929 0.0215332   2.26458   9.18391
1.74444e+09  0.467385 0.374867 0.547439 -0.269165   2.37224   9.20186
1.74444e+09  0.463869 0.358248 0.559104 -0.419897   2.52297   9.16956
1.74444e+09   0.44789  0.34946 0.568052 -0.416309   2.58757   9.02241
1.74444e+09  0.423762 0.350738 0.574923 -0.362476   2.58398   8.96858
1.74444e+09  0.403948 0.359527 0.580676 -0.22251  2.53733   9.0583
1.74444e+09  0.395959 0.369274 0.583232 -0.0466553    2.50503    9.07266
1.74444e+09  0.394361 0.376624 0.581155 -0.0502441    2.51938    9.05112
1.74444e+09  0.390686 0.381578 0.580356 -0.211743   2.65935   8.97217
1.74444e+09  0.377743 0.386212 0.583232 -0.427075   2.82085   8.88962
1.74444e+09  0.352017 0.390366 0.592979 -0.699829   2.91775   8.82144
1.74444e+09  0.312868 0.397876 0.611355 -0.907983   2.95364    8.7999
1.74444e+09  0.282987 0.411299 0.639958 -0.940283    2.9967   8.99011
1.74444e+09  0.272601 0.426798 0.670477 -0.692651   2.96082    9.1229
1.74444e+09  0.274519 0.440221 0.687895 -0.330176   2.87109   9.09419
1.74444e+09   0.27324 0.450127 0.689333 -0.0430664    2.84238    8.95422
1.74444e+09  0.257901 0.451406 0.677189 0.154321  2.91057  8.69224
1.74444e+09  0.218592 0.443896 0.662648 0.107666  2.98594  8.43025
1.74444e+09  0.161547 0.435587 0.654818 -0.283521   3.08643   8.40513
1.74444e+09  0.100667 0.432551 0.664885 -0.710596   3.19409   8.62405
1.74444e+09  0.055447 0.432391 0.688853 -0.807495   3.25869   8.91116
1.74444e+09  0.0314786  0.429515  0.712822 -0.491675   3.21921   9.05112
1.74444e+09  0.0276436  0.423602  0.719693 -0.0753662    3.14744    9.16597
1.74444e+09  0.0378702   0.41801  0.710425 0.22251 3.19768 9.25928
1.74444e+09  0.0455401  0.412577  0.690611 0.186621  3.27664  9.27722
1.74444e+09  0.0370712  0.406185  0.672235 -0.233276   3.38071   9.27722
1.74444e+09  0.0111853  0.399314  0.666642 -0.656763   3.45967   9.22698
1.74444e+09  -0.0260457   0.392284   0.672395 -0.925928   3.51709   9.30234
1.74444e+09  -0.0514523   0.380939   0.687255 -0.968994   3.47761   9.41719
1.74444e+09  -0.0575243   0.360805   0.705791 -0.807495   3.39507   9.47102
1.74444e+09  -0.0525708   0.333801   0.716657 -0.527563   3.33765   9.47461
1.74444e+09  -0.05321 0.304879 0.712023 -0.244043   3.31252   9.33464
1.74444e+09  -0.0650344   0.279472   0.694925 -0.136377   3.34124   9.24851
1.74444e+09  -0.082771  0.261416  0.679106 -0.22251  3.42019  9.27722
1.74444e+09  -0.103384  0.250071  0.665204 -0.330176   3.45249   9.31311
1.74444e+09  -0.113291  0.241282  0.657215 -0.44502  3.43813  9.43513
1.74444e+09  -0.107538  0.231855  0.657375 -0.545508   3.39507   9.50332
1.74444e+09  -0.0913997    0.22067   0.659452 -0.592163   3.32688    9.5428
1.74444e+09  -0.0701477   0.206608   0.659612 -0.581396    3.3197   9.51409
1.74444e+09  -0.0538491   0.190949    0.65338 -0.552686   3.36636   9.47102
1.74444e+09  -0.0512925   0.177367   0.641715 -0.488086    3.4166   9.34182
1.74444e+09  -0.0671117   0.164903   0.620783 -0.362476   3.42019   9.16597
1.74444e+09  -0.090441  0.154836  0.596655 -0.261987   3.40583   9.06548
1.74444e+09  -0.104343  0.145888  0.576202 -0.218921   3.32688   9.10854
1.74444e+09  -0.102585    0.1371  0.558305 -0.236865   3.23716   9.17673
1.74444e+09  -0.090441  0.125595  0.542646 -0.384009   3.20127   9.24133
1.74444e+09  -0.076699  0.114569  0.530182 -0.678296   3.21204    9.2844
1.74444e+09  -0.0715858   0.104502   0.525708 -0.872095   3.19768   9.10137
1.74444e+09  -0.0806938  0.0966727   0.527785 -0.839795   3.13308   8.88604
1.74444e+09  -0.0925182  0.0939563     0.5321 -0.617285    2.9967   8.82502
1.74444e+09  -0.0941161  0.0963532    0.53162 -0.41272  2.88545  8.90398
1.74444e+09  -0.0862864   0.103384   0.525229 -0.326587   2.79932   9.01523
1.74444e+09  -0.0752609   0.114569   0.509409 -0.387598   2.78137   9.06548
1.74444e+09  -0.0655138   0.129909   0.496946 -0.678296   2.91416   9.10854
1.74444e+09  -0.0642354   0.147805   0.495668 -0.947461   3.05771   9.07625
1.74444e+09  -0.0738228   0.167939   0.503977 -1.00847  3.11873  8.99729
1.74444e+09  -0.0886833   0.188072   0.515162 -0.825439   3.08643   9.02241
1.74444e+09  -0.0955542   0.207247   0.519476 -0.545508   2.95723   9.13726
1.74444e+09  -0.0933172   0.223066   0.510208 -0.340942   2.81008   9.19827
1.74444e+09  -0.0971521   0.232494    0.48592 -0.308643   2.72395   9.09778
1.74444e+09  -0.115528  0.234891  0.461313 -0.47373  2.74907  8.90757
1.74444e+09  -0.149084  0.231056  0.449329 -0.72854  2.83162  8.74607
1.74444e+09  -0.194464  0.223706  0.452205 -0.875684    2.8675   8.63123
1.74444e+09  -0.238087  0.216036  0.466586 -0.864917   2.81367    8.7353
1.74444e+09  -0.265411  0.210922  0.482565 -0.710596   2.70959   9.00088
1.74444e+09  -0.275318  0.208046  0.487998 -0.495264   2.60193   9.20544
1.74444e+09  -0.277874  0.205649   0.47889 -0.423486    2.5481   9.29517
1.74444e+09  -0.287142  0.208046  0.464029 -0.567041   2.58398   9.23774
1.74444e+09  -0.310471  0.214118  0.458596 -0.861328   2.69165   9.10137
1.74444e+09  -0.349939  0.221788  0.468184 -1.1269 2.76702 8.99729
1.74444e+09  -0.39484 0.231535 0.490554 -1.19509  2.75984  8.98293
1.74444e+09  -0.427917  0.238566  0.513724 -1.00847  2.63064  9.10854
1.74444e+09  -0.443416  0.244318  0.525868 -0.667529   2.49067   9.22339
1.74444e+09  -0.453163  0.247195  0.518198 -0.373242   2.35789   9.24492
1.74444e+09  -0.47074 0.251189 0.499183 -0.312231   2.31841   9.16238
1.74444e+09  -0.50174 0.257102 0.485761 -0.498853   2.38301   9.06907
1.74444e+09  -0.548079  0.263653  0.483524 -0.707007   2.45837   8.93987
1.74444e+09  -0.602567  0.267807  0.487838 -0.785962   2.47991   8.87168
1.74444e+09  -0.650184  0.270524  0.493271 -0.76084  2.42249  8.98293
1.74444e+09  -0.679745  0.272282   0.49407 -0.599341   2.28252   9.16956
1.74444e+09  -0.697961  0.274519  0.481606 -0.369653    2.1605   9.25928
1.74444e+09  -0.716976  0.280271  0.458277 -0.276343   2.07795   9.27004
1.74444e+09  -0.743981  0.291616  0.437824 -0.401953   2.09231   9.25569
1.74444e+09  -0.780892  0.304399  0.430154 -0.617285   2.14255   9.21621
1.74444e+09  -0.822757  0.317342  0.429834 -0.811084   2.15332   9.31311
1.74444e+09  -0.85823 0.330605 0.431113 -0.836206    2.0636   9.51409
1.74444e+09  -0.878044  0.344027  0.420566 -0.617285   1.84827   9.68635
1.74444e+09  -0.885874  0.355692  0.386851 -0.265576   1.60422   9.73301
1.74444e+09  -0.892106  0.366557  0.335399 -0.0753662    1.42478    9.65046
1.74444e+09  -0.908404  0.378542  0.284426 -0.154321   1.37813   9.56074
1.74444e+09  -0.937806  0.391005  0.248633 -0.47373  1.38889  9.61099
1.74444e+09  -0.971841  0.408103   0.22754 -0.814673   1.38171   9.81196
1.74444e+09  -0.995649  0.431911  0.214757 -0.990527   1.26328   10.0452
1.74444e+09   -1.0038 0.456998 0.201335 -0.929517      1.03   10.1278
1.74444e+09  -1.00572 0.473776 0.178165 -0.821851  0.829028   10.0417
1.74444e+09  -1.01291 0.479529  0.15164 -0.807495  0.724951   9.91245
1.74444e+09  -1.03096 0.472498 0.128631 -0.897217  0.699829   9.75095
1.74444e+09  -1.05605 0.458277 0.114569 -1.16279 0.746484  9.85503
1.74444e+09  -1.07826 0.440221 0.108497 -1.37454  0.76084  10.0237
1.74444e+09   -1.09919  0.418329 0.0989098 -1.34941  0.72854   10.074
1.74444e+09   -1.11341  0.396758 0.0795753 -1.25969 0.613696   10.178
1.74444e+09   -1.11389  0.382536 0.0533697  -1.0946 0.355298  10.1134
1.74444e+09   -1.11517  0.375346 0.0218912 -0.829028 0.0645996   9.83708
1.74444e+09    -1.12843   0.369593 -0.0108657  -0.635229 -0.0502441    9.48896
1.74444e+09     -1.1564   0.361444 -0.0380299  -0.653174 0.00717773    9.43154
1.74444e+09  -1.17941   0.3493 -0.05321 -1.00129 0.122021  9.84785
1.74444e+09     -1.1858   0.337156 -0.0696683 -1.23457 0.132788  10.2462
1.74444e+09   -1.17973  0.325492 -0.103224   -1.1592 0.0861328   10.5154
1.74444e+09   -1.15832  0.316543 -0.154197  -0.972583 -0.0610107      10.58
1.74444e+09  -1.12748 0.301044 -0.21236 -0.771606 -0.301465   10.4005
1.74444e+09   -1.09871  0.275797 -0.264771 -0.613696 -0.491675   10.1242
1.74444e+09   -1.07938  0.245916 -0.310791 -0.588574 -0.606519   9.98064
1.74444e+09   -1.06628   0.22019 -0.351697 -0.864917 -0.667529   10.1242
1.74444e+09   -1.04311  0.201335 -0.382536  -1.31353 -0.685474   10.4364
1.74444e+09   -1.00396  0.185835 -0.404428   -1.5145 -0.703418   10.6159
1.74444e+09  -0.957779  0.168738 -0.430473  -1.36018 -0.803906   10.4867
1.74444e+09  -0.915755  0.149723 -0.459235  -1.20586 -0.922339   10.3036
1.74444e+09  -0.88092 0.128471 -0.48656 -1.1915   -1.03  10.074
1.74444e+09  -0.859668  0.103703 -0.508451 -1.2884 -1.0623 9.95552
1.74444e+09  -0.844009 0.0765392  -0.52427 -1.41401 -1.09819  9.98064
1.74444e+09   -0.82771 0.0487358 -0.538012 -1.48579  -1.2238  10.0237
1.74444e+09  -0.812211 0.0239684  -0.55495 -1.55757 -1.38171  10.0201
1.74444e+09    -0.801026 0.000798948   -0.576202 -1.56116 -1.49297  9.83708
1.74444e+09   -0.792237 -0.0236489  -0.597134 -1.46785  -1.5791  9.66482
1.74444e+09   -0.783129 -0.0527306  -0.616788 -1.28481 -1.67241  9.49614
1.74444e+09   -0.779454 -0.0821319   -0.63788  -1.2561 -1.70112  9.33464
1.74444e+09  -0.778975  -0.10658 -0.656096 -1.47144  -1.7083  9.32388
1.74444e+09  -0.773542   -0.1216 -0.667122  -1.7406 -1.79084  9.52844
1.74444e+09  -0.756125  -0.12879  -0.67591 -1.92722  -1.9667  9.71506
1.74444e+09  -0.731996 -0.133265 -0.684859 -1.92722 -2.22869  9.63611
1.74444e+09  -0.711224 -0.138058 -0.690771  -1.9021 -2.47632   9.3813
1.74444e+09  -0.694606 -0.145888 -0.681024 -1.93799 -2.62346  9.16238
1.74444e+09  -0.679266  -0.15164 -0.651622 -2.01335 -2.61987  9.07983
1.74444e+09  -0.662648 -0.150682 -0.612474 -2.03489 -2.52297  9.10137
1.74444e+09  -0.644751  -0.14413 -0.583871 -2.04924 -2.50503  9.17314
1.74444e+09  -0.626216 -0.131986 -0.572047 -2.01335 -2.57322  9.21621
1.74444e+09  -0.606562 -0.114569 -0.575083  -1.8375 -2.68806  9.13008
1.74444e+09    -0.59234 -0.0939563  -0.589943 -1.58269 -2.82803  8.90757
1.74444e+09  -0.586748 -0.073663 -0.604964 -1.42478 -2.97517  8.66353
1.74444e+09   -0.589943 -0.0560862  -0.605922 -1.48579 -3.16179  8.49844
1.74444e+09   -0.595217 -0.0365918  -0.590103 -1.62576 -3.23716  8.61687
1.74444e+09   -0.595376 -0.0103863  -0.573964 -1.60063 -3.20845   8.7999
1.74444e+09  -0.584031 0.0186954 -0.574284 -1.50374 -3.15103  9.04753
1.74444e+09  -0.558625 0.0482565 -0.592979 -1.39248 -3.14744  9.17673
1.74444e+09  -0.523471 0.0733435 -0.620623 -1.25969 -3.17256  9.13008
1.74444e+09  -0.488637 0.0937965 -0.647947 -1.24534 -3.27305  8.98293
1.74444e+09  -0.462272  0.112013 -0.663766  -1.4499 -3.38071  8.86809
1.74444e+09   -0.44821  0.132146 -0.668081 -1.72625 -3.49197  8.82502
1.74444e+09  -0.436545  0.157233 -0.668081 -1.78008 -3.46685  9.01882
1.74444e+09  -0.418329  0.191268 -0.694286 -1.43555 -3.43813  9.19468
1.74444e+09  -0.391165   0.22802 -0.750053 -1.14844 -3.43455  9.22698
1.74444e+09  -0.349939  0.259818 -0.806458 -1.02283  -3.3843  9.20903
1.74444e+09  -0.300884  0.280591 -0.841932 -0.943872  -3.42737   8.88604
1.74444e+09  -0.260297  0.283307 -0.845447 -0.979761  -3.68936   8.45896
1.74444e+09  -0.232015  0.267009 -0.814768 -1.31711 -3.93699  8.35129
1.74444e+09  -0.203093  0.242721 -0.762836 -1.67959 -4.04465  8.71018
1.74444e+09  -0.168099  0.218273 -0.731517 -1.60422 -4.10208  9.16238
1.74444e+09  -0.132306  0.191268  -0.74414 -1.38889  -4.1918    9.349
1.74444e+09  -0.100348  0.154197 -0.781851 -1.36377 -4.24204  9.31311
1.74444e+09  -0.0728641  0.0992294  -0.824994 -1.23098 -4.29946  9.04395
1.74444e+09  -0.0492152   0.028123  -0.855034 -1.15203 -4.41072  8.74607
1.74444e+09  -0.0282828 -0.0509729  -0.857431 -1.17715 -4.46814  8.58457
1.74444e+09  -0.00942759   -0.123358   -0.844968 -1.01565 -4.37842  8.62405
1.74444e+09  0.0119842 -0.176088 -0.844968 -0.739307  -4.27075   8.88962
1.74444e+09  0.0409062 -0.208366 -0.869735 -0.771606  -4.25999   9.20186
1.74444e+09  0.0741424 -0.225943  -0.90441 -1.17715 -4.31741  9.34182
1.74444e+09  0.0973119  -0.23553 -0.936687 -1.41042 -4.46096  9.12649
1.74444e+09   0.109456 -0.241442 -0.953625 -1.30276 -4.67629  8.73171
1.74444e+09    0.11409 -0.240483 -0.950269 -0.811084  -4.73372   8.46255
1.74444e+09   0.115208 -0.225303 -0.941481 -0.276343  -4.59375    8.4769
1.74444e+09   0.123358 -0.199418  -0.93461 -0.154321  -4.46096   8.80708
1.74444e+09   0.142852 -0.175609 -0.927739 -0.269165  -4.42507    9.1229
1.74444e+09   0.162027 -0.169057 -0.933491 -0.172266  -4.53992    9.0906
1.74444e+09   0.170176 -0.184237 -0.964011 -0.104077  -4.62605   8.97576
1.74444e+09   0.178805 -0.208685 -0.996928 -0.41272 -4.67629  8.97576
1.74444e+09   0.194304 -0.233293  -1.00683 -0.563452  -4.72654   8.88962
1.74444e+09   0.215556 -0.247354 -0.996289 -0.441431  -4.59375   8.99011
1.74444e+09   0.251189 -0.247514 -0.973758 -0.394775   -4.4502    9.2844
1.74444e+09   0.294333   -0.2432 -0.944836 -0.513208  -4.40354   9.39207
1.74444e+09   0.328528 -0.247834 -0.923424 -0.387598   -4.3533   9.23416
1.74444e+09   0.344347 -0.264132   -0.9271 -0.0897217   -4.25999    9.03318
1.74444e+09   0.349939 -0.282189 -0.945635 0.0789551  -4.18462   8.90757
1.74444e+09   0.352176 -0.293693 -0.972799 0.312231 -4.10208  8.86091
1.74444e+09   0.362243 -0.288261  -1.00044 0.344531 -3.93699  9.04395
1.74444e+09   0.382696 -0.263653  -1.02138 0.251221 -3.70012  9.32747
1.74444e+09   0.408742 -0.231056  -1.03336 0.0897217  -3.62117   9.56074
1.74444e+09   0.433669 -0.208845  -1.03272 -0.0466553   -3.67859    9.64329
1.74444e+09   0.447411 -0.211082  -1.03544 0.129199 -3.77908  9.46743
1.74444e+09   0.450926 -0.236169   -1.0471 0.366064 -3.92263  9.30952
1.74444e+09   0.461632 -0.269885  -1.05941 0.628052 -3.99082   9.3167
1.74444e+09   0.491673 -0.299925  -1.06436  0.79314 -3.78267   9.3813
1.74444e+09   0.544403 -0.313987  -1.05333  0.79314 -3.36995  9.68994
1.74444e+09  0.609917 -0.31159 -1.02825 0.667529 -3.09719  9.95193
1.74444e+09   0.664885 -0.308554 -0.986861 0.376831 -3.04336  9.93757
1.74444e+09   0.690132 -0.317822 -0.937007 0.387598 -3.14385  9.63252
1.74444e+09   0.685977 -0.341151 -0.902172 0.545508 -3.29099  9.40642
1.74444e+09   0.678786 -0.365439 -0.885554 0.595752 -3.32688  9.51409
1.74444e+09   0.685977  -0.37982 -0.880761  0.66394 -3.23357  9.69712
1.74444e+09    0.71442 -0.382536 -0.876287 0.771606 -2.98953  9.83708
1.74444e+09   0.754846 -0.374068 -0.862225  0.76084 -2.70601  9.91963
1.74444e+09   0.787763 -0.356491 -0.830906 0.592163 -2.49067  9.97346
1.74444e+09   0.790479 -0.336517 -0.778335 0.477319 -2.46196  9.84785
1.74444e+09   0.761078 -0.321017 -0.711384 0.628052 -2.51938  9.63611
1.74444e+09   0.718734 -0.306477 -0.636602  0.85415 -2.60911  9.56433
1.74444e+09   0.685338 -0.282189 -0.559104  0.95105 -2.60911  9.76172
1.74444e+09   0.677508 -0.239684 -0.477931 0.857739 -2.45837  10.1888
1.74444e+09   0.705791 -0.178165 -0.392124 0.750073 -2.19998  10.5369
1.74444e+09   0.756125 -0.114569 -0.305358 0.771606 -1.93799  10.5369
1.74444e+09    0.812211 -0.0605603  -0.228339  0.76084 -1.76213  10.3826
1.74444e+09    0.859668 -0.0188552  -0.162826 0.814673 -1.76572  9.98782
1.74444e+09   0.879482 0.0118244 -0.118884  1.14485 -1.91287  9.55356
1.74444e+09    0.881719  0.0388289 -0.0925182  1.37454 -1.96311   9.5105
1.74444e+09    0.891147  0.0699879 -0.0703075   1.2238 -1.78008  9.79761
1.74444e+09    0.922626   0.112652 -0.0425041 0.832617 -1.43914  10.1924
1.74444e+09     0.976794    0.164583 -0.00383495 0.419897 -1.18433  10.4651
1.74444e+09    1.03815  0.218273 0.0450607 0.0466553 -0.997705     10.44
1.74444e+09    1.08673  0.263493 0.0993892 -0.0179443   -0.91875    10.0596
1.74444e+09   1.10574 0.297528 0.142373  0.484497 -0.994116    9.4459
1.74444e+09   1.09855 0.325332 0.158991  1.22739 -1.11614  8.95781
1.74444e+09   1.08018 0.354733 0.157393  1.63293 -1.10537  8.82861
1.74444e+09   1.07443  0.38717 0.158991   1.36377 -0.875684   9.23057
1.74444e+09   1.09616 0.419767    0.182  0.782373 -0.584985   9.72224
1.74444e+09   1.12955 0.452524 0.221788 0.283521 -0.38042  10.0058
1.74444e+09   1.15879 0.480967 0.270843 -0.150732 -0.297876   10.0668
1.74444e+09   1.17653 0.501899 0.330285 -0.513208 -0.258398    9.9304
1.74444e+09   1.18021 0.511487 0.400273 -0.592163 -0.258398    9.6397
1.74444e+09   1.17014 0.511647 0.466106 -0.129199 -0.297876   9.25928
1.74444e+09   1.14345 0.511007 0.505734   0.50603 -0.344531   9.01165
1.74444e+09   1.11773 0.519956 0.529703 0.624463 -0.22251  9.17314
1.74444e+09   1.10191 0.537532 0.560702  0.247632 0.0466553   9.27363
1.74444e+09   1.08721 0.555109 0.609278 -0.147144  0.358887    9.2521
1.74444e+09   1.06276 0.566614 0.666163 -0.38042 0.592163  9.10496
1.74444e+09   1.02154 0.571088  0.72161 -0.531152   0.76084   8.78196
1.74444e+09  0.953944  0.56997 0.780413 -0.69624 0.807495  8.39077
1.74444e+09  0.863823  0.56949 0.841772 -0.807495   0.79314   8.10366
1.74444e+09  0.762356 0.568052 0.900734 -0.592163  0.685474   7.87756
1.74444e+09  0.649385  0.56198 0.937486 0.0287109  0.556274   7.67659
1.74444e+09  0.536574 0.545362 0.941001  0.53833 0.477319  7.68018
1.74444e+09  0.429035 0.521234 0.923265 0.516797 0.509619  7.80579
1.74444e+09  0.330445 0.490714  0.90425 0.154321 0.545508  7.92063
1.74444e+09  0.232494  0.45588 0.893544 -0.240454  0.574219   7.90986
1.74444e+09  0.138538 0.419288 0.895142 -0.563452  0.599341   7.95652
1.74444e+09  0.0519316  0.385093  0.907126 -0.753662  0.671118   8.05701
1.74444e+09  -0.0257261   0.351697    0.91895 -0.290698  0.606519   8.12161
1.74444e+09  -0.090441  0.310152  0.913997 0.452197  0.38042  8.22209
1.74444e+09  -0.138538  0.255504  0.887152   1.1915 0.100488  8.36924
1.74444e+09  -0.167939  0.195423  0.839215   1.62576 0.0143555   8.68865
1.74444e+09  -0.17497 0.141574  0.77498  1.65088 0.129199  9.10854
1.74444e+09  -0.154197  0.103224  0.705152  1.47144 0.322998  9.79761
1.74444e+09  -0.0949151  0.0848483   0.629891  1.50374 0.498853  10.5979
1.74444e+09  -0.0062318  0.0818123   0.536254  1.79084 0.624463  11.2296
1.74444e+09   0.090441 0.0883637  0.421525  1.99541 0.703418  11.5956
1.74444e+09   0.180243 0.0977913  0.306796  1.84827 0.829028  11.7787
1.74444e+09  0.255344 0.103863  0.21252  1.47144 0.968994  11.6889
1.74444e+09   0.31111 0.107059 0.142852 1.20586 1.03718 11.4162
1.74444e+09   0.342429  0.105461 0.0910801 1.00847 1.04436 11.0645
1.74444e+09   0.351058 0.0977913 0.0580036 0.821851  0.95105  10.6338
1.74444e+09   0.331404 0.0899616 0.0412257 0.584985 0.839795  10.1924
1.74444e+09   0.287462 0.0824515 0.0399474  0.31582 0.803906  9.90168
1.74444e+09   0.227381  0.077498 0.0519316 0.0717773  0.839795   9.67917
1.74444e+09   0.155475 0.0771784 0.0763795 -0.0933105   0.893628     9.5105
1.74444e+09  0.0725445 0.0794155  0.103064 -0.150732  0.893628   9.37053
1.74444e+09  -0.0110255  0.0861266    0.12879 -0.12561 0.897217  9.29158
1.74444e+09  -0.0802144  0.0973119   0.149883        0 0.836206  9.24492
1.74444e+09  -0.142852  0.114729  0.165223 0.193799 0.890039  9.32029
1.74444e+09  -0.187913  0.138857  0.166501 0.452197 0.961816  9.49614
1.74444e+09    -0.213 0.168099 0.152759 0.645996 0.990527  9.66123
1.74444e+09  -0.223546  0.201175  0.126234 0.771606 0.986938  9.78325
1.74444e+09  -0.225144  0.234731 0.0890028 0.843384  1.01565   9.7689
1.74444e+09  -0.223226   0.26605 0.0439422 0.861328  1.03718  9.70789
1.74444e+09    -0.218113    0.293693 -0.00255663 0.836206  1.03718  9.58945
1.74444e+09    -0.21236   0.319579 -0.0439422 0.79314 1.03359 9.46025
1.74444e+09   -0.209644   0.342429 -0.0806938 0.671118  1.04795  9.38848
1.74444e+09  -0.206608  0.367356 -0.110734 0.480908  1.10896  9.42078
1.74444e+09  -0.198619  0.395639 -0.132785 0.283521  1.14844  9.46384
1.74444e+09  -0.187753  0.422484 -0.141733 0.251221  1.16279  9.44231
1.74444e+09  -0.176088  0.442937 -0.149883 0.322998  1.11973    9.349
1.74444e+09   -0.1673 0.452844 -0.15931 0.308643 0.990527  9.22698
1.74444e+09  -0.165702  0.453323 -0.163944 0.0968994  0.850562   9.13726
1.74444e+09  -0.171454   0.44789 -0.158032 -0.301465  0.750073   9.15161
1.74444e+09   -0.18248  0.442298 -0.138857 -0.796729  0.707007   9.27722
1.74444e+09  -0.194464  0.445014 -0.112812 -1.20586 0.746484  9.42795
1.74444e+09   -0.203412   0.458916 -0.0874049 -1.42837 0.821851  9.54639
1.74444e+09   -0.203093   0.481766 -0.0648746 -1.46426 0.879272  9.62534
1.74444e+09   -0.195423   0.508131 -0.0519316 -1.39248 0.925928  9.65046
1.74444e+09   -0.181681   0.534337 -0.0504935  -1.3207 0.915161  9.65405
1.74444e+09   -0.166661   0.560223 -0.0586428 -1.29917 0.829028  9.61099
1.74444e+09   -0.156754   0.589943 -0.0687096 -1.35659 0.717773   9.5751
1.74444e+09   -0.153078   0.632607 -0.0803742 -1.34224 0.707007  9.56074
1.74444e+09  -0.156913  0.689013 -0.100508 -1.16638 0.746484  9.50691
1.74444e+09  -0.164104  0.756444 -0.129589 -0.922339  0.724951   9.48538
1.74444e+09  -0.170176  0.826752 -0.161068 -0.836206  0.592163   9.46384
1.74444e+09  -0.175449  0.901533 -0.187593 -1.02283 0.509619  9.40283
1.74444e+09  -0.180562  0.982227 -0.202134 -1.34941 0.495264  9.29158
1.74444e+09  -0.189511   1.06484 -0.201655 -1.67241 0.427075  9.13008
1.74444e+09  -0.205809   1.14745 -0.190309 -1.89133 0.362476  8.97576
1.74444e+09    -0.2277   1.22031 -0.177526 -1.94875 0.333765  8.92192
1.74444e+09  -0.248473   1.27512 -0.170815 -1.86262 0.297876   8.9937
1.74444e+09  -0.255344   1.30724 -0.174331 -1.72266 0.233276  9.13008
1.74444e+09  -0.242241     1.305 -0.181361  -1.7083 0.179443  9.33464
1.74444e+09  -0.211881   1.26809 -0.179444 -1.88416 0.168677  9.47102
1.74444e+09  -0.172413    1.1973 -0.169377 -2.03848 0.147144  9.47461
1.74444e+09  -0.133105   1.10495 -0.155475 -2.18203 0.100488  9.40283
1.74444e+09  -0.0998685    1.00636  -0.141893 -2.35789 0.104077  9.36694
1.74444e+09  -0.0733435   0.914316  -0.133424   -2.5481 0.0861328   9.39565
1.74444e+09  -0.0575243   0.837937  -0.134703  -2.78496 0.0825439   9.47102
1.74444e+09  -0.0496946   0.781212  -0.141094 -3.01106 0.107666  9.53562
1.74444e+09  -0.0485761   0.735991  -0.143012  -3.20845 0.0933105   9.54639
1.74444e+09  -0.0508131   0.694286  -0.141414 -3.28022 0.100488  9.53203
1.74444e+09  -0.0556068   0.650024  -0.134703   -3.3197 0.0681885   9.50691
1.74444e+09  -0.0600809   0.599531  -0.123038  -3.38789 0.0466553   9.46025
1.74444e+09  -0.0688693   0.552872  -0.106739  -3.54939 0.0933105   9.46025
1.74444e+09  -0.0765392   0.519636   -0.08357 -3.70371 0.154321  9.51409
1.74444e+09  -0.0824515   0.502538 -0.0624778 -3.71807 0.193799  9.55356
1.74444e+09  -0.0838896   0.500301 -0.0441019 -3.72166 0.233276  9.63252
1.74444e+09  -0.0822917   0.506373 -0.0305198 -3.69294 0.233276  9.69353
1.74444e+09   -0.076699   0.512445 -0.0225303 -3.64988 0.208154  9.74019
1.74444e+09  -0.0663127   0.509729 -0.0170975 -3.68577 0.193799   9.8012
1.74444e+09  -0.0522512   0.494549 -0.0105461 -3.72524 0.200977  9.82273
1.74444e+09   -0.0385093    0.466905 -0.00575243 -3.77549 0.197388  9.81196
1.74444e+09  -0.0252468   0.435746  -0.003036 -3.77549 0.208154  9.79402
1.74444e+09    -0.015979    0.408742 -0.00814927 -3.68577  0.22251  9.75813
1.74444e+09  -0.0103863   0.386851 -0.0177367 -3.59963 0.233276  9.68635
1.74444e+09  -0.00814927    0.366398  -0.0284426 -3.56375 0.193799  9.59304
1.74444e+09  -0.0103863   0.340192 -0.0361125 -3.50991  0.12561   9.4782
1.74444e+09  -0.0175769   0.302961 -0.0431432  -3.45608 0.0466553   9.39565
1.74444e+09  -0.0257261    0.25103 -0.0444215  -3.43813 0.0143555   9.35618
1.74444e+09  -0.0319579   0.184877 -0.0410659  -3.42019 0.0287109   9.37412
1.74444e+09  -0.0338754   0.109776 -0.0353135  -3.42378 0.0574219   9.43872
1.74444e+09  -0.0321177  0.0309992 -0.0271642  -3.43813 0.0717773   9.49255
1.74444e+09  -0.0262055 -0.0472977 -0.0207727  -3.42019 0.0753662   9.53203
1.74444e+09  -0.0183758  -0.120801 -0.0178964  -3.39148 0.0825439   9.55356
1.74444e+09  -0.00830906   -0.184557  -0.0194943  -3.36277 0.0610107   9.53921
1.74444e+09  0.000798948   -0.236009  -0.0247674  -3.33047 0.0287109   9.51409
1.74444e+09  0.00830906  -0.274998 -0.0327569    -3.37712 -0.00358887     9.52126
1.74444e+09   0.0145409  -0.304879 -0.0367516   -3.56016 -0.0215332    9.54998
1.74444e+09   0.0196541  -0.327888 -0.0337156    -3.82214 -0.00717773      9.5751
1.74444e+09   0.0202933   -0.34962 -0.0233293   -3.99082 -0.0107666    9.56433
1.74444e+09   0.0180562  -0.372789 -0.0123038    -3.97646 -0.00717773     9.60022
1.74444e+09    0.0148604   -0.401072 -0.00223706    -3.8365 -0.0179443    9.57869
1.74444e+09   0.0092678  -0.435906 0.00399474      -3.675 -0.00717773     9.55356
1.74444e+09  -0.00111853   -0.480647  0.00814927    -3.50273 -0.00358887     9.54639
1.74444e+09  -0.0139017  -0.532579 0.00782969   -3.39148 -0.0107666    9.54998
1.74444e+09  -0.0292415  -0.593299 0.00703075  -3.31252 0.0143555   9.61458
1.74444e+09  -0.0393083  -0.657694  0.0103863 -3.27305 0.100488  9.74736
1.74444e+09  -0.039468 -0.720492 0.0191748 -3.2551 0.15791 9.90886
1.74444e+09  -0.0286024  -0.781371  0.0292415  -3.1582 0.211743  10.0165
1.74444e+09  -0.0137419  -0.840494  0.0332363 -3.00747 0.236865  10.0811
1.74444e+09  0.00127832  -0.901054  0.0327569  -2.8998 0.215332  10.1601
1.74444e+09  0.0124636 -0.959058 0.0262055 -2.84956 0.208154  10.1673
1.74444e+09  0.0170975  -1.01291 0.0180562 -2.81008 0.179443  10.1493
1.74444e+09  0.0228499  -1.06132 0.0126234 -2.78855  0.25481  10.2247
1.74444e+09  0.0378702  -1.10574 0.0137419 -2.74907 0.362476  10.3503
1.74444e+09  0.0588026  -1.14505 0.0180562  -2.5804 0.419897  10.3539
1.74444e+09  0.0790959  -1.17925 0.0193345 -2.35071 0.387598  10.2498
1.74444e+09  0.0928378  -1.20737 0.0167779 -2.13538  0.31582  10.1063
1.74444e+09   0.095714  -1.23198 0.0111853 -1.94875 0.265576  9.98423
1.74444e+09   0.0913997   -1.25323 0.00367516 -1.82673 0.211743  9.85144
1.74444e+09     0.0794155     -1.27384 -0.000958738  -1.7729 0.186621  9.77249
1.74444e+09     0.0667921     -1.29318 -0.000479369  -1.7406 0.168677  9.72583
1.74444e+09  0.0564058  -1.30724 0.0046339 -1.70112 0.186621  9.72942
1.74444e+09  0.0514523  -1.31603 0.0147006 -1.60063 0.204565  9.72583
1.74444e+09  0.0511327  -1.32226 0.0247674 -1.45349 0.215332   9.7366
1.74444e+09  0.0551274  -1.32961 0.0313188  -1.2884 0.204565  9.71506
1.74444e+09  0.0580036  -1.33792 0.0321177 -1.13767 0.179443  9.63252
1.74444e+09  0.0568851  -1.34607 0.0279632 -1.00488 0.114844  9.62175
1.74444e+09  0.0544883  -1.35821  0.021252 -0.875684 0.0825439   9.61099
1.74444e+09  0.0548079  -1.37531 0.0153398 -0.778784 0.0897217   9.64688
1.74444e+09  0.0611994  -1.39688 0.0100667 -0.674707  0.136377   9.67559
1.74444e+09   0.0731837   -1.41526 0.00591222 -0.584985  0.136377   9.68276
1.74444e+09     0.0869256     -1.41973 -0.000319579 -0.495264 0.0610107   9.63252
1.74444e+09   0.0941161   -1.40791 -0.0076699 -0.362476        -0   9.54998
1.74444e+09   0.0928378    -1.3849 -0.0147006 -0.183032 0.0287109   9.46384
1.74444e+09   0.0834102   -1.35629 -0.0172573 -0.0251221  0.0574219    9.40642
1.74444e+09     0.06839   -1.32034 -0.0153398 0.0287109 0.0753662   9.37771
1.74444e+09   0.0541687   -1.27672 -0.0076699  0.111255 0.0933105   9.41719
1.74444e+09   0.0469782   -1.22862 0.00383495 0.226099 0.136377  9.44231
1.74444e+09  0.0442617  -1.18069 0.0172573 0.358887 0.175854  9.43154
1.74444e+09  0.0415453  -1.13195 0.0271642 0.495264 0.183032  9.42078
1.74444e+09  0.0338754  -1.08178 0.0367516 0.595752 0.150732  9.32747
1.74444e+09  0.0156594  -1.02761 0.0431432 0.689063 0.100488   9.2198
1.74444e+09  -0.00990696    -0.97232   0.0496946  0.803906 0.0753662   9.18032
1.74444e+09  -0.0369114  -0.917992  0.0589624  0.879272 0.0933105    9.1875
1.74444e+09  -0.0549676  -0.865581  0.0731837 0.922339 0.147144   9.2844
1.74444e+09  -0.0640757   -0.81253  0.0845287 0.940283 0.175854  9.37771
1.74444e+09  -0.0680704  -0.758841  0.0947553  1.01924 0.172266  9.39924
1.74444e+09  -0.0698281  -0.707229   0.100348  1.11614 0.150732  9.33823
1.74444e+09  -0.0731837  -0.663127   0.103544   1.23098 0.0861328   9.27004
1.74444e+09  -0.0853277  -0.628772   0.105621    1.33865 0.00358887    9.16956
1.74444e+09  -0.102745 -0.601928   0.10642    1.43196 -0.0394775    9.14802
1.74444e+09  -0.120002 -0.578279  0.107698   1.49656 0.0287109   9.27004
1.74444e+09  -0.125115 -0.553032  0.110255  1.56833 0.132788  9.53921
1.74444e+09  -0.112013 -0.528904  0.110574  1.70112 0.172266  9.71147
1.74444e+09  -0.0912399  -0.508611   0.108178  1.86621 0.147144  9.72583
1.74444e+09  -0.0759001  -0.496946  0.0990696 1.99541 0.12561 9.68276
1.74444e+09  -0.0687096  -0.490235  0.0875647   2.03848 0.0933105   9.59304
1.74444e+09  -0.0770186  -0.488317  0.0778176   2.07437 0.0502441   9.43872
1.74444e+09  -0.0971521  -0.491833   0.073663   2.11743 0.0358887   9.35618
1.74444e+09  -0.116806 -0.500781 0.0747816   2.15332 0.0968994   9.47102
1.74444e+09   -0.12192 -0.510688 0.0789361  2.18921 0.218921  9.74019
1.74444e+09  -0.110095 -0.519316 0.0824515   2.2574 0.287109  9.91963
1.74444e+09  -0.0925182  -0.526667  0.0816525   2.3866 0.287109  9.94834
1.74444e+09  -0.0771784  -0.536733  0.0743022   2.5481 0.211743   9.8335
1.74444e+09  -0.073663 -0.550156 0.0642354   2.64858 0.0825439   9.68994
1.74444e+09  -0.0813329  -0.565655  0.0556068   2.71677 0.0143555   9.51768
1.74444e+09  -0.093477 -0.581315   0.05321    2.72395 -0.0394775    9.38848
1.74444e+09  -0.102585 -0.594737 0.0549676    2.78137 -0.0251221    9.35259
1.74444e+09  -0.101946 -0.603526 0.0576841   2.86033 0.0430664   9.40283
1.74444e+09  -0.0872452   -0.60784   0.056246  2.93569 0.136377  9.55715
1.74444e+09  -0.0619984  -0.607201   0.049375   2.9967 0.172266  9.57151
1.74444e+09  -0.0399474  -0.602247   0.036432  3.03977 0.104077  9.42078
1.74444e+09  -0.0391485  -0.595536  0.0218912    3.00388 -0.0215332    9.30593
1.74444e+09  -0.0568851  -0.589464  0.0124636    2.97517 -0.0933105    9.31311
1.74444e+09  -0.0786165  -0.586268  0.0131028    2.90698 -0.0681885    9.41719
1.74444e+09  -0.0937965  -0.586907  0.0270045 2.91057      -0 9.64688
1.74444e+09  -0.0906007  -0.589943  0.0436226  3.07566 0.136377  9.84426
1.74444e+09  -0.0749414  -0.597294  0.0500142  3.43455 0.143555  9.89451
1.74444e+09  -0.0469782  -0.609278  0.0437824  3.65347 0.147144  9.67559
1.74444e+09  -0.0271642  -0.629252  0.0258859   3.75754 0.0645996   9.49614
1.74444e+09  -0.00846885   -0.651782  0.00830906    3.66064 -0.0430664    9.32747
1.74444e+09     0.003036   -0.670637 -0.00415453   3.48838 -0.165088   9.23057
1.74444e+09    0.0062318   -0.680384 -0.00814927   3.25869 -0.165088    9.2521
1.74444e+09    0.0076699   -0.677029 -0.00287621   3.12231 -0.111255   9.37053
1.74444e+09  0.0105461 -0.665204 0.0062318    3.19409 -0.0322998    9.44231
1.74444e+09  0.0167779 -0.648426 0.0102265   3.40583 0.0358887   9.39565
1.74444e+09   0.0247674  -0.632288 0.00527306   3.59246 0.0466553   9.27363
1.74444e+09    0.0322775   -0.621102 -0.00735032   3.71807 0.0645996   9.07266
1.74444e+09   0.0370712  -0.616628 -0.0252468   3.70012 0.0430664    8.8968
1.74444e+09   0.0346744  -0.614871 -0.0409062   3.58887 0.0143555   8.76401
1.74444e+09   0.0322775  -0.610556 -0.0452205   3.45967 0.0215332   8.91833
1.74444e+09   0.0385093  -0.596175 -0.0399474   3.38789 0.0753662   9.04753
1.74444e+09   0.0520914  -0.571887 -0.0327569   3.50273 0.0789551    8.9937
1.74444e+09   0.0648746  -0.543285 -0.0302002   3.70371 0.0825439   8.86809
1.74444e+09   0.0790959  -0.514043 -0.0322775   3.79702 0.0430664   8.64917
1.74444e+09   0.0854875  -0.486879 -0.0377104   3.82214 0.0215332   8.31182
1.74444e+09  0.0832504 -0.460194 -0.046339     3.73601 -0.00717773     8.07854
1.74444e+09   0.0795753  -0.432071 -0.0484163    3.54939 -0.0430664    8.05342
1.74444e+09   0.0776578  -0.397077 -0.0397876    3.31252 -0.0107666    8.23645
1.74444e+09   0.0883637  -0.346424 -0.0207727    3.1905 0.0430664   8.36924
1.74444e+09       0.1061   -0.285384 -0.00255663   3.29458 0.0610107   8.30464
1.74444e+09    0.120481  -0.219871 0.00974717   3.46326 0.0753662   8.17544
1.74444e+09   0.130069 -0.156115 0.0126234   3.62834 0.0789551   7.97446
1.74444e+09    0.128151 -0.0958738 0.00798948   3.74678 0.0574219   7.75195
1.74444e+09      0.117286   -0.0381897 -0.000639159    3.78984 0.00717773    7.59763
1.74444e+09     0.105142   0.0199737 -0.00671117    3.77549 -0.0287109    7.59763
1.74444e+09    0.0977913   0.0848483 -0.00910801   3.67141 0.0322998   7.82014
1.74444e+09    0.101466   0.162826 -0.0062318  3.59604 0.100488  8.06418
1.74444e+09      0.11393    0.251829 -0.00351537  3.63911 0.100488  8.20774
1.74444e+09      0.12927    0.351377 -0.00735032   3.73601 0.0933105   8.25798
1.74444e+09    0.140136   0.454602 -0.0147006    3.8042 0.0968994   8.15391
1.74444e+09     0.13678   0.553671 -0.0262055   3.84009 0.0861328   8.04265
1.74444e+09   0.118244  0.643952 -0.036432    3.7719 0.0825439   7.94575
1.74444e+09   0.0883637   0.724327 -0.0393083    3.6427 0.0753662   7.89551
1.74444e+09   0.0607201   0.798789 -0.0308394   3.45249 0.0574219   8.03188
1.74444e+09   0.0437824   0.870055 -0.0113451    3.2551 0.0287109   8.26875
1.74444e+09  0.0393083  0.937486 0.0134223 3.17974      -0 8.43743
1.74444e+09  0.0405866  0.999804 0.0370712    3.23716 -0.0215332    8.44819
1.74444e+09   0.034195   1.05685 0.0536893     3.32329 -0.00358887     8.38718
1.74444e+09   0.024288    1.1107 0.0605603   3.36277 0.0466553   8.40872
1.74444e+09  0.0156594   1.16007 0.0591222   3.36277 0.0681885   8.48049
1.74444e+09  0.00415453    1.20322  0.0528904   3.27664 0.0179443   8.59534
1.74444e+09  -0.003036   1.24125  0.043303     3.1582 -0.0107666    8.74607
1.74444e+09  -0.0046339    1.27193   0.037231    2.97876 -0.0645996    8.93269
1.74444e+09  0.00015979    1.29174  0.0378702    2.72754 -0.0861328    9.17314
1.74444e+09  0.0126234   1.29717 0.0464988   2.57681 -0.107666   9.35259
1.74444e+09   0.03036  1.28615 0.058483     2.4835 -0.0825439    9.51409
1.74444e+09  0.0477771   1.26298 0.0664725   2.45479 -0.104077   9.62534
1.74444e+09   0.061519   1.23326 0.0659931    2.43684 -0.0789551     9.6397
1.74444e+09   0.071426   1.20577 0.0565655    2.36865 -0.0322998    9.65764
1.74444e+09  0.0787763   1.18388 0.0412257     2.26099 -0.00358887     9.65405
1.74444e+09  0.0795753   1.16471 0.0255663      2.1282 -0.00717773     9.62893
1.74444e+09  0.0730239   1.14633 0.0131028   1.93081 0.0215332   9.62893
1.74444e+09   0.0635963    1.13003 0.00639159  1.70112 0.114844  9.72942
1.74444e+09  0.0522512   1.11262 0.0062318 1.56475 0.19021 9.74736
1.74444e+09   0.0428236    1.08801 0.00910801  1.52886 0.215332  9.71865
1.74444e+09  0.0351537     1.061 0.0119842  1.56116 0.175854  9.65405
1.74444e+09  0.0306796   1.03959 0.0102265  1.59346 0.161499  9.63252
1.74444e+09   0.0292415    1.02793 0.00719053   1.5468 0.165088  9.57869
1.74444e+09    0.0286024     1.02569 0.000319579  1.50374 0.179443  9.51768
1.74444e+09    0.0207727     1.02249 -0.00974717  1.49297 0.183032  9.53921
1.74444e+09  0.00415453    1.01179 -0.0214118  1.34583 0.240454  9.62534
1.74444e+09  -0.0145409   0.993892 -0.0287621  1.11973 0.301465  9.74019
1.74444e+09  -0.0287621   0.973439 -0.0313188 0.915161 0.301465  9.80837
1.74444e+09  -0.0380299   0.954104 -0.0294013 0.811084 0.251221  9.82273
1.74444e+09  -0.0401072   0.942759 -0.0262055  0.72854 0.208154  9.81555
1.74444e+09   -0.034195   0.943238 -0.0210922 0.642407 0.175854  9.90527
1.74444e+09  -0.0230097   0.953944 -0.0167779 0.563452 0.193799  10.0309
1.74444e+09  -0.00719053    0.968325  -0.0134223 0.523975 0.204565  10.0955
1.74444e+09  0.00878843   0.978073 -0.0161388 0.480908 0.200977  10.1493
1.74444e+09   0.0223706   0.976155 -0.0218912 0.405542 0.218921  10.2283
1.74444e+09    0.037231   0.959377 -0.0270045 0.265576  0.25481   10.318
1.74444e+09   0.0544883   0.929656 -0.0279632 0.104077  0.25481  10.3969
1.74444e+09   0.0720651    0.88891 -0.0252468 -0.0287109   0.283521    10.3862
1.74444e+09   0.0883637   0.847365 -0.0214118 -0.0610107    0.25481    10.2426
1.74444e+09   0.0974717   0.813489 -0.0238087 -0.0753662   0.261987    10.0668
1.74444e+09   0.0931574   0.792557 -0.0314786 -0.0825439   0.294287    9.89092
1.74444e+09   0.0816525   0.776738 -0.0425041 -0.143555  0.312231   9.79402
1.74444e+09   0.0643952   0.765392 -0.0520914 -0.294287  0.265576   9.83708
1.74444e+09   0.0417051   0.751331 -0.0627973 -0.498853  0.261987   9.95552
1.74444e+09   0.0236489   0.725924 -0.0642354 -0.699829  0.308643   10.0596
1.74444e+09   0.0139017   0.686137 -0.0535295 -0.846973  0.362476   10.1314
1.74444e+09  0.0107059  0.631649 -0.036432 -0.85415 0.398364  10.1385
1.74444e+09   0.0108657    0.56246 -0.0194943 -0.732129  0.423486   10.1242
1.74444e+09    0.0100667    0.483843 -0.00910801 -0.60293 0.419897   10.074
1.74444e+09   0.00687096    0.401551 -0.00431432 -0.549097  0.427075   10.0847
1.74444e+09   0.00527306     0.31894 -0.00351537 -0.491675  0.441431   10.1278
1.74444e+09   0.00703075    0.241282 -0.00415453 -0.498853  0.466553   10.2175
1.74444e+09    0.0153398    0.171934 -0.00671117 -0.610107  0.498853   10.3611
1.74444e+09   0.0284426   0.112492 -0.0076699 -0.764429  0.516797   10.5082
1.74444e+09    0.0444215   0.0666323 -0.00878843 -0.875684  0.520386   10.6123
1.74444e+09   0.0632767  0.0294013 -0.0113451 -0.850562  0.480908   10.6015
1.74444e+09     0.0850081 -0.000479369   -0.0154996 -0.850562   0.44502   10.6195
1.74444e+09    0.112013 -0.0239684 -0.0162985 -0.868506  0.409131   10.6446
1.74444e+09    0.145728 -0.0428236 -0.0156594 -0.872095  0.401953   10.6805
1.74444e+09    0.186475 -0.0573645 -0.0162985 -0.864917  0.398364   10.7092
1.74444e+09    0.229618 -0.0679106 -0.0183758 -0.864917  0.391187   10.7235
1.74444e+09    0.274199 -0.0755805 -0.0201335 -0.91875  0.41272   10.763
1.74444e+09    0.324533 -0.0818123 -0.0207727 -0.940283  0.391187    10.763
1.74444e+09    0.374867 -0.0894822 -0.0167779 -0.933105  0.355298   10.7415
1.74444e+09     0.42552 -0.0992294 -0.0110255 -0.947461  0.333765   10.6733
1.74444e+09      0.475854    -0.111373 -0.000479369 -1.00847  0.31582  10.6051
1.74444e+09    0.52443 -0.126074 0.0153398 -1.09102 0.337354  10.5333
1.74444e+09   0.572526 -0.141893 0.0362723 -1.21663  0.38042  10.5226
1.74444e+09     0.6227 -0.157553 0.0594418 -1.34224 0.398364  10.5226
1.74444e+09   0.667761 -0.168418 0.0779774 -1.36018 0.398364  10.4544
1.74444e+09   0.701477  -0.17449 0.0886833 -1.33506  0.41272  10.3323
1.74444e+09   0.721131 -0.179124 0.0952346  -1.2884 0.423486  10.1744
1.74444e+09   0.730558 -0.183439  0.102905 -1.24534 0.427075  10.0273
1.74444e+09   0.733914 -0.183598  0.113451  -1.2238 0.434253  9.90527
1.74444e+09   0.732636 -0.178325  0.127033 -1.25969  0.47373  9.89092
1.74444e+09   0.735352 -0.165702  0.143811 -1.28481 0.541919  9.90168
1.74444e+09   0.742063 -0.147166  0.161228 -1.24893 0.645996  9.90886
1.74444e+09   0.757563 -0.126234  0.178645 -1.16638 0.782373  9.93398
1.74444e+09   0.775299 -0.103863  0.190789 -1.00129 0.875684  9.85144
1.74444e+09    0.788242 -0.0806938   0.194144 -0.768018  0.954639   9.72942
1.74444e+09   0.791758 -0.058483  0.189511 -0.552686   1.01565   9.57869
1.74444e+09    0.785846 -0.0393083   0.181042 -0.401953   1.10178   9.43154
1.74444e+09    0.773062 -0.0230097   0.172253 -0.326587   1.20227   9.35977
1.74444e+09     0.761398 -0.00751011    0.163305 -0.312231   1.32429   9.37053
1.74444e+09   0.753089 0.0116646  0.156115 -0.344531   1.44272    9.4136
1.74444e+09   0.748455 0.0357929  0.147166 -0.258398   1.55398   9.47102
1.74444e+09  0.750212 0.064555 0.131187 -0.308643   1.63652   9.49255
1.74444e+09   0.751171 0.0941161  0.121121 -0.423486   1.71907   9.42795
1.74444e+09  0.746537  0.12192 0.112492 -0.462964   1.83391    9.3167
1.74444e+09  0.735831 0.145409 0.103224 -0.423486   1.93799   9.23057
1.74444e+09   0.720971   0.15963 0.0920388 -0.41272  2.01335  9.17314
1.74444e+09  0.705951 0.169537 0.082771 -0.480908   2.08154   9.20903
1.74444e+09   0.698121  0.175449 0.0773382 -0.707007   2.18562     9.349
1.74444e+09  0.698441 0.183279 0.080534 -0.997705   2.29329   9.48896
1.74444e+09   0.700678  0.196062 0.0856473 -1.14126  2.37942  9.42437
1.74444e+09    0.69924  0.205649 0.0913997 -1.16638  2.50144  9.33464
1.74444e+09   0.690451  0.207567 0.0937965 -1.08743  2.57681  9.13367
1.74444e+09    0.67591  0.200536 0.0953944 -1.00847  2.64141  8.97935
1.74444e+09   0.657854  0.184397 0.0993892 -0.98335  2.69165   8.9291
1.74444e+09  0.640277 0.161547 0.105621 -1.00847  2.73831  8.96858
1.74444e+09  0.628772 0.136301 0.110255 -1.06948  2.82085  9.09419
1.74444e+09  0.618226 0.112812 0.109456 -1.13408  2.90339  9.14443
1.74444e+09   0.607361 0.0899616    0.1061 -1.07666  2.98235  9.01523
1.74444e+09    0.59282 0.0632767  0.100508 -0.986938   3.09001    8.7999
1.74444e+09   0.572526 0.0348341 0.0952346 -0.882861   3.16179   8.63123
1.74444e+09    0.549037 0.00607201  0.0899616 -0.843384   3.23716   8.55227
1.74444e+09    0.524749 -0.0226901  0.0867658 -0.818262    3.2874   8.52356
1.74444e+09    0.503657 -0.0472977  0.0840494 -0.785962   3.40225   8.53792
1.74444e+09    0.484003 -0.0640757  0.0792557 -0.732129   3.52786    8.5415
1.74444e+09    0.458437 -0.0743022  0.0696683 -0.631641   3.61399   8.40872
1.74444e+09    0.422644 -0.0792557  0.0528904 -0.549097   3.68936   8.27234
1.74444e+09     0.37998 -0.0803742  0.0353135 -0.477319   3.78267   8.16467
1.74444e+09    0.332842 -0.0782969  0.0202933 -0.437842   3.84368   8.10725
1.74444e+09    0.285544 -0.0696683  0.0107059 -0.484497    3.8688   8.06418
1.74444e+09    0.238886 -0.0546481 0.00639159 -0.610107    3.9334   8.07136
1.74444e+09    0.192866 -0.0286024  0.0108657 -0.782373   4.00518   8.09648
1.74444e+09    0.147326 0.00575243  0.0206129 -0.861328   4.05542   8.11084
1.74444e+09   0.100348 0.0450607 0.0295611 -0.803906   4.10566   8.13955
1.74444e+09  0.0522512 0.0885235 0.0317981 -0.649585   4.14514   8.21133
1.74444e+09  0.00639159   0.130388  0.0278034 -0.534741   4.16667   8.36924
1.74444e+09  -0.0287621   0.169217  0.0247674 -0.498853   4.17744   8.58457
1.74444e+09  -0.0512925   0.199737  0.0244478 -0.523975    4.1595   8.76401
1.74444e+09  -0.0616788   0.222108  0.0257261 -0.60293  4.15232  8.94705
1.74444e+09  -0.0661529   0.234411  0.0262055 -0.692651   4.17385   9.04395
1.74444e+09  -0.0715858   0.236648  0.0233293 -0.69624  4.19539  9.04036
1.74444e+09  -0.0798948   0.225623  0.0126234 -0.617285   4.20615   9.05471
1.74444e+09   -0.0902812    0.205809 -0.00287621 -0.545508   4.20615   9.09778
1.74444e+09   -0.100827   0.180882 -0.0206129 -0.545508   4.18462   9.19468
1.74444e+09   -0.108497    0.15228 -0.0357929 -0.620874   4.13438   9.27722
1.74444e+09   -0.115049     0.1216 -0.0460194 -0.699829   4.08054   9.29158
1.74444e+09    -0.12192  0.0854875 -0.0477771 -0.739307   4.03748   9.22698
1.74444e+09   -0.133744  0.0455401 -0.0466586 -0.678296   3.96929   9.06907
1.74444e+09  -0.154996 0.0015979 -0.047138 -0.624463   3.89392   8.91475
1.74444e+09   -0.188072 -0.0399474 -0.0500142 -0.631641   3.81497   8.78914
1.74444e+09   -0.231855 -0.0754207 -0.0536893 -0.714185   3.75396   8.74248
1.74444e+09   -0.279312  -0.101626 -0.0540089 -0.839795   3.73601   8.76401
1.74444e+09   -0.328687  -0.120481 -0.0516121 -0.943872   3.72883   8.76042
1.74444e+09   -0.378222  -0.132785 -0.0452205 -0.990527   3.71448   8.73171
1.74444e+09   -0.427917  -0.140136 -0.0389887 -0.972583   3.65347   8.72454
1.74444e+09   -0.477292  -0.147486 -0.0346744 -0.857739   3.55298    8.6707
1.74444e+09   -0.530022  -0.154037 -0.0354733 -0.757251   3.45249   8.64917
1.74444e+09   -0.582593  -0.157233 -0.0410659 -0.732129   3.35918   8.74966
1.74444e+09   -0.632447  -0.154357 -0.0479369 -0.771606   3.23357   8.79631
1.74444e+09   -0.681183  -0.146687 -0.0551274 -0.821851    3.1905   8.88245
1.74444e+09   -0.727043  -0.138378 -0.0594418 -0.972583   3.16538   8.93269
1.74444e+09   -0.770186  -0.132306 -0.0559264 -1.09819  3.13308  8.99729
1.74444e+09    -0.80502  -0.131347 -0.0474575 -1.11614    3.029  9.01165
1.74444e+09   -0.838736   -0.13662 -0.0429834 -0.979761   2.88904   8.94346
1.74444e+09   -0.871653  -0.146048 -0.0479369 -0.778784   2.74189   8.90757
1.74444e+09   -0.905688  -0.156913 -0.0639159 -0.599341   2.62346   8.87886
1.74444e+09   -0.937965  -0.166341 -0.0862864 -0.502441   2.51221    8.8968
1.74444e+09  -0.967207 -0.171774 -0.110734 -0.545508   2.45479   8.97217
1.74444e+09  -0.989258 -0.170176 -0.132146 -0.660352   2.37942   9.10137
1.74444e+09   -1.00652 -0.160748 -0.147965 -0.753662   2.29688   9.21621
1.74444e+09   -1.01898 -0.146687 -0.164264 -0.707007    2.1928   9.23774
1.74444e+09   -1.03208 -0.133584 -0.183758 -0.588574   2.08872   9.19468
1.74444e+09   -1.04598 -0.122559 -0.203252 -0.448608   1.98823   9.16238
1.74444e+09   -1.05829 -0.113291 -0.224504 -0.369653   1.84468   9.18032
1.74444e+09   -1.06931 -0.104343 -0.244478 -0.344531   1.65806   9.19109
1.74444e+09    -1.07506 -0.0949151   -0.25854 -0.480908   1.48938   9.35618
1.74444e+09    -1.07506 -0.0824515  -0.264132 -0.742896   1.34224    9.5105
1.74444e+09   -1.07267 -0.065354 -0.263333 -0.929517   1.18433   9.58586
1.74444e+09    -1.07043 -0.0543285  -0.256143 -0.904395   1.10178   9.53562
1.74444e+09    -1.06947 -0.0511327  -0.251509 -0.72854 0.943872  9.34541
1.74444e+09    -1.07538 -0.0568851  -0.252627 -0.588574  0.785962   9.19109
1.74444e+09    -1.09216 -0.0679106  -0.261735 -0.610107  0.638818   9.10854
1.74444e+09    -1.11613 -0.0773382  -0.268606 -0.785962  0.527563   9.15879
1.74444e+09   -1.13706 -0.086606 -0.262694 -1.01565 0.480908  9.28799
1.74444e+09    -1.15112 -0.0910801  -0.247195 -1.13408 0.423486  9.42795
1.74444e+09   -1.16119 -0.096513 -0.229298 -1.15203 0.333765  9.52844
1.74444e+09   -1.16998 -0.102106 -0.214278 -1.11255 0.197388  9.52126
1.74444e+09   -1.18148 -0.105781 -0.205809 -1.09819 0.114844  9.49255
1.74444e+09   -1.19091 -0.105621 -0.198778  -1.21304 0.0789551   9.55715
1.74444e+09   -1.19187 -0.104183  -0.18999  -1.25969 0.0897217   9.71506
1.74444e+09   -1.18372 -0.100028 -0.184557  -1.22739 0.0933105   9.89451
1.74444e+09    -1.16279 -0.0893224  -0.181042  -1.19868 0.0753662   10.0991
1.74444e+09    -1.13387 -0.0679106   -0.18232    -1.08025 -0.00358887     10.2893
1.74444e+09    -1.10031 -0.0426638  -0.193505 -0.811084 -0.114844   10.3467
1.74444e+09   -1.06532 -0.019015 -0.215556 -0.455786 -0.251221   10.3036
1.74444e+09     -1.03128 -0.00239684   -0.247834 -0.132788 -0.409131   10.1708
1.74444e+09   -0.999005 0.00607201  -0.282668        0 -0.53833  10.1206
1.74444e+09   -0.967686 0.00846885  -0.316224 -0.0179443  -0.707007    10.1063
1.74444e+09   -0.937806 0.00894822  -0.341471 -0.236865 -0.843384   10.2965
1.74444e+09  -0.907126  0.012144 -0.354733 -0.430664 -0.976172   10.5477
1.74444e+09  -0.880601 0.0145409 -0.360006 -0.466553  -1.15562    10.623
1.74444e+09  -0.862385 0.0107059 -0.361284 -0.387598   -1.3207    10.562
1.74444e+09    -0.856473 0.000958738   -0.359687 -0.247632  -1.46785    10.379
1.74444e+09   -0.861266 -0.0166181  -0.359527 -0.0933105   -1.56116    10.1816
1.74444e+09   -0.870694 -0.0428236  -0.359367 0.0430664  -1.66882   10.0129
1.74444e+09  -0.879962 -0.076699 -0.354413 0.0143555  -1.74778   10.0022
1.74444e+09  -0.879163 -0.109935  -0.34211 -0.19021 -1.79802  10.2103
1.74444e+09   -0.86638 -0.135342 -0.324213 -0.423486  -1.87698   10.3646
1.74444e+09  -0.848643  -0.15164 -0.308554 -0.549097  -1.97388   10.4544
1.74444e+09  -0.829149 -0.161547  -0.29641 -0.628052  -2.04924   10.4292
1.74444e+09  -0.808376 -0.169057 -0.287621 -0.631641  -2.11025   10.3359
1.74444e+09  -0.785366 -0.174331 -0.280271 -0.563452  -2.13896   10.1529
1.74444e+09  -0.762996 -0.175609 -0.274359 -0.523975  -2.18203   9.95552
1.74444e+09  -0.740785 -0.170016 -0.267967 -0.520386  -2.12461   9.87297
1.74444e+09  -0.714899 -0.162826  -0.25854 -0.549097   -1.9667   9.93757
1.74444e+09  -0.681503 -0.157393 -0.246076 -0.527563  -1.88774   10.0668
1.74444e+09  -0.638679 -0.156913 -0.238566 -0.391187  -1.90928   10.0668
1.74444e+09  -0.589784 -0.160429 -0.237447 -0.247632  -1.98823   9.98423
1.74444e+09  -0.534816 -0.167619 -0.240004 -0.122021  -2.08872   9.87297
1.74444e+09  -0.476972 -0.178165 -0.245277 -0.00717773    -2.21074     9.72942
1.74444e+09  -0.425999 -0.189191 -0.252947 0.0287109  -2.30764    9.5751
1.74444e+09  -0.381578  -0.19766 -0.258699 -0.0215332   -2.39377    9.47461
1.74444e+09  -0.341311 -0.198619 -0.259978 -0.104077  -2.49785   9.46384
1.74444e+09  -0.307276 -0.189351 -0.256622 -0.168677  -2.56963   9.44231
1.74444e+09  -0.279153  -0.17497 -0.249112 -0.150732  -2.63064     9.349
1.74444e+09  -0.259818 -0.156754 -0.241282 -0.107666  -2.69883   9.23774
1.74444e+09  -0.248313 -0.138218 -0.233932 -0.0933105   -2.77061    9.16597
1.74444e+09  -0.243999   -0.1216 -0.226102 -0.147144  -2.84597   9.06907
1.74444e+09  -0.241602 -0.107379 -0.215077 -0.287109  -2.93928   9.07625
1.74444e+09  -0.236009 -0.093477 -0.194144 -0.466553   -2.9967   9.18391
1.74444e+09   -0.221948 -0.0792557  -0.165862 -0.549097  -2.99312   9.35259
1.74444e+09   -0.199418 -0.0635963   -0.13678 -0.448608  -3.00747   9.39924
1.74444e+09   -0.177207 -0.0506533  -0.115528 -0.265576  -3.01106   9.30234
1.74444e+09    -0.15947 -0.0412257 -0.0998685 -0.118433  -3.03618   9.18032
1.74444e+09   -0.148445 -0.0377104 -0.0915595 -0.0466553   -3.09001    9.07983
1.74444e+09   -0.140934 -0.0370712 -0.0832504 -0.0897217   -3.13667    9.01882
1.74444e+09   -0.130868 -0.0410659 -0.0701477 -0.154321  -3.16897   8.98652
1.74444e+09   -0.115208 -0.0442617 -0.0516121 -0.22251 -3.16897  9.03318
1.74444e+09  -0.0933172 -0.0452205 -0.0290817 -0.261987  -3.14385   9.11572
1.74444e+09  -0.0658333  -0.039468 -0.0107059 -0.233276  -3.11155    9.1875
1.74444e+09    -0.0393083   -0.0257261 -0.000639159 -0.143555  -3.09001    9.2521
1.74444e+09   -0.0174171 -0.00639159 -0.00143811 -0.0789551   -3.09001    9.27004
1.74444e+09  -0.00415453   0.0153398  -0.0111853 -0.0825439   -3.14026    9.30234
1.74444e+09   0.0076699  0.0362723 -0.0180562 -0.175854  -3.20127   9.39565
1.74444e+09  0.0234891 0.0552872 -0.018216 -0.297876  -3.24792   9.48538
1.74444e+09    0.0453803    0.070627 -0.00735032 -0.384009  -3.23716   9.60381
1.74444e+09   0.0752609  0.0829308 0.00830906 -0.330176  -3.17256   9.67559
1.74444e+09   0.111533 0.0891626 0.0218912 -0.100488  -3.10796   9.64688
1.74444e+09    0.15196  0.089642 0.0276436 0.100488 -3.07566  9.61816
1.74444e+09   0.189191 0.0845287  0.024288 0.229688  -3.0613  9.54998
1.74444e+09   0.217793 0.0733435 0.0150202 0.269165 -3.05413  9.46025
1.74444e+09    0.237767  0.0565655 0.00495348  0.22251 -3.06489  9.40642
1.74444e+09   0.255663 0.0346744 0.0046339 0.0753662  -3.03259   9.46025
1.74444e+09   0.278513 0.0137419 0.0166181 -0.0861328   -2.97158    9.62534
1.74444e+09     0.309193 -0.00175769   0.0356331 -0.15791  -2.8998  9.82991
1.74444e+09       0.3493 -0.00942759   0.0538491 -0.114844  -2.83521    9.9627
1.74444e+09    0.392763 -0.0105461  0.0669519 0.0394775  -2.76343   9.91963
1.74444e+09     0.430633 -0.00894822   0.0717456 0.161499 -2.69524  9.78684
1.74444e+09     0.459555 -0.00559264   0.0717456 0.200977 -2.68447  9.66482
1.74444e+09   0.479689        -0 0.0695085 0.179443 -2.69883  9.54998
1.74444e+09    0.491992 0.00990696  0.0659931 0.0897217  -2.72754   9.52126
1.74444e+09   0.503018 0.0247674 0.0667921 -0.104077  -2.68447   9.68635
1.74444e+09   0.523791 0.0439422 0.0759001 -0.272754   -2.5804   9.91604
1.74444e+09   0.556068  0.062318 0.0890028 -0.308643  -2.49426   10.0273
1.74444e+09   0.593299 0.0763795  0.104662 -0.226099  -2.42607   10.0129
1.74444e+09   0.631009 0.0830906  0.118404 -0.129199  -2.37583   9.93757
1.74444e+09   0.665844 0.0784567  0.131347 -0.0861328   -2.32559     9.8012
1.74444e+09   0.693647 0.0656736  0.148125 -0.0753662   -2.30046    9.70789
1.74444e+09   0.715858 0.0506533   0.16682 -0.0968994   -2.26099    9.66123
1.74444e+09   0.732795 0.0396278   0.19015 -0.12561 -2.17844  9.65405
1.74444e+09   0.748295 0.0361125  0.213159 -0.147144  -2.09949   9.67559
1.74444e+09   0.765392 0.0367516  0.234411 -0.132788  -2.04207    9.7043
1.74444e+09   0.779933 0.0373908  0.249432 -0.0358887   -1.99541    9.68994
1.74444e+09  0.794954 0.033396 0.259818 0.0215332  -1.92722     9.672
1.74444e+09   0.811732 0.0263653  0.267328 0.0574219  -1.88774   9.64329
1.74444e+09  0.828989 0.019015  0.27356 0.0394775  -1.83032   9.63611
1.74444e+09   0.845926 0.0158192  0.278673 -0.0107666   -1.70471      9.672
1.74444e+09   0.867338 0.0134223  0.284905 -0.111255  -1.54321   9.78325
1.74444e+09   0.893704 0.0169377  0.293054 -0.229688  -1.37454   9.88015
1.74444e+09   0.920868 0.0246076  0.302961 -0.301465  -1.25251   9.90527
1.74444e+09  0.947073 0.034195 0.310951 -0.31582 -1.16279   9.8981
1.74444e+09   0.973279 0.0437824  0.314626 -0.25481 -1.16279  9.81196
1.74444e+09   0.990856 0.0458596  0.314626 -0.15791 -1.11255  9.68635
1.74444e+09    1.00396 0.0431432  0.310471 -0.179443 -0.990527   9.61099
1.74444e+09    1.01562 0.0359527  0.309513 -0.330176 -0.829028   9.64688
1.74444e+09       1.03 0.0279632  0.312868 -0.455786 -0.606519   9.74377
1.74444e+09    1.04822 0.0198139  0.315904 -0.509619 -0.459375   9.80479
1.74444e+09    1.06899 0.0108657  0.310471 -0.527563 -0.398364   9.79761
1.74444e+09     1.08561 0.00383495    0.29625 -0.534741 -0.398364   9.69712
1.74444e+09      1.0928 0.00223706    0.27324 -0.567041  -0.44502   9.53562
1.74444e+09     1.09184 0.00814927    0.24304 -0.671118 -0.405542    9.4136
1.74444e+09   1.08098 0.021252 0.219072 -0.782373 -0.240454   9.32029
1.74444e+09    1.06468 0.0345146  0.203892   -0.88645 -0.0287109    9.29875
1.74444e+09    1.04662 0.0488956  0.196541 -0.940283  0.186621   9.32388
1.74444e+09    1.03032 0.0695085  0.193026 -0.972583  0.362476   9.42437
1.74444e+09   1.01514 0.096513 0.191588 -0.940283  0.434253   9.43513
1.74444e+09  0.993572 0.125754 0.188552 -0.818262  0.480908   9.38848
1.74444e+09  0.961454 0.153238 0.183119 -0.638818  0.531152   9.27722
1.74444e+09  0.920069 0.172733 0.178325 -0.459375  0.559863   9.17314
1.74444e+09  0.878524 0.185995 0.176568 -0.384009  0.595752   9.13726
1.74444e+09  0.840014 0.197979 0.179124 -0.398364  0.656763   9.22698
1.74444e+09  0.805659 0.208366 0.184237 -0.423486  0.735718   9.26287
1.74444e+09  0.770026 0.215716 0.189351 -0.398364  0.829028   9.23057
1.74444e+09   0.72145 0.221468 0.193825 -0.319409  0.904395   9.10854
1.74444e+09  0.653859 0.224345 0.193665 -0.19021 0.947461  8.94705
1.74444e+09  0.573006 0.220989 0.192387 -0.0107666    1.01206     8.7676
1.74444e+09  0.481606 0.206928 0.188552 0.129199  1.07666  8.62764
1.74444e+09  0.385732 0.187913 0.183918 0.168677  1.18074  8.59175
1.74444e+09   0.29609 0.169537 0.180722 0.0681885   1.30635   8.70659
1.74444e+09  0.219072 0.155795  0.18248 -0.0645996    1.41042    8.83938
1.74444e+09  0.153078 0.145728 0.188871 -0.111255    1.4822   8.92551
1.74444e+09  0.0915595   0.13678  0.195103 -0.0933105    1.50015    8.93628
1.74444e+09  0.0319579  0.127193  0.199098 -0.0430664    1.47861    8.92551
1.74444e+09  -0.0316384   0.116646   0.201335 -0.00358887     1.46426     8.88245
1.74444e+09  -0.0979511   0.107698   0.199577 -0.0215332    1.51809    8.93987
1.74444e+09  -0.154996 0.0989098  0.200856 -0.143555   1.61858   9.15879
1.74444e+09  -0.195742  0.095714  0.207727 -0.366064   1.65447   9.39924
1.74444e+09  -0.22003 0.102425 0.216195 -0.523975   1.67241   9.62893
1.74444e+09  -0.229458   0.11425  0.219711 -0.574219   1.66523    9.8012
1.74444e+09  -0.230417  0.127512  0.213958 -0.513208   1.62935   9.88374
1.74444e+09  -0.227221  0.139496  0.198619 -0.401953   1.57551   9.91963
1.74444e+09  -0.221309  0.147486  0.175129 -0.340942   1.52886   9.95193
1.74444e+09  -0.213319  0.158192  0.146847 -0.38042  1.50374  10.0452
1.74444e+09  -0.197021  0.170176  0.118404 -0.488086   1.50374   10.1996
1.74444e+09  -0.173052  0.184397 0.0912399 -0.60293  1.52527  10.2965
1.74444e+09  -0.142852  0.198619 0.0679106 -0.678296   1.51809   10.3216
1.74444e+09  -0.109296  0.207247 0.0447411 -0.678296   1.47861   10.2713
1.74444e+09  -0.0770186   0.210603  0.0206129 -0.649585   1.42478   10.1637
1.74444e+09   -0.0484163    0.206928 -0.00143811 -0.624463   1.38889   10.0524
1.74444e+09  -0.0271642   0.194784 -0.0207727 -0.653174   1.34941   9.94475
1.74444e+09  -0.0147006   0.175609 -0.0351537 -0.69624  1.32429  9.85144
1.74444e+09  -0.0113451   0.152439 -0.0441019 -0.768018   1.29199   9.75454
1.74444e+09  -0.0161388   0.127512 -0.0480967 -0.836206   1.26328   9.66482
1.74444e+09  -0.0262055   0.103703 -0.0474575 -0.911572   1.27046   9.63611
1.74444e+09  -0.0356331  0.0814927 -0.0421845 -0.968994   1.26328   9.63252
1.74444e+09  -0.0412257  0.0627973 -0.0351537 -0.961816    1.2561   9.62893
1.74444e+09  -0.0450607  0.0458596 -0.0302002 -0.893628    1.2561   9.57869
1.74444e+09  -0.0519316  0.0332363 -0.0294013 -0.829028   1.24175   9.49614
1.74444e+09  -0.0631169  0.0244478 -0.0306796 -0.818262   1.23098   9.45308
1.74444e+09  -0.0763795  0.0210922 -0.0340352 -0.868506   1.24175   9.46384
1.74444e+09  -0.0909203  0.0252468 -0.0356331 -0.958228   1.27046   9.52485
1.74444e+09   -0.101307   0.034195 -0.0321177 -1.01565  1.27405  9.58945
1.74444e+09  -0.108817 0.0476173 -0.025087 -1.04795  1.24893  9.63611
1.74444e+09   -0.111054  0.0643952 -0.0178964 -1.01206  1.21663  9.63611
1.74444e+09   -0.111853  0.0818123 -0.0148604 -0.947461   1.19868   9.59663
1.74444e+09   -0.112492  0.0981109 -0.0174171 -0.872095   1.20586   9.52844
1.74444e+09    -0.11377   0.112332 -0.0230097 -0.850562   1.24175    9.5105
1.74444e+09  -0.115049  0.124796 -0.025087 -0.915161   1.26328    9.5105
1.74444e+09   -0.119363   0.137739 -0.0265251 -0.997705   1.25251   9.49973
1.74444e+09    -0.12895   0.151001 -0.0258859 -1.05513  1.23098  9.49255
1.74444e+09   -0.141574   0.164743 -0.0239684 -1.07307  1.18792  9.45308
1.74444e+09   -0.157872   0.178006 -0.0215716 -1.05154  1.15562  9.41001
1.74444e+09   -0.173532   0.191108 -0.0162985 -1.02283  1.11255  9.37771
1.74444e+09    -0.185196    0.202773 -0.00974717 -1.03359  1.06589   9.3813
1.74444e+09    -0.191268    0.215077 -0.00239684 -1.0946    1.03 9.42795
1.74444e+09  -0.191108  0.229937 0.0046339 -1.1915 1.02642 9.49614
1.74444e+09  -0.187913  0.248313 0.0115049 -1.26687  1.03359  9.52844
1.74444e+09  -0.186794   0.26573 0.0175769 -1.27046  1.02642  9.50691
1.74444e+09  -0.188871   0.28107 0.0225303 -1.22021     1.03   9.4459
1.74444e+09  -0.194943  0.289858 0.0268447 -1.14844  1.00129  9.37771
1.74444e+09  -0.20485 0.295771 0.027324 -1.10178 0.976172  9.34182
1.74444e+09  -0.214118  0.298966 0.0260457 -1.08743 0.922339   9.3167
1.74444e+09  -0.222427   0.30408 0.0223706 -1.11255 0.882861  9.32747
1.74444e+09  -0.226262  0.313987 0.0177367 -1.22021 0.875684  9.41001
1.74444e+09  -0.226901  0.329646 0.0113451 -1.27764 0.850562   9.4459
1.74444e+09  -0.231056  0.352336 0.0046339 -1.25251 0.829028  9.40642
1.74444e+09    -0.240004    0.381098 -0.00319579 -1.21663 0.807495  9.36335
1.74444e+09    -0.249112    0.414654 -0.00894822 -1.22739 0.775195  9.35618
1.74444e+09   -0.255344   0.449169 -0.0143811 -1.26328 0.714185  9.35259
1.74444e+09  -0.255504  0.483204 -0.015979 -1.33147 0.635229  9.43154
1.74444e+09   -0.247514    0.51644 -0.0178964 -1.41042 0.595752   9.5105
1.74444e+09    -0.23569   0.547759 -0.0223706 -1.42478 0.588574  9.51768
1.74444e+09  -0.224984  0.579078 -0.031159 -1.37813 0.592163  9.49255
1.74444e+09   -0.216994   0.608958 -0.0487358 -1.32788 0.567041  9.45667
1.74444e+09   -0.215716   0.638839 -0.0723847 -1.30276 0.534741  9.35977
1.74444e+09   -0.216994    0.66824 -0.0963532 -1.33147 0.502441  9.27363
1.74444e+09  -0.221309  0.696523 -0.116167  -1.4499 0.455786  9.21262
1.74444e+09  -0.224984   0.72944 -0.127672 -1.69395 0.441431  9.27004
1.74444e+09  -0.224504  0.769707  -0.12927 -2.00977 0.398364  9.35977
1.74444e+09  -0.220989  0.819561 -0.125275 -2.23228 0.362476  9.44949
1.74444e+09  -0.213159   0.87373 -0.120641 -2.30405 0.330176   9.5105
1.74444e+09  -0.206288  0.923424 -0.122239 -2.31482 0.297876  9.58945
1.74444e+09  -0.200216  0.967047 -0.131347 -2.32917 0.265576  9.58228
1.74444e+09  -0.196861  0.999804 -0.143172  -2.3866 0.351709  9.56074
1.74444e+09  -0.193825    1.0201  -0.15164 -2.50144 0.391187  9.54998
1.74444e+09  -0.188712   1.02777 -0.155156 -2.66653 0.391187  9.56792
1.74444e+09  -0.176088    1.0185 -0.150522 -2.83879 0.376831  9.63611
1.74444e+09  -0.153238  0.985423 -0.138538 -2.99312 0.384009  9.72942
1.74444e+09  -0.127033  0.928058 -0.124476 -3.06489  0.34812  9.74736
1.74444e+09  -0.101946  0.849442 -0.115848 -3.11514 0.294287  9.74019
1.74444e+09  -0.0814927   0.757563  -0.114409 -3.18333 0.211743  9.71147
1.74444e+09  -0.0688693   0.666323  -0.117286 -3.31252  0.15791  9.62534
1.74444e+09  -0.061519  0.583552 -0.119523  -3.4166 0.165088  9.54998
1.74444e+09  -0.0533697     0.5166  -0.117925 -3.45608 0.175854  9.49255
1.74444e+09  -0.0425041   0.464349  -0.113291 -3.47043 0.186621  9.50332
1.74444e+09  -0.0268447   0.421525  -0.103863 -3.49197 0.229688   9.5751
1.74444e+09  -0.00751011    0.384774  -0.0931574 -3.47043 0.279932  9.63252
1.74444e+09   0.0108657   0.348501 -0.0838896 -3.40225 0.297876  9.65764
1.74444e+09   0.0287621    0.31159 -0.0810134 -3.29817 0.276343  9.64688
1.74444e+09   0.0429834     0.2734 -0.0838896 -3.20845 0.265576  9.58945
1.74444e+09   0.0533697   0.234252 -0.0917193  -3.2551 0.247632  9.53921
1.74444e+09   0.0583232   0.201175 -0.0974717 -3.38789 0.226099   9.4459
1.74444e+09  0.0565655  0.179763 -0.100348 -3.56733 0.236865   9.3813
1.74444e+09   0.0512925   0.172573 -0.0984304 -3.77908 0.244043  9.34182
1.74444e+09   0.0444215   0.176408 -0.0901214 -3.94775 0.279932  9.32029
1.74444e+09   0.0396278    0.18232 -0.0759001 -4.02312 0.269165  9.33464
1.74444e+09  0.0369114  0.180083 -0.062318 -3.97646 0.272754  9.35977
1.74444e+09   0.0332363   0.161867 -0.0530502 -3.86162 0.272754  9.39207
1.74444e+09   0.0302002   0.126713 -0.0464988 -3.74678 0.269165  9.43154
1.74444e+09   0.0274838  0.0741424 -0.0434628 -3.62834 0.265576  9.47461
1.74444e+09   0.0246076 0.00782969 -0.0452205 -3.52786 0.236865  9.48896
1.74444e+09   0.0218912 -0.0661529 -0.0480967 -3.49915 0.211743  9.53203
1.74444e+09   0.0178964  -0.142692 -0.0496946 -3.52068 0.193799  9.56792
1.74444e+09   0.0143811  -0.216675 -0.0460194 -3.57451 0.175854   9.6397
1.74444e+09  0.00894822  -0.286343 -0.0362723 -3.59963 0.154321  9.66123
1.74444e+09  0.000479369   -0.354573   -0.024288 -3.57451 0.104077  9.75454
1.74444e+09  -0.00703075   -0.422005  -0.0108657  -3.49915 0.0574219   9.85144
1.74444e+09  -0.0135821   -0.49359 0.00175769  -3.33406 0.0322998   9.92322
1.74444e+09  -0.0214118  -0.568532 0.00719053   -3.1582 0.0179443    9.9627
1.74444e+09  -0.0295611  -0.646829 0.00958738  -3.02183 0.0251221   9.98423
1.74444e+09  -0.0396278  -0.728641 0.00687096   -2.9321 0.0179443   10.0165
1.74444e+09  -0.0520914  -0.814448 0.00495348  -2.94287 0.0753662   10.1708
1.74444e+09  -0.0642354  -0.903131 0.00687096 -2.98594 0.154321  10.3108
1.74444e+09  -0.071426 -0.991016 0.0131028 -2.97517 0.204565  10.4544
1.74444e+09  -0.0738228   -1.07874  0.0218912 -2.86392 0.272754  10.5441
1.74444e+09  -0.0703075    -1.1663  0.0349939 -2.69165 0.301465  10.5656
1.74444e+09  -0.061519  -1.24732 0.0479369 -2.49426 0.287109  10.5118
1.74444e+09  -0.0522512   -1.32402  0.0564058 -2.31841 0.265576  10.4687
1.74444e+09  -0.0431432   -1.39672  0.0589624 -2.13896 0.251221  10.3862
1.74444e+09  -0.0378702   -1.45984  0.0556068 -2.16409 0.236865  10.3359
1.74444e+09  -0.0389887   -1.50778  0.0469782  -2.1928 0.236865  10.2785
1.74444e+09  -0.0452205   -1.54197   0.037231 -2.21792 0.279932  10.2462
1.74444e+09  -0.0496946   -1.56706  0.0327569 -2.1605 0.31582  10.178
1.74444e+09  -0.0548079   -1.58847  0.0295611 -2.00259 0.330176  10.0704
1.74444e+09  -0.0565655   -1.60844  0.0282828 -1.82673 0.355298  9.91963
1.74444e+09  -0.0557666   -1.62506  0.0276436 -1.69395 0.333765  9.80837
1.74444e+09  -0.0536893   -1.63497  0.0254066 -1.50374 0.301465  9.76531
1.74444e+09  -0.0509729   -1.63625  0.0172573 -1.36736 0.279932  9.76531
1.74444e+09  -0.0488956   -1.63081 0.00830906 -1.26687 0.283521  9.80479
1.74444e+09   -0.0464988    -1.62954 -0.00127832 -1.08743  0.38042  9.87656
1.74444e+09    -0.033396    -1.63896 -0.00974717 -0.95105 0.398364  9.90527
1.74444e+09  -0.0156594   -1.64871 -0.0110255 -0.829028  0.172266   9.85862
1.74444e+09  0.00383495   -1.64951 -0.0174171  -0.656763 -0.0215332    9.73301
1.74444e+09   0.0145409   -1.63864 -0.0338754  -0.462964 -0.0574219    9.54998
1.74444e+09   0.0180562   -1.61995 -0.0500142 -0.333765 0.0466553   9.47102
1.74444e+09   0.0164583   -1.59374 -0.0568851 -0.226099  0.172266    9.4136
1.74444e+09  0.00942759   -1.55939 -0.0607201 -0.111255  0.175854   9.39924
1.74444e+09  -0.000958738     -1.52136   -0.0693487 -0.0430664   0.172266    9.44231
1.74444e+09  -0.0135821   -1.48029 -0.0704672 0.0466553  0.136377   9.49973
1.74444e+09  -0.0233293   -1.44434 -0.0667921 0.175854  0.15791  9.54998
1.74444e+09  -0.0209324   -1.41318 -0.0525708 0.340942 0.111255  9.58228
1.74444e+09  -0.00878843     -1.3833  -0.0325971  0.523975 0.0717773   9.46025
1.74444e+09  0.00751011   -1.35102 -0.0124636  0.707007 0.0610107   9.36694
1.74444e+09   0.0228499   -1.30932 0.00527306  0.807495 0.0789551    9.2844
1.74444e+09  0.0270045  -1.25547 0.0161388 0.893628 0.053833  9.23416
1.74444e+09  0.0175769  -1.19171  0.021252   1.03718 0.0466553   9.20186
1.74444e+09  0.00191748   -1.12204  0.0247674   1.16638 0.0430664   9.16956
1.74444e+09  -0.00862864     -1.0519   0.0297209 1.32429      -0 9.10854
1.74444e+09  -0.0135821  -0.984943  0.0330765      1.4499 -0.00358887     9.04036
1.74444e+09  -0.00990696   -0.920388   0.0375506   1.53245 0.0574219   8.95063
1.74444e+09  0.00479369  -0.854236  0.0428236  1.54321 0.143555  8.92192
1.74444e+09  0.0244478 -0.783768 0.0500142   1.6114 0.154321  8.85732
1.74444e+09  0.0359527 -0.710744 0.0528904   1.7729 0.122021  8.78555
1.74444e+09  0.0381897 -0.638679 0.0472977   1.97388 0.0825439   8.75684
1.74444e+09  0.0314786 -0.567253 0.0377104  2.01335 0.111255  8.75684
1.74444e+09   0.024288 -0.496147 0.0314786  2.03489 0.136377  8.77478
1.74444e+09  0.0199737 -0.425041  0.028123  2.06719 0.143555  8.76042
1.74444e+09  0.0223706 -0.353455 0.0257261  2.07437 0.118433  8.72454
1.74444e+09  0.0297209  -0.28123 0.0263653  2.07437 0.104077  8.62046
1.74444e+09  0.0377104 -0.209484 0.0274838  2.00618 0.118433   8.6061
1.74444e+09  0.0453803  -0.13646 0.0314786  1.97747 0.132788  8.62046
1.74444e+09   0.0476173 -0.0651942  0.0338754  1.98464 0.129199  8.65994
1.74444e+09    0.0420247 0.000319579   0.0354733  1.99182 0.154321  8.71736
1.74444e+09  0.0332363  0.058483 0.0370712  2.01694 0.165088  8.75325
1.74444e+09  0.0290817  0.108497  0.040267  2.07078 0.175854  8.82144
1.74444e+09  0.0327569  0.151321  0.043303   2.1282 0.172266  8.85015
1.74444e+09  0.0404268  0.189511 0.0452205  2.17844 0.147144  8.84297
1.74444e+09   0.050174  0.225144 0.0455401 2.19998 0.15791 8.84297
1.74444e+09   0.058483  0.260297 0.0439422  2.16768 0.136377  8.87168
1.74444e+09  0.0618386  0.297369 0.0429834  2.12461 0.132788   8.9291
1.74444e+09  0.0599211    0.3346 0.0404268  2.10308 0.136377  8.98293
1.74444e+09  0.0528904  0.366877 0.0386691 2.09949 0.12561 9.01882
1.74444e+09  0.0413855  0.394201 0.0375506  2.10667 0.104077  9.03677
1.74444e+09  0.0279632  0.415613 0.0375506  2.10667 0.107666  9.04036
1.74444e+09  0.0127832   0.43271 0.0370712   2.0959 0.139966  9.04036
1.74444e+09  0.00175769   0.446293  0.0386691  2.03489 0.175854  9.09419
1.74444e+09  -0.00255663    0.459875   0.0428236  1.94158 0.172266  9.19827
1.74444e+09  -0.00367516    0.472977   0.0492152 1.90569 0.15791 9.27363
1.74444e+09  -0.0062318   0.486879  0.0544883  1.88774 0.132788  9.35259
1.74444e+09  -0.0107059   0.499822  0.0556068   1.8698 0.114844  9.43513
1.74444e+09  -0.0198139   0.510848  0.0536893    1.9021 0.0789551   9.44231
1.74444e+09  -0.0322775   0.515002  0.0476173   1.92363 0.0825439   9.45667
1.74444e+09  -0.0425041   0.513085  0.0418649  1.90928 0.100488  9.46384
1.74444e+09  -0.0479369   0.509409  0.0373908  1.83032 0.122021  9.57151
1.74444e+09  -0.0431432   0.505894  0.0362723  1.74419 0.122021  9.69712
1.74444e+09  -0.0322775   0.502698  0.0370712  1.71548 0.114844  9.77607
1.74444e+09  -0.0199737   0.499023  0.0353135  1.74419 0.100488  9.77966
1.74444e+09  -0.0119842   0.492632  0.0314786   1.74419 0.0825439   9.78325
1.74444e+09  -0.00830906    0.485281   0.0278034   1.69753 0.0861328   9.79043
1.74444e+09  -0.00607201    0.479049   0.0244478   1.62935 0.0610107   9.81196
1.74444e+09  -0.00415453    0.474895   0.0201335  1.53962 0.053833  9.87297
1.74444e+09  -0.0015979   0.473297  0.0162985   1.45708 0.0430664   9.92681
1.74444e+09  0.00111853   0.473617  0.0147006   1.39248 0.0430664   9.95193
1.74444e+09  0.0046339  0.476653  0.012144    1.353 0.053833  9.96628
1.74444e+09  0.00575243   0.479049 0.00798948   1.34941 0.0610107   9.95552
1.74444e+09  0.00543285   0.480647 0.00703075   1.34941 0.0645996   9.94116
1.74444e+09  0.000958738    0.479369   0.0015979   1.35659 0.0430664   9.94116
1.74444e+09  -0.00639159    0.475055 -0.00367516   1.33147 0.0215332   9.92681
1.74444e+09   -0.0143811    0.468503 -0.00878843   1.29199 0.0322998    9.8981
1.74444e+09  -0.0188552   0.457158 -0.0116646   1.24893 0.0287109   9.87297
1.74444e+09   -0.021252   0.442458 -0.0126234   1.20227 0.0322998    9.8658
1.74444e+09  -0.0217314   0.420407 -0.0123038   1.13408 0.0430664   9.85503
1.74444e+09   -0.0186954    0.393722 -0.00942759   1.05154 0.0645996   9.86938
1.74444e+09   -0.0143811     0.36432 -0.00447411  0.986938 0.0681885   9.87656
1.74444e+09    -0.0100667     0.334759 -0.000958738 0.936694 0.053833  9.88015
1.74444e+09  -0.00751011    0.306636  0.00207727  0.907983 0.0610107   9.87656
1.74444e+09  -0.00431432     0.28091  0.00415453  0.890039 0.0502441   9.88733
1.74444e+09  -0.00207727    0.256942  0.00367516  0.904395 0.0322998   9.87297
1.74444e+09   -0.00015979     0.234731 -0.000958738  0.904395 0.0251221   9.86938
1.74444e+09  -0.00143811    0.216195 -0.00974717  0.864917 0.0430664   9.87297
1.74444e+09  -0.00431432    0.199897  -0.0193345  0.814673 0.0502441   9.85862
1.74444e+09  -0.0103863   0.186794 -0.0271642  0.746484 0.0502441   9.84426
1.74444e+09  -0.0174171   0.175449 -0.0325971  0.660352 0.0610107    9.8981
1.74444e+09  -0.0191748   0.167619 -0.0325971   0.60293 0.0717773   10.0022
1.74444e+09  -0.0134223   0.160429 -0.0321177  0.610107 0.0645996   10.0668
1.74444e+09   -0.003036   0.154996 -0.0330765 0.671118 0.053833  10.0847
1.74444e+09  0.00719053   0.146527 -0.0369114  0.757251 0.0287109   10.0596
1.74444e+09   0.0139017    0.13694 -0.0434628 0.789551 0.053833  9.97346
1.74444e+09   0.0142213   0.127352 -0.0512925  0.782373 0.0897217   9.88374
1.74444e+09  0.0103863  0.115688 -0.056246 0.724951 0.107666  9.83708
1.74444e+09  0.00671117   0.102905 -0.0559264 0.631641 0.118433  9.85503
1.74444e+09  0.00703075  0.0918791 -0.0519316 0.527563 0.107666  9.92322
1.74444e+09   0.0142213  0.0840494 -0.0453803 0.480908 0.143555  10.0022
1.74444e+09   0.0246076  0.0787763 -0.0401072  0.50603 0.168677  10.0201
1.74444e+09   0.0359527  0.0752609 -0.0380299 0.588574 0.186621  9.98423
1.74444e+09   0.0417051  0.0735032 -0.0441019 0.674707 0.186621  9.88015
1.74444e+09    0.040267  0.0720651 -0.0540089 0.732129 0.193799  9.76531
1.74444e+09   0.0305198  0.0699879 -0.0672714 0.707007 0.204565  9.68276
1.74444e+09   0.0175769  0.0715858 -0.0781371 0.610107 0.211743  9.66123
1.74444e+09  0.00527306   0.073663 -0.0822917 0.459375  0.22251  9.71147
1.74444e+09  -0.000798948    0.0770186    -0.079735  0.31582 0.236865  9.80479
1.74444e+09  0.00015979  0.0808536 -0.0730239 0.236865 0.233276  9.87656
1.74444e+09  0.00671117  0.0838896 -0.0648746 0.226099 0.218921  9.89451
1.74444e+09   0.0143811  0.0856473 -0.0578439 0.265576 0.197388  9.84426
1.74444e+09   0.0172573  0.0838896 -0.0536893 0.319409 0.186621  9.75095
1.74444e+09   0.0134223  0.0800546 -0.0517719 0.330176 0.161499  9.66123
1.74444e+09  0.00559264   0.074462 -0.0533697 0.305054  0.15791   9.6397
1.74444e+09  -0.00351537   0.0703075    -0.05321 0.204565 0.136377  9.69353
1.74444e+09  -0.00719053   0.0682302  -0.0498544 0.107666 0.132788  9.77607
1.74444e+09  -0.00335558   0.0696683  -0.0431432 0.0717773  0.136377   9.85144
1.74444e+09  0.00607201  0.0712662  -0.036432 0.111255 0.150732  9.87656
1.74444e+09   0.0170975  0.0719053 -0.0348341 0.211743  0.15791  9.82991
1.74444e+09    0.025087  0.0727043 -0.0362723 0.308643 0.154321  9.73301
1.74444e+09   0.0263653  0.0735032 -0.0405866  0.34812 0.168677  9.65046
1.74444e+09   0.0214118  0.0735032 -0.0453803 0.322998  0.15791   9.6074
1.74444e+09   0.0123038  0.0755805 -0.0474575 0.233276 0.154321  9.63252
1.74444e+09  0.00175769  0.0803742 -0.0453803 0.114844  0.15791  9.68994
1.74444e+09  -0.00735032   0.0870854  -0.0386691 0.0466553  0.165088   9.73301
1.74444e+09  -0.0140615  0.0952346 -0.0305198 0.0574219  0.168677    9.7366
1.74444e+09  -0.0217314   0.102905 -0.0239684 0.118433 0.168677  9.71147
1.74444e+09  -0.0286024   0.108178 -0.0191748 0.200977 0.175854  9.67917
1.74444e+09  -0.0351537   0.110095 -0.0175769 0.258398 0.165088  9.64688
1.74444e+09  -0.0407464   0.108977 -0.0180562 0.272754 0.150732  9.66123
1.74444e+09  -0.0437824   0.106739 -0.0177367 0.229688 0.136377   9.7043
1.74444e+09  -0.0460194   0.105142 -0.0180562 0.183032 0.129199  9.75813
1.74444e+09  -0.0445813   0.104183  -0.018216 0.129199 0.139966  9.82273
1.74444e+09   -0.039468   0.104502 -0.0180562 0.122021 0.132788  9.85144
1.74444e+09  -0.0314786   0.104502 -0.0194943 0.161499 0.111255  9.84426
1.74444e+09  -0.0218912   0.104023 -0.0217314 0.215332 0.104077  9.82273
1.74444e+09  -0.0132625   0.102585 -0.0270045  0.251221 0.0968994   9.77249
1.74444e+09  -0.00591222    0.100667  -0.0317981  0.269165 0.0897217   9.73301
1.74444e+09  -0.00223706   0.0990696  -0.0381897  0.251221 0.0825439    9.7043
1.74444e+09  -0.000479369    0.0973119   -0.0409062   0.19021 0.0753662   9.68994
1.74444e+09  0.00015979  0.0969923 -0.0431432  0.154321 0.0645996   9.68276
1.74444e+09  0.00015979  0.0984304 -0.0444215  0.136377 0.0610107   9.69712
1.74444e+09  -0.000639159     0.103064   -0.0460194  0.132788 0.0502441   9.70071
1.74444e+09  -0.000319579     0.107538   -0.0485761   0.15791 0.0502441   9.68994
1.74444e+09  0.00111853   0.112332 -0.0504935  0.168677 0.0574219   9.68276
1.74444e+09  0.00367516   0.116487 -0.0496946   0.15791 0.0717773   9.66482
1.74444e+09  0.00591222   0.119523 -0.0466586  0.132788 0.0753662     9.672
1.74444e+09  0.00719053   0.123517 -0.0421845 0.0681885 0.0897217   9.71506
1.74444e+09  0.00958738   0.127992 -0.0365918 0.0143555 0.0825439   9.76172
1.74444e+09   0.0116646   0.133265 -0.0295611         0 0.0897217   9.79402
1.74444e+09   0.0143811   0.139337 -0.0239684 0.00358887  0.0968994    9.79402
1.74444e+09   0.0172573   0.142373 -0.0201335 0.0251221  0.107666   9.76531
1.74444e+09   0.0206129   0.144929 -0.0148604 0.0466553  0.114844   9.74377
1.74444e+09   0.0231695   0.145089 -0.0123038 0.0717773  0.114844   9.71865
1.74444e+09   0.0239684   0.143811 -0.0108657 0.0717773  0.118433   9.69712
1.74444e+09   0.0234891   0.140934 -0.0100667 0.0358887  0.132788   9.71865
1.74444e+09     0.024288      0.1371 -0.00639159 -0.0143555   0.165088    9.76531
1.74444e+09    0.0268447    0.133744 -0.00431432 -0.0358887    0.19021    9.81914
1.74444e+09    0.0297209    0.130708 -0.00191748 -0.0430664   0.218921    9.85503
1.74444e+09     0.0319579     0.127512 -0.000639159 -0.0358887   0.236865    9.84067
1.74444e+09   0.0316384   0.124956 0.00127832 -0.0466553   0.258398    9.84067
1.74444e+09   0.0290817   0.122878 0.00191748 -0.0574219   0.297876    9.81914
1.74444e+09   0.0246076   0.118085 0.00223706 -0.0933105   0.326587    9.82991
1.74444e+09  0.019015  0.11409 0.003036 -0.165088   0.34812   9.89451
1.74444e+09  0.0143811  0.109776 0.0046339 -0.208154  0.362476   9.94116
1.74444e+09   0.0116646   0.105941 0.00655138 -0.218921  0.373242   9.96628
1.74444e+09   0.0092678  0.0998685 0.00703075 -0.204565  0.366064   9.95911
1.74444e+09  0.00719053  0.0923584 0.00543285 -0.168677  0.355298    9.9304
1.74444e+09   0.0046339  0.0819721 0.00287621 -0.122021  0.337354   9.86938
1.74444e+09    0.00143811     0.067591 -0.000319579 -0.104077   0.31582   9.83708
1.74444e+09  -0.000479369    0.0538491  -0.00271642 -0.143555  0.290698   9.83708
1.74444e+09  -0.00127832   0.0397876 -0.00191748 -0.193799  0.279932   9.85503
1.74444e+09  0.000639159   0.0274838 0.000639159 -0.251221  0.251221   9.87656
1.74444e+09  0.00319579  0.0174171 0.00495348 -0.269165  0.208154   9.86938
1.74444e+09  0.00639159 0.00878843 0.00894822 -0.244043  0.161499   9.83708
1.74444e+09  0.00894822 0.00191748  0.0113451 -0.175854  0.139966   9.79402
1.74444e+09    0.0116646 -0.00591222   0.0127832 -0.107666  0.114844   9.74019
1.74444e+09   0.0153398 -0.0116646  0.0123038 -0.0789551  0.0933105     9.7043
1.74444e+09   0.0178964 -0.0147006  0.0115049 -0.100488 0.0861328    9.7043
1.74444e+09   0.0204531 -0.0145409  0.0107059 -0.168677  0.107666    9.7366
1.74444e+09    0.0231695 -0.00974717   0.0118244 -0.247632  0.139966   9.80479
1.74444e+09     0.0260457 -0.000958738    0.0131028 -0.25481 0.161499  9.82273
1.74444e+09   0.0287621 0.00910801  0.0113451 -0.204565  0.150732   9.81914
1.74444e+09   0.0289219  0.0172573 0.00655138 -0.172266  0.139966   9.77966
1.74444e+09   0.0270045  0.0236489 0.00143811 -0.183032  0.129199   9.74019
1.74444e+09   0.0239684   0.027324 -0.0015979 -0.211743  0.129199   9.72224
1.74444e+09    0.0218912   0.0290817 -0.00175769 -0.25481  0.12561  9.70071
1.74444e+09   0.0196541  0.0279632 0.00175769 -0.308643  0.111255    9.7043
1.74444e+09   0.0178964  0.0258859 0.00495348 -0.333765  0.111255   9.73301
1.74444e+09  0.0154996 0.0228499 0.0092678 -0.308643  0.114844   9.74019
1.74444e+09  0.0148604 0.0198139 0.0107059 -0.251221   0.12561   9.72583
1.74444e+09  0.0139017 0.0166181 0.0105461 -0.19021 0.150732   9.7043
1.74444e+09   0.0123038    0.01518 0.00894822 -0.136377  0.175854   9.66841
1.74444e+09   0.0116646  0.0153398 0.00655138 -0.111255   0.19021   9.62175
1.74444e+09   0.0100667  0.0177367 0.00399474 -0.0897217   0.175854    9.61099
1.74444e+09  0.00703075  0.0218912 0.00111853 -0.118433  0.172266   9.62534
1.74444e+09    0.00287621    0.0279632 -0.000319579 -0.197388  0.172266     9.672
1.74444e+09  -0.000479369    0.0370712   0.00127832 -0.294287   0.19021   9.74377
1.74444e+09  -0.0015979  0.0496946 0.00511327 -0.340942  0.211743   9.85144
1.74444e+09  0.00015979  0.0616788 0.00894822 -0.322998  0.211743   9.92681
1.74444e+09  0.00335558  0.0735032  0.0103863 -0.261987  0.211743   9.94475
1.74444e+09  0.0076699 0.0811732 0.0076699 -0.168677  0.215332   9.91604
1.74444e+09  0.00735032  0.0854875 0.00127832 -0.100488  0.218921    9.8658
1.74444e+09  0.00559264  0.0838896 -0.0062318 -0.0430664   0.215332    9.81555
1.74444e+09   0.0015979  0.0773382 -0.0124636 -0.0645996   0.218921    9.80837
1.74444e+09  0.000639159   0.0669519  -0.0147006 -0.15791  0.22251  9.86938
1.74444e+09  0.00367516  0.0541687 -0.0108657 -0.229688  0.204565   9.93757
1.74444e+09   0.00862864   0.0405866 -0.00543285 -0.247632  0.186621   9.95911
1.74444e+09    0.0142213   0.0255663 -0.00191748 -0.233276  0.175854   9.95552
1.74444e+09    0.0183758   0.0105461 -0.00015979 -0.186621  0.172266   9.90527
1.74444e+09     0.022051 -0.00399474 -0.00143811 -0.12561 0.175854  9.81196
1.74444e+09   0.0218912 -0.0180562 -0.0062318 -0.0825439   0.179443    9.72583
1.74444e+09   0.0194943 -0.0316384 -0.0123038 -0.0753662   0.183032    9.65046
1.74444e+09   0.0150202 -0.0425041 -0.0172573 -0.132788   0.19021   9.62893
1.74444e+09   0.0092678 -0.0496946  -0.018216 -0.251221  0.175854   9.63611
1.74444e+09  0.00367516 -0.0514523  -0.015979 -0.366064  0.154321     9.672
1.74444e+09  -0.00239684  -0.0485761  -0.0111853 -0.441431  0.139966   9.68994
1.74444e+09  -0.00719053  -0.0405866 -0.00383495 -0.459375  0.136377   9.70071
1.74444e+09  -0.0100667 -0.0321177 0.00255663 -0.437842  0.139966   9.68276
1.74444e+09   -0.012943 -0.0210922 0.00910801 -0.376831   0.15791   9.65764
1.74444e+09  -0.0154996 -0.0092678  0.0110255 -0.305054  0.161499   9.62175
1.74444e+09  -0.0167779 0.00271642 0.00990696 -0.279932  0.179443   9.62534
1.74444e+09  -0.0158192  0.0148604 0.00830906 -0.283521  0.197388   9.65046
1.74444e+09   -0.012144  0.0268447 0.00655138 -0.287109  0.211743   9.69353
1.74444e+09  -0.00798948   0.0377104  0.00175769 -0.251221  0.211743   9.69712
1.74444e+09  -0.00447411    0.046339  -0.0046339 -0.226099  0.211743   9.69353
1.74444e+09  -0.000798948    0.0519316   -0.0116646 -0.236865  0.218921   9.68635
1.74444e+09  0.00223706  0.0548079 -0.0150202 -0.269165  0.233276   9.68276
1.74444e+09  0.00479369  0.0549676 -0.0164583 -0.31582 0.244043  9.69353
1.74444e+09  0.00671117  0.0533697 -0.0154996 -0.351709   0.25481    9.7043
1.74444e+09  0.00862864  0.0520914 -0.0119842 -0.384009   0.25481   9.73301
1.74444e+09    0.0105461   0.0508131 -0.00894822 -0.391187  0.258398    9.7689
1.74444e+09    0.0110255   0.0504935 -0.00591222 -0.362476  0.258398   9.79043
1.74444e+09   0.00830906   0.0506533 -0.00687096 -0.330176  0.247632   9.79043
1.74444e+09  0.00175769  0.0498544 -0.0105461 -0.308643  0.258398    9.8012
1.74444e+09  -0.00335558   0.0492152  -0.0143811 -0.301465  0.265576   9.80837
1.74444e+09  -0.00735032   0.0458596  -0.0153398 -0.312231  0.261987   9.81914
1.74444e+09  -0.00735032   0.0417051  -0.0145409 -0.326587  0.244043   9.82991
1.74444e+09  -0.00415453   0.0362723  -0.0124636 -0.337354  0.244043   9.84067
1.74444e+09  0.00015979  0.0305198 -0.0102265 -0.312231  0.244043    9.8335
1.74444e+09   0.00351537   0.0231695 -0.00974717 -0.269165  0.247632   9.78684
1.74444e+09  0.00543285  0.0158192 -0.0107059 -0.226099  0.244043   9.74377
1.74444e+09  0.00431432 0.00798948  -0.012943 -0.218921  0.247632    9.7043
1.74444e+09  0.000798948   0.0015979  -0.0139017 -0.25481 0.247632  9.72224
1.74444e+09  0.000479369 -0.00143811   -0.012144 -0.308643  0.236865    9.7366
1.74444e+09  0.000958738  -0.0015979 -0.00974717 -0.337354  0.229688   9.74377
1.74444e+09   0.00223706 -0.00191748 -0.00639159 -0.358887  0.236865   9.74019
1.74444e+09   0.00335558          -0 -0.00335558 -0.355298  0.240454   9.71506
1.74444e+09   0.00479369    0.003036 -0.00127832 -0.351709  0.247632   9.69353
1.74444e+09    0.00447411   0.00751011 -0.000798948 -0.34812  0.25481  9.66482
1.74444e+09   0.00239684   0.0127832 -0.00191748 -0.34812 0.251221  9.66841
1.74444e+09  -0.00111853    0.019015 -0.00319579 -0.366064  0.240454   9.67917
1.74444e+09  -0.00367516   0.0239684 -0.00255663 -0.391187  0.229688   9.68276
1.74444e+09  -0.00431432   0.0292415 0.000319579 -0.427075  0.233276   9.71865
1.74444e+09  -0.00335558   0.0330765  0.00287621 -0.44502 0.226099  9.75095
1.74444e+09  -0.000479369    0.0367516   0.00607201 -0.441431  0.236865   9.76531
1.74444e+09  0.00351537   0.039468 0.00751011 -0.405542   0.25481   9.75813
1.74444e+09  0.00703075  0.0413855 0.00671117 -0.369653  0.265576   9.71865
1.74444e+09  0.00830906  0.0429834 0.00383495 -0.340942  0.272754   9.69353
1.74444e+09  0.00703075  0.0456998 0.00191748 -0.34812 0.261987  9.66482
1.74444e+09   0.00255663   0.0484163 0.000798948 -0.384009  0.244043   9.67917
1.74444e+09  -0.0015979  0.0512925 0.00191748 -0.434253  0.233276   9.70071
1.74444e+09  -0.00511327    0.055447  0.00575243 -0.462964  0.226099   9.74019
1.74444e+09  -0.00575243   0.0581634   0.0113451 -0.480908  0.236865   9.79043
1.74444e+09  -0.00287621    0.061519   0.0158192 -0.462964  0.236865   9.82632
1.74444e+09  0.000958738   0.0640757   0.0178964 -0.41272 0.236865  9.83708
1.74444e+09  0.0046339 0.0647148 0.0166181 -0.351709   0.25481   9.80837
1.74444e+09  0.0062318 0.0621582 0.0126234 -0.294287   0.25481   9.77966
1.74444e+09  0.00415453  0.0570449 0.00814927 -0.279932  0.247632   9.74019
1.74444e+09  -0.000319579    0.0506533     0.003036 -0.319409  0.247632   9.70071
1.74444e+09  -0.00495348   0.0441019  0.00015979 -0.38042  0.25481  9.71506
1.74444e+09  -0.00639159   0.0388289  0.00335558 -0.470142   0.25481   9.76172
1.74444e+09  -0.00495348   0.0353135  0.00894822 -0.523975  0.244043   9.80837
1.74444e+09  -0.00239684   0.0327569     0.01518 -0.545508  0.229688   9.81914
1.74444e+09  -0.00015979   0.0325971    0.019015 -0.527563  0.226099   9.81196
1.74444e+09  0.000798948    0.033396    0.021252 -0.480908  0.229688   9.79761
1.74444e+09  0.000798948   0.0349939   0.0207727 -0.44502 0.215332  9.78325
1.74444e+09  -0.00127832   0.0353135   0.0167779 -0.419897  0.215332   9.78684
1.74444e+09  -0.00447411   0.0377104   0.0135821 -0.434253  0.200977   9.81555
1.74444e+09  -0.00607201   0.0388289   0.0111853 -0.480908  0.208154   9.84785
1.74444e+09  -0.00479369   0.0401072   0.0119842 -0.50603 0.197388   9.8658
1.74444e+09  -0.000639159    0.0412257    0.0132625 -0.495264  0.197388    9.8658
1.74444e+09  0.00351537  0.0405866  0.0142213 -0.459375  0.193799   9.85144
1.74444e+09  0.00814927  0.0399474  0.0139017 -0.434253  0.193799   9.83708
1.74444e+09  0.0108657 0.0370712  0.012943 -0.416309  0.197388   9.81555
1.74444e+09   0.012144 0.0349939  0.012144 -0.41272 0.200977  9.78325
1.74444e+09   0.0108657  0.0322775 0.00878843 -0.455786   0.19021   9.79761
1.74444e+09  0.00862864  0.0298807 0.00719053 -0.520386  0.204565   9.82273
1.74444e+09  0.00830906  0.0287621  0.0062318 -0.567041  0.215332   9.86221
1.74444e+09  0.00910801  0.0282828 0.00687096 -0.592163  0.208154   9.87297
1.74444e+09   0.0123038  0.0282828 0.00719053 -0.577808  0.211743   9.86221
1.74444e+09   0.0158192  0.0263653 0.00735032 -0.549097  0.215332   9.84067
1.74444e+09    0.019015   0.025087 0.00703075 -0.520386  0.218921   9.79402
1.74444e+09   0.0210922  0.0218912 0.00495348 -0.50603 0.226099  9.74736
1.74444e+09   0.0191748  0.0186954 0.00255663 -0.488086  0.240454   9.68994
1.74444e+09  0.0148604 0.0150202 0.0015979 -0.523975   0.25481   9.69353
1.74444e+09  0.00878843   0.012144 0.00111853 -0.577808  0.244043   9.69353
1.74444e+09  0.00319579 0.00990696 0.00207727 -0.624463  0.240454   9.71147
1.74444e+09  0.00175769 0.00655138 0.00495348 -0.638818  0.240454   9.73301
1.74444e+09  0.00207727 0.00351537 0.00735032 -0.624463  0.236865   9.72224
1.74444e+09  0.00479369 0.00143811 0.00878843 -0.595752  0.236865   9.71147
1.74444e+09  0.00894822 0.00015979 0.00735032 -0.567041  0.236865   9.67917
1.74444e+09     0.0105461 -0.000958738   0.00559264 -0.549097  0.236865   9.66482
1.74444e+09    0.012943 0.00015979 0.00175769 -0.57063 0.240454  9.66123
1.74444e+09    0.0126234  0.00207727 -0.00015979 -0.599341  0.240454   9.66841
1.74444e+09     0.012144  0.00719053 -0.00111853 -0.642407  0.236865   9.69353
1.74444e+09     0.0111853    0.0124636 -0.000319579 -0.653174  0.229688   9.70789
1.74444e+09  0.00878843  0.0178964 0.00015979 -0.653174  0.215332   9.71865
1.74444e+09  0.00639159  0.0236489 0.00015979 -0.624463  0.211743   9.73301
1.74444e+09  0.00495348  0.0279632 0.00127832 -0.613696  0.211743   9.75095
1.74444e+09  0.00639159  0.0313188 0.00319579 -0.592163  0.204565   9.75813
1.74444e+09  0.00942759  0.0340352  0.0046339 -0.563452  0.200977   9.74736
1.74444e+09    0.012943  0.0361125 0.00607201 -0.531152  0.208154   9.74736
1.74444e+09   0.0153398  0.0375506 0.00671117 -0.509619  0.229688   9.75095
1.74444e+09   0.0172573  0.0385093 0.00511327 -0.498853  0.233276   9.75454
1.74444e+09   0.0170975  0.0404268 0.00239684 -0.498853  0.236865   9.74019
1.74444e+09     0.0140615     0.040267 -0.000798948 -0.488086  0.229688   9.71506
1.74444e+09   0.00719053   0.0404268 -0.00383495 -0.50603 0.251221   9.7043
1.74444e+09    0.0015979   0.0417051 -0.00447411 -0.534741  0.251221   9.72224
1.74444e+09   -0.0015979   0.0405866 -0.00255663 -0.53833 0.258398  9.74019
1.74444e+09  -0.000958738    0.0397876  -0.00015979 -0.53833 0.251221   9.8012
1.74444e+09  0.00207727  0.0388289 0.00207727 -0.527563  0.258398   9.84426
1.74444e+09  0.00575243  0.0370712 0.00255663 -0.498853  0.240454   9.85503
1.74444e+09   0.00846885    0.034195 0.000639159 -0.459375  0.236865   9.82991
1.74444e+09   0.00735032   0.0313188 -0.00335558 -0.423486  0.236865   9.80479
1.74444e+09   0.00351537   0.0271642 -0.00878843 -0.430664   0.22251   9.77607
1.74444e+09  -0.00191748   0.0230097   -0.012943 -0.470142   0.22251   9.77249
1.74444e+09  -0.00479369   0.0175769  -0.0140615 -0.534741   0.22251   9.80479
1.74444e+09  -0.00431432   0.0131028 -0.00990696 -0.595752  0.215332   9.84426
1.74444e+09  -0.00143811  0.00990696 -0.00415453 -0.635229  0.211743   9.87297
1.74444e+09    0.00239684   0.00894822 -0.000639159 -0.628052  0.218921   9.88015
1.74444e+09   0.00591222  0.00751011 0.000319579 -0.574219  0.233276   9.86938
1.74444e+09   0.00639159  0.00543285 -0.00239684 -0.516797  0.233276   9.82632
1.74444e+09   0.00399474  0.00111853 -0.00830906 -0.491675   0.22251   9.77249
1.74444e+09  -0.00175769 -0.00351537  -0.0147006 -0.50603 0.226099   9.7366
1.74444e+09  -0.00527306 -0.00894822  -0.0172573 -0.556274  0.236865   9.75095
1.74444e+09  -0.00655138  -0.0126234  -0.0167779 -0.624463  0.226099    9.7689
1.74444e+09  -0.00415453  -0.0150202  -0.0126234 -0.678296  0.211743   9.78325
1.74444e+09  -0.000639159   -0.0162985  -0.00894822 -0.72854  0.22251  9.78684
1.74444e+09     0.003036  -0.0143811 -0.00415453 -0.746484  0.233276   9.79402
1.74444e+09  0.00559264 -0.0111853 -0.0015979 -0.717773  0.244043   9.76531
1.74444e+09   0.00383495 -0.00735032 -0.00127832 -0.678296  0.251221   9.71865
1.74444e+09  -0.00015979 -0.00255663   -0.003036 -0.642407  0.240454   9.67917
1.74444e+09  -0.00607201  0.00127832 -0.00431432 -0.656763  0.247632   9.66482
1.74444e+09   -0.0107059  0.00575243 -0.00559264 -0.69624 0.258398  9.66841
1.74444e+09   -0.0127832   0.0107059 -0.00223706 -0.735718  0.272754   9.70789
1.74444e+09  -0.00974717   0.0147006    0.003036 -0.764429  0.276343   9.75095
1.74444e+09  -0.00447411   0.0180562  0.00687096 -0.739307  0.279932   9.74377
1.74444e+09  0.00015979  0.0198139 0.00751011 -0.674707  0.294287   9.71506
1.74444e+09  0.00399474  0.0218912 0.00239684 -0.620874  0.305054   9.66841
1.74444e+09  0.0046339 0.0218912 -0.003036 -0.592163  0.308643   9.63611
1.74444e+09   0.00447411    0.021252 -0.00942759 -0.588574  0.319409   9.63252
1.74444e+09  0.00335558  0.0186954 -0.0140615 -0.606519  0.301465   9.64329
1.74444e+09   0.0015979  0.0172573 -0.0161388 -0.678296  0.297876   9.68994
1.74444e+09   0.0015979  0.0162985 -0.0153398 -0.753662  0.294287   9.75454
1.74444e+09  0.00431432  0.0164583 -0.0105461 -0.811084  0.290698   9.79402
1.74444e+09  0.00910801  0.0183758  -0.003036 -0.796729  0.294287   9.80479
1.74444e+09   0.0148604  0.0222108 0.00143811 -0.750073  0.305054   9.77607
1.74444e+09   0.0185356  0.0254066 0.00527306 -0.710596  0.326587   9.76172
1.74444e+09   0.0222108  0.0292415 0.00735032 -0.681885  0.344531   9.74736
1.74444e+09   0.0225303  0.0340352 0.00958738 -0.685474  0.351709   9.76172
1.74444e+09  0.0236489 0.0393083 0.0108657 -0.707007  0.340942   9.79402
1.74444e+09  0.0228499 0.0460194 0.0127832 -0.739307  0.330176   9.80479
1.74444e+09  0.0199737 0.0512925 0.0156594 -0.778784  0.337354    9.8658
1.74444e+09  0.0177367 0.0557666 0.0185356 -0.800317  0.322998   9.92322
1.74444e+09  0.0175769 0.0572047  0.021252 -0.785962  0.322998   9.95911
1.74444e+09  0.0172573 0.0544883 0.0244478 -0.739307  0.330176   9.97346
1.74444e+09  0.0185356  0.047138 0.0284426 -0.692651  0.337354   9.93398
1.74444e+09   0.018216 0.0354733 0.0294013 -0.653174  0.326587   9.90886
1.74444e+09  0.0161388 0.0228499 0.0302002 -0.674707  0.333765   9.89092
1.74444e+09   0.0134223 0.00910801  0.0325971 -0.707007  0.337354    9.8658
1.74444e+09   0.00974717 -0.00191748   0.0330765 -0.732129   0.31582   9.86221
1.74444e+09  0.00511327 -0.0107059  0.0305198 -0.742896  0.294287   9.87297
1.74444e+09  0.00223706 -0.0175769  0.0265251 -0.724951  0.272754   9.90168
1.74444e+09  0.00335558 -0.0231695  0.0199737 -0.649585  0.272754   9.89451
1.74444e+09   0.0076699 -0.0294013  0.0113451 -0.527563  0.276343    9.8335
1.74444e+09    0.0140615  -0.0378702 0.000798948 -0.437842  0.276343   9.77249
1.74444e+09    0.021252 -0.0461792 -0.0092678 -0.405542  0.276343   9.72224
1.74444e+09   0.0282828 -0.0538491 -0.0174171 -0.405542  0.276343   9.67559
1.74444e+09   0.0340352 -0.0608799 -0.0225303 -0.44502 0.276343  9.64329
1.74444e+09   0.0367516 -0.0655138 -0.0239684 -0.516797  0.272754   9.62893
1.74444e+09   0.0381897 -0.0650344 -0.0223706 -0.592163  0.283521   9.63252
1.74444e+09   0.0365918 -0.0605603 -0.0185356 -0.642407  0.272754   9.65046
1.74444e+09   0.0335558 -0.0527306 -0.0140615 -0.645996   0.25481   9.65405
1.74444e+09   0.0284426 -0.0428236 -0.0111853 -0.581396  0.236865   9.63611
1.74444e+09   0.0233293 -0.0349939 -0.0110255 -0.509619  0.218921   9.60022
1.74444e+09    0.015979 -0.0266849 -0.0126234 -0.44502 0.218921   9.5751
1.74444e+09  0.00958738 -0.0185356   -0.01518 -0.394775   0.22251   9.58228
1.74444e+09  0.00495348 -0.0137419 -0.0180562 -0.38042 0.233276   9.6074
1.74444e+09   0.00143811 -0.00862864  -0.0199737 -0.419897  0.258398     9.672
1.74444e+09  -0.00015979 -0.00335558  -0.0191748 -0.47373 0.261987  9.73301
1.74444e+09  -0.00383495  0.00191748  -0.0178964 -0.527563  0.276343   9.77249
1.74444e+09  -0.00878843   0.0076699  -0.0167779 -0.595752  0.283521   9.78684
1.74444e+09  -0.0139017  0.0115049  -0.012943 -0.642407  0.297876   9.77249
1.74444e+09    -0.019015   0.0139017 -0.00735032 -0.66394 0.301465  9.72224
1.74444e+09   -0.0233293   0.0137419 -0.00207727 -0.681885  0.305054   9.67917
1.74444e+09  -0.0244478  0.0113451 0.00287621 -0.703418   0.31582   9.67917
1.74444e+09  -0.0226901 0.00798948 0.00830906 -0.710596  0.319409   9.71865
1.74444e+09  -0.0164583 0.00239684   0.012144 -0.710596  0.326587   9.74736
1.74444e+09  -0.00990696 -0.00271642   0.0150202 -0.703418   0.34812   9.79761
1.74444e+09  -0.00223706 -0.00830906   0.0143811 -0.653174  0.337354   9.81196
1.74444e+09  0.00143811 -0.0132625 0.00942759 -0.606519  0.333765   9.77966
1.74444e+09  0.00175769 -0.0183758 0.00271642 -0.581396  0.337354   9.75454
1.74444e+09  0.000798948  -0.0226901 -0.00367516 -0.567041  0.337354   9.72583
1.74444e+09  -0.000319579   -0.0270045  -0.00719053 -0.574219   0.31582   9.72224
1.74444e+09  0.000479369  -0.0294013 -0.00862864 -0.631641  0.308643   9.74377
1.74444e+09   0.00335558  -0.0292415 -0.00671117 -0.692651  0.319409   9.79043
1.74444e+09   0.00687096  -0.0257261 -0.00351537 -0.724951  0.322998   9.81555
1.74444e+09   0.0103863 -0.0209324         -0 -0.69624 0.326587  9.81914
1.74444e+09   0.0132625 -0.0158192 0.00207727 -0.642407  0.301465   9.77249
1.74444e+09    0.012144 -0.0110255 0.00239684 -0.581396  0.297876   9.72224
1.74444e+09   0.00719053 -0.00655138  0.00175769 -0.574219  0.294287   9.68994
1.74444e+09   0.00223706 -0.00127832  0.00127832 -0.60293 0.301465  9.70071
1.74444e+09  -0.000479369     0.003036   0.00287621 -0.631641  0.301465   9.72583
1.74444e+09  0.000479369  0.00814927  0.00671117 -0.66394 0.312231  9.77249
1.74444e+09  0.00223706   0.012144  0.0100667 -0.656763  0.319409   9.79761
1.74444e+09  0.00383495  0.0156594  0.0118244 -0.635229   0.31582   9.81914
1.74444e+09  0.00543285  0.0167779  0.0119842 -0.610107  0.319409   9.80837
1.74444e+09  0.00527306  0.0164583  0.0113451 -0.581396  0.330176   9.79761
1.74444e+09  0.00351537  0.0147006 0.00942759 -0.552686  0.330176   9.76531
1.74444e+09  0.00127832  0.0108657 0.00639159 -0.53833 0.312231  9.73301
1.74444e+09  -0.000479369   0.00687096   0.00399474 -0.545508  0.312231   9.72583
1.74444e+09  -0.00127832  0.00383495  0.00351537 -0.584985  0.312231    9.7366
1.74444e+09  -0.00127832  0.00143811  0.00399474 -0.60293 0.326587  9.72583
1.74444e+09  -0.00143811 0.000639159  0.00543285 -0.624463  0.333765   9.73301
1.74444e+09  -0.000798948   0.00015979   0.00735032 -0.631641  0.330176   9.74736
1.74444e+09  -0.00223706          -0  0.00942759 -0.624463  0.333765   9.74377
1.74444e+09  -0.00495348 0.000639159   0.0107059 -0.617285  0.322998   9.73301
1.74444e+09  -0.00751011 0.000639159   0.0126234 -0.617285  0.319409   9.73301
1.74444e+09  -0.00830906 -0.00015979   0.0140615 -0.610107  0.319409   9.73301
1.74444e+09  -0.00671117  0.00111853   0.0147006 -0.617285  0.319409   9.76172
1.74444e+09  -0.00319579  0.00239684   0.0147006 -0.620874  0.333765   9.79402
1.74444e+09  0.00111853 0.00479369  0.0111853 -0.635229  0.333765   9.82632
1.74444e+09  0.00687096  0.0062318 0.00703075 -0.628052  0.337354   9.82273
1.74444e+09  0.00942759 0.00862864 0.00111853 -0.620874  0.337354   9.81196
1.74444e+09    0.0107059   0.0102265 -0.00415453 -0.635229  0.330176   9.77966
1.74444e+09   0.00942759   0.0113451 -0.00591222 -0.656763   0.31582   9.72583
1.74444e+09   0.00575243   0.0111853 -0.00479369 -0.645996  0.319409   9.70071
1.74444e+09   0.00431432   0.0103863 -0.00367516 -0.660352   0.31582   9.69712
1.74444e+09   0.00351537  0.00942759 0.000319579 -0.66394 0.308643  9.70071
1.74444e+09  0.00367516 0.00735032 0.00223706 -0.660352  0.290698   9.70789
1.74444e+09    0.003036 0.00559264 0.00447411 -0.635229  0.294287   9.72224
1.74444e+09  0.00223706 0.00335558 0.00543285 -0.617285  0.308643   9.72583
1.74444e+09           0         -0 0.00399474 -0.584985  0.305054   9.71147
1.74444e+09  -0.00399474 -0.00287621  0.00239684 -0.567041  0.290698   9.68994
1.74444e+09  -0.00703075 -0.00719053 0.000798948 -0.563452  0.265576   9.68994
1.74444e+09   -0.0108657 -0.00958738 0.000479369 -0.567041  0.251221   9.68276
1.74444e+09  -0.0134223  -0.012144 0.00127832 -0.599341  0.269165   9.72942
1.74444e+09  -0.0115049 -0.0123038  0.0046339 -0.656763  0.272754   9.78684
1.74444e+09   -0.0076699 -0.00958738  0.00798948 -0.66394 0.269165  9.82632
1.74444e+09  -0.00271642 -0.00671117  0.00878843 -0.635229  0.265576   9.84067
1.74444e+09  0.000479369 -0.00255663  0.00575243 -0.588574  0.269165   9.82632
1.74444e+09   0.00127832 0.000319579 -0.00015979 -0.545508  0.287109   9.79402
1.74444e+09  0.000958738  0.00111853 -0.00431432 -0.513208  0.290698   9.75813
1.74444e+09  -0.000798948  0.000479369  -0.00798948 -0.516797  0.290698   9.69353
1.74444e+09  -0.00335558 -0.00287621 -0.00862864 -0.556274  0.297876   9.68994
1.74444e+09  -0.00447411 -0.00703075 -0.00639159 -0.631641  0.279932   9.71506
1.74444e+09  -0.00367516  -0.0105461 -0.00223706 -0.699829  0.276343   9.75813
1.74444e+09  -0.000798948   -0.0124636   0.00255663 -0.710596  0.287109   9.76531
1.74444e+09  0.000479369  -0.0139017   0.0046339 -0.660352  0.305054    9.7689
1.74444e+09  0.00287621  -0.015979 0.00351537 -0.563452  0.312231   9.74736
1.74444e+09   0.00415453  -0.0199737 -0.00223706 -0.484497  0.319409   9.72224
1.74444e+09   0.00415453  -0.0252468 -0.00655138 -0.455786  0.322998   9.70789
1.74444e+09  0.00383495 -0.0308394  -0.012144 -0.448608  0.322998    9.7043
1.74444e+09  0.00287621 -0.0365918 -0.0169377 -0.480908   0.31582   9.70789
1.74444e+09  0.00111853 -0.0418649 -0.0170975 -0.567041  0.322998    9.7366
1.74444e+09  0.00127832 -0.0447411 -0.0142213 -0.656763  0.326587   9.75454
1.74444e+09  0.000798948  -0.0455401  -0.0110255 -0.674707  0.322998   9.76172
1.74444e+09  0.000319579  -0.0441019 -0.00894822 -0.645996  0.319409    9.7366
1.74444e+09  -0.00015979  -0.0410659 -0.00830906 -0.577808  0.326587   9.71147
1.74444e+09  -0.000319579   -0.0381897   -0.0092678 -0.488086  0.326587   9.64688
1.74444e+09  -0.00207727  -0.0353135  -0.0111853 -0.423486  0.326587   9.60381
1.74444e+09   -0.003036 -0.0314786 -0.0140615 -0.419897  0.322998   9.62534
1.74444e+09  -0.00207727  -0.0263653  -0.0153398 -0.484497  0.319409   9.69353
1.74444e+09  0.00175769 -0.0186954 -0.0139017 -0.577808  0.308643   9.74736
1.74444e+09  0.00671117 -0.0103863 -0.0127832 -0.613696  0.308643   9.74377
1.74444e+09    0.0102265 -0.00351537  -0.0116646 -0.595752  0.297876   9.70789
1.74444e+09   0.0123038 0.00015979 -0.0116646 -0.567041  0.305054   9.67559
1.74444e+09   0.0127832 0.00127832 -0.0113451 -0.556274  0.312231     9.672
1.74444e+09    0.0108657 0.000798948  -0.0118244 -0.57063  0.34812  9.67559
1.74444e+09    0.0100667 -0.00015979 -0.00990696 -0.574219  0.351709   9.68276
1.74444e+09   0.00958738 -0.00175769 -0.00751011 -0.584985   0.34812    9.7043
1.74444e+09    0.00958738 -0.000319579  -0.00335558 -0.60293 0.337354  9.73301
1.74444e+09    0.0110255  0.00239684 -0.00287621 -0.638818  0.344531   9.79402
1.74444e+09    0.0142213  0.00719053 -0.00143811 -0.631641  0.337354   9.81914
1.74444e+09    0.0161388   0.0119842 -0.00287621 -0.567041  0.340942   9.82991
1.74444e+09    0.0180562   0.0162985 -0.00591222 -0.513208  0.351709   9.81914
1.74444e+09    0.0194943   0.0198139 -0.00942759 -0.47373 0.362476  9.81196
1.74444e+09  0.0196541 0.0204531 -0.012144 -0.452197  0.358887   9.79043
1.74444e+09   0.0188552  0.0199737 -0.0131028 -0.448608   0.34812   9.77607
1.74444e+09   0.0166181  0.0180562 -0.0123038 -0.477319  0.337354   9.77249
1.74444e+09   0.0142213  0.0153398 -0.0108657 -0.534741  0.340942   9.80837
1.74444e+09    0.0111853   0.0132625 -0.00671117 -0.574219  0.344531   9.84426
1.74444e+09   0.0110255 0.00846885  -0.003036 -0.592163  0.340942   9.87297
1.74444e+09     0.0124636   0.00335558 -0.000479369 -0.567041  0.337354   9.84426
1.74444e+09    0.0135821 -0.00335558 0.000479369 -0.488086  0.333765   9.77966
1.74444e+09    0.0134223  -0.0142213 -0.00175769 -0.391187  0.337354   9.68276
1.74444e+09    0.0132625  -0.0247674 -0.00511327 -0.34812 0.355298  9.58945
1.74444e+09    0.0119842   -0.036432 -0.00798948 -0.358887  0.376831   9.52485
1.74444e+09   0.00974717  -0.0449009 -0.00974717 -0.398364  0.376831   9.49973
1.74444e+09  0.00846885 -0.0488956 -0.0103863 -0.459375  0.351709   9.49614
1.74444e+09   0.00575243  -0.0498544 -0.00910801 -0.455786   0.34812   9.47461
1.74444e+09  0.00255663 -0.0479369 -0.0092678 -0.437842  0.344531   9.44949
1.74444e+09   0.00415453  -0.0439422 -0.00782969 -0.437842  0.337354   9.48538
1.74444e+09    0.0102265  -0.0393083 -0.00543285 -0.419897  0.297876   9.43154
1.74444e+09    0.0108657  -0.0330765 -0.00591222 -0.419897  0.251221   9.35259
1.74444e+09   0.00607201  -0.0257261 -0.00974717 -0.427075  0.251221   9.24492
1.74444e+09  -0.00367516  -0.0206129  -0.0137419 -0.423486  0.297876    9.1552
1.74444e+09   -0.015979 -0.0199737 -0.0142213 -0.441431  0.319409   9.08701
1.74444e+09  -0.0279632  -0.022051 -0.0119842 -0.466553  0.340942   9.04753
1.74444e+09   -0.0381897  -0.0262055 -0.00862864 -0.470142  0.366064   9.05112
1.74444e+09   -0.0439422    -0.03036 -0.00127832 -0.484497  0.376831    9.0583
1.74444e+09  -0.0445813 -0.0321177 0.00814927 -0.541919  0.376831   9.08342
1.74444e+09  -0.0500142 -0.0295611   0.019015 -0.559863  0.340942   9.21262
1.74444e+09  -0.0655138  -0.033396  0.0294013 -0.498853  0.244043   9.72224
1.74444e+09   -0.090441 -0.0548079  0.0393083 -0.462964  0.208154   10.0919
1.74444e+09   -0.120481 -0.0814927  0.0488956 -0.430664  0.251221   10.1673
1.74444e+09  -0.138538 -0.108018 0.0576841 -0.384009  0.358887    9.7689
1.74444e+09  -0.127512 -0.108657 0.0715858 -0.355298  0.527563   9.16956
1.74444e+09   -0.108657 -0.0985902  0.0830906 -0.305054  0.477319    9.1552
1.74444e+09  -0.0913997 -0.0840494  0.0867658 -0.279932  0.427075   9.05471
1.74444e+09  -0.0794155 -0.0661529  0.0862864 -0.358887  0.351709   9.02959
1.74444e+09  -0.0659931 -0.0453803  0.0893224 -0.41272 0.373242  9.03677
1.74444e+09  -0.0484163 -0.0279632   0.095714 -0.491675  0.312231   9.11572
1.74444e+09  -0.0373908 -0.0092678   0.101626 -0.671118  0.261987   9.21621
1.74444e+09  -0.037231 0.0150202  0.103703 -0.825439  0.233276   9.44949
1.74444e+09  -0.0447411  0.0417051  0.0977913 -0.850562  0.269165   9.58228
1.74444e+09  -0.0552872  0.0664725  0.0861266 -0.832617   0.31582   9.70071
1.74444e+09  -0.0650344  0.0846885  0.0752609 -0.789551  0.330176   9.71865
1.74444e+09  -0.071426 0.0979511 0.0699879 -0.771606  0.305054   9.74736
1.74444e+09  -0.0715858   0.108337  0.0677508 -0.850562  0.269165   9.84426
1.74444e+09  -0.0687096   0.115848  0.0720651 -0.739307   0.19021   10.2785
1.74444e+09  -0.0773382  0.0754207  0.0845287 -0.179443  0.143555   11.2655
1.74444e+09  -0.0655138 0.00415453     0.1061 -0.247632  0.179443   11.1686
1.74444e+09  -0.0631169 -0.0383495   0.118884 -0.272754  0.172266   10.7917
1.74444e+09  -0.0629571 -0.0731837    0.12943 -0.0933105   0.161499     10.781
1.74444e+09  -0.0671117   -0.11377   0.138378 0.132788  0.12561  10.6769
1.74444e+09  -0.0738228  -0.161068    0.14461   0.38042 0.0861328   10.6159
1.74444e+09  -0.0749414  -0.212041   0.149244  0.567041 0.0861328   10.5118
1.74444e+09  -0.0647148   -0.25838   0.150202 0.584985 0.107666  10.3539
1.74444e+09  -0.0442617  -0.286503   0.144769 0.495264 0.143555  10.1601
1.74444e+09  -0.0167779  -0.291297   0.131347 0.355298 0.147144  9.94116
1.74444e+09  0.0100667 -0.275318  0.111214 0.211743 0.143555  9.72583
1.74444e+09   0.031159 -0.246715 0.0882039 0.118433 0.147144  9.56433
1.74444e+09  0.0410659 -0.215077 0.0655138 0.0322998  0.136377    9.3813
1.74444e+09  0.0381897 -0.188392 0.0503337 -0.122021  0.111255   9.29517
1.74444e+09  0.0322775 -0.163145 0.0444215 -0.294287 0.0968994   9.23774
1.74444e+09  0.0234891 -0.140934 0.0445813 -0.448608 0.0968994   9.21621
1.74444e+09  0.0150202 -0.115049 0.0468184 -0.549097  0.139966   9.19109
1.74444e+09   0.0046339 -0.0869256  0.0482565 -0.617285  0.175854   9.25928
1.74444e+09  -0.00846885   -0.058483   0.0508131 -0.710596  0.204565   9.34182
1.74444e+09   -0.025087 -0.0316384  0.0556068 -0.800317  0.172266   9.46743
1.74444e+09   -0.0431432 -0.00974717   0.0616788 -0.861328  0.132788   9.58228
1.74444e+09  -0.0602407 0.00383495  0.0690291 -0.825439 0.0645996   9.63252
1.74444e+09  -0.0741424 0.00655138  0.0754207 -0.735718 0.0466553    9.6397
1.74444e+09  -0.0819721 0.00223706  0.0813329 -0.595752 0.0502441   9.68635
1.74444e+09    -0.082771 -0.00271642   0.0824515 -0.484497 0.0825439   9.66482
1.74444e+09  -0.0747816 0.00127832  0.0784567 -0.423486  0.118433   9.61458
1.74444e+09  -0.0632767  0.0148604  0.0695085 -0.312231  0.165088   9.56433
1.74444e+09  -0.0541687  0.0388289  0.0533697 -0.322998  0.179443   9.46025
1.74444e+09  -0.0421845  0.0743022  0.0353135 -0.405542  0.211743   9.43872
1.74444e+09  -0.0257261   0.119363  0.0164583 -0.459375  0.154321   9.32388
1.74444e+09  -0.00751011    0.166341 -0.00239684 -0.416309  0.100488   9.40283
1.74444e+09   0.0148604   0.208206 -0.0185356 -0.258398 0.0430664   9.56433
1.74444e+09   0.0346744   0.241442 -0.0319579   -0.12561 -0.0322998    9.60022
1.74444e+09   0.0512925   0.267967 -0.0428236 -0.0645996 -0.0394775    9.61816
1.74444e+09  0.0570449  0.287621 -0.052411  0.0645996 0.00358887     9.9304
1.74444e+09   0.0557666   0.292735 -0.0589624 0.0933105  0.053833   10.1134
1.74444e+09   0.0466586   0.292255 -0.0632767 0.0861328 0.0574219   10.1457
1.74444e+09   0.0314786   0.284585 -0.0677508 0.0933105 0.0287109   10.1565
1.74444e+09   0.0135821   0.267168 -0.0691889  0.111255 0.0251221   10.1996
1.74444e+09  -0.00143811    0.237128  -0.0661529  0.053833 0.0179443   10.2462
1.74444e+09  -0.0108657   0.209964 -0.0602407 -0.165088 0.0143555   10.1314
1.74444e+09   -0.012943   0.200856 -0.0560862  -0.491675 0.00717773    9.88374
1.74444e+09  -0.00846885    0.208526  -0.0544883 -0.599341 -0.053833   9.71865
1.74444e+09  -0.0076699   0.216515 -0.0536893  -0.707007 -0.0466553    9.68635
1.74444e+09  -0.00575243    0.223546  -0.0527306 -0.785962        -0   9.64688
1.74444e+09  -0.00942759    0.224025  -0.0512925  -0.753662 -0.0215332    9.69353
1.74444e+09  -0.0107059   0.211082 -0.0492152 -0.660352 0.0358887   9.79402
1.74444e+09  -0.00703075    0.196381  -0.0460194 -0.717773 0.0143555   9.74736
1.74444e+09  0.00351537   0.184397 -0.0407464   -0.735718 -0.00358887      9.8012
1.74444e+09   0.0162985   0.171934 -0.0385093  -0.735718 -0.0179443    9.79043
1.74444e+09   0.0282828    0.15947 -0.0375506  -0.775195 -0.0143555    9.80479
1.74444e+09   0.0391485   0.146048 -0.0386691 -0.829028        -0   9.76531
1.74444e+09   0.0476173   0.136301 -0.0391485  -0.976172 0.00358887    9.71147
1.74444e+09   0.0540089   0.134383 -0.0365918  -1.14126 0.0502441   9.71147
1.74444e+09   0.0629571   0.138697 -0.0308394 -1.31353 0.154321  9.77966
1.74444e+09   0.0663127   0.146208 -0.0257261 -1.37095 0.129199  9.59663
1.74444e+09   0.0634365   0.145728 -0.0223706  -1.3207 0.136377  9.53921
1.74444e+09   0.0621582   0.137898 -0.0169377 -1.34224 0.218921   9.4459
1.74444e+09    0.0631169    0.122559 -0.00575243 -1.28481 0.218921  9.36335
1.74444e+09   0.0639159   0.104662 0.00479369 -1.22021 0.208154  9.26287
1.74444e+09  0.0604005 0.0882039 0.0105461 -1.16997 0.175854  9.23057
1.74444e+09   0.0508131  0.0802144 0.00878843 -1.18792 0.193799  9.26287
1.74444e+09   0.0351537  0.0816525 0.00207727 -1.22021 0.197388  9.29875
1.74444e+09    0.0154996   0.0906007 -0.00607201 -1.24175 0.236865  9.29158
1.74444e+09  -0.00607201    0.102425  -0.0100667 -1.20586 0.265576  9.28799
1.74444e+09   -0.0268447    0.110255 -0.00846885 -1.16638 0.269165  9.27363
1.74444e+09    -0.0426638     0.112652 -0.000479369 -1.16997  0.25481  9.30234
1.74444e+09  -0.0519316   0.112492  0.0118244 -1.15562 0.244043  9.32388
1.74444e+09  -0.055447   0.11425 0.0228499 -1.04436  0.22251  9.37771
1.74444e+09  -0.0611994   0.122399  0.0217314 -0.807495  0.200977   9.35259
1.74444e+09  -0.0691889   0.139177 0.00830906 -0.620874  0.193799    9.4136
1.74444e+09   -0.0768588    0.160429 -0.00990696 -0.491675  0.161499   9.46384
1.74444e+09   -0.086606   0.182799 -0.0298807 -0.434253  0.136377   9.53921
1.74444e+09  -0.0869256   0.196222 -0.0444215 -0.764429  0.122021   10.2031
1.74444e+09    0.105301  -0.118884 0.00127832 0.843384  2.68447  17.6788
1.74444e+09      0.13678   -0.457318 -0.00735032 1.96311 1.20227  11.269
1.74444e+09  0.0671117 -0.540888 -0.112652 0.387598 -0.69624  9.30234
1.74444e+09    0.05321 -0.472178 -0.145728 -0.95105 0.358887  9.29517
1.74444e+09  0.0469782  -0.38014 -0.125595  -1.18433 0.0358887   9.74377
1.74444e+09  0.0586428 -0.309193 -0.100348 -1.0946 0.57063  10.135
1.74444e+09  0.0838896 -0.282668 -0.082771 -0.516797   0.15791   10.8025
1.74444e+09   0.0789361  -0.262375 -0.0913997 -0.613696  0.111255   9.58945
1.74444e+09   0.0667921  -0.208206 -0.0910801   -1.03718 -0.0179443    9.82273
1.74444e+09   0.0691889  -0.160269 -0.0685498  -1.2238 0.236865  9.91604
1.74444e+09   0.0770186  -0.142373 -0.0421845 -1.08025 0.114844  10.1529
1.74444e+09   0.0715858  -0.141893 -0.0233293  -1.07307 0.0968994   9.87297
1.74444e+09    0.0604005   -0.146208 -0.00271642 -1.27046       -0  9.81555
1.74444e+09  0.0412257 -0.138218 0.0218912  -1.46426 -0.107666   9.50332
1.74444e+09  0.0258859 -0.125115 0.0560862   -1.57192 0.00358887    9.71506
1.74444e+09  0.0183758 -0.127992 0.0937965  -1.4499 0.053833  9.66482
1.74444e+09  -0.0116646  -0.158352   0.121121  -1.03718 -0.427075   9.82273
1.74444e+09   -0.05321 -0.213639  0.146847 -1.97029 0.111255  9.36694
1.74444e+09  -0.0450607  -0.168099   0.193985   -1.68318 -0.0143555    9.49255
1.74444e+09  -0.0643952  -0.205809   0.224824 -1.51809 0.322998  9.87297
1.74444e+09  -0.0594418  -0.189511   0.248153  -1.10896 0.0107666   9.27004
1.74444e+09  -0.0843689  -0.187273   0.247035 -1.16638 0.308643  10.2319
1.74444e+09  -0.112971 -0.137259  0.247834 -1.02283 0.707007  10.6625
1.74444e+09  -0.115848 -0.119842  0.259339 -0.69624 0.520386  9.99858
1.74444e+09  -0.107698 -0.104023  0.271483 -0.685474  0.269165    9.3813
1.74444e+09   -0.122079 -0.0441019   0.270843 -0.95105 0.376831  9.44949
1.74444e+09     -0.12176 -0.00191748    0.280111 -0.581396  0.689063   10.2067
1.74444e+09  -0.0754207 -0.0132625   0.262854   1.20227 0.0968994   12.2703
1.74444e+09   0.0139017 -0.0527306    0.18999  0.811084 -0.405542   9.88733
1.74444e+09   -0.0062318 -0.00399474    0.145728  0.197388 -0.208154     9.026
1.74444e+09  0.0198139 0.0169377  0.110415 0.678296 -0.12561  10.1601
1.74444e+09  0.0236489 0.0391485 0.0639159  0.369653 -0.143555   9.53921
1.74444e+09   0.019015 0.0503337 0.0410659   0.294287 -0.0143555    9.88733
1.74444e+09  0.0196541 0.0557666  0.019015 0.122021 0.204565  9.87656
1.74444e+09   0.0154996  0.0624778 0.00447411 -0.0897217   0.183032    9.49614
1.74444e+09   0.00719053    0.065354 -0.00127832 -0.172266  0.150732   9.70789
1.74444e+09   0.00655138   0.0618386 -0.00527306 -0.491675  0.179443   9.93757
1.74444e+09   0.00415453     0.05321 -0.00111853 -0.516797  0.150732   9.70071
1.74444e+09    0.00255663    0.0388289 -0.000639159 -0.549097  0.197388   9.81914
1.74444e+09   -0.0046339 -0.00271642 -0.00223706 -0.60293 0.175854  9.89451
1.74444e+09  -0.000958738   -0.0161388  -0.00239684 -0.592163 0.0251221   9.67917
1.74444e+09  0.00399474 -0.0161388 0.00015979 -0.57063 0.132788  9.83708
1.74444e+09  0.000798948  -0.0140615  0.00015979 -0.366064  0.258398   9.79402
1.74444e+09  -0.00399474   -0.015979 0.000479369 -0.305054  0.211743   9.70071
1.74444e+09  -0.00255663  -0.0092678 -0.00127832 -0.509619  0.132788   9.74736
1.74444e+09  -0.00191748 -0.00575243 0.000319579 -0.455786  0.154321   9.77966
1.74444e+09   -0.00255663  -0.00751011 -0.000958738 -0.434253  0.165088   9.75813
1.74444e+09   -0.00255663   -0.0156594 -0.000319579 -0.484497  0.183032   9.76531
1.74444e+09   -0.00431432   -0.0196541 -0.000319579 -0.452197  0.136377   9.76531
1.74444e+09   -0.00431432   -0.0231695 -0.000639159 -0.448608   0.15791   9.79402
1.74444e+09  -0.00399474  -0.0223706 -0.00015979 -0.47373 0.175854  9.73301
1.74444e+09  -0.00383495  -0.0175769 0.000319579 -0.459375  0.147144   9.76172
1.74444e+09  -0.00127832 -0.00830906 0.000958738 -0.462964  0.150732    9.7689
1.74444e+09  0.000958738  0.00015979  0.00111853 -0.41272 0.139966  9.72942
1.74444e+09   0.00287621  0.00878843 0.000639159 -0.376831  0.172266   9.72583
1.74444e+09  0.00255663  0.0174171         -0 -0.466553  0.143555    9.7366
1.74444e+09   0.0046339  0.0233293 0.00015979 -0.441431  0.154321   9.76172
1.74444e+09  0.00399474  0.0234891         -0 -0.430664  0.168677   9.76172
1.74444e+09    0.00271642    0.0194943 -0.000639159 -0.47373 0.154321   9.7689
1.74444e+09    0.00191748    0.0119842 -0.000479369 -0.480908  0.172266   9.77966
1.74444e+09   0.000958738   0.00415453 -0.000319579 -0.455786  0.168677   9.77249
1.74444e+09  -0.00143811 -0.00271642          -0 -0.488086  0.168677   9.79402
