-0.0348354936175   0.427726208902 0.00343713748257 0.429156189879  -3.00127730447 0.0288657597673   9.26942553889  0.0783920423056  0.0659760558364 -0.0335361406907 1744440055.86
-0.0308163969076   0.430572311851 0.00178498793337 0.431677370536   -3.0863218406 0.0235594586402   9.26402545557   0.165535285156  0.0802549101013 -0.0630490868777 1744440055.9
  -0.0252264997505     0.432384846716 -0.000222736534954 0.433120169896  -3.19484702369 0.0163729850524   9.25510613965   0.215629161146  0.0187754883332 -0.0717118101768 1744440055.92
  -0.018287728933    0.431663221161 -0.00238167234016 0.432056998434   -3.31833657471 0.00780121839257    9.24151597847   0.182063141253 -0.0642995251586 -0.0530050822847 1744440055.96
 -0.0104218978081    0.427156282227 -0.00453288486451 0.427307444874    -3.44865705906 -0.00144659944111     9.22201723027   0.265835625249  -0.223287292361 -0.0696357448127 1744440056
-0.00225971242244    0.418200569549 -0.00658021746194 0.418258439166    -3.5791098743 -0.0104914561477    9.19545091843   0.284438355575  -0.399393882351 -0.0710668237068 1744440056.02
 0.00541909880983    0.404913159893 -0.00849075233184 0.405038426031   -3.70508615886 -0.0183874757184    9.16093215938   0.229870358284   -0.49041242215 -0.0604503347056 1744440056.06
 0.0118051526082   0.388194158203 -0.0102789361877 0.388509617153  -3.82425474616 -0.024269506152   9.11805871291   0.171678037409  -0.562818394869 -0.0554994155645 1744440056.08
 0.0162077124683   0.369544452784 -0.0119784538564 0.370093604219   -3.93631103016 -0.0275128357787     9.0671071774 0.0858560313706   -0.5034156853 -0.044771021898 1744440056.12
 0.0181914654199   0.350748098919 -0.0136091827199 0.351483097977   -4.04239398211 -0.0278628929677     9.0091850065  0.0274072690272  -0.677861737831 -0.0596067718014 1744440056.15
 0.0176652566061   0.333495133122 -0.0151483975938 0.334306055968   -4.14432714395 -0.0254972019775    8.94630201192 -0.0511792355711  -0.493421501266 -0.0451975577155 1744440056.17
 0.0149011987837   0.319026478127 -0.0165148927121 0.319801002426   -4.24385342836 -0.0209993459544    8.88132356759 -0.0886766278039  -0.316336351961 -0.0299156623197 1744440056.22
 0.0104821880987    0.30787095521 -0.0175716545129 0.308550100261  -4.34201581272 -0.015248870498   8.81777370725  -0.191724282864  -0.381266130921 -0.0322506919529 1744440056.25
0.00519344921452   0.299721484191 -0.0181478712594 0.300315309685    -4.43879326652 -0.00925312725255     8.75947528703   -0.161359051212   -0.219281132659 -0.00767582024479 1744440056.27
-0.000115224735993     0.293469453266   -0.0180757714829 0.294025622679    -4.53304224613 -0.00395976284111     8.71004867924 -0.119279366775 -0.149203805716 0.0110604000183 1744440056.32
-0.00466677565404    0.287387556577  -0.0172335636614 0.287941629826     -4.62272886264 -8.91937752376e-05       8.6723349166  -0.15690109844 -0.284232673573 0.0504348749404 1744440056.35
-0.00786772444554    0.279425487091  -0.0155837790289 0.279970280731   -4.70537651524 0.00198277449292    8.64785063069 -0.0707421454418  -0.297874261254  0.0606496329021 1744440056.37
-0.00937493645346    0.267562883304   -0.013197098237 0.268052139252   -4.77860991017 0.00227581916278    8.63640362968 -0.0149772656627  -0.352521191883  0.0641736578577 1744440056.42
-0.00911139015015    0.250153220286  -0.0102549974466 0.25052907221   -4.84065884621 0.00118636177461    8.63598621629 0.0442645980174 -0.855720439461  0.127579810588 1744440056.45
-0.00723500273859    0.226193818613 -0.00702936261433 0.226418640536       -4.890699118 -0.000593937428477      8.64301511483 0.0747611435113 -0.811523170116 0.0951697648711 1744440056.47
-0.00407389880576     0.19547186105 -0.00384234985629 0.195552061523    -4.92895101795 -0.00220895212171     8.65291153567 0.0860454823852 -0.809640195248 0.0720112268522 1744440056.52
-4.73612741388e-05     0.158562104811   -0.0010140452998 0.158565354391    -4.95651761774 -0.00279959613278     8.66093199621 0.177697117728 -1.65075777519  0.10547614056 1744440056.55
 0.0044073672877   0.116683211429 0.00119189732813 0.116772502478      -4.975008966 -0.00167274867155     8.66309341691  0.131541646035  -1.28262921754 0.0534155385768 1744440056.57
0.00888669242445  0.0714484138218 0.00261383457225 0.0720463827758   -4.98604767458 0.00154991822135    8.65700430915  0.102667332949   -1.0950920505 0.0241037623567 1744440056.62
 0.0130436490351  0.0245650739861 0.00321948367821 0.0279990127549  -4.99077427923 0.0068321970791   8.64242720351   0.16152591866    -1.970174331 0.0103830933016 1744440056.65
 0.0165856520327 -0.0224578318224 0.00310873357422 0.0280909645251 -4.98946395263 0.013697606976  8.62145268292  0.0915241028753   -1.37103377982 -0.0107401782559 1744440056.67
 0.0192592432218 -0.0685447115654 0.00249009559973 0.0712425189698  -4.98133468796 0.0212912902454   8.59824764016  0.0504589288627   -1.07668396076 -0.0174957901736 1744440056.72
 0.0208382831442  -0.113199744344 0.00163420481807 0.115113364947 -4.96458131049 0.028525516869   8.5784277623 0.0391135754711  -1.84008520739 -0.035066544244 1744440056.75
  0.0211300030097   -0.156553986375 0.000812900915165 0.157975594586 -4.93662120179 0.034284486201  8.56817472081 -0.0122833766518   -1.27004192005 -0.0206143494858 1744440056.77
   0.020005373011   -0.199318636145 0.000236388805161 0.200320217511   -4.8944961798 0.0376469197864   8.57325707137  -0.0435312157908    -1.01818345875 -0.00958001401349 1744440056.82
  0.0174486956365   -0.242658778211 2.74719941477e-06 0.243285305001  -4.83534704378 0.0380766549295   8.59811678652   -0.132013118639    -1.83065550012 -0.00337678173714 1744440056.85
  0.0136099992814   -0.288004716848 7.28006600207e-05 0.288326124912  -4.75686599262 0.0355358724876   8.64515792938  -0.127838967382     -1.397778011 0.00409837447972 1744440056.87
 0.00883695432277   -0.336818664599 0.000278830005375 0.336934685555  -4.65763786846 0.0304928384977   8.71433332363  -0.116464041995   -1.19828561202 0.00346021519058 1744440056.92
 0.00366406899064   -0.390337290588 0.000368300099049 0.390354661136  -4.53730249242 0.0238220168517   8.80308111724   -0.200918460597    -2.24015923392 -0.00405652312141 1744440056.95
-0.00125298170223   -0.449317353315 7.51152314451e-05 0.449319106644  -4.39650437231 0.0166217921836   8.90662152316  -0.135282347526   -1.87340073957 -0.0176810144856 1744440056.97
   -0.005252920251    -0.513820468885 -0.000797124798084 0.513847937453   -4.23663823857 0.00999560399557     9.0185835017  -0.076296332848   -1.55632920609 -0.0276421772637 1744440057.02
-0.00781040723442   -0.583078865718 -0.00230064140309 0.583135712385  -4.05944243749 0.0048498250801   9.13188772393 -0.0604184656774   -2.50783455724 -0.0619986606254 1744440057.05
-0.00866578316274   -0.655480728762 -0.00429924831369 0.655552107091   -3.86652845559 0.00175424010658    9.23976550773 -0.0014482861692   -2.29031479465 -0.0655947126165 1744440057.07
-0.00790248966673   -0.728697709241 -0.00647117124237 0.728769289181    -3.65895491181 0.000891253408609     9.33675153713 0.0325508158777  -1.72681243784  -0.04860864007 1744440057.12
-0.00594251572796   -0.799949368061 -0.00836594596725 0.80001518361  -3.43695192538 0.0020942295071   9.41946663165  0.0536175516467   -1.65867830888 -0.0366028190786 1744440057.16
-0.00345229976292   -0.866365939833 -0.00950915956732 0.866425002058     -3.199875089 0.00495123606185    9.48702221048  0.0799569230851   -2.10503423525 -0.0196154631079 1744440057.2
-0.00117814147134   -0.925381544948 -0.00953476792609 0.925431414826   -2.94642073611 0.00893476261923    9.54093879737 0.0599024915466  -1.76017745165 0.0193600206142 1744440057.22
0.000247289325696   -0.975074828662 -0.00831348107098 0.975110299715  -2.67507401792 0.0135152362823   9.58457029545 0.0204699859119  -1.10210374611 0.0432654678621 1744440057.26
 0.00047487310231    -1.01437982574 -0.00604094779258 1.0143979246  -2.38470091964 0.0182273329036   9.62214145319 -0.0128989697474    -1.2367197979  0.0919598182456 1744440057.3
-0.000462397824478     -1.04311779381  -0.00325395285908 1.04312297155  -2.07514987301 0.0226798914294   9.65760599656 -0.0374522322609   -0.67704165885  0.0753673393924 1744440057.32
 -0.00215078991504     -1.06184517393 -0.000757170997108 1.06184762212  -1.74771257547 0.0265252700198   9.69358633653 -0.0448657260883  -0.371478678101  0.0494863133613 1744440057.37
-0.00389776799771    -1.07156192883 0.000535215838865 1.07156915146  -1.40531581379 0.0294225853724   9.73064344289 -0.0563450074816  -0.235436840872  0.0116930113274 1744440057.39
 -0.00490729042625     -1.07336317351 -0.000185127560748 1.07337440719  -1.05237478796 0.0310331794531   9.76704751687 -0.00760530470655   0.0446303779092  -0.0511451634031 1744440057.42
-0.00448228777274     -1.0681317785 -0.00339564039372 1.06814658054 -0.694319920544 0.0310729127388   9.79909706593 0.0353002142018  0.222073494294 -0.115921183103 1744440057.47
-0.00220359436323    -1.05635423331 -0.00906370389414 1.05639541498  -0.33689148657 0.0294188467989   9.82190091013  0.138908782124   0.64798562793 -0.284123031569 1744440057.49
 0.0019554391095   -1.03810088749 -0.0165633210128 1.0382348578 0.0146429939103 0.0262378457582   9.83043228921  0.120949642661  0.532917454596 -0.193142387301 1744440057.52
0.00759994112587   -1.01315877557 -0.0247187997398 1.01348876791  0.356170745548 0.0220837795531   9.82061405468  0.154555120572  0.731215466007 -0.198306474763 1744440057.58
 0.0139699574915  -0.981259020168 -0.0319789007586 0.981879358407 0.685157526551 0.017907740722  9.79020722795  0.295312664076   1.67827446747 -0.283714742966 1744440057.6
 0.0200654004545  -0.942317038448 -0.0366946985738 0.943244677773   1.00071413047 0.0149451321432   9.73934009967   0.132729360498    1.03612694674 -0.0669502098258 1744440057.62
 0.0248136729314  -0.896609582184 -0.0374485950392 0.897734291703  1.30328987437 0.014480207485  9.67060613221 0.0919834174097   1.24755592559 0.0425982506571 1744440057.68
 0.0272521751341  -0.844843998308 -0.0333664461797 0.845941713274  1.59406658612 0.017531612286  9.58874828897 0.0465859495768   2.68018355852  0.323751880922 1744440057.7
 0.0266994230117  -0.788118579923 -0.0243434605295 0.788946360204   1.87420080965 0.0245372380862   9.50001497442 -0.0533824670913    1.43229291917    0.27215616282 1744440057.72
 0.0228902884006  -0.727811200404 -0.0111285388527 0.728256104069   2.14410306655 0.0351302029921   9.41131147407 -0.136326552944   1.57063727636  0.372655634147 1744440057.78
 0.0160523888608  -0.665452610902 0.00476075414937 0.665663219146   2.40294048735 0.0480831956864    9.3292845983 -0.399863931924   3.13110751745  0.810763098528 1744440057.8
0.00690451719632  -0.602635698455  0.0212841704696 0.60305097075   2.64850245524 0.0614581176264   9.25947493114 -0.237940365331    1.5199302079  0.384414275753 1744440057.82
-0.00343223254929   -0.540987539036    0.036239930107 0.542210872398   2.87748739716 0.0729430471013   9.20565511709 -0.262621143259   1.54230816281  0.337844345987 1744440057.88
-0.0136032423293  -0.482198765903  0.0476660166478 0.484739875793   3.08616941578 0.0803053527272   9.16944314487 -0.483977576208   2.90527729315  0.461976643266 1744440057.9
-0.022241487378 -0.428077140619 0.0541941429368 0.432066808734   3.27130763371 0.0818545468026   9.15023459135 -0.177637426817   1.23693896803 0.0926571779664 1744440057.92
-0.0281970432185  -0.380578058291  0.0552782661068 0.385603965751   3.43109160261 0.0768021686741   9.14544045247  -0.107289454829    1.09146833135 -0.0372377122814 1744440057.98
-0.0307256161754  -0.341767093502  0.0512494961621 0.346951467135   3.56589204118 0.0654308609881   9.15095903595 -0.0363907956737    1.74055578623  -0.314491164747 1744440058
-0.0295955839862  -0.313686467149  0.0431920034449 0.31802617412   3.67861744454 0.0490336683133   9.16176827904 0.0684971151041  0.530820246585 -0.225876512905 1744440058.02
-0.025093778062 -0.298123011681 0.0326779117623 0.300956597715   3.77455990764 0.0296432198871   9.17251331069  0.146871194121  0.218971691737 -0.274116948238 1744440058.08
-0.0179359629266  -0.296303024714  0.0214307604619 0.297617974448       3.86072933 0.00962214495128    9.17798781836  0.419458152305   -0.2739763046 -0.568938227516 1744440058.1
-0.00911032056011   -0.308562881778   0.0109985143523 0.308893213376     3.94479516076 -0.00878322992755     9.17345889674   0.22191754598  -0.45932365339 -0.230227676987 1744440058.12
0.000305247253231   -0.334058576061  0.00250647294505 0.334068118536    4.03384814562 -0.0238214612001    9.15484598896  0.231644592995 -0.779849536253 -0.181904415674 1744440058.18
 0.00931104859886   -0.370579853597 -0.00346730308577 0.370713023387    4.13323749023 -0.0344671821914    9.11881459349  0.445683654783  -2.13428083693 -0.249144806894 1744440058.2
  0.0171083434002   -0.414524901722 -0.00688674598916 0.414934954941    4.24572151825 -0.0404685057052    9.06286776109   0.168325602754   -1.09962568604 -0.0568741203067 1744440058.22
  0.0231629928181   -0.461070862783 -0.00814761985944 0.461724212548    4.37109796073 -0.0422228671904    8.98550542546   0.126631878195   -1.12815768648 -0.0127985791296 1744440058.28
  0.0272129193971   -0.504546113141 -0.00790800712268 0.505341330038     4.5063721773 -0.0405341693749    8.88647751429  0.162220810091  -2.08146134259 0.0330622554144 1744440058.3
  0.0292345774365   -0.538975594391 -0.00691016899656 0.539812099071    4.64640413091 -0.0363268293476    8.76709659365  0.026399169456 -0.657464499485 0.0251484616483 1744440058.32
  0.0293887733363   -0.558735193731 -0.00583523815033 0.559537993988    4.78487514593 -0.0303931471123     8.6305205693 -0.0158841089503  -0.253127649415  0.0212123882733 1744440058.38
 0.027964115027 -0.559221562509 -0.005213533573 0.559944576397    4.91535569752 -0.0232315638307    8.48188584814 -0.109882360632  0.576764096403 0.0119915926112 1744440058.39
  0.0253292890192   -0.537427271417 -0.00539222180209 0.538050853545    5.03224810843 -0.0150020734514    8.32817911157 -0.0735010233396   0.810512202137 -0.0161330110514 1744440058.41
  0.0218966895815   -0.492314706853 -0.00654529519099 0.492844880756      5.1314226052 -0.00559098802601     8.17778306272 -0.0900910525316    1.40085120704 -0.0412179556383 1744440058.48
  0.0180930789642   -0.424909398608 -0.00870289224776 0.425383470372    5.21044846617 0.00525022465286    8.03970815239 -0.192976716365   3.93357309246 -0.133481987577 1744440058.49
0.0143302409192 -0.338082738231 -0.011779007451 0.338591256105   5.26842164246 0.0177416626438   7.92260900563 -0.0860731891427    2.28221181458 -0.0831844304544 1744440058.52
 0.0109705360247  -0.236056727896 -0.0155863908576 0.236824971288   5.30548129032 0.0319358618445   7.83375677623 -0.0774447681493    2.74729778323  -0.103316439822 1744440058.58
0.00828762340164  -0.123725201786 -0.0198402586374 0.125579640553   5.32216940727 0.0476372766807   7.77817383799 -0.124890592202   6.32823142849 -0.235845583141 1744440058.59
 0.00642888561833 -0.00593038825502  -0.0241629230818 0.025697216328   5.31880860715 0.0643934479645   7.75812009659  -0.034999123671    2.86159984131 -0.0998459796101 1744440058.61
0.00539045840329    0.11315292629 -0.0281053306452 0.116715686095  5.29505217379 0.081549675379  7.77304979075 -0.0174775344768    2.92354052174 -0.0870176022738 1744440058.68
0.00501607063356    0.23039710194 -0.0311970829969 0.232553743325   5.24970666087 0.0983442895329   7.82004930162 -0.00931109675969      5.8996483544   -0.125849940833 1744440058.69
0.00502645065424   0.343793609457 -0.0330253046143 0.345412770254  5.18085569479 0.114016799224  7.89464882446 0.000748049005389     2.68171028455  -0.0257721856555 1744440058.72
0.00507794767302    0.45222253304  -0.033328903957 0.453477475494  5.08624193131 0.127905616907  7.99180733286 -0.0023889650142    2.70398745414   0.012053839188 1744440058.78
0.00483984807607   0.555002659099  -0.032083776607 0.555950307544   4.9638081557 0.139521708493  8.10682868353 -0.025453701024   5.04316396093 0.0956749534918 1744440058.79
0.00407284816879   0.651363773526 -0.0295509524429 0.652046480203 4.81226888295 0.14859407298 8.23598945833 -0.0260226258017    2.23818583547  0.0703887212949 1744440058.82
0.00268887471209   0.740006207643 -0.0262655987727 0.740477075321 4.63158399919 0.15508849341 8.37673978442 -0.0423720129496    2.15303860685  0.0847218929949 1744440058.88
0.000775849455711     0.81889335312   -0.022958677195 0.819215494596  4.42323261731 0.159201686116  8.52745422794 -0.110564605631   3.91045412687  0.157244817743 1744440058.89
-0.00142098883127     0.88536405306  -0.0204205569518 0.885600657637  4.19023009597 0.161330978892  8.68682952762 -0.0525881108485    1.42742350401  0.0439977171971 1744440058.91
-0.00355940881076    0.936567280662  -0.0193315937324 0.936773532458  3.93688348507 0.162018348112  8.85311863502 -0.0482383366564    1.05668369555 0.00406807245122 1744440058.98
-0.00529072493325    0.970132461933  -0.0200942113951 0.97035496742  3.66832998003 0.161869454599  9.02343402712 -0.0736279985707    1.27021661717 -0.0885539079218 1744440058.99
-0.00636205538568    0.984918021149     -0.0227023944 0.985200173998  3.38994056668 0.161453486332  9.19333851844 -0.0172365364592    0.13999743635 -0.0800549110775 1744440059.02
-0.00670832935757    0.981646433178  -0.0266782601338 0.982031797356   3.1066912253 0.161196432413  9.35687378447 -0.00189160479468   -0.272711450754    -0.10558791039 1744440059.08
-0.00651238647781    0.963244883958  -0.0310937591971 0.963768613055  2.82260492124 0.161286277669  9.50707216166 0.0124569721184  -1.18480381592 -0.202250094444 1744440059.09
-0.00621540878039    0.934763918291  -0.0346812669913 0.935427712079  2.54035098037 0.161611131443  9.63688004063 0.000552419270868   -0.736590073882  -0.0600885583176 1744440059.12
-0.00646707741985    0.902830260298  -0.0360221824351 0.9035717457  2.26105892007 0.161748980241  9.74031730364 -0.0230974542486  -0.771140424832  0.0114505303145 1744440059.18
-0.00801484209404    0.874687350761  -0.0337892004681 0.87537643865  1.98436726029 0.161020219935   9.8136290674 -0.127820579911  -1.15464726058  0.226986349316 1744440059.19
-0.0115438440507   0.856970081233 -0.0270067584348 0.857473233089  1.70869036356 0.158602215167  9.85616768939 -0.115909860879 -0.247731067872  0.226296555115 1744440059.22
-0.0174920110569   0.854432049186  -0.015286454694 0.854747783164  1.43165381312 0.153690860804  9.87077896087 -0.183907450219  0.152822428208  0.359475584967 1744440059.28
-0.0258763168019   0.868880002693 0.00100827858587 0.869265816351  1.15062647817 0.145680535718  9.86355187123 -0.466454240676   1.10185887112  0.898798260417 1744440059.29
-0.0361728500071   0.898559953538  0.0207091566379 0.899526172131 0.863268706355 0.134324634979  9.84291365776 -0.265145177104  0.857982470363  0.506642562168 1744440059.32
-0.0472915279839   0.938177419278  0.0419287191578 0.940303874369  0.56802113221 0.119837539127  9.81819114961 -0.275080137567   1.03714411959  0.531974166555 1744440059.38
-0.057673388971  0.979624176319 0.0622887901113 0.983295296438 0.264473606598 0.102907555607  9.79788920209 -0.44452626602   1.8335376407  0.91081434371 1744440059.39
-0.0655144061315    1.01334133097  0.0792665776135 1.0185460131 -0.046427243297  0.084608678046   9.78802723277 -0.146015407173  0.645669478218  0.362189280782 1744440059.42
-0.0690884666566    1.03010081708  0.0906037389035 1.03638310825 -0.362355101794 0.0662234949833   9.79089827076 -0.0204566091473   0.122075451888   0.197760612713 1744440059.47
-0.067111066778   1.02286945308 0.0947020090423 1.02943396284 -0.679772287853 0.0490140184242   9.80455561065    0.23151735223  -0.963889999897 0.00737199880848 1744440059.49
-0.059063950947  0.988365152976 0.0909229405407 0.994294326161 -0.994277461646 0.0339940531395   9.82319309774  0.302415386195  -1.32207263821 -0.208617542048 1744440059.52
-0.0453979324162   0.927945907062  0.0797234698293 0.932470058684  -1.30109692563 0.0217595767406   9.83839132704  0.399789595804  -1.78591472003 -0.359415258713 1744440059.57
-0.0275506325951   0.847590856415  0.0625921195608 0.850345265563  -1.59565485912 0.0124198929521   9.84099740281  0.754620239905  -3.42858095811 -0.760350817673 1744440059.59
-0.00775529490734    0.756918384407   0.0417949745469 0.758111077053   -1.87413132446 0.00564508292312    9.82324257136  0.588329135703  -2.72638217291 -0.644677000887 1744440059.62
0.0113332250624  0.667398766821 0.0199841179911 0.667794070741     -2.1339045779 0.000812648504665     9.78062566523 0.425955867072 -2.03721607967 -0.51346818919 1744440059.66
   0.0271224171641     0.590109000274 -0.000248338023201 0.590732019946     -2.3737864844 -0.00279134934938     9.71312545963   0.47644062447  -2.43124881647 -0.667501586099 1744440059.7
 0.0375731591952   0.533497907977 -0.0167784852657 0.53508249614    -2.5939993503 -0.0057751241675    9.62544685198  0.236822151914  -1.44797433501 -0.458229487009 1744440059.72
0.0415906146703  0.501647771063 -0.028242994214 0.504160621393    -2.79590120098 -0.00850247296795     9.52622110154 0.0201740835543 -0.487946239601 -0.211757074725 1744440059.76
 0.0392299740077   0.493424882836 -0.0341692260696 0.49615989547   -2.98152740378 -0.0110473848891    9.42631786722 -0.173898705665 0.0188470794349  -0.11737012101 1744440059.8
 0.0316738828321   0.502722542908 -0.0349361321038 0.504929424106    -3.1530594942 -0.0132480512925    9.33663135138 -0.308724145644  0.445642636545 0.0435613417744 1744440059.82
 0.0209880842478   0.519757011252 -0.0315952738678 0.521139244115   -3.31234197531 -0.0148372817406    9.26582901989 -0.265456146148  0.367529627308   0.11275000089 1744440059.86
0.00970717509773   0.533135912588 -0.0256059796378 0.533838736636     -3.460541237 -0.0156048249485    9.21857189273 -0.351781447567   0.21257736938  0.222233004764 1744440059.9
0.000334625407902    0.532237652227  -0.0185477403821 0.532560840746   -3.59798787903 -0.0155385781042      9.194624507 -0.263944773354 -0.422469064951  0.244178589499 1744440059.92
-0.0051439598408   0.509365238855 -0.0118670101721 0.509529422906   -3.72418483427 -0.0148980430339    9.18908561957 -0.0760157687884  -0.904141778719   0.150790106334 1744440059.95
-0.00563875879756    0.461189417018 -0.00669852470129 0.461272527042   -3.83792053547 -0.0141928232793    9.19372182915 0.0655675579592  -1.97322548691    0.1327786289 1744440059.99
-0.0011498343253     0.3891638693 -0.0037786425996 0.389183912087   -3.93741320318 -0.0140662377723    9.19912557882  0.220167466525  -2.77065751404 0.0555120277396 1744440060.02
 0.00726220361426    0.298839597543 -0.00344573447494 0.298947683963   -4.02043037989 -0.0151117461933    9.19720600674   0.318111368125   -3.21764924679 -0.0324707261671 1744440060.05
  0.0177231021248    0.198266919873 -0.00570506841409 0.199139216807   -4.08436574168 -0.0176699941187    9.18341355675   0.32965084199  -3.23299268629 -0.109604374757 1744440060.08
 0.0279560797363  0.0958880450766 -0.0103261639013 0.100412595045   -4.12629488225 -0.0216611817851    9.15813631063  0.232148114215  -2.57114798614 -0.144562820299 1744440060.12
  0.0357654705309 -0.00156067446121  -0.0169403768313 0.0396053147224    -4.1430564208 -0.0264995803458     9.1268910325  0.208965445532  -3.38114456124 -0.268083186206 1744440060.15
 0.0394832709218 -0.0906265228417 -0.0251144755916 0.101994275375   -4.13140548087 -0.0311174517556    9.09922395586 0.0399314940428   -2.7055848742 -0.277281540691 1744440060.17
 0.0382782780447  -0.171817614852 -0.0343891389068 0.179357554116   -4.08826457319 -0.0341006927586    9.08655832032 -0.0871832525054   -1.91497900823  -0.231489340678 1744440060.22
  0.032263112661  -0.249217205206 -0.0442854703338 0.255169211881   -4.01106173042 -0.0339151322373    9.09948885768 -0.259833850777  -2.57212565396 -0.325450708533 1744440060.25
 0.0223868789227  -0.329128431887 -0.0542936551519 0.334326932828   -3.89811048608 -0.0291855737519    9.14515740566 -0.356615504118  -2.72386156451 -0.315800701687 1744440060.28
 0.0101554891949  -0.418077238341 -0.0638628665002 0.423048669655   -3.74896245122 -0.0189813496478    9.22531804058 -0.319608947802   -2.4364695664 -0.230450017175 1744440060.32
-0.00273779097305   -0.520660909272   -0.072409482787 0.525679000095    -3.56465727847 -0.00306173284103     9.33552930779 -0.301976457394   -2.6613543895 -0.187637914802 1744440060.36
-0.0147731860854  -0.637776614758 -0.0793526986837 0.64286398884  -3.34780749139 0.0179597456922   9.46564584291 -0.367623939064  -4.06990247514 -0.195435198047 1744440060.4
-0.0248701456438  -0.765684465911 -0.0841754225387 0.77069885639 -3.10248342643 0.042562955143  9.60149052425 -0.296465763229  -4.31995885718 -0.119451807661 1744440060.42
-0.0325057701685   -0.89616744153  -0.086497500836 0.900918712207 -2.83390018766 0.068398537609  9.72733902298   -0.15353306954   -3.02187558269 -0.0235631822463 1744440060.46
 -0.037678868512   -1.01778889525 -0.0861412157856 1.02212242001  -2.54794643371 0.0924975319897    9.8286929465 -0.143205341846  -3.85080543778 0.0578005412813 1744440060.5
-0.0407546399178   -1.11798034373 -0.0831680919584 1.12181010923 -2.25062607164 0.111599483017  9.89478226754 -0.0698185718815   -2.56027791747   0.126246619151 1744440060.52
 -0.042251969789   -1.18548654214 -0.0778720896821 1.18879251045 -1.94750197146 0.122568767225  9.92032097316 -0.0241530539604   -1.21167994245    0.15931991474 1744440060.56
-0.0426408774413   -1.21260672836 -0.0707259717228 1.21541576638 -1.64323240141 0.122853013846   9.9062151618 0.000964621761761   -0.220341197816    0.305468405347 1744440060.59
-0.0422027693654   -1.19672501996 -0.0622917082992 1.19908803015 -1.34127679749 0.110923548266  9.85914578904 0.0220036029154  0.950393770566  0.233068200865 1744440060.62
-0.0409785034952   -1.14080440358 -0.0531176506545 1.14277531029  -1.04382107353 0.0866282418459   9.79016833078 0.0443232044734   1.87496063073  0.242806252624 1744440060.67
-0.0387998943317   -1.05277656688 -0.0436504718431 1.05439522726 -0.751937410019 0.0513861128739   9.71264472804 0.121291970483  4.26251848421 0.410076598725 1744440060.69
-0.0353789742001  -0.944022233848 -0.0341861754822 0.945303308156  -0.465951873195 0.00816510271084    9.63992108333 0.104537566362  2.81265150195 0.234273542995 1744440060.72
-0.0304208710605  -0.827333472985 -0.0248726914059 0.828266114057  -0.185948692452 -0.0387876427665    9.58317859907 0.149483305204  2.94087004733 0.236429281991 1744440060.77
-0.0237293877756  -0.714833297112 -0.0157606840865 0.715400674913  0.0877002443638 -0.0844516118203     9.5498218425 0.353349778756  4.92663681572 0.419910183912 1744440060.79
-0.0152841233431   -0.61628690367 -0.0068846384907 0.616514841921 0.353916231805 -0.12371444113  9.54264483323 0.228597269934  2.18968937244 0.215738944949 1744440060.82
-0.00527860862918   -0.538096825053   0.0016522606424 0.538125251969 0.610735171163 -0.15212390204  9.55985596386 0.270446923654  1.70196204121 0.210827840396 1744440060.87
0.00588297239184  -0.483079274695 0.00961624464362 0.483210789579  0.855457046137 -0.166577194954     9.595876817 0.557264275335  2.12066181351 0.364221040196 1744440060.89
0.0176277572226 -0.450926953417 0.0166235781428 0.451577455696   1.08513405885 -0.165813050211   9.64268923208 0.288996273931 0.542758524705  0.15501997193 1744440060.92
0.0292884580896 -0.439121867513 0.0221711391636 0.440655633933   1.29731391746 -0.150601278466    9.6914176523  0.287991032952 0.0884029389872  0.115949606559 1744440060.97
0.0401995641799 -0.443998216599 0.0257113337899 0.44655514104    1.4908695818 -0.123580158944    9.7338170663  0.507347155051 -0.557823538947  0.113377432041 1744440060.99
0.0498005385599 -0.461674711665 0.0267549965607 0.465123062074    1.66669748933 -0.0887631235916    9.76339162338    0.215961198158   -0.550317116794 -0.00901252758419 1744440061.02
0.0577267838617 -0.488661466678 0.0249798850287 0.492693013191    1.82807128808 -0.0508064439097    9.77597910263   0.179433166037  -0.770368046259 -0.0820596595759 1744440061.07
0.0638673957446 -0.522068548132 0.0203218407659 0.526353104294    1.98050088927 -0.0141820934463    9.76977304888  0.264931524176  -1.76218746913 -0.297408176542 1744440061.09
0.0683717239936 -0.559466102587 0.0130300340479 0.563779029739  2.13105459698 0.017578694879  9.74488378912 0.0950314601315 -0.940325297482  -0.20469715388 1744440061.12
 0.0715956304721  -0.598538536167 0.00367527287084 0.602816573437   2.28723011137 0.0424214863354   9.70263167883 0.0718067039774 -0.986967150548  -0.25451074995 1744440061.17
  0.0739921344539   -0.636717392365 -0.00689087586798 0.641039279508    2.4555774841 0.0599844866082    9.6448018049  0.109077801131  -1.80732704914 -0.531414123763 1744440061.19
 0.0759667222519  -0.670963835595 -0.0176201684009 0.67548048225   2.64035451241 0.0714663529561   9.57306526281 0.0458404125659 -0.749145163385 -0.251274641152 1744440061.21
 0.0777304475179  -0.697810628537 -0.0273824731525 0.702660298868   2.84251203722 0.0791946607113   9.48869988717 0.0412562501014 -0.546846237156 -0.223683821094 1744440061.27
0.0791897389197 -0.713684502955 -0.035094773629 0.718921572665   3.05925608268 0.0860059762877   9.39264663274   0.05561248356 -0.450163257856 -0.318320307915 1744440061.29
 0.0799080739995  -0.715437739728 -0.0398469898902 0.72098837877   3.28432395509 0.0945819104461   9.28584478841 -0.000343363499534     0.155775734588   -0.0723395266337 1744440061.31
 0.0791616634976  -0.700947361357 -0.0410096794151 0.706594343429  3.50896397025 0.106883661615  9.16972314835 -0.0484859964582   0.582257304195  0.0194773714335 1744440061.37
 0.0760919338979  -0.669610581161 -0.0383140033863 0.675008352291  3.72345372108 0.123793670497  9.04669620982 -0.240462626721   2.04256018072  0.237422435521 1744440061.39
 0.0699362846078  -0.622584283363 -0.0319009378428 0.627311679814  3.91886264725 0.145018505333  8.92052161037 -0.192429103955   1.30296346309  0.194618415952 1744440061.41
 0.0602996686484  -0.562679019371 -0.0223420657532 0.566341678479   4.0886906938 0.169247448451  8.79640596447 -0.283874972006   1.62203903134  0.268054466365 1744440061.47
 0.0474162215806  -0.493906432828 -0.0106359301015 0.496291230496  4.23001682734 0.194511000005  8.68078963475 -0.740022548478   3.75662141173  0.639590770453 1744440061.49
 0.0323444053452  -0.420768018266 0.00181926342668 0.422013264569  4.34387614719 0.218652342848  8.58079142688 -0.369593867806   1.78223746319  0.291042357108 1744440061.51
0.0170421958898 -0.347438292501 0.0132825620651 0.34810950862  4.43474177128 0.239815910086  8.50335200019 -0.351646565098   1.80125925525   0.24998963776 1744440061.57
0.00428170652409  -0.277020855643  0.0217693627854 0.277907885149  4.50918854464 0.256867907544  8.45417999479 -0.523869377018   3.63522616277  0.317793562525 1744440061.59
-0.00261434660606   -0.211037921177   0.0252067609984 0.212554039677  4.57401604395 0.269687587207  8.43667061014   -0.054478832913     1.55297545552 -0.00142946211332 1744440061.61
-0.000200158082878    -0.149260671414    0.0216517637968 0.15082303196  4.63425858472 0.279297657832  8.45101615361  0.214597149581   1.51416118321 -0.195574545135 1744440061.67
 0.0145521298893 -0.0899141671449 0.00956197802387 0.091584678639  4.69156687799 0.287830774803  8.49373970908  1.17460232815  3.18658160438 -0.89847431809 1744440061.69
 0.0436818094162 -0.0302131716383  -0.011914337581 0.0544324136367  4.74338588414 0.298352086489  8.55783790862  0.888984616928   1.49144410278 -0.634555179873 1744440061.71
 0.0877449785154   0.032881031299 -0.0426829093914 0.102966859853  4.78318095718 0.314573364284  8.63361223998   1.27001747126   1.64705845926 -0.868533188631 1744440061.77
  0.145502939945   0.101836471901 -0.0815472624574 0.195427041517  4.80171497945 0.340502344698  8.71011645174  3.38039098681  3.88457972994 -2.23853835497 1744440061.79
 0.213877454897  0.177826294421 -0.126209456258 0.305441620526  4.78911280316 0.380072601212  8.77698602618  1.73281371261  1.92355522984 -1.11604096543 1744440061.81
 0.288210504654  0.260252740446 -0.173459905539 0.425305916644  4.73723616616 0.436795642818  8.82629013755 1.85756466016 2.10532978973 -1.1642097047 1744440061.87
 0.362805786875  0.346618940283 -0.219548769345 0.54769917918  4.64179351499 0.513468775924  8.85399842727   3.8294301609  4.60538514997 -2.32843850671 1744440061.89
 0.431668602325  0.432779660874 -0.260687859746 0.664525527966  4.50365781448 0.611960320022  8.86070725043   1.53587270763   2.02633460484 -0.898972655696 1744440061.91
  0.48931568754  0.513528208413 -0.293597185471 0.767685072296  4.32905350502 0.733079520422  8.85141852051   1.25411836792   1.89213661788 -0.694719563715 1744440061.97
 0.531509102707   0.58341286389 -0.315994560166 0.85013237679  4.12855192661 0.876524700562  8.83437689609 1.75947399434 3.28525338156 -0.8824863075 1744440061.99
  0.55578324341  0.637635051361 -0.326934823957 0.906840587697  3.9151060727 1.04089347877 8.81919570988  0.369328976522   1.09515406958 -0.133932042126 1744440062.01
 0.561677324338  0.672869291063 -0.326934648237 0.935478895405 3.70158127869 1.22373636495 8.81468023573 -0.0659506463279   0.644788465131   0.116481089112 1744440062.07
  0.55064594407  0.687861569831 -0.317861399276 0.936696516552 3.49834228172 1.42164063217 8.82683981069 -0.926404290706  0.278823187957  0.626064824737 1744440062.09
 0.525682698856  0.683702721269 -0.302609449056 0.913982598086 3.31142125722 1.63034267681  8.8575429448 -0.738458328612 -0.297494098367  0.409719952406 1744440062.11
 0.490742193974   0.66372884435 -0.284624910922 0.873141007906 3.14163657158 1.84487899111 8.90411864664 -0.999923654728 -0.669712791751  0.466130313729 1744440062.17
   0.4500744961  0.633063074625 -0.267363482922 0.821473761293 2.98480526356 2.05979220735  8.9599806702  -2.0257972236 -1.60439832212 0.751622758366 1744440062.19
 0.407589583337  0.597873334513 -0.253773158415 0.766800240283 2.83295115498 2.26940474711  9.0161083507  -1.02967843993 -0.843591260457  0.264157408508 1744440062.21
  0.36635032537  0.564469836214 -0.245884583188 0.716448173383 2.67620813733 2.46815751303 9.06302174933   -1.0860161128 -0.814235881738  0.125991068113 1744440062.27
  0.32825815368  0.538394938369 -0.244569748411 0.67634080681 2.50499307059  2.6509887362  9.0927896936   -1.68426285468  -0.949453366415 -0.0840872158155 1744440062.29
   0.2939551607  0.523659203469 -0.249498928668 0.650290945106 2.31199338095  2.8137064614 9.10062885019 -0.804450691999 -0.198821198575 -0.181280208269 1744440062.31
  0.26292879504  0.522248689113 -0.259291495633 0.639614981258 2.09357891438 2.95329624222 9.08577896827 -0.851350023427  0.145929322864 -0.315835936006 1744440062.37
 0.233777155113   0.53397427408 -0.271823913925 0.643170680157 1.85038684864 3.06810963594 9.05153391584  -1.27700899649   0.75321391923 -0.554595385039 1744440062.38
 0.204577306399  0.556665951304 -0.284633107477 0.657833460313 1.58701161588 3.15789930978 9.00451344446 -0.744778663894  0.648651709484 -0.289579522053 1744440062.41
0.173295709049 0.586649512085 -0.29533987792 0.679275125626 1.31092161867 3.22369690381 8.95341986976 -0.978823303597  0.924827109827  -0.25630475504 1744440062.46
 0.138185504735  0.619395289504 -0.302017792128 0.702823238902 1.03088268687 3.26756042872  8.9075969975  -1.54369458042   1.30524966667 -0.166504473332 1744440062.48
0.0981253664865  0.650208758725 -0.303447827807 0.724210329719 0.755261240596  3.29223973192  8.87568533936  -1.04008012373  0.675920689946 0.0340470838097 1744440062.51
0.0528646962644  0.674843036665 -0.299224810462 0.740096809507 0.49058679674 3.30081652999 8.86457074129 -1.46384598854  0.61248678045 0.211698012432 1744440062.56
0.00314840147757     0.6899480045  -0.289712479364 0.748312422752 0.240672166581  3.29637015692  8.87869927896 -2.00518062322 0.362625809684 0.458334442027 1744440062.58
-0.049297445168  0.693318494102 -0.275873084664 0.747814636929 0.00644151229822    3.28170588266    8.91972935045    -1.2668064719 -0.0722997822639   0.370048114402 1744440062.61
-0.101926998673  0.683951091222 -0.259018798397 0.738423283873 -0.213559458243   3.25916501183   8.98644420161   -1.6478306658 -0.504836475303  0.568672274048 1744440062.66
-0.151675157825  0.661953618644 -0.240542168765 0.720450193762 -0.422154885861   3.23051963217   9.07485752925 -1.75526553789  -1.0441388573 0.701389146204 1744440062.68
-0.195368654395  0.628366302753 -0.221680309312 0.694374021038 -0.622317518859   3.19694265748   9.17848886892 -0.935231137247 -0.917156552001  0.442925689255 1744440062.71
-0.230197439743  0.584948884231 -0.203353997354 0.660688206847 -0.81604649274  3.15903674141  9.28883075839 -0.990054523822  -1.58913983902  0.598952038749 1744440062.76
-0.254178918123  0.533969751065  -0.18610193811 0.619971409694 -1.00360670681  3.11690342537  9.39604773052 -0.665160013629  -1.95720341549  0.608495161591 1744440062.77
-0.266540391995  0.478011382247 -0.170107094128 0.573127460165 -1.18328776018  3.07023528125  9.48992490093 -0.162069798792  -1.34364720591  0.362572046499 1744440062.81
-0.267951147719   0.41979044095 -0.155291598942 0.521667818232 -1.35171025698  3.01841705465   9.5610258697  0.10385314902 -2.01316705722 0.497335641834 1744440062.86
-0.260555006681  0.361986200021  -0.14144406874 0.467898862035 -1.50458311832  2.96062520365  9.60194432697 0.363236962041 -2.03010078138 0.485415323681 1744440062.87
-0.247783864226   0.30707719242 -0.128340849246 0.414927245503 -1.63772286717  2.89591779445  9.60846654432 0.309688466233  -1.2205644966 0.298339167647 1744440062.91
-0.233967365711   0.25719724546 -0.115830797528 0.366480456431 -1.74809993003  2.82330863498  9.58042760947 0.422534705374 -1.63836531056 0.430905114594 1744440062.96
 -0.22378696223  0.214029943778 -0.103868568808 0.326616136901 -1.83468191734  2.74182190792  9.52206000936 0.219243672496 -1.39596839092 0.415231976193 1744440062.97
 -0.221648112981   0.178758095015 -0.0924990060194 0.299396741191 -1.89889391551   2.6505275491  9.44170303173 -0.0840227462156  -0.715974242564   0.254900548895 1744440063.01
 -0.231058209192   0.152070227268 -0.0818097225413 0.288454642463 -1.94459803969  2.54856329536  9.35085360979 -0.571809481625 -0.785076942817  0.363393140764 1744440063.06
 -0.254098471203   0.134204744914 -0.0718763371548 0.29621471008 -1.97759163191  2.43515515401  9.26266806455 -1.06483064193 -0.48044674302 0.338676938746 1744440063.07
  -0.29106673953   0.124994651285 -0.0627235838133 0.322920667776 -2.00471758377  2.30965131218  9.19013787582 -0.999847422248 -0.119771724163  0.203559798176 1744440063.11
 -0.340347297229   0.123872997919 -0.0543168643511 0.36623916243 -2.0327555328 2.17158267587 9.14423346681  -1.90097865768 0.0853123191444  0.285450541244 1744440063.16
 -0.398536312387   0.129817682023 -0.0465859761579 0.421727490248 -2.06730683577  2.02075542222  9.13232272236 -2.12428185144 0.306420219756 0.261794974591 1744440063.17
  -0.46081938298   0.141250674504 -0.0394699707494 0.483595011729 -2.1118907624 1.85736864119 9.15712509582 -1.41750271607 0.301070042404 0.156957392428 1744440063.21
 -0.521563183168   0.155947935449 -0.0329634436452 0.545375559797 -2.16743075351  1.68213681657  9.21636918596  -1.9698557891 0.513759293281 0.212577746117 1744440063.26
  -0.57504958767   0.171043124062 -0.0271427742178 0.600561827592 -2.23223203098   1.4963869369  9.30320030643   -1.678361269 0.483111360082 0.191550676937 1744440063.27
 -0.616252871977   0.183204084165 -0.0221565486546 0.64329017661 -2.30244952442  1.30209738942  9.40725705894 -0.773786448087  0.209193440304  0.104345282582 1744440063.31
 -0.641544831216   0.189020136706 -0.0181758751523 0.669058102842 -2.37294093603   1.1018527527  9.51622551768 -0.542981126397 0.0389680740593   0.11271839749 1744440063.36
 -0.649214512215   0.185569639016 -0.0153139843634 0.675388844972 -2.43831953183 0.898704724577   9.6176075329 0.0328391279086 -0.321653071229  0.083106824757 1744440063.37
 -0.639711485281   0.171062858655 -0.0135361794876 0.662326591771 -2.49398501564 0.695951010955  9.70041997899  0.404280167547 -0.482565649765  0.032757429691 1744440063.41
 -0.615562603604   0.145401319004 -0.0125872861012 0.632627301256  -2.5369264002 0.496864671625   9.7565761508  0.781838310609 -0.806252491585  0.020946353405 1744440063.46
 -0.580965832742   0.110482776959 -0.0119623154516 0.591498807952 -2.56615185094  0.30441911999  9.78177621486   1.33333243764  -1.34837857494 0.0295547515247 1744440063.49
 -0.541121379604  0.0701200547816 -0.0109372160839 0.545755249395 -2.58268977406 0.121053945183  9.77582781383   1.16146071919  -1.18189920848 0.0481759268267 1744440063.51
  -0.501409047706    0.029526013025 -0.00866240027483 0.502352322325   -2.58920035239 -0.0514860257501     9.7424067952  0.897925063489 -0.911461959484 0.0798533543431 1744440063.56
  -0.466551474843 -0.00557404740444 -0.00430564150127 0.466604636959  -2.58931524507 -0.212226327398   9.68833584495   1.0948234097 -1.06032549189  0.20375061402 1744440063.6
 -0.439908654898 -0.0300365005992 0.00278304625674 0.440941675699  -2.58686881876 -0.360960888897   9.62250182992  0.712841001384 -0.569790619772  0.282127092856 1744440063.61
 -0.423027477125 -0.0403638049896  0.0129202180129 0.425145169547   -2.5851898312 -0.498192612796   9.55455648449    0.29075076486 -0.0650219892585   0.276677121894 1744440063.66
 -0.415523961978 -0.0354897665326  0.0259874105123 0.417845703593  -2.58659103153 -0.625038400562   9.49355780558 0.138440567843 0.417754785902 0.511254565552 1744440063.7
 -0.415313721139 -0.0170869683619  0.0414067593983 0.417722361358 -2.59213710916 -0.74311363155  9.44671530874 -0.0602398409915   0.769455060027   0.536734023825 1744440063.71
-0.419139986292 0.0106984066121  0.058206009509 0.423297440999  -2.60170442854 -0.854400822174   9.41839885037 -0.0945547789053   0.700861244496   0.400112107366 1744440063.76
-0.423291681417 0.0420474639097 0.0751657987229 0.431964968575  -2.61428437797 -0.961099545092   9.40955124346 -0.0935992082132    1.07313704961   0.587512243149 1744440063.8
-0.424368241205 0.0706415851867 0.0910232077583 0.439731579548 -2.62843777881 -1.06545381022  9.41760283792 0.0574281196011  0.838190141016  0.506035415003 1744440063.81
-0.419940909991 0.0909535328189  0.104691561036 0.442247934951 -2.64278726128   -1.169559715  9.43692026378 0.180325303056 0.336750000938 0.286326342419 1744440063.86
-0.408983961914  0.099371086693  0.115450863476 0.436430287504 -2.65643872465 -1.27516748673  9.45973863663  0.490441465113 0.0693225218407  0.322542545167 1744440063.9
-0.391998997963 0.0949030435039  0.123067771172 0.42168172639 -2.66924776913 -1.38350308484   9.4774417899  0.679087934647 -0.356938221799  0.220064629422 1744440063.91
  -0.3708206585 0.0793119147306  0.127818029486 0.400169700565 -2.6818846678 -1.4951402298 9.48198776171  0.509082017452 -0.444213901017 0.0852009017009 1744440063.95
-0.348158488381 0.0566487679323  0.130404999397 0.376070312319 -2.69569325212 -1.60995095295  9.46724390348  0.752997205199  -0.80748909406 0.0682364673509 1744440064
-0.326982665461 0.0323015127798  0.131790620301 0.354019517596 -2.71237727152  -1.7271514288  9.43000684895  0.697029934018 -0.817321652384 0.0468026629125 1744440064.01
-0.309889432727 0.0117753324085  0.132974607422 0.337420161205 -2.73357693817 -1.84544262991  9.37053617426  0.329402006092 -0.380680912403 0.0345439100915 1744440064.05
   -0.298579966679 -0.000522711380919     0.134769170082 0.327586628137 -2.76041565686 -1.96322643933  9.29251671188  0.277748369968 -0.238234341326  0.078947275071 1744440064.1
  -0.293555846941 -0.00223454657487    0.137617270455 0.324219896982 -2.79310162086 -2.07886160347  9.20246678286 0.0827063126704  0.128299201456   0.12365933982 1744440064.11
 -0.294083388292 0.00645266205486   0.141492283431 0.326414984931 -2.83066147769 -2.19091380061  9.10870867592 -0.0563272484347   0.290453170933  0.0958979294971 1744440064.15
-0.298419917695  0.022847182311   0.14589841905 0.332960642866 -2.87086445336 -2.29835234773  9.02009406956 -0.171257673621  0.604346449397  0.142924399717 1744440064.2
 -0.30424051064 0.0422958490894  0.149968987474 0.341821480262 -2.91036626219 -2.40065351425  8.94471473873 -0.200706626216  0.677132049505  0.125909198353 1744440064.21
 -0.30916460028 0.0590969518231  0.152638875986 0.349819705339 -2.94506515991 -2.49778656798  8.88881924459 -0.0809779298249   0.291577203382  0.0332486237695 1744440064.25
-0.311265116843  0.067589346172  0.152853211476 0.353296471731  -2.9706226308 -2.59008174135   8.8561015764 -0.00476128409401   0.0684701506894   -0.047799671132 1744440064.3
-0.309450462087 0.0632078178492  0.149769040852 0.349550543299 -2.98306638367 -2.67800602206  8.84744144724  0.144789744526 -0.460813740043 -0.188755978932 1744440064.31
-0.303639075233 0.0433183954364  0.142911478694 0.33837384966 -2.97937245745 -2.76189816555  8.86107994627   0.16961912805 -0.637922522953 -0.201240923974 1744440064.35
 -0.294691230083 0.00769965302746   0.132258271166 0.323101309246 -2.95792253942 -2.84173223585   8.8931326334  0.322384859215  -1.39876880205 -0.407303540026 1744440064.4
 -0.284114145357 -0.0413966958331    0.11824353034 0.310509366179 -2.91875272947  -2.9169824932  8.93829457443  0.401627219015  -2.04373602969 -0.582250916877 1744440064.41
 -0.273604552435 -0.0996028424624   0.101688287825 0.30841641529 -2.86354584886 -2.98664651467  8.99058768344  0.225119336243  -1.37635338639 -0.397282391734 1744440064.45
-0.264528089405 -0.161143559366 0.0836787733401 0.320849643785 -2.79536281702 -3.04944760906   9.0440360282 0.267016956994 -1.98640345413 -0.59946551288 1744440064.5
 -0.25744998783 -0.219780539383 0.0654205373977 0.3447663389 -2.71815178927 -3.10418798613  9.09321267231  0.215713458888  -1.84555652743 -0.604126484875 1744440064.51
 -0.25182300412  -0.26984309624 0.0480969484849 0.372214237297 -2.63611098061 -3.15017308819  9.13365814711  0.132659748411  -1.00454080491 -0.375441237395 1744440064.56
-0.245907813174 -0.307181469644 0.0327549520416 0.394846799096 -2.55300816913 -3.18759044874  9.16220365897  0.274787135251  -1.10963571603 -0.514985784593 1744440064.6
-0.236954323951 -0.329885275982 0.0202311646097 0.406670563197 -2.47157234105 -3.21771717608  9.17723066708  0.286229935562 -0.370707351008 -0.254957946371 1744440064.61
-0.221619203254 -0.338638578509  0.011119988901 0.404863942898 -2.39306589478 -3.24285593732   9.1788675903   0.465579590097 -0.0777741875805  -0.166558909124 1744440064.68
-0.196546076814 -0.336635397035 0.0057753042025 0.389855235935  -2.3171161197 -3.26595778423  9.16908323682    2.2287603678  0.341200879491 -0.241641117249 1744440064.7
 -0.159000039735  -0.329052212036 0.00433084958731 0.365479311507    -2.24183445 -3.28996897985   9.1516096713   1.03973851585  0.168925235967 0.0110577301558 1744440064.71
-0.107434004298 -0.322157451236 0.0067230206105 0.339665552673 -2.16419075493 -3.31701848482  9.13163305286   1.35085343457 0.0788532430117 0.0965616790815 1744440064.78
-0.0418740119494  -0.322215225214    0.01270325004 0.325172964432 -2.08055313755 -3.34762106937  9.11523262303   5.22733717889 -0.445987422396   0.55086755088 1744440064.8
0.0359571404018 -0.334391337215 0.0218338745684 0.337027002522 -1.98726812734 -3.38009027339  9.10861175394   1.92290316685 -0.463106621997  0.242472153874 1744440064.81
 0.122808827532 -0.361876979798 0.0334692477687 0.38361067135  -1.8811536303 -3.41032732829   9.1172271922    2.0631223307 -0.821319581192  0.287958440616 1744440064.88
 0.214336406991 -0.405403308899 0.0467309999986 0.460950891732 -1.75980945297  -3.4320808332  9.14496130461  6.64781739897 -3.68391239811 0.982132543014 1744440064.9
 0.305716748245  -0.46323607503 0.0604916237645 0.558309616532 -1.62170788214 -3.43767322554  9.19348560301  2.10112923333 -1.49014946738 0.314629594762 1744440064.91
  0.39232281796  -0.53163369554 0.0733832360762 0.664783181994 -1.46609097513 -3.41908687206  9.26193284631  1.91673221798 -1.65833412172 0.271966395144 1744440064.98
  0.47032213407 -0.605650714576 0.0838475902287 0.771392323172 -1.29275078026 -3.36921881016   9.3469389177  5.06579040618 -5.19533442516 0.589826926078 1744440065
 0.537083531707 -0.680096276744 0.0902382103172 0.871282158818 -1.10178818141 -3.28306780295  9.44304724608   1.46574400178  -1.75376613208 0.0863429098723 1744440065.01
 0.591324964356 -0.750430884499 0.0909755310267 0.959733438579 -0.893431848149  -3.15862087471   9.54340117881    1.13524984823   -1.57787653287 -0.0650487019188 1744440065.08
 0.632999507092 -0.813409279976 0.0847423190808 1.03416840668 -0.667960591214  -2.99725920289   9.64059672883  2.29066146457 -3.73755032955  -0.6484134646 1744440065.1
 0.662979132836 -0.867345175485 0.0706925130617 1.09399561947 -0.425728599319  -2.80359543012   9.72754174062  0.629047567312  -1.24897348454 -0.457554372363 1744440065.11
 0.682638321228 -0.911967109116 0.0486362157794 1.14019496894 -0.167261633697  -2.58476770026    9.7981757662  0.371956210158  -0.98367920664 -0.629026055909 1744440065.18
 0.693450904404 -0.947931134966 0.0191608064733 1.17465515363 0.106617269817 -2.34932595288  9.84794748363 0.386444197633 -1.76430417436 -1.78671826938 1744440065.19
  0.69669294322 -0.976133238149 -0.016345093388 1.19936829949 0.394664077964 -2.10592852831  9.87401256661 -0.00189516294113   -0.621247912569   -0.948724073581 1744440065.21
  0.693301197835  -0.997006014763 -0.0557827368844 1.21564767023 0.695104936648 -1.86210278791  9.87518551702 -0.160281158924 -0.423653079506  -1.00377838544 1744440065.27
  0.683886474403   -1.00998313035 -0.0965470128058 1.22355545814  1.00554019142 -1.62330407981  9.85173274968 -0.625518005787 -0.416336028166  -2.04834690824 1744440065.29
 0.668859742248  -1.01327390545 -0.135819729458 1.22169732797  1.32285503055 -1.39243818766  9.80511466593 -0.437318126056  0.073926943063   -0.9218286199 1744440065.31
 0.648607239572  -1.00401931173 -0.170912575122 1.2074590005 1.64313746727 -1.1699102967 9.73776594907 -0.574664524931  0.438031250901 -0.810865649596 1744440065.37
 0.623651417822 -0.978814393787 -0.199609776977 1.17765137944   1.96161798601 -0.954152277103   9.65295396476 -1.36888519996  1.76712098838 -1.25934287323 1744440065.39
 0.594752332178 -0.934496946241 -0.220457850224 1.12943195585   2.27265967824 -0.742484370281   9.55469489981 -0.748434771571   1.35310528908 -0.410996128599 1744440065.41
 0.562929456493 -0.869034343263 -0.232954688217 1.06130963885   2.56983778785 -0.532107145403   9.44766101464 -0.839453820505   1.95514520514 -0.220248721228 1744440065.47
 0.529407570278 -0.782304538762 -0.237602450553 0.974026535236   2.84614853111 -0.321006085739   9.33700018047   -1.67717660751    4.78752724734 -0.0709761304334 1744440065.49
 0.495506565319 -0.676574630226 -0.235807945231 0.871140272042   3.09437496467 -0.108584740554   9.22801738498 -0.814814250899   2.74957064532 0.0969831312872 1744440065.51
 0.462502453629 -0.556534868488 -0.229639080123 0.759192786172  3.30761131682 0.104087137906  9.12572691682 -0.830348686763    3.2131942534  0.185928404191 1744440065.57
 0.431487441459  -0.42884029383 -0.221473035419 0.647406916218  3.47991010646 0.314434627657  9.03434980754 -1.58737155157  6.84011566851 0.429832601237 1744440065.59
  0.40325358218 -0.301226567456 -0.213595516466 0.546785095935  3.60697698461 0.518884672483  8.95687587095 -0.643919611393    2.9914602253  0.164989277749 1744440065.61
 0.378219314179 -0.181372316127 -0.207824328824 0.468120410073 3.68680736603 0.71358943268  8.8948126578 -0.587882478609   2.82984141274  0.104997933168 1744440065.67
 0.356411686937 -0.075747598727 -0.205229384858 0.418193842264  3.72014612545 0.895202478303  8.84820054453  -1.09696253285   5.19175408169 0.0490662897993 1744440065.69
 0.337508843288 0.0113040489149 -0.206003380794 0.395572235778 3.71066245084 1.06154641616  8.8158984044  -0.430448451673    1.86628236632 -0.0518900329416 1744440065.71
 0.320937156705 0.0780582518158 -0.209505795971 0.391134794893 3.66476690322 1.21204351132 8.79606499001 -0.398024500403   1.44143889877 -0.106910356804 1744440065.77
  0.30600645307  0.125389414561 -0.214465000054 0.394154399763 3.59105252158 1.34783448134 8.78670558633 -0.767438789377   2.07843966367 -0.259974913375 1744440065.79
 0.292057640876  0.156272087235 -0.219288920996 0.397248362759  3.4994078083 1.47157270548 8.78613975027  -0.333208255557    0.60235207838 -0.0966074767884 1744440065.81
0.278593043659 0.174945582089 -0.22241300335 0.397098960873 3.39991446705 1.58694025238 8.79327580882 -0.341060956443  0.379142075839  -0.04243710165 1744440065.87
 0.265362895286  0.185947431381 -0.222610461063 0.393127626613 3.30169273379 1.69797950282   8.807637863  -0.68050592052  0.474902697228 0.0833396758378 1744440065.89
 0.252391570751  0.193230728154 -0.219204181512 0.386121862217 3.21187890707  1.8083637558 8.82915969993  -0.3088757993 0.165145891462 0.127131899543 1744440065.91
 0.239941402162  0.199539480851 -0.212147088027 0.37735165012 3.13490495949 1.92073876739 8.85781644859 -0.310499126062  0.167268856688  0.223286140842 1744440065.97
 0.228426092074  0.206141161331 -0.201970125767 0.368055144832 3.07219894212 2.03625378633 8.89319643425 -0.551498612204  0.341123247848   0.57381154777 1744440065.99
 0.218295664385  0.212928207874 -0.189625591107 0.359095089914 3.02234700688 2.15436691936 8.93412074531 -0.224879636405  0.154063796773  0.312248105349 1744440066.01
 0.209918188058  0.218820824143 -0.176271676341 0.350741931676 2.98167089564 2.27296016359 8.97840297501 -0.194381912978  0.123579435371  0.348692563638 1744440066.07
  0.20348033151  0.222347142195 -0.163049062857 0.342676952614 2.94509950294 2.38874205027 9.02281538849 -0.273711208811 0.0853978596248  0.631677990333 1744440066.08
 0.198921589862  0.222251761273 -0.150893435242 0.334267068527 2.90716731609 2.49786109962 9.06329658072 -0.0918420331375 -0.0528428139492   0.274584799918 1744440066.11
0.195909124399 0.217990924513 -0.14041303969 0.324986538041  2.8629650454 2.59661253731 9.09540077948 -0.0674704054179  -0.163024184874    0.25364441297 1744440066.17
 0.193854083536  0.210007487904 -0.131842939555 0.314746106235 2.80889601788 2.68210329461 9.11494834972 -0.095815438335 -0.443732715104  0.372842454758 1744440066.18
 0.191966607167  0.199732657308 -0.125071693577 0.303952695656 2.74314382949 2.75275070013 9.11879041117 -0.0545358421419  -0.250127163543   0.146545268952 1744440066.21
  0.18934424167  0.189323220283 -0.119724377466 0.293306069067 2.66581620082 2.80852646174 9.10555418165 -0.092916166621 -0.250233821123  0.132229540648 1744440066.27
 0.185085482967  0.181201005982 -0.115279125445 0.283513169601 2.57878301966 2.85091122026 9.07620439709 -0.250600127082 -0.271011254192  0.195644171272 1744440066.28
 0.178415844815  0.177504716547 -0.111192549605 0.27514345561 2.48526544608  2.8825836304 9.03425817173  -0.196836330038 -0.0195483165469  0.0999795678555 1744440066.31
  0.16880913366  0.179584560337 -0.107011838762 0.268698104857 2.38925641963 2.90691832385 8.98553813194 -0.312416852527   0.14210436662  0.122205467297 1744440066.36
  0.15608368113    0.1876626128 -0.102457065342 0.264720271223 2.29486331556 2.92739880067 8.93743888523 -0.657003032078  0.490351609537  0.221210034334 1744440066.38
  0.140454317734   0.200747064844 -0.0974648968179 0.263678223457 2.20566345458 2.94705920282 8.89779511773 -0.406302233457  0.353189101341  0.124277782905 1744440066.41
  0.122526750279   0.216832873939 -0.0921928319118 0.265572622855 2.12415398697 2.96805395835 8.87354527507 -0.517797318017  0.453611680934  0.145717178985 1744440066.46
  0.103230796233   0.233356395891 -0.0869895498891 0.269590405215 2.05136024736 2.99142211664 8.86945254283 -0.876918352709  0.699677998651  0.222514573004 1744440066.48
 0.0837003141102   0.247811816356 -0.0823407768846 0.274219697406 1.98664314507 3.01707199784 8.88715456733 -0.461285235847  0.303062330655 0.0991072293376 1744440066.51
 0.0651179139462   0.258396388581 -0.0788009891636 0.277882407219 1.92772020462 3.04396997902 8.92476005888 -0.496059419527   0.23605941759 0.0764992433189 1744440066.56
 0.0485493522158    0.26453907778 -0.0769200109823 0.279740328453 1.87089038253 3.07048196578 8.97710417401 -0.665659045792  0.192953175301 0.0357732146592 1744440066.58
 0.0347945332608   0.267186162604 -0.0771713789099 0.280275804798 1.81143215961 3.09479247571 9.03663757931  -0.293164898786  0.0510319263349 -0.0358434870564 1744440066.61
0.0242788892356   0.26876389625 -0.079887412705 0.281434708411 1.74412809831 3.11531724486  9.0947863801 -0.255292157128 0.0805937433299 -0.115262541759 1744440066.66
 0.0170012170247   0.272803373794 -0.0852049310517 0.286305086244 1.66385661117 3.13103159074  9.1435137241 -0.246421003602  0.304886776804    -0.275873227 1744440066.68
 0.0125433667154   0.283283785313 -0.0930255641647 0.298430552488 1.56618326014 3.14165679273 9.17676549202 -0.0829378770996   0.374616288792  -0.214916251497 1744440066.71
0.0101357873426  0.303813352328 -0.102995263573 0.320956868685 1.44788092546 3.14767647769 9.19150561231 -0.0559853152221   0.792768462024  -0.318180859701 1744440066.76
0.0087634038272  0.336809166987 -0.114508194684 0.3558501635 1.30731268828 3.15018857306 9.18813695099 -0.0584981880768    1.62508681566  -0.488231902578 1744440066.78
0.00729079735266   0.382847522024  -0.126739843042 0.403346462313  1.1446245795 3.15062926517 9.17024005187 -0.0504264227698    1.24942835961  -0.292123821409 1744440066.81
0.00458533528756   0.440330238582  -0.138712040225 0.461684713211 0.961717184298  3.15042776126  9.14371149941 -0.115734820218   1.85170449637 -0.341780677333 1744440066.86
-0.00037849317359    0.505552683052   -0.149388301871 0.527162710493 0.761993625776  3.15066061982  9.11551078685 -0.265614556975   2.70854147272  -0.38900652939 1744440066.88
-0.00844232342444    0.573176699694   -0.157791733595 0.594559528632 0.549913667794  3.15177074724  9.09229960795 -0.239181092176   1.58525633944 -0.165707126552 1744440066.91
-0.0202147716347   0.637024556081  -0.163131080095 0.657891078626 0.330415373304  3.15340045442  9.07926377369 -0.424641905936   1.81332734489 -0.109595397644 1744440066.96
-0.0360431604258   0.691039189893  -0.164915205546 0.711358767713 0.108291376264  3.15436429347  9.07934615736  -0.698624324179    1.81959009886 0.00188740431396 1744440066.97
-0.0559967686461    0.73021994769  -0.163034411409 0.750291296368 -0.112379987367   3.15276127579   9.09300736511 -0.527250297378  0.725833230145 0.0857496844822 1744440067.01
-0.0798545599197   0.751351663437  -0.157789910972 0.771883235272 -0.328653088499   3.14620289977   9.11850001648 -0.832680553152  0.377662266814  0.214668714183 1744440067.06
-0.107096500802  0.753396231327 -0.149860675388 0.775586077679 -0.538911828459   3.13211690126   9.15252715762  -1.07268067911 -0.260527513268  0.330571307266 1744440067.07
-0.136905066944  0.737495511262 -0.140208480585 0.76308652492 -0.74281484761  3.10807814657  9.19108376625 -0.723664148773 -0.554076658809  0.236028433444 1744440067.11
-0.168189238661  0.706620306158 -0.129934825481 0.737890869946 -0.941008373535   3.07211712631   9.23026698231 -1.06654434537 -1.23291281908 0.341591029958 1744440067.16
-0.199644555148  0.664969394926 -0.120114382775 0.704606066918 -1.13467193359  3.02296185005  9.26688297903 -1.13405524065 -1.64330008636  0.33650484394 1744440067.17
-0.229858283502  0.617258921386 -0.111635952934 0.668061368822 -1.32499388578  2.96017942476  9.29875859409 -0.678945314837  -1.13828596086  0.176537534316 1744440067.21
-0.257458855389  0.568040813399 -0.105081663954 0.632453622019 -1.51268448216  2.88419824894  9.32475756682 -0.905591188845  -1.69196340291  0.193099337439 1744440067.25
-0.281295546246  0.521155991962 -0.100667978115 0.600720229486 -1.69762325345  2.79620938938  9.34457774189 -0.77420281957 -1.59032878787 0.122375317318 1744440067.27
 -0.300621318223   0.479378636685 -0.0982591363783 0.574309944335 -1.87870925257  2.69796445202  9.35844749115  -0.39600919808 -0.897043103614 0.0375658884571 1744440067.31
 -0.315242706766   0.444258620942 -0.0974477113844 0.553389323085 -2.05394371407  2.59150431017  9.36683952645 -0.453669430661   -1.1487138965 0.0104874124262 1744440067.35
 -0.325599018205   0.416133839632 -0.0976817304006 0.537330264918 -2.22073127915  2.47886498297  9.37028389088  -0.305737561979  -0.873446843698 -0.0167668809714 1744440067.36
 -0.332740940854   0.394268762857 -0.0984073278811 0.5252127124 -2.37634365042  2.36181061319  9.36930522963  -0.146863595675  -0.455340211583 -0.0176202172604 1744440067.41
 -0.338195808042   0.377078381926 -0.0991930523364 0.516143170375 -2.51845446517  2.24163722066  9.36445349705  -0.204083193154  -0.591644692315 -0.0260056850004 1744440067.45
-0.343730418391  0.362409862791  -0.09980768274 0.509365372507 -2.64563384166  2.11907547074  9.35636151218  -0.217825312122  -0.495109665004 -0.0176793957672 1744440067.46
-0.351047297046  0.347867376309 -0.100236120096 0.504274921085 -2.75769297276  1.99429941339  9.34575875511   -0.206466053963   -0.363589605164 -0.00961759200295 1744440067.51
-0.361470001453  0.331170209213 -0.100634027163 0.500461264079 -2.85579703475  1.86702610617  9.33339790806  -0.461852676377  -0.700077374106 -0.0187651140579 1744440067.55
-0.375681508466  0.310526780647  -0.10123701023 0.497807602938 -2.94231481164  1.73667372322  9.31989636249  -0.534630200234  -0.769056445706 -0.0269189013468 1744440067.56
-0.393573403496   0.28499001165 -0.102250449714 0.496562669908 -3.02043407982  1.60253754065  9.30554024071  -0.448570536164  -0.648947027258 -0.0292250534412 1744440067.61
-0.414242944834  0.254739947853 -0.103749346524 0.497246000769 -3.09362676444  1.46394607165  9.29012636919  -0.795601098623   -1.19164784517 -0.0628518220105 1744440067.65
-0.436144461522  0.221227267165 -0.105613527727 0.500317611416 -3.1650821424 1.32037248599 9.27291943252  -0.712662063141   -1.11753032472 -0.0622106812413 1744440067.66
 -0.45736810829  0.187115079892 -0.107513887863 0.505724110249 -3.23723086647  1.17149502379   9.2527779233  -0.465760723002  -0.762658462808 -0.0390337646539 1744440067.71
-0.475990768073  0.155981055104 -0.108952906244 0.512609048517 -3.31145653628  1.01721793081  9.22846013503  -0.611296046467   -1.02307474017 -0.0339628984567 1744440067.75
-0.490427732987  0.131785968665  -0.10935064222 0.519465557832 -3.38804230797 0.857674863439  9.19906933629 -0.390212147527 -0.621943663426  0.013070331304 1744440067.76
-0.499713742405  0.118169947333 -0.108158294554 0.524762972667 -3.46634106243 0.693235645648  9.16454588269 -0.155065980401 -0.165208021295 0.0512665226968 1744440067.81
-0.503658109679  0.117690263414 -0.104976533823 0.527771316198 -3.54510483744 0.524525357013  9.12607607372 -0.0541205730756   0.224190260367   0.146874674476 1744440067.85
 -0.502846946788    0.13114900255 -0.0996552734732 0.529137303821 -3.62287635705 0.352447651276  9.08627710673 0.0853559785869  0.653009168978  0.208808734896 1744440067.87
 -0.498498598752   0.157162694034 -0.0923546768987 0.530782772609 -3.69834008859 0.178190353361  9.04904530194 0.129840075313 0.743780958927 0.196512971787 1744440067.91
 -0.492207983193   0.192093657163 -0.0835532006133 0.534929723584   -3.77055151252 0.00318802510067    9.01902186554 0.151163522094 0.860604629052 0.215727082823 1744440067.95
 -0.485634881088   0.230398451011 -0.0739967275248 0.542586582623 -3.83900304197 -0.17097403137  9.00072444593 0.200199642813   1.2213185794 0.316039198944 1744440067.99
-0.480197209362  0.265365422417 -0.064592750501 0.552431344794  -3.90353129707 -0.342710208438   8.99749057391 0.162856556935  1.10401040363 0.327751697593 1744440068.01
 -0.476823714146   0.290129665743 -0.0562640984089 0.56098282156  -3.96411142508 -0.510613479665   9.01045458684 0.0504854424069  0.384175558961  0.170187528654 1744440068.05
 -0.475804884972   0.298789387769 -0.0497861290791 0.56404259188 -4.02061069031 -0.67362138108  9.03781111678  0.0010403132796 -0.0447550036583   0.175404187306 1744440068.1
-0.476760687983  0.287418236215 -0.045637440965 0.558563131734   -4.0725799198 -0.831125081359   9.07459282308 -0.0577344453251  -0.870692504022   0.116555678587 1744440068.11
 -0.478723016134   0.254781085372 -0.0438949361199 0.544073426163  -4.11914616042 -0.982989287646   9.11310557362 -0.0406531338421  -0.970600102658  0.0164704135313 1744440068.15
 -0.480312684681   0.202613744308 -0.0441983672958 0.523169284381 -4.15903742145 -1.12947379223  9.14403068589 -0.0201758368009   -1.91969754526 -0.0305982570082 1744440068.2
 -0.479977608243    0.13540871857 -0.0457976245763 0.500810790515 -4.19073097689 -1.27107512906  9.15804465473  0.0816588837248   -2.87305137214 -0.0700104761763 1744440068.21
 -0.476251939043  0.0597421999605 -0.0476798591163 0.48234677242 -4.21268360974 -1.40833068571  9.14765803962   0.136447981627   -1.73264800018 -0.0336941157764 1744440068.25
 -0.467995942925 -0.0167372362782 -0.0487563463807 0.47082642129 -4.22358574172 -1.54163985055  9.10887924677    0.345786595251    -2.33327841373 -0.00630081455674 1744440068.3
 -0.454582567476 -0.0864771087442 -0.0480747115879 0.465225514008 -4.22258421074 -1.67115232599  9.04230291685  0.637506230734  -2.51911022918 0.0745718318186 1744440068.31
 -0.43600712277  -0.14314127782 -0.045014477201 0.461105128663 -4.20943490945 -1.79675243571  8.95332366262  0.473612388678  -1.09119217585 0.0982989916959 1744440068.35
 -0.412908601398  -0.182492979122 -0.0394252147772 0.453157310542 -4.18456699984 -1.91813595661  8.85136916524  0.800425188514 -0.966294030744  0.215648029959 1744440068.4
 -0.386502485593  -0.202904558741 -0.0316770939775 0.437673245253 -4.14905737332 -2.03494379945  8.74828358628   1.08713397275 -0.457842420101  0.335555621502 1744440068.41
 -0.358434281006   -0.20543463609 -0.0226111284793 0.413750875089 -4.10452519221 -2.14689744659  8.65620420309 0.636062750436 0.106997232832 0.207885885355 1744440068.45
-0.330570932768 -0.193495862231 -0.013396852963 0.383271791241 -4.05296356695 -2.25388320389  8.58539757719 0.870133273205 0.538635775607 0.280225567713 1744440068.5
   -0.30475484943   -0.172205631809 -0.00532372015814 0.350083761226 -3.99653059643 -2.35595612395  8.54252229109 0.964764239009 0.923040050707 0.277903217774 1744440068.51
   -0.28255266376   -0.147554290531 0.000434952704721 0.318760828265 -3.93732447563 -2.45327039164  8.52966913557  0.452107540576  0.531234042406 0.0952300795914 1744440068.55
 -0.265036297237  -0.125535658083 0.00304243290746 0.29327921287 -3.87716516966 -2.54597578183  8.54433573047  0.482121576837  0.583136587952 0.0278703806174 1744440068.6
 -0.25263409604 -0.111367128755 0.0021644788449 0.276100178953 -3.81739832619 -2.63413532895  8.58027639237  0.400330125871  0.333924118983 -0.100111054052 1744440068.61
  -0.245081850024   -0.108891216971 -0.00194760060356 0.268190610374 -3.75872950648 -2.71771080945  8.62898347749  0.127099340611 -0.100810891107 -0.121259800953 1744440068.65
   -0.24148683117   -0.120208761604 -0.00847062840966 0.269884767152 -3.70109420253 -2.79663353749  8.68144271953 0.0738353829581 -0.590242740107 -0.228129533203 1744440068.7
 -0.240495392571  -0.145555524867 -0.0161183999665 0.281574586006 -3.64357488296 -2.87094043126  8.72978056024 0.0190708483964  -1.26188957591 -0.296707689921 1744440068.71
 -0.240531766466  -0.183403967631 -0.0233296968672 0.303375708946   -3.584388241 -2.94092477424  8.76848263471 0.00497925278346  -0.972352164625   -0.14139983403 1744440068.75
 -0.240059116279  -0.230751881759 -0.0285076876781 0.334196796066 -3.52097613804 -3.00723988665  8.79498743971  0.043860791782  -1.61320362929 -0.111878313041 1744440068.8
  -0.23780898673  -0.283548036485 -0.0302748520113 0.371307379173 -3.45023283808 -3.07090633946  8.80961376395  0.141451809577  -2.11332161105 0.0159531212531 1744440068.81
 -0.232934191749  -0.337199844711 -0.0277041293123 0.410767077235 -3.36888273009 -3.13320438295  8.81492713863 0.146020141044 -1.18618923022 0.112090248435 1744440068.85
 -0.225060827501  -0.387107237802 -0.0204889120384 0.448245674994 -3.27398762753 -3.19547115665  8.81475712918 0.301883600261 -1.48529798272 0.301714274099 1744440068.9
  -0.214241653053   -0.429169034138 -0.00902207523937 0.479757171502 -3.16351932297 -3.25885335536  8.81312390443 0.455896659437  -1.3758912636  0.49163138243 1744440068.91
 -0.200837665342  -0.460212483259 0.00563294354546 0.502158369063 -3.03689482593 -3.32407979882  8.81331551458  0.332564162674 -0.565966853502  0.355943592873 1744440068.95
-0.185369976476 -0.478303648693 0.0218792949219 0.513434622983 -2.89535284994 -3.39131066611  8.81728881251   0.54598750573 -0.381821480051  0.541434167531 1744440068.99
-0.168385786028 -0.482906820511 0.0378141859311 0.512818372223 -2.74206101051 -3.46009430953  8.82547044614  0.416988162495 0.0408358283052  0.353051345878 1744440069.01
-0.150370562824 -0.474876141212 0.0515122466603 0.500771571889 -2.58188647863 -3.52942803324  8.83693707631 0.423995371689 0.307868981338 0.271790515334 1744440069.08
 -0.13171820228 -0.456281974085  0.061318927134 0.478855860893 -2.42083122843 -3.59788850626  8.84987852169   1.2966510942  1.54337811453 0.502933824054 1744440069.09
-0.112749384612 -0.430096397953 0.0661044242383 0.449516551604 -2.26521016342 -3.66378170975  8.86220595162  0.446133440973  0.663927647681 0.0483589697113 1744440069.11
-0.093753126147 -0.399783040411 0.0654341801013 0.415809764181 -2.12071529609 -3.72526701883    8.872160186   0.437078070225   0.709533695761 -0.0750523017045 1744440069.18
-0.0750222979757  -0.368851872009  0.0596261658182 0.381097531254 -1.99154303578 -3.78043275018  8.87879558769   1.31163044552   2.10962808854 -0.559914313612 1744440069.19
-0.0568609555868   -0.34044562603  0.0496854953804 0.348719143444 -1.8797544377 -3.8273316579 8.88225344608 0.416047381851 0.608037260112 -0.26390257467 1744440069.21
-0.0395557878387  -0.317018930401  0.0371294412912 0.321627514362 -1.78499168153 -3.86401136198  8.88378652467   0.38908243148  0.467384735782 -0.301017710703 1744440069.28
-0.0233197313264   -0.30015427651  0.0237359748569 0.301993039785 -1.70460032102  -3.8885850899  8.88554626543   1.11011792517  0.938497893432 -0.916592317146 1744440069.29
-0.00822700514531   -0.290533458998   0.0112621700119 0.290868030014 -1.63412432334 -3.89937695807   8.8901889687   0.34216557509  0.141995718815 -0.264667970851 1744440069.31
0.00583793953322   -0.28805409831 0.00118226944944 0.288115676165 -1.56806851216 -3.89514608557  8.90038988189   0.318773718787 -0.0176784897858  -0.194955637063 1744440069.38
  0.0191999879848   -0.292054499753 -0.00551163097378 0.292736824538 -1.50077555394 -3.87535537805   8.9183682128  0.931557486641 -0.475261439551 -0.337029820565 1744440069.39
  0.0323742985922   -0.301592402051 -0.00841836653958 0.303441824868 -1.42725013306 -3.84041809082  8.94551825707   0.315207890288  -0.278183325193 -0.0261630040784 1744440069.41
   0.046013111869   -0.315718133154 -0.00773718398547 0.319147317209 -1.34378220053  -3.7918413256  8.98221337454  0.331942949786 -0.374413779255 0.0493498156616 1744440069.48
  0.0608316345679   -0.333690745206 -0.00418762663223 0.33921606303 -1.24826859055 -3.73219732973  9.02780675516  1.09366455257 -1.36673526228 0.307936862465 1744440069.49
  0.077529175911  -0.355103259016 0.00113661361135 0.363469929392 -1.14019761827 -3.66488895514  9.08080580666  0.422733740468 -0.544376853472   0.13118938741 1744440069.51
 0.0967183618609  -0.379904003849 0.00694930737381 0.392083902417 -1.02033129105 -3.59372507227  9.13915694436  0.483797677081 -0.622808590698  0.126650208584 1744440069.58
 0.118867233216 -0.408319093718 0.0119582314657 0.425437305283 -0.890180241286  -3.52237112649   9.20055459685  1.62465376001 -2.07780567896 0.276261691176 1744440069.59
 0.144249790887 -0.440693001229 0.0150317144011 0.463944259519 -0.751404668121   -3.4537759763   9.26268867066  0.642644554581 -0.820167103715 0.0400935612289 1744440069.61
 0.172894339886 -0.477270515283 0.0153288958459 0.507852904463 -0.605282303882    -3.389689649   9.32336938349    0.71033335334  -0.910515717226 -0.0311784594493 1744440069.68
 0.204519426037 -0.517947504086  0.012386316481 0.55700200489 -0.452360869573  -3.33037480974   9.38051181931   2.15900810475  -2.79101099532 -0.301931433403 1744440069.69
  0.238455688388  -0.562023529473 0.00616031890282 0.610548534136 -0.292364766534  -3.27458055538   9.43201364079  0.832939117822  -1.08630224393 -0.185268101073 1744440069.71
   0.273566742305   -0.607997608583 -0.00297166694851 0.6667148456 -0.124366552403  -3.21979787432   9.47560363121  0.831797396158  -1.09049017582 -0.243396818556 1744440069.78
  0.308198252947  -0.653456349338 -0.0142474371322 0.722630163413 0.0528230469143  -3.16276127121    9.5087619865   2.07198305923  -2.70884115383 -0.734531832518 1744440069.79
  0.340194892081  -0.695105016779 -0.0265917910289 0.77434531851 0.240136183851 -3.10011071598  9.52880583928  0.719948457629 -0.924313662061 -0.299547611883 1744440069.81
  0.367023768698  -0.728980127895 -0.0387228597466 0.817078902875 0.437713184028 -3.02909168956  9.53319351517  0.554497815816 -0.674469678975 -0.274627307174 1744440069.87
  0.386027147392  -0.750853598009 -0.0492912291491 0.845711362959 0.644467269781 -2.94815644715   9.5200360638  0.807704202134 -0.808905163133 -0.532851240575 1744440069.89
  0.394798383288  -0.756796040066 -0.0570460748564 0.855488319244 0.857845658692  -2.8573414421  9.48873064539 0.0692511506429 0.0867963292402 -0.144674738425 1744440069.91
  0.391639171546  -0.743819735154 -0.0610154838206 0.8428356473 1.07384923333 -2.7583341532 9.44056817173  -0.230439218874   0.568407221917 -0.0445961529049 1744440069.97
  0.376022684155  -0.710483424375 -0.0606796748726 0.806140048784   1.2873273454 -2.65420139532  9.37913740154 -1.17648082271  2.38460954562 0.135277422778 1744440069.99
  0.348965801555  -0.657325060988 -0.0561086945197 0.746325366083  1.49251487069 -2.54881905736  9.31036315213 -0.768587327491   1.51096298345  0.154745809216 1744440070.01
  0.313212174358  -0.587004475557 -0.0480335345862 0.667070716592  1.68373290107 -2.44610542336  9.24207957034 -0.936117039344   1.89205905694  0.225763657279 1744440070.07
 0.273149611333 -0.504087054047 -0.037824078744 0.57458256949  1.85613932964 -2.34920271559  9.18313895357 -2.14354525197  4.69418857051 0.562488994254 1744440070.09
 0.234428030683 -0.414473652409 -0.027359740227 0.476962750638  2.00639678829 -2.25976452879  9.14216919897 -0.852652901845   2.19144708805  0.232256920158 1744440070.11
  0.203300363611  -0.324563909059 -0.0187976130907 0.38343985078  2.13312764189 -2.17748754681   9.1261898589 -0.603104629879   2.15861363659  0.162301624958 1744440070.17
  0.185767168926  -0.240308185003 -0.0142646045842 0.304073911696  2.23705242455 -2.09997897329  9.13935196772 -0.450558480482   4.28262511875 0.0887360555445 1744440070.19
  0.186654003736  -0.166337791859 -0.0155191656116 0.250497150907  2.32075960995 -2.02298716862  9.18206423776  0.281504350334   1.65098914776 -0.114693174902 1744440070.21
  0.208777978233  -0.105352556778 -0.0236398869675 0.235045207717  2.38812569995 -1.94095585953  9.25070601715  0.817044733146   1.34854779756 -0.289485315573 1744440070.27
  0.252359196874 -0.0578901268776  -0.038799027532 0.261804880731  2.44348274649 -1.84780537625  9.33801814906   2.83815364949   2.21744972826 -0.977825088635 1744440070.29
  0.314801791617 -0.0225161408503  -0.060168122406 0.32129012988  2.49069700999 -1.73780782279  9.43413025682   1.70169978501  0.755465156103 -0.579499515809 1744440070.31
  0.390911499374 0.00361980440281 -0.0859818460994 0.40027213391  2.53235759526 -1.60641211213  9.52805558967   1.98309815923  0.581080273619 -0.669498662111 1744440070.37
 0.473541217702 0.0239971135309 -0.113758930755 0.487604594571 2.56926297375 -1.4508892332 9.60938882023  4.30082476045  1.00560092566 -1.43658651924 1744440070.39
  0.55457606466  0.041887171133 -0.140650036799 0.573665041162  2.60033292093 -1.27070312209  9.66989690659   1.88459301989  0.440438116493 -0.618873499685 1744440070.41
 0.626100860928 0.0596510086723 -0.163857344215 0.649930581019  2.62297458499 -1.06756026619  9.70470720581   1.60037690551  0.459173926398 -0.509250918567 1744440070.47
 0.681550701182 0.0783182407167 -0.181054237872 0.709525011654   2.63381849129 -0.845143016428   9.71286933564   2.32122627564  0.970989042984 -0.688945348844 1744440070.49
 0.716640387264 0.0975244762233 -0.190729685877 0.747972112578   2.62964497349 -0.608579759334    9.6971870241  0.598112517258  0.463631274069 -0.140251857523 1744440070.51
 0.729904750156  0.115800233962 -0.192392815467 0.763665917747   2.60827287318 -0.363743502805   9.66336290838 0.0779872855585  0.428610884599  0.052702489491 1744440070.57
 0.722753987393  0.131124255225 -0.186598218238 0.757882439202   2.56919605752 -0.116494531433   9.61864407037 -0.775075677015  0.647815657659   0.44212478766 1744440070.59
 0.699042010105  0.141595607029 -0.174787847596 0.734343134705  2.51382509395 0.128010633242  9.57026614611 -0.717841923694  0.183175573957  0.338776988487 1744440070.61
  0.66424144608  0.146055214236 -0.158983917818 0.698444493442  2.44529824253 0.365834460463  9.52404008334 -0.961287547393 0.0374567484269  0.429965704701 1744440070.67
 0.624395214311  0.144504233338 -0.141399750305 0.65631147064 2.36793468167 0.59451994275 9.48339181277  -1.98394924407 -0.196293015056  0.875155216836 1744440070.68
 0.585054308738  0.138220395886 -0.124053066357 0.613826184913  2.28648251556 0.813067433254  9.44905449929 -0.910808931316 -0.184075034731  0.405449059992 1744440070.71
  0.55040571276  0.129550910418 -0.108463123509 0.575755274566  2.2053457502 1.02165048528 9.41945015502 -0.813498283209 -0.219060885389  0.372921121579 1744440070.77
  0.522744934296   0.121441569163 -0.0954894144329 0.545094991099 2.12795584486 1.22114617421 9.39162349058   -1.1777766024 -0.312007501526  0.567111838506 1744440070.78
  0.502366636954   0.116824768646 -0.0853318025562 0.522782728312 2.05639717427 1.41259228519 9.36245332849   -0.43083537405 -0.0422764409648   0.220024095178 1744440070.81
   0.48785390712   0.118017828822 -0.0776708527585 0.507899994074 1.99132256944 1.59669593088 9.32980473893 -0.34377422868   0.1263466242 0.179725173771 1744440070.86
  0.476664040255   0.126271190324 -0.0718944844771 0.498319011955 1.93212630844 1.77350145727 9.29331577579 -0.521714749203  0.558309212679  0.244966103994 1744440070.88
    0.4658552858   0.141559492093 -0.0673416133294 0.491523275131 1.87729321126 1.94228349908 9.25462596696 -0.296094351027  0.451001722879  0.104115272865 1744440070.91
  0.452785486332   0.162642262322 -0.0634980995116 0.485282609175 1.82482138392 2.10167455066 9.21701494675 -0.418447110648  0.634206130281  0.100263096145 1744440070.96
  0.435639987321   0.187354353705 -0.0601017990271 0.478012634405 1.77262243771 2.24998018287  9.1845815132 -0.881914544549   1.13716828474  0.143382492832 1744440070.98
  0.413702514289   0.213037072743 -0.0571439533039 0.468828322621 1.71883061933 2.38559325797 9.16121067159 -0.596153666542  0.612922079802 0.0656519910473 1744440071.01
  0.387352197559   0.237000366454 -0.0547840601301 0.457397192708 1.66199135298 2.50740078269 9.14961838591 -0.798523468945  0.627163256646 0.0561325630606 1744440071.06
   0.35783410143   0.256916328789 -0.0532166583278 0.443715288071 1.60113848579 2.61508623571 9.15072270687  -1.30039341365  0.732969802173 0.0483413242282 1744440071.08
  0.326894177242   0.271077671619 -0.0525365704615 0.4279053615 1.53579694423 2.70926225718 9.16348130674 -0.751853638566  0.264069211218 0.0070094060297 1744440071.11
  0.296384111533   0.278499053842 -0.0526437703245 0.41009344193    1.46595626 2.79141404019 9.18519375471  -0.864614889613   0.114414553449 -0.0099260114214 1744440071.16
  0.267927345461   0.278880756909 -0.0532135255461 0.390373178281 1.39204977314 2.86368027533 9.21213566611   -1.11689379525   -0.12517324163 -0.0227532507319 1744440071.17
  0.242702800622    0.27248284735 -0.0537373607196 0.368834997617 1.31495062437 2.92853400092 9.24031080543   -0.566430937154   -0.230043162603 -0.00496404881446 1744440071.21
  0.22136061676  0.259968729264 -0.053621623867 0.345629196385 1.23596984497 2.98844168522 9.26609938905 -0.580744016243 -0.453909407924 0.0213295415164 1744440071.26
  0.204047907648   0.242270190667 -0.0523176454553 0.321041321215 1.15682489769 3.04557281422 9.28664471822 -0.624725943719 -0.798905726252 0.0843947438241 1744440071.27
   0.19050163027   0.220505951608 -0.0494528578894 0.295566119478 1.07954558207 3.10160836912 9.29993020582 -0.287322020319 -0.557099672724 0.0888054875365 1744440071.31
  0.180163067278   0.195958958628 -0.0449353192019 0.269958936117 1.00629854272 3.15766410762 9.30461435694 -0.278067596676 -0.769358628988  0.159330295622 1744440071.36
  0.172280572759   0.170091850887 -0.0390123516435 0.245221934315 0.939136172524  3.21431440945  9.29977180393 -0.282989727948   -1.0259614503  0.252737060831 1744440071.37
  0.165986403961   0.144562357901 -0.0322741945558 0.222466593573 0.879701780144  3.27168319163  9.28470783776 -0.142486458685 -0.584021013492  0.160164178478 1744440071.41
  0.160351237198   0.121196098205 -0.0256029915718 0.202624101894 0.82894195542  3.3295634311 9.25896841917 -0.178319717293 -0.658544663098  0.188246369455 1744440071.46
  0.154430304156   0.101885036692 -0.0200747930181 0.186097492885 0.786883532869  3.38753370744  9.22257621642 -0.258155971666 -0.649443869724  0.173790844624 1744440071.47
  0.147315921024  0.0884031082749 -0.0168276043776 0.172627513476 0.75252506603 3.44505249185 9.17641917095  -0.19288054206 -0.234475630289 0.0375908283759 1744440071.51
  0.138204220462  0.0821597644551 -0.0169124630036 0.161668379263 0.723873674447  3.50152179674  9.12263741484  -0.324353277039 -0.0694712380352 -0.0672230410151 1744440071.56
 0.126473054843 0.0839389026686 -0.021147341366 0.153259202103 0.698132091705   3.5563173801  9.06482408459 -0.520422530464  0.226827364452 -0.257437019128 1744440071.57
  0.111757529841  0.0936866157744 -0.0299948274298 0.148884576515 0.672012971549  3.60878363966  9.00788637406 -0.384747105387  0.313670853739 -0.264658126079 1744440071.61
 0.0940026243186    0.11041090862 -0.0434829565667 0.151386358807 0.642133096032  3.65819174349  8.95749785217 -0.599897963799  0.604050822334 -0.488678670703 1744440071.65
 0.0734706803594   0.132238510113 -0.0611834092208 0.163182027176 0.605423763979  3.70366386662   8.9191900345 -0.846934893984  0.903904927169 -0.758034092816 1744440071.67
  0.050686074162   0.156641195497 -0.0822526684242 0.184040875089 0.559489137525  3.74407619963  8.89725029708 -0.557857850377   0.57447588486 -0.524587250295 1744440071.71
0.0263103699173  0.180803679633 -0.105531082309 0.210995297263 0.502853547661  3.77796589075  8.89368203379 -0.785966237885  0.717969440599 -0.749675052843 1744440071.75
0.000958105362819    0.202067016887   -0.129684499259 0.240104282818 0.43506046867 3.80347623581 8.90751311955 -0.995301511173  0.728200267202  -0.92758629432 1744440071.77
-0.0250163187683   0.218356228278  -0.153365765993 0.268004322374  0.3566155336 3.81837394649 8.93469286958 -0.621960281712  0.312108608746 -0.539496590275 1744440071.81
-0.0517113207494   0.228497291923  -0.175370657419 0.292643025875 0.268796763464  3.82015917406  8.96869639345 -0.877078094307  0.224082602299  -0.66290893911 1744440071.85
-0.0797908317614   0.232350438704  -0.194765174477 0.313507219036 0.173379690802  3.80626556975  9.00178161577  -1.12879780992 0.0429075035423 -0.683926866701 1744440071.87
-0.110462952938  0.230730540291  -0.21096766103 0.331581061273 0.0723370750637   3.77432145611   9.02666195125  -0.770336473631 -0.0847885872327  -0.341191216734 1744440071.91
-0.145295357822  0.225140555215 -0.223777910746 0.349106808792 -0.032430533098   3.72242346856   9.03822049315  -1.21991987972 -0.215718973575 -0.362118238391 1744440071.95
-0.185879309313  0.217394632533 -0.233354080475 0.36914180305 -0.139294066942    3.6493677917   9.03484642035  -1.67834261565 -0.302950104351  -0.31177892591 1744440071.97
-0.233401158485  0.209236971968  -0.24014496932 0.394874432586 -0.247009343408   3.55479310725   9.01904334841   -1.1976670414 -0.179467239238 -0.133825916125 1744440072.01
-0.288218165685  0.202059425514 -0.244789304737 0.428741794305 -0.354750100637   3.43920986191   8.99712958442  -1.88512715106 -0.202115217479 -0.127416606185 1744440072.05
-0.349550103343  0.196783982133 -0.247995529616 0.47160470002 -0.462078252809   3.30391542346   8.97807541856  -2.41282957223 -0.154497026268 -0.106768644556 1744440072.07
 -0.41538129039  0.193916983609 -0.250416322334 0.52235404414 -0.568870549007   3.15081692011   8.97173757996   -1.55817063973 -0.0358679030404 -0.0531263754835 1744440072.11
-0.482621382311    0.1937207825 -0.252532641632 0.578120986755 -0.675216086589   2.98219816324   8.98689380292   -2.15361539244   0.040600655151 -0.0675809826294 1744440072.15
-0.547509419802  0.196407905914  -0.25456253565 0.634936780187 -0.781294426823   2.80047245258   9.02951311774   -2.33541211779   0.161356237259 -0.0732739274966 1744440072.17
 -0.60618267841   0.20225777075 -0.256409396995 0.688557495276 -0.887244135708   2.60796036324   9.10161768533   -1.25176708161    0.17631051054 -0.0359919295244 1744440072.21
-0.655288184769  0.211588468941  -0.25766148734 0.735229030537 -0.993037169654   2.40672315077   9.20093120351   -1.37489487602   0.355453443257 -0.0197366798866 1744440072.25
-0.692502707334  0.224574205293 -0.257648525025 0.772254061689 -1.0983822549 2.19847042724 9.32131859526  -1.17467249695  0.560489074904 0.0402496707741 1744440072.27
  -0.7168492772  0.240962034625 -0.255552121786 0.798274686622 -1.20268437231  1.98454703611  9.45385417007 -0.421533617575  0.409541247459 0.0824827807838 1744440072.31
-0.728747950878  0.259788294126 -0.250556306627 0.813229362766 -1.30508193885  1.76599035833  9.58824769602  -0.1931867944 0.570468006684 0.201907562136 1744440072.35
-0.729802033398  0.279210679065 -0.242014656996 0.818010211096 -1.40456580393  1.54363783851  9.71432414263 0.124670578853 0.719989646654 0.410335244457 1744440072.37
-0.722382186773  0.296551452611 -0.229604311423 0.813939142464 -1.50015788467  1.31825762202  9.82328743462 0.251941644794 0.357870559379 0.348042822624 1744440072.41
-0.709114822713  0.308595831591 -0.213436470945 0.802265757836 -1.59110110187  1.09067411473  9.90858340289 0.416461210578 0.216225885465 0.493136792814 1744440072.45
-0.692397266367  0.312119567481 -0.194098801891 0.783904932866 -1.67699814692 0.861864440816  9.96628914261 0.693217081062 -0.08001079006 0.806906514229 1744440072.48
-0.674046431515  0.304548254342 -0.172616770919 0.75952931521 -1.75784393551  0.63300904735  9.99506988284  0.490000012027 -0.362013404346  0.575626493979 1744440072.51
-0.655144543666  0.284597149859 -0.150336243456 0.729938967927 -1.83392679456 0.405487727987  9.99583367013  0.488595851012 -0.667089183101  0.564695791647 1744440072.55
-0.636087359014  0.252722012647 -0.128745484555 0.696455988392 -1.90561749381 0.180819921661  9.97125487592 0.742885167847   -1.420675542 0.795355645462 1744440072.58
-0.616785116664   0.21123951384   -0.1092674644 0.661048705559  -1.97310659407 -0.039444391564   9.92531772626 0.567644599953 -1.28549726103 0.517331487075 1744440072.61
 -0.596931246679    0.16404843914 -0.0930599696674 0.626018339668  -2.03617224391 -0.253868684623   9.86295965964 0.495597513082 -1.16459918309 0.347312758952 1744440072.65
 -0.576248556504    0.11598309386 -0.0808596048448 0.593340334572  -2.09405316308 -0.461285516149   9.78980241756 0.798273437937 -1.73905438223 0.380653836608 1744440072.69
 -0.554645995217  0.0719291873107 -0.0728963985953 0.564021163544 -2.14546808405 -0.66093332735  9.71188817863 0.684907745121 -1.24691002878 0.186357925809 1744440072.71
 -0.532259731874  0.0358991599627 -0.0688905970837 0.537898769497   -2.1887773176 -0.852541632255   9.63532169578  0.546639822659 -0.744745854611 0.0576235027217 1744440072.75
 -0.509394040961  0.0102776135532 -0.0681262080582 0.514032196006 -2.22224240923 -1.03633747351  9.56576467553  0.853179408933 -0.753455003358 -0.012853995734 1744440072.79
  -0.486406391443 -0.00459458426798   -0.069581423229 0.491379550144 -2.24431954611  -1.2129603014  9.50781371951   0.733846600636  -0.331474879228 -0.0634699403086 1744440072.8
 -0.463590215279 -0.0104117479196 -0.0720877527181 0.469277035757 -2.25392464458 -1.38329282065   9.4643782515   0.538994829544 -0.0700474724315 -0.0583821107086 1744440072.85
 -0.441099153564 -0.0104826880535 -0.0744889511545 0.447467265695 -2.25062600771 -1.54823658835  9.43622155798   0.816772881028  0.0258591141464 -0.0674689782066 1744440072.89
  -0.418935021845 -0.00899795986287  -0.0757764651406 0.425828120817  -2.2347426942 -1.70847701604  9.42181600527   0.716483136169 0.00549698800495 -0.0113445765567 1744440072.9
 -0.396997295255 -0.0101443306326  -0.075187246596 0.404181743693 -2.20734434366 -1.86428794071  9.41759669363   0.516268302908 -0.0973288933912  0.0414952724067 1744440072.95
 -0.375172330248 -0.0172482714178 -0.0722590212091 0.382456724868 -2.17015866741 -2.01541912363  9.41859975246  0.803162215424 -0.405060425063  0.153788884913 1744440072.99
 -0.353430339268 -0.0321165416905 -0.0668450792832 0.361127043558 -2.12539921999 -2.16109262288  9.41937373478  0.633707119963 -0.548416473341  0.192781258141 1744440073
 -0.331898287122 -0.0546980607142 -0.0590945415689 0.341526742267 -2.07553286958 -2.30011064354   9.4149833575 0.498981153944  -0.5982665351 0.204539453516 1744440073.06
 -0.310885583267 -0.0831266921904 -0.0494053802613 0.325577616608 -2.02301523636 -2.43105416144  9.40190154397 0.877290255433 -1.27030793984 0.443232391923 1744440073.09
 -0.290853323935  -0.114130776744 -0.0383574399118 0.314790062487 -1.97003068045  -2.5525337413  9.37861206051  0.473220117147 -0.743821417983  0.279529939806 1744440073.1
 -0.272333011276  -0.143724768489 -0.0266324723959 0.30908148876 -1.91827625814 -2.66344502556   9.3458117762  0.410010161881 -0.630848229139  0.274148640556 1744440073.17
 -0.255813583729  -0.168043484559 -0.0149285153726 0.306434434903 -1.86882277606 -2.76318243914  9.30618995097 0.928649416901 -1.22247232522 0.688124476011 1744440073.19
  -0.241623600901   -0.184150577867 -0.00387695611784 0.303823025181 -1.82207108765 -2.85177451985  9.26384907482  0.309681595017 -0.269581671894  0.249838370985 1744440073.2
 -0.229837212411  -0.190656238181 0.00602815237406 0.298682580656 -1.77780268175 -2.92991995934  9.22349710365   0.250285942318 -0.0452120391384   0.214724133655 1744440073.27
-0.220228150435 -0.188015485081 0.0144785277063 0.289930834232 -1.73530662638 -2.99892104212  9.18957201954   0.5773821651  0.40182932346 0.504695962675 1744440073.29
-0.212286562349 -0.178441857019 0.0213693644239 0.278143363441 -1.69355469449 -3.06052709784  9.16545499629 0.176065046406 0.266157188742 0.145116448282 1744440073.3
-0.205300814006  -0.16544985959 0.0267819467498 0.265027079638 -1.65139431596  -3.1167126151  9.15289637657 0.161117390093 0.295796040366  0.11170706643 1744440073.37
-0.198492471527 -0.153117232263  0.030933182575 0.252588617822  -1.6077331068 -3.16942233696  9.15173260768 0.479348104834 0.686768191561 0.248458305504 1744440073.39
-0.191179698361 -0.145218355686 0.0341012798807 0.242489061987  -1.5616957766 -3.22031959784  9.15992475072  0.182700798417  0.102255295302 0.0658758066384 1744440073.4
-0.182934713848 -0.144409754685 0.0365427904448 0.235912403897 -1.51274091509  -3.2705748737  9.17390707358   0.203964023872 -0.0749325159296  0.0503763775048 1744440073.48
-0.173697299772 -0.151641057523 0.0384191977873 0.233755849196 -1.46072957962 -3.32072854108  9.18919793708  0.660154827994 -0.742570470223  0.110715202221 1744440073.49
-0.163810655989  -0.16592131536 0.0397501046132 0.236524596444 -1.40593991793  -3.3706538904   9.2011917735  0.231237729804 -0.384941375388 0.0232629482526 1744440073.5
-0.153958725285 -0.184499856205 0.0404049353106 0.243672002554 -1.34902424098 -3.41963242806  9.20601942277   0.219309152198  -0.437466618414 0.00451085446776 1744440073.58
 -0.14500367099 -0.203436521851 0.0401369355842 0.253028568785 -1.29090939607 -3.46653379759  9.20133881801    0.56481437235   -1.18279550996 -0.0609990681609 1744440073.59
-0.137744583602  -0.21845439936 0.0386538333874 0.261132176774 -1.23264904887  -3.5100699243  9.18690820933   0.144768661771  -0.263064486862 -0.0518204476193 1744440073.6
-0.132638824428  -0.22590514162 0.0357108956131 0.264388840199 -1.17524648595 -3.54907226712   9.1648096327   0.095675418732 -0.0605523465059 -0.0868612177847 1744440073.68
-0.129541364645 -0.223646162963 0.0312063448077 0.260331341407 -1.11947602657  -3.5827287863  9.13923655457  0.178253117357  0.497020872499 -0.364167139692 1744440073.69
-0.127522217284 -0.211638571785 0.0252577814335 0.248376239788 -1.06573666873 -3.61071929638  9.11583412326  0.055092329675  0.367509565706 -0.151154598293 1744440073.7
-0.124816140898 -0.192125170163 0.0182419393905 0.229834545688 -1.01396993754 -3.63320701377  9.10067232694 0.0999707086504  0.492920309028 -0.168586431693 1744440073.78
-0.118941662533 -0.169330882298 0.0107878919334 0.207211113115 -0.963662758615  -3.65067777366   9.09902361967  0.626384439511   1.52567575737 -0.510403468691 1744440073.79
 -0.106998632124   -0.14872731498 0.00372350995881 0.183254975441 -0.913935716583  -3.66365846731   9.11418499208  0.383474207156  0.389421964536 -0.149586731695 1744440073.8
   -0.08611768043   -0.135997794033 -0.00201618227124 0.1609836012 -0.863691788305  -3.67238137161   9.14660791029  0.618439887008  0.149580077347 -0.107672638739 1744440073.88
 -0.0539971325222   -0.135908011801 -0.00550424432916 0.146345395206 -0.811779740967  -3.67648060697   9.19356231941   2.68619458668 -0.536502654255 -0.137585360221 1744440073.89
-0.00943219134427    -0.15131387301 -0.00594396944344 0.151724042826 -0.757120642379  -3.67480489113   9.24946088537   1.18109902365 -0.543565455997 0.0317488975451 1744440073.9
  0.0472726561432   -0.182514399371 -0.00278203045856 0.188557550074 -0.698761844249   -3.6654073422   9.30682340954   1.44192006914 -0.884405105196  0.118411255742 1744440073.98
  0.114107062473  -0.227086968278 0.00420114087932 0.254178210028 -0.635857225294  -3.64573438936   9.35770359575   4.9225661959 -3.43207098579 0.618713461455 1744440073.99
 0.187438261262  -0.28023950603 0.0148352738637 0.337472025322 -0.567611744116  -3.61299136361    9.3952755716  1.74806712007 -1.27930916934 0.287027335826 1744440074
 0.262385256864 -0.335603198301 0.0285479720783 0.426954934905 -0.493253380337  -3.56462205285   9.41522550308  1.71323715684 -1.24455980719 0.346969771023 1744440074.07
 0.333434781968 -0.386296861215 0.0444029137887 0.512226158609 -0.412091041599  -3.49881153211   9.41663402663  4.52182081227 -3.07915673941  1.11134603316 1744440074.09
 0.395198995007 -0.426043384648 0.0611901370739 0.584328198987 -0.323680187263  -3.41491101233   9.40215891372   1.31751284501 -0.766190436998  0.398058779947 1744440074.1
 0.443185322327 -0.450121525086 0.0775617299319 0.636426303056 -0.228061993975  -3.31369232741   9.37749843663  0.942137758689 -0.356009721826  0.368607067698 1744440074.17
 0.474447388564 -0.455989322262 0.0921957068004 0.664474705978 -0.125991778105  -3.19736729084    9.3502839425  1.43308382462 0.211669449734 0.843986868714 1744440074.19
 0.488011217725 -0.443500647473  0.103961069904 0.667574472991 -0.0190536043304   -3.06934991959    9.32866784726  0.12889386305 0.503290334002 0.242201331532 1744440074.2
 0.485014536399 -0.414727905798  0.112052177973 0.647915138698 0.0904161851011  -2.93379046226   9.31991220129 -0.23470405497 0.844375068575 0.145942087524 1744440074.27
 0.468547301698 -0.373476951324  0.116063990481 0.610321601276  0.19961021286 -2.79495901791   9.3292419764 -1.24307188148  2.68051795599 0.117210725688 1744440074.29
 0.443227350014 -0.324619437332  0.115992341461 0.561500210304 0.305673528711   -2.656591563  9.35913033055  -0.666924888322    1.23708067014 -0.0482142428279 1744440074.3
 0.414578957368 -0.273370932282  0.112162437391 0.509104891815 0.406150081743 -2.52132267991  9.40906825979  -0.67117786435   1.22197451023 -0.132996950867 1744440074.37
 0.388301808379 -0.224619697466  0.105108595214 0.460738667433 0.499320434642 -2.39031310864    9.475774487  -1.25341129526   2.53149542151 -0.465167301515 1744440074.39
 0.369525165244 -0.182376484638 0.0954420272716 0.42298842829 0.584336126026 -2.26313986027  9.55374470094 -0.324111226633   0.93208072461   -0.2646594703 1744440074.4
 0.362140262546 -0.149384190045 0.0837458644803 0.400592780527 0.661127719884 -2.13796210673  9.63602400899 -0.0151729614635   0.684437707151  -0.307428148724 1744440074.47
 0.368295444973   -0.1269049852 0.0705259535353 0.395879173711 0.730140904449 -2.01192091274  9.71509832939  0.695012959674  0.928007338895 -0.736138039755 1744440074.48
 0.388123312923 -0.114690647858 0.0562253535241 0.408601200585 0.792008391444  -1.8816880014   9.7838188722  0.640968998573   0.19649123095 -0.364264045168 1744440074.5
 0.419745448515 -0.111132811271 0.0412868070932 0.436166646741 0.847276221049 -1.74405690732  9.83628282631  0.890118377977 0.0138746064274 -0.373725185715 1744440074.56
 0.459566794748 -0.113577031718 0.0262290865402 0.474119548162 0.896270177398 -1.59647172838  9.86858835586   2.14956341814 -0.197472922789 -0.765556456901 1744440074.58
 0.502829739176 -0.118765476386 0.0116967449223 0.516797638175 0.939126561717  -1.4374108155  9.87937086777   1.06213367744  -0.12244087717 -0.347980761766 1744440074.6
   0.544352801487   -0.123351011451 -0.00154886630983 0.558155752008 0.975946221605 -1.26657745989  9.87002563658  0.963697220939 -0.071070898788 -0.307405347083 1744440074.66
  0.579339776619  -0.124407951024 -0.0127088402598 0.592683245648  1.00698593875 -1.08488780826   9.8445439385   1.49807994311 0.0875124673334 -0.489571094371 1744440074.68
  0.604123073266  -0.119859446144 -0.0210817340315 0.616259210066   1.03279239997 -0.894279925129   9.80894174561  0.466637663248  0.195492251681 -0.168687796735 1744440074.7
  0.616708580807  -0.108752738749 -0.0262175253524 0.626772678459   1.05421213378 -0.697392091998    9.7703346088   0.164401753781   0.363498325553 -0.0887260085098 1744440074.76
  0.617021717696 -0.0913400687984  -0.028043005485 0.624375863109   1.07226302946 -0.497171391361    9.7357909291  -0.244171498508    0.98167187537 -0.0172357711502 1744440074.78
  0.606810571738 -0.0689585892052 -0.0269162138571 0.611309119485   1.08790792493 -0.296476337198   9.71115482789 -0.344842368708  0.590652163884 0.0552913604846 1744440074.8
  0.589230210126 -0.0437382786084 -0.0235869687479 0.591321928086    1.10180724565 -0.0977320034316    9.70004976823 -0.497429213543  0.653943858467  0.101101459625 1744440074.86
  0.568196187853 -0.0181943025447 -0.0190679201363 0.568807108003   1.11413362083 0.0973152199635   9.70324697893 -1.01898493735  1.19962367106 0.223937109552 1744440074.88
  0.547639493915 0.00522535749029  -0.014446789702 0.547854934622  1.12450749098 0.287712371195   9.7185150793 -0.461252316092  0.527540776143  0.103396187424 1744440074.9
  0.530809415543  0.0245654759847 -0.0106871498243 0.5314850077  1.13207072155 0.473273905059  9.74097715445 -0.362326734618  0.434942756169 0.0776907948204 1744440074.96
   0.519753069253   0.0387006637365 -0.00846732892874 0.521260673781  1.13567184199 0.654428316446  9.76391117031 -0.383555536295  0.559349733066 0.0631199029527 1744440074.98
  0.515056887083  0.0475378274566 -0.0080948314414 0.517309354514  1.13410623033 0.831974336258  9.77985748615 -0.0481499905163   0.165934526009 -0.0129740587805 1744440075
   0.515877941782   0.0520551303334 -0.00951148555351 0.518584858793 1.12634482141 1.00680214745 9.78185318691  0.0686492374101  0.0878752787925 -0.0568024853846 1744440075.06
  0.520235044219  0.0541661895347 -0.0123793975359 0.52319377558 1.11169524142 1.17964302407 9.76459867287  0.226766577566  0.103000210276 -0.158314903646 1744440075.08
  0.525482653912  0.0564177104791 -0.0162169228878 0.52875132738 1.08986361618 1.35090411747 9.72537458659   0.10843041163 0.0928263591092 -0.102595470556 1744440075.1
  0.528862651222  0.0615522109829 -0.0205427290863 0.532828661254 1.06091552674 1.52062325511 9.66456299093 0.0350613442693  0.214955945497 -0.121027000416 1744440075.16
  0.528023372224  0.0719944808025 -0.0249871375662 0.533494371033 1.02516285571 1.68854576573 9.58568218649 -0.166100902998  0.619548528712 -0.196155049882 1744440075.18
  0.521411185614  0.0893458260168 -0.0293424561306 0.529823820568 0.983022866262  1.85428996279  9.49491520475 -0.244548194623  0.525235382653 -0.107033959305 1744440075.2
  0.508472712204   0.113984970295 -0.0335440788767 0.522170736193 0.934901606445  2.01754050955  9.40019084737  -0.45879277137  0.801994673906 -0.119213763928 1744440075.26
  0.489648050431   0.144869510854 -0.0375958618851 0.512011559729 0.881143243409  2.17819865116  9.30995283343 -0.891109848745   1.38249556792 -0.166999979541 1744440075.27
  0.466178018727   0.179602274784 -0.0414703889217 0.501297033114 0.822062326573  2.33642979983  9.23181408418  -0.614454211551   0.861403514878 -0.0915105892327 1744440075.3
  0.439782713454   0.214775739399 -0.0450223003133 0.491492076042 0.758044491331  2.49258006128  9.17132588704  -0.807667073508    1.00330721986 -0.0970932908694 1744440075.35
   0.41228815368   0.246545811858 -0.0479487319339 0.482768515858 0.689673308124  2.64697522443  9.13108531505   -1.1018935502   1.14335662207 -0.096921744652 1744440075.37
 0.385279715672    0.2713296265 -0.049816343833 0.473858516477 0.617826982082   2.7996555734  9.11035534545  -0.636498277816   0.484772859397 -0.0267619713334 1744440075.4
  0.359846864288   0.286486397238 -0.0501536590049 0.462687379395 0.543694103686  2.95012474044  9.10528587688 -0.754103441262    0.3013028898  0.018996008547 1744440075.45
 0.336458203247  0.290836317457 -0.048586520686 0.447381868292 0.468681535321  3.09719228373  9.10971386479   -0.88392999556 -0.0312064517475   0.101927082401 1744440075.47
  0.314975810846   0.284902260065 -0.0449795212513 0.427085725049 0.394222193798  3.23896676497  9.11640675228 -0.499866449121 -0.240168037983  0.108504936749 1744440075.5
  0.294789953559   0.270816206503 -0.0395416832003 0.402251263682 0.321524618355  3.37301568685  9.11851777369 -0.633204153461 -0.523136961613  0.192105760609 1744440075.55
  0.275034756676   0.251903989906 -0.0328619339789 0.374405721398 0.251328742431   3.4966631681  9.11096586632 -0.771555813112 -0.748948001084   0.26425829072 1744440075.57
  0.254834941781   0.232031940095 -0.0258570696718 0.34561287133 0.183736122627  3.60735957537  9.09145250119 -0.492029332412 -0.439282865081  0.156788897028 1744440075.6
  0.233533436514   0.214851689109 -0.0196372219855 0.317938256223 0.118166899749  3.70304034231  9.06088851007 -0.709603971632 -0.466791904766  0.170099779178 1744440075.65
  0.210857741563   0.203102844604 -0.0153152571328 0.293166010589 0.0534646614074   3.78239829229   9.02311895034 -0.888653251916 -0.319467758421  0.111439237754 1744440075.66
  0.186996720966   0.198121901457 -0.0138014068382 0.272782954599 -0.0118672443514    3.84502162129    8.98398290022   -0.568794015702  -0.0405392255665 -0.00369727075934 1744440075.7
  0.162576271117   0.199661715888 -0.0156290959988 0.257953703915 -0.0793485722079    3.89138840249    8.94989675528 -0.791736956102  0.129676545444 -0.115192101886 1744440075.75
  0.138539852957   0.206058526365 -0.0208515368513 0.249175026305 -0.150196764644    3.9227449319   8.92626829337 -0.881523586683  0.284497880675 -0.253452404205 1744440075.76
  0.115956216759   0.214707605598 -0.0290331217557 0.245739948453 -0.22506984448  3.94091772952  8.91610280594 -0.501855139943  0.195839299672 -0.217028504352 1744440075.8
 0.0957898955424    0.22274087363 -0.0393388623372 0.245635394362 -0.303939284231   3.94811154556   8.91913398649 -0.617881985904  0.216260656908 -0.359190694067 1744440075.85
 0.0786781237992   0.227755056496 -0.0507038362114 0.246238688939 -0.386124253495   3.94673013827   8.93170339975  -0.58096348371  0.106455263223 -0.425147640721 1744440075.86
 0.0647588042769    0.22842698486 -0.0620473381888 0.245402653449 -0.470480231583   3.93923140831   8.94744646485  -0.293033470825 -0.0336229676969  -0.254394967232 1744440075.9
 0.0535868030988   0.224876052049 -0.0724866915604 0.242270726059 -0.55569756082  3.92800503238  8.95865804218 -0.345643562479  -0.16342353172 -0.326509486317 1744440075.95
 0.0441604684617   0.218687897685 -0.0815053949156 0.237524047138 -0.640638497742    3.9152485228   8.95804993702 -0.343464253071 -0.227813402126 -0.306853075369 1744440075.96
 0.0350590112394   0.212586914942 -0.0890395347195 0.233131656831 -0.724632315889   3.90282082932   8.94051349051  -0.22670202443 -0.103103254003 -0.162336751455 1744440076
 0.0246682639919   0.209822914174 -0.0954633697519 0.231834927319 -0.807660294829      3.89206894   8.90448644707 -0.401409750666 0.0138710716461  -0.21147695191 1744440076.05
0.0114524883625  0.213402659377 -0.101476291662 0.236578300544 -0.890392812691   3.88364510594   8.85259880451 -0.560008884222  0.285292339145 -0.228992822658 1744440076.06
-0.00578164763689    0.225335393993   -0.107914620812 0.249910049059 -0.974079817772   3.87735111945   8.79142195844 -0.453476675444  0.378454118498 -0.162828637958 1744440076.1
-0.027682609793  0.246063300766 -0.115528425044 0.273240355478 -1.06033126008  3.87205417367  8.73033797897 -0.833012192428  0.839941312315  -0.28969969628 1744440076.15
-0.0542541207177   0.274211068348  -0.124772070028 0.306109929728 -1.15084503954  3.86571330523  8.67974124474 -1.04360833657  1.10679814782 -0.36725558653 1744440076.16
-0.0848763627203    0.30672009852  -0.135655444483 0.345953198284 -1.24714184398  3.85553811257  8.64894150703 -0.743242227991  0.754251210226 -0.265390318779 1744440076.2
-0.118439439753  0.339347107095 -0.147690792401 0.388583234511 -1.35035094932  3.83827726639  8.64422003275  -1.20042044435   1.06102637691 -0.424641867575 1744440076.25
-0.153554954431  0.367423660908 -0.159950103562 0.429142524407 -1.4610660169 3.81060891926 8.66747536956  -1.27032341647  0.855219754609 -0.424913937695 1744440076.26
-0.188794931075  0.386712530139 -0.171224192218 0.463149901184 -1.57926502755  3.76958318698  8.71577793445 -0.803947168846  0.310106166137  -0.23535483678 1744440076.3
-0.222904268507  0.394173739452 -0.180252055142 0.487391068009 -1.70427303448  3.71305171027  8.78195224014  -1.18494585249  0.031556673582 -0.264193244638 1744440076.35
-0.254944809927  0.388474188809 -0.185972841778 0.500494704626 -1.83474610559  3.64001307941  8.85606510036  -1.08772316337 -0.425510103523 -0.132663473528 1744440076.36
-0.284352801592  0.370135479944 -0.187746586946 0.503095985073 -1.96866940113  3.55080708215  8.92747685397  -0.648525029146  -0.546548505415 0.00553041063296 1744440076.4
-0.310919565191  0.341301115365 -0.185495507261 0.497560057261 -2.10338496786  3.44710630535  8.98697144502 -0.926372819039  -1.19420968529  0.147340827323 1744440076.44
-0.334728016482  0.305195567758 -0.179734342107 0.487331112622 -2.23568417067  3.33168084537  9.02846446976 -0.781697330227  -1.31324469945  0.242519928861 1744440076.46
-0.356086803826  0.265420548254 -0.171482467844 0.476079947144 -2.36200406239  3.20794934991     9.04990752 -0.469811972951 -0.921095615673  0.203489275214 1744440076.5
-0.375495532675  0.225268314752 -0.162076741195 0.466917100486 -2.47874936697  3.07937277487  9.05323238627 -0.699554298308  -1.45634627472  0.345574234123 1744440076.54
-0.393651514537  0.187217574395 -0.152925800884 0.461950468812 -2.58272355892  2.94878753488   9.0434433714 -0.613576629999  -1.23709978009  0.286776938257 1744440076.56
-0.411479325426  0.152717405994 -0.145258431292 0.46231791357 -2.67160478872  2.81780087662  9.02718684559 -0.419990040618 -0.747481024572  0.149721290606 1744440076.6
-0.430140736763  0.122275555352  -0.13991784137 0.468560953552 -2.74436290441  2.68637318394  9.01123428175 -0.73863178286 -1.06489801937 0.149937367296 1744440076.64
-0.450974770789 0.0957761498529  -0.13724111707 0.481026443123 -2.80150072427  2.55268522133  9.00127920898  -0.76425810255 -0.835257527132 0.0486284628769 1744440076.66
-0.475331282741 0.0728868167084 -0.137042442627 0.500032946397 -2.84502687038  2.41333708329  9.00129270955  -0.616066628576  -0.489652288173 -0.0168022467249 1744440076.7
-0.504294748321 0.0533972125878 -0.138695335455 0.525738387007 -2.87812652239  2.26386115538  9.01347001366   -1.17540164711  -0.662642703912 -0.0792118224352 1744440076.74
-0.538338501418 0.0373659597714 -0.141288579792 0.557823466554 -2.9045739938 2.09946849988 9.03860955801   -1.21733735218  -0.475046017791 -0.0857700447844 1744440076.76
-0.576989248907 0.0250293711204  -0.14381717827 0.595169256211 -2.92800226989  1.91590071722  9.07665628632  -0.925275665078  -0.240338597788 -0.0470037444428 1744440076.8
-0.618602663954 0.0165174958977 -0.145365976752 0.635667641711 -2.95118637635  1.71023743015  9.12713807679   -1.51550005018  -0.245993517207 -0.0260470564013 1744440076.84
-0.660343298131 0.0114994766545 -0.145249792952 0.676227041535 -2.97549729859   1.4815173017  9.18931455413  -1.34348513248  -0.12797117981 0.0383462027292 1744440076.86
 -0.698424368584 0.00891422774916  -0.143087678917 0.71298677824 -3.00064331856  1.23106597194  9.26200006731  -0.788244709841 -0.0528683005254  0.0744061968681 1744440076.9
 -0.728602898303 0.00692124224252  -0.138806442067 0.741739385074 -3.02474981967 0.962479792263  9.34316563433  -0.822826835293 -0.0981679737939   0.178422340155 1744440076.94
 -0.746858362528 0.00313577371197  -0.132585218166 0.758542079803 -3.04475529068 0.681277709125  9.42952220711 -0.370198104473 -0.203048279378  0.241505349901 1744440076.96
 -0.750126936796 -0.0048843800134  -0.124764850863 0.760447596147 -3.05703725525 0.394291233101  9.51631104608  0.118299240261 -0.264188140158  0.200697083651 1744440077
 -0.736935428447 -0.0190243136575  -0.115750757293 0.746213098266 -3.05813916989 0.108901897974  9.59747134519  0.501503901174 -0.416517278367  0.223039991818 1744440077.04
 -0.707789038096 -0.0400475488286  -0.105935396979 0.71679246435  -3.04545459733 -0.167750224431   9.66623999869   1.25908789625 -0.846760963906   0.35274480398 1744440077.09
 -0.665214946835 -0.0672577247821 -0.0956576189963 0.675414618666  -3.01773939171 -0.429474718703   9.71610159698   1.60928856811 -0.997069163899  0.353612451933 1744440077.1
 -0.613438000783 -0.0985047526832 -0.0852034398223 0.627111627434  -2.97536177902 -0.671573776837   9.74189247143   1.25310961036 -0.738101395548  0.242745213832 1744440077.14
 -0.557746029214   -0.13055861835 -0.0748393560347 0.577691193581  -2.92025454286 -0.891176365966   9.74080555733  1.93773539181 -1.08153517484  0.35914475853 1744440077.19
 -0.503669135351  -0.159771574546 -0.0648586018034 0.532368474053  -2.8555907075 -1.08735538323  9.71305664848   1.77930703033 -0.916010902318  0.336613678726 1744440077.2
 -0.456133071816  -0.182870319033 -0.0556159669214 0.494562502181  -2.7852524085 -1.26104415464  9.66204762016   0.99193108538 -0.442837851523  0.202403920645 1744440077.24
  -0.41874479867  -0.197685207209 -0.0475297581412 0.465495140116 -2.71319385171 -1.41478102795  9.59397269966   1.10449334082 -0.365289542718  0.256354717388 1744440077.29
 -0.393332666816   -0.20364032314 -0.0410398898365 0.444819334731 -2.64281011048 -1.55231542196  9.51692974939  0.678343745329 -0.073229333529  0.191694520886 1744440077.3
-0.379806581872 -0.201888709761 -0.036526129281 0.431678409099 -2.57641523887 -1.67811264495  9.43969497042  0.198682830375  0.100283958696 0.0799089741912 1744440077.34
 -0.376340121145  -0.195063438338 -0.0342055957462 0.425266568801 -2.5149098817  -1.796803267 9.37038121574 -0.000237305397926     0.267814119425    0.0438727344333 1744440077.39
 -0.379820035672  -0.186705247836 -0.0340388071254 0.424594806207 -2.45768531292 -1.91263549692  9.31522086558  -0.172966626823   0.248734425727 -0.0251028856017 1744440077.4
 -0.386467296559  -0.180500067315 -0.0356753667105 0.428030346355 -2.40277259155 -2.02899970949   9.2776934253  -0.14808401838 0.0840796315599 -0.051619746385 1744440077.45
 -0.392511582669  -0.179499199491 -0.0384628796514 0.433318241318 -2.34720712491 -2.14809428486  9.25815864185   -0.14962674095 -0.0896888228175   -0.10510719437 1744440077.49
 -0.394798625985  -0.185494008398 -0.0415278143127 0.438176381829 -2.28754555711 -2.27078500067  9.25406462589  0.0172219117126  -0.257033346321 -0.0731206067273 1744440077.5
 -0.391226569698  -0.198677743059 -0.0439187738451 0.440976114002 -2.22044897005 -2.39667641798  9.26068952331   0.161243130497  -0.374298212469 -0.0379106444439 1744440077.56
-0.380941832901 -0.217660171792 -0.044785751281 0.441019720598  -2.1432382915 -2.52437024464  9.27226421409   0.681975680247   -1.04103126907 0.00913827593748 1744440077.59
  -0.36427308504  -0.239822055315 -0.0435576049832 0.438299855866 -2.05433615838 -2.65184458309  9.28323729286  0.454836507188 -0.522851755424 0.0556205346004 1744440077.6
 -0.342436325954  -0.261923707332 -0.0400770332084 0.432981332607  -1.9535320816 -2.77686189153  9.28940653257  0.547928917778 -0.476253297376  0.103347959213 1744440077.67
 -0.317093475619  -0.280830010593 -0.0346587931265 0.424988234038 -1.84203917451  -2.8973112098  9.28866830252  1.79616613432 -1.10280061804 0.410959025846 1744440077.69
 -0.289878507145  -0.294192879965 -0.0280519150382 0.413963657178 -1.72234417647  -3.0114136088  9.28122673986  0.646411997158 -0.236038670401  0.156677546792 1744440077.7
-0.262008955652 -0.300944236365 -0.021307389544 0.39958745112 -1.59788202532 -3.11776290687  9.26923778639   0.648614307858 -0.0848672517883    0.14502054572 1744440077.77
 -0.234073729473  -0.301494596964 -0.0155747938683 0.382010571886 -1.47258791858 -3.21522404461  9.25600469422  1.96275474799 0.117425185185 0.330964996162 1744440077.79
 -0.206037063139   -0.29759562144 -0.0118692581577 0.362153702972 -1.35039221376 -3.30275397556  9.24495163771   0.66282752366  0.112325105474 0.0551880952409 1744440077.8
-0.177437689806 -0.291896852601 -0.010859185298 0.341768676486 -1.23472727678 -3.37923149539  9.23864907868    0.678682613228     0.11987807109 -0.00992552659637 1744440077.87
 -0.147709701665  -0.287293056664 -0.0127222780617 0.323291374355 -1.12811224455 -3.44337650745  9.23813613293   2.15310165882  0.201177888817 -0.220683021794 1744440077.89
 -0.116522265377  -0.286205139702 -0.0171027362617 0.309488810635 -1.03187309473  -3.4938077813  9.24269255566   0.744888029384 -0.0311310869198   -0.12233255083 1744440077.9
-0.0840368693191  -0.289954133765 -0.0231792322511 0.302775282842 -0.946041237933  -3.52924108217   9.25008629088  0.763308721905  -0.14173744463 -0.148259812889 1744440077.97
-0.0510107739822  -0.298369852508 -0.0298272357695 0.304164974877 -0.869452191672  -3.54878101304   9.25719984117   2.30172301923  -0.69680471311 -0.446079793311 1744440077.99
-0.0187229411196   -0.30972673569 -0.0358372381658 0.3123547774 -0.800035297465  -3.55222462425   9.26085321738  0.731184945322 -0.266106829711 -0.121089967923 1744440078
 0.0112513699031   -0.32102948442 -0.0401383356548 0.323724588471 -0.735248223638  -3.54028346922   9.25861188631   0.655539659036  -0.220578790843 -0.0717830472209 1744440078.07
 0.0373533648099  -0.328595531173 -0.0419777180911 0.333365303811 -0.672574331393  -3.51464712602   9.24939580488    1.62820650598  -0.269150910949 -0.0304857573065 1744440078.09
 0.0583603472986  -0.328816840712 -0.0410203815419 0.336465624655 -0.609979257553  -3.47785111837   9.23377498757  0.429808993011  0.114321535365 0.0547501896904 1744440078.1
 0.0736382351742  -0.318944402048 -0.0373556567391 0.329459506415 -0.546226445668  -3.43296458192   9.21392314011 0.293273370018 0.365846121127  0.11298131599 1744440078.17
0.0832774074465 -0.297733862383 -0.031421275268 0.310753722327 -0.480983357544  -3.38316291022    9.1932779587 0.483480543113  1.77657054545 0.450835502853 1744440078.19
   0.08809537663  -0.265820999156 -0.0238746744516 0.281054441446 -0.414703225195  -3.33128328877   9.17600630244 0.074233828188 0.855767223617 0.189880911204 1744440078.2
 0.0895213579279  -0.225753630481 -0.0154500255578 0.243346416637 -0.348325078856  -3.27946653045   9.16638808228 0.0154403560492  0.995716105188  0.201621674392 1744440078.27
  0.0894001651714   -0.181677928859 -0.00683661849015 0.202598121214 -0.282878928004  -3.22896491047   9.16821964377 0.00785081139713     2.8352676542   0.549005266123 1744440078.28
 0.0897622840003  -0.138744802291 0.00139787407681 0.165255383706 -0.219100575149  -3.18014941414   9.18430839321 0.0381113855841  0.943710836414  0.186403273577 1744440078.3
 0.0926037610463  -0.102350764644 0.00883220984434 0.138308146954 -0.157149142566  -3.13269437195   9.21609934721 0.118082799706 0.729028978431 0.163566827698 1744440078.37
 0.0997068434368 -0.0773482904792  0.0151729543082 0.127100083441 -0.0964873625756   -3.08586898724    9.26345090777 0.638723394495  1.12272746864 0.365037811956 1744440078.38
  0.112514679546 -0.0673519915947  0.0202115301977 0.13268138467 -0.0359425308116   -3.03883780928    9.32456477382  0.385680880485 0.0371095556779  0.102616636356 1744440078.4
  0.132055896437 -0.0742357198433  0.0237799430808 0.153346625582 0.0260734936647  -2.99087368187   9.39607134862  0.552293269471 -0.363388931205 0.0656493486259 1744440078.47
  0.158902371555 -0.0978734097467  0.0257254879679 0.188390468847 0.0912366578821  -2.94141667301   9.47327222071   1.93100966233  -1.95679512157 0.0675529465891 1744440078.48
 0.193139792832 -0.136135291246 0.0259168548069 0.237713021228 0.160944911084 -2.88996235698  9.55053945513    0.90915415637   -1.05151115477 -0.0173842259593 1744440078.5
 0.234336972173 -0.185119696254 0.0242830789627 0.299621071342 0.235990395593 -2.83581824378  9.62186235627    1.05947697357     -1.240169815 -0.0604417796281 1744440078.57
 0.281514077093 -0.239581729911 0.0208752171429 0.370250395813 0.316341050388  -2.7778121857  9.68151295598   3.01213610321  -3.30489032073 -0.254654045379 1744440078.58
 0.333126295621  -0.29351050851 0.0159311652396 0.444269455923 0.401085254305 -2.71405828665  9.72477256838   1.28714213087   -1.2340123775 -0.133570191525 1744440078.6
  0.387090748658  -0.340800481408 0.00991924273777 0.515831956359 0.488561409671 -2.64187799843  9.74862941125   1.30403561683 -0.997693047762 -0.149976490835 1744440078.67
  0.440884871207  -0.375954561657 0.00353790479851 0.57942542131 0.576651958287 -2.55793891987  9.75233217952  3.04626910141 -1.57045188951 -0.35695391317 1744440078.68
  0.491732022472  -0.394746498884 -0.0023423503532 0.630579627732  0.66317746155 -2.45862089731  9.73767862124   1.19333076904 -0.233817764124 -0.128461530934 1744440078.7
   0.536867631377   -0.394761144844 -0.00679459699779 0.666415322188 0.746294527235 -2.34056199664  9.70894046047    1.00972303468   0.233803404861 -0.0817600130295 1744440078.76
  0.573853580645  -0.375731086485 -0.0089919556762 0.685975682249 0.824794254571  -2.2012893444  9.67237810815    1.74153376372    1.50044423294 -0.0429701425579 1744440078.78
   0.600888233228   -0.339603246193 -0.00837422436161 0.690266007631  0.89822159783 -2.03981189578  9.63537335013  0.540567544604   1.06903175277 0.0526233959434 1744440078.8
   0.617051643517   -0.290302167695 -0.00478669254265 0.681946472797 0.966786155692  -1.8570490868  9.60529082261 0.269067305074  1.32876347753 0.122621391621 1744440078.86
  0.622433419655  -0.233204377579 0.00144451129517 0.664687693762  1.03109658154 -1.65599127078  9.58825057586 0.0274632125262   2.99969270419  0.370353033246 1744440078.88
  0.618112848852  -0.174391114048 0.00952411010879 0.642313368418  1.09180386557 -1.44153079794  9.58803568105 -0.204985494777   1.41392797548   0.21002684767 1744440078.9
 0.605991392554 -0.119792245094 0.0182909087685 0.617988921566  1.14926533847 -1.21995929248   9.6053568433 -0.373526402724   1.26210961413  0.212875353689 1744440078.96
  0.588508351543 -0.0743603788666  0.0263959236924 0.593774612601   1.20333295555 -0.998187646935   9.63764520974 -0.952931445084   1.98127517804   0.35971443596 1744440078.98
  0.568293575954 -0.0414133137639  0.0325211547166 0.570727848043   1.25332993506 -0.782800068013    9.6794506807 -0.506429019249  0.648565341305  0.114503638677 1744440079
 0.547821286714 -0.022253925475  0.035595272057 0.549427358956   1.29822244981 -0.579092203927   9.72340246935  -0.49855941636  0.321881753672 0.0310870917415 1744440079.06
  0.529124789563 -0.0161250186494  0.0349634787727 0.530523801543   1.33693496403 -0.390257986575   9.76156610397 -0.851517084389 0.0438220353774 -0.127345689046 1744440079.08
  0.513615072279 -0.0204935545246  0.0304796801014 0.514926634724  1.36871435288 -0.21687588098  9.78693474967  -0.33513200525 -0.191316737385 -0.154028313944 1744440079.1
 0.502021574797 -0.031597425165 0.0225067082839 0.503518232794    1.39342958502 -0.0568030797447    9.79474794425 -0.245573503722  -0.31577270481 -0.238928504811 1744440079.16
  0.494446797241 -0.0451412382666  0.0118300814065 0.496644055154   1.41170515569 0.0944784910897   9.78335310778 -0.285322407852 -0.629408290585 -0.569744652269 1744440079.18
    0.490503997102   -0.0570046791665 -0.000492110309216 0.493805575902  1.42482632989 0.243097262265  9.75441492391 -0.0609612902404  -0.230059646697  -0.309434294885 1744440079.2
  0.489494044139 -0.0638322571787 -0.0133096697007 0.493817905317  1.43441477736 0.395716871712  9.71241839843 0.000933100471404  -0.0826759032864   -0.323724614801 1744440079.26
  0.490576236847 -0.0634053684439 -0.0255545600491 0.495316384189  1.44194003952 0.558320977869  9.66357212866 0.0838304536548  0.223672534233 -0.568079514477 1744440079.28
  0.492898065375 -0.0547498053595 -0.0363771188958 0.497261841303  1.44818703201 0.735064399085  9.61436031699 0.0628090873223  0.313545640546 -0.242672590243 1744440079.3
  0.495666908295 -0.0379925196346  -0.045223153863 0.499173566179  1.45282514656 0.927399785755  9.57007846259 0.0692271569984  0.534954844869 -0.203242667318 1744440079.36
  0.498166705343 -0.0140362386151 -0.0518452167745 0.501053898108 1.45421043934  1.1336546507 9.53369397016 0.098115041843  1.29729023913 -0.26586173012 1744440079.38
  0.499738621337  0.0158442161656 -0.0562562498442 0.503144605942 1.44950019942  1.3491633492 9.50529505975  0.0196591551473   0.798676767567 -0.0843300466177 1744440079.4
  0.499752119569  0.0503731166985 -0.0586460204999 0.505696537085 1.43508165147 1.56696079108 9.48224819121  -0.029062708916   0.983250379138 -0.0410072807609 1744440079.46
   0.49759037485  0.0885237512673 -0.0592874107415 0.508868974053 1.40723425884 1.77893522701 9.46001287463 -0.164051072702   1.83364143843 0.0043309789628 1744440079.47
  0.492663780764   0.129601320139 -0.0584588870314 0.512768509691 1.36288061302 1.97723835307 9.43340797453 -0.163456065044   1.05301679432 0.0359050169867 1744440079.5
   0.48445209417    0.17316319368 -0.0564014352908 0.517552359761 1.30025231229 2.15568568938 9.39802430669 -0.283322467334   1.25769213836 0.0725054803705 1744440079.55
  0.472564542169   0.218823521982 -0.0533152605372 0.523491640138 1.21931289967  2.3108673317 9.35145596965 -0.605641996222   2.03373343647  0.153623031582 1744440079.57
  0.456801357089   0.266013803272 -0.0493877372938 0.530914279301 1.12183599686 2.44273654949 9.29407649137 -0.437883078669   1.17569268779  0.105016312071 1744440079.6
  0.437200373004   0.313774428108 -0.0448339676852 0.5400080023 1.01111840218 2.55454482202 9.22919526533 -0.62919998749  1.39286853757 0.139245678144 1744440079.65
  0.414056812289   0.360637981259 -0.0399281167501 0.550542506839 0.891393689169  2.65212635309  9.16256457468 -1.02146800698  1.88307630005 0.203624757698 1744440079.67
  0.387910442454   0.404640416486 -0.0350082559676 0.561635073695 0.767079775093   2.7426729436  9.10133772548 -0.66761084129  1.01358405506 0.116008590653 1744440079.7
  0.359499578395   0.443468185538 -0.0304478815255 0.57169139572 0.642027480357  2.83324934231  9.05268181299 -0.890433511235   1.07176016212  0.128589437646 1744440079.75
  0.329685109488    0.47472267587 -0.0265998091512 0.578585724202 0.518929417627  2.92935417875   9.0223114057 -1.19740893766  1.05095402659 0.133764332923 1744440079.76
    0.2993505557   0.496260390113 -0.0237285447612 0.580041527677 0.399003850251  3.03381960447  9.01322670912 -0.729279137492  0.384305801129 0.0561171630003 1744440079.8
  0.269287473171   0.506550217367 -0.0219522828094 0.57409996398 0.281999945314  3.14626700845  9.02491077109 -0.939050043798  0.138160417094 0.0398364922679 1744440079.85
  0.240080060692   0.504980730808 -0.0212141647964 0.559548045138 0.166497619189  3.26321447229  9.05316680659  -1.10950944081 -0.280794729839 0.0127282432571 1744440079.86
 0.212007710837  0.492053850956 -0.021295171908 0.536206812752 0.0504148893454   3.37879204354   9.09066478506   -0.656926270882   -0.424048333868 -0.00782348442751 1744440079.9
  0.184987143372   0.469418049221 -0.0218702788838 0.505026590632 -0.0683993251889    3.48589525972    9.12813048273  -0.873562443743  -0.855533838956 -0.0213002484809 1744440079.95
  0.158573890514   0.439722799228 -0.0225980594787 0.467987704119 -0.191614424802    3.5775238886   9.15597537012   -1.00173143355   -1.19383628968 -0.0256185543977 1744440079.96
   0.13203464284   0.406310698641 -0.0232245006542 0.427856176969 -0.320015757569   3.64802915127   9.16606362967  -0.635275291583  -0.786093288586 -0.0126679429779 1744440080
  0.104487921788   0.372796511388 -0.0236765808329 0.387885995084 -0.453317034429   3.69403094263   9.15327118768  -0.949141451107   -1.06190090912 -0.0149547101128 1744440080.05
 0.0750936777519   0.342605059694 -0.0241216647444 0.351566696484 -0.590204638216   3.71485317327   9.11652424397   -1.14247026546   -1.01221773638 -0.0242315776621 1744440080.06
 0.0432571524271   0.318546634929 -0.0249752738387 0.322438992933 -0.728582906485   3.71243564869   9.05910508427  -0.772597096902  -0.467435736015 -0.0318109497895 1744440080.1
0.00880324119008   0.302498102097 -0.0268511103473 0.30381504399 -0.865952899894   3.69078707566   8.98815764958   -1.20677157912  -0.395244694545 -0.0929998433356 1744440080.14
-0.0279219612647   0.295233882511 -0.0304606917393 0.298111615078 -0.999839803506   3.65512297061     8.913481882   -1.3822645086 -0.112217097973 -0.177839051634 1744440080.16
-0.0660544358096   0.296420892401 -0.0364821311847 0.3058749415 -1.12818863305  3.61087188147  8.84584142724 -0.888007449694  0.110749966337 -0.173913736234 1744440080.2
 -0.104331432924    0.30476347195 -0.0454252696879 0.325314120285 -1.24967059107  3.56273259666  8.79509793363  -1.29876020445  0.376968103091 -0.363092956934 1744440080.24
   -0.1413111128   0.318264314053 -0.0575215573113 0.352944377708 -1.36387403736  3.51393251148  8.76851231143  -1.29801747864  0.542248180964 -0.495701462571 1744440080.26
 -0.175650992988    0.33455729395 -0.0726615826157 0.384787681535 -1.47138306348  3.46578638437  8.76951683436 -0.755230879361  0.383009154935 -0.381492211918 1744440080.3
 -0.206384824515   0.351265913979 -0.0903924513625 0.417316706324 -1.57376339581  3.41759834035    8.797171201  -1.00850017587  0.557674271682 -0.654640685072 1744440080.34
-0.233132298359  0.366342955346 -0.109974021451 0.447942088739 -1.67347570807  3.36689740181  8.84638876741 -0.891033825705  0.484570454793 -0.717229492306 1744440080.36
-0.256187328537  0.378349983435 -0.130480519452 0.475190302116 -1.77372370762  3.30995271739  8.90887971383 -0.505344687005  0.236742861387 -0.477660480919 1744440080.4
-0.276456982503  0.386639616133 -0.150925257301 0.498695387215 -1.87822797924  3.24248051693  8.97463088112 -0.703877945522  0.235310955025 -0.718862525114 1744440080.44
-0.295258113974  0.391411600003  -0.17038306741 0.519047959387 -1.99090805479   3.1604312508  9.03364930959 -0.655807112967  0.122041945713  -0.64894274052 1744440080.45
-0.314013056049  0.393628586211  -0.18808822917 0.537517297585 -2.1154633442 3.06073387925 9.07765336658 -0.451302393777 0.0395532425549 -0.386604082219 1744440080.5
-0.333909997218  0.394799145326 -0.203493850897 0.555672564326 -2.25487077025  2.94187769562  9.10140842517 -0.767932168123 0.0559769623339 -0.520729869099 1744440080.54
 -0.35560160663  0.396660104912 -0.216289158105 0.574954555926 -2.41085729915  2.80423342069  9.10347101882 -0.766621742901  0.102204088332 -0.389070946617 1744440080.55
-0.379005802419   0.40081120499 -0.226380584518 0.596274424539 -2.58344538604  2.65005548253  9.08621521335 -0.555488767306  0.136472775528 -0.204710706968 1744440080.6
-0.403248996596  0.408366140998 -0.233848344643 0.619723895507 -2.77069063558  2.48316270488  9.05514886456 -0.897213551091  0.354534480498 -0.235046313604 1744440080.64
-0.426761741254  0.419681993271 -0.238891382379 0.644459193316 -2.96871785728  2.30835571219  9.01766141274  -0.73710643936  0.430492263251 -0.131952309649 1744440080.65
-0.447507149697  0.434214229521  -0.24177116991 0.668773462952  -3.172108352 2.13068267414 8.98145371761  -0.427169361744   0.360533501463 -0.0452375311904 1744440080.7
 -0.46329969373  0.450520244143 -0.242760776846 0.690324482666 -3.37460717731  1.95469671592  8.95296292991    -0.47071456368    0.614685531933 -0.00631558714835 1744440080.74
-0.472158841692  0.466405794381 -0.242101922178 0.706457130718 -3.57002802354  1.78384907773  8.93609856342 -0.152684168483  0.468592883288  0.045618267281 1744440080.75
-0.472638598902  0.479181660352 -0.239970542099 0.714554525466 -3.75316520569  1.62013062861  8.93154730578 0.0948977511151  0.229887868339 0.0663713929892 1744440080.8
-0.464079112373  0.485978774016 -0.236450967507 0.712357951714 -3.9205020138 1.46401815505  8.9367919496  0.503380857941 0.0949035973629  0.164250111238 1744440080.84
-0.446738926564  0.484064587536 -0.231519636596 0.698208805117 -4.0705423907 1.31471504818 8.94684244558  0.678792689596 -0.238569581435    0.1831303322 1744440080.85
-0.421785333398  0.471114133749 -0.225040600377 0.671188994476 -4.2036802386 1.17061495595 8.95552186686  0.654614962952 -0.455113390024  0.173601063309 1744440080.9
-0.391143919669  0.445412809792 -0.216776080677 0.631171930756 -4.32163377475  1.02987560404  8.95702102286  1.27890552264 -1.29014904193 0.369005988639 1744440080.94
-0.357233337722  0.405994628123 -0.206415242552 0.578838965519 -4.42658003295 0.890976472837  8.94736687089  1.08166849354 -1.46317770847 0.365548533166 1744440080.95
-0.322632124387   0.35273660426  -0.19362260397 0.515756059043 -4.52019797887 0.753149323982  8.92546580617  0.79594403218 -1.40995206473 0.333849859913 1744440081
-0.289735571936  0.286427660613 -0.178104056412 0.444644308768  -4.6028494734 0.616608933682  8.89348598671  1.24401461918 -2.87982901403 0.679075713918 1744440081.03
-0.260459036194   0.20880914512 -0.159683907752 0.370052859759 -4.67309200944 0.482561963652  8.85650859219  0.83396286197 -2.54470171509 0.616826942062 1744440081.05
 -0.23603038726  0.122555044953 -0.138381898092 0.299799320335 -4.72763678818 0.353021326263  8.82155954814  0.51637296884  -2.1058450741 0.535831297794 1744440081.1
-0.216893070903 0.0311407175644 -0.114476259152 0.24721885528 -4.76176178459 0.230489262652  8.79627708712 0.673239891525 -3.71873921586  1.00735392541 1744440081.13
 -0.202718984956  -0.061445368037 -0.0885387852663 0.229585793575 -4.77008766207 0.117586946037  8.78753608845 0.373175303935 -2.79037142431 0.811946700931 1744440081.15
 -0.192513161761  -0.151156988312 -0.0614309836798 0.252355935779   -4.7475476598 0.0167013749197   8.80032533423 0.210544641374 -2.03110090746 0.637224812622 1744440081.2
  -0.18478352816  -0.234466739361 -0.0342561494224 0.300488082824   -4.69034538594 -0.0703015027257    8.83707734116 0.289973684193 -3.09925709707  1.04408448468 1744440081.23
  -0.177748597731   -0.308961583522 -0.00826942776195 0.356539208956 -4.59670050924 -0.14227420844  8.89752075019 0.234156764799 -2.14352992183  0.76141655365 1744440081.25
 -0.16956058951 -0.373821348744 0.0152448653902 0.41076221858  -4.46722620734 -0.198892163771   8.97900312783 0.223984052282 -1.41097516278 0.505521036606 1744440081.3
 -0.15852672262 -0.430048723824 0.0351134029921 0.459679864381  -4.30485338161 -0.240670611613   9.07714603624 0.315655864189 -1.28133738017 0.422940787827 1744440081.34
-0.143313908079 -0.480364131056 0.0504122529851 0.503815412532  -4.11430307532 -0.268899808722   9.18665518922 0.562422814265 -1.56790411899  0.40458424913 1744440081.38
-0.123120924113 -0.528751863006  0.060582903945 0.54626695199 -3.90119787619 -0.28550235054  9.30211228905 0.806044634809 -1.75962680534 0.267320862326 1744440081.4
-0.0977993246772   -0.57972423784  0.0655069476928 0.591553936714  -3.67098178336 -0.292818997689   9.41860943335  0.642075161547  -1.26379175338 0.0574724964902 1744440081.44
-0.0679032476768   -0.63743640385  0.0655254681574 0.644383121269 -3.42787075194 -0.29333898552  9.53213783587    1.05054601929   -2.08114466779 -0.0683707811811 1744440081.48
-0.0346521589846  -0.704819554708  0.0613972552391 0.708336784144  -3.17406788245 -0.289404676736   9.63969836762  1.20582185121  -2.5755400534 -0.20053009857 1744440081.5
0.000199187207684   -0.782897815587   0.0541999245321 0.784771725501  -2.90943835883 -0.282932093175   9.73915395446 0.815695766604 -1.95125125459 -0.19099558868 1744440081.54
0.0345736885898 -0.870416861277  0.045187986967 0.872274501808    -2.631751199 -0.275192208169   9.82888793963   1.15264526987  -3.15349063838 -0.323622982385 1744440081.58
0.0663401263518  -0.96385100028 0.0356298331578 0.966788109213  -2.33747282769 -0.266690513372   9.90736474755 0.944413168605 -2.99816989031 -0.29663771434 1744440081.6
0.0935938824864  -1.05778460894 0.0266498979192 1.06225152897   -2.0229676675 -0.257166418406   9.97270730571 0.604974862878 -2.26428528533 -0.20590945919 1744440081.65
 0.114899614943  -1.14559827976 0.0191021083747 1.15150433375  -1.68585380216 -0.245714231765   10.0224081495  0.681360607847  -3.08910388401 -0.249968379749 1744440081.68
0.129448982146 -1.22034188968 0.013495863089 1.22726260638  -1.32620394075 -0.231008396088   10.0532764912  0.299766527652  -1.75588520188 -0.123071338617 1744440081.7
  0.137102742934   -1.27565330685 0.00998645191772 1.28303867854 -0.947290306417 -0.211600135781   10.0616897191   0.115120571212   -1.12008658117 -0.0658083121911 1744440081.75
  0.138312843228   -1.30658444173 0.00842886480062 1.31391186605 -0.555650888205 -0.186241938461    10.044162865  -0.068994332813  -0.756465506293 -0.0329778058861 1744440081.77
  0.133949844917   -1.31022221269 0.00847943453606 1.31707885428 -0.160393926049 -0.154191000045   9.99817522413 -0.162404888098  0.252326192722 0.0158196806233 1744440081.8
  0.125085199768   -1.28603283795 0.00971735492784 1.29213822576  0.228167171758 -0.115443680342   9.92310993572 -0.272068884544  0.955483627135 0.0420777879189 1744440081.86
  0.11278806535  -1.23590377701 0.0117522853588 1.24109524611   0.600283691681 -0.0708607359475    9.82109135851 -0.653631244594   2.94610919701  0.110262505371 1744440081.88
0.0979884291127  -1.16389968428 0.0142883693104 1.16810460354   0.948557557299 -0.0221573651662    9.69747431123 -0.384670063789   1.96449685334 0.0659675431769 1744440081.9
0.0814343163827  -1.07578125388  0.017129178399 1.07899502447   1.26931930753 0.0282485313577   9.56077155417 -0.439909043486   2.38313514945 0.0750093881257 1744440081.96
 0.063738632773 -0.978357025575 0.0201283407884 0.980637666471   1.56324598698 0.0775144390166   9.42190690593 -0.886692008945   4.85933695531  0.147503197438 1744440081.98
0.0454814980164  -0.87874907453 0.0231100100885 0.880228706198  1.83503439989 0.122740558889  9.29283331895 -0.444893005357   2.37825899665 0.0692157961014 1744440082
0.0273165861798 -0.783656144815 0.0257948289558 0.784556258268  2.09216831228 0.161371296199  9.18472035348 -0.455003244423   2.31095240741 0.0597626101382 1744440082.06
 0.010030483913 -0.698694080655 0.0277663398198 0.699317523431  2.34303976848 0.191565037467  9.10604770742 -0.829680345704   3.94090764842 0.0684377355194 1744440082.08
-0.00547813855968   -0.627884127046   0.0284999631798 0.628554480455  2.59484690073 0.212465979505  9.06100096191   -0.345300806135     1.52759415697 -0.00378282680437 1744440082.1
-0.0183038640621  -0.573344288129  0.0274559324038 0.574293071867  2.85175092327 0.224323917569  9.04853129664  -0.282440724963    1.17790153091 -0.0544581524129 1744440082.16
-0.0276982961302  -0.535216337644  0.0242156351043 0.536479375813  3.11371762506 0.228432331627  9.06231657899 -0.385563555781   1.58747862647 -0.227913961353 1744440082.18
-0.0332440584074  -0.511831111266  0.0186244989719 0.513247626241  3.37630844849 0.226888446112  9.09167531564 -0.0885976022947   0.427285167804  -0.161942434464 1744440082.2
-0.0349838540243   -0.50007982439  0.0108987850855 0.501420466596 3.63146399348 0.22221472631 9.12328268913 -0.00271735371818    0.200587330993   -0.213934285528 1744440082.26
-0.0334595365838  -0.495925124495 0.00166013786946 0.497055354816  3.86909387571 0.216911248729  9.14336903605  0.139642019894   0.13377475478 -0.497020846193 1744440082.28
 -0.0296400207377   -0.494960520129 -0.00812125303777 0.495913704254 4.07910655209 0.21302468549 9.13998626085  0.105891856243 0.0365417144362 -0.230093551925 1744440082.3
-0.0247471670076  -0.492918614529 -0.0172710635712 0.493841545904  4.25342226113 0.211817400786   9.1049270885 0.120963618927 0.112106316486 -0.20733713174 1744440082.36
-0.0200166404842  -0.486041791325 -0.0246161634671 0.487076220231  4.38752910934 0.213599436409  9.03497052426 0.219688196787 0.573283195068 -0.31598610422 1744440082.38
-0.0164484366584  -0.471262819092 -0.0292074511941 0.472453459011  4.48125723396 0.217752226492  8.93227662005  0.0657796454681   0.484380956435 -0.0716440565599 1744440082.4
-0.0146048140214  -0.446190775719 -0.0305104670687 0.447471113626  4.53862712588 0.222934347545   8.8039244224  0.0243716176653   0.780054693077 0.00860703872806 1744440082.46
-0.0145015388894  -0.408949075191 -0.0285198881145 0.410198762489  4.56683129428 0.227425355588  8.66073942993 -0.0269529025652    2.35335645659   0.179757573872 1744440082.48
-0.0156153782193  -0.357954721212 -0.0237706894876 0.359082815174  4.57458828631 0.229540204063  8.51566324411 -0.0303791788225    1.42327491936   0.136955518395 1744440082.5
-0.0170031126384   -0.29174948936 -0.0172422847402 0.292752739978  4.57022851494 0.228036715972  8.38196629498 -0.0235376291294    1.85827060542   0.169576855947 1744440082.56
-0.0175022757369   -0.20898618351 -0.0101765357704 0.209964559948  4.55991182043 0.222441894583  8.27159581684 0.0277287237228   4.90332548404  0.358609770601 1744440082.58
   -0.01596757871   -0.108633960814 -0.00384994154393 0.109868662784  4.54633456689 0.213237514626   8.1938950005 0.0730424139782   2.65694460883  0.131604289576 1744440082.6
  -0.011493135376  0.00959850196191 0.000650442762868 0.0149882112499  4.52817316607 0.201868702607  8.15483910344 0.154338992196  3.15613848547 0.080369552517 1744440082.66
-0.00357922135497    0.144700409611  0.00260109667317 0.144768038845  4.50035690475 0.190567953903  8.15682710302  0.514679241582   7.58953774783 0.0289512380622 1744440082.68
0.00778004568091    0.29380373764  0.0017345790713 0.293911847544  4.45509727566 0.182017628826  8.19896304493   0.312308395291    3.73648791903 -0.0530499962466 1744440082.7
  0.0220909063412    0.451820306043 -0.00175933743127 0.452363451623  4.38345498198 0.178902316464  8.27768031105  0.382285003196   3.96295205209 -0.112861045172 1744440082.76
0.0384213311205  0.611446187635 -0.007311570977 0.612695763107  4.27712579844 0.183424307374  8.38752169155   0.88511041599   8.25988864715 -0.326939803745 1744440082.78
 0.0555055178236   0.763646904224 -0.0141019404816 0.765791304184  4.13009030432 0.196866928388  8.52189627497  0.406808692289   3.49303572372 -0.168956952645 1744440082.8
0.0718679124544  0.898633029141 -0.021202701048 0.901751558044   3.9398064362 0.219288701459  8.67368558043  0.380619553758   3.04496203773 -0.170084202995 1744440082.86
0.0859512417208   1.00721314396 -0.027706960593 1.01125348404  3.70772097067 0.249414573891   8.8356481368  0.634655411656   4.78197180419 -0.302570068257 1744440082.88
   0.09624393484    1.08230033837 -0.0328238967734 1.08706684506  3.43901685261 0.284759272843  9.00064880497 0.188706910061  1.38016930471 -0.10046920702 1744440082.9
 0.101410499452   1.12027944867 -0.035937604425 1.12543398026  3.14166870352 0.321975630708  9.16179327343  0.0527822871412   0.499773247723 -0.0480969714225 1744440082.96
  0.100429918704    1.12193565666 -0.0366383041664 1.12701736969  2.82501631341 0.357374595628   9.3125657798 -0.219139832683 -0.696952146332 0.0302804071576 1744440082.98
 0.092740892257   1.09270663697 -0.034739651353 1.09718526738  2.49815668235 0.387523674935  9.44704849947 -0.270159460747 -0.977715090972 0.0777465790801 1744440083
 0.0783808621064     1.0421394677 -0.0302930193569 1.04552182986  2.16848111755 0.409807618073  9.56025425267 -0.443490728608  -1.40952808869  0.142573055502 1744440083.06
 0.0580927561387   0.982585910809 -0.0236009954237 0.984584606533   1.8406418431 0.422837417697  9.64854629094 -1.12955125443 -2.88096843905 0.378158163477 1744440083.08
 0.0333647475175   0.927323955904 -0.0152222457615 0.928048836181  1.51613456348 0.426623309215  9.71006713962 -0.637651817745  -1.16090372142  0.217561210339 1744440083.1
 0.00636886408319     0.88841781295 -0.00595325688384 0.888460586669  1.19355268365 0.422478635866  9.74506715707  -0.68701161079 -0.674693116093  0.236526128072 1744440083.16
-0.0202235156681   0.874696559647 0.00322725960685 0.874936270392  0.86943338669 0.412681574159  9.75602134414  -1.23087884102 0.0446165898216  0.424393956605 1744440083.17
-0.0435482538323   0.890227196214  0.0112576354222 0.891362802481 0.539501721153 0.399974962894  9.74745172667 -0.510270624621  0.737797309238  0.174198595117 1744440083.2
-0.0609467053874   0.933577981286   0.017129534391 0.935722057551 0.200046330134 0.387017017523  9.72542721526 -0.34479488405  1.38438490495 0.112801528398 1744440083.25
-0.0703963255853   0.998024808596  0.0200411286478 1.00070515541 -0.150858547658  0.375900135155   9.69678219762 -0.237145799506   3.31615043484 0.0574177045112 1744440083.27
-0.0708937813521    1.07267384701  0.0195379188941 1.07519153669 -0.512532478028  0.367832146704   9.66816361376  0.0995344484336    1.89299570381 -0.0573413797239 1744440083.3
-0.0627053905952    1.14429483996  0.0156104131454 1.14611793973 -0.881429441869  0.363032067718   9.64506591595  0.302953494404   1.63667257103 -0.139523639857 1744440083.35
-0.0474139869978    1.19952082552 0.00872442298823 1.20048923884 -1.25147849888 0.360842173227  9.63102816133  0.783615779144   1.85284344154 -0.354802400462 1744440083.37
  -0.0277256660179      1.22700368146 -0.000227565846138 1.22731691044 -1.61493538294 0.360011840411  9.62713999059   0.59006954493  0.286755236047 -0.274454273675 1744440083.4
-0.00704962772555     1.21913663432  -0.0100499248858 1.21919843806 -1.96355046398 0.359075499238  9.63193982842  0.510485563707 -0.709622841799 -0.252512068173 1744440083.44
 0.0110809609054     1.1730588281 -0.0194232930516 1.17327194894 -2.28980004177 0.356732852026  9.64170961257  0.568421581435  -2.37713931238 -0.316025037361 1744440083.47
 0.0236343750357     1.0908161208 -0.0271092932063 1.09140886328 -2.58792855527 0.352145584871  9.65110151629  0.269388554488  -2.98492199791 -0.195388096343 1744440083.5
 0.0286194923457   0.978725596653 -0.0321440275211 0.979671428282 -2.85460595381 0.345088407748  9.65399133202 0.0292804610915  -4.01108100164 -0.112711987624 1744440083.54
 0.0254205072886   0.846136874669 -0.0339848173232 0.847200555167 -3.08910073013 0.335927834514  9.64444084372  -0.233984126693   -4.67256297049 -0.0074610755768 1744440083.56
 0.0148558186335   0.703870917259 -0.0325829111806 0.704781249475 -3.29297992469 0.325442486408  9.61765300074 -0.338444810473  -3.62559515964 0.0718152813344 1744440083.6
-0.00104397476505    0.562635709732  -0.0283692659386 0.563351441818  -3.4694459053 0.314536062893  9.57080296132 -0.61585437712 -4.88243193091 0.186990729453 1744440083.64
-0.0194779971107    0.43167585861 -0.0221581979863 0.43268282265 -3.6224843771 0.30392062821 9.50362248584 -0.599106511543  -4.03087350029  0.220287606232 1744440083.65
-0.0374292727291   0.317830269401 -0.0149906261874 0.32037751088 -3.75601771869 0.293856732587  9.41861984522 -0.398137489749  -2.51319775224  0.172827828889 1744440083.7
 -0.0522077665171    0.225072901036 -0.00795050558813 0.231185363301 -3.87323259914 0.284024393794  9.32085476515 -0.449486720488  -3.00283935894  0.239010601284 1744440083.73
 -0.0618751199505    0.154517430883 -0.00199176242352 0.166457604311 -3.97619045499  0.27356649138  9.21726901681 -0.214595587542  -1.94427453521  0.163953516469 1744440083.75
-0.0654834863202   0.104792497112 0.00219229823329 0.123589484193 -4.06574983245 0.261300899283  9.11568373571 -0.0148801279095  -0.986679667543  0.0750784832918 1744440083.8
-0.0631097830447  0.0726487145144  0.0042377964254 0.0963256941584 -4.14175072927 0.246051405965  9.02367559518  0.182965163045 -0.957579605017  0.035979627463 1744440083.83
-0.0557108273732  0.0536456080614 0.00411406641245 0.0774498101569  -4.2033531119 0.227013211975   8.9475898172   0.292235021597  -0.478058244346 -0.0346394734077 1744440083.85
-0.0448544305455  0.0427853472904 0.00207393600242 0.0620226337144 -4.24939994071 0.204057038449  8.89191065324   0.278986572365  -0.223027494275 -0.0663170890412 1744440083.9
 -0.0323932579183   0.0350050726262 -0.00142868540051 0.0477149809819 -4.27869391192 0.177890851764  8.85909627707  0.462946857998 -0.323857111929 -0.148103427189 1744440083.93
 -0.0201445289757   0.0254993948745 -0.00583112058187 0.0330154986917 -4.29012818548 0.150035815432  8.84983591798  0.361913339731 -0.399000859415 -0.144923246453 1744440083.95
-0.00962491563121  0.00990351614097  -0.0105459566319 0.0173763009339 -4.28267570586 0.122621717078  8.86355918497  0.218241001341 -0.490769738282 -0.109830332563 1744440084
-0.00187189020498  -0.0155912255505   -0.015026871979 0.0217346996432  -4.25529716354 0.0980515673905   8.89896776261  0.228586030707  -1.19338150296 -0.154157782088 1744440084.03
0.00263575963889 -0.0541059206382 -0.0188145218662 0.0573444339935  -4.20685664955 0.0786121453088   8.95438563859 0.0928864765401  -1.46911315925  -0.10410961131 1744440084.05
0.00396221561561  -0.107864739982 -0.0215658915645 0.110070836114  -4.13612896997 0.0661108056691   9.02781951586 -0.000174489376938     -1.47016550694   -0.0505583919635 1744440084.1
0.00262106769146  -0.177893366724 -0.0230715216324 0.179402383013  -4.04194695735 0.0616017000119   9.11674629513 -0.0806960411888   -2.77417536795 -0.0302140652631 1744440084.13
-0.000569883524214    -0.263669629709   -0.0232627918978 0.264694457601 -3.92348364409 0.065236429338  9.21775432647 -0.117161297538  -2.97743979759 0.0138985507008 1744440084.15
-0.00465578637962    -0.36282128548  -0.0222082866959 0.363530149427  -3.78061043644 0.0762465928323   9.32622557715 -0.0978366519049   -2.49303319429  0.0380740942387 1744440084.2
-0.00870599534343   -0.470990673947  -0.0200965440539 0.471499608041  -3.61423551374 0.0930466358929    9.4362430056 -0.0950642807439   -2.85723376807  0.0652488190051 1744440084.24
-0.0119473273908  -0.581974442013 -0.0172036263125 0.582351229539 -3.42651802999 0.113436255231  9.54084739499 -0.0849108294076    -3.5819748641   0.103048018766 1744440084.27
-0.0138549152693  -0.688198559918 -0.0138478005092 0.68847728948 -3.22087597612 0.134878272545  9.63267119764 -0.0343480926601   -3.05060884018   0.104953369504 1744440084.3
-0.0141940408435  -0.781515184721 -0.0103386120161 0.781712441786 -3.00175237055 0.154824455369  9.70487081356 0.0102377436522  -2.01937380671 0.0841221570653 1744440084.34
 -0.0130131891604   -0.854227297731 -0.00693145074113 0.854354530795 -2.77416281542 0.171054726078  9.75218999834 0.0623026581227  -2.05381733535  0.113180853752 1744440084.38
-0.0105943103836  -0.900180889264 -0.0037992350617 0.900251246595 -2.54310197148 0.181985674009  9.77193657238 0.0874036665836 -0.952773587117 0.0914356539765 1744440084.4
 -0.0073711016696   -0.915730803792 -0.00102909012307 0.915761048079 -2.31292356033 0.186897511762  9.76465330823    0.085700392469 -0.00271018267874    0.065307814912 1744440084.44
-0.00383006861009   -0.900394801131  0.00135544202948 0.900403967423 -2.08681944979  0.18603123094   9.7343115174 0.131153271063  1.10570342437 0.082617400035 1744440084.48
-0.000411820498135    -0.857059746943    0.0033547709262 0.857066411612 -1.86650599641 0.180524211424  9.68794185143 0.0878633476059   1.49261606979 0.0493688870881 1744440084.5
0.00256928796493  -0.791683003545 0.00495112920505 0.791702654424 -1.65218413819 0.172182491025   9.6347234509 0.0701678961571   1.88397285857 0.0355356246145 1744440084.55
0.00497137680021  -0.712523596398 0.00608102166046 0.712566887271 -1.44278275942 0.163125088324  9.58465901794 0.0885788122795   3.38382776644 0.0350388220597 1744440084.57
0.00682726738936  -0.629022558744 0.00663544376682 0.62909460346 -1.23643477735 0.155369718886  9.54704941176  0.0431408169583    2.09838793315 0.00532172666364 1744440084.6
0.00830214338622  -0.550513673892   0.006491895413 0.550614543427 -1.03108543985 0.150448729078  9.52903016526 0.0363200858041   1.87534109147 -0.013863908747 1744440084.65
0.00961708686924  -0.484973804657 0.00557052880768 0.485101134151 -0.825104026881  0.149141276557   9.53443298064  0.0578930145573    2.45159494884 -0.0565580474654 1744440084.67
 0.0109588039885  -0.438012092083 0.00389649530137 0.438166487618 -0.617770490345  0.151381474805   9.56318505293  0.0354618358733   0.926245117361 -0.0499929442608 1744440084.7
 0.0124012648732  -0.412252491208 0.00164548509986 0.412442257169 -0.409537695782  0.156358642034    9.6113650278  0.0376352120821   0.399316542286 -0.0614760597735 1744440084.75
   0.0138634144394    -0.407193639422 -0.000848104126127 0.407430452379 -0.20202070802 0.162776994728   9.6719132274 0.0611319037072 -0.164154760894 -0.107480572244 1744440084.77
  0.0151180268721    -0.41954769043 -0.00313105736955 0.419831660075 0.00227564671465   0.169202229302    9.73586932305  0.0249903432552  -0.462262281452 -0.0485943374682 1744440084.8
  0.0158521715024   -0.443980944333 -0.00471529117802 0.444288874769 0.200425507298 0.174403160983   9.7939090829 0.00832237787614  -0.703257854415 -0.0264936569735 1744440084.85
  0.0157638096828   -0.474117651156 -0.00518685782947 0.474407997749 0.389645488385 0.177603436995  9.83789562612 -0.0275438572692   -1.38621180526 0.00940184309403 1744440084.87
  0.0146668798711   -0.503633636977 -0.00431070274915 0.503865596978 0.567840787219 0.178588747824  9.86216267198 -0.0395413403345  -0.658608399176  0.0382528122693 1744440084.9
  0.0125731377591   -0.527262114904 -0.00210015988051 0.527416185074 0.734036600386 0.177659097205  9.86430702093 -0.0634373548038  -0.486804318912  0.0703719065547 1744440084.95
0.00972473607491  -0.541558562317 0.00117168349603 0.541647135829 0.888631234915 0.175459689796  9.84537046785 -0.144527522005  -0.43439361912  0.171424853786 1744440084.97
0.00656541182075  -0.545319006608 0.00502563544397 0.545381683422  1.03344811449 0.172754515233  9.80941291701 -0.0747737010333  0.0240372523828  0.0950073242198 1744440085
0.00365572299993  -0.539607576917 0.00888296012059 0.539693068658  1.17159963863 0.170215273155  9.76259105282 -0.0642597806314   0.229565240207  0.0919442517584 1744440085.05
0.00155346625437  -0.527414051494  0.0121968330489 0.527557350159  1.30719839729 0.168283877184  9.71193774255 -0.0728488879921    0.65301589694   0.139749454037 1744440085.07
0.000689612568527    -0.51301942551   0.0145729895064 0.51322682952    1.444959097 0.167135814521  9.66407373676 -0.00347196393814    0.321977583957   0.0448116457251 1744440085.1
0.00127066490857  -0.501188060763  0.0158468691507 0.50144013611  1.58973217428 0.166735458145  9.62407380298 0.0325260730875  0.213698247775 0.0195091687642 1744440085.16
0.00323087487971   -0.49632317996  0.0160972409944 0.496594662361   1.7460045772 0.166945274285  9.59466189075    0.123470286401  -0.0131375456731 -0.00625995432468 1744440085.17
0.00624491453735  -0.501717333299  0.0155946742593 0.501998481428  1.91740069514 0.167637794198  9.57583766809  0.0804910619352  -0.278039801694 -0.0171062895445 1744440085.2
0.00979694575397  -0.519004319951   0.014701792769 0.519304926786  2.10621971429 0.168765242463  9.56495579394  0.0900862106858  -0.590372458379 -0.0235185593379 1744440085.26
0.0132890210417 -0.547880297002 0.0137556887415 0.548214042958  2.31305376081 0.170363119035  9.55720556487   0.158865180752   -1.67476964499 -0.0432790969094 1744440085.27
0.0161631371055   -0.5861172265 0.0129674730701 0.58648342309   2.5365399588 0.172492073449  9.54638508293 0.0577609976088  -1.00314022776 -0.016976725863 1744440085.3
0.0180087881128  -0.62984889884 0.0123684863901 0.630227682092  2.77330301872 0.175146734281  9.52583772557  0.0315872126787   -1.12532137559 -0.0146973979836 1744440085.36
0.0186320553977 -0.674074545084  0.011818695712 0.674435562072 3.01813691683 0.17817255912 9.48941840101 0.00158971259365   -2.09096207369 -0.0324311388804 1744440085.37
0.0180722351826 -0.713301352494 0.0110741261774 0.713616186353  3.26445002453 0.181228805797   9.4323747825 -0.0252466924016  -0.832673173681 -0.0235350215046 1744440085.4
0.0165653835821  -0.74223643149 0.0098921397558 0.742487162578  3.50495706796 0.183819382421  9.35205327706  -0.046172732021   -0.55255131963 -0.0375651148069 1744440085.46
 0.0144674453749  -0.756440046655 0.00814134882046 0.756622186246  3.73254877604 0.185389816326  9.24836185851  -0.11347671976 -0.273658819382 -0.103305068284 1744440085.47
 0.0121590778009  -0.752862614909 0.00588079962737 0.752983760717  3.94121742922 0.185465877667  9.12393919351 -0.0549570080229   0.319671662719 -0.0579947508916 1744440085.49
0.00995716996982  -0.730204862282 0.00338176841423 0.730280577923   4.1268792034 0.183794558168   8.9839958614 -0.0519427285801   0.807267457454 -0.0607100896073 1744440085.56
0.00805383151322  -0.689060965988 0.00108263293889 0.689108881923  4.28792714856 0.180445213234  8.83581717393 -0.0909164552066    2.58275485362  -0.102236881359 1744440085.57
    0.006494141368    -0.631827138368 -0.000512457812486 0.631860719829  4.42538072036 0.175838039078  8.68795491659 -0.0348408855927    1.54258277845 -0.0249143183874 1744440085.59
  0.00519266679232    -0.562382687015 -0.000963353195013 0.562407484385  4.54256754397 0.170685716025  8.54918699528 -0.0315861932357    1.83685521369 0.00623829635701 1744440085.66
  0.00397925231107    -0.485576938427 -1.57653771203e-05 0.485593243188  4.64436766403 0.165856984635  8.42737973348 -0.0675089652782    4.15157712226  0.0874604198958 1744440085.67
0.00265918777633  -0.406582142908 0.00231886476851 0.406597451228  4.73614834037 0.162192333492  8.32843047666 -0.0353668426614    1.89032542897  0.0701156351089 1744440085.69
0.00107217195245  -0.330196149179 0.00574759290761 0.330247908865  4.82259383786 0.160316337536  8.25548029342 -0.0439755705887    1.82800105776  0.0927770487506 1744440085.76
-0.000862419277328    -0.260194015751   0.00974854231276 0.260378001523  4.90666867173 0.160494228646  8.20855647353 -0.112125719841   3.51255159283  0.212039621296 1744440085.77
-0.00312125058372   -0.198829206521   0.0136777246184 0.199323545327  4.98893305624 0.162570216394  8.18473272875 -0.0572386486916    1.37995183431  0.0868801903386 1744440085.79
-0.0055754497285  -0.146568778872  0.0169022573642 0.147645449925    5.067357729 0.166003799454  8.17879517491 -0.0609658483616     1.2063940552  0.0654706553757 1744440085.86
-0.00800886299967   -0.102112983895   0.0189264859609 0.104160526291  5.13767735753 0.169993709107  8.18429772672 -0.122914355219   2.25319688601 0.0692846872811 1744440085.87
-0.0101504394001 -0.0627026392081  0.0194810995844 0.0664391874175  5.19420319582 0.173655637207  8.19480786838  -0.0450284495702    0.941177505408 -0.00449471559557 1744440085.89
-0.0117141223226  -0.024666241674  0.0185566289699 0.0330150362538  5.23091606018 0.176207354057  8.20510428546 -0.0285357273439   0.979398617677  -0.038670515949 1744440085.96
-0.0124402009098   0.015886184913  0.0163781031928 0.0259879151523  5.24260474987 0.177117046435  8.21210127881 -0.0112566848857    2.33647252607  -0.140282869348 1744440085.97
-0.0121333215873  0.0623440615091   0.013332490934 0.0648980339663  5.22581515205 0.176185788398  8.21533631757  0.0212219225139    1.22821594199 -0.0790606323119 1744440085.99
 -0.010693450587   0.116979127442 0.00987071985298 0.117880860418  5.17942806699 0.173556358354   8.2169491741  0.0497681981617    1.47178003762 -0.0862094518629 1744440086.05
-0.00813658655726    0.180538311051  0.00640926789393 0.180835186048  5.10477216893 0.169659999182  8.22118049445  0.163358247751   3.62411775952 -0.177483056664 1744440086.07
-0.00460215632856    0.252115051122  0.00325274041871 0.252178030695  5.0052782394 0.16512417293 8.23350282908 0.0947600290878   1.80928191158 -0.071245697746 1744440086.09
-0.000344483325762     0.329315296091  0.000550744664449 0.329315936796  4.88576866019 0.160666161793  8.25955384081   0.110785397948    1.95000081261 -0.0617744852899 1744440086.15
 0.00429275921109    0.408679840812 -0.00170710843625 0.408705950882  4.75153627691 0.156991946441  8.30406422412  0.246894227253   4.18419261565 -0.112310778665 1744440086.17
 0.00891732304413     0.48627798514 -0.00366239833538 0.486373529958  4.60739289168 0.154711773548  8.36996322876   0.107618591287    1.82092257137 -0.0465687379077 1744440086.19
  0.0131388588843    0.558357163018 -0.00553499442007 0.558539154643  4.4568613767 0.15427739666 8.45780758405  0.0961091714502    1.69247856521 -0.0486094302934 1744440086.25
  0.0166201645822    0.621924708525 -0.00755828811529 0.622192655585  4.30165239952 0.155942948215  8.56562157398  0.157294719128   3.07220205208 -0.115215064946 1744440086.27
  0.0191187376528    0.675153174517 -0.00991512952256 0.675496591393  4.14151380958 0.159750829787  8.68916494828  0.0473816509872    1.16477133844 -0.0624665441555 1744440086.29
 0.0205095840596   0.717537339914 -0.0126859818208 0.717942484704  3.97447494687 0.165543455136  8.82257142097  0.0209034859746   0.936390971522 -0.0740733039122 1744440086.35
 0.0207847254064   0.749782635506 -0.0158187006939 0.750237453482  3.79743778869 0.172999224295  8.95923589503 -0.0123841681156    1.44789579957  -0.166738806124 1744440086.37
  0.020031257353   0.773460937113 -0.0191261095108 0.773956639984  3.60700230333 0.181686742379  9.09278542601 -0.0291406946488   0.496962310146 -0.0792279407334 1744440086.39
  0.018396063353   0.790518624353 -0.0223130131281 0.791047395009  3.4003663358 0.19112687882 9.21795629893 -0.0502832151197    0.36987419465 -0.0745333704623 1744440086.45
 0.0160491249498   0.802752779571 -0.0250287103872 0.803303202947  3.17612144101 0.200850212667  9.33122062839 -0.132768572524  0.528628858012 -0.117144528464 1744440086.47
 0.0131572445281   0.811377407121 -0.0269353341284 0.811930983579  2.93478173982 0.210439207061  9.43105696363 -0.0754546085838   0.171456435848 -0.0336023964778 1744440086.49
0.00987571587153   0.816780693008 -0.0277779306584 0.817312574029  2.67893274641 0.219549838399  9.51783068696  -0.0867437617533   0.0912586415041 -0.00644677019075 1744440086.55
0.00635836253057   0.818530160498 -0.0274406249863 0.819014676498  2.41296291716 0.227914523344  9.59332743577  -0.178804395917 -0.0291477986728  0.0454127260572 1744440086.57
0.00277883834183   0.815623795515 -0.0259754662756 0.816042047079  2.14242715049 0.235334385463  9.66005068844 -0.0858314170717  -0.142151486637  0.0470849097574 1744440086.59
-0.000649160363565     0.806924505704    -0.023596478002 0.807269702819  1.87316962927 0.241671712482  9.72043914489 -0.0823664138472  -0.306168512298  0.0681913812981 1744440086.65
-0.00366609223387    0.791667006405  -0.0206396904685 0.791944496847  1.61038529074 0.246851520303   9.7761716765 -0.133752103343 -0.928071597113  0.152872406928 1744440086.67
-0.00598463423927    0.769903018659  -0.0174982805674 0.770125096208  1.35781266185 0.250874887617   9.8277053837 -0.0451812568019  -0.602528742998  0.0750485239405 1744440086.69
-0.00733344778546    0.742759842527  -0.0145480135123 0.742938495318  1.11722246838 0.253838461588  9.87414072216 -0.0196203698746  -0.734731377218  0.0692618803788 1744440086.75
-0.00751944033722    0.712428556897  -0.0120802605687 0.71257064447 0.888302402359 0.255947723364  9.91343758658 0.0208261948142  -1.51007847311   0.10639431136 1744440086.77
-0.00649358832471       0.681862799  -0.0102574424424 0.681970863362 0.668952663104 0.257509443984  9.94293217103 0.0387938403698 -0.723898290188 0.0370825429045 1744440086.79
-0.00440122988342    0.654242329536 -0.00909960250973 0.654320410309 0.455918210709 0.258892745419   9.9600416588 0.0624977806075 -0.632520291833 0.0224026139352 1744440086.85
-0.00159831347877    0.632319268908 -0.00850270889163 0.632378453537 0.245612069775 0.260457424328  9.96300514367  0.140628371254 -0.886465467251 0.0199038955093 1744440086.87
 0.00137963909664    0.617802024669 -0.00828140479397 0.617859067065 0.0349463330266  0.262459923643   9.95150195995  0.0697506091554  -0.271320069316 0.00354475767936 1744440086.89
 0.00390011067187    0.610931171518 -0.00822327647565 0.610998960287 -0.178006992203  0.264958068684   9.92701306337  0.0509731382839 -0.0952747724081 0.00181559924344 1744440086.95
 0.00536082176018    0.610360727449 -0.00813960006161 0.610438538357 -0.393656013651  0.267742316465   9.89284107113     0.0339246994  0.0577012164119 0.00761578665098 1744440086.97
 0.00534334266875    0.613385909312 -0.00789928401085 0.613460042498 -0.610884437289   0.27032162843   9.85376959562 -0.0206894671702  0.0792526751252  0.0091022813801 1744440086.99
 0.00376533254975    0.616472377741 -0.00743766841626 0.616528741551 -0.827372222657   0.27198514579   9.81541039333 -0.0559746497575  0.0332263807801  0.0149528286123 1744440087.05
0.000998375179807    0.615965068716  -0.0067385879731 0.616002736356 -1.04013929684 0.271946981041  9.78334560729 -0.131358395879 -0.172203918336 0.0369103769272 1744440087.07
-0.00208066325988    0.608808586034 -0.00579500288731 0.608839720818 -1.24616812923 0.269562647769   9.7622118204 -0.0705224896934  -0.314390660741  0.0299805708013 1744440087.09
-0.00412846016399    0.593109534853  -0.0045590640981 0.593141424605 -1.44295601719 0.264585599035  9.75488605639 -0.0180433989193  -0.523647906607  0.0375863688635 1744440087.14
-0.00347250691655    0.568415086982 -0.00289564067102 0.568433069189 -1.62887724396 0.257415818271  9.76191945544  0.117162708949   -1.1618169705 0.0810028669591 1744440087.17
  0.00166514269588     0.535658608843 -0.000553536691966 0.535661482964 -1.80328800567  0.24928422267  9.78132541254  0.234344502124   -1.0255148759 0.0820611509702 1744440087.19
0.0128904148626  0.496809311956 0.0028342150852 0.496984595351 -1.96636860909 0.242320285639  9.80877255701 0.385400179313 -1.05568445311 0.107335049416 1744440087.24
 0.0313547938843   0.454333002732 0.00771511586325 0.455479004438 -2.11875414858  0.23946674291   9.8381679113 0.844858662537 -1.63177476619 0.221745274802 1744440087.27
0.0575226703856   0.41060579467 0.0145485907611 0.414870627687 -2.26104682187 0.244232412951  9.86255127841 0.883711213398  -1.2869991167 0.236894592889 1744440087.29
0.0910361631245  0.367415615772 0.0237137740842 0.379267927449 -2.39332510588 0.260307053714  9.87516807334 0.982640260766 -1.14077661755 0.280120765182 1744440087.34
  0.13070579003  0.325645311141 0.0354108658903 0.352679460188 -2.51476558452 0.291093825852  9.87055402761  1.51413778509 -1.48967034188 0.468487642748 1744440087.37
 0.174628633145  0.285173943568 0.0495780247602 0.338049283601 -2.62347255248 0.339237798601  9.84545897057  1.32640672518 -1.19277316675 0.450033862028 1744440087.39
 0.220409165378   0.24497942107 0.0658461431538 0.33605182859 -2.71657020971 0.406236691915  9.79946048629  1.50008161743 -1.35097276904 0.561153705672 1744440087.44
 0.265439223785  0.203389970169 0.0835486426651 0.344682226377 -2.79055647078 0.492209426991  9.73516651798  1.50551462817 -1.50174662037 0.623638477829 1744440087.45
0.307187142489 0.158418632214 0.101792712215 0.360308423165 -2.84185486821  0.59587014633  9.65796773481 0.971487354408 -1.18640029263 0.448748296174 1744440087.49
0.343451601363 0.108119653817 0.119584028365 0.37940638089 -2.86744580044 0.714715728474   9.5753633998 1.15679001886 -1.9025274565 0.60509565356 1744440087.53
 0.372549315417 0.0509200139825  0.135982466709 0.399846309842 -2.86542734718 0.845392216246  9.49594067418 0.849099464517  -2.0768393659 0.521179593176 1744440087.55
  0.393421957046 -0.0141044272802   0.150255970504 0.421374688166 -2.83536258035 0.984169666066  9.42813468289 0.396326433054 -1.65105336728 0.311367337533 1744440087.59
  0.405662379525 -0.0870254558041   0.161997200396 0.445397001624 -2.7783180181 1.12743376918 9.37893508606 0.291307638778 -2.77415141224 0.379690515419 1744440087.63
 0.409470983355 -0.166940889751  0.171174279055 0.474169147764 -2.69657643361    1.272100645   9.3527305188 -0.00173168203341    -2.76600817578    0.270106173553 1744440087.65
0.405559132681 -0.25194119118 0.178101548398 0.509580941025 -2.59309559519  1.41587838978  9.35048590725 -0.168993023222  -2.01380611203  0.142191804084 1744440087.69
 0.395017848985 -0.339171729694  0.183335238198 0.551985844751 -2.47085727744  1.55733108838  9.36941914803 -0.478160134685  -3.13542650472  0.170598191439 1744440087.73
0.379167267508  -0.4249998541 0.187517650119 0.599629520488 -2.33228559937  1.69574120158  9.40327869738 -0.602450393375  -2.80963280906  0.133138350186 1744440087.75
 0.359397427109 -0.505293798954  0.191207163013 0.648882510984 -2.17889744249  1.83080677304  9.44322827405  -0.48074963601  -1.71967655471 0.0823115858215 1744440087.79
 0.337006952683 -0.575810378985  0.194736131658 0.695020459897 -2.01128194989  1.96224350015  9.47923463552 -0.814081172344  -2.23712657109   0.12163036029 1744440087.84
 0.313046104256 -0.632669028209  0.198132428319 0.733160570269 -1.82940869417   2.0893823678  9.50174998507 -0.85714171887 -1.70358567521 0.112121168763 1744440087.85
 0.28817548655 -0.67286385844 0.201123688038 0.759105803517 -1.63316479208  2.21085692649  9.50340356219 -0.565624537833 -0.695404203483   0.05700272284 1744440087.89
 0.262559074978 -0.694740048883  0.203220429182 0.769999705333 -1.42295178501  2.32445835947  9.48038663411 -0.867153409617  -0.42200764214 0.0451832107748 1744440087.94
 0.235815125327 -0.698345477189  0.203851935671 0.764755379531 -1.20015575746  2.42720237868  9.43324558244   -1.03458898792   0.170868403203 -0.0131606890044 1744440087.95
 0.207046076853 -0.685571753592   0.20251426537 0.744237015299 -0.967343969197   2.51560500011   9.36689359773  -0.693372430181   0.436596685204 -0.0565589339837 1744440087.99
 0.174957010828 -0.660024872127  0.198887691449 0.711195543627 -0.72812477137   2.5861139678  9.28980181761  -1.09331420835  0.934345525317 -0.152489987646 1744440088.04
 0.138054452788 -0.626611561968  0.192891659333 0.670006174424 -0.486707806288   2.63560154018   9.21250614505  -1.54793658573   1.33687058648 -0.274999090188 1744440088.06
0.0948993555274 -0.590883328746  0.184665027179 0.626298785032 -0.247287464105   2.66180478057   9.14572277694  -1.08130214036  0.789275508785 -0.212502281025 1744440088.09
0.0443759777295 -0.558232777442  0.174481550919 0.586546564921 -0.0134199112491    2.66360920866    9.09845887623  -1.66995092007  0.885976743289 -0.337718910335 1744440088.14
-0.0140648082295  -0.533073417221   0.162628895334 0.557506273126 0.212437718295  2.64111045352  9.07650579551  -2.48083669835  0.798144281108 -0.501584997015 1744440088.16
-0.0802240937095  -0.518145965395   0.149289434685 0.545159134543 0.429103759745   2.5954469527  9.08160912119  -1.60680467376  0.219588786099 -0.325623367738 1744440088.19
-0.153061344049 -0.514077903285  0.134460866676 0.55297702516 0.636518101804   2.5284582064  9.11144876495   -2.21656873237 -0.0167231755369   -0.46171296996 1744440088.24
-0.230702559401 -0.519281268695  0.117944654668 0.580334083521 0.83529845618 2.44226895147  9.1603779295  -3.26575023172 -0.334604071353 -0.726757789169 1744440088.26
-0.310552685906 -0.530214239639 0.0994128528047 0.622457248285 1.02612400636 2.33891532482 9.22071048632  -1.82980785579 -0.261393434997 -0.454011931752 1744440088.29
-0.389504322021 -0.541966567637 0.0785427607564 0.672019599845 1.20911266061 2.22010940514 9.28425024354  -2.15580004708 -0.264526143704 -0.620400610011 1744440088.35
-0.464224286648 -0.549070420664 0.0551889207334 0.721129899625  1.3833671069 2.08718969283 9.34374008722   -3.13237457275 -0.0977741564584   -1.08089100876 1744440088.36
-0.531488289181 -0.546398465003 0.0295482392115 0.762826443259 1.54682945659 1.94124304344 9.39396703211  -1.43978654955  0.220924419792 -0.612969116899 1744440088.39
 -0.588522685096  -0.529997766063 0.00227060478395 0.791998572316 1.69651002269 1.78332881546 9.43236430633  -1.35954363958  0.649959794329 -0.735372045648 1744440088.45
 -0.633304374084  -0.497723042107 -0.0255236984998 0.805887160875 1.82905830114 1.61470677006 9.45906914668 -1.80342851349  1.90227445981 -1.29162942426 1744440088.47
 -0.664769848326  -0.449571494569 -0.0523382021679 0.804221839656 1.94154714511 1.43697620945 9.47649536433 -0.586011876229   1.30042044428 -0.602345038758 1744440088.49
 -0.682895632463  -0.387674954569 -0.0764971508513 0.788980436592 2.03227124409 1.25207228453  9.4885472321  -0.30852228535   1.72728559598 -0.569739915562 1744440088.55
 -0.688634605075  -0.315962829842 -0.0964086150386 0.763770089885 2.10134088689 1.06212186276 9.49963548859 -0.020425056357   3.66517845335 -0.849776425572 1744440088.57
-0.683721029323 -0.239561444645 -0.110837462147 0.732904546796  2.15089202636 0.869214631711  9.51366630572  0.219845456438   1.83006852111 -0.273643012686 1744440088.59
-0.670383460793 -0.164034083319 -0.119125928315 0.700365727168  2.18482702388 0.675175418505  9.53316883116  0.418397770409   1.85496931999 -0.133998784769 1744440088.65
 -0.651021134531 -0.0945862418675   -0.12131014263 0.668947849583  2.20812308489 0.481420443349  9.55870809821   1.06910830713   3.23824304154 0.0256791632997 1744440088.67
 -0.627901593265 -0.0353599246798  -0.118105546371 0.639890346217  2.22586230392 0.288945997035  9.58869239809 0.585063029651  1.28539855079 0.128269947537 1744440088.69
-0.602925994745 0.0110800194535 -0.110765704263 0.61311627218   2.24221349782 0.0984470105398    9.6196225163 0.642828752363  1.01196437157 0.220052179674 1744440088.75
-0.577488865827 0.0440016220046 -0.100848336709 0.587877470151    2.25960872011 -0.0894851991519    9.64674820486  1.27676105269  1.35050129625 0.526613974837 1744440088.77
 -0.552437925345   0.064484063246 -0.0899413512228 0.563413970746    2.2783035689 -0.274164688744   9.66501080476 0.603322413423  0.38062188243 0.262056148999 1744440088.79
 -0.528122573905  0.0751456513693 -0.0794058375351 0.539319579677   2.29640778273 -0.454689637818   9.67008381625 0.608811812432 0.193107291265 0.250978805538 1744440088.85
 -0.504509154796  0.0796864539773 -0.0701830197685 0.515562871514   2.31035284204 -0.629947189161   9.65929722228  1.18605776562 0.182182255275 0.423683602384 1744440088.87
 -0.481336353966  0.0823321639587 -0.0626928621805 0.49233491227   2.31566119849 -0.798749028671   9.63225639805  0.563838698318 0.0924752533842   0.16286919593 1744440088.89
-0.458282840921 0.0872680373297 -0.056830189262 0.46996653395   2.30782423613 -0.960057223829   9.59103574705 0.584332705883  0.19981892777 0.134613640773 1744440088.95
 -0.435119739278  0.0981364383027 -0.0520458682597 0.449075406179   2.2830943963 -1.11322817944  9.53992026805  1.19158969458   0.7791007891 0.239572686177 1744440088.97
 -0.411822734001   0.117645193265 -0.0474892452564 0.430921784264 2.23904463987  -1.258193287 9.48475949947 0.564085651556 0.596519956588 0.119644109604 1744440088.99
 -0.388623837265   0.147305803583 -0.0421839602652 0.417740317857  2.17482523202 -1.39551003507  9.43206672439 0.575377267906 0.874469514703 0.154152106675 1744440089.05
 -0.365992194284   0.187299335095 -0.0352105636999 0.412639201967  2.09112742364 -1.52625263099  9.38803122717 1.15501298085  2.3361800427 0.42740931949 1744440089.07
  -0.34454651532   0.236458533093 -0.0258732706976 0.41868169918 1.98992296541 -1.6517570993  9.3576123168 0.494077114127  1.26368087886 0.257145638403 1744440089.09
 -0.32491655896  0.292356811877 -0.013832482898 0.437303799801  1.87407517767 -1.77327988478  9.34385697556 0.459000942088   1.4286141324 0.331372602755 1744440089.15
  -0.307583968447    0.351502342354 0.000811588174451 0.46707863685  1.74691272413 -1.89165842701  9.34753715082 0.872165315263   3.1790191613  0.84915620915 1744440089.17
-0.292739859111   0.40964001906 0.0174953445089 0.503793268521   1.6118333514 -2.00706728984  9.36714672863 0.32691356266 1.32079448408 0.41087599166 1744440089.19
-0.280195133731  0.462158570637 0.0352347994136 0.541609959722 1.47197735262 -2.1189409253 9.39924012658 0.286773024782  1.16499077981  0.43240416336 1744440089.26
-0.269368936228  0.504582385745 0.0527346574246 0.574407478975  1.32999073295 -2.22608908382  9.43904153703 0.588713038211  2.00483903463 0.941569672953 1744440089.27
 -0.25936288382  0.533101976151 0.0685532643746 0.596796759823  1.18788846616 -2.32697598363  9.48121306115 0.239894185781 0.479411774026  0.33824573467 1744440089.29
-0.249107983241  0.545072485093 0.0813021731652 0.604788264338  1.04702361412 -2.42008642181  9.52064759614  0.264145273852 0.0762373665001  0.257925796407 1744440089.36
 -0.23755295528  0.539396737708 0.0898496635347 0.596198967837 0.908160958969 -2.50427644557  9.55315298693  0.748850857835 -0.840796144229  0.361475435827 1744440089.37
-0.223852256475  0.516715813718 0.0934932853797 0.570829273326 0.771640293653 -2.57901162598  9.57591897274  0.351757234705 -0.703020785096 0.0259968543511 1744440089.39
-0.207512515208  0.479358018727  0.092069822406 0.530398346795 0.637597032054 -2.64443100379  9.58770456964   0.422538977776   -1.02305300352 -0.0896925885519 1744440089.46
-0.188467232326  0.431041456702  0.085982086227 0.478235877166 0.506193400948 -2.70122822785  9.58874239736   1.27357744986  -3.24287439153 -0.501681668546 1744440089.47
-0.167067975282  0.376375225794  0.076138098524 0.418768467059 0.377809510398 -2.75039602584   9.5804155945  0.523674688487  -1.30481276037 -0.261053380421 1744440089.49
-0.144000435456  0.320245870732 0.0638152565241 0.356883636634  0.25315340784 -2.79291855195  9.56480815573  0.557248533174  -1.29671949296 -0.304795127373 1744440089.56
-0.120150092959  0.267197132079  0.050475685673 0.297284623002 0.133270323953  -2.8295067791  9.54424858268  1.52321998356 -3.18229303383 -0.84087465481 1744440089.58
-0.0964510170859   0.220906192632  0.0375661912611 0.243954018958 0.0194567406397   -2.8604529239    9.5209537273  0.545884218338 -0.980807168677 -0.284003400896 1744440089.59
-0.0737512150654   0.183830823753  0.0263360628798 0.199816419979 -0.0868934194379   -2.88563868919    9.49683788824  0.517553182352 -0.755624828108 -0.235122022946 1744440089.66
-0.0527199557754   0.157059081238  0.0176993718665 0.166613974507 -0.184470975426  -2.90468334191   9.47349407235   1.29807800538  -1.41307322796 -0.460789789429 1744440089.68
-0.0338092725415   0.140350470939  0.0121575318449 0.144876247823 -0.272221405529  -2.91717721709   9.45229794169   0.416634930918  -0.290641797071 -0.0930006465356 1744440089.69
-0.0172668333518   0.132327215405 0.00978557716895 0.133807297975 -0.349469874333   -2.9229260602   9.43454800622  0.361563030856 -0.113197353571 -0.022229369371 1744440089.76
-0.00318415530628    0.130762427008   0.0102746594687 0.131204114986 -0.415982307107   -2.9221358693   9.42154931514  0.846397780341 0.0194015724396  0.106340892822 1744440089.78
0.00844411683044   0.132916575247  0.0130158850232 0.133819028346 -0.471959013354  -2.91549223714    9.4145734384  0.245466902212 0.0603005361524 0.0815875667082 1744440089.79
 0.017675390645  0.135886709725 0.0172078939759 0.138107671509 -0.51797211337   -2.904122136    9.414676144  0.190577258036 0.0474998868428  0.105596254807 1744440089.86
0.0246081135467  0.136945324653 0.0219721347538 0.140862897536 -0.55486966612 -2.88945741244  9.42241040039    0.38768366799 -0.0672266217554   0.305750306743 1744440089.88
0.0294118155067  0.133851544822 0.0264639338812 0.139576612436 -0.583675801079  -2.87303863471    9.4375189364 0.0912766666886 -0.138744588173 0.0938259475931 1744440089.89
0.0323905501936  0.125115675228 0.0299719283426 0.132670254459 -0.605515412134  -2.85630194823    9.4587134924 0.0546418465618 -0.278216022171 0.0651166779864 1744440089.96
0.0340584329146  0.110192691889 0.0320013069481 0.119693315789 -0.621583025445  -2.84038316555   9.48363982023  0.093944925801  -1.18939533155 0.0791460654802 1744440089.98
0.0351976289773 0.0895764870049 0.0323368164867 0.101530733329 -0.633159097284  -2.82595954025   9.50908959139  0.0329636523009  -0.532731120231 -0.0108029655456 1744440089.99
0.0368690761301 0.0647694149075 0.0310801929422 0.0807488964351 -0.6416567293 -2.8131381022 9.53146160708  0.0605303911206  -0.603957462452 -0.0432070451404 1744440090.06
0.0403554287446 0.0381132203442 0.0286551405013 0.0624683541589 -0.648663789272  -2.80139452899   9.54740927809  0.342656351051  -1.76265457302 -0.178925634244 1744440090.08
0.0470326673533 0.0124870028267 0.0257730477508 0.0550658426642 -0.655937068839  -2.78956790534   9.55455514408  0.209658611657  -0.55507948834 -0.062308151665 1744440090.09
  0.0581875157382 -0.00909793709962   0.0233556473295 0.0633564969788 -0.665312183097  -2.77591990522   9.55212007687   0.326044363715  -0.427622469131 -0.0393826385683 1744440090.16
 0.0748164899722 -0.0239527831425  0.0224170619832 0.0816931310453 -0.678516655238  -2.75826609274   9.54131358071    1.3216328556 -0.708392915197  0.018866024795 1744440090.18
 0.0974529846698 -0.0301441602509  0.0239161534544 0.104774696441 -0.69690899832 -2.73417827014  9.52536442088     0.6055528351 -0.0339688825143  0.0730412690594 1744440090.19
  0.126066743984 -0.0268276996757  0.0285988241279 0.132024399829 -0.721202888597   -2.7012404114   9.50913315633 0.736412043423 0.185021615681 0.152199961658 1744440090.26
   0.16006418929 -0.0144132575017  0.0368564944327 0.164883861753 -0.751259354067  -2.65732163059   9.49832994886  2.40290623389  1.07345231503 0.665483159492 1744440090.28
  0.198391614712 0.00548205041849   0.048629145246 0.204338149723 -0.786029857968  -2.60081565952   9.49844825039 0.946245131242  0.53117336907 0.315073457454 1744440090.29
  0.23971357476 0.0302978126298 0.0633775368515 0.249794450602 -0.823704347555  -2.53079492268   9.51360134512 0.993463546319 0.607327267732 0.371675648446 1744440090.36
 0.282615537231 0.0569700843084 0.0801390895545 0.299231358759 -0.862065266606  -2.44704216812   9.54549753123 2.80351243065 1.69938714218 1.11702580365 1744440090.38
 0.325771959884 0.0824632717723 0.0976664651805 0.349951853058 -0.898984965521  -2.34995150206   9.59279607213  1.03014498557 0.570603457027 0.415960729707 1744440090.39
0.368033025691 0.104283341072 0.114629691681 0.399328548239 -0.932949438426  -2.24032566738   9.65103976755  0.98038856959 0.455501042432 0.381747602168 1744440090.46
0.408413146862 0.120859422018 0.129845619394 0.445273155823 -0.963465248145  -2.11912647103   9.71325947248  2.42782736676 0.853941431481  0.86742964773 1744440090.48
0.446002659342 0.131707655289 0.142487179728 0.486382436966 -0.991221518972   -1.9872501222   9.77120232926 0.898212452105 0.207231126478 0.281341861205 1744440090.49
0.479856978118 0.137342588774 0.152223555048 0.521821537358 -1.01793589929 -1.84539311223   9.8169757058   0.75637050657 0.0872314869783  0.201521370386 1744440090.55
0.508931406425 0.138965167493 0.159253416961 0.55107544405 -1.04589975979 -1.69404806025  9.84476332614   1.45624622905 0.0187315103815  0.334177652007 1744440090.57
0.532117290828 0.138014806542 0.164216189429 0.573728032167 -1.07732957547 -1.53363000631  9.85220360238   0.533030052965 -0.0439777886051    0.11807912694 1744440090.59
0.548398569563 0.135708918529 0.167996353949 0.589390088657 -1.11369932516 -1.36469313875  9.84105619496   0.307356184467 -0.0654432598777  0.0891873772836 1744440090.65
0.557099199368 0.132695578834 0.171465338836 0.59780264051 -1.15524779971  -1.1881672852  9.81692762479  0.229170143356 -0.159721836698  0.169900805903 1744440090.67
0.558149505903 0.128912930889  0.17522544548 0.599043714126 -1.20081357241 -1.00553124506   9.7880514946 -0.0672002029711  -0.125547024659   0.110966725213 1744440090.69
0.552279928983 0.123691959334 0.179423330462 0.593721780193 -1.24805769935 -0.81885034529  9.76336507535 -0.215054086577 -0.161592917234  0.106462536551 1744440090.74
0.541062353937 0.116073543471 0.183684440934 0.58306218552  -1.29401814386 -0.630637608329   9.75032147343 -0.544533903244 -0.393417012319  0.165681931994 1744440090.77
0.526758797078 0.105253350819 0.187188485975 0.568852025961  -1.33583923363 -0.443545429127   9.75296664787  -0.39830875833 -0.343093696134 0.0710307460755 1744440090.79
 0.511991055843 0.0910322183544  0.188868750718 0.553256821955 -1.37146873448 -0.25994625767  9.77076533344   -0.35111930353  -0.397755601524 0.00636015977169 1744440090.84
 0.499295288131 0.0741420891728   0.18768595878 0.538533985241   -1.40013050583 -0.0815018187503    9.79849040781 -0.450682804088 -0.732899211178 -0.125893219681 1744440090.87
  0.49065748887 0.0563396268814  0.182909456489 0.526663834163  -1.42245365552 0.0911627730973   9.82724080805 -0.167492431654 -0.467286652131  -0.18379923024 1744440090.89
 0.487132201646 0.0402083292595  0.174338693407 0.518949392177 -1.44024149538 0.258578642096  9.84638642119 -0.0270249146437  -0.368442010844  -0.272984133508 1744440090.94
 0.488628537816 0.0286780850746  0.162414611169 0.515711921962 -1.45596077438 0.422290355969   9.8460174476  0.138398018232 -0.323821198423 -0.533662645536 1744440090.97
 0.493911497195 0.0243462552418  0.148197735294 0.516240134 -1.47209609383 0.584459237438  9.81934944374    0.164804850382 0.000959968582787   -0.394594012131 1744440090.99
 0.500821916166 0.0287491100481  0.133219875255 0.519034332394 -1.49053329733 0.747288938273  9.76453002347   0.18602374653  0.253926502374 -0.422041191785 1744440091.04
 0.506674222875 0.0417676562901  0.119242313972 0.522189653938 -1.51211112031 0.912402118062  9.68541025446  0.155890327196  0.640446420734 -0.496144968789 1744440091.06
 0.508755467402 0.0613426300181  0.107970126915 0.523691313824 -1.53642517359  1.08032012134  9.59106018779 -0.0234175467483    0.53085305256  -0.234234964257 1744440091.09
 0.504828189662 0.0836154372341  0.100777291634 0.521535334307 -1.56190039014  1.25018297006  9.49408059815 -0.240722550662  0.667115774412  -0.14995350996 1744440091.14
 0.493537900229  0.103515160515 0.0984906344277 0.513804877837 -1.5860860377 1.41979574103 9.40803555626   -0.57451243393   0.610687623961 0.00928133724761 1744440091.15
0.474644502466 0.115699693601 0.101264913771 0.498927254799 -1.60608635724  1.58600994304  9.34454331048 -0.543066579554  0.148219718674  0.122880098925 1744440091.19
0.449032974201 0.115661935632 0.108560798785 0.476228665986 -1.61902742123  1.74536316731  9.31066543897 -0.947758162001 -0.252251290015  0.303075652896 1744440091.24
0.418504860629 0.100757804792 0.119217340123 0.446666797269 -1.62247508131  1.89482918026  9.30719682622  -1.16274142941 -0.817563857567   0.42089284196 1744440091.25
 0.385398425023 0.0709182753612  0.131595435354 0.413374777166 -1.6147501533 2.03249387725 9.32828230924 -0.780325068244 -0.844992707339  0.288512597821 1744440091.29
 0.352121014775 0.0288725509221  0.143761695546 0.381431852824 -1.59512221847  2.15798227516  9.36250289884 -1.11480747191 -1.56960405335 0.380560263933 1744440091.33
  0.320694043612 -0.0201828895407   0.153683479333 0.356189037533 -1.56389157419  2.27251804166  9.39524521467 -1.07613645477 -1.77118220663 0.282064453247 1744440091.35
  0.292405158389 -0.0694120688539   0.159413725832 0.340193397847 -1.52238437878  2.37858705451  9.41186643667 -0.614014007022  -1.05674503191 0.0644758982606 1744440091.39
0.267635162151 -0.11149955128 0.159255044482 0.330791322662 -1.47288905726  2.47927719626  9.40096586171 -0.801291129996  -1.21432453558 -0.129381372208 1744440091.43
 0.245885498556 -0.139910745562  0.151902376712 0.321105943848 -1.41855605764  2.57745094155  9.35702610627 -0.752932541911 -0.696112468432 -0.410107100017 1744440091.45
 0.225985428677 -0.150006186556  0.136569278546 0.303681474281 -1.36327186295  2.67495175802  9.28181144304   -0.45287615455 0.00124075410643  -0.445208231203 1744440091.49
 0.206417729702 -0.139802614905  0.113102860809 0.273761405959 -1.31150434467  2.77203730576  9.18418494007 -0.687857537406  0.678375480371 -0.929759369723 1744440091.54
 0.185677996134 -0.110254388507 0.0820867570378 0.231020743905 -1.26810232656  2.86717460689  9.07836699212 -0.801436754584   1.36702599803  -1.24652782268 1744440091.55
  0.162581705167 -0.0650306695864  0.0449217798858 0.180775455054 -1.2380215513 2.95724202436 8.98101668022 -0.568035285997   1.15852290449 -0.902706147087 1744440091.59
   0.136455089805 -0.00986297654066  0.00386305999638 0.136865602225 -1.22594849999  3.03808562443   8.9077838961 -0.947544944495    1.9399343585  -1.41858182534 1744440091.64
  0.107183486228  0.0483876003797 -0.0380156121605 0.123591449374 -1.23580947488  3.10529833456  8.87008898731 -1.11966642466  2.05629187281 -1.47571294011 1744440091.65
 0.0751320355531   0.102758153553 -0.0769603198007 0.148751308269 -1.27018777836  3.15504637829  8.87281603162 -0.766881568166   1.14386789779  -0.81999288062 1744440091.69
 0.040985413812  0.147127553295 -0.108798312313 0.187519049288 -1.32972113671  3.18476502963  8.91338180682  -1.20282541724   1.28261497277 -0.905322282211 1744440091.73
0.00556650476101   0.176938321435  -0.129319726409 0.219229895785 -1.41259951687  3.19358144874  8.98232842501  -1.29068589416  0.769243422374 -0.469726657844 1744440091.75
-0.0303135049846   0.189621412223  -0.134746533321 0.234588611829 -1.51430902272  3.18238648929  9.06526335138 -0.828168739127 0.0900476512949 0.0821761991073 1744440091.79
-0.0659440591087   0.184713739674  -0.122223990894 0.231098438995 -1.62775178656   3.1535563552  9.14570951593   -1.2332937924 -0.453723737981  0.779218235383 1744440091.83
 -0.100742002575   0.163711056244 -0.0902484826936 0.212355950347 -1.74380760625  3.11040285657  9.20827954127   -1.2239396636 -0.985411040217   1.49251607519 1744440091.85
 -0.134237802045   0.129729486554 -0.0389441428768 0.190699170013 -1.85230125125  3.05649079552  9.24156866224 -0.754245048661  -0.88527048722   1.38728135049 1744440091.89
-0.166052120296 0.0870554390309 0.0298762810996 0.189854018372 -1.94322765683  2.99498777735  9.24025753223 -1.08753232741  -1.5714091435  2.67838932533 1744440091.93
-0.195887133208 0.0406504585205  0.112886663748 0.229712053637 -2.0080024936 2.92819724649 9.20609419526 -1.02799314799 -1.63446496594  3.14280343622 1744440091.95
 -0.223538605029 -0.0043456033738   0.205625236341 0.303759987535 -2.04048099391  2.85737234105  9.14763919897  -0.61077026856 -0.964565459598   2.18971044565 1744440091.99
 -0.248913265292 -0.0430916260195   0.302993945149 0.394487050064 -2.03753960781  2.78283052004  9.07886515934 -0.848134645791  -1.17461637412    3.3963030105 1744440092.03
 -0.272021941354 -0.0714921596458   0.399773773885 0.488800711697  -1.999133396 2.70430919488  9.0168685306 -0.791863316148 -0.782891329515   3.38400690674 1744440092.05
 -0.292920418726 -0.0866001686652   0.491057349692 0.578307255363 -1.92789145221  2.62144386705  8.97905980122 -0.454468445251 -0.177497690655   1.98434982142 1744440092.09
-0.311589361285 -0.086945654242  0.572537369451 0.657606657718 -1.82844187659  2.53422824683  8.98024838074 -0.593879828588  0.236122167677   2.54869621699 1744440092.13
 -0.327776117646 -0.0727418040791   0.640644157833 0.723293502201 -1.70671832885  2.44333371125  9.03004021911 -0.533821702257  0.748550141116   2.18981126766 1744440092.15
 -0.340852353964 -0.0459116962609   0.692578257306 0.773274112815 -1.56946567431  2.35021411781   9.1309309802 -0.252134064635  0.720941051151  0.982681361329 1744440092.19
  -0.349757260217 -0.00988989212786    0.726314688454 0.806201573867 -1.4240414155  2.2569848455 9.27740952513 -0.201990075063   1.26684735556  0.793782546963 1744440092.23
-0.353085496547 0.0308124909367  0.740652179125 0.821087344874 -1.27844608749  2.16612449805  9.45628023426 0.00778032746064    1.51443246792   0.168535367418 1744440092.25
-0.349340460405 0.0712397480972  0.735343294228 0.817216996489 -1.14137405723  2.08009035086  9.64825952611  0.181919851781   0.87583177337 -0.338830562044 1744440092.29
-0.337317042521  0.106727862006  0.711283014144 0.794416232156 -1.02201795809  2.00095625248  9.83070230485 0.526967507218  1.00158846536 -1.03840349541 1744440092.34
-0.316523217356  0.133614318924  0.670676043544 0.753555630814 -0.929419474555   1.93017131582   9.98109066084  0.94973140005 0.821109883913  -1.7967534794 1744440092.35
-0.287518177771   0.14978249835    0.6170708153 0.697049417513 -0.871326461336   1.86850098404   10.0807187344 0.760118906271 0.251299601038 -1.36195189432 1744440092.39
-0.252051175897  0.154929139754  0.555157513125 0.629072887665 -0.852736891751     1.816155793   10.1178978299  1.17152801939 0.011283375504  -1.9914718083 1744440092.44
-0.212931272247  0.150500869613  0.490281086705 0.555306926335 -0.874502078528   1.77305052928   10.0900385856   1.48144619349 -0.294914539886  -2.40772261535 1744440092.45
-0.173630638769   0.13931780218  0.427704419263 0.48217021785 -0.932445866298   1.73908619121   10.0041595282  0.912027495445 -0.309520869031  -1.43700646646 1744440092.49
-0.137699893483  0.124969093598  0.371745211083 0.415659761082 -1.01738787021  1.71432875679  9.87568898426   1.03156867698 -0.444241184448  -1.61789817289 1744440092.53
-0.10812905389  0.11110979015 0.324972631393 0.36006178486 -1.11624587126  1.69898463286  9.72578990663  0.935214611364 -0.444109588525  -1.54506151312 1744440092.55
-0.0868055196129   0.100800652298   0.287662972262 0.316932098957 -1.21409704246  1.69314041338  9.57774658101  0.415331684893 -0.184791633152 -0.823800724751 1744440092.59
-0.0741970134057  0.0960125620661   0.257669219301 0.284810525522 -1.2967937614 1.69632464571 9.45312807187   0.277258434698 -0.0543910384276  -0.902728741596 1744440092.63
-0.0693311090899  0.0973726183219   0.230767849707 0.259888495215 -1.35354971807  1.70703029029  9.36844953813 0.0746467530881  0.147630609496   -1.0173576945 1744440092.65
-0.0700707566878   0.104173155381   0.201432626982 0.23735429311 -1.3788938878  1.7223768194  9.3329033591 -0.0528711671027   0.212686578936    -0.8252024233 1744440092.69
-0.0736165398062   0.114611761096    0.16388171865 0.21310201412 -1.37353865085  1.73807157595  9.34747917321 -0.112636048288  0.351923695982  -1.41058047952 1744440092.73
-0.0771178409916   0.126191292485   0.113179534766 0.186228383411 -1.34397712495  1.74875347755  9.40550362838 -0.0827967496013   0.385039822026   -2.10051640588 1744440092.75
  -0.0782566316   0.13619014584 0.0461646707634 0.163716318796 -1.3009340154 1.74869180379 9.49437124991 0.0177346779777   0.19656652998  -1.86593133266 1744440092.79
-0.0756811571262   0.142115120504 -0.0379793102327 0.16542905738 -1.25705878172  1.73270426843  9.59805396025 0.145118671508 0.094251000376 -2.94686933576 1744440092.83
-0.0692067820435   0.142067800074   -0.13760716145 0.209543717111 -1.22440394781  1.69708646419  9.69989103975  0.280642833036 -0.125686630704  -3.71789948822 1744440092.85
-0.0597567339821   0.134983325727  -0.248942847115 0.289419948535 -1.21224417659   1.6403307468  9.78517326242  0.249367421952 -0.264280103179  -2.83815428066 1744440092.89
-0.0490730409969   0.120730020184  -0.366757637041 0.389223670213 -1.22567113147  1.56345913973  9.84312698036  0.332071613416 -0.565837722012  -3.83094384776 1744440092.93
-0.039274847485  0.100082950236 -0.485232110926 0.49700031393 -1.26518525265  1.46988603749  9.86804879136  0.290342601746 -0.801778124215  -4.03339474989 1744440092.95
-0.0323681988322  0.0745997694546  -0.598818734103 0.604315068661 -1.32725794193  1.36483507447  9.85950868115 0.115887347652 -0.65720343039 -2.66685825844 1744440092.99
-0.0298142459055  0.0464313658518   -0.70294425952 0.705106653625 -1.40561966811  1.25443132394  9.82170050404 0.00201477612886  -0.911523990027   -3.15578115402 1744440093.03
-0.0322433028143  0.0180943766583  -0.794445679348 0.795305585595 -1.49289282294  1.14465245229  9.76214990363 -0.166797170587 -0.946571859688  -2.94676093131 1744440093.05
 -0.0393665691428 -0.00777794920611   -0.871702595288 0.872625714663 -1.58215986361  1.04033970207  9.69007498738 -0.218968363545 -0.573991440544  -1.71790245223 1744440093.09
-0.0500943001316 -0.0286992308722  -0.934494550197 0.936276214109 -1.66813317237 0.944443300006  9.61472528716 -0.372491966471 -0.552904904297  -1.77755259983 1744440093.13
-0.0628275993282  -0.042602106012  -0.983659949954 0.986584585233 -1.74774034503 0.857618779052  9.54399747335 -0.453397298913 -0.341501151232  -1.51629714243 1744440093.15
-0.0758581341386 -0.0481046816648   -1.02065657184 1.02460155893 -1.82010830404 0.778217798664  9.48354663477  -0.308292335809 -0.0264063130765  -0.783750179339 1744440093.19
 -0.087790926867 -0.0447403020223   -1.04712248263 1.05174827554 -1.88607381836 0.702646470021  9.43649293833 -0.334566192911  0.227687635434 -0.665660100367 1744440093.23
-0.0979023264386 -0.0331025979929   -1.06451617144 1.06952107355 -1.94743414779 0.626008881348  9.40368768983 -0.330847478965  0.532606867323 -0.476867926089 1744440093.26
 -0.106358060529 -0.0148504478635   -1.07388427193 1.07924047475 -2.00616857196 0.542919974718  9.38437944233 -0.204261516406  0.507202604834 -0.140717414476 1744440093.29
 -0.114242258172 0.00747115316688   -1.07577288287 1.08184768207 -2.06381835729 0.448360354162  9.37703935278 -0.233265980522  0.625538954034 0.0495100659546 1744440093.34
-0.123383018303 0.0308046204594  -1.07027077124 1.07779952571 -2.1211319009 0.33845196584 9.38008713241 -0.403687742854  0.828241649527  0.345495522047 1744440093.36
-0.135997852758 0.0521068644694  -1.05715339134 1.06713815136 -2.17799190309 0.211052407208  9.39231111708 -0.425082012907  0.525659957172   0.47126599214 1744440093.39
-0.154217169039 0.0689343880418  -1.03608657573 1.0497667729  -2.23356861927 0.0660922526763   9.41288523383 -0.560743725359  0.358348431946  0.647408781538 1744440093.44
-0.179570257796 0.0799522104182  -1.00684670688 1.02585482627   -2.28660425317 -0.0943885231071    9.44102093889 -1.08046753392 0.301900023414  1.23341070042 1744440093.47
-0.212531396284 0.0852283219341 -0.969517808399 0.996191870108   -2.3357317374 -0.266513176328   9.47541278357 -1.08823053773 0.093807724337   1.2314807842 1744440093.49
-0.252220597239 0.0862148200209  -0.92463297193 0.962286006156  -2.37975700653 -0.445118511191   9.51370516426   -1.03058069662 0.00203155884728    1.18405338701 1744440093.53
-0.296333107459 0.0853935182242 -0.873236459176 0.926092477653  -2.4178699094 -0.62450975895  9.55220523715  -1.62493379345 -0.010191570352    1.9652722775 1744440093.57
-0.341335208604 0.0856558939682 -0.816853519044 0.889435960808   -2.4497772265 -0.799307567204   9.58599697581  -1.37474107119 0.0662281611058   1.83974777004 1744440093.59
-0.382915196255 0.0895646109819 -0.757367945369 0.853376863839  -2.47576105254 -0.965246207052    9.6094984634 -0.915443685347  0.158353548305   1.45944944299 1744440093.63
-0.416624885252 0.0986795104274 -0.696822676726 0.817848264405 -2.49665774632 -1.11977502702  9.61738265821 -1.01348494971  0.42857628159   2.1875961623 1744440093.67
-0.438599185706  0.113111913929 -0.637174664098 0.78176409699 -2.51373813696 -1.26233800786  9.60568180959 -0.485668252008  0.537166644247   1.91685025982 1744440093.69
-0.446211795201  0.131403702436 -0.580048158752 0.74352388372 -2.52846494124 -1.39426103414  9.57283736091 0.000883935200576    0.449470708222     1.32175771426 1744440093.73
-0.438525195112  0.150735265028 -0.526535742269 0.701616244651 -2.54212075679  -1.5182555591  9.52044899378 0.532141513627 0.642794944585  1.83955715218 1744440093.77
-0.416428366898  0.167380292601 -0.477089984754 0.655014198824 -2.55534058996 -1.63763345809  9.45351883368 0.950072961135 0.449393339439  1.60884964521 1744440093.79
-0.382421495629  0.177272836243 -0.431529968289 0.603232933717 -2.56763414294 -1.75539835673   9.3800744463 0.894648315247 0.107423821989   1.0304724214 1744440093.83
-0.340088230995  0.176546742736 -0.389160008971 0.546144916496 -2.57702341972 -1.87341263665  9.31017476628   1.57762476962 -0.271533945278   1.46262495753 1744440093.87
-0.293370768867  0.161945810684 -0.348970529597 0.483811207137 -2.57992904143 -1.99182486854  9.25443463378   1.59579544179 -0.769810814413   1.34205909667 1744440093.89
-0.245809579975  0.131066775051 -0.309871951173 0.416679103451   -2.571402138 -2.10888152299   9.2223162392   1.08741698199 -0.924843547627  0.908308004873 1744440093.93
-0.199914908988 0.0824619968122 -0.270907829606 0.346636703042 -2.54572182655 -2.22115517351  9.22049943175  1.61839899719 -2.09816209966  1.42674056451 1744440093.97
-0.156800999797 0.0156722216698 -0.231404186332 0.279964407597 -2.49728097129 -2.32412402983  9.25163854999  1.12791174594 -2.03581108591  1.07550316986 1744440093.99
 -0.116148388241 -0.0687314030077   -0.19103353189 0.233897978095 -2.42159439122 -2.41296094977  9.31374150756  0.93298766736 -2.14571091784 0.947974037954 1744440094.05
-0.0764835685783  -0.169044034598  -0.149796634321 0.238463107313 -2.31621230381 -2.48335311785  9.40028729954   2.0504159845 -5.44223569819  2.11765975464 1744440094.07
-0.0356981257573  -0.282263336883   -0.10794488822 0.304300914267 -2.18132536036 -2.53218188373   9.5010625758  1.03351425712 -2.86270861497  1.02281121175 1744440094.09
0.00831488568348  -0.403925424843 -0.0658763505319 0.409346527673 -2.01990789587 -2.55793756254  9.60357770571  1.08189979467 -2.86719312885 0.978822596934 1744440094.16
 0.0570444555566  -0.528044779124 -0.0240382873173 0.531660792167 -1.83734847575 -2.56080976442  9.69483853862  3.26655563127 -7.74960842636  2.64370773931 1744440094.17
 0.110888513149 -0.647272098666 0.0171391322545 0.656925552794 -1.64063495562 -2.54246274603  9.76320859352  1.38438880149 -2.78822627093  1.00615806097 1744440094.19
  0.16891173054 -0.753350903121 0.0572655778704 0.77417575676 -1.43726395601 -2.50556446415  9.80009404045  1.39974263957 -2.26137311916 0.935231560709 1744440094.25
 0.228872858896 -0.837883301335 0.0959698263363 0.873865790475 -1.23410517559 -2.45317995745  9.80121324822  3.58194287713 -4.22765446157  2.28273076513 1744440094.27
 0.287508658954 -0.893327125728    0.1328460286 0.947809395316 -1.03645494356 -2.38816053923  9.76726785625   1.45394188247 -0.987728687019  0.925892904134 1744440094.29
0.341016551485 -0.91406759974 0.167384681677 0.989863372866 -0.847462615022  -2.31265795253   9.70390927025    1.20735994314 -0.0496382437557   0.812762290169 1744440094.35
 0.385646608891 -0.897361875687  0.198909861011 0.996768165469 -0.668024059129  -2.22786650682   9.62098857778 2.01992755625 1.83243658919 1.54626268771 1744440094.37
 0.418298945575 -0.843958606874   0.22654466592 0.968794417636 -0.497133085086  -2.13404859457   9.53118090241 0.664527971802  1.79929944469  0.65075547449 1744440094.39
 0.437025283968 -0.758247157483  0.249223701056 0.909968298254 -0.332588987963  -2.03083675259   9.44817406268 0.291409898989  2.47866270696 0.495786152959 1744440094.45
0.441351521896 -0.64787892178 0.265764843991 0.827749488353 -0.171894588435  -1.91774020314   9.38468923812 -0.113234708939   5.72233084001  0.626820413677 1744440094.47
  0.43236828389 -0.522905048859  0.275002923196 0.732119273618 -0.0131522311835   -1.79473009212    9.35064085407 -0.362600712607   3.19184759298  0.128665083751 1744440094.49
 0.412574748299 -0.394567021539  0.275975982183 0.634085010202 0.144225596588 -1.66274961352  9.35173103505  -0.597088715067    3.17193593192 -0.0874147389368 1744440094.55
 0.385502637035 -0.273938981541  0.268141717848 0.543649546693 0.299134565682 -1.52400291018  9.38870701382  -1.38639575868   5.40958931706 -0.589130778149 1744440094.57
 0.355185958259 -0.170641217109   0.25158936507 0.467517591687 0.448805815666 -1.38192234995  9.45739668944 -0.747450400857   2.27131766797 -0.510566298476 1744440094.59
  0.325570690767 -0.0918205583259   0.227203574084 0.407490801975 0.58924366837 -1.2407896807  9.5494991922 -0.704768669179   1.64792641893  -0.70015609571 1744440094.65
   0.29997031025 -0.0415331436788   0.196735092708 0.361125858612 0.715992866684 -1.10507516705  9.65397266522 -1.08906777523  1.72761900929 -1.56331877008 1744440094.66
  0.280663792588 -0.0205834758356   0.162741289527 0.325085483011  0.825083843617 -0.978636832142   9.75875975748 -0.389264476368  0.183544809141 -0.851007256502 1744440094.69
  0.268703055926 -0.0267901024414   0.128378841531 0.29899861004  0.913961330065 -0.863966968324   9.85254426442 -0.213628708122 -0.447389328528 -0.839648190108 1744440094.75
  0.263952556018 -0.0555807801485  0.0970592954538 0.28667173175  0.982197297101 -0.761670746867   9.92624813771 -0.0824912620081   -1.81212233367   -1.38052878986 1744440094.76
 0.265334847864 -0.100781030762 0.0720103476175 0.292822280259   1.03182697696 -0.670310651169   9.97404939424 0.0901936842705  -1.24054788737 -0.512321989467 1744440094.79
 0.271213782567 -0.155453618568 0.0558137685427 0.317549870319   1.06722006351 -0.586663184573   9.99380822223  0.184944001565  -1.42841479412 -0.280910549029 1744440094.85
 0.279821474806 -0.212668478131 0.0500066800561 0.355005080813   1.09449347266 -0.506334135833   9.98690440775  0.454917309644  -2.73345250758 -0.024293864418 1744440094.86
 0.289632042888 -0.266123049677 0.0548301816148 0.397132908046   1.12056759214 -0.424592874846   9.95758897561 0.244615169686 -1.21064392664 0.237149377784 1744440094.89
 0.299604765379 -0.310579497355 0.0691861735275 0.437046183169   1.15204425999 -0.337237870481   9.91201908103 0.250671457734 -0.97081405305 0.459749803832 1744440094.95
 0.309256629601 -0.342126216284 0.0908231102593 0.470041326033   1.19412465685 -0.241306975155    9.8571706693 0.476487865196 -1.19889258188  1.19433529776 1744440094.96
 0.318569857252 -0.358297623297  0.116722911194 0.493445213583   1.24977897074 -0.135494394041   9.79981105279  0.228142912807 -0.196645787478  0.650146161296 1744440094.99
0.327782242899 -0.35809420657 0.143616143465 0.506259080119   1.31932726329 -0.020215360945   9.74567277614  0.23679091759 0.208684910165 0.660653112649 1744440095.05
 0.337135934373 -0.341935255283  0.168522772288 0.508901053085  1.40050358601 0.102654959933  9.69891322197 0.480355960344  1.18381661614   1.1597850508 1744440095.06
 0.346666056097 -0.311555860665  0.189209757488 0.503035526671  1.48897325825 0.230273932813  9.66188369788 0.232138151578 0.882879420074 0.440279171563 1744440095.08
 0.356092786091 -0.269837609388  0.204476823413 0.491350362836 1.57918064801 0.35942622246 9.63517823839  0.23118224782  1.15735324111 0.318097693091 1744440095.15
 0.364844625971 -0.220549622251  0.214222755653 0.477121709855  1.66534364932 0.487093457467  9.61789476794 0.389292156314  2.46207696382 0.358196545598 1744440095.16
 0.372197862326 -0.167981107646  0.219295469461 0.463507717489  1.74239457865 0.610900679964  9.60802467531  0.154025748235   1.26863163622 0.0847561817165 1744440095.19
 0.377481019535 -0.116470084728  0.221176219482 0.452742885985  1.80669642339 0.729383917594  9.60289102276  0.105830414498   1.28558560496 0.0299334906168 1744440095.25
  0.380274504448 -0.0698692850867   0.221579898681 0.445632210719   1.8564271335 0.842065005287  9.59957452251 0.0784619120084   2.19185538268 0.0227471814415 1744440095.26
  0.380539633789 -0.0310268429806   0.222062953588 0.441684313991   1.8916036391 0.949352512073  9.59529017217 -0.0199702186168   0.834423895867  0.0260520814139 1744440095.28
  0.378635384481 -0.0013812582734    0.22371820711 0.439791426074 1.91379052252 1.05230896196 9.58769650301 -0.0681719116995   0.643740150151  0.0633309446409 1744440095.34
 0.375216986384 0.0192343533683  0.227007633585 0.438964933596 1.92558958539 1.15233604031 9.57512882411 -0.193610084356  0.864839310682  0.204877024472 1744440095.36
 0.371046456185 0.0325178205805  0.231748765298 0.438680261147 1.93002851099 1.25083373368 9.55674903204 -0.10272733265  0.26896944579  0.12441463194 1744440095.38
 0.366770737131 0.0413490420503  0.237237014267 0.43876180079 1.92996127125 1.34888816755 9.53260330844 -0.107440212073  0.215890753415  0.138425354082 1744440095.44
 0.362731483641 0.0492259566912  0.242461728316 0.439072902529 1.92756853896 1.44703688832 9.50358153941 -0.19953082346 0.460259405741 0.230162794503 1744440095.46
 0.358860346297 0.0595960062105  0.246361808263 0.439347894807 1.92401457425 1.54514930361 9.47128159532 -0.0976980551842   0.315731420257  0.0680920460905 1744440095.48
 0.354688842433 0.0752174109391  0.248067161248 0.439316685711 1.91928774698 1.64244368343 9.43779617083   -0.12292725598   0.498490150844 0.00943314608271 1744440095.54
 0.349470310776 0.0976741377501  0.247082377319 0.438998219223 1.91223017582 1.73764097998 9.40545435301 -0.303922896394   1.28197845461 -0.115635680014 1744440095.56
0.342382089102 0.127128579212  0.24338472433 0.438888704146 1.90074728444 1.82923160384 9.37655768183 -0.202800483497  0.784636412323 -0.117167324962 1744440095.58
0.332756487855 0.162340029205 0.237426020057 0.439832104663 1.88217557353 1.91580780052 9.35314649587 -0.294988254275  0.985038487665 -0.178074378568 1744440095.64
0.320283415671 0.200921496523 0.230044506605 0.442573597425 1.85377114954 1.99639641351 9.33681750808 -0.663074574451   1.85870833141 -0.362949544514 1744440095.66
0.305135599998  0.23976597247 0.222307074085 0.447231361969 1.81326044178 2.07071991778 9.32859468993 -0.390168569217  0.901586021069 -0.177962397943 1744440095.68
0.287985957803 0.275553178384 0.215313096893 0.453017875699 1.75937165113 2.13932166542 9.32884239298 -0.479931893559  0.892197877282 -0.167715889986 1744440095.74
0.269910877618  0.30524906071 0.209997524037 0.458397023357 1.69224943963  2.2035152807 9.33720899869 -0.837647551028    1.1930894729 -0.195249756397 1744440095.76
0.252197793391 0.326527460063 0.206971127321 0.461585264833 1.61365650241 2.26515483891 9.35260071816  -0.407735025753   0.395730842976 -0.0430309507095 1744440095.78
0.236095820648 0.338068563953 0.206428799356 0.461133863064 1.52689114817 2.32626435012 9.37320075716 -0.412696730815  0.183626739518  0.016316360487 1744440095.84
0.222560660699 0.339714310451 0.208142859745 0.456357875443 1.43639966713 2.38860178705 9.39655850346 -0.544203120427 -0.126435069532  0.115661330317 1744440095.86
0.212047003879 0.332481286507 0.211539975745 0.447500725217 1.34712678795  2.4532540312 9.41976932037 -0.218948033926 -0.256329513617 0.0927825072655 1744440095.89
0.204392579707 0.318444353006 0.215841856061 0.435626949842   1.263710484 2.52035750066 9.43974737659 -0.188863645881 -0.456483724269  0.124163879244 1744440095.94
 0.19881931167 0.300509933976 0.220236205082 0.422302409584 1.18967059696  2.5890135177  9.4535679967 -0.225588680025 -0.792925084209  0.178842132023 1744440095.96
0.194052503324 0.282099861182 0.224039258987 0.409182471878 1.12675088316 2.65742294645 9.45883223045 -0.123686316973 -0.405754370151 0.0791234383401 1744440095.99
0.188534068321 0.266769076142 0.226815783469 0.397688615042 1.07454749389 2.72321196096 9.45399379772 -0.195722641569 -0.356026117413 0.0643675438571 1744440096.04
0.180686418416 0.257786499802 0.228434979633 0.388952440795  1.0305003692 2.78387335262 9.43859179724 -0.408310025201 -0.190887657443 0.0472772300382 1744440096.05
0.169174430488 0.257718316457 0.229057389099 0.384065106551 0.99025166508  2.8372181581 9.41335015253 -0.329762114116   0.12292278454 0.0075231490646 1744440096.09
0.153115932441 0.268063729241 0.229063969038 0.384412478483 0.948303666055  2.88172906973  9.38013053017   -0.553160691913    0.468049771263 -0.00160358013148 1744440096.14
0.132205031314 0.288999495833 0.228950216998 0.391684925367 0.898852508125  2.91673189276  9.34175127289  -0.950644108933    1.04982478774 0.00306473928978 1744440096.15
 0.10673312065 0.319285658758 0.229213500523 0.407276465996 0.836644330754  2.94234843733  9.30170371568 -0.649839482544  0.800466813923 0.0155665357196 1744440096.19
0.0775138625714  0.356367617914  0.230260312882 0.431307418991 0.757702816062  2.95925154756  9.26380544589 -0.929558066937    1.1794328948 0.0478445056892 1744440096.24
0.0457355709338  0.396679981067   0.23235305438 0.461989925981 0.659810666737  2.96829530105  9.23182825796 -1.31325980624  1.61780973381 0.108416361538 1744440096.25
0.0127739700037  0.436120936994  0.235604924486 0.49585716334 0.542684606675  2.97012681625  9.20913097483 -0.780644782176  0.878203750564 0.0910355225189 1744440096.29
-0.0200002294795   0.470630935185   0.240018887901 0.528680009913 0.407850243823  2.96489175949  9.19831970572 -0.996589748614  0.942247114614  0.154546216229 1744440096.34
-0.0513892600115   0.496785436534   0.245555041305 0.556537423995 0.258283389196   2.9521222043  9.20095499855 -1.20982938418 0.833498957302 0.243680864786 1744440096.35
-0.0804901987702   0.512304849698    0.25220262903 0.576663764434 0.0979240504325   2.93084924223   9.21732790593 -0.65297012346 0.231276768312 0.170708698971 1744440096.39
-0.106758483156  0.516396770242  0.260030447922 0.587944582328 -0.0688199398105    2.89992544749    9.24633270468  -0.780720277837 -0.0383509116173   0.267873430223 1744440096.44
-0.130009852223  0.509872321804  0.269193348767 0.591047718241 -0.237481642214    2.8584876035   9.28546816448 -0.861835884145 -0.422614058416  0.392339655861 1744440096.45
-0.150366601694  0.495012879997  0.279882480699 0.588202405019 -0.403800443011   2.80644989489    9.3309970169 -0.449762752974  -0.40873921461  0.271459143086 1744440096.49
-0.168162818185  0.475199345353  0.292220981397 0.582654488709 -0.563842527903   2.74490001575   9.37828115797 -0.537634412962 -0.653297097472  0.421568008512 1744440096.53
-0.183830572273  0.454349718708  0.306122131833 0.577873780155 -0.714024969563   2.67627909238   9.42228666456 -0.575633083758 -0.756864032581   0.56182385482 1744440096.55
-0.197792872631   0.43624063515  0.321140221582 0.576679247188 -0.851123336246   2.60426113892   9.45821916257 -0.314511496042 -0.361639129215  0.358011160509 1744440096.59
-0.210387620826  0.423813258089   0.33635225026 0.580528608239 -0.972344632414   2.53330562011   9.48221150137 -0.394693650362 -0.289884479119  0.478763622146 1744440096.63
-0.221839303682   0.41857962861  0.350308556111 0.589183898821 -1.07551792342  2.46792965473  9.49195146758  -0.412796275406 -0.0672591619106   0.466216385009 1744440096.65
-0.232283134021  0.420245701997  0.361081269435 0.600784143877 -1.15940227602  2.41182074446  9.48711994165 -0.237065328283 0.0956354983101  0.191056530225 1744440096.69
-0.241832850907   0.42664530766  0.366421826605 0.612188125774 -1.2240519819 2.36696795942  9.4695217439 -0.306591599862   0.22986349304 0.0489241132605 1744440096.73
-0.25067196063 0.434032511287 0.364015651969 0.619457865862 -1.2711322745  2.3330099331 9.44283942279 -0.317747694506  0.203175496832  -0.26844839549 1744440096.75
-0.259141572448  0.437712919352   0.35179859375 0.618473285521 -1.30406196248  2.30696925267  9.41202069309  -0.206424630618 -0.0134124695125  -0.430726460996 1744440096.79
-0.267797319078  0.432919788704  0.328281810441 0.605725923685 -1.32788083331  2.28346627955  9.38240555299 -0.312223293481 -0.374860325251   -1.0077587287 1744440096.83
-0.277412829702  0.415776153006  0.292824713945 0.5792874939 -1.34879541387  2.25539900788  9.35878032757 -0.371115079627 -0.857034767202  -1.44935976614 1744440096.84
-0.288916696034  0.384147746538  0.245801801072 0.5398711641 -1.37343176005  2.21496890132  9.34458217853 -0.313085701555 -0.939630633934  -1.26201382715 1744440096.89
-0.303262473734  0.338196380796  0.188627658528 0.491859038262 -1.40789771231  2.15485648226  9.34144962382 -0.563171404868  -1.80567062723  -2.12823025149 1744440096.93
-0.321245547694  0.280493233274  0.123630754201 0.444026710019 -1.45681007479   2.0693251515  9.34922464699 -0.677838409234  -2.07518007831  -2.28302593693 1744440096.94
-0.343294867712  0.215638518424   0.05379464741 0.408956233496 -1.52246185274  1.95506036945  9.36638537494 -0.574571123761  -1.56763588841  -1.68927572839 1744440096.99
 -0.369279171112   0.149440298648 -0.0175911604247 0.398759273249 -1.60428781538  1.81162012323  9.39076505023 -0.947079427067  -2.19808647014  -2.42637818973 1744440097.03
-0.398373231647 0.0878065720168 -0.087313835321 0.417174941267 -1.69873878147  1.64145761825  9.42033353499  -1.0072364115 -1.91953671382 -2.27588268205 1744440097.04
-0.429026726832 0.0355766361995 -0.152592661368 0.456742979894 -1.79960712753  1.44955395019  9.45380808966 -0.726066805258  -1.10379618835  -1.48392362716 1744440097.09
  -0.459064485736 -0.00445873255894   -0.211353641647 0.505401270475 -1.89877027434  1.24275058858  9.49092284853 -0.933432546519  -1.11081498472  -1.80124556009 1744440097.13
 -0.485922816857 -0.0321315550436  -0.262385093533 0.553172087221 -1.98724634146  1.02889433409  9.53229836126 -0.818246864221 -0.776281228956  -1.60473138344 1744440097.15
 -0.506996542651 -0.0499324858663  -0.305357150083 0.593954321907 -2.05639734328 0.815907376348  9.57897481446 -0.415440803576 -0.369667639333  -0.95369404856 1744440097.19
 -0.520042555286 -0.0624919891923   -0.34071103359 0.624846794368 -2.09908174433 0.610883948184  9.63176559513 -0.242568365576 -0.375938018435 -0.938189754758 1744440097.23
 -0.523566393126 -0.0756128203094  -0.369444913203 0.64523531405   -2.110560667 0.419303089235  9.69062642805  0.051265985544 -0.570250501216 -0.912788788183 1744440097.25
 -0.517114861207 -0.0950578122836  -0.392838507625 0.656327555745 -2.08900518539 0.244438045057  9.75421548498   0.29322074752  -0.65825369228 -0.565430783095 1744440097.29
-0.501412144199 -0.125347077789 -0.412165949915 0.661064897366  -2.03552916964 0.0870335610568   9.81975642766  0.500751427333 -0.951628418675 -0.459436593967 1744440097.33
-0.478306095504 -0.168810022104 -0.428445330007 0.663957035782   -1.95376467656 -0.0546945248832    9.88323363914  0.905926478164  -1.77553063262 -0.535880330142 1744440097.36
-0.450528209855 -0.225074799977 -0.442265191071 0.670248336583 -1.84908124576 -0.18471396218  9.93987067272  0.828459588287  -1.77711274932 -0.367286496057 1744440097.39
-0.421306320903 -0.291079143718 -0.453715418959 0.684166474874   -1.7276071516 -0.308508168299   9.98478591584 0.716486303438 -1.72695462043 -0.25517053644 1744440097.43
-0.393895558831 -0.361577086041 -0.462434430695 0.706921002029  -1.59523116966 -0.432165170306   10.0136916856  0.936666454573  -2.59244894098 -0.262188595018 1744440097.46
-0.371105843703 -0.430020997906 -0.467767371522 0.735828729889  -1.45675068956 -0.561356584197   10.0235054185  0.550911277968  -1.80925510758 -0.092926069366 1744440097.49
-0.354902037182 -0.489636232816 -0.469011741494 0.765291519711  -1.31529547084 -0.700375447756   10.0127703858  0.316990959429   -1.3262619862 0.0261345466558 1744440097.54
-0.346137699697 -0.534485492163 -0.465708855009 0.788904801682   -1.1721057562 -0.851405882306   9.98183094279  0.20917735271 -1.41623733064 0.222073609497 1744440097.56
-0.344459038743 -0.560340656798 -0.457924908587 0.801454242572 -1.02668571296 -1.01416381332  9.93276293426 -0.029186873593 -0.398993804809   0.24980618115 1744440097.59
-0.348386839715  -0.56523194846 -0.446458794635 0.800116242151 -0.877293023339  -1.18597980525   9.86911002799 -0.139987528383  0.135321195478  0.315445573774 1744440097.64
-0.355555834162 -0.549613761057 -0.432919573909 0.78480226492 -0.721668289778  -1.36230577694    9.7955073857 -0.334681264911   1.11874686795  0.611470972324 1744440097.66
-0.363067621834 -0.516158155763 -0.419636641567 0.75784711567 -0.557861888209  -1.53753710907    9.7172752252 -0.153037817364  0.996450405973  0.291644590302 1744440097.69
-0.367898676468 -0.469247806817  -0.40939778531 0.723290734744 -0.384991378298  -1.70597244283   9.64003626323 -0.0528694205715    1.27217476092   0.182175799816 1744440097.75
-0.367301457163 -0.414281146515 -0.405047823888 0.68600507901 -0.203768984112  -1.86270360939   9.56936523196   0.220685343207    2.83166060968 0.00967544897447 1744440097.77
-0.359144354068 -0.356919232822 -0.409013971875 0.650898175605 -0.0166797188937   -2.00424727781    9.51043755664  0.304770751772   1.35589701792 -0.215673912204 1744440097.79
-0.342152644219 -0.302396392883 -0.422844619819 0.622342014398 0.172239067097 -2.12879566815  9.46762992258  0.531889128805    1.2575785973 -0.466812556305 1744440097.85
-0.316033134634 -0.254988691422  -0.44685053867 0.603797630709  0.35798117288 -2.23606083123  9.44404921432 1.63861415484 2.28778928881 -1.5416067779 1744440097.87
-0.281484168419 -0.217692688419 -0.479921469315 0.597451303766 0.535402650692 -2.32679045826   9.4410222794   0.91259048827  0.755619678816 -0.873924940693 1744440097.89
-0.240105626201 -0.192121150863   -0.5195610744 0.603742460304 0.700128534593 -2.40211468059  9.45764512415  1.07076994844 0.479945763427 -1.00903302478 1744440097.95
-0.194228614425 -0.178582575612 -0.562146167256 0.620986959875  0.84934267164 -2.46291994115  9.49053665863   2.6234213211 0.444665729968 -2.35371264199 1744440097.97
-0.146683194546 -0.176286197692 -0.603378933417 0.645491224069 0.982288632638 -2.50942756251  9.53394323905   1.12354977543 -0.060252734756 -0.919884196628 1744440097.99
-0.100518925347  -0.18360795603 -0.638869125098 0.672286914103  1.10036803124 -2.54108712085  9.58028508815   1.07956934225  -0.27087391677 -0.753099432277 1744440098.05
-0.0586920581518  -0.198363986328  -0.664760886637 0.696204039893  1.20680778348 -2.55679878921  9.62113368646   2.18756179758 -0.981555203709  -1.12366913836 1744440098.07
-0.0237381507461    -0.2180593571  -0.678308553477 0.712892612347   1.3059622924 -2.55538332274  9.64848859203  0.732463759181 -0.499257621788 -0.162061712983 1744440098.09
0.00254072209684  -0.240101112375  -0.678308982544 0.719554080825  1.40239900456 -2.53615123633  9.65612094064  0.529345799208 -0.539757134657  0.159688369274 1744440098.15
 0.019333389694 -0.261978041801 -0.665315111259 0.715297470716  1.49996620688 -2.49940191258  9.64070396163 0.700977993076 -1.18514756127  1.05354813699 1744440098.17
0.0269747363137 -0.281411842023 -0.641585418592 0.701107773869  1.60104695556 -2.44671135626  9.60247711154   0.09159018045 -0.414483714951  0.655375746539 1744440098.18
0.0269570535482 -0.296478296089 -0.610763800569 0.679454548056  1.70616016068 -2.38093131082  9.54528545341 -0.0642767432604  -0.300133306894   0.794368804118 1744440098.25
0.0217753943911 -0.305689607289 -0.577328973481 0.653627606077  1.81398852598 -2.30590016736  9.47597316858 -0.350668699422  -0.32813556014    1.8431262012 1744440098.27
0.0146152293171 -0.308027063954 -0.545894767067 0.626973184249  1.92181220471 -2.22593439675   9.4032505467 -0.155339364098 0.0334793627172   0.68726634188 1744440098.28
0.0089247898865  -0.30291999347 -0.520474176887 0.602273644721  2.02623050282 -2.14521200171  9.33625999753 -0.0831837859114   0.222474581846   0.524326906151 1744440098.35
0.00794214800745  -0.290179944378  -0.503832770979 0.581476516247  2.12398534641 -2.06717128914  9.28311523345 0.148634259665 0.919691037691 0.652764566107 1744440098.37
0.0142594304327 -0.269911310878 -0.497045767251 0.565782592378  2.21267790481 -1.99403306601  9.24967523101  0.260371055765  0.576801692226 0.0542894026895 1744440098.38
0.0294992964492 -0.242424253315 -0.499337936831 0.55585798748  2.29120172869 -1.92652116489  9.23875399165  0.499332024944  0.772766523463 -0.140023817073 1744440098.45
0.0541540485183 -0.208170377425 -0.508233106388 0.551877212282  2.35979539623 -1.86381475174  9.24987913315   1.58996847077   2.04450093914 -0.564916494192 1744440098.46
0.0876032386751 -0.167709838135 -0.519982292958 0.553337602394  2.41972313945 -1.80372435686  9.27961584973  0.898995451682   1.04845967791 -0.266247893733 1744440098.48
 0.128291363262  -0.12170722014 -0.530189729039 0.558902916525  2.47269176601 -1.74304829698  9.32238055304   1.08847381752   1.21875689349 -0.183166338576 1744440098.55
  0.174021380561 -0.0709480194764  -0.534524576273 0.566598257145  2.52017597881 -1.67804185253  9.37158883693   2.65631133897   2.97626735799 0.0223831345723 1744440098.56
  0.22230618955 -0.016368190583 -0.529397522764 0.574412479569  2.56283407013 -1.60492127798  9.42092356536  1.18071231052  1.36581082706 0.268998150192 1744440098.58
 0.270718482175 0.0409081432427 -0.512494365161 0.581044272923  2.60015336728 -1.52032904944  9.46548160941  1.17605520833  1.43655047461 0.574011962366 1744440098.65
  0.31718683378 0.0995284387025 -0.483087941038 0.586419096219  2.63038894619 -1.42170308614  9.50257300412 2.47836347531 3.23981109745 1.95002297241 1744440098.66
 0.360199591051  0.157881255717 -0.442088946568 0.591703365698  2.65077803489 -1.30751550145  9.53200918705 1.00538314184 1.40971959769 1.12276831056 1744440098.68
 0.398895739295  0.214098338095 -0.391838977349 0.598743428668  2.65795129857 -1.17736919004  9.55582092947 0.908917117154  1.35059765571  1.32764523225 1744440098.74
 0.433041395796  0.266119915622 -0.335689723852 0.609124166869 2.64843416702 -1.0319584765 9.57747153584 1.73028856389  2.6422729799 3.09207103849 1744440098.76
 0.462909300791  0.311851572681 -0.277445064274 0.623307458509   2.61913575315 -0.872912093488   9.60074737383 0.692379223412  1.02900240031  1.41962597327 1744440098.78
 0.489093470812  0.349423570301 -0.220762847283 0.640347944022    2.5677488293 -0.702545063657   9.62858522826 0.619884414036 0.824346406404  1.36588812465 1744440098.84
 0.512299009553  0.377531928582 -0.168617006736 0.658340586056    2.4930179567 -0.523553268847   9.66211232453 1.16514422723 1.22667739307 2.58815918502 1744440098.86
 0.533146286688  0.395802887191 -0.122907408126 0.675285953867   2.39486352382 -0.338691098846   9.70012423478 0.491546208876 0.341049513323  1.04371118861 1744440098.88
  0.552019955569    0.40509151314 -0.0842766232057 0.689875144199   2.27437186577 -0.150476351804   9.73912118709 0.452949243154 0.149304656917 0.894347513352 1744440098.94
 0.568979599216  0.407614542722 -0.052154593239 0.701860029748    2.1336747327 0.0390358189146    9.7738926185  0.816317274814 0.0448906430152   1.52547316824 1744440098.96
  0.583734521935   0.406835549829 -0.0250107941883 0.711959757661  1.97574614914 0.228378745115  9.79851713137    0.329965914006 -0.00676454811274    0.635313031278 1744440098.98
    0.595674377118     0.407067279802 -0.000756738040243 0.721479248831   1.8041432512 0.416686953318  9.80755906866  0.258415938025 0.0765578824989  0.611197887026 1744440099.04
 0.603942120108  0.412822219762 0.0227836313407 0.731906663057  1.62271328213 0.603605179369  9.79720907901 0.297838890936 0.525913708721  1.20989165548 1744440099.06
 0.607535799815  0.428011773591 0.0474271519085 0.744676547991  1.43528564478 0.789124051918  9.76613460855 0.0184421260099  0.525186431904  0.639121555516 1744440099.08
 0.605428393207  0.455147625469 0.0742912055847 0.761066412016  1.24536889155 0.973386212184   9.7158670056 -0.141823137006  0.872849904678  0.735251422882 1744440099.14
0.596696922044 0.494719601587 0.103618972734 0.782004854513 1.05587787729 1.15650766069 9.65064092364 -0.600600519058    2.1756950274   1.46661329952 1744440099.16
 0.58065119322 0.544903842944 0.134794934557 0.807617285987 0.868922493543  1.33844616385  9.57670563544 -0.497243530831   1.33824942536  0.787107438756 1744440099.18
0.556948775268 0.601695220744 0.166537965269 0.836638494701 0.685691151992  1.51892494016  9.50123337888 -0.754619295771   1.57269035406  0.857003773383 1744440099.24
0.525678805109 0.659470943212 0.197225811037 0.866105161987 0.506455446647  1.69739398149  9.43104005957 -1.5872654516 2.51495383003  1.3405841416 1744440099.25
0.487396468771 0.711897858517 0.225280955616 0.891686821533 0.330706306418  1.87299429603  9.37138700766 -1.05094742507  1.19043942815 0.665712477558 1744440099.28
0.443094957626 0.753016125232 0.249537750152 0.908644878423 0.157408564252  2.04449105748  9.32512827253 -1.38910136784 0.988589982593  0.65870554268 1744440099.33
0.394112189454  0.77828603306 0.269515936053 0.913067580697 -0.0146655914825    2.21016220197    9.29239672438 -2.02734816276 0.649014222298 0.721974540745 1744440099.35
0.341982858903 0.785385104237  0.28554555699 0.902949778702 -0.186587245766   2.36766265313   9.27089482384   -1.31419124659 -0.0458700833803   0.362563667252 1744440099.38
0.288258529783 0.774591352999 0.298719213081 0.878816199439 -0.358980842159   2.51391776317   9.25670372043  -1.75118672008 -0.597120960529  0.408902611741 1744440099.43
0.234326082723 0.748676215994 0.310683445741 0.843770699241 -0.531862648234    2.6451184131   9.24539004773 -1.97743800859 -1.15047766924 0.454517690843 1744440099.44
0.181255959662 0.712337028494 0.323313946708 0.803000419186 -0.70464798193  2.75688504102  9.23311323428  -1.24645511435 -0.921895171161  0.329526352691 1744440099.48
0.129706033549 0.671297803383  0.33834193326 0.762849696708 -0.876322538335   2.84463742535   9.21744158375 -1.72500255059 -1.37957808922 0.573402621029 1744440099.53
0.0798957569671   0.63127377748  0.357006769872 0.729618905902 -1.04572580773  2.90415817816   9.1976739417 -1.77330105723 -1.34339869853 0.749793935259 1744440099.54
0.0316509455782  0.597014264765  0.379801960582 0.708291849417 -1.2118618202 2.93228264972 9.17461240312  -1.12315993327 -0.702526878696  0.581113027868 1744440099.58
-0.0154944200228   0.571608042162   0.406360804803 0.701501913465 -1.37414566096  2.92759996279  9.14989827826  -1.64875539297 -0.717879746392  0.978869095493 1744440099.63
-0.0621628834405   0.556167060825   0.435499402633 0.709116177589 -1.5325140394 2.89102159518 9.12515859956  -1.66116323922 -0.385386457491    1.0490267063 1744440099.64
-0.108991250059  0.549916969747  0.465404172334 0.728621170315 -1.68736576252  2.82607454031  9.10127073177   -1.09543157286 -0.0642080312826   0.678394555456 1744440099.68
-0.156503680773  0.550637334445  0.493924122946 0.756079304973 -1.83934084717  2.73880988356  9.07801606143  -1.72036111684 0.0969323104931  0.958617592956 1744440099.73
-0.205013173901   0.55532724486  0.518909395513 0.787201188457 -1.98898545621  2.63728204688  9.05426800432 -1.72784789032 0.181446565537 0.786050672647 1744440099.74
 -0.2545542073 0.560933918645 0.538530296188 0.818205099869 -2.13637875877  2.53063824368  9.02868116964 -1.16162619056 0.112296337262 0.379423537621 1744440099.78
-0.304842086372  0.564977871985  0.551516648547 0.846344673925 -2.28081437677  2.42794385354  9.00067155238  -1.84605307558 0.0917438997929  0.343637013114 1744440099.82
-0.35525275686 0.565938367196 0.557275016615 0.870084019428 -2.42062980438  2.33693611656  8.97135697074  -1.72406912979 -0.028546631282 0.0750369574491 1744440099.84
-0.404820572012  0.563322457526  0.555868029383 0.888932591802 -2.55325802384  2.26292726282  8.94410217146   -1.13687316022 -0.0998349450214  -0.110218716636 1744440099.88
-0.452258630705  0.557419759826  0.547870394098 0.903004222814 -2.6755349901 2.20805951544 8.92439720977  -1.71536882908  -0.27266404031 -0.408644942345 1744440099.92
-0.496013177691  0.548827065113  0.534143606939 0.91244156672 -2.78423901208  2.17105135524    8.918973264  -1.36741043548 -0.325211229258 -0.537607920176 1744440099.94
-0.534366099688  0.537892140154  0.515589211737 0.916900931505 -2.87677438292  2.14748137845  8.93428198539 -0.811474499923 -0.286561565231 -0.480481276876 1744440099.98
-0.565594684521   0.52425526956  0.492943777183 0.915278374203 -2.95185821582  2.13055405655   8.9746715876  -1.02301424351 -0.593909078759 -0.929956335076 1744440100.02
-0.588184846466  0.506647763527  0.466666056629 0.905776229711 -3.01004422209  2.11220266398  9.04072435207 -0.579941268754 -0.673690053677 -0.915379206446 1744440100.03
-0.601075419621  0.483038995393   0.43694099054 0.886304552824 -3.0539336358 2.08432662049 9.12823303403 -0.183174344435 -0.647512506939 -0.733201920686 1744440100.08
-0.603892240057  0.451122881849  0.403793217177 0.855129612612 -3.08798358039  2.03994443043  9.22817523808 0.0753134596487  -1.40867684775  -1.32601933513 1744440100.12
-0.597118535422  0.409028703131  0.367273430733 0.81163094954 -3.11791319031  1.97407129217   9.3278178597 0.351826116406 -1.53818273091 -1.23187454503 1744440100.13
-0.582149049462  0.356061717459  0.327662191728 0.756994038495 -3.1498021592 1.88419495541 9.41280199307  0.418754463883  -1.34950187703 -0.951618129985 1744440100.18
-0.561192725377  0.293252150828  0.285632146588 0.694636467619 -3.18904846773  1.77030920741   9.4697951735 0.858193353987  -2.5203613014  -1.6229139581 1744440100.22
-0.537020844694  0.223528203457  0.242321058426 0.630139461337 -3.23938509216  1.63455165201  9.48912608717 0.784564605594 -2.28978758877 -1.39394885064 1744440100.24
-0.512596642147  0.151422265247  0.199290685501 0.570439126709 -3.30214631899   1.4805619266  9.46679025584  0.535449595048  -1.63050249591 -0.969488469166 1744440100.28
-0.490656874908  0.082344851829  0.158374157527 0.522118010884 -3.37592925898  1.31271453849  9.40534853725 0.733436571347 -2.42542105763 -1.45425330347 1744440100.32
-0.473333700388 0.0215825906948  0.121440377801 0.48914043536 -3.45672520138   1.1353823493   9.3135019539 0.470246060992 -1.78376023065 -1.11604843294 1744440100.34
  -0.46189905117 -0.0267407239141  0.0901223915255 0.471368057086 -3.53850960126 0.952356874598  9.20444560462  0.192454804492  -0.94858701527 -0.645873310898 1744440100.38
 -0.456683849717 -0.0604825580248  0.0655639126379 0.465313770544 -3.61419204401  0.76650126146  9.09339288463 0.0823773280873 -0.927411949494 -0.731146032083 1744440100.42
-0.457179451281 -0.079874437228  0.048233235708 0.466604137811 -3.67675496762 0.579655060418  8.99484101034 -0.0930044977746  -0.447031792069  -0.460580867137 1744440100.44
  -0.46228245216 -0.0873925821958  0.0378382732376 0.471989686242 -3.72036932868 0.392759356546  8.92017630782  -0.162563680339 -0.0879819427346  -0.180087379917 1744440100.48
 -0.470610408425 -0.0871434760434  0.0333544763388 0.479771469584 -3.74127877359 0.206135008347  8.87609527925  -0.218569751929  0.0409525355001 -0.0552739989176 1744440100.52
 -0.480804244657 -0.0839222284159  0.0331543060857 0.489198191038  -3.73829268076 0.0198293541487   8.86408962761 -0.351561068069 0.0826184408364  0.030834585021 1744440100.57
 -0.491744872095 -0.0821767815061  0.0352081298747 0.499805617275  -3.71281173232 -0.166052598412   8.88097952585  -0.395526831404 -0.0217455954228  0.0753784399945 1744440100.58
 -0.502641325921 -0.0851228052079  0.0373159583151 0.511162083135 -3.66840693501 -0.35110093686  8.92025001315 -0.246042795633 -0.139315762547 0.0245667734682 1744440100.62
 -0.512985731137 -0.0942039025072    0.03732897788 0.522897875485  -3.61006027807 -0.534480375022   8.97380178776  -0.33014863914 -0.398804803676 -0.066608661186 1744440100.67
-0.522405988352 -0.108997634258 0.0333283674325 0.534695503082  -3.54323214623 -0.714949362613    9.0336914213 -0.326926789318 -0.623594784549 -0.254005241711 1744440100.68
-0.530471772953 -0.127557560988 0.0237432258912 0.546108939719   -3.4729361717 -0.891003074516   9.09349952407 -0.163340977176  -0.44080957891 -0.300037649434 1744440100.72
 -0.536518537184  -0.147083280709 0.00740531951085 0.556363613982 -3.40297749655 -1.06110263603  9.14909953996 -0.151418506123 -0.620475720823 -0.670585685167 1744440100.77
 -0.539547019087  -0.164745683041 -0.0164482295841 0.564378126918   -3.335457591 -1.22394074016  9.19876441363 -0.0322570218196  -0.589836668246   -1.04494015633 1744440100.78
 -0.538235210826  -0.178473564271 -0.0482049359676 0.569098999444 -3.27058629178 -1.37869192648  9.24270234658  0.098127043557 -0.263775677346 -0.827445803444 1744440100.82
 -0.531071389469  -0.187529055113 -0.0879180701646 0.570029432823 -3.20678722043 -1.52520239111  9.28222367143  0.359654663038 -0.237238454649  -1.44767196291 1744440100.87
-0.516587524437 -0.192752994495 -0.135340602116 0.567744190522 -3.14104658405 -1.66408621888  9.31879102889  0.702245194587 -0.167087700876  -1.91447494056 1744440100.88
-0.493648652665 -0.196433180198 -0.189940686155 0.564227304211 -3.06943810454 -1.79670953794  9.35319423053  0.633838504422 -0.104828558636  -1.33540988904 1744440100.92
-0.461740288607 -0.201824006491  -0.25089612707 0.562926185478 -2.98775172986 -1.92505955396  9.38503299528  1.20146442047 -0.26499046011 -2.10817109508 1744440100.97
-0.421194484793 -0.212413398134 -0.317073691363 0.568383648147 -2.89215240605 -2.05151081698  9.41260551393    1.6247258197 -0.537543973617   -2.5005897381 1744440100.98
 -0.37330489989 -0.231083041882 -0.387005631104 0.585260009768 -2.77979252439 -2.17851534557  9.43320853324   1.16368666885 -0.541161645291  -1.63553193655 1744440101.02
-0.320299287328 -0.259333769848 -0.458879318355 0.616778620301 -2.64929845134 -2.30825443214  9.44377090139  1.82704361693 -1.10931365941 -2.42520778618 1744440101.07
-0.265160382096 -0.296744413984 -0.530556077385 0.663217179146 -2.50105349226  -2.4422955399  9.44167774372  1.41701584387 -1.05913154002 -1.82998230442 1744440101.08
-0.211309477264  -0.34079689948 -0.599632454351 0.721355184488 -2.33721435477 -2.58129580633  9.42560346175  1.18843825692 -1.04322310139 -1.53495015683 1744440101.15
-0.162187999175 -0.387134611408 -0.663552027654 0.785162051955 -2.16143121415 -2.72478455048  9.39616328529  2.46978500026 -2.44021863738 -3.27784412179 1744440101.17
-0.120789055056 -0.430233680946 -0.719769160099 0.847206385641 -1.97829261253 -2.87104389246  9.35621811121  0.862730694961 -0.913007667095  -1.21049086874 1744440101.18
-0.0892020351906  -0.464373945881  -0.765958077961 0.900162175327 -1.79257757503 -3.01709413935   9.3107256232  0.611251259685 -0.633759126196 -0.936133164351 1744440101.25
-0.0682380813454  -0.484719718646  -0.800251136258 0.938089293443 -1.60845329427 -3.15878373379  9.26611639259  1.10586189161 -0.82620751945 -1.91868215558 1744440101.27
-0.0572015975383  -0.488281996619  -0.821479177983 0.957350181931 -1.42878912131 -3.29098419514  9.22927376776  0.171093565614  0.121057035037 -0.346612401611 1744440101.28
-0.0538615934234  -0.474547652877  -0.829375954526 0.957058524879 -1.25475100397 -3.40789597377  9.20629152249  0.0299503741077   0.501684308682 -0.0378943057623 1744440101.35
-0.0546551576499  -0.445627807045  -0.824701026611 0.938990474905 -1.08578879947 -3.50347461906  9.20125151641 -0.0420932867227      2.290297106   0.671749402818 1744440101.37
-0.0551235979908  -0.405881943125  -0.809236144106 0.906996085845 -0.920039150028  -3.57197958813   9.21528586108 0.0491043023696   1.00930256636  0.466557267068 1744440101.38
-0.0505422738073  -0.361090525846  -0.785623069023 0.866108824501 -0.755059281754    -3.608624427   9.24615335141 0.219290920833  1.05173170741 0.620092728316 1744440101.45
-0.0366639763922  -0.317348549821   -0.75703755295 0.821681328628 -0.588711669297  -3.61026796685   9.28846960062  1.2913386959 2.61543845881 1.89741793099 1744440101.47
-0.0104619519924  -0.279913050526  -0.726731376601 0.778844825387 -0.419966248897  -3.57604192224   9.33459946672   0.7889716505 0.779152075895 0.712398059244 1744440101.48
0.0292579722459 -0.252247068549 -0.697513654669 0.742300418282 -0.249396299345  -3.50777866704   9.37607556493  1.10232886244 0.532850852723 0.664781688995 1744440101.55
0.0814990945294 -0.235460325277 -0.671272409762 0.716023962795 -0.0792183748022    -3.4101029803    9.40528062909  3.58169696738 0.754879809618  1.53801856626 1744440101.57
 0.143058699699 -0.228262384123 -0.648646418476 0.702361505043 0.0871530652688   -3.2900946996   9.41705544356    1.5311501238 0.0964645238371  0.508820596185 1744440101.58
 0.208890385898 -0.227434502027 -0.628938668729 0.700660756041 0.245933520243 -3.15651246852   9.4098895546      1.5666296872 -0.00545237952337      0.4627847698 1744440101.65
 0.272811729972  -0.22871396676 -0.610317177854 0.706557411811 0.393969498796 -3.01867286568  9.38642424103    3.65118244307 -0.0140097505342    1.18031455604 1744440101.67
 0.328460120388 -0.227893296452 -0.590285465204 0.712922391067 0.529651334219 -2.88517380328  9.35313275314   1.18792540448 0.0831475565659  0.535622893496 1744440101.68
 0.370348517654 -0.221886984577 -0.566338880696 0.712131719727 0.653490973607 -2.76270506417    9.319212255 0.812263444871 0.224770563353 0.655998319965 1744440101.75
 0.394845546873 -0.209523037636 -0.536671420993 0.69844049374 0.768194289034 -2.65518179324  9.29488746686 0.883008929535 0.867218253355  1.89457305612 1744440101.76
 0.400906117464 -0.191875840355 -0.500774871859 0.669565176377 0.878176585306 -2.56336694813  9.28945089601 -0.0539067633454     0.4553770218    0.93453555869 1744440101.78
 0.390410539647 -0.172058343841 -0.459785485008 0.627237718395 0.988604363488 -2.48503449873   9.3094215239 -0.405984618828  0.461376896192   1.04088268175 1744440101.85
 0.368028392926 -0.154512300463 -0.416481397428 0.576867145362  1.1041655306 -2.4155992947  9.3571813139 -1.40032875176 0.790288016956  2.38624204106 1744440101.86
0.340600643385 -0.14394768476 -0.37490651043 0.526578223804  1.22784638767 -2.34903839442  9.43035340134 -0.634472840176  0.126515540975  0.938738212873 1744440101.88
 0.316118238397  -0.14416128011 -0.339677407396 0.485895005557  1.36000754067 -2.27888027947  9.52203986148 -0.475645271396 -0.162653870633  0.745688526525 1744440101.94
 0.302453005901 -0.156992828411 -0.315100900458 0.4641262182  1.49799600317 -2.19905344134  9.62187301946 -0.274615225049  -1.02266937281  0.965752890469 1744440101.96
 0.306051445596 -0.181650099887 -0.304275021226 0.468238758202  1.63641619559 -2.10445506279   9.7176862957  0.348474139525 -0.707151697978 0.0828606503423 1744440101.98
 0.330820599965 -0.214558627517 -0.308355615727 0.500560545542  1.76803193028 -1.99119904833  9.79750554904  0.897642758437 -0.857071452985 -0.275070082185 1744440102.04
 0.377410584702 -0.249783976602 -0.326142032433 0.557852498186  1.88511890151 -1.85659891145  9.85151432877  2.97313838875 -1.73275746181 -1.21136451957 1744440102.06
 0.443032490204 -0.279956185482  -0.35407481367 0.63247310365  1.98096994977 -1.69900670699  9.87365773782   1.78691732197 -0.590552152111 -0.748651306924 1744440102.08
 0.521854528106 -0.297520758034  -0.38665862471 0.714391798685  2.05120473328 -1.51764732781  9.86261169028   2.06718003001  -0.20449777224 -0.801677321561 1744440102.14
 0.605911907308 -0.296069188441 -0.417241414037 0.79301740293  2.09456797571 -1.31255673316  9.82194528057  4.30867737606 0.682029326733 -1.37116820872 1744440102.16
 0.686368534659 -0.271479500512 -0.439012596936 0.858798547295  2.11301246937 -1.08466694692  9.75943149879   1.86055597059  0.917094035311 -0.359659077745 1744440102.18
   0.7549012973 -0.222630236297 -0.446042152873 0.904651199589   2.11103027782 -0.836003929167   9.68560263027   1.51038492101   1.52767360391 0.0615967697368 1744440102.24
 0.804954685954 -0.151535947976 -0.434176396737 0.92705141899   2.09437851885 -0.569902391981   9.61178466051 1.99081051476 4.09118867502 1.13720903379 1744440102.26
  0.832640278198 -0.0628737773564    -0.4016353795 0.926581848961   2.06849903446 -0.291113466841   9.54795752851 0.400604423483  2.34754072131  1.05791448925 1744440102.28
 0.837127269779 0.0369952968436 -0.349215171673 0.907800613529     2.03701392715 -0.00569436662751      9.5008493087 -0.155900238306   2.61585192242   1.55750314619 1744440102.34
 0.820472429155  0.141290704087 -0.280073902927 0.878395959215  2.00066792654 0.279380902041  9.47265957537 -1.26151324226  5.20611660307   3.7725647143 1744440102.36
0.786949510315 0.244073001541 -0.19915820956 0.84765863076  1.95698482254 0.556878178737  9.46070921842 -0.975004205944   2.48510446055   2.08438374683 1744440102.38
 0.742036073762  0.341210392092 -0.112391073104 0.824423325574  1.90073450918 0.820139207831  9.45813881272 -1.24703486906  2.43433736062  2.25993771211 1744440102.44
 0.691279374547  0.430830719047 -0.025780100328 0.814952081856 1.82511252559 1.06394814056 9.45555515179 -2.53752982163  4.24635785603  4.14326660363 1744440102.46
 0.639279009624  0.513166308766 0.0553901716729 0.82163579749 1.72336329627 1.28524936127 9.44330347278 -1.27097489409  1.97586931974  1.90014595695 1744440102.48
0.588988765402 0.589852645637 0.127147458118 0.843208387909 1.59047212285 1.48354756529 9.41387622965 -1.30596203619  1.99883394144  1.75876234196 1744440102.54
0.541461011366  0.66288117764 0.187123412713 0.876131641983 1.42453360316 1.66087225779 9.36390593064 -2.18593166189  3.37852395532  2.52587566478 1744440102.55
0.496051709908 0.733493946871   0.2345375705 0.916017762369 1.22747896846 1.82127308931 9.29525612825 -1.13409951605  1.73553470498  1.03809227729 1744440102.58
0.450997308023 0.801319554934 0.269928907721 0.958317909771 1.00499415183 1.96991302055 9.21491590049 -1.29885810725    1.845082391  0.85120120811 1744440102.63
0.404192494222 0.863983813598 0.294737121883 0.998353431186 0.765649054753  2.11192082627  9.13367903111 -2.08708064444  2.49460188282 0.880196155333 1744440102.65
  0.3539605657 0.917303592613 0.310852754026 1.0311951308 0.519441093786    2.251229537  9.06388234548 -1.33237992269   1.1727479133 0.324953224506 1744440102.68
0.299624769563 0.956023312847 0.320240072452 1.0518123793 0.276087549756  2.38964459417   9.0167119074 -1.73961571502 0.893251005704 0.214624462615 1744440102.73
 0.24175353047 0.974919217834 0.324696256605 1.05562299608 0.0434485194164   2.52634657835   8.99969813817 -2.23878513221  0.26631155412 0.105089055759 1744440102.74
0.182045827333 0.970009751468 0.325759253297 1.03931645436 -0.173585340527   2.65794383643   9.01498061225    -1.45631200756   -0.432958002149 0.000430252279514 1744440102.78
0.122918542317 0.939589866165  0.32473136517 1.00169283923 -0.373532903912   2.77906939993   9.05874010536   -1.91353887279   -1.41550765433 -0.0498696260463 1744440102.83
0.0669293035723  0.884854271827   0.32275914806 0.944256364397 -0.558051584281   2.88339344907   9.12191655414   -1.95179715282   -2.37052353632 -0.0699306094501 1744440102.84
0.0161982493099  0.809974467346  0.320907701876 0.871379810506 -0.731079262305   2.96482899224   9.19202839696   -1.13005602055   -1.94266548507 -0.0306292033213 1744440102.88
-0.0280246252133   0.721620134076   0.320185502915 0.789961868573 -0.897629091225   3.01866934584   9.25565802189  -1.40783666538  -3.13310622148 0.0102857078007 1744440102.92
-0.0655544118929   0.628035910314   0.321504989904 0.708584465039 -1.06252279558  3.04242144967  9.30103157857  -1.23967362292  -3.29244618793 0.0968889264018 1744440102.94
-0.0972095964631   0.537871935645   0.325592779043 0.636212686579 -1.22932268949  3.03618070743  9.32012993672 -0.690748517188  -1.97932145779  0.133227153601 1744440102.98
-0.124543913398  0.459003066656  0.332882507455 0.580521976615 -1.39964423803  3.00250694533  9.30991248942 -0.919828387714   -2.4698364093  0.313937418829 1744440103.02
-0.149467808156  0.397553115692  0.343428506132 0.546197990014 -1.57292752701  2.94587547513   9.2724716299 -0.872346627966  -1.79914030213  0.424252166871 1744440103.04
-0.173868066394  0.357276220149   0.35687053941 0.534072077434 -1.74664601519  2.87186246673  9.21419536797 -0.580176418588 -0.677357961612  0.337943968257 1744440103.08
-0.199314269893  0.339357200391  0.372463314413 0.541865673598 -1.91685636272  2.78626085726  9.14422946605 -0.947407726572 -0.262176547595   0.57695894875 1744440103.12
-0.226898950423  0.342600960806  0.389165656119 0.565958001932 -2.07895508673  2.69430801868  9.07264818226 -1.01243631273 0.429360855808 0.582420874121 1744440103.14
-0.25721037424 0.363910172857 0.405769014019 0.60269086874 -2.22850525809  2.60015024501  9.00874514418 -0.74352473547 0.659391765468 0.373188656837 1744440103.18
-0.290398345059  0.398915130245  0.421037163096 0.648642253218 -2.36201808323  2.50659256552  8.95975750669  -1.2547596269  1.43004173697 0.509804976263 1744440103.22
-0.326274889293  0.442622570795  0.433829714014 0.700412924154 -2.47760379024  2.41510893549  8.93017774184 -1.26411635141  1.55572434594 0.378438377197 1744440103.23
-0.364396233373  0.489982947119  0.443189903023 0.754509902854 -2.57543037574  2.32603659291  8.92164026979 -0.915138043647   1.10187551883   0.17120981629 1744440103.28
-0.404095476729  0.536322751606  0.448388881968 0.807457638316 -2.65794307645  2.23885895285  8.93324214921 -1.48312322067  1.62353679378 0.106332973571 1744440103.32
-0.444466706379  0.577634031809   0.44893058011 0.856008407401 -2.7298070335 2.15249242377 8.96209727153   -1.33977333558    1.24274064184 -0.0644388410139 1744440103.33
-0.484329114164  0.610745491211  0.444529898908 0.897324677519 -2.79754983588  2.06552355125  9.00393552882 -0.913399502373  0.655308565752 -0.162713932948 1744440103.38
-0.522214366858  0.633413247527  0.435080531384 0.929093782072 -2.86890601426  1.97637935717  9.05362229242   -1.3571964205   0.63294433157 -0.450021131902 1744440103.42
-0.556417748499  0.644364864047  0.420626646342 0.949596527203 -2.95190239684   1.8834427002  9.10555606269  -1.03301567453  0.162521081199 -0.553839148761 1744440103.43
-0.585135337644  0.643312404388  0.401346196312 0.95776457561 -3.0537670356   1.785138901 9.15397131016 -0.586639957906 -0.156835700627 -0.502805814382 1744440103.48
-0.60668232354  0.63092684344 0.377545161272 0.953243133869 -3.17978919223  1.68001972605  9.19321032427 -0.657447446608 -0.656322585248 -0.981509387049 1744440103.52
-0.619759961007  0.608747022111   0.34965477515 0.936447440053 -3.3322968254 1.56686093124 9.21803006415 -0.278212201611 -0.848169991492 -0.968837965102 1744440103.53
 -0.6237180371  0.57899101553 0.318220494834 0.90858079949 -3.50994076263  1.44477598937  9.22398695466 0.0117658884726 -0.751961828641 -0.766959573902 1744440103.58
-0.618750813247  0.544252054604  0.283873466958 0.871577313311 -3.70746587515  1.31333591302  9.20790608352 0.340229112761 -1.37820592769 -1.35983030063 1744440103.62
-0.605969163569  0.507093574092   0.24728166237 0.827943682038 -3.91609383117  1.17267558408  9.16839883832 0.509537019768 -1.20984618609 -1.21202450402 1744440103.63
-0.587310017108  0.469598936535  0.209085936575 0.780495449226 -4.12453550077  1.02356161325  9.10634795234   0.47619321415 -0.867419635814 -0.906283345299 1744440103.68
-0.565274738247  0.432965798761  0.169832679856 0.732009598123 -4.32051127948 0.867395942819  9.02523629559 0.863944279014  -1.3957855971 -1.52731528261 1744440103.72
-0.542527207484  0.397247973414  0.129917092939 0.684850475856 -4.49252310137 0.706133729991  8.93116896122 0.700569744584 -1.14444627626 -1.28260416165 1744440103.73
-0.521423152817  0.361330127879 0.0895491300716 0.640672000562  -4.6315391692 0.542104091231  8.83244881252  0.460910317795  -0.87647409716 -0.960407726111 1744440103.78
-0.503573877749  0.323173726879 0.0487492878568 0.600336906381 -4.73225508631 0.377738090936   8.7386332304 0.617451698122 -1.56994481517 -1.59223361342 1744440103.82
-0.489557211071  0.280307158508 0.0073758625496 0.564174413963  -4.7936875136 0.215228555806  8.65912636064 0.386964351235 -1.45197121295 -1.30884363595 1744440103.83
 -0.478866509339   0.230466510915 -0.0348193452794 0.532578945534 -4.81901091712 0.056167493378  8.60152045491 0.231729671419 -1.28923093252  -1.0199225292 1744440103.88
 -0.470133826769   0.172244916399 -0.0781131778565 0.506750229257   -4.81471615891 -0.0987761180916    8.57004013273 0.214310705991 -1.54876108237 -1.09019514957 1744440103.92
-0.461587032162  0.105592759734 -0.122719770591 0.489154946067 -4.78930195142  -0.2500683515  8.56450462315  0.28576553835 -2.16469813686 -1.39851692179 1744440103.96
-0.451624525097  0.032035389826 -0.168696429244 0.483166082326  -4.75177298776 -0.399349560251   8.58016255267 0.410706626596 -2.78884115634 -1.71956628872 1744440103.98
 -0.439341252278 -0.0454638399835  -0.215859473428 0.491612661521  -4.71020454877 -0.549260880255   8.60856820892 0.306427214557 -1.77325661002 -1.08702640666 1744440104.01
-0.424836662068 -0.122982679482 -0.263724263283 0.514938264197  -4.67056198178 -0.703053618312   8.63940108512 0.461162069812 -2.30768041005  -1.4623779505 1744440104.07
-0.409186143647 -0.196361665296 -0.311483482522 0.550466314714  -4.63587186454 -0.864019901046   8.66286074644 0.63732278676 -2.8780873511 -1.9524714237 1744440104.08
