-0.0753208854362874  -0.123370544147828  0.0860458414490624 0.168218351486735   0.322018595652694 -0.0454423400864063    10.1233541338336 1745833638.56375
 -0.086864226794728 -0.0221330916104161  0.0689619554496147 0.113097386973863   0.344723056106278 -0.0615149994656532    10.2084874843719 1745833638.59534
-0.089995251628905 0.0641258751098891 0.0304247134683543 0.114616475098436   0.365358877912155 -0.0956895547193513    10.2126808306739 1745833638.63977
-0.0941213626708892  0.0853576864141088  0.0148551891351532 0.127927487997051  0.388163510432406 -0.128009969463999   10.1128889734115 1745833638.66277
  -0.0970172079608093    0.0887963776905628 -7.97633985308475e-05 0.131518598280531  0.389271967342118 -0.176216545764117    10.030063871053 1745833638.69465
 -0.0850081019953293   0.0555800862320157 -0.00233210698464228 0.101592136080478  0.39287224714568 -0.20640563739545  10.1107491715703 1745833638.73976
-0.0811816646741186   0.037890585857335 0.00580001474403711 0.0897763852407979  0.393978020264527 -0.223439145186855   10.0837284403554 1745833638.76165
 -0.066311579666192 -0.0012615966108078  0.0184175504428012 0.06883330144739  0.408681672795474 -0.252200682302936   10.1373242054654 1745833638.79375
-0.0586605755796612 -0.0242302819191445  0.0511725460561408 0.0815279041744985  0.404637199962505 -0.319952982680038   10.0389891167219 1745833638.83972
-0.0584111059027258 -0.0266304032302888  0.0510273741564218 0.0820050521753794  0.380867565137229 -0.341472660579257   9.99958106671694 1745833638.86132
-0.0447316430529811 -0.0256159295297594   0.054707900498804 0.0751668152370443  0.377609562687056 -0.348220360392843   9.98231670162855 1745833638.89335
-0.0255145537818058 0.00150758804430528  0.0558689061570012 0.0614377730030622  0.360001689462205 -0.365559016914976    9.9651062858648 1745833638.93964
-0.0178371561897573  0.0109537429037036  0.0477362015463437 0.0521238291246085 0.358086830321619 -0.37303304968294  9.91221815264424 1745833638.96141
-0.000912747461451576    0.0191777999781033    0.0414020954745025 0.0456372066367821   0.33705609809183 -0.363783988406699   9.83435397786924 1745833638.99278
0.0100093179020703 0.0469782302033481 0.0287045716057258 0.0559561702493274  0.326657314484557 -0.322125776345185    9.7171480957157 1745833639.0396
0.0286615869171065 0.0485760582830453 0.0253845520522616 0.0618505900199718  0.339428894006123 -0.308156627800676   9.79026124270355 1745833639.06138
0.0392038189539663  0.051184912297323 0.0256032470846284 0.0693711822642266   0.32743368218964 -0.264739113903467   9.85079409437222 1745833639.09221
0.0356956237637331  0.054648065568426 0.0179612833832871 0.0676993081724453  0.28845968834797 -0.23958850628336  9.91265817468657 1745833639.13959
0.0406620639434991  0.053520726106571 0.0161809065732368 0.069135326025496   0.28077341387698 -0.231207061601599   9.98669856287104 1745833639.16132
0.0360006234257182 0.0437808330173918 0.0172061464467731 0.0592356117743787         0.27532125 -0.227405309446889   9.93695349063712 1745833639.1917
  0.0329720181934948 -0.00314936466321304   0.0192861207838743 0.0383278871896721  0.276786257927891 -0.246362565367731   10.0322443229239 1745833639.23957
 0.0208059607787778 -0.0302313566584467  0.0207071451399044 0.0421379732448455  0.272190240430931 -0.255421128775213   10.0915121518196 1745833639.26122
0.00598262061968217 -0.0573549351874895  0.0238809489396496 0.0624153832167866  0.275585817077781 -0.265027390649587   10.0733299986324 1745833639.29137
-0.00855588454612133  -0.0887783807332786   0.0228014172290563 0.0920581809164348  0.336074890476361 -0.307903428372099   9.92172856728691 1745833639.33949
-0.0127955394735625 -0.0862357962092547   0.025687879262035 0.0908856727941456  0.369356922872587 -0.308246953602769   9.88784909227465 1745833639.3612
-0.0167440010415584 -0.0842499630261439    0.02376785078747 0.0891253531372626  0.401174870428226 -0.286518298994506   9.86413713331164 1745833639.39128
-0.0126011997646331 -0.0649358296201462  0.0291923638179764 0.0723024640606801  0.446106709047239 -0.324175594268421   9.89500886509831 1745833639.43938
-0.0109348925767259 -0.0439768337494744  0.0301277712925369 0.0544170596904028 0.464131527131827 -0.33124587890625  9.93815993155471 1745833639.46113
-0.00971011658237707  -0.0237613133660687   0.0303533466180568 0.0397518808088343  0.457985509298194 -0.322868382986844   9.83713274416088 1745833639.49137
-0.00405688142560635   0.0288309312753285   0.0395057746767325 0.0490753208640851  0.418931839346842 -0.325071860757736   9.72316790700186 1745833639.53924
-0.00878586767849513    0.052222678418859   0.0392925351149057 0.0659416630656195  0.377378910520584 -0.326591245365502   9.72172876261268 1745833639.56098
-0.013805171063019 0.0699546034582978 0.0415045455539452 0.0825036762497673 0.335847742622801 -0.30940279566074  9.70072240672539 1745833639.59116
-0.0294872373342245  0.0675797784630654  0.0474137230443883 0.087661763361524  0.331573489428035 -0.304783051401232   9.81990349057845 1745833639.63909
-0.0298141312624061  0.0465791503423508  0.0522244003969904 0.0760650226212578  0.304599032237808 -0.308959252211288   9.88360222400322 1745833639.66083
-0.0274940590762525  0.0280447339677862  0.0592479606067559 0.0710827069256093  0.254253953256456 -0.340048183021684   9.84827124548844 1745833639.69106
-0.0258964671970955 0.00117528436181726  0.0541857296789047 0.0600674754543314  0.243209897435443 -0.326015888467915   9.60707301170101 1745833639.73893
-0.0224596883830794 -0.0234622606241346   0.055494116854777 0.0643001732606647   0.23926077610211 -0.310242035867735   9.50425072719715 1745833639.76074
-0.0249435808825646   -0.04068907461817  0.0546603175190242 0.0725639947343625  0.244583143647657 -0.302695113391193   9.49277447848168 1745833639.79103
-0.0241227268602859 -0.0668967817431336  0.0495981627848956 0.0867009983241336  0.285556801002393 -0.275407780887622    9.6031142321394 1745833639.83879
 -0.017521382735393 -0.0675253875741689  0.0536428379761373 0.0880013118432672  0.286691292392913 -0.294110059582117   9.60510847678811 1745833639.86071
-0.00940074340071329  -0.0475950679139239   0.0538887417868538 0.0725097300890527  0.281355369139368 -0.315770525389368   9.60225762421573 1745833639.89117
-0.00313430497393604  -0.0128955437345089   0.0423128428507351 0.0443451867285422  0.234984283565922 -0.316183196696773   9.45754733019435 1745833639.93866
0.00247423494514237  0.0125320006257443  0.0413634119215254 0.0432909311985456  0.240883614864733 -0.353846714262884   9.39615385346282 1745833639.96069
0.00176031500288289   0.037117455773223  0.0421844716668551 0.0562168469571021  0.268868408203125 -0.379283701171875   9.41388249727658 1745833639.9911
-0.00397456934705367    0.079849882215714   0.0480470528862264 0.0932755068729717  0.225668435213834 -0.397389289395541   9.40227763173011 1745833640.03854
-0.000867000750387029    0.0844094745844611    0.0506127926825563 0.098424417057219  0.224415498046875 -0.407921835190811   9.31807868486207 1745833640.06057
0.00392883025536139  0.0740831450800338  0.0601368480039672 0.0954996784286577   0.19887444159149 -0.411743604664645   9.25975777259791 1745833640.09098
-0.00088246045670781   0.0647257711462391    0.062456055391369 0.0899497806666738 0.0716824813264989  -0.46030271484375    9.2467757462653 1745833640.13841
0.00611472910565697  0.0581695984698049  0.0560093578556035 0.0809823453943571 0.0588552259651491 -0.446429379342528   9.29805476737333 1745833640.16044
0.0114714335327125  0.037044275512327 0.0538112070547097 0.0663288635528566 0.0633578236081278  -0.44469920603953   9.39324341047672 1745833640.19079
 0.0169338986564588 -0.0404128114186733  0.0377877281414763 0.0578607349466163 -0.0203571520054002  -0.405163376819853    9.33040525083218 1745833640.23829
 0.0185784220590672 -0.0755721723335074  0.0254485890664425 0.0818776018388596 -0.028319036413397 -0.378302527744824   9.29457583936179 1745833640.26033
0.0274206540438748 -0.114995482544242 0.0185610803677976 0.119667735744422  0.000716982421875 -0.355573246499295   9.27884827788047 1745833640.29076
  0.0379067960718237   -0.124549440092097 -0.00111456939394287 0.13019497102661 -0.0200369945588824  -0.300405258580562     9.3575612827139 1745833640.33824
 0.0360466330051258  -0.118326938775472 -0.0158963801645213 0.124712946775046 -0.0161361301784844  -0.271234178397384    9.38959374550241 1745833640.36041
   0.03008735433237 -0.0945171052468355 -0.0308162196733225 0.103867085594607 0.0316027827428184 -0.233868082979384   9.43817159093493 1745833640.39074
 0.0173697000820756 -0.0430348278985346 -0.0490851314020253 0.0675503739290304  0.100550464084069 -0.179278067372265   9.49732926474574 1745833640.43824
 0.0127376512927975 -0.0236042742940507  -0.050242700723332 0.0569538278027035  0.114292003231366 -0.142533602876504   9.52594517629255 1745833640.46041
0.00352074429634972 0.00327983117446524 -0.0451988058148307 0.0454542075062369  0.132021997487662 -0.151818066260265   9.50813471959294 1745833640.49068
-0.00707115080891766   0.0214217889225288  -0.0492606093549187 0.0541802717640077  0.106091022117489 -0.189660115748605   9.49256001453144 1745833640.53821
-0.00777904001803131   0.0446497767077058   -0.047253278112969 0.0654750969153289 0.0998419262016028 -0.248783259256564   9.54574922806091 1745833640.56025
-0.0203564140055993  0.0923840696012977 -0.0437823683209027 0.104240566398365  0.146133404042205 -0.301047641872927   9.56960156467091 1745833640.59039
-0.0114691172435447   0.124555108905061  -0.026780718206285 0.127916858436807  0.329297480926961 -0.269096137259802   9.51861644430388 1745833640.63812
0.000646290394056795    0.123671852223951 -0.00396799763847719 0.123737180059331  0.359929175826233 -0.270324373294281   9.53806715876541 1745833640.66003
0.00236932380845887   0.115822607309893  0.0225984904875869 0.118030427567168   0.35418931640625 -0.306239700260761   9.60401482346368 1745833640.69008
-0.00251910923808285   0.0855346844317686   0.0629710906691444 0.106244465325292   0.41374075532894 -0.319921785748013   9.54723298833643 1745833640.73794
0.0147757475407427 0.0457228096412959 0.0790349660417064 0.0924955344548894  0.414502509551415 -0.328324614014033   9.46665226104511 1745833640.75991
   0.029080667630293 -0.00443047448638531   0.0896351677151476 0.094338632729761  0.337064303312308 -0.339847308967863   9.48485430394444 1745833640.78997
 0.0180743929645251 -0.0295647453985656  0.0931918678292045 0.0994257616566954  0.357391403697708 -0.350527018811244   9.65321506905787 1745833640.83778
   0.02391752192651 -0.0436953665187224  0.0888642739167947 0.101873412081218  0.414799570654761 -0.350604404296875   9.61795450159131 1745833640.85987
 0.0388258485638225 -0.0559254228507589  0.0963515681708917 0.117977642486732  0.431625571839125 -0.359922662932479   9.57745226834144 1745833640.89
 0.0405295135339331 -0.0402164830535833  0.0901654226890175 0.106723054796916  0.362156636772813 -0.379832408197118   9.61860461146629 1745833640.93765
0.0377221329656677 -0.026934130457106 0.0810698656249097 0.0933848478683819  0.36061046553903 -0.37786030054949  9.54928954137814 1745833640.95985
 0.0455567753527852 -0.0161196468202456   0.072687577046733 0.0872854320667449  0.346266782868128 -0.378552427991001   9.48508907581536 1745833640.99005
 0.0346350109544677 0.00982031556341081   0.055906709672482 0.0664949830286786  0.330181439585559 -0.361510800450164   9.70218970527733 1745833641.03758
0.0241695898093869  0.011197528528931 0.0536908590698222 0.0599354825154996  0.346930157849548 -0.346398715975727   9.78363976653164 1745833641.0599
  0.0244670958187517 -0.00147280560992659   0.0644164398711227 0.0689223161235792  0.354094170037126 -0.289539803058615   9.80315793474319 1745833641.09006
 0.0262842818162025 -0.0268670266455894  0.0693836305590566 0.0789100043145609     0.290918126251 -0.227616833193123    9.6932488696895 1745833641.13754
 0.0243001325143618 -0.0445086964108918   0.067915987073838 0.0847590809095179  0.308928909989729 -0.219414723861429   9.73355422893053 1745833641.15992
 0.0157803790315096 -0.0707413836478182  0.0640715718437737 0.0967394957673327  0.322044219872478 -0.231676947227627   9.69952376076726 1745833641.19013
0.00691022585704579  -0.101108189886977  0.0627172931887639 0.11918085479028  0.377853787655736 -0.244668563411673    9.6274732069255 1745833641.2375
0.00367399654035317  -0.108338364614387  0.0600799427222241 0.12393667340785   0.37713275390625 -0.222977464781305   9.70508888317949 1745833641.26
-0.00879981874910792   -0.110363669955504   0.0565946780328151 0.12434039584022  0.388784235361551 -0.191287228063561   9.78583160314598 1745833641.29023
-0.0343545571002266 -0.0839707397005232  0.0628772885772197 0.110385117376523  0.399539074254932 -0.209177514720731   9.66546264268667 1745833641.3375
-0.0349939367236412 -0.0739860971355252  0.0569961618057613 0.0997350522000871   0.40009962756724 -0.237391490123594   9.68373645502434 1745833641.36011
-0.0257391766857929 -0.0824070425988762  0.0481586462123842 0.0988568717457975  0.406556469409098 -0.247386371752848   9.68803474267742 1745833641.39038
-0.0179357965830687  -0.145199279933215  0.0347561170668953 0.15037457020973  0.402047512720249 -0.259725741285746   9.64700152909738 1745833641.43749
-0.0171114833657828  -0.187703654754201  0.0234121403933913 0.189930495678976  0.407387247982474 -0.260186156719806   9.64074964682538 1745833641.46022
-0.0154995975442612  -0.248719877369109  0.0124006464576235 0.249510703087274  0.437728631924716 -0.248662539950284   9.68554172318892 1745833641.49061
  -0.018575629559133    -0.35847532331438 -0.00319449801481045 0.358970494966417  0.574822857392818 -0.235530905097627   9.80991566885765 1745833641.53749
 -0.0101476895120449   -0.425317066521975 -0.00833557801652101 0.425519758105497  0.646910180878849 -0.218362370146734   9.87009586698787 1745833641.56055
-0.00163450773776925   -0.516715254117159 -0.00681958199492397 0.516762839367819   0.7467353376611 -0.20505697265625   9.8937983557589 1745833641.5911
-0.00287251858173822   -0.621765128140504 0.000516082941461518 0.621771977718667  0.976545563041611 -0.209713213052675   9.85105045622952 1745833641.63747
-0.00257159147422752   -0.662515374888884  0.00159789665404754 0.662522292697073   1.12273183947327 -0.203344491859907   9.75331881016955 1745833641.66129
0.00771621067435405   -0.69557023851699 0.00540401691912003 0.695634027356782   1.31416954786155 -0.198103202149206   9.57479799917634 1745833641.69217
0.0189325209559124 -0.669208627691695  0.008994554665395 0.669536802379358    1.5900638812293 -0.226150645764788    9.4158060402755 1745833641.73742
 0.0185315667293385  -0.637204875515643 0.00626670129512031 0.637505093227867   1.75637817888451 -0.242894389613862   9.39819955168161 1745833641.76252
  0.0134456052665754   -0.584756450335388 0.000500611806082344 0.584911224992313   1.94883952271582 -0.255331948285145   9.37132330072397 1745833641.79373
  0.0106294586105219   -0.524442825275557 -0.00549551415093526 0.524579320073851   2.17747992297513 -0.233175340146337   9.38311803165345 1745833641.83739
 0.0115368153660977   -0.50949382261942 -0.0116199046206212 0.509756878893785   2.30817289697011 -0.234137778319963    9.3963070175784 1745833641.86456
0.00727219175575204  -0.503017009514787 -0.0142209944945633 0.503270536906887   2.47178172830328 -0.233020569175075   9.38207882338573 1745833641.895
0.00719195595614091  -0.534770187204925 -0.0200333259538629 0.535193620573377   2.71294141464867 -0.231773666264009   9.37194474360991 1745833641.93737
0.00703826940791849  -0.567359095741685  -0.020049840943242 0.567756881841982   2.91866063406853 -0.228973600587544   9.32982016732949 1745833641.96881
0.00993125743324014  -0.608238909915391   -0.02228925826431 0.608728192581255   3.08489448637464 -0.233405035037087   9.28023472082229 1745833641.99708
0.00802162178244129  -0.680687665357925 -0.0253214560305551 0.681205710723237   3.34498494971063 -0.242912834265728   9.23113247633018 1745833642.03734
-0.00146771967894132   -0.707982710240365  -0.0268269258893714 0.708492311992884   3.60657288287802 -0.237011366190751   9.12982393534501 1745833642.07432
-0.00244952151120868   -0.723743381765518  -0.0333416034644636 0.724515110488804   3.79070787666423 -0.232569316237215   9.09933861816022 1745833642.09926
-0.00683333496185793   -0.734647522555792  -0.0298479879430548 0.735285372660379   4.06584191088366 -0.249194443367757   8.88589736318346 1745833642.13729
-0.0190829121256312  -0.699272285776328 -0.0269025405397053 0.700049736716996   4.28625078267702 -0.251875362405201   8.61180004147719 1745833642.17787
-0.00851963157289596   -0.690187224397512  -0.0305083513176806 0.690913705424782      4.47383508021 -0.267052131367738   8.54765463636266 1745833642.20036
-0.00856526018369044   -0.655088574640866  -0.0195671918072687 0.655436708845514   4.82913485354845 -0.294361600872389   8.53114937382793 1745833642.23722
  -0.011266674332214   -0.606230858642762 -0.00356506618480116 0.606346024657663   5.06925982740318 -0.255197690365077   8.23317068954421 1745833642.28844
 -0.0101006056011483   -0.595073328008523 -0.00187025111557356 0.595161982807945   5.13258006084499 -0.241704359137233   8.22012218383152 1745833642.30099
-0.00614754193230578   -0.553018705683767  0.00206903672821822 0.553056743943098   5.35327871367489 -0.229925406162968   8.15146546302725 1745833642.33711
0.00994278935315956  -0.516437124171458   0.011964681215503 0.516671380936854  5.55291111250802 -0.22564484520496  7.96564629645535 1745833642.3902
0.0117548437033915 -0.507573226501622  0.010822541123028 0.507824658723971   5.58636246304765 -0.214293999609124   7.92547481906178 1745833642.40141
 0.0149865471129602   -0.48575882275546 0.00489473426740287 0.486014597417288   5.73804545086579 -0.203188951649225   7.83710992790928 1745833642.43697
-0.000143427063470858    -0.455568869765889    0.0138136247565443 0.45577827054392   5.96978463810959 -0.172149200879067   7.70815541790882 1745833642.49112
-0.0011650020189489  -0.446633780491317  0.0140411239735605 0.446855954719315  5.99829487325433 -0.16667556667517  7.66742581458067 1745833642.50177
0.00292682184785365  -0.429701119982851 0.00712399496524481 0.429770136357693   6.12476031252864 -0.165467347959815   7.63567145748373 1745833642.53683
-0.0164703741448646   -0.40257859292718   0.019496746901015 0.403386811692477   6.36558031984046 -0.164323728261513   7.51413725315132 1745833642.59203
-0.0198217855120506  -0.393265838037355  0.0199239270069167 0.394268798430063  6.38780819373796 -0.16203802734375  7.47196720627408 1745833642.60262
-0.0174134162304322  -0.370116375502716  0.0113936968872035 0.370700923668716  6.46554240123943 -0.17830056920022  7.40879757281646 1745833642.63668
-0.0241958652146344  -0.292410264628058 0.00522697699491279 0.29345617056358   6.56074634366017 -0.225256020319569    7.1400304478036 1745833642.69288
-0.0236241608556561  -0.272508647143126 0.00459683586036654 0.273569359841043   6.58276590752279 -0.232670650710116   7.10961371258664 1745833642.70359
-0.0195495148636195  -0.219574806994767 0.00100817628935429 0.220445675434159   6.66288203924634 -0.244960412847542   7.07506368302504 1745833642.73655
-0.0240706560702434  -0.109767907428607 0.00772100706919335 0.112641040189931   6.70449016527452 -0.278176718008899   6.96188685472765 1745833642.79331
-0.0259626833517435 -0.0849066310052223 0.00846885226645198 0.0891903491090312   6.71236127943098 -0.285455039174259   6.97212914084852 1745833642.80413
  -0.0197798484871174   -0.0202372165459234 -0.000205300175929161 0.0282989308607614   6.75704598706573 -0.314242508205891   7.01449457453838 1745833642.83643
-0.00313691079924985    0.084935493187353 -0.00219503066795228 0.0850217405842446   6.80810307405404 -0.338181751776127   7.09379382528074 1745833642.89326
 -0.00424662665306145     0.104167379279462 -0.000547063309081179 0.104255340497003   6.79015553888983 -0.338838357450653   7.09840146684004 1745833642.90397
-0.00406011584913182    0.161950408897525  0.00452615856325882 0.162064510594157  6.71885863454895 -0.34883366643514  7.11202562005188 1745833642.93633
0.00652628949842037   0.228142733958749  0.0122087297090736 0.228562360404987   6.59434184966707 -0.366692055297703   7.19758506085198 1745833642.99281
0.00797660272142782   0.236457423466212  0.0128358230947148 0.23693986084611   6.56193045954037 -0.363298615427019   7.19801451867294 1745833643.00329
0.0220963929039133  0.267540705947025 0.0111397203515748 0.268682662796667   6.48780389944668 -0.341761826224262    7.2422382125763 1745833643.03619
  0.0357657181788627    0.351991115608966 -0.00194464285665929 0.353808866056709   6.36692930936964 -0.293002012933429   7.35193424959334 1745833643.09195
  0.0352008483968039    0.370639392072937 -0.00295782126390397 0.37231895921465   6.34131261103797 -0.285147565631063   7.38395396010168 1745833643.10216
  0.0354396471428855    0.437198342279006 -0.00649681395682257 0.438680484718334   6.25584014557494 -0.268962204129712   7.52250644128499 1745833643.13605
  0.0220904269354317    0.541574747607434 -0.00361707601986555 0.542037155043064   6.02640541159654 -0.234960744839676   7.64149145455705 1745833643.19097
  0.0192575748056925    0.560475431016347 -0.00147951446720379 0.560808123981291   5.96037095959751 -0.232488101648694   7.65608915717857 1745833643.20123
  0.0166105286879487    0.614930200729843 -0.00302081061439874 0.615161919115371   5.75673978075295 -0.220277451512041     7.743199059859 1745833643.2359
   0.018693699351714    0.687504732960003 -0.00845785751227707 0.687810837070451   5.47368288820542 -0.213672146462163   7.95610726610626 1745833643.28995
  0.0181180976838233    0.698413494899554 -0.00994368081971428 0.698719222656522   5.42933531256705 -0.215424268729939    8.0133072426879 1745833643.30077
  0.0140296606279914    0.719898276982263 -0.00714087949417869 0.720070380406887   5.24442936994012 -0.234484671109871   8.19822836497272 1745833643.33578
  0.022184941438663   0.742381250166978 -0.0109528781049518 0.742793415267599   4.91736143545328 -0.232164645019776   8.46028473075834 1745833643.38838
 0.0207186732501377   0.747734743028624 -0.0124718990173371 0.748125696402969  4.84742423871082 -0.22645464918349  8.51066557082561 1745833643.40026
 0.0204207215074955   0.746559550099274 -0.0117339209071585 0.746930955718916   4.64173264353324 -0.209072966536477   8.63102547135398 1745833643.43566
 0.0206889310305107   0.733708450163173 -0.0101047810171482 0.734069634508495   4.32431862957638 -0.201677088493564    8.7625847115009 1745833643.47762
 0.0193533388859748   0.734680000130061 -0.0118009485249524 0.735029602603344   4.13365551109541 -0.214905032121579   8.77352420204345 1745833643.49971
 0.0231336370984494   0.730949658331826 -0.0169374759517361 0.731511754022061   3.91648496631729 -0.208642910418185   8.90602866649521 1745833643.53555
 0.0275469184713242   0.709302225509427 -0.0176715072270826 0.710056872368382   3.68233435024612 -0.184250687394947    9.0469071909303 1745833643.57401
 0.0253813061996777   0.706322479501837 -0.0155265053574065 0.706948886499328   3.53291053313286 -0.158233950376571   9.09799424406756 1745833643.59832
 0.0180248594254461   0.711282900377516 -0.0133041325720899 0.711635622963223   3.30041732031557 -0.156816173749056   9.16677416283846 1745833643.63543
 0.0255909532274827   0.709781609744386 -0.0184659677438438 0.710482809350895   3.08046800924581 -0.143892643800766   9.24822798481882 1745833643.66795
 0.0213729677947563   0.718815926103933 -0.0176330179680982 0.719349749910066     2.9140108040006 -0.0976647393246582    9.27230738381134 1745833643.69514
 0.0170702130359225   0.749587138145301 -0.0135725554375284 0.749904316634501    2.62066136835678 -0.0893716204224986    9.27877634544762 1745833643.7353
 0.0237511605525288   0.765916656764833 -0.0134766542085454 0.766403329159045    2.44955549544988 -0.0922612426616368    9.36348252878907 1745833643.76165
   0.026373927540558    0.782164149032272 -0.00948294118868203 0.782666126939758    2.24783483381674 -0.0667181007127139    9.46126661988326 1745833643.79177
 0.0160151052231169   0.816238560862834 -0.0017438685878541 0.816397521378152    1.89778093143708 -0.0361766119560698    9.49104447612077 1745833643.83514
  0.0170147401961648    0.831319992018581 0.000379498074282459 0.831494181899371  1.70961914023035 -0.03298119140625  9.50451103781681 1745833643.85911
 0.0184319929629249   0.834989062634766 0.00441832158762649 0.835204163453417   1.48887583732568 -0.035132138671875   9.58541304162583 1745833643.8895
0.00951200909386379   0.845839212553188 0.00982635010624277 0.84594976740112    1.08565027716955 -0.0218754425837688    9.70182734222798 1745833643.93499
 0.0053426276368004   0.856040344342282 0.00749127156641808 0.856089793165063  0.875500495104824 -0.014027491080948   9.71327302649718 1745833643.95812
0.00639158661619017   0.849755676567367 0.00593944544675625 0.849800470257666   0.628625923979279 -0.0135004937015526    9.72289250219536 1745833643.9883
0.00463673470321956   0.828546776715541  0.0068044042053769 0.828587690248298   0.188342579564593 -0.0279383654658554    9.74449537761138 1745833644.03483
-0.00278165375782079    0.818307597591053  0.00364024272122993 0.818320422108564 -0.00470239476161286   -0.021295128365477     9.79485355075708 1745833644.0573
 -0.00839154230578968     0.789876622404532 -0.000273169734358117 0.789921243685195   -0.246501182311178 -0.00684612827090113      9.7575070965856 1745833644.08742
-0.00170619841138789    0.760621711159652 -0.00642514233163459 0.760650761555155  -0.620122871092353 -0.0142010314940533     9.6974079250076 1745833644.13468
-0.00515507678855693    0.744019278054732 -0.00993099456489708 0.74410341054643  -0.768699311154982 -0.0172356810051364    9.72771293247239 1745833644.15654
-0.00946996539771886    0.733669393260955  -0.0150983575912274 0.733885835300345  -0.971770637549816 -0.0287961528899712    9.70879167695639 1745833644.18633
-0.00681562373103356    0.738992999134902  -0.0244456396664603 0.739428627249407   -1.31994359570019 -0.0355241088917828    9.59290957037327 1745833644.23453
-0.00739066441328613    0.748193690712966  -0.0258818609573815 0.748677695320074   -1.45559079357158 -0.0479831050061261    9.55580561790022 1745833644.25595
-0.00701661896163436    0.769093569268461  -0.0289683542734564 0.769670914599913   -1.62211013904473 -0.0558899105671033    9.58471911929234 1745833644.28524
-0.0122458703391675   0.801297836654661 -0.0306673104715088 0.80197797245271    -1.9675109976451 -0.0442796090620753    9.40843961555526 1745833644.3344
-0.0101443522269939   0.816787269956324 -0.0272418464253026 0.817304392770203   -2.11936439763605 -0.0553398018166954    9.33364947534964 1745833644.35476
 0.0002031743710679   0.843959822000585 -0.0227578572778311 0.844266629980696   -2.34227965658961 -0.0922106096136051    9.33947242972117 1745833644.38288
-0.0115968484001546   0.855499250811369 -0.0216247842383485 0.855851088872932   -2.77889719909637 -0.0858422473992327     9.3554241304752 1745833644.43424
-0.0121592456959142   0.850233228343296 -0.0176986436213958 0.850504339683811   -2.91719583127115 -0.0893154146622257    9.28960014238143 1745833644.45238
-0.00953147658999469    0.847261471247524  -0.0126147012922824 0.847408980596264  -3.04163080326718 -0.108303303406185   9.23250814992012 1745833644.46941
 -0.0117869479284199    0.816323307330825 -0.00719765524659333 0.816440126692737  -3.58783265503881 -0.115109038060443   9.18181315247381 1745833644.53409
 -0.0163910298118082    0.801943890848178 -0.00840063221689894 0.80215537182559  -3.70497479288577 -0.109698310546875   9.11197212775304 1745833644.55096
-0.0225354554208585   0.789714345014083 -0.0102869678273188 0.79010278773026  -3.82130928062457 -0.117929787730195   9.00416874449867 1745833644.56638
-0.0166291771015613   0.737068513327563 -0.0167812864397254 0.737447038399742   -4.2466263712646 -0.151563191599174   8.79385832814889 1745833644.6339
-0.0104140627663448   0.712006047379586 -0.0104906488866422 0.712159475063321   -4.3639877423462 -0.151969161976522   8.77146961483581 1745833644.65022
 -0.0118129947524995    0.690612065356129 -0.00769278491433274 0.690755926938176  -4.48843068024378 -0.151231957105011   8.76426563638683 1745833644.66464
-0.0217485495116958   0.594360535733359 -0.0105533067944435 0.594851929581981  -4.83504427043077 -0.197758121345487   8.54907993444228 1745833644.72522
 -0.0224043823629596     0.54055557687054 -0.00483879557053459 0.541041312634702  -4.94507685707059 -0.189404793742848   8.44025785738313 1745833644.74986
-0.0237499681207697   0.509945049464183 -0.0010533820249882 0.510498897229422   -5.0130804434953 -0.184864266944592   8.41681796844406 1745833644.76367
-0.0255154414386744     0.4333947859327   0.005198111003096 0.43417634502983  -5.19956296795442 -0.201732217318649   8.29409060539471 1745833644.80894
 -0.0300035755246568    0.381586848994524 -0.00198257209178243 0.382769732949109 -5.36152297732679 -0.19462907761049   8.2459494657279 1745833644.84954
  -0.0298521481203102     0.361632330207973 -0.000711367452551514 0.362863058250213  -5.43205077900155 -0.195461206626404   8.27039223632812 1745833644.86308
-0.0181423272876183   0.299825997737865  0.0046523239388688 0.300410414394956  -5.64337182210106 -0.219452262745115   8.21554069641249 1745833644.90885
   -0.01827353287798    0.261767275192812 -0.00543927556426513 0.262460690550749  -5.72369951175926 -0.239257083752895   8.12933290644097 1745833644.9494
 -0.0165652010423585    0.243951998030506 -0.00650883351656679 0.244600384591677  -5.73294029943819 -0.237418909235357   8.09880509305179 1745833644.96266
 -0.0138811590625937    0.159764220511083 -0.00573188612695123 0.160468524175327  -5.78734915061484 -0.231933616780698   8.02039050183061 1745833645.00871
-0.00836903087043988   0.0747451047131485 -0.00640315282328477 0.0754842481738293  -5.82972258439467 -0.237934368023456   7.99358512346485 1745833645.04928
-0.00587343501515936   0.0443906875732889 -0.00403818348607397 0.0449592850029206  -5.83873589943006 -0.234710895876128   7.98046692466073 1745833645.06243
-0.00441642817361924   -0.127004965668649 -0.00127831732323803 0.127088159312685  -5.83918812673785 -0.239730952329696   8.09133406886466 1745833645.13328
 -0.00377732284760606    -0.165384269491964 -0.000543219335774706 0.165428292170755  -5.81389438930303 -0.238640546905035   8.11475122109358 1745833645.1492
-0.00207726565026181   -0.196666059478334  0.00230160663747516 0.19669049640598  -5.78753005863217 -0.235914755568104   8.12906408290506 1745833645.1624
-0.00460992975159979   -0.300468227006506  0.00520915147350448 0.300548735069409   -5.6415050147829 -0.228215523686443   8.11416189822697 1745833645.2085
0.00177989350937277  -0.385788918909633 0.00320830080586638 0.385806364862516  -5.48881884378744 -0.231092826352835   8.17588112532448 1745833645.24922
0.00309636050006838  -0.415306243793883 0.00469425715411592 0.415344314554515  -5.45009335796963 -0.224334095422052    8.1986673784567 1745833645.26264
 0.0123625572156829  -0.487725401784864 0.00673754802345887 0.487928575634269 -5.30214292494683 -0.22323172405086  8.28539767003056 1745833645.30835
  0.021537717671504  -0.544240552619688 0.00580890655146755 0.544697526884054  -5.13258672758663 -0.210785430238611    8.4144476170017 1745833645.34929
 0.0168862661507593   -0.55343475769648 0.00387544131391747 0.553705875042385  -5.06532880883752 -0.199831854067574   8.42702346782645 1745833645.36322
 0.0261370679247172  -0.561159524925885 0.00846234913222586 0.561831620761578  -4.71723161222289 -0.206739658245733   8.60283354748115 1745833645.43218
0.0295244198708659 -0.555430427489181 0.0103496600222953 0.556310854300096  -4.63674619429522 -0.199584364104912   8.65768045486606 1745833645.44954
0.0291703971677433  -0.54703628697745 0.0108361378928306 0.547920645007497  -4.56334906120779 -0.193106633139255   8.67238101334512 1745833645.46408
0.0188468258760751  -0.50311917386777  0.011933834186898 0.503613465226448  -4.20438963987677 -0.171736033839591   8.75793910370268 1745833645.53263
0.0167962394577907 -0.496347014845808  0.011187109037362 0.496757107865486  -4.11036813810372 -0.172792763671875   8.77860943871719 1745833645.54989
0.0124129098372801 -0.492593525394639 0.0107762991527664 0.492867720808309 -4.03461166224474 -0.17350974609375  8.79215330042781 1745833645.5652
0.0212170982963806 -0.493662496655277 0.0183758115215467 0.494459802525054  -3.84034257158851 -0.181918199626251   9.08114037932199 1745833645.63254
0.0204917188182382   -0.5063887684156 0.0175263848532834 0.507106171805885  -3.76304708696945 -0.170724603662029   9.14342065235087 1745833645.65063
0.0172414584275241 -0.519986867798639 0.0164423920002302 0.520532384032383  -3.67654649028634 -0.153291689669658   9.17041926365888 1745833645.667
0.0130316523909216 -0.614084896141974 0.0131588235236702 0.614364092595152  -3.34000499627214 -0.142360472724423   9.25437001970168 1745833645.73241
 0.0114903406589112  -0.642579837522498 0.00964544092520959 0.642754937786976  -3.22775593673327 -0.132934972010501   9.23551570666225 1745833645.75227
 0.0147041807962811   -0.68001140797276 0.00655137628159493 0.680201917401861  -3.04071253653046 -0.132349608009447   9.26501125047986 1745833645.77919
 0.0207863980404936  -0.762501749358897 0.00519100593846114 0.762802686585154  -2.69319565413413 -0.121027343931608   9.41846607018915 1745833645.83228
 0.0191389183214473  -0.784013724981212 0.00142566074405186 0.784248590474976  -2.54077344432776 -0.102818848567783   9.38654176246306 1745833645.85371
   0.018724546380319   -0.805341045116743 -0.00446710461853768 0.8055710785589  -2.30818139279214 -0.100003329726085   9.39091001671493 1745833645.88296
 0.0193042091736257  -0.831365807303995 -0.0104563121855409 0.831655633366699   -1.90495873865159 -0.0861477038257278    9.53100434429706 1745833645.93219
 0.0177031542897753  -0.831486124811394 -0.0106131150570187 0.831742277172977   -1.73874468143988 -0.0702815595893813    9.52784637715988 1745833645.95395
  0.014518816707877  -0.826427634995324 -0.0132450138627045 0.826661274231946   -1.52636779740697 -0.0661399403647975    9.57201205331678 1745833645.98376
0.00788818752569281  -0.807162749401945 -0.0199737081755943 0.807448373918006   -1.11978134475471 -0.0478863162883444     9.6562595306451 1745833646.03211
0.00459699586718405  -0.804022257497732 -0.0179652530762359 0.80423608053907 -0.925733538638235 -0.046603857421875   9.70558176051706 1745833646.05415
0.00281958299294393  -0.808403567984593 -0.0138878755392432 0.808527768147432  -0.668522287167909 -0.0414382437758722    9.74927286723458 1745833646.08441
  0.006483449577874   -0.82075337799048 -0.0152450800332018 0.820920553443774  -0.316224086045487 -0.0451827474235402    9.79445634970912 1745833646.13204
0.00247132815462419  -0.827484045720786 -0.0164867710339737 0.827651960068007  -0.148973316320615 -0.0484424934830641    9.80685033524082 1745833646.15436
-0.00142764940021239   -0.841073539022854  -0.0193310636511651 0.841296871650623   0.124821557540004 -0.0419356510789196    9.73903813675423 1745833646.18489
-0.00153255672720976   -0.870650536372018  -0.0186033145482491 0.870850612061096   0.516992566030601 -0.0530673489111618    9.71897926160741 1745833646.23197
-0.00618265317137188   -0.878566617393481  -0.0171798462199818 0.878756322033932   0.709140366807436 -0.0444970121648433     9.7013842457291 1745833646.25485
-0.00860236652660921   -0.888131875496485  -0.0185039655533173 0.888366267776957   0.985886984330855 -0.0602890882436432    9.64934671786361 1745833646.2856
-0.0224092367096427  -0.916501571881584 -0.0137188588140284 0.916878133798862   1.38543460569045 -0.101231258064796   9.57450604717521 1745833646.33191
-0.0247335185989713  -0.928246990421487 -0.0135821215594041 0.928675775604645    1.59354337334974 -0.0992260560279073    9.51040312117086 1745833646.35606
-0.0195517816268676  -0.933941873067045 -0.0132775104854044 0.934240861190226   1.86911319024759 -0.102657359572254   9.46769662381647 1745833646.38727
-0.00614830767921817   -0.911924100655823 -0.00976512464042679 0.911997107837242   2.27665293567149 -0.118700873324596    9.4626615415529 1745833646.43185
0.00132780895576964  -0.896190542666867 -0.0112662819345424 0.896262339357615   2.55855487505993 -0.123825854035024   9.53854196752372 1745833646.45901
0.00340409170700957  -0.893377089458908 -0.0131304718394811 0.893480061949425   2.87317709693764 -0.145174299239397   9.49063050565346 1745833646.48957
-0.00825352880631139   -0.881419703792347  -0.0038511926616918 0.881466758679   3.15742601998429 -0.156755865378544   9.25681902160116 1745833646.53184
-0.00835874090819926   -0.866066645825126   -0.011288728605228 0.866180546395425   3.36970473197302 -0.163074432161142   9.00624374219225 1745833646.56689
-0.0146341092392683  -0.863631277297895  -0.015382449695724 0.863892215521741   3.56944126872938 -0.158978762171233   8.87168817775156 1745833646.59317
-0.0131725574421735   -0.88049271191445 -0.0193075159811876 0.880802879296721 3.90257433125131  -0.143396484375  8.7752890936856 1745833646.63183
-0.00777916192798751   -0.906514517785265  -0.0243451020494555 0.906874726910808  4.24197570358042 -0.14769837890625  8.77286499804911 1745833646.67194
-0.00849278090504262    -0.92558974577397   -0.024690766301206 0.925957957333897    4.4639467638817 -0.143435527549107   8.70356674866294 1745833646.69493
-0.00553483011181018   -0.968036891489891   -0.018433619698903 0.968228204487445   4.81315935765503 -0.112177158935844   8.64976645133839 1745833646.73181
-0.0137133881047439   -1.01841493512272  -0.019793212866066 1.01869956727678   5.15908642730117 -0.101345208064181   8.36264284639156 1745833646.78391
 -0.017335092893259   -1.02855543575704 -0.0195763198152393 1.02888775975248   5.24842784225578 -0.090566300524065   8.26028991759324 1745833646.79586
-0.00461777389534412     -1.0563518772409  -0.0173343957206969 1.05650418534956     5.5546916453517 -0.0789246311449188    7.97412203279576 1745833646.8318
 -0.0131647018693708    -1.09179592076159 -0.00436324114554028 1.09188400475519    6.03379274253479 -0.0800640627619347     7.6527862482405 1745833646.88668
 -0.0109364659770982    -1.08972548206887 -0.00473187018529016 1.08979063271518 6.14038382155777   -0.08030203125 7.56975404953598 1745833646.89718
 -0.0124351545946007    -1.06817486860981 0.000706883451974984 1.06824748194582    6.44813982946862 -0.0875205226827089    7.31620858287936 1745833646.93178
-0.00524994178291222    -1.02378300765319   0.0118414607272726 1.02386494658246     6.9111106085044 -0.0555440605239644    6.85290957793026 1745833646.98922
0.00386554374934837   -1.00482144926959 0.00649631107825324 1.00484988401171    6.99591733998512 -0.0377529886577375    6.76626465483779 1745833647.00038
 0.0100736635008278  -0.950484875068316 0.00618666359918801 0.950558389177882  7.20173473144915 -0.06161592367753  6.51072275547367 1745833647.03177
0.0125380085007733 -0.820855005177719 0.0176493348537985 0.821140450960285    7.53059275444269 -0.0455394864780215    6.01025134959247 1745833647.09027
0.00375857538215397  -0.795573219408849  0.0258622066897168 0.796002341745503    7.62018034310585 -0.0323823470650459    6.00115458062714 1745833647.10104
0.00612981546273688  -0.711944002831251  0.0244462187387523 0.712389960215341    7.82351772377468 -0.0232749284073028    5.84413090027104 1745833647.13176
0.0128399108879337 -0.533858098819175 0.0185200843353387 0.534333534892039    8.04789542652473 -0.0598566047476262    5.44865077764438 1745833647.19064
0.0111983133242741 -0.496367476670019 0.0208434785677988 0.496931106609233   8.09101936447092 -0.054678802930372   5.41730574138982 1745833647.20131
 0.011815966307682 -0.382994013712408   0.01949433917938 0.383671814001713    8.17011686935478 -0.0501389399110567    5.32712705206229 1745833647.23176
0.0113572724781022 -0.174322071263062 0.0225034997735893 0.176135117650188    8.2713116996595 -0.109572411695169   5.19146723588738 1745833647.29092
0.00815758186109482  -0.138727465136786  0.0253813100093639 0.141265942898103   8.28280894006403 -0.116227153198426   5.18223566198728 1745833647.30158
0.00866984749705278 -0.0390416787122186  0.0209675181385475 0.0451559049204041  8.32432328725983 -0.13133269059069  5.18765009894427 1745833647.33174
0.00142854086676712   0.132141801680009  0.0175637540645452 0.133311597159012   8.24146493666418 -0.161349660628291    5.1983848692359 1745833647.39102
-0.0024452013271358   0.155813987439036  0.0184780444488799 0.156924873164955   8.22496408443546 -0.175677206365587   5.22567568895817 1745833647.40169
0.00128543762661742   0.220666384932907  0.0100803266418714 0.220900246207325   8.20664469893572 -0.180369002717416   5.32307216885584 1745833647.43174
 0.00190296870006909    0.310048932360689 -0.00368966958909731 0.31007672503681   8.12373913413391 -0.204730558729118   5.50322877602234 1745833647.49091
 0.00153924272637018    0.319712810782491 -0.00368932290765936 0.319737801565796   8.10134780540681 -0.208315163142725   5.52616464078761 1745833647.50152
 -0.00229981227530732     0.339727732142653 -2.06980247513061e-05 0.339735517059521   7.99235090445711 -0.197605555527228   5.60727285204376 1745833647.53174
0.000366590857669644    0.371249288535381 -0.00565053408930364 0.371292468496707   7.82650009919363 -0.195638524859771   5.77108712158465 1745833647.59068
 0.00358344411069851    0.374722727959039 -0.00897322042305977 0.374847279042438   7.80356505495041 -0.194012335632119   5.80703997034061 1745833647.60135
0.00753121231581854   0.386287018781516 -0.0134012338522043 0.386592774255829   7.76339627844192 -0.188536581746265   5.93307856720798 1745833647.63174
0.00642392323207257   0.412172197878604  -0.017360484451324 0.41258765603706   7.64297935163123 -0.183692595648782   6.11684795004507 1745833647.69051
0.00722644885437363    0.41725662022817   -0.01643553837488 0.417642712864659   7.61059184211497 -0.186064177874213   6.15314408471276 1745833647.70122
 0.0115870536971111   0.434577933486692 -0.0195309502631017 0.43517088379753   7.49627537707005 -0.165335722547984   6.25368601878638 1745833647.73171
0.00766527136109256   0.483488817464444 -0.0218935004496192 0.484044954895869   7.33273497385682 -0.117501970953325   6.45329910116296 1745833647.79014
0.00733387057421765   0.492897351673296 -0.0219851576882519 0.493441923738474   7.29022319664089 -0.111406278471955   6.48719455926095 1745833647.80103
0.00695316482943157   0.519651421125093 -0.0210937787563107 0.520125843888471   7.16821421773858 -0.102407835398683   6.57896543743378 1745833647.83168
0.00729552227362007   0.585370057432124 -0.0252467671339512 0.585959664169855    6.97486824857452 -0.0722216668771458    6.81085101948627 1745833647.88927
0.00719053494321394   0.598169646602045 -0.0257228217032312 0.598765641520253    6.92423138853413 -0.0660020413781426    6.85549839336784 1745833647.89993
0.00987763229125608   0.636745861672428 -0.0267924787073723 0.637385830476274    6.74661299794559 -0.0474669440508827    6.94435599091582 1745833647.93163
0.0119842249053566  0.710918831532065 -0.025919957721781 0.711492129880435      6.5098890708847 -0.00321986526915993     7.20625664554867 1745833647.98787
 0.0117347818962241    0.72065963513623 -0.0247634322544742 0.721180450648697     6.46562291496537 8.75736343910932e-05     7.25983430789093 1745833647.99781
0.00980813599684907    0.75295999423572 -0.0144041794425003 0.753161624644139     6.27144695356156 0.000221711894993652     7.41004197997296 1745833648.03155
 0.0110162636628042   0.790970063279191 -0.0147569868557469 0.791184408169193    5.90601460473771 0.00721120929953486    7.64102821857845 1745833648.08647
 0.0123401372128002   0.796496073967607 -0.0139657379043945 0.79671407460108     5.8423484186875 0.00456851291415023    7.69462919742223 1745833648.09657
  0.0161163552514282    0.821866972104774 -0.00548063351690643 0.822043243441004    5.61342938281613 0.00337049944176472    7.89281070814437 1745833648.1314
  0.0135117604662453    0.847528785494298 -0.00702634509032755 0.847665605906991    5.25911194531096 0.00463735129511703    8.15697099502575 1745833648.18505
  0.0159724634062493    0.848671836101759 -0.00607417499678937 0.848843861132002     5.18425645394307 9.72660510804824e-06     8.20946179044468 1745833648.19597
  0.0178764683409461    0.857631090215461 -0.00311590038023577 0.857823037613053     4.93884357446881 -0.00403301971271838     8.41692569615125 1745833648.23125
  0.0115830306685564    0.862986042186896 -0.00247272630943438 0.863067314862678    4.53296957427295 0.00178988337618353    8.62480324753516 1745833648.28252
  0.010596760074457   0.864091868351168 0.00090432043572916 0.86415731557983      4.42421486408102 -0.000489749097268168       8.6606070860684 1745833648.29561
   0.0137063668532039     0.860325010711365 -0.000479689009849291 0.860434319776571    4.12550752203046 -0.0074090576783056    8.81132170402228 1745833648.33111
  0.0109584113684215    0.843129293301266 -0.00394101110296006 0.84320971505962    3.81833639992996 -0.0221082685326157    9.00411106277585 1745833648.37084
0.00611784923859849    0.83018088062658 0.00107268570461545 0.830204115438999    3.64317384148646 -0.0308988090142425    9.07166709330199 1745833648.39452
0.00551570167774497   0.802591522251753 0.00397343787027268 0.802620310460614  3.34009173229028 -0.02150947265625  9.13140848307874 1745833648.43096
 0.0030369979707706     0.7782709774391 0.00750812561786292 0.778313117987215    3.06567919336398 -0.0304561373694657     9.2006077740871 1745833648.46497
0.00513515974946254    0.77126749046556 0.00649226138189568 0.771311909134396  2.89429053095216 -0.03871705078125  9.27934404413942 1745833648.49137
-1.29262650434717e-05     0.768825637852534   0.00232753917097086 0.768829161143772    2.63771412422789 -0.0313152239534904    9.42273601564316 1745833648.53081
0.000187550848243475    0.776066929244075   0.0049812408103861 0.776082937965821    2.44921487623479 -0.0236839586481207    9.44189443621938 1745833648.55793
  0.00389374685577832     0.792139054039519 -0.000218584551468974 0.792148653964902    2.25959515410283 -0.0274476419986555    9.49254786054861 1745833648.58761
-0.00255245161110391    0.823987451024823  0.00282016206523589 0.823996230434148    1.95510971288601 -0.0284465592149893    9.58059840628576 1745833648.63065
-0.00717637433986393    0.847973341578645  0.00335357145922252 0.84801033886283    1.76068246660507 -0.0232066199468252     9.5730767319564 1745833648.65456
-0.00375349707054096    0.882290251360522 -0.00399751508662244 0.882307291431358    1.50593057612508 -0.0358522322398478    9.58714212089943 1745833648.68501
0.000662873957786306    0.934299233055219  -0.0055135873019421 0.934315736747696    1.13452445072079 -0.0234475970157323    9.59992593987487 1745833648.73049
 0.00203152546803756     0.96328868719638 -0.00287621397728558 0.963295123304948   0.938093188583434 -0.0169517058992925    9.62353790247777 1745833648.75357
 0.00288235138164309    0.990576823291954 -0.00537829772804768 0.990595617231935 0.655226035079416  -0.0143396484375  9.68787668961797 1745833648.7838
 0.0059282754470193   0.998855903663148 -0.0107540810632487 0.998931384526492   0.222799257649053 -0.0149845787670544    9.69821292551331 1745833648.83033
0.00710841715865396   0.997439999525279 -0.0127428553240529 0.997546722018221   0.0193266446902269 -0.00895230580229418     9.69237588551329 1745833648.85252
-0.000952006277034534      0.98393834615634    -0.010646030745193 0.983996399039881  -0.267919320606984 0.00181232807303215    9.72179358385445 1745833648.88264
-0.00492585940309552    0.944364800973017 -0.00845504215422605 0.944415496032067  -0.733674968567135 0.00787441333886167    9.69199487268156 1745833648.93017
-0.00229553780746801     0.92538708571053 -0.00639158661619017 0.925412005688885  -0.934661946735888 0.00777316433700759    9.67669230743257 1745833648.95159
-0.00282454320428687    0.897157631491295 -0.00360426785509215 0.897169317650885   -1.2057330976589 0.0125337306929661   9.67398504621856 1745833648.9812
0.000957690328742421    0.824652252683791  0.00655389067444158 0.82467885174181   -1.64703460736963 0.00501511622707268    9.69073253369947 1745833649.03001
-0.000132999952529513     0.789309264897429    0.0104038718559436 0.78937783975198 -1.8446794624841 0.00143396484375 9.67262759505576 1745833649.05092
-0.00446430449923118    0.749345264982511   0.0148517223207738 0.749505723675453    -2.10661977568259 9.77788773603462e-06     9.58412403567718 1745833649.07993
-0.00557899231878971    0.704471110180755    0.017576863194523 0.704712435220465   -2.47975908972054 -0.0193177053919735    9.44575093577383 1745833649.12986
-0.0117593353233403   0.685362675977706  0.0167779148674992 0.685668854490176    -2.6090762637163 -0.0173997854146923    9.41336591027066 1745833649.14933
-0.0158787222693028   0.670150816407569  0.0154111594904094 0.67051603589286    -2.73078994015246 -0.00331772961756692     9.33649771250799 1745833649.16819
-0.00435954194030679     0.69509259911828  0.00296665592604243 0.695112600952046   -3.18215072537897 -0.0264066046505358    9.18167689453125 1745833649.22972
-0.00320139368023149    0.715011526691035 -0.00184411491964714 0.715021071705148   -3.28178769580518 -0.0191562447888881    9.13658363712067 1745833649.24753
-0.00376140597894952    0.735706485770962 -0.00330655231299012 0.735723531408773   -3.36958816655961 -0.0108103950736993    9.08483519010314 1745833649.26384
 0.00685229196004724    0.832244659987937 -0.00356241464325378 0.832280492851799     -3.7982619958029 -0.00979569990215516     8.94907058642505 1745833649.32926
 0.00713406777537594    0.852097002992447 -0.00156065316242804 0.852128296132705   -3.94880486823566 0.00463612051204536    8.90012924972535 1745833649.34647
 0.00359917049504848    0.866619728438294 -0.00105129812667438 0.866627839948883  -4.08379730938416 0.0072638252758487   8.86195741875064 1745833649.36145
 -0.0115631783941262    0.839676313776086 -0.00394400804490845 0.839765189925511   -4.54877130752855 0.00981190521259879    8.61688295333846 1745833649.42948
  -0.0132126505790192     0.816909492306788 -0.000983683817216222 0.817016927847955  -4.67666004485999 0.0297593090203893    8.6115079698166 1745833649.44584
-0.0159619601015853   0.791510844415841 0.00283842189086317 0.791676864406806 -4.78990996799647 0.030838722868452  8.62873083016474 1745833649.45988
-0.0224041203011684   0.594380887076672 0.00934143039733522 0.594876328198046     -5.2906112226163 -0.00592464782282651     8.44162053796223 1745833649.52934
-0.0240322163371787   0.541249171830653 0.00868625581522025 0.541852068806176    -5.36231488366815 -0.00605126463132443     8.38960959409338 1745833649.5456
-0.0240550554055358   0.493978072005962 0.00896285807678266 0.494644634195293   -5.41065046996608 0.00533635060877821    8.34081513084024 1745833649.55908
-0.0134598183117846   0.235270609558354 0.00767255541775935 0.235780182665092   -5.62227201942247 -0.0390415595142482    8.18358471437177 1745833649.62922
-0.0118814662413372    0.17812848106428 0.00429513919625731 0.178575959263913   -5.66030495269529 -0.0392972453400765    8.15231068620751 1745833649.64548
 -0.0111059627227654    0.132396410623536 0.000841510140482559 0.132864066223008  -5.69138560990837 -0.038000068359375   8.12665550881064 1745833649.65874
-0.00445988907300501  -0.0908317444127527  -0.0143559792935672 0.0920673152920431   -5.73480828625679 -0.0454401862160309    8.13663558685462 1745833649.72911
-0.00668023203313628   -0.138362703289591  -0.0179892442669227 0.139687064794543   -5.72508142528906 -0.0510445536235814    8.14670128151989 1745833649.74548
-0.00373510152527671   -0.175688573292118  -0.0198338855512554 0.176844023887957   -5.70959997499826 -0.0535944274878478    8.14931183410764 1745833649.75875
0.00447329916818716  -0.347011733925412 -0.0121599123909872 0.347253534692918   -5.54655781029206 -0.0589352268648076    8.23504973631625 1745833649.82901
0.00194287516229437  -0.387163056107406 -0.0115359962835795 0.38733975523896   -5.48700753377561 -0.0595794050491515    8.25635780499819 1745833649.84549
-0.000148558710689707    -0.419832196634091     -0.01124746589474 0.419982857851782 -5.43426174403613  -0.0602265234375  8.27156652303796 1745833649.85903
-0.00124252151234842   -0.562605205570556 -0.00341056817343277 0.562616915111928   -5.13196560949067 -0.0795047402326986    8.41608290034871 1745833649.92888
 -0.00253630997096563    -0.586802339410673 -0.000877439290386768 0.586808476681971   -5.05019139074486 -0.0856856986302001    8.45800583333589 1745833649.94564
-0.00131501222005463   -0.605487314581146  0.00153499111664766 0.605490688263291   -4.98245283411206 -0.0972038281585276    8.49888574604667 1745833649.95967
0.00725658347167214  -0.684876224774973  0.0154115328396502 0.685088035664154  -4.64255068692067 -0.100549643562022   8.73902784829914 1745833650.02862
0.00591221761997591  -0.695290801848946  0.0152424018238516 0.695482986324106   -4.5247827471644 -0.096949774019484   8.75299015915992 1745833650.0461
0.00586637947644421  -0.703471215159026  0.0141857244203598 0.703638685507561  -4.41949120412301 -0.103756773645232   8.77692781296869 1745833650.06102
0.00897816087215546  -0.751860163330389 0.00404668165748507 0.751924655938534   -3.92159104805151 -0.0612574677166747    8.88664753380041 1745833650.12837
 0.0140127113343933  -0.755164964374789 0.00433672192038036 0.755307412021841   -3.7913605335764 -0.055207646484375   8.91944450967217 1745833650.14713
0.0185018549872005 -0.756893125626723 0.0033009977906107 0.757126421970183  -3.67779255558115 -0.056641611328125   8.97875970662193 1745833650.16362
  0.0292101741006402   -0.767199522853312 -0.00520138733316891 0.767773011096072   -3.21326586161227 -0.0321904132827029    9.23135064972384 1745833650.2285
  0.0314935555570881    -0.77459374869825 -0.00746184820967238 0.775269629704878   -3.06264210916056 -0.0166399000870994    9.32246467198937 1745833650.24899
 0.0332854486908884  -0.784910807013291 -0.0126843575935069 0.785718644928558    -2.8426861899464 0.00998115497916257    9.39274143901978 1745833650.27692
0.0214637373765204 -0.807569802936015 -0.018805646978682 0.808073840063252 -2.42040685996355 0.040968409432472  9.47533506868976 1745833650.32845
 0.0214099941342663  -0.824628937404668 -0.0185401537618784 0.825115149270388  -2.23890529750127 0.0530321861225726   9.53284303164088 1745833650.34994
  0.018641930801464  -0.848938545179383 -0.0190149701831658 0.84935607619323  -1.99037195489959 0.0524131175817198   9.56673315547055 1745833650.37949
 0.0173234428730695  -0.866250726049304 -0.0184264955858374 0.86661984618026  -1.56863172568184 0.0619226279813061     9.607055780738 1745833650.42841
 0.0149422061760781  -0.874298985157175 -0.0172455805079181 0.874596704212478 -1.36787782705728 0.066679365234375  9.66541317204487 1745833650.45024
0.00631858541054237  -0.884702281750513 -0.0154378272933284 0.884859524652186  -1.09690300200384 0.0682141175363272   9.71731315740098 1745833650.48035
0.00325314813280168  -0.884788182553401 -0.0117732178196027 0.884872487772533 -0.687839718079307 0.0758576906724137    9.6864923492639 1745833650.5284
0.00287437389888416  -0.873327656152083  -0.012960921758208 0.873428556046929 -0.478805880187984 0.0567945190305705   9.70615366438436 1745833650.55056
-0.00359173017803407    -0.86222655458882  -0.0128018826009711 0.86232906721385 -0.209361226188387 0.0302425965065312   9.72106778082057 1745833650.58117
-5.15285860734481e-05     -0.84189531966736   -0.0118192313327674 0.841978281288952 0.173698837729044 0.025094384765625  9.67493745064802 1745833650.62839
-0.00143810698864279   -0.823331948809701  -0.0109982743248922 0.823406660235764  0.350817329768274 0.0216910644419491   9.68021762912823 1745833650.65083
-0.00155016128682246   -0.805343944287888  -0.0168568020382199 0.805521832960563    0.580454630127215 -0.00375737558729258     9.69693133845151 1745833650.68149
-0.00327345375988146   -0.790885652063579  -0.0211957831024761 0.791176397120692 0.968074937869782  -0.0315472265625  9.67832930020052 1745833650.72838
-0.00186273710944492   -0.794268541773285  -0.0210922358334276 0.794550733844386   1.15551917643058 -0.035746177310799   9.65306304099681 1745833650.75171
-0.00434375460097872   -0.795545286790134  -0.0209264382929938 0.795832323644661    1.37905916647342 -0.0453289200075102    9.62652133297324 1745833650.78259
0.00737657715574943  -0.802126965315217 -0.0151492169010802 0.802303920686575    1.73013427691837 -0.0455334864105471    9.58428803752149 1745833650.82836
0.00575322036928646    -0.8111355053384 -0.0125091348895843 0.811252356557986    1.90036232798782 -0.0457864807086124    9.59364771542629 1745833650.85285
0.00399474163511886  -0.822240309916582 -0.0145225578196579 0.822378252325579 2.15382781083898  -0.040151015625 9.51135615752936 1745833650.88423
 0.0161322416425957  -0.837479020154572 -0.0080699209832138 0.83767325494142    2.52739078101112 -0.0346557743405112    9.39464016122676 1745833650.92832
  0.0223583583513593   -0.852820995744837 -0.00546985210515488 0.853131564445623    2.75038424597235 -0.0326509996588562    9.36219418951459 1745833650.95692
  0.0207717764651217   -0.864465609989706 -0.00628564686425122 0.864737975868351    2.98423089281324 -0.0114519749382253    9.33151832317841 1745833650.98669
  0.0059731764077627   -0.864120688626751 -0.00585125883218912 0.864161142715345   3.31666596457986 0.0264765541551089   9.22238630959818 1745833651.02827
 0.00569178156104713   -0.863746886033235 -0.00556278939832773 0.863783551669826   3.60452147519332 0.0425395382118757   9.03088577999062 1745833651.06476
0.00483619843999558  -0.861546403704429 -0.0017425047202191 0.861561739444183 3.79281995169784 0.05308394738842 8.88509484133811 1745833651.09019
 0.0129607689462331  -0.853581961845188 -0.0016262933774389 0.853681903257477   4.09665164640559 0.0437834485033244   8.76608192424069 1745833651.12822
  0.0105823251737056   -0.816851809849075 -0.00188126872786526 0.816922520213403   4.37328928284508 0.0590221509192442   8.74457541495839 1745833651.16887
 0.00128602050859551   -0.796253675068131 -0.00350130346802173 0.796262411541715    4.5397313084324 0.0647463691376913   8.70568697763441 1745833651.19152
 0.00472836146436324   -0.789331593467845 -0.00727859583813874 0.789379313008644  4.80521420847797 0.075283154296875  8.39825179384424 1745833651.22816
0.00817740746772205  -0.797658755887702 0.00881093922292516 0.797749329982294   5.08432951823848 0.0899005323533389   8.23735536908209 1745833651.28035
0.00905517439111611  -0.797421732455357 0.00974844964423013 0.797532725250709   5.14048997885663 0.0991092854839827   8.18534531411212 1745833651.29223
0.00329235742246493  -0.811301813376776  0.0142070853304979 0.811432876632091  5.33410993400782 0.109730157058854  7.97630877533572 1745833651.32809
0.0189516646287221 -0.854930959931164 0.0152322642490562 0.855276641628412   5.79868259430558 0.0731997975349358   7.84177192905425 1745833651.38233
0.0176104493874564 -0.858875558477423  0.016285314831351 0.859210430777402   5.89158157063464 0.0800919605115592   7.85264494021672 1745833651.39271
0.00769742130235452  -0.873861446514682  0.0188891438696215 0.874099466740237   6.20282838703251 0.0812980937333759   7.78510253963596 1745833651.42801
-0.00259768782422686   -0.868458721079161   0.0128715922378015 0.868557986600331   6.49603935958078 0.0740135502758208    7.2318303861323 1745833651.48419
-0.00280227939853561   -0.862105692296305   0.0109992343657973 0.862180410712371   6.58382603910273 0.0656198148575522   7.18888284333216 1745833651.49463
-0.00807326969732321   -0.825508209154084   0.0126462759709385 0.825644541773469   6.82847484160842 0.0378747507107861   7.03050981446849 1745833651.52794
-0.0175037248401744  -0.677023177794156  0.0185375403171923 0.677503065716155  7.05206617654093 0.066713895537219  6.52314087802894 1745833651.58578
-0.0130276979367173  -0.643901309406373  0.0153247215217765 0.644215386542802   7.09307494540163 0.0664215674634884   6.45439648102503 1745833651.59672
-0.00768227750497357   -0.545111669992801  0.00949585820671698 0.545248495158938   7.27331187248362 0.0500356090672981   6.35028650746568 1745833651.62786
-0.00914419151725987   -0.348068217034911   0.0190384416594206 0.348708420043431   7.48732372084771 0.0733138671937864   6.13302900380567 1745833651.68627
-0.00673507553715966   -0.315623196533644   0.0212754779266566 0.316411139806446   7.52284162454151 0.0748581238761254   6.11387003621475 1745833651.69704
-0.00605540848290663   -0.230598541452074   0.0294562950634661 0.232551131174598   7.59189342671178 0.0822162066222127   6.07307121843302 1745833651.72778
0.00142928756524885 -0.0980437431276303  0.0317803559909991 0.103075746207998   7.71258057878354 0.0406486793411874   6.06632924517956 1745833651.78639
0.00381306913257597  -0.076191471101324   0.029855333017916 0.0819208195418256   7.72998255225703 0.0332421516058624   6.07390044143335 1745833651.79704
0.00431432096592837 -0.0151421080267592  0.0249411883996742 0.0294950789061351     7.75046541507783 -0.00279403142057189     6.06159852531309 1745833651.82768
0.000380336205231343     0.10903365900115   0.0157608505804006 0.110167544503025    7.73208565283074 -0.0632771047516775    6.08646377929687 1745833651.88635
-0.00198582175405242    0.132961962339412   0.0158191768750707 0.133914425190832    7.71517571907857 -0.0731589936572681    6.08646377929687 1745833651.89695
-0.00704778600387445    0.203379888395939   0.0174669613690075 0.204250202034092     7.6312805363103 -0.0898466514055347    6.07088852722068 1745833651.92759
-0.00571385488249183    0.329260577590383  0.00759825517235701 0.329397798375209   7.47266254742695 -0.111923463775196   6.20310970643544 1745833651.98621
-0.00647736931880846    0.349996988739148  0.00576504182535186 0.350104390356664   7.44912093225991 -0.114275678261458   6.23465274491665 1745833651.99692
 -0.0039535474989812    0.399203938664907 0.000798041621724524 0.399224312954298   7.38185600488498 -0.104496628119189   6.31896312893531 1745833652.02751
0.00660208320400241    0.45569514181271 0.00426682941861569 0.455762937948695    7.23344254101409 -0.0969912958539435    6.58317165567542 1745833652.08574
0.00796401932813616   0.462949709960419 0.00307419955584266 0.463028411935168    7.20257306566305 -0.0951577538671344    6.63605035289243 1745833652.0964
  0.0059209034972676     0.48574515777907 -0.00421488290931967 0.485799527214649     7.1157320283008 -0.0926748497608511    6.75072749769573 1745833652.12743
  0.016897634254175   0.518237463736836 -0.0188284669986084 0.518854613580041    6.87439969994155 -0.0795251165302185    6.90349190744289 1745833652.18479
 0.0170962179534547   0.524514809295007 -0.0206146535800089 0.525198086230628    6.8399848171989 -0.081737141405775   6.95584676970923 1745833652.19501
 0.0117638650401504   0.548541193002719 -0.0294805589544363 0.549458763054877    6.71506064312029 -0.0692755140877575    7.08774138114897 1745833652.22738
 0.0101122556213378   0.597605843532102 -0.0361812406452027 0.598785507600253 6.46905283387876  -0.051622734375 7.23395815365007 1745833652.28358
0.00953246329870269   0.606202663155704 -0.0366453328000305 0.607384077079433    6.41882726051483 -0.0499423565037763    7.26570750214367 1745833652.29335
0.00514665357252064   0.642570315552997  -0.038626369588302 0.643750801863925    6.23817052806599 -0.0143975807129151    7.37046343232417 1745833652.32733
0.00882231875539932   0.698080646431949 -0.0377969894884614 0.699158805026055  5.97016563384711 0.014667925633449  7.62074067419344 1745833652.38246
 0.0101871311925622    0.70759298315882 -0.0361915877527353 0.708591164552309   5.91902276811638 0.0233081595502378   7.67872983913715 1745833652.3925
 0.0125354941079267   0.734580944480961 -0.0296809560643145 0.735287196787733   5.73460546346311 0.0719310653185573   7.83613325025928 1745833652.42725
 0.0266710373425651   0.777203476717309 -0.0224884515133707 0.777986066010099   5.42696070466657 0.0970426810471857   8.10642355479437 1745833652.4813
 0.0275184715449818   0.786350510260423 -0.0182015564779015 0.787042367297478  5.34599753777657 0.111071898643276  8.14877541568203 1745833652.49196
  0.0226013515618715    0.811838053367558 -0.00587077585423972 0.812173818832631  5.08770029118759 0.148614543055223  8.28488475827965 1745833652.52713
  0.0273850753850947    0.841136387414962 0.000958737992428526 0.841582606620336  4.69864765964537 0.133757504183971  8.49905321801547 1745833652.57938
 0.0283089661784803   0.846363958720912 0.00194367138669581 0.846839492493286  4.60979717328847 0.128469137020778  8.56682346731236 1745833652.59164
 0.0241852805465953   0.865679030773026 0.00558830296971116 0.866034838355435  4.33645780529243 0.125103706243974  8.74808816798421 1745833652.62697
 0.0202162785109459   0.878960597110832 0.00695181239085496 0.879220539390306  4.00978881899431 0.131207783203125  8.89836524698209 1745833652.66747
 0.0180562321907372   0.878818518676251 0.00438786695669295 0.879014942799994  3.81074464899839 0.122602301813901  8.98737973518329 1745833652.69077
  0.0165435582154467     0.87986048688159 0.000295612595357555 0.880016052740371   3.46809188967812 0.0970196722414292    9.0709867437707 1745833652.72683
 0.00882238732974969     0.87476850611474 -0.00245077870763201 0.874816426528837  3.15465075800556 0.119476164094491  9.14062976626482 1745833652.76213
0.00451773534722254   0.853805757703229 -0.0040150663106293 0.853827150292921  2.97481347066932 0.113413719850266  9.27751674153902 1745833652.78782
 0.00309621573199539    0.808894929872748 -0.00847406391707958 0.808945241586208  2.70648127362442 0.102775275428204  9.41605874397201 1745833652.82672
0.00570302013513444   0.772936974931701 -0.0101073982715204 0.773024094808855  2.51951252147515 0.109111825319016  9.50617114195577 1745833652.85436
 0.00543284862376165    0.737338113386016 -0.00589340538985959 0.737381679676752  2.28369916875679 0.117753939598831  9.54671925606348 1745833652.88373
 0.00442192174102056    0.691068732432687 -0.00623018545355188 0.691110961820741  1.97931535261443 0.118550734884061   9.5929110917579 1745833652.92663
   0.010504630434744    0.670047246280404 -0.00483517744411239 0.670147027486833 1.84997331688849 0.11940513765473 9.64470964007585 1745833652.95067
 0.0126233835669756   0.654382761710694 0.00214337894338424 0.65450801577222  1.69304285125586 0.143371749054101   9.6648983115541 1745833652.98121
0.00885822885687287   0.673214409797222  0.0112253125698865 0.673366258004805   1.3995449182156 0.147765148887888  9.66064340900429 1745833653.02656
0.00655226012877739   0.696834776205491  0.0134220004513059 0.69699482604842  1.24114267534818 0.131929722945705  9.64557047026922 1745833653.04999
0.00704555733748765    0.73662991178264  0.0113253168308329 0.736750656336602 1.04112693887086 0.13207984429203 9.60857749015824 1745833653.08031
0.00794145189265276   0.812232233462827  0.0145173162528578 0.812400775606081 0.721764583861071 0.127979242673267  9.59358541552986 1745833653.1265
0.00766990393942821   0.853461624945303  0.0155212060839978 0.853637206615913 0.546702917235472 0.117633596365156  9.59289565568687 1745833653.14932
0.00626488407483568   0.908608599390111  0.0158324117246908 0.908768122745924 0.289698488603814 0.130282952290022  9.60021647305662 1745833653.17959
0.00706669347614405   0.982688791963393  0.0174737997556131 0.982869540521557 -0.151128605515409  0.134538162535595   9.63154747496533 1745833653.22645
0.00366025845682798    1.00883757670951  0.0170458869595606 1.00898821397246 -0.355142854136739  0.140550846067933   9.64093757281283 1745833653.24838
0.00642486041486087    1.03607552378935  0.0207278469743418 1.03630276148765 -0.646391320343094  0.158936522379982   9.63671090055254 1745833653.27837
0.0120993002846384   1.04496062998188 0.0262949336986256 1.04536143740705 -1.14759364042677 0.151168212798424   9.6679635938883 1745833653.3264
0.00945170557209158    1.04121357509059  0.0284184451288352 1.04164420591423 -1.36033237468274 0.167697253378329  9.63533732955034 1745833653.34761
0.00197143509273405    1.03877497637005   0.032490217355929 1.03928482732731 -1.66748990226645 0.185139753448236  9.53136107110308 1745833653.37703
0.00472950437020263    1.03065448900229  0.0339075018617779 1.03122294514555 -2.18503730710778 0.161991035362305  9.44194151367187 1745833653.42633
7.38736237718713e-05      1.0244282122867    0.032451603638902 1.02494208332226  -2.3912444465445 0.158035760113614  9.42540797731492 1745833653.44582
-0.010618406711055    1.0236311002284 0.0313557817104112 1.02416627798544  -2.5841625989317 0.164573850732411  9.37845479972541 1745833653.46442
-0.0146567540136327    1.01485226904019   0.026083294204974 1.015293202307 -3.22721017227063 0.191687232561853  9.18264608491756 1745833653.52627
-0.00840940211437318     1.00457651692884   0.0235344579860087 1.0048873405121 -3.40187251252258 0.177737058589699  9.08795854146643 1745833653.54388
-0.00215812242871233    0.994643499420604    0.021594706766342 0.994880233893712 -3.56864180674749 0.172114653482013  9.02239881275467 1745833653.55982
0.00162295617195314   0.936723724053418  0.0162985458712849 0.936866912527472 -4.17594637410427  0.18167302788437  8.92356322265625 1745833653.62602
-0.00318854347538724    0.914343159916726   0.0150680020121333 0.914472867602225 -4.34249194505741 0.171262712277488   8.9098237860967 1745833653.64313
-0.00861441275415636    0.891874332096618  0.00995722425391102 0.891971512255144 -4.47996350810223 0.162452903804158  8.85638605695201 1745833653.65774
 -0.0166492389087287    0.819584692005042 -0.00992210275746665 0.81981382804169 -4.81510320857464 0.194740001934824  8.63041543030566 1745833653.70258
-0.00819192516465905    0.743532376568425  -0.0164643623164596 0.743759758167839 -5.09675344227758  0.21327037347369  8.49294871505618 1745833653.74291
-0.0019927343189948   0.714086627137597 -0.0176882001165054 0.714308444910304  -5.1806350903063 0.215811708984375  8.44657564888296 1745833653.75674
 0.0104559769331613   0.583962664133072 -0.0197835629310954 0.584391230185114 -5.40237818890509 0.190348807254041  8.33130394695815 1745833653.80162
-0.00291559851251087     0.46409648263123  -0.0238962067326055 0.464720426279686 -5.57321544340659 0.193503458114612  8.17468013434667 1745833653.84283
-0.00709524326401195    0.430589957854142  -0.0261086324274332 0.431439120814326 -5.61746988979254 0.182989972362743   8.1442399287803 1745833653.85616
-0.0133494068820742   0.250187151314773 -0.0255465018097028 0.251842095571446 -5.80924423444513 0.192541054129404  8.01500691992145 1745833653.92614
-0.0118368814845427   0.212991829366713 -0.0196037152682094 0.214219366053994 -5.83685686975222 0.185163672020985  7.96783750058394 1745833653.94275
-0.0102704985541732   0.187576849351321 -0.0151446071808613 0.188467282783463 -5.85917565065493 0.176151468109203  7.93771709348569 1745833653.95591
-0.00674756749798417   0.0293542792882424     -0.0056210052121 0.0306398283165302 -5.94168317679253 0.137248056257851  7.89996689118407 1745833654.02614
-0.00990938983484653  -0.0130078113751119 -0.00393310091351456 0.0168186933637944 -5.94646658101215 0.113527088646534  7.88511790368541 1745833654.04274
  -0.0114653799414499   -0.0479507706886303 -0.000863484410087847 0.0493100086408619 -5.94664374539763 0.100071039889236  7.89284899917326 1745833654.05584
-0.00789674789042982   -0.137363475591827   0.0113518436753651 0.138057768375204  -5.94757724307486 0.0932541256220775   7.98003676597718 1745833654.08882
-0.00274377404861736   -0.283245256985777   0.0182433715928785 0.283845423616525  -5.89224756103009 0.0797551191167365   8.01388259958549 1745833654.14276
-0.00239684498107131   -0.313704006190028   0.0175146205425099 0.314201703207167  -5.85066102498829 0.0707113592945336    8.0155466524868 1745833654.15597
0.00314022522618407  -0.413932928137275  0.0164803364740979 0.414272774269646  -5.69304802176559 0.0543659959938656   8.09999467907897 1745833654.20138
0.0112710270382281 -0.497098753377887 0.0192655849313813 0.497599607539127  -5.51693859966218 0.0621812928796202   8.17560692766946 1745833654.24284
0.0165551373533484 -0.523617879956826 0.0200046154222906 0.524261329321039   -5.4576990325561 0.0548700951806184   8.21571574554647 1745833654.25639
0.0232214198862866  -0.60054411348678 0.0162857415161977 0.601213516117104  -5.25079833045182 0.0857262290005186   8.36287982341548 1745833654.30135
0.0268380692213055 -0.650835227701469 0.0133120643386153 0.651524356132375 -4.99872718806718 0.105941550351118  8.45669812632224 1745833654.3431
0.0301214586426173  -0.66663009115965 0.0138897499048198 0.667454796868447 -4.91775263643376 0.103962451171875  8.49341547940201 1745833654.35731
0.0378082966368991 -0.708347586739276 0.0166438977287726 0.709551118853001 -4.65559814988659 0.144529779170867  8.64003136750252 1745833654.40161
0.0442790294824669 -0.746595174474288 0.0149194661595604 0.748055865207063 -4.37907427097769  0.19208711740068  8.78487000484754 1745833654.44369
 0.045440438967394 -0.756915301809694 0.0151634156012915 0.758429651833251 -4.27534802759032 0.207030943572695  8.82337173696808 1745833654.45896
 0.0538289106661618  -0.801326771220829 0.00876455629427668 0.803180529735214 -3.76452064200201 0.261517248611816  9.04687584015039 1745833654.52575
0.0499044920273405 -0.815772563864941 0.0087906374055315 0.817344853525904 -3.61701518834224 0.271039150563153  9.08028821589274 1745833654.54507
0.0445506372455112 -0.825534770285791 0.0100891193974625 0.826797560809181 -3.49080387158381 0.280150842773228  9.09319839526355 1745833654.56228
 0.0375329558014345  -0.858633896653756 0.00245234316545088 0.859457331832713 -3.01111284122878 0.301946829153902  9.24412150968777 1745833654.62568
  0.0310138014251497   -0.875167300249277 4.97278330717464e-05 0.875716656103619 -2.83259862351417 0.314276252175106  9.31184625580028 1745833654.64689
 0.0268884980366254  -0.895956201253559 0.00260046889510271 0.896363357311 -2.59269158373417 0.346499195738161  9.36930361989178 1745833654.6757
 0.0218783264697582  -0.934568699774657 -0.0059088689058665 0.934843425659804 -2.20026099967492 0.346968106994258  9.53910645250418 1745833654.72561
 0.0156679816566703  -0.949947610318469 -0.0078707153270597 0.950109412730304 -2.00548393548913 0.365235057615884  9.55917778055264 1745833654.74743
  0.0155947482650763   -0.963887152774521 -0.00927317987029313 0.964057898324644  -1.7221359818445 0.373435071297933  9.55538578087421 1745833654.77719
0.00887893069131031  -0.980074688201626 -0.0168664710216211 0.980260020458071 -1.25317414398265 0.368926319739596   9.6409429994271 1745833654.82554
0.00758566796937922  -0.983964347264185 -0.0179429016477036 0.984157165682959 -1.04407476689276 0.366886536117236  9.63220295242204 1745833654.84764
0.00553601246457704  -0.983824969897072 -0.0227467583120645 0.984103467040275 -0.756820962803455  0.360220146424772   9.65050162168978 1745833654.87794
-0.0049099196763222  -0.983447254755899 -0.0319579749874983 0.983978618854822 -0.299240083084297  0.363770757488679   9.70096818726712 1745833654.92545
-0.00591124615001243   -0.981073900299513  -0.0348687923439144 0.981711145581769 -0.0865006308715288   0.353157065481725    9.75667936078148 1745833654.94777
 -0.015973846322315  -0.982527760340309 -0.0357333244176884 0.983307090424763 0.212160779038572  0.34845345703125  9.77972500455906 1745833654.97814
-0.0276937628232548   -1.01051150123313 -0.0335201367856343 1.01144650782623 0.695571616994995 0.342279028621712   9.7223465131494 1745833655.02537
-0.0239334464145388   -1.03293940540482  -0.032139613202866 1.03371639235922 0.926929671747595 0.326786922779688  9.74165961922584 1745833655.04863
-0.0305161916517388   -1.07373342925653 -0.0311859192348753 1.07461959623601  1.23179880958701 0.307170616712385  9.73616232663623 1745833655.07916
-0.0212345927907241   -1.14460535865642 -0.0240759413517932 1.14505545103631  1.72444720192586 0.297156598893391  9.64428699911452 1745833655.12527
-0.0286838164356825   -1.18388188242311 -0.0194883046365481 1.18438966006657 1.99535023379106 0.27169572204926 9.58735299506571 1745833655.15019
-0.0385441146550413   -1.23673453054064 -0.0168062703613744 1.2374491498763  2.35592835708604 0.271343171076064  9.44778166481799 1745833655.18137
 -0.0296476517881547    -1.30806069339024 -0.00964726819026916 1.30843220330005  2.88291944581248 0.236195835652096   9.2695758830085 1745833655.22514
 -0.0400538145384165    -1.34695012363591 -0.00148222972144648 1.34754634080866  3.31239208904795 0.226524856092768  9.15236552014782 1745833655.25942
-0.0454461458772186   -1.36382154922918 0.00333593261243464 1.36458260972481  3.63157677089946 0.214170305910421  8.96642020033536 1745833655.28588
 -0.042505685353015   -1.37514768133285 0.00447465541644989 1.37581172451158   4.128884209576 0.19932111328125 8.69817369656182 1745833655.32498
-0.0339045760228291   -1.36383295542946 0.00277450678663849 1.36425714162641  4.65342971524482 0.181591170307583  8.48600143021458 1745833655.36636
-0.0379680710635594   -1.35162791349656 0.00442850487865543 1.35216833368439  4.92838149100439 0.172661104071625  8.36697718573211 1745833655.38816
-0.0412196419863027   -1.32975194522252  0.0135383863626169 1.3304595381348  5.35031136406594 0.184659768918393   8.0197315371552 1745833655.42483
-0.0199307425354056   -1.26380367246455  0.0158191768750707 1.26405981005248  5.99805187906872 0.122430026372286  7.62813571462009 1745833655.47892
-0.0193571409527338   -1.24718067848358  0.0174526102813509 1.24745297999334  6.10907576007799 0.122553309809965  7.57493296247684 1745833655.48929
-0.0154333813896132   -1.18059657291999  0.0237280471867703 1.18093584816231   6.4046231691573 0.152245729189251  7.29807359261565 1745833655.52468
-0.00816840517939381    -1.05464119863863   0.0250759941434299 1.05497089352805  6.88407254376126 0.133778427496189  6.68593262325042 1745833655.58155
-0.00309205555474002    -1.02936004146797   0.0261078781095792 1.02969572062715  6.96703292969239 0.119955092557254  6.61732846713983 1745833655.59231
0.00536017678375447  -0.946311107787298  0.0310574209431391 0.946835787036177  7.22289876389781 0.122802418991691  6.46853869317386 1745833655.62455
0.0032957137559466   -0.7784315099933 0.0240467083832221 0.778809810970354   7.5817911079769 0.168249738223834  6.04724523569655 1745833655.6826
0.00170484597281129  -0.744543780402544  0.0279555796929417 0.745070373771411  7.64955178451657 0.161575218720384  5.97572229462571 1745833655.69331
0.00269843116428273  -0.647153787034415   0.031142065937818 0.647908275818892  7.80479951327709 0.167047263162814  5.82367827710654 1745833655.72444
0.000958737992428526   -0.480251837639584   0.0252909290155851 0.480918265223111   7.9691353271446 0.211683645467789  5.56880513739978 1745833655.7831
6.82467173559538e-05   -0.449285718246053   0.0238571384013291 0.449918686353642    7.986757046679 0.193327609983247   5.5080527448007 1745833655.79348
-0.00538306745508406   -0.352834023904259   0.0250175611775482 0.353760800834363   8.0777648393474 0.149943361417392  5.41680812895626 1745833655.82434
-0.0178476633041074  -0.181772156312714  0.0127270565556664 0.183089141853256  8.21548028547672 0.136910719130958  5.35365287172868 1745833655.88336
-0.0197324864691332  -0.153958761725565  0.0112069155955585 0.155622190870999  8.23668026747307 0.123510568438165  5.33534369147191 1745833655.89374
-0.0241955756784885 -0.0745985918039113 0.00721465025642502 0.078755488442791   8.26383568396325 0.0887118865076655   5.31550025464525 1745833655.92428
   -0.024182824659007    0.0604539243709885 -6.25169494144914e-05 0.0651113652806516   8.21436083699041 0.0121531110280526   5.33681627213453 1745833655.98342
 -0.0248862641547193   0.0804223104150573 -0.00115788933494178 0.0841927245300108    8.20183736282304 0.00797861963892962    5.34644260261066 1745833655.99374
 -0.0257569717297121    0.135985999757964 -0.00530981481015159 0.138505623915335     8.17089798925006 -0.00477010492476397      5.3890313721454 1745833656.02423
 -0.0175309069507212    0.215908250771428 -0.00415453130052361 0.216658638369255    8.04371794364897 -0.0427705835451628    5.49146216506721 1745833656.08327
 -0.0158582261579164    0.227167016195233 -0.00478681728836178 0.227770169696721   8.02452894153226 -0.043735927734375   5.51854711922654 1745833656.0936
-0.0083030586788491   0.251929421238289 -0.0102996218622042 0.252276547224247    7.99492903939814 -0.0416999875671282    5.62811878338342 1745833656.1242
0.00425557560578385   0.289556108733473 -0.0170534351782003 0.290089071976151    7.89898390577083 -0.0342640263453247    5.80683273724091 1745833656.18303
0.00597470790158748   0.296032495153259 -0.0187657900423764 0.29668685545047     7.8667098847103 -0.0317743915102695    5.82896413142096 1745833656.19342
0.00769566122736187   0.315311750882725 -0.0217313944950466 0.316153407309103    7.78506363321553 -0.0212547860314612    5.87326637321619 1745833656.22419
0.00915189089293121   0.370264938023092 -0.0246672186312285 0.371198535976587  7.65802982857525 0.027836005340395  6.03574375592811 1745833656.28275
0.00947519990646325   0.380629398676008 -0.0255060162751856 0.381600675334775   7.62630502736624 0.0300942358637671   6.06683889193649 1745833656.29324
0.00863980431222141   0.418355185130675 -0.0289256210241217 0.419442962386909   7.55612787920744 0.0465036853552086   6.15799480592872 1745833656.32419
 0.0101112079576517     0.4896206330124 -0.0381188584406359 0.49120631934722  7.41363113144625 0.116415172406832  6.36188709882078 1745833656.38241
0.00984530710443208   0.500405839211342 -0.0370963691604863 0.501875556880068  7.36795991699114 0.126900213394378  6.39138445617741 1745833656.39307
0.00989446348458413   0.531813432653138 -0.0363667533113659 0.533147229482037  7.22733209623007 0.140229286364782  6.49863545715153 1745833656.42417
 0.0140397067703197   0.591432422401907 -0.0393082576895696 0.592903502061654  7.00700117403125 0.148143785624519  6.72579495186827 1745833656.48155
 0.0158824100454779   0.601346867690249 -0.0393719784998015 0.602843643842013  6.95791397244335 0.151138144084215  6.76800188804924 1745833656.49199
0.0230461590855027   0.62724453112879 -0.040399687049951 0.628966582572798 6.81688850618487 0.15659986362421 6.90781963132443 1745833656.52415
 0.0309894803888875   0.656910389406966 -0.0363111128454184 0.658642622764165 6.56890125587991 0.15571595624824 7.18607958103855 1745833656.5803
 0.0306945763951504   0.662562755955299 -0.0375569830718762 0.664335825901795  6.51958603463378 0.159906259780992   7.2248327347899 1745833656.59013
 0.0368089079276703   0.682304195131436 -0.0362247102974931 0.684255902446535 6.35231749043041 0.16203802734375 7.36726706509162 1745833656.62412
 0.0429701089505362   0.719080344989248 -0.0383228976104556 0.721381741725099  6.08980824425783 0.179663952053652  7.62313782935602 1745833656.67917
 0.0421153830088642   0.726926294524803 -0.0370474642196189 0.729087140033787  6.03770950452986 0.183208350886918  7.67334883845361 1745833656.68905
 0.0403613197009227   0.758033086578731 -0.0286811763231936 0.759648475514406  5.81778121933757 0.196064717686755  7.81848828260019 1745833656.7241
  0.040646303271974   0.807142561875135 -0.0209115081330452 0.808435852948416  5.43755314857133 0.235224132417013  8.03600672872657 1745833656.77813
 0.0404469995420155   0.814557666386731 -0.0203337158956291 0.81581469197574  5.36456607137728 0.252442616647565  8.07630167759412 1745833656.78873
 0.0382507078679537   0.834603457633615 -0.0208031454207268 0.83573848721103 5.12151923560463 0.30029530862616 8.23434692499391 1745833656.82405
 0.0383160257352338   0.856045398552163 -0.0154103692030655 0.857041026841451  4.73356485461083 0.315405736548471  8.46653000509142 1745833656.87651
 0.0370550531143925   0.859445148460598 -0.0143409805592683 0.860363123278289  4.63789420720531 0.320563604931469  8.51316961607913 1745833656.8885
 0.0394000444575308   0.869439353337786 -0.0175111308700137 0.870507778448894  4.38067141714369 0.327660966796875  8.69725580589771 1745833656.92397
 0.0371001102722672   0.877361690889959 -0.0194252848085642 0.878360573177893 4.06788812192873 0.34286530871906 8.85907080509235 1745833656.96477
0.0344903914592378  0.878309045540228 -0.016773468963784 0.879146015086161  3.87702448837233 0.366889254096519    8.927404992355 1745833656.98781
 0.0270757174421754   0.869487942074704 -0.0102978025746762 0.86997035617668  3.56399455790518 0.385019560546875  9.00561400861479 1745833657.02389
 0.0246132849046678   0.862066380145117 -0.0100542607693611 0.862476287053691  3.26173004764697 0.387897678383135  9.05498495698333 1745833657.06007
  0.0265318009338387    0.864488955746319 -0.00596188830775569 0.864916548101808 3.07581183722622  0.3962382679046 9.14096588970285 1745833657.08521
   0.0269861750151379     0.869379012590737 -0.000793523463311766 0.869798109249888  2.83007830102851 0.419717277340304  9.29585648196526 1745833657.12377
0.0200885244962191   0.87595451093333 0.0105786564459611 0.876248687310336  2.65041406191816 0.437146454437607  9.39574125053225 1745833657.15234
0.0171701068159711  0.888314191835984 0.0247382692775771 0.888824447206612 2.40893267964741  0.4445291015625 9.41599963219615 1745833657.18091
0.0137607806002172  0.920315509622598 0.0382148968183196 0.921211362648912 2.04860498651909 0.43482442832502 9.47751965735934 1745833657.22362
0.0091744762969769  0.947130325878245 0.0442042249240754 0.948205694306195  1.84160885624559 0.425678183726001  9.47488253272842 1745833657.24764
0.0100797285211488  0.992052558550516 0.0436959836878756 0.993065566236256  1.57809444748048 0.424841204946529  9.50765283383196 1745833657.2777
-0.00283440648168079     1.07008515952663   0.0484716195474421 1.07118615581083  1.11132347186304 0.420428163866224  9.52455398116054 1745833657.32346
-0.0128652262522761    1.11550460331375  0.0466719314383923 1.11655465752684 0.862790608584725 0.431334508736885  9.47813944210698 1745833657.3466
-0.0148924242448093    1.18012627669838  0.0404268310625465 1.18091241924354 0.537200669313409 0.437180083019687  9.49747146378882 1745833657.3765
-0.0127297195262722    1.25716854785273  0.0230105118523722 1.25744355226192 0.0107824289472375   0.41584826620866   9.64125698586405 1745833657.42333
-0.012903989808662   1.28563257206644 0.0162517781643372 1.28580004028801 -0.258043722370427  0.441853533012576   9.67489085127668 1745833657.44537
-0.0135966821797979    1.31868279168715  0.0115447090357617 1.31880341793796 -0.647263073736231  0.459487731319793   9.71537315267847 1745833657.47523
 -0.0138106798691648      1.3321145868415 -0.00614611330000654 1.33220035357414 -1.29295787342602 0.423503942044952  9.66555418217763 1745833657.52325
-0.0112097461923541    1.33001349160449 -0.0110958213382839 1.33010701205235 -1.57426303687259 0.414367839303955  9.59724890122295 1745833657.54407
-0.0175614377753774    1.31666398186089 -0.0138340903904416 1.31685376078115 -1.96838941777988 0.407135775069039  9.52445003127361 1745833657.57288
-0.0258716321939919    1.23608399732101 -0.0143953634880061 1.23643852102537 -2.62369761854999 0.401345987377701  9.43561694376356 1745833657.62318
-0.0280921455116901    1.19501246333766 -0.0112882981106952 1.19539591008419 -2.85768235858738 0.394841380400884  9.42092469612848 1745833657.64151
 -0.0312235208369912     1.15307427264044 -0.00952033325806066 1.15353622536273 -3.08007166290831 0.394236296673275  9.39097678669657 1745833657.65855
 -0.0346689819257004    0.988556847701735 -0.00286521922311067 0.9891687363271 -3.77387862758009 0.349442322852498  9.06740261799496 1745833657.7231
 -0.0332743920723663    0.951728999939899 -0.00335558297349984 0.952316404579632 -3.92714868744915 0.350311963536017  8.99900671681382 1745833657.74042
 -0.0293268172948376    0.925045163113918 -0.00280496352851347 0.925514172681055 -4.07296321663603 0.362807601703878  8.96193157744204 1745833657.75574
 -0.0434100438856054    0.822784546438554 -0.00578759135756297 0.82394923264845 -4.68219352589075 0.375266544885414  8.70669512572378 1745833657.82301
 -0.0364565704715972    0.798704019471544 -0.00878081984437117 0.799583826154388 -4.78766327606439 0.365706574129902  8.57334589963541 1745833657.83995
-0.0289117728150345   0.782267669633518 -0.0100416316598359 0.782866164760973  -4.8896187303074 0.345580723870929  8.52777931883561 1745833657.85421
-0.0363750431883876   0.720383676711624 -0.0206215110150452 0.721596169721027 -5.29160907999165 0.326688220815023   8.2739210794309 1745833657.92295
-0.0345474605574845    0.70497942418217 -0.0176426488546381 0.706045875711914 -5.39166948728268 0.312256332023986  8.24487605194731 1745833657.93966
 -0.036469854847137   0.691901362194797 -0.0160381728726418 0.693047450257686 -5.48370253934399 0.297378045050537  8.20156826577979 1745833657.95326
 -0.0305702396688834    0.657803318881163 -0.00756891677945994 0.658556781443863 -5.66118135571336 0.277736046386614  8.01091844659367 1745833657.9879
 -0.0380220809838427      0.6060167771403 -0.00219775840322229 0.607212354090278  -5.9335346919955 0.226601710666345  7.89800815120814 1745833658.03951
 -0.0414960194763833    0.593384859876391 -0.00401514250435192 0.594847571174531 -5.99788980887007 0.229994996689145  7.84139643765213 1745833658.05261
 -0.0466454388810353    0.555970122865285 -0.00485571546204618 0.557944578304954 -6.10863987483432 0.212471312445238  7.68898641601702 1745833658.08435
-0.0362830773651782   0.458024810598228  0.0129321395794861 0.459641631122262 -6.23781402833044  0.18055197913407   7.5267173775284 1745833658.13941
-0.034763012598793  0.427552114133051 0.0165830837090588 0.429283444835562 -6.28364574031694  0.17916463019916  7.51946635581534 1745833658.15223
-0.0379348963167281   0.342851453808517   0.018555259167389 0.345442431354261  -6.3896405220359 0.177135120196606  7.49423125151852 1745833658.18236
 -0.03424236184366  0.142559776994011 0.0159139237691559 0.147475700815235 -6.61410309753527 0.173339692899348  7.50439418631969 1745833658.23941
-0.0333580888811814  0.0940311779961115  0.0133184670876481 0.100657866531662 -6.64812094397487 0.176843721192989  7.51659277392736 1745833658.25206
 -0.026237083614722 -0.0276353260476869  0.0115557609352286 0.0398199876087378 -6.67189154227305  0.17897770502015  7.52334378403475 1745833658.28187
-0.00503091911753814   -0.270434288283383   0.0168373383517751 0.271004631674957 -6.47535379362575 0.166196108291917  7.46442211287794 1745833658.33943
-0.00231726444747477   -0.322604019684389   0.0173144863009748 0.323076638999033  -6.4430161479181 0.152720076403914  7.47914769727945 1745833658.35214
0.00214786294396077  -0.441347044759749  0.0144918974656733 0.441590129334369 -6.35086167568793 0.126686193893582  7.51379526639949 1745833658.38261
 0.0168577696984972  -0.609137142472682 0.00928697855346067 0.609441129814558  -6.1744092811177 0.114086257327886  7.67113811273796 1745833658.4394
 0.0198460913095683  -0.637134068689207 0.00835160155638922 0.637497794563469 -6.11344657846125 0.107196624294243   7.6890173394417 1745833658.45245
0.0427784512606432 -0.741006810652961 0.0118626387724764 0.742335376716601 -5.70827410752204  0.17040779668054  8.00079046945059 1745833658.52239
0.0432948199285645 -0.753728434596204 0.0107713427511096 0.755047691458065 -5.59236459892136 0.174226728515625  8.02939569711657 1745833658.53949
 0.0440761255991143  -0.761526865916644 0.00970958703600482 0.762863125626783 -5.50365343037049 0.174448132714851  8.06742197089884 1745833658.55309
0.0504506981570421 -0.788727525825181 0.0160134708677665 0.790501621875678 -5.21419171366008 0.218963539300407  8.32780231783662 1745833658.59788
0.0440455681066552 -0.799314262615426 0.0308394054231176 0.801120697159381 -4.95774749645655 0.261330579845946  8.52002709490503 1745833658.63978
0.0374429248787915 -0.796106411650726 0.0306377854039912 0.797575115703427 -4.86894495935681 0.294291907780956  8.53318319157123 1745833658.65421
0.0332932356893407 -0.803252636134547 0.0311019994687752 0.804543703828897  -4.5415014309026 0.314010659444765  8.67150674710321 1745833658.69822
0.0267750548626155  -0.81829107478684 0.0342441778911746 0.819444842779634 -4.20686489063729 0.357866535045239  8.75784797667351 1745833658.74051
0.0301329584807685 -0.818641536560648 0.0352531615677943 0.819954112112201 -4.09057139001338    0.374615537379  8.75002236435975 1745833658.75622
0.0221044046738475 -0.824800342803087 0.0254646164159968 0.82548934389445 -3.60182937654297  0.40416136555163  9.02487672096212 1745833658.82212
0.0251050506195533 -0.826990466595302 0.0219225683548009 0.827661823699388 -3.44765258290269   0.4051654794076  9.09247025032298 1745833658.84211
0.0272853568506081 -0.836338605849915 0.0154079936412343 0.836925421170544  -3.3278258849517 0.396404509090322  9.16709524337228 1745833658.86061
 0.00765567857141396   -0.846126771472063 -0.00607419023553389 0.846183206287588 -2.81631201301096  0.44148927250599  9.25354703608776 1745833658.92209
0.00779943707757824  -0.847920695525997  -0.014438817108806 0.848079487170583 -2.62014390954619 0.461019697265625  9.25190657319532 1745833658.9437
 0.0165911640533433  -0.854682701734418 -0.0264606474259645 0.855253151546892 -2.40262866003695 0.440371772759543  9.44950975262745 1745833658.97292
0.00361539975796778  -0.853415836327691 -0.0373379413580715 0.854239885907443 -1.96384281964209 0.455614115109065  9.56376640503392 1745833659.02209
0.00552725645578118  -0.848710127257065 -0.0405829100947493 0.849697830563542 -1.75968042114843 0.453157557569061  9.56964529165838 1745833659.04398
  0.010089309881769  -0.849158641605301 -0.0424589290751256 0.850279338479454 -1.49345426488124 0.397902645595892  9.71186743804091 1745833659.0738
-0.00360923344798914   -0.848787605203868  -0.0438203652244585 0.849925673057476 -1.08610758433724 0.387363582303609  9.68298763984606 1745833659.12206
0.00407539650020443  -0.844461786245244 -0.0440219442429551 0.845618264265899 -0.890900582818032  0.383942625359165   9.58061697059709 1745833659.14417
 0.0176510758803605  -0.848430423910991 -0.0382276821249762 0.849474602550404 -0.623392856583265  0.325931955900111   9.69186360624813 1745833659.17443
-0.0251895646966898  -0.841645346243358 -0.0309961435299312 0.842592525445389 -0.225446740413049  0.333852574886788   9.80121642573026 1745833659.22201
-0.0281374658832521   -0.84594018861073 -0.0251937655168344 0.846782879795055 -0.0220455598421257   0.370867850327536    9.65057532977832 1745833659.24439
-0.00326778113723197   -0.861311147966449  -0.0131090614034233 0.861417099607224 0.236012072901812 0.339685255863426    9.720145035401 1745833659.27474
0.000212717634826786   -0.890499382084659 -0.00145344478500737 0.890500593623438 0.609599214285934 0.323392354691188  9.79941281570398 1745833659.3219
0.00854646700200478  -0.913342526805912 0.00167500470134488 0.913384047929004 0.810413352904165 0.337341366257108  9.68432022227292 1745833659.34498
 0.0154289676473366  -0.940527288767427 0.00412407739566843 0.940662873708342  1.05576276997958 0.315482145842429  9.67240979017876 1745833659.37544
-0.0159546836010746  -0.961735419189451 0.00460746488467284 0.961878785078963  1.42011679058438 0.327015592017878  9.62146917359455 1745833659.42176
  -0.026694943123039   -0.969084044678055 -0.00256024622892853 0.969455032736781  1.65921419732793 0.377988712249968   9.5003785298058 1745833659.44617
-0.0176868450234472  -0.990970177194696 -0.0056665157226244 0.99114420039498  1.97709105409658 0.382726714249612  9.59187125100443 1745833659.47708
-0.0364403869249115  -0.999981319233507 -0.0110389084371686 1.00070594987474  2.37828440336509 0.379283701171875  9.56943987054487 1745833659.52162
-0.0291237361320073   -1.00665318064869 -0.0177894474903352 1.00723149402628  2.65136385037688 0.362410434498717  9.40076443522613 1745833659.55025
-0.0167476850080474   -1.02606450295758 -0.0227905405751514 1.02645421618425  2.91207738054869 0.323722409684907  9.19132225086236 1745833659.57966
 -0.0730816915082967     -1.0128987726617 -0.00854043075260709 1.01556772115439  3.25354271065708 0.339476510275885   9.1053915990112 1745833659.62149
-0.0727430651252352  -0.975920008323343 -0.0181248636863924 0.978795140391134  3.64608052374651 0.369772517289787  8.84330428590797 1745833659.65878
-0.0644439991405965  -0.956075075158359 -0.0233748930920857 0.958529584306797  3.92736124247374 0.347190280432903  8.87269839424026 1745833659.68352
-0.0540241189835292   -0.89509518932977 -0.0314348136492048 0.897274846912809  4.30713059013265 0.331856244744542  8.80286704484197 1745833659.72137
-0.0409400986470469  -0.826021571979648 -0.0290183449748712 0.827544435905431  4.69075500678516 0.259076400650185  8.68419668468102 1745833659.76266
-0.0381697634667222  -0.794606016293836 -0.0218352503486717 0.795821858289439  4.84956166445687 0.224469242241005  8.58227948727849 1745833659.78475
-0.0404656784331172  -0.744987216439168 -0.0128005111139638 0.746195200248306  5.03066406003711 0.174846991901118  8.36211552422219 1745833659.82126
 -0.0233367579558887   -0.712177997671388 -0.00306163459989144 0.712566823705358  5.22717450034756 0.134264975463937  8.00407367634897 1745833659.87387
 -0.0172655470729322   -0.710650210562948 -0.00267822077935623 0.710864961687825  5.30173398017706 0.120532979397821  7.98080549257069 1745833659.8853
-0.0220875849095778  -0.712407165422663 0.00494509450837241 0.712766641133259  5.54667193123354 0.138974827813193  7.98891754960764 1745833659.92115
-0.0219042818613707  -0.740934811394765  0.0215227075081467 0.741570913155944   5.8574529304272 0.167393455090139  7.77659664911029 1745833659.97531
-0.0167770538784335  -0.749494932311865   0.021132290873412 0.749980464289281 5.93340058792331 0.17028429101814 7.74968133788434 1745833659.98563
-0.0227065903315623  -0.788931557375628  0.0290042186586964 0.789791007905016  6.19067197682206 0.194597624265325  7.74395523930286 1745833660.02103
-0.0302248420951622  -0.820986946037504  0.0239930680024936 0.82189340790387  6.54296045133937 0.165622939453125  7.45887900780733 1745833660.07692
-0.0296490308945343  -0.826578990015634  0.0203458916525047 0.827360772018704  6.57674942960745 0.166142620510928  7.37647534608562 1745833660.08725
-0.026821059535499 -0.844511985916626 0.0147527035274627 0.845066568888404  6.71950496789804 0.149577739849189  7.05123145613515 1745833660.12095
-0.0433973423920437   -0.79891771238602  0.0171081156032427 0.800278406625031 6.87763390725234  0.1374966231557 6.52235755298066 1745833660.17852
-0.0431526843486922  -0.784254078079235  0.0148238201795482 0.785580268842799  6.93563984161541 0.129481968923506  6.45443201988622 1745833660.18941
 -0.033475498693234  -0.726278895512082 -0.0013416838326598 0.727051197093105  7.12483034524533 0.108404552408039  6.20924408311252 1745833660.22089
  -0.034660874913613   -0.603952525377863 -0.00149139687824729 0.604948141103619  7.58316296955816 0.152178890830776  6.09512985965817 1745833660.27917
  -0.0356186642941949    -0.581943602867524 -0.000813379418089103 0.583033196096599  7.64385613072191 0.157639003515094  6.04589865645089 1745833660.28977
 -0.0283723860235079   -0.524483741304607 -0.00414590236143624 0.525266956592488  7.81755463107507 0.141584669128248  5.89951562566985 1745833660.32088
-0.0122322752747499  -0.425300141515762 0.00222602272766799 0.425481837578185  7.96384471298785 0.108586119427838  5.66638797655803 1745833660.37965
-0.013584235935207 -0.408508171286856 0.0067224426179483 0.408789247300888  7.97716223792488 0.099625769924641  5.63462570665169 1745833660.39004
-0.0114551509341873  -0.352535832151391 0.00800960984206933 0.352812821880697   7.99448672334748 0.0690735972871665   5.50847086916088 1745833660.42087
0.00127995167858836  -0.242656217106042  0.0105532001232319 0.242888962304497    8.12560334313225 0.00715026844327793    5.36156277264611 1745833660.48003
0.0016635870720094 -0.223280915379521 0.0127372931823012 0.223650113642436    8.13788382311401 0.00130063001098589    5.35196266468709 1745833660.49031
-8.96800115305992e-06    -0.162307837460049    0.0115043377918285 0.162715039161754     8.13488488340622 -0.00420013270311606     5.31085208271563 1745833660.52086
0.00353292767259759 -0.0512697387687223 0.00894822126266624 0.0521645315815111     8.28033809176502 0.000730110774639467     5.36489063912981 1745833660.58018
0.00449606585250775 -0.0320384622263941 0.00894090285560803 0.0335651219848161    8.27541111328125 0.00133545091538852    5.34914314580041 1745833660.59046
0.00169096125771369  0.0236783643667424  0.0170181250897582 0.0292085752927109    8.25987230046125 0.00125589871060409    5.34940584960937 1745833660.62084
0.00513716745405373   0.109278324663874  0.0145211787132784 0.110358540050225    8.07731580865676 -0.0157862288077346    5.29856948305191 1745833660.68009
0.00790507205462669   0.125907116987136  0.0121878373903296 0.126742398795566    8.05292691900434 -0.0170254564188117    5.30649097384327 1745833660.69036
  0.0106294014652299    0.183242447529794 0.000377360840362805 0.183550868026883     8.02624090950232 -0.00120510756925694      5.3469616169943 1745833660.7208
 0.00655611934082838    0.304995890395787 -0.00397102633895157 0.305092190836335   8.05041342065306 0.0250305378937822   5.48759901051259 1745833660.7799
 0.00559546507627582    0.325990552548019 -0.00401170235777537 0.326063250514053   8.04221425152537 0.0287046646816438   5.52134810799031 1745833660.79018
 0.00702090485853206    0.382929919552935 -0.00716819875342618 0.383061352092871   8.00034637898644 0.0382804133923662   5.61759301938233 1745833660.82078
0.00842833722040059   0.493936747699342 -0.0030116946150595 0.49401783156133   7.78166912733114 0.0644557009359764   5.78295187583957 1745833660.87949
 0.00973168702525244    0.512863989071431 -0.00666665357424167 0.512999630885342  7.72541990265667 0.060278626587534  5.80372955704463 1745833660.88988
 0.0169474687584585   0.570379540626215 -0.0148967718592763 0.570825674680212   7.64521515455196 0.0572937212255975   5.95447583347419 1745833660.92076
  0.0131072784703138    0.679213773987451 -0.00999761454627498 0.67941379425192   7.40864028899642 0.0720948620323452   6.24594926511524 1745833660.97908
  0.0109261341083101    0.696803350104594 -0.00881865002765489 0.696944802485713 7.36053128644315  0.0716982421875 6.31664182077951 1745833660.98968
  0.019178283808242   0.740323139618584 -0.0163020698309564 0.740750912996616   7.20345914400361 0.0949557345012875   6.50261782672201 1745833661.02073
 0.0251720896664056   0.796502158036358 -0.0220793445584758 0.79720563176064  6.92337688319821 0.112398699888744  6.82296530956493 1745833661.07794
 0.0266029163448515   0.805176443817754 -0.0218220497862268 0.805911299519946  6.86273809871433 0.116190178423647  6.87935377274711 1745833661.08811
  0.028956756758524   0.825620347571812 -0.0182281287500161 0.826329060825225   6.6605319329451 0.133049537782147  7.07895459411377 1745833661.12071
 0.0320294675574381   0.848264496841229 -0.0108804064456762 0.848938706054647  6.3243310183603 0.14483044921875 7.38222194062408 1745833661.17636
 0.0357456944685567   0.849725130503966 -0.0108965671342451 0.850546463903256  6.25934992863431 0.145685946018816  7.43907581074944 1745833661.18597
  0.0436535399746869    0.854757863032103 -0.00738004016044277 0.855903675047781  6.01998614282679 0.178775070262767  7.61929821352765 1745833661.22067
 0.0464781288952074    0.85098447559027 0.00744996313969649 0.852285337262134 5.64273904575434 0.21970195786078 7.88499354331255 1745833661.27525
 0.0490278794388442    0.84912779076701 0.00862313312571088 0.850585737265819   5.5844029709265 0.217888484475723  7.95823298231892 1745833661.28552
0.0462347394773376   0.84271039352728 0.0175863416936176 0.844160966823038  5.34042561186904 0.233487121430284  8.16565187897233 1745833661.32059
0.0442437103121414  0.822662577778272 0.0132347398020706 0.823957754448979  4.96786012564791 0.257147188322339  8.42073372724086 1745833661.37365
0.0417675891425663  0.817608901154574 0.0143917827238291 0.818801545040031 4.88562232639106 0.26643708171609 8.44623318812487 1745833661.38508
0.0345889518491404  0.807047757835758 0.0163962224140051 0.807955020485173   4.6146696554329 0.274186211594782  8.56413478750388 1745833661.42049
0.0277085405957581  0.791469014062119 0.0112601826270463 0.79203393560832  4.32322882244905 0.257258482770702  8.76992718723387 1745833661.46255
 0.0219719609354931   0.786810964164995 0.00860067502596692 0.787164679091042  4.16759158503477 0.279977678432728  8.83068019522449 1745833661.48464
  0.0183393756833871    0.779257762340827 0.000720004011011152 0.779473868243615  3.91483988798833 0.279904156238405  8.92594234342799 1745833661.52038
 0.00947147022374072    0.782797296009176 -0.00361195199201896 0.782862926433913  3.63193316806975 0.259980992019443  9.07149806576014 1745833661.55901
 0.00405552517734361    0.789574620965532 -0.00767428507847919 0.78962232998364  3.46548268084881 0.279744034779623  9.08749911749651 1745833661.5831
0.00922106066869864   0.801192906290162 -0.0142077142521478 0.801371923761872  3.23242070320579 0.263504595423874  9.19850560563359 1745833661.62028
  0.0144250412837553    0.828363744155049 -0.00870795197773796 0.828535094533874   3.0052187014834 0.235617692398389  9.27275302984854 1745833661.65275
   0.0156468914391553     0.857510848901785 -0.000278499485255794 0.857653635658319  2.80425001411863 0.227395565747571  9.28326412241111 1745833661.67961
0.0231875822540685  0.890912622549007 0.0118760945838921 0.891293445847384  2.46930746116241 0.218032195493549  9.35625131926462 1745833661.72016
 0.025439395510871  0.906401467383138 0.0170033819559341 0.906917801080232  2.25056293394215 0.234895297667165  9.41411935129955 1745833661.74551
0.0252467671339512  0.929649556848211 0.0160003655474749 0.930129942264221 2.00463519290689  0.2491138954534 9.49283815441143 1745833661.77552
0.0311591752382337  0.955225000843453 0.0199752320500468 0.95594179024319  1.59953350908851 0.235887644152108  9.58463939190003 1745833661.82001
0.0301275693791719  0.963691723495358 0.0251887760916607 0.964491515157674   1.3934167467365 0.242862167029277  9.68597969392613 1745833661.84364
0.0261446239838365  0.965426117943131  0.028625203869676 0.966204187978183  1.12849084534914 0.278975084318153   9.7486729834131 1745833661.87381
0.0268593386989765    0.9469624735585 0.0276607328444965 0.947747047763734 0.642650406479385 0.275398071376723    9.696569043779 1745833661.91985
0.0287406188559001  0.940759443547692 0.0207250430453492 0.941426513969951 0.407805560378957 0.279022573674904  9.67153065964314 1745833661.9427
0.0353847228979307  0.932765186740732 0.0128100886648979 0.933524006430278 0.131658745539426 0.304035709663589  9.67052285343795 1745833661.97277
  0.018978995317028   0.907814832236225 0.00930589745478866 0.908060885413951 -0.301918352519295  0.346024728864033   9.72762103400304 1745833662.0197
 0.0185366298022069   0.887199999600968 0.00396699569102466 0.887402492103327 -0.500741955932242  0.360524584231362   9.67901831649593 1745833662.04167
 0.0258303996202066   0.856614208793297 0.00114798796068656 0.857004334952551 -0.768534454600216  0.366845851899034   9.72719390099454 1745833662.07163
  0.0191343962240095     0.81826537483966 0.000611058416714612 0.818489292643914 -1.15807565573926 0.406056207373092  9.76780628932933 1745833662.11956
  0.0145140812680158    0.806194136703064 0.000448274338010663 0.806324900743699 -1.32914212649366 0.418787495843271  9.71216246699971 1745833662.14097
 0.0134915919878662   0.800249731044965 -0.0011339187898037 0.800364255113712   -1.583414199612 0.415132822265625  9.67293982078915 1745833662.17048
 0.0215868969097728   0.807133772929231 0.00276210625828114 0.807427117919723 -1.95638153915428 0.421670998355469  9.58416003608203 1745833662.2194
 0.0180849953210285   0.814096130531297 0.00495002805191243 0.814312028389306 -2.12809099149837 0.400174277979378  9.60527928212773 1745833662.23993
0.00387136494975699    0.83559611326167 0.00391788121742005 0.835614266128708 -2.33611321117583 0.393099976202357  9.55147045479272 1745833662.26827
-0.00486617305047658    0.858546020627066  0.00619829838063297 0.85858218481258 -2.70236331278554 0.419530820441721  9.29143438523082 1745833662.31924
-0.00298037841548735    0.874147611088434   0.0104561255109204 0.874215224751786 -2.86351174038162 0.395305317242066  9.23348404123649 1745833662.33783
-0.00406203593094199    0.890580791267599   0.0134139315360799 0.890691068479965 -3.01770444873078 0.372918809081996  9.19016719513801 1745833662.35491
-0.0146424219744067   0.929713830062932  0.0088033236603487 0.929870800078716 -3.54839627992901 0.372894672058424  9.05040680293512 1745833662.41909
 -0.017476843694832   0.928747545082277 0.00691608515431571 0.92893771308724 -3.69633425127321 0.388741277613508  9.00894440504147 1745833662.43656
-0.0193545389371062   0.929331253762255 0.00712335493797475 0.929560067764513  -3.8282632049795 0.408631159406907  8.92948585336238 1745833662.45193
-0.0178759730817491   0.928670212263498 0.00736123554969872 0.928871412708976  -4.2367721407897 0.389830059088283  8.76933229165503 1745833662.4947
 -0.0215716048296418    0.890720119108793 -0.00244924721380723 0.890984659537987 -4.59466953308354 0.397414691390604  8.76747907423328 1745833662.53592
 -0.0178789217788147    0.864220692887698 -0.00303405689307724 0.864410936627074 -4.70937569481853  0.40303147250342  8.73523339537181 1745833662.55012
 -0.0103491038081202    0.782992938630763 0.000864619696554972 0.783061806923622 -5.04889390606839 0.369049021974158  8.58169024988293 1745833662.59411
-0.0263715121995507   0.700443768071386 0.00304892228836154 0.700946663315301 -5.31658987373629 0.334601096124875  8.37425178035984 1745833662.6356
-0.0281721984463669   0.670216861126341 0.00124292152939221 0.670809852758048 -5.39457117803361 0.334237844176639  8.24553537560112 1745833662.64914
  -0.019787033555161    0.583366021568678 -0.00340117729711914 0.583711409709273 -5.53850202739222 0.326711417657083  8.11207033624456 1745833662.6848
-0.0143378337585239   0.434784582291512 0.00117617582837198 0.435022516503308  -5.7193490354851 0.320426475184234  7.97929737304687 1745833662.73545
-0.0140390863256392   0.393731430977362  0.0017576863194523 0.393985564641063 -5.79809464236611 0.319157706382645   7.9823796419149 1745833662.7486
-0.0216991150244562   0.284649686349019 -0.0054889691101617 0.285528324887973  -5.9757666199105 0.310872880568802  7.94989328169634 1745833662.78138
-0.00479850921509871    0.115395465300852  -0.0139747706702118 0.116337583428455  -6.0648930580886 0.293368307650925    7.833137455886 1745833662.83543
-0.0031881244099128  0.0749317983820125 -0.0126917750524045 0.0760658905160289 -6.06303088330117 0.298902318602171  7.81753181030561 1745833662.84841
 0.00307070226397413  -0.0200413453431692 -0.00665044335975303 0.0213380676828861 -6.06439301827732 0.289560487051903   7.8127075509257 1745833662.88054
  0.0063271610140239   -0.186796118943377 -0.00172433632705897 0.186911199114912 -6.05541958403229  0.26885758756862  7.88783372909831 1745833662.93537
0.00791350289003524  -0.225436988197094 0.00304199246928872 0.225596349468582  -6.0491455647592 0.277393683562178  7.90879755459278 1745833662.94842
0.00828531682739088  -0.320284275131243  0.0100256881233765 0.320548245656754  -6.0115113808563 0.280553223366617  7.98164143359529 1745833662.98149
0.00490695574051205  -0.468509931630294  0.0136635383617159 0.468734814720887  -5.7397164440161 0.261000866736413  8.02647530530064 1745833663.03536
0.00306592491756549   -0.50438791744976  0.0159490452656003 0.50464932696853 -5.67532785667966 0.253567706222954  8.05432724244412 1745833663.04868
0.00685085570837574   -0.61379848774831  0.0273922642628244 0.614447600636127 -5.47353068136556 0.285222062195318  8.14681517141567 1745833663.09362
0.0145728075797296  -0.70665344979418 0.0315025498686192 0.707505389007742 -5.24920850060741 0.274281614377045  8.33004446270902 1745833663.1355
0.0151633927431747 -0.739411439820818 0.0296359027161258 0.740160450542434 -5.16129120423197 0.284799510434921  8.37992063043427 1745833663.14948
0.0282254426197378 -0.830668112814969 0.0432740952360103 0.832273294403441 -4.89788487454724 0.316486123180287  8.57088069242549 1745833663.19353
0.0356426119812162 -0.901649312395066 0.0481889522655587 0.90363933814979 -4.64522251183875 0.308767609030503  8.79879116994646 1745833663.23613
0.0291490270334853  -0.92037999257224 0.0426086091503611 0.921826713692982 -4.51833218106797 0.335520679761678  8.82094309645678 1745833663.25128
0.0232762374600298 -0.980009824485555 0.0219832223676972 0.980532662069026 -3.82604497490595    0.384302578125  8.86053471899084 1745833663.31788
0.0302167846089945 -0.982928680279708 0.0247435228347521 0.983704267811616 -3.63628745635259 0.390153823412969  8.90886926254199 1745833663.3377
0.0350935866837774 -0.985588366936035   0.02400224934607 0.986504990782938  -3.4768977493891 0.406284808234445  8.98523364267312 1745833663.35541
  0.030814752944162  -0.971277475277832 0.00768806471321607 0.97179657815827 -2.92168972796158 0.466445091610797  9.27136569800784 1745833663.41783
 0.0249906114578554  -0.947492298037837 0.00173267192031424 0.947823394759827 -2.72144875818214 0.477118989423006  9.30216551445586 1745833663.4395
  0.0239046870939337   -0.913908040424927 -0.00762816120848765 0.914252442852526 -2.42733604899758 0.509251692655015  9.30074881476354 1745833663.46867
 0.0267804439088835  -0.862353680005336 -0.0168421347466144 0.862933786044749 -1.97302593145874  0.53322050920739  9.48723658714491 1745833663.51783
 0.0217839224474248  -0.833821835759116 -0.0219809365560184 0.834395921992538 -1.78051263832528 0.549670181373382  9.53182955015819 1745833663.53973
0.0233168258560725 -0.802204732438215 -0.023667568419436 0.802892434208443 -1.52961574846206 0.562859167298337  9.57813007083553 1745833663.56961
0.00672644278838616  -0.776814774441333 -0.0278034017804272 0.777341281531792 -1.12949232575543  0.54453101246921  9.67134161478217 1745833663.61782
0.00193114513869612  -0.778005366122026 -0.0276478180085114 0.778498863760793 -0.944798983809919  0.558482126622878   9.68710232193538 1745833663.63993
0.00317391809032921  -0.798953816781487 -0.0230024200790293 0.799291177503694 -0.723822242382659  0.565688224753823   9.75941486162931 1745833663.67015
-0.0159370104671115  -0.855746857551786 -0.0234190054477999 0.856215581689886 -0.360866468417937  0.556692790261393   9.85600487091927 1745833663.71781
-0.0156116148845616  -0.889315074345543 -0.0210422920390003 0.889700962139402 -0.16009336807801 0.553461712352426  9.81021714837324 1745833663.74014
-0.00618781793408579   -0.947873765719849  -0.0106912479098853 0.947954253966183 0.107942051480441 0.522574936500038  9.83173658091366 1745833663.77046
-0.0271057834851236   -1.04260914312389  -0.011202401117493 1.04302159259273 0.525222214133523 0.486504633431784  9.85673465690393 1745833663.81777
 -0.025543141666535   -1.08560950098231 -0.0116203008279788 1.08597213228544 0.733491547701037 0.505008328696507   9.6885204746355 1745833663.84092
-0.0162973229911926   -1.13319610454142 -0.0119907469325159 1.13337672117285  1.02765346592494 0.459999094736527  9.65737461204061 1745833663.8713
-0.0368390096235731   -1.19356420353547 -0.0198793536791806 1.19429804039612 1.49931438206386 0.41757737967068 9.59130023603601 1745833663.91773
-0.0405465466406261   -1.22414998672377 -0.0226901324874751 1.22503145043407  1.79390251539827 0.435208620679684  9.52080638346098 1745833663.9425
-0.0389228012661778   -1.26580545299381 -0.0241178047458043 1.26663337149825 2.21104780473975 0.42232314244136 9.47669908402894 1745833663.97355
 -0.0739506403867013     -1.2983054053594 -0.00819562157711576 1.30043561586573  2.76824731864827 0.418007897332624  9.23958060552253 1745833664.0177
-0.0737679049817278    -1.3024129975171 -0.0045880888210091 1.30450847849522  3.18737822006275 0.423942169195303  9.15176919067968 1745833664.05102
-0.0624397651734716   -1.29611221096017 -0.0095582624931838 1.29765054928392  3.54089176818581 0.405804084879703  9.10764925862694 1745833664.07801
-0.0624795535354268   -1.25592594633697 -0.0103690932312511 1.25752184688253  4.09279987216189 0.363697525895915  8.96408106291923 1745833664.11767
 -0.068500099580546   -1.19813953752731 0.00299386089470599 1.20009982011155   4.5045540410479 0.321491769215392  8.55254679394203 1745833664.15838
-0.0517491534811702    -1.1616553925475 0.00602480527421396 1.1628230837919  4.74213214865473 0.275838589151125  8.35957698285424 1745833664.18071
-0.0533258797093861   -1.08082368183171  0.0175856369016833 1.08228126440417  5.05736494150124 0.258283075489448  8.11082131365153 1745833664.21764
 -0.02854834780654 -0.932985249450419 0.0165123378376007 0.933567962794037  5.49120564936202 0.218834973752045  7.71277247837746 1745833664.27068
-0.0271958406555812  -0.901610484074016  0.0172296674489477 0.902185091974782  5.58245973539843 0.232974910541958  7.65804543558836 1745833664.28173
-0.0225950198635213  -0.810745366810753  0.0235801361227229 0.811402863901343  5.88045766776186 0.243886691371186  7.53513017299007 1745833664.3176
-0.0172406511706189   -0.67397016444277  0.0310213135988537 0.674903952062218  6.33919092073006 0.234972527463608  7.36711824645333 1745833664.37241
-0.0144317120441711  -0.658422339541892  0.0330303216300481 0.659408260235894  6.42157216317779 0.238194678643114   7.3748407806954 1745833664.38246
-0.0107950504279046  -0.613475609229311  0.0383178954925652 0.614765904509996  6.58294009751585 0.264599710626391  7.24983658862292 1745833664.41756
-0.0101213455324471  -0.519733653200237  0.0504609804999105 0.522275619244536  6.83250088688373 0.225240362023824  6.91131720911835 1745833664.4737
-0.00702268398195538   -0.499933495276353   0.0566108006245228 0.503177504005188    6.880411613703 0.225290345491901  6.90338631651186 1745833664.48403
-0.00591158902176424   -0.434432018698177   0.0638760130352823 0.439142654266492  6.99899681051307 0.241443689539179  6.90095919520032 1745833664.5175
0.0132091723355813 -0.297355804869708 0.0369314364188043 0.299931472038963  7.18879364574788 0.133568134533027  6.67181996881859 1745833664.57458
0.0178661859980778 -0.268628218950063 0.0345664061266154 0.27143168026395  7.21850136444452 0.125084381008433  6.68277992112971 1745833664.58513
0.0151907615283419 -0.168436113809589 0.0330818323962293 0.17232495845286  7.21631812621747 0.124596785781541  6.65854195625145 1745833664.61746
0.00394332230140482  0.0118944382226143   0.020808898046785 0.0242906914130874   7.13034531324739 0.0549536949105874   6.53723823314342 1745833664.67484
0.00225254168979026  0.0433271641638192  0.0180872049389846 0.0470049367731477   7.11332158334372 0.0500603236423539   6.53398925643577 1745833664.68545
-0.00386558565589582    0.134757638848966   0.0101177034725055 0.135192203562812   7.07223794184616 0.0407001500054762   6.59306573275226 1745833664.71745
-0.00512554029198103    0.256033194686649  -0.0116402369155039 0.256348908833615 6.99482484906692 0.04748661948582 6.74851684841537 1745833664.77462
-0.00495347962754738    0.272200634019411  -0.0142099464047825 0.272616295730495    6.9838362981436 0.0533824977543463   6.78784582060796 1745833664.78495
-0.00527649148556119    0.314448514102236  -0.0210785057246104 0.315198370533674   6.90628099863696 0.0679302340020049   6.88951316904694 1745833664.81745
0.00414158248608744   0.363853171210904 -0.0416161524299024 0.366248804842814   6.76605450121786 0.0890182291530076   7.05682012078302 1745833664.87395
0.00578441788901561   0.367548433707803 -0.0454443515150508 0.370392359122049   6.73260608829268 0.0942117774170917    7.0820669583623 1745833664.884
0.00324452681308657   0.386246609440721 -0.0444858802006515 0.388813533452631  6.63889908578285 0.117165300500596  7.14554283458005 1745833664.91744
0.00672361981096287   0.414857714206902 -0.0439640293943872 0.417234905036633  6.46684477485977 0.155275763263816  7.33956501647674 1745833664.97314
0.00910691373846518   0.417871861680257 -0.0455167050740563 0.420442147153163   6.4463971602986 0.158759221240825  7.36985410923265 1745833664.98285
 0.0188203409380903   0.432453191527862 -0.0507505204555748 0.435827469788415 6.33849979308135 0.18289251827536 7.45630453441138 1745833665.01739
 0.0149113210506117   0.472035746618885 -0.0431573245464001 0.474239020161274  6.14038289847047 0.240455729711025  7.59168901415663 1745833665.0723
 0.0126642767379089   0.483747697066124 -0.0404040643793158 0.485597268052901  6.08789430820455 0.253288489407779   7.5854803289516 1745833665.08218
 0.0136988960587005   0.539979030093853 -0.0343363048939715 0.541243008756785   5.9100292481754 0.277169065651599  7.59491250339817 1745833665.11731
0.0143547030487132  0.640690235447205 -0.033085249684689 0.641704502901226  5.66006180466179 0.308754138793552   7.7800676454087 1745833665.17158
 0.0172450776293488   0.660001595401699 -0.0320595031228972 0.661004773338073  5.62179875898611 0.312148587222587  7.83552380750829 1745833665.18195
 0.0257582060680187   0.721392748277219 -0.0331742934786357 0.722614362017949  5.42426458887704 0.336796402863708  7.97675139569787 1745833665.21718
 0.0372208316063956   0.789231029183037 -0.0283578901677783 0.790616960142872  5.12070912393033 0.330544093236468  8.25440039837058 1745833665.27021
 0.0365077650338295   0.799306422281368 -0.0238625595846939 0.800495468667962  5.04493873338496 0.331355298940163  8.31973453480183 1745833665.28153
 0.0286630688850115   0.825900054421118 -0.0164583355366897 0.826561158184529  4.78459390821416 0.336478057403379  8.49197031785115 1745833665.31702
  0.034865474107294   0.832064678986036 -0.0194857750049569 0.833022764832034  4.45461380422608 0.349093583887983  8.59244476398634 1745833665.35946
  0.035792885050665   0.840414135689134 -0.0161581665567191 0.841331169298296  4.27404088468558 0.349336270377823  8.67614577363084 1745833665.3811
 0.0330064729948662   0.863393990997207 -0.0173972593515494 0.864199789159076  3.97328457942224 0.340118679540956  8.82336807880729 1745833665.41688
 0.0295446607332814   0.878803790429668 -0.0233643174033852 0.879610641351685  3.6893259331442 0.36398158037233 8.96337067886216 1745833665.45555
 0.0264083632934987   0.890888552952029 -0.0230010981179418 0.891576618102692 3.51791180036048 0.38108679837187 9.04095900438122 1745833665.47946
0.0232112213565131  0.914156511964096 -0.016333339734722 0.914596997125025  3.20377563523082 0.381668463032698   9.1482273388836 1745833665.51674
 0.0160009446197668   0.938427184175604 -0.0104991902029485 0.938622311275092  2.92922765888402 0.387377740912192   9.2534970868081 1745833665.54858
  0.0155647431771063    0.955050395308684 -0.00671116594699968 0.955200794889645  2.69914681507562 0.402136624833479  9.27828849380758 1745833665.57553
   0.028792411538855     0.99183442354201 -0.00662222120489242 0.992274347395326  2.35241235173447 0.405376541610182  9.38448208118104 1745833665.61658
 0.0303168307764883    1.01823012724849 0.00109421424094338 1.01868194230075  2.12997933752028 0.402558356071828   9.4460515086092 1745833665.64116
 0.0255509972393377    1.04919319889312 0.00614984679241521 1.04952229260701  1.84792192629799 0.421112188652513  9.48728113465442 1745833665.67122
0.0224966232901223   1.09120659660425 0.0154746860066487 1.09154816679755  1.42732748705763 0.446265668099787  9.59890150100401 1745833665.71642
 0.018149516165348   1.12419099246798 0.0224814797877504 1.12456223012185  1.15117761235463 0.473506812049752  9.60949615006177 1745833665.73972
0.0102827543144576   1.15805003131249 0.0217662340747172 1.15830021108732   0.8220810225757 0.498957235007275  9.69238299670437 1745833665.76956
0.000617687270583059     1.20362174063491   0.0194752640809206 1.20377944905933 0.250247087684011 0.460206371879973  9.65939019832999 1745833665.81627
-0.00127831732323803     1.24000920720977      0.0195400706517 1.24016381273655 -0.0405298574921433   0.463886413264263    9.57981461969383 1745833665.83857
0.00397029487921436    1.28490377529984  0.0131009810591388 1.28497669656921 -0.394216330636779    0.4712768382544   9.57475972524165 1745833665.86847
-0.00542581213347715     1.33240800886734   0.0150036068874561 1.33250352710631 -0.986051208399876  0.453689272950232   9.55301934400579 1745833665.91612
-0.0124766687443734    1.35991748574336   0.016427499937143 1.36007393109628 -1.27686574374234 0.449409617985318  9.53263771309263 1745833665.93731
-0.0138668955977181    1.39547041390336  0.0156561299280237 1.39562712831095  -1.6817931179082 0.448587130103466  9.45687120293277 1745833665.9666
-0.00715130660512004     1.43534015075433   0.0212211860895995 1.43551483039803 -2.44450890878343 0.439950451782218  9.49425613616945 1745833666.01596
-0.0123255880214648    1.43993471223208  0.0197438812403519 1.44012281297721 -2.72711907835858 0.434668272722802  9.49696295293403 1745833666.03438
-0.016570873665008   1.43900945757106 0.0186391217881971 1.43922556595344 -2.97677749275593 0.433900605970268  9.44928289537545 1745833666.05147
-0.0305730778850513      1.390676289637 0.00853546843814374 1.39103850049931 -3.81822784426255 0.434312371284578  8.91280956326331 1745833666.11583
-0.0330288129943401    1.36619686186424 0.00569082532982817 1.36660790036808  -4.0421133534434 0.410705695556833  8.82048416603406 1745833666.13298
-0.0317870115126705    1.34398237249994   0.004291619046272 1.34436507306815 -4.23237359559891 0.404224306430379  8.73982182303983 1745833666.14786
 -0.0221115135481684     1.26354881208174 -0.00177985488305028 1.26374352122097 -4.78482767152673 0.415875052834679  8.55070407236481 1745833666.19104
-0.0116503059159489    1.15057291653973 -0.0068408667113395 1.15065223389174 -5.26229131439822 0.430507730208492  8.35546553490912 1745833666.23256
-0.00844510211686128     1.11242362556274 -0.00935118137209976 1.11249498293385 -5.43504187998037 0.417081061564091  8.33066276130952 1745833666.24627
-0.0100213907974204    1.00663759141304 -0.0248238081602829 1.00699349062988 -5.80108308283899 0.418457389566923  8.13786206218554 1745833666.28102
-0.0110145493040451   0.841281776466791 -0.0401181436254763 0.842309808300631 -6.17006246300434 0.454033208441926  7.87067312586054 1745833666.33256
 -0.008788591604079   0.792596498292047 -0.0420778385520403 0.793761294687774 -6.22053590240354 0.456956318237139  7.78269307664266 1745833666.34555
-0.00317308050089637    0.665254678976378  -0.0370558420856398 0.666293472707413 -6.32542275227368 0.455802874087884  7.57240249829805 1745833666.37682
-0.00839451386097209    0.442695711747087  -0.0237864344364184 0.443413752070704 -6.61314327477567 0.400701189887727  7.42222866402813 1745833666.43267
-0.00888425282283573    0.394162577197683  -0.0229351257832062 0.394929217969538 -6.66176717200813 0.407436581870597  7.38119464702026 1745833666.44533
-0.0163720118586408   0.279507063424425 -0.0238129460422061 0.280996970936795 -6.74769736911436 0.388370982851029  7.35209160179021 1745833666.47487
-0.0251735487761939  0.0576385548909058  -0.012340190548406 0.0640951704161112 -6.76596889082798 0.343508974077124  7.24963244957512 1745833666.53271
 -0.0255726362565634  0.00963155323497758 -0.00735159704378655 0.0282979243394798 -6.76283791544733  0.33537843819989  7.23641891636557 1745833666.5452
-0.0237605323804118  -0.102026088044078 0.00238850557812992 0.104783541166899 -6.77326095573764 0.289629188679195  7.27991415763259 1745833666.5745
 -0.030899076536992  -0.289403393655214 0.00182847790714395 0.291053982143262 -6.69029000558515 0.237852110688166  7.34684174788063 1745833666.6326
-0.0326835182821443  -0.323123481817449 0.00087231145285405 0.324773394532867 -6.65934929866384 0.235479878882781  7.36548523958925 1745833666.64514
 -0.027816857591843  -0.392087742127173 0.00629312527812695 0.39312361735011 -6.57089773987004 0.215490662638972  7.42652076357744 1745833666.67532
-0.0148782567846782  -0.483079222869725 0.00431432096592837 0.483327540554814 -6.34175141939144 0.167375420699297  7.53733036867277 1745833666.73241
-0.0125139453226955  -0.500207467285342 0.00472722395288465 0.500386306569091 -6.26289258263925 0.174347239818176  7.55841968297271 1745833666.74517
-0.00450319758494553    -0.53775988411269   0.0109746161740169 0.537890708182945 -6.09280851731396 0.185090132732453  7.66925624542138 1745833666.77712
0.0117316541439103 -0.593938186309472 0.0185098286602733 0.594342337901793 -5.84185713111139 0.164767186239919  7.87424788400958 1745833666.83226
0.00955627002733713  -0.605885552501508  0.0158176682393627 0.606167323150484 -5.76911846696731  0.17469160553832  7.91244585203035 1745833666.84546
0.00368923909456447  -0.636073379686219  0.0101765593135479 0.636165479407683 -5.49728113648797 0.226219005507894   8.0475591321446 1745833666.89057
0.0191956978835481 -0.670540250143282 0.0232140100467612 0.671216501690701 -5.28879171497535 0.239413341920368  8.27825514526411 1745833666.9323
0.0214118151642371 -0.681972325808572 0.0273148666793811 0.682854904748507 -5.22684836881233  0.24512752583794  8.35566663118767 1745833666.94611
0.0141536430534482 -0.710633912725678 0.0257752467940839 0.711242045210199 -4.97516753850929 0.295810608620349  8.49296099565859 1745833666.99038
0.00685264245117132  -0.738136688363799  0.0158689580437483 0.738339050332999 -4.69434142318495 0.328789389743083  8.64920605187397 1745833667.03262
0.0091960603939374 -0.751482114123866 0.0175051229949846 0.751742219584555 -4.57194802970326 0.336137951014574  8.67497519636443 1745833667.04728
0.0114722640442891 -0.784596325042525 0.0201558721276481 0.784939020111603 -4.24656515690099 0.363348034786189   8.7448338110266 1745833667.09086
-0.000223377136622139    -0.804879128292696    0.0111154945574659 0.804955908902974 -3.93884473913397 0.404461471490606   8.8224196407911 1745833667.1334
-0.00157859678410642   -0.808129278202512  0.00822647241540696 0.808172690150021 -3.81745898091537 0.421739751265389   8.8775324144137 1745833667.1494
0.00292763331099962  -0.780959754858726 0.00473191590152374 0.780979577693235 -3.36450286150903 0.416913662805074  9.10070275315886 1745833667.21484
0.00423453851896686  -0.759711984779302 0.00127696869434756 0.759724859263419 -3.22242858003719 0.424815614915164  9.14297698924196 1745833667.23501
 0.00766575900091736   -0.726918377997022 -0.00404870964885473 0.726970071035048 -3.03820789297962  0.43534800686255  9.22239610458013 1745833667.26195
-0.000292892479459812    -0.660443042782163   -0.0133903076723797 0.660578836237528 -2.65865687256226  0.40771227727865   9.2787202422526 1745833667.31483
-0.00159789665404754   -0.638188052644604  -0.0159177372649733 0.638388532299622 -2.52032777850646 0.395821254668026  9.32451689401576 1745833667.33617
0.000324665261794783   -0.622175183707246  -0.0179788803235275 0.622434980352458  -2.3511137730286 0.383539954164217  9.46105752351475 1745833667.36516
 -0.010699770177761  -0.633898094621485 -0.0202348735889527 0.63431122452292 -2.03773142834192 0.384330116896229  9.57667913144192 1745833667.41481
-0.00664828707740272   -0.655555825025497   -0.017604430083369 0.655825857529637 -1.91770385633712 0.370117546810878  9.60507334818794 1745833667.43652
0.000366438470224393   -0.696482852639427   -0.013727697285853 0.69661822253705 -1.75364578918278 0.330611598269107   9.6813947192884 1745833667.46618
-0.00496108757075157   -0.767401337166431  -0.0117635602652599 0.767507528318013 -1.41597175251793 0.322710364115809  9.66089430071461 1745833667.51476
-0.0051660791621041  -0.804856696860755 -0.0103294382083105 0.804939555587383 -1.24971762647955 0.310192018211239  9.68959233284304 1745833667.5367
-0.00855180056258859   -0.855721431706546 -0.00813814103276684 0.855802857738996 -1.01075340072087 0.303383463012442  9.71306076769994 1745833667.5669
-0.00539979578688656    -0.92019729887163 -0.00461440232311792 0.920224711336304 -0.654217100656415  0.322480447000338   9.74915035303632 1745833667.61469
-0.000479368996214263    -0.939201582885198  -0.00845474880839394 0.939239759521555 -0.490545772893933  0.295896558304853   9.83113640322413 1745833667.63696
-0.0117593200845958  -0.948700117119215   -0.02062965993368 0.94899724799382 -0.216076583757924   0.27530318142074   9.79158481314345 1745833667.66744
-0.0192667180524076  -0.942386324293826 -0.0255900503318696 0.942930560177432  0.26238423272055 0.307904539495705  9.62153184096595 1745833667.71463
-0.00908913393329044   -0.936675692405801  -0.0240426815449814 0.937028289666549 0.477143451236555 0.274502625409456  9.67172030280143 1745833667.73756
-0.00508389661287988   -0.929915671043854  -0.0251192226519617 0.930268765789947 0.744211326371085 0.260830471657825  9.70950775338518 1745833667.76798
-0.00689185936020683   -0.922343767470467  -0.0250141400794023 0.922708637827222  1.14010359038466 0.272063162078781  9.72864068649529 1745833667.81456
-0.0118728182538192  -0.916156277169389  -0.026181313619446 0.916607194600283  1.33611803400178 0.287207144347826  9.64214820956161 1745833667.83849
-0.00863990717374696    -0.92351875086708  -0.0253819500366339 0.923907882089294  1.65341339705169 0.302051789917315  9.60152530828809 1745833667.86929
-0.0167708745675286  -0.948886098376773 -0.0107023874321332 0.949094637548438  2.07698299795467 0.292956986786057  9.50979196899894 1745833667.91447
-0.00624931769730323   -0.969311848669961 -0.00621752205685147 0.969351933780599 2.32426336851547   0.315472265625 9.46416068661683 1745833667.94099
-0.000876128758357603    -0.996235772977922   0.00302923764012116 0.996240763692793  2.61814657084559 0.309420453978977  9.49839778958246 1745833667.9714
-0.00570964898900288    -1.03774302721871  0.00695077615622725 1.03778201175478  3.04028906168276 0.332894871809146   9.4313787282203 1745833668.01433
-0.0148957356246486   -1.08426589325815  0.0119348094665476 1.08443388452211  3.38430942612617 0.332121239177556  9.29003925843067 1745833668.04956
-0.0171547766389788   -1.12364434060501  0.0119134752242124 1.12383843208315  3.63637969670613 0.314262867409202   9.1385497428737 1745833668.07557
-0.0212782932847076   -1.17048662215876  0.0119174639655918 1.17074067340513  4.02077326730739 0.276627555288483  8.83020352319736 1745833668.11418
-0.0243320538744559   -1.20717688639702  0.0124709313570597 1.20748648357895  4.45437952808722 0.273569948254271  8.59170825997741 1745833668.15511
-0.0370908146381069   -1.20842845972362  0.0143683264863187 1.20908292503307 4.67082385957044 0.28171691166667 8.41082832843736 1745833668.1773
-0.0375718522768467   -1.20506143626267 0.00376668620392749 1.20565289249266 5.04755158328085 0.27230460069134  8.0422055163844 1745833668.21402
-0.0416430428835621    -1.1421738310554 0.00218314444722266 1.14293480544082  5.65818675793474 0.328797338550421  7.75406053243017 1745833668.2674
-0.0487840328586386   -1.11824185517971 0.00399214342917732 1.11931258625411  5.78222847764516 0.336647358452571  7.66682127786776 1745833668.27817
-0.0438231776787411   -1.03047704144166  0.0077052463976682 1.03143723738397  6.18650196411578 0.294590406864254  7.33776106456628 1745833668.31389
-0.0394606527541935  -0.809997380655108  0.0151435480881168 0.811099393929387  6.65603910759259 0.279818274930737  6.99302592285401 1745833668.36954
-0.0447700249512791  -0.756314879312032  0.0195470525495928 0.757890915017649 6.71874590053619 0.28243769027579    6.91503074437 1745833668.37975
-0.0323729488590353  -0.565137130592785  0.0228499221528799 0.566524582992538  6.90170771643841 0.243849579842733  6.70412667400736 1745833668.41376
-0.0216947910306971  -0.254863133404517  0.0271051129803645 0.257216966540531  7.07559314197058 0.210259048250751  6.61637380683145 1745833668.47057
-0.0209800710543501  -0.205877171942176   0.028858281012065 0.208945863063438  7.08299944748118 0.199530807947086  6.60577474746768 1745833668.481
-0.0137419112248089  -0.086645059361281  0.0266722145355797 0.0916930393435751  7.09349399284911 0.136823453192335  6.63774013257878 1745833668.51363
-0.0132080827653478  0.0579622982086568  0.0204296704602179 0.0628605830316474   7.15396378397957 0.0790417093846112   6.78195493384856 1745833668.57073
-0.014647218369246 0.0801040301872186 0.0201512243105679 0.0838884288767291   7.16138063661733 0.0612650479368484   6.79173473613604 1745833668.58111
-0.0105496418763852    0.15244625918615   0.014245883174059 0.153473457219741    7.10646988236057 0.00984082861478301    6.78125913115204 1745833668.61352
-0.00613490901309441     0.29743880650145 -0.00407479837948181 0.297529972781634    6.94604582188481 -0.0404332581152267    6.85588855160156 1745833668.67036
-0.00788860659116725    0.322028543736141 -0.00626861756724435 0.322186139771676    6.90334120489344 -0.0483352102253169    6.85852167522972 1745833668.68046
-0.00888858824565314     0.40387233947925 -0.00713090192620084 0.404033072111336     6.7878218887149 -0.0643037145871238    6.88033480942049 1745833668.71343
0.000271737292372751     0.52050062683156  -0.0141016751249312 0.520691687675665    6.60017813752188 -0.0419427622700004    7.13208169174837 1745833668.7695
0.00193947692226526   0.536561810208435 -0.0171665485691245 0.536839853340511     6.5607249588043 -0.0323341072063202    7.19157507873618 1745833668.77922
0.00660860157697305   0.590081667706568 -0.0278594384537324 0.590775927479383   6.41186713096191 0.0167687013946941    7.3226054753291 1745833668.81336
 0.0169548785979838    0.64872473396877 -0.0360598526160013 0.649947352746214   6.15616131522454 0.0766898025941177   7.58519699243197 1745833668.86854
 0.0183272010854757   0.656016593226268 -0.0380369195449273 0.657373915010547   6.09591600211694 0.0901529840903943   7.64048512790817 1745833668.87837
  0.016141042017559   0.672860566149348 -0.0355851657240424 0.673994197850279 5.88506383921916 0.13211931482137 7.79896587502473 1745833668.91329
 0.0218553845398756   0.664393942549282 -0.0447449350478931 0.666257516236782  5.52171700102762 0.164923136711625  7.97849420162156 1745833668.96752
 0.0223705531566656   0.658231119965904 -0.0454764862175682 0.660179339072952  5.46047576532437 0.175672385798556  8.03025768971618 1745833668.97801
 0.0178516368067424   0.635866106092873 -0.0407079020870308 0.637417852830246  5.26267400246247 0.219999756081496  8.17951167585976 1745833669.0132
 0.0226166893582361    0.58493879334269 -0.0435117510762525 0.586990782786622  4.99476524607685 0.250338695551804   8.4235587963855 1745833669.06616
 0.0228056574097204   0.574886890769044 -0.0407175824994904 0.576778082725576  4.93793720530178 0.259625124769637  8.45830130674414 1745833669.07759
 0.0205524033086236   0.550456013636343 -0.0320896605983125 0.551773477568004  4.76383500810112 0.291046401197803  8.54820324082264 1745833669.11311
 0.0158483895483254   0.535759261728017 -0.0250291388137012 0.536577688474261  4.51101493421736 0.315012174980917  8.67437971958246 1745833669.16272
 0.0146872162639385   0.540289157593371 -0.0240996554010748 0.541025767893719  4.41771487645482 0.329087222152218  8.67333635742187 1745833669.17726
0.0185987010183441  0.568656469114952 -0.025933364007277 0.569551253983861  4.23952723160142 0.323288797971075  8.71964284397827 1745833669.213
     0.021514697095   0.627988265319939 -0.0282850108186799 0.628992993130805  4.08638842525385 0.326629526797449  8.85789519511041 1745833669.25356
 0.0216766378762815   0.674636321810121 -0.0255674665124833 0.675468532708205  3.95168156725254 0.348904641592273  8.85666831653645 1745833669.27664
 0.0177569165804601   0.767014989276484 -0.0241926193620506 0.767601839948842  3.70924130240371 0.358277157248286  8.83535828202044 1745833669.31287
 0.0169100919278244   0.883679769612246 -0.0109945560712281 0.883909931324546  3.42088496564534 0.336368004883721  8.80675703730523 1745833669.34971
  0.0176646362703127    0.956759532442052 -0.00446511998641716 0.956933006845197  3.24397240385432 0.338345003160836  8.90632487568804 1745833669.37451
 0.0160073677505842    1.04611001228769 0.00146688535767856 1.04623350423484  2.91507714077853 0.363313008751274    9.107037696194 1745833669.41273
 0.0212213499061032    1.09148724856217 0.00727615001964245 1.0917177757208  2.61741738315825 0.374058360358478  9.21076291392881 1745833669.44096
0.0234246971188801   1.11912850248148 0.0121242042028786 1.11943928724567  2.32104864860332 0.354544875960288  9.38231622776489 1745833669.46969
0.00682190209377793    1.12453825678791  0.0280819203141137 1.1249095179508  1.92085257550705 0.321612471427462   9.6191833188289 1745833669.51256
-0.00249764165673302     1.11309948750409   0.0395075118936084 1.11380319212675  1.66661581902518 0.346104439162133  9.59666595449642 1745833669.53631
0.00219281343062387    1.08401762744204  0.0475556300430928 1.08506246962311 1.34617182227638 0.35876801746916 9.69592466046415 1745833669.56653
0.00117464052486107    1.03183240966691  0.0476023558434931 1.0329305328536 0.818321493118032 0.342226019478584   9.7706767489598 1745833669.61241
-0.000841776818511749      1.01702317677555    0.0396100114989708 1.01779457833976 0.550091382691242  0.32383413743708  9.75494970030477 1745833669.63521
0.00210236386249475   0.995191214186014  0.0251664094243838 0.995511587521792 0.242800781723578 0.283862012712705  9.75834255897233 1745833669.66535
0.0110373617045993  0.963594066001068 0.0145782897180726 0.963767541431529 -0.177120932002863  0.283922338177426   9.80848748185665 1745833669.7123
 0.0131722907641443   0.957895682253955 0.00993040406354673 0.958037713375424 -0.401839544569555  0.295931430491884   9.78464685478004 1745833669.73418
 0.0201102930427733   0.952231703782295 0.00239816694215887 0.952447055105469  -0.7253575246051 0.261103517463433  9.75497419630673 1745833669.76427
  0.0138933805357029      0.9723007836405 -0.00531319019206391 0.972414556596443 -1.17944598153158 0.261735917737549   9.6250355384868 1745833669.81225
 0.00534538965924559    0.986262589948807 -0.00863505363361569 0.986314875521196 -1.36612303809285 0.283733994179042  9.52478466751543 1745833669.83347
 0.00352666073891161     1.01045834849223 -0.00703744651571413 1.0104890088601 -1.6479216258917  0.2852782850498 9.40817210827348 1745833669.86296
-0.00720503841831577     1.04839266954635 -0.00163421820162327 1.04841870109526  -2.1527148239638 0.315305186823021  9.41224800026319 1745833669.91222
-0.0127204429405425    1.06587306386866 0.00107608394464456 1.06594950907912 -2.35035591835222 0.340376203804494  9.31756255939981 1745833669.93171
-0.00408156057236486     1.08946622530826  0.00561205625937759 1.08948832504052 -2.55035256059772 0.356531718816357  9.24510541978916 1745833669.95053
0.0166958808960341   1.18196821993407 0.0258297748316811 1.182368302451 -3.24726954314952  0.32270015887284  9.16355940873789 1745833670.01216
0.0118096574674485   1.20424713871022 0.0251260191320199 1.20456712388255 -3.44119649320604 0.331045671526592  9.08564381458123 1745833670.02965
0.00859384044904738     1.2204394057675  0.0263376021832961 1.22075381077945 -3.61155122946082 0.346001942282998  9.01524968962342 1745833670.04536
-0.00740135535434734     1.28027105219612    0.023391354745859 1.28050611190626 -4.38069806701603 0.360445010686937  8.70847114569619 1745833670.1121
-0.0221546557716327    1.27133937514153  0.0165045116413619 1.27163950648843 -4.56438283178283 0.380525326557992  8.60404863188003 1745833670.12887
-0.0294541425908019    1.25664700563104 0.00923977654229397 1.25702610026514 -4.71567655200026 0.402549962815048  8.47720854500849 1745833670.14303
 -0.00730502363083151       1.1325067105907 -0.000859225180993064 1.13253059613025 -5.52045922619942 0.420287769125007  8.20733776655874 1745833670.21208
-0.00535327570953736     1.08999899086529 -0.00159725281709135 1.09001330673747 -5.7374068624879 0.44326932671181 8.19278105585119 1745833670.22874
-0.00355190459020797     1.05100936562886 -0.00450047809769777 1.05102500301796 -5.88943190873194 0.456401364281003  8.18056701623508 1745833670.24197
0.000680131835961056    0.929855535148272 -0.00937569471440005 0.929903050041546 -6.10514836548471  0.45084710423619  7.99218438976404 1745833670.27419
0.000186663191374884    0.706309998970071  -0.0170926368484913 0.706516813474869 -6.44344545189118  0.40892623964834   7.6220425520817 1745833670.32886
0.00196969916234479   0.658024840700639 -0.0186891505864732 0.65829313762452 -6.51898766893043 0.404991904806076  7.56455287993457 1745833670.34163
0.00258181988102668   0.546616776334045 -0.0229923553020824 0.547106218540841   -6.642382486342 0.389247387635011  7.42575943943231 1745833670.37158
0.00564597008531835   0.355506206331097 -0.0256258194749563 0.356473312243562 -6.77819795142808 0.356677395668256   7.2285455799619 1745833670.42902
0.00838183141584102   0.318621545238613 -0.0234305640355222 0.319591826427316 -6.82526989958401 0.343018284798342  7.20473867976028 1745833670.44152
0.00679447235363263   0.229436061445345 -0.0238723961942849 0.230774700619832 -6.89111824692607 0.315989057761426  7.17421392623457 1745833670.4704
0.00111639042391363  0.0304505545693828 -0.0181974153490768 0.035491245773407 -6.9305641947931 0.26624812232617 7.09134200283672 1745833670.5291
-0.000598174058218585  -0.00911404547090296   -0.0136747769358033 0.0164445480720386 -6.94639760361858 0.252822894428292  7.09714781171629 1745833670.54149
-0.00531883614691049   -0.102473966174731  -0.0051528938384037 0.102741209241703 -6.95150210546623 0.237321181640625  7.12089161719127 1745833670.57036
-0.0132060078342925  -0.298180254931966  0.0113247077664363 0.298687314896711 -6.83850736637876 0.240466441168209  7.20285272579958 1745833670.62903
-0.0155698519662083  -0.336737559024122  0.0164790221323826 0.337499869804736 -6.81383001025177 0.234119453327563   7.2270840421585 1745833670.64147
-0.015224888696706 -0.418799474536993 0.0308590976907302 0.420210757856786 -6.74116382555525 0.219530844825399  7.30793001114934 1745833670.67094
-0.0111492902831366  -0.578170299238787  0.0428574679606923 0.579863746198784 -6.49449426528218 0.232705984440798  7.44676379464136 1745833670.72887
-0.0121946059963901   -0.60713358823044  0.0446997798234802 0.608898983977838 -6.42715747082233 0.231095345531393   7.4807012602052 1745833670.74158
-0.0131027525631899    -0.6647926871579  0.0527690597941227 0.667012423193833 -6.24445921417068 0.257351560740497   7.5613789809943 1745833670.77283
-0.00420864789201861   -0.725135860143366   0.0612509983324357 0.727730316243358 -5.94588821553372 0.313795477537735  7.81648492673791 1745833670.82887
-0.00338963013845519   -0.729059113018231   0.0617434231230219 0.731676793513607 -5.86536324160565  0.31361123614959  7.86509318276883 1745833670.84202
-0.00733048376324693   -0.711818435576364   0.0560405858528217 0.714058658991902 -5.60846489963709 0.341817792665604  8.04148725189683 1745833670.88708
-0.0033045407987128  -0.683332646625786  0.0448245841558401 0.684809221082219 -5.29143745412999 0.382068142741013   8.1672387173301 1745833670.92899
-0.0070629371256186  -0.676260886267087  0.0414208619883852 0.677565022107434 -5.20271696923503  0.39215589720955  8.20515208385976 1745833670.94275
-0.00143960419529239   -0.647309431761309   0.0263657938606677 0.647847766063364 -4.93113666728716 0.438002993984442  8.41326466352773 1745833670.987
0.00460192560103795  -0.647619509734907  0.0210922358334276 0.647979235408799 -4.69578714884472 0.459549817488075  8.59292658137047 1745833671.02925
0.00870186409930015  -0.655549207600687  0.0202263246532741 0.655918889980819 -4.60998818398351 0.467200159931056  8.65123443365871 1745833671.0438
0.0120187635198229 -0.690134216424681 0.0134295436298459 0.690369495269569  -4.3335916569341 0.429756884157937   8.7791329830663 1745833671.08739
0.0137289586007774 -0.741006028204611 0.0110358490121532 0.741215358788021 -4.10231557506269 0.408709039931777  8.93969348101784 1745833671.12992
0.0138521559220762 -0.758390290369773 0.0092971123185699 0.758573761112459 -3.99967593603805 0.402267874172705  8.99959130840725 1745833671.14563
-0.000739147683820891    -0.836440061601277    0.0015687563648293 0.836441859298887 -3.47819019127382 0.377718982720969  9.07539431470402 1745833671.21148
-0.000861530041102495    -0.867340684870838  2.43019878315077e-05 0.867341113090353  -3.3084761972673 0.367765657114594  9.10943343253721 1745833671.23152
 0.00137967541587963   -0.896561915107341 -0.00104578724511064 0.896563586588346 -3.09553155566774 0.357546829670541  9.12421394312138 1745833671.25772
  0.0041801209622675   -0.928333222667069 -0.00417367497333335 0.928352015822375 -2.69711781789935 0.354088956303281  9.34123397089828 1745833671.3114
 0.00425203640736788   -0.929371914542335 -0.00789475923426929 0.929415172340683 -2.51726288933907 0.361493056660881  9.36052158950861 1745833671.33305
0.0054667014947243 -0.927896122138481 -0.016036812814693 0.928050794768324 -2.28043473888391 0.399240489700587   9.4532089737146 1745833671.36236
 0.0266803596445284  -0.924087201754102 -0.0170857108391046 0.924630152845648  -1.8341917547999 0.388414726932701  9.64743085016468 1745833671.41132
 0.0148351082795552  -0.919806874617523 -0.0184462640471727 0.920111423518163 -1.60866248354421 0.395142050448767  9.62397234704339 1745833671.4332
 0.0175809243199389  -0.922326722934716 -0.0120292096791949 0.922572693409544 -1.30703792920065 0.430349950656387  9.53273685950673 1745833671.46318
  0.0248486663622896   -0.930894348933494 -0.00902791989653286 0.931269696937442 -0.911938648463624  0.409216396757486   9.72397677079887 1745833671.51125
 0.0173833806649731  -0.934461278054813 -0.0101143966649436 0.93467767873587 -0.71274088699689 0.437988822884909  9.74309895165132 1745833671.53351
   0.012947225936566   -0.948203471196396 -0.00792757968029036 0.948324997017338 -0.446194145927956  0.496571926131754   9.74574234889929 1745833671.56387
-0.000735139894010772    -0.975081176392211    -0.012743091524593 0.975164718069048 -0.115522598266733  0.528750476033182   9.78335687446146 1745833671.61117
0.00343362058421321   -1.00814273744854 -0.0192949135394653 1.00833321005957 0.0968204734201215  0.521979869979095   9.81738465883386 1745833671.63388
 -0.011256955822893    -1.0578187016436 -0.0265085618484378 1.05821067300072 0.405219360355404 0.492987219152891   9.8413499197907 1745833671.66414
-0.0237206754441062   -1.14283666691633 -0.0239148818140211 1.14333295205908 0.907556599184831 0.513995592156878  9.62756325922024 1745833671.71111
-0.0360263692845934   -1.18682091050533 -0.0203744223919419 1.18754237397422 1.14849773606395 0.49687199788231 9.69143231934676 1745833671.73499
-0.0593239981322504   -1.22095425818034  -0.018921686208555 1.2225410698754  1.48285898333774 0.508738421925711  9.64675178269909 1745833671.76569
-0.0598373609578142   -1.27857754003955 -0.0185272694033824 1.28011104806244 2.13448738821604 0.48139761873536 9.46273600392874 1745833671.81105
-0.0426499200699457   -1.29947983635153 -0.0106919869889948 1.30022351130563   2.5369871624325 0.455649773629725  9.46481946325594 1745833671.83892
 -0.0459037806140539    -1.29737314849527 0.000757270360747444 1.2981852013367  2.92776959120511 0.429373426854274  9.56708155342588 1745833671.86867
-0.0731458175236631    -1.2640188016307 0.00453508084817831 1.26614154361012  3.42965200440693 0.384404015163157  9.12092010872037 1745833671.91095
-0.0665536737907772   -1.22985935760569  0.0134321380261013 1.23173205418925  3.84293665204256 0.359936269923104  8.67654707728904 1745833671.94908
-0.0584998296830375   -1.20345169910412  0.0200073324653891 1.20503880248809  4.10710131504154 0.307359148747072  8.47952499840883 1745833671.97316
-0.0671701952974041    -1.1563538028497  0.0336104111082014 1.15879058169978  4.49578638689477 0.237920145641294  8.20537709493716 1745833672.01082
-0.0378056755728408   -1.04856405589634  0.0266615778919011 1.04958405483267  5.08030707984134 0.236120569848422  8.25704194944394 1745833672.05393
-0.0315221621328231  -0.994791471439629   0.027031250785651 0.995657775982083  5.34235532587753 0.259642748899455  8.26348356034529 1745833672.07441
-0.0166123154307442  -0.900946421494157   0.034634930951059 0.901764937147748   5.7219294576659 0.261997476234488  8.05661784939997 1745833672.11069
-0.000139129737514761     -0.79660248231094    0.0507054137717803 0.798214615981694  5.99629755164794 0.213999039027156  7.66570979528299 1745833672.16466
0.000316322049167254   -0.771859184247669   0.0541806399382333 0.773758516664749  6.03817708243763 0.201062414914521  7.60410120502127 1745833672.17503
0.000379661890786105   -0.693929600994236   0.0547702307735981 0.696087791487657 6.13652803460737 0.15422824721036 7.38677076100908 1745833672.21054
-0.0032501194323273  -0.600787605766176    0.04540706992657 0.602509844332767  6.38584276992618 0.207966065199814  7.22689788621891 1745833672.26592
-0.00536741345477059   -0.581649312233254   0.0412713127593014 0.583136392969508  6.44183529703188 0.218870991251101   7.1967550173296 1745833672.2759
-0.00999863173247203   -0.531487102558504   0.0269735149923313 0.532265049889242  6.64923897983899 0.213416246148512  7.08633204906086 1745833672.31043
-0.0247497135747155  -0.486563218933652  0.0204852194936983 0.487622762551967  6.93256377283512 0.198963656269977  7.05073405899636 1745833672.367
-0.0310877986560882  -0.475354040866464  0.0199423094911039 0.476786756423872  6.96864743653508 0.194212493868778  7.03748933863269 1745833672.37732
-0.0405388663133854   -0.46147543000196  0.0205960546923159 0.463710221632386    7.023748729889 0.178943858485679  6.88883164001521 1745833672.41035
-0.0393422629479775  -0.382088851336044 0.00491617899063591 0.384140433676323   7.05452627258227 0.0729041189961767   6.43212795709775 1745833672.46787
-0.0414898363557922  -0.351559527696211 0.00392871596477745 0.354021105082656   7.08021018534501 0.0652646826587478   6.38458646519998 1745833672.47853
 -0.0360326095504765    -0.23763597653873 -0.00571946655016322 0.240420295720123   7.19342068923478 0.0377260652780448   6.35786252364747 1745833672.51029
-0.0268227428539993 -0.0251904333051278 -0.0162635500944829 0.0402308404832364   7.37537212000396 0.0281685219002575   6.39661260044114 1745833672.56822
-0.0271642431188082  0.0119706433742985   -0.01483663977338 0.033186115873621   7.37767284673172 0.0248350485158988   6.40596335516868 1745833672.57894
-0.0215036019321983   0.111014901512473 -0.0108096948613933 0.113593849995847     7.33788431381554 -0.00394389050527837     6.39826138821352 1745833672.61025
-0.00484359304077641    0.258498720689295 -0.00575242795457115 0.258608080730126     7.1998419238386 -0.0159975303292471    6.52020788778074 1745833672.66793
-0.00417888662396096    0.277973935244296 -0.00670046834834301 0.278086080278577     7.16989365542829 -0.00633027631598799     6.57392095335508 1745833672.67848
-0.000909844480619532     0.324593041574792   -0.0140968025363693 0.324900277466029    7.09274145447183 -0.0100986947625069    6.68269056969755 1745833672.71017
 0.0150202285480469   0.392320331084861 -0.0234826272061925 0.393309398856263    6.98868375436558 0.00793355930313908    6.85489519000326 1745833672.76724
 0.0139489943338475   0.405164558347181 -0.0239684498107131 0.406112521808822   6.96329687058413 0.0125252177767204   6.89521241262556 1745833672.77745
 0.0115183041011858   0.442377138173416 -0.0251004256605899 0.443238350186682   6.81164569508954 0.0272332635194639   6.95271733280741 1745833672.81008
 0.0211895085494178   0.497712760656073 -0.0315383723473117 0.499160952321767  6.65446575656597 0.052083508787456  7.20211678702765 1745833672.86626
 0.0195251016614548   0.509023487971791 -0.0326338314796756 0.510442071011884   6.61016776391378 0.0704559501431131   7.23701602197415 1745833672.87602
 0.0223689530884905   0.553497480368945 -0.0401056059484182 0.555399217199246   6.44858010792409 0.0917759038703754   7.32967755485891 1745833672.90999
 0.0230946144834066   0.630975741535463 -0.0389137913584773 0.632596262067882  6.20410103382283 0.134503375819611  7.51579966500854 1745833672.96521
  0.018973280787831   0.643772629637916 -0.0356577440545297 0.645038494018636  6.15180967654414 0.152584536418147  7.54638281235332 1745833672.97492
 0.0114946269018798   0.687896772521029 -0.0243043955531427 0.68842196343207  5.88178219547748 0.193502637592564  7.59990351679008 1745833673.00987
 0.0284028597028721     0.7578310284457 -0.0322532180433011 0.759048654691197  5.59959903925137 0.188910244067982   7.8329283766117 1745833673.06424
 0.0314782516904738   0.768918647529743 -0.0317000516170376 0.770215333605467  5.55728239243493 0.203786308794217  7.90416910938073 1745833673.07461
  0.040547007612648   0.801293935536063 -0.0273548074287816 0.80278534892129  5.35199687019996 0.235091327504739  8.16318096229649 1745833673.10972
 0.0365875589098494   0.798473083917637 -0.0224352644852917 0.799625697623863  4.95934623238402 0.251389647541334  8.33273201429968 1745833673.1627
 0.0391406353094789   0.789934144855428 -0.0199181362839971 0.791154014521783  4.87402356347733 0.255428872452039  8.38670284345649 1745833673.17418
 0.0434968285356763   0.779613777509796 -0.0161796036605799 0.780993851288453  4.57577094448912 0.263010359419843  8.54624542393402 1745833673.20957
0.0402052840476787  0.770531111819278 -0.021194721566279 0.771870374719149 4.33955340732584 0.28508210141121 8.69430192239927 1745833673.25179
 0.0443567889860927   0.761787577977352 -0.0212933491642984 0.763374904885136  4.22510298392196 0.303234162188165  8.82832839099925 1745833673.27371
0.0379509655728298  0.768141159164697 -0.020133497840999 0.769341584685312  3.97535444885302 0.343748651986122  8.95453811799621 1745833673.30944
 0.0332663202568232   0.784593829698109 -0.0264631961059864 0.78574450453816  3.67263186506743 0.335412848843268  9.00288626853799 1745833673.34812
 0.0393135301694694   0.812533541974562 -0.0358909287953926 0.814275425920437 3.46547402407451 0.35154134976006 8.99766717813111 1745833673.3721
 0.0438311399227555   0.874140399352587 -0.0452484155476323 0.87640745416547  3.19951644203447 0.367811982421875  9.08119215768205 1745833673.40935
 0.0389247784932799   0.925074375243815 -0.0447151052054851 0.926972048525209  3.03701097353663 0.376609158274511  9.30196306773478 1745833673.44172
 0.0219139508447719   0.949683915227015 -0.0292051529343191 0.950385553888766 2.81506114424333 0.42717993210163 9.34612038482332 1745833673.46843
 0.0284585192172502   0.989065242696583 -0.0143255475207504 0.989578275296229  2.38910408059445 0.441827908792792  9.35489436383389 1745833673.50927
 0.0405386872581373    1.01499100638003 -0.0133949440604015 1.01588855329871   2.1423420064605 0.430414874463418  9.43840860214728 1745833673.53414
  0.0378800368364375     1.04365987741702 -0.00690912104806771 1.04436994062185  1.87501631646087 0.462872504426348  9.56516758318418 1745833673.56412
 0.0244561582098688    1.05451758575272 0.00211900457151623 1.05480326720982  1.42987674649482 0.488147318571437  9.63269625711485 1745833673.60918
 0.0226435933616953    1.05590182758916 0.00440153992021815 1.05615376502672  1.15180802970046 0.483402393417015   9.6061947112257 1745833673.63255
 0.0181297362749544    1.06730356672378 0.00826464166075637 1.06748952930719 0.809732644394485 0.477333914916896   9.6148533043233 1745833673.66246
 0.0134699110640931    1.06404466215524 0.00864332827189286 1.06416501948182  0.33225532615553 0.492624924480377  9.69712135768241 1745833673.70908
 0.0096315799027805    1.04779878519472 0.00843840144520457 1.04787702914316 0.10767213391514   0.499019765625 9.71290649246075 1745833673.73162
0.00183613537626785    1.03690062561167  0.0112940926433009 1.03696375795667 -0.208702705962417  0.498676684843772   9.69409060565105 1745833673.7616
-0.00639207806570111     1.02727114103626  0.00829310001615711 1.02732450149688 -0.708747782262954  0.476649326021699   9.69388884269835 1745833673.809
-0.0175449532634873    1.00906843403315 0.00786482653033573 1.00925159670098  -0.9324940249204 0.481482440202049  9.66753281981322 1745833673.8306
-0.0205344177803977   0.980548716017884 0.00318108410994217 0.98076886476581 -1.23846274777488 0.496063834947876    9.669048939427 1745833673.86031
-0.0093759690118015   0.932896792348137 0.00491998486708107 0.93295688015012 -1.76631846160917 0.467923415927755  9.65700176121416 1745833673.90895
-0.00535393478523808    0.898230861981028  0.00574539527397279 0.89826519224543 -1.98317852426326 0.461082809086467  9.68254782627288 1745833673.92978
0.00180179486548039   0.854959368760645 0.00700586421768573 0.854989971186665 -2.24573612645482 0.452527550484251  9.66931701081769 1745833673.95872
-0.00203578959735044    0.786463551267311  0.00656856939510544 0.78649361600408 -2.65101049597584 0.431292166380378     9.51812337893 1745833674.00892
-0.00956211789554866    0.751070504205183  0.00657660783284247 0.751160161454442 -2.78053267047969 0.428151720807759  9.38764013378927 1745833674.02842
-0.0149806040025953   0.708190814345287 0.00595593376833248 0.70837428042411 -2.88419899866336 0.422247568941918  9.27243412027931 1745833674.04675
0.00335689731521514   0.540883281955232  0.0309340189781882 0.5417775438207 -3.33213690779073 0.415144617270062  9.26071477481297 1745833674.1089
0.000646320700789362    0.498425948137672   0.0341115125443299 0.499592272553777 -3.49220640530194 0.440098661641862  9.30383651820079 1745833674.12739
-0.00188452600950751    0.466849068483869   0.0316794526441257 0.467926481300608 -3.59264947843767 0.456331490697755  9.30808677762524 1745833674.1441
-0.00376055641894224     0.30549485641746   0.0473121377636974 0.309159647208163 -3.69599142690512 0.473041490577614  9.10584727255055 1745833674.20884
-0.00274199873488018    0.261857202833941   0.0494884552533728 0.266506698670864 -3.75172482289161 0.461779825471846  9.06283728460374 1745833674.2271
-0.000334970829742206     0.226171569716939    0.0481640613826543 0.231243309011424 -3.80526773847665 0.447915305845069  9.04786895171969 1745833674.24325
-0.015877510789113 0.0721225243997398 0.0312756525820118 0.0801992538561311 -3.93445398890263 0.516766375452763  9.08526088719805 1745833674.30876
-0.00755701531998578    0.026737192542235   0.0269593581986674 0.0387142472491859 -3.95364341837457 0.498920619210893  9.12584871115403 1745833674.32714
0.000202313382002229  -0.0132639518124632   0.0247077346432348 0.0280436356342823 -3.96791920284602 0.486157159438758   9.1530068456235 1745833674.34313
 0.0101749935325479   -0.17568615985986 0.00402566866713268 0.176026598183084 -3.89513421339466 0.448530326045867  9.21352479114163 1745833674.40871
 0.00685230719879176   -0.223170007796866 -0.00783040601613951 0.223412447621832 -3.82501434793132 0.439858655878122   9.1499824355438 1745833674.42743
0.00803922253236785  -0.259113596411513 -0.0114582939252457 0.259491382215115 -3.76716648372191 0.446550269590901  9.13003990358567 1745833674.44382
 0.0256088168457523  -0.328909545490873 -0.0128039779283433 0.330153362039586  -3.5889262228922 0.489762516222491  9.23131328178225 1745833674.5087
 0.0298514890446095  -0.328975426393142 -0.0121125198955139 0.330549021639679 -3.51998672967722 0.501898088591772  9.29862817553105 1745833674.52803
 0.0269750121989809  -0.332146506267303 -0.0141024408718436 0.333538351239036 -3.44521464095664 0.501732770493354  9.32207934523653 1745833674.54536
 0.0220929337089061  -0.347306862690631 -0.0284425604420463 0.349169205166169 -3.10763275917428 0.486056064284788  9.21401334364425 1745833674.60869
 0.0204530771718085   -0.34782116367502 -0.0325553614356167 0.349939625970316  -3.0239865423194 0.465508837301577  9.21304043109982 1745833674.62874
 0.0199384952466828  -0.353423595691193 -0.0408438659753705 0.356334117047201  -2.9199168875121 0.455721329989975  9.21051419318307 1745833674.65602
0.0299982229156423  -0.35330540017897 -0.031340542965886 0.355959026865614  -2.7382086047764 0.488837445990457  9.44551863082179 1745833674.70866
 0.0235380200425414  -0.355312579033474 -0.0229982560920878 0.356833276181215 -2.68110266344028 0.507043770389697  9.45435320880444 1745833674.72938
   0.018944725515512    -0.36145117979829 -0.00575433665282989 0.361993052961998 -2.59914083764391 0.499161753512943  9.45886511602099 1745833674.7578
 0.0145399033206137  -0.405121745094438 0.00783064983605191 0.405458205261393 -2.37798845131898 0.466954892215607  9.41775486561002 1745833674.80858
0.00626246492414231  -0.424833404009491  0.0106953928483962 0.425014153949488 -2.30312053246091 0.463875831948688  9.41967967358044 1745833674.82995
-0.00571609497793703   -0.446829735507166   0.0152186979567427 0.447125368373009 -2.21279353377323 0.513271789145481  9.44278824114255 1745833674.85924
0.00366201126778413  -0.500145226202472  0.0083732215251843 0.500228716147281 -2.02942147164358   0.5363028515625   9.6527718674926 1745833674.90845
0.00846548069422578  -0.525849807128507 0.00303892567195303 0.525926724068773 -1.92660438377935 0.553494292753894  9.65991526406373 1745833674.92999
  0.0104209430594979   -0.571235356138121 0.000954421618041773 0.571331199110569 -1.76309775872375  0.58558096128018  9.73423830499944 1745833674.95973
 0.0151240310660662    -0.6471305517587 -0.0140644621108008 0.647460034619646 -1.51900120174464 0.584218398948797  9.72836099104225 1745833675.00834
-0.00855258916761776   -0.660725245282338  -0.0227528970664881 0.661172209685037 -1.37472896393152 0.579993718961084  9.64626625587153 1745833675.03016
-0.0405802661725742  -0.651205102508584 -0.0292674946381716 0.653124360117005 -1.15238162589449 0.567390961850849  9.44324486166214 1745833675.06025
-0.0673552355624871   -0.47753208747171 -0.0060843697168767 0.482297254685965 -0.832780202723506  0.507985131403221   9.48014908863829 1745833675.10825
-0.0721220672374041  -0.367794505144709 -0.0209583787015185 0.375384661693887 -0.688301176260136  0.540707311349722   9.56580193219816 1745833675.13018
-0.0453439624758051  -0.192122124919586  -0.043472880848655 0.202130841748373   -0.444747343333 0.497572279261671  9.79269528716986 1745833675.16044
-0.00594466090706999    0.103116191633686  -0.0377815831177465 0.109980616443163 -0.241679128084264  0.500616039986326   9.83769403252419 1745833675.2082
-0.0163092129924526   0.249422360633603 -0.0237949452752357 0.251085052986281 -0.30768973366128 0.475294387707676  9.67398740521944 1745833675.23002
 -0.0334144408536078    0.429179440612462 -0.00888513286033205 0.430569927756144 -0.426323973757912  0.409125677788578   9.35496002269193 1745833675.26016
-0.0279013754786657   0.543872468365055 0.00598656364482806 0.544620590451162 -0.58278409222086 0.289727292346533  9.40207429611015 1745833675.30811
-0.041680354949532  0.538756299900957 0.0148772700759702 0.540570935064587 -0.705062048506958  0.232842481702288    9.4040764895662 1745833675.32953
-0.0591951697860346   0.502332389868563  0.0197198230724328 0.506192423352096 -0.874609579103029  0.313834640371307   9.37512756572745 1745833675.35954
-0.055600551865913  0.398652143725651 0.0236687418027644 0.403206104124649 -1.2566270717018 0.20286361465728  9.6371858118761 1745833675.40797
-0.0470465950209741   0.364668954829503   0.022866494287551 0.36840155439481 -1.41537029276269 0.167615543057738   9.7323663865127 1745833675.42922
-0.0112545328625135   0.292011497161324 -0.0017531337445254 0.292233558070043 -1.54707088492656 0.164188974609375   9.9804907836591 1745833675.45891
  0.019985221047083   0.171674167965938 -0.0124520810300821 0.17328151467793 -1.73949643348353 0.155738913771368  9.95295457656191 1745833675.50786
 0.0219849824426899   0.124964707309467 -0.0155088665106186 0.127828175557622 -1.80846356803499 0.161185966479759  9.83049906272352 1745833675.52906
 0.0199879487823531  0.0761970522915063 -0.0136401316501253 0.0799472455177367 -1.84460031629491  0.19244541202821  9.62757042169395 1745833675.55864
0.00290976969272999   0.018753679050165 0.00722937088363633 0.0203083982862878  -1.8344609373142 0.348314737522547  9.28593642596705 1745833675.60773
3.43777880176544e-05 -0.00431215711579605   0.0142173334802888 0.0148569327962861 -1.82786470269697  0.40182037456471  9.35410631235248 1745833675.62904
0.00742352772763146 -0.0254504786707636  0.0223565411310747 0.0346792525847853 -1.85537908708135 0.511319835570652  9.40959159432193 1745833675.65849
 -0.0121425059350533 -0.00359910573038425   0.0365670285112879 0.0386980824665336 -1.92268921154575 0.564648247246682  9.63328542613357 1745833675.70757
-0.0203846856863796  0.0066835076256865  0.0439940801985908 0.0489457227675222 -1.90443223700427 0.617784998647718  9.60151889795959 1745833675.72893
 -0.014055467298239 0.00912021364368521  0.0535386508970895 0.0560992120957037 -1.94326112379544 0.618831029297853   9.6237133616256 1745833675.75838
 0.00777823236457148 -0.00227829516803779   0.0455814125929963 0.0462964005249105 -2.00990997017367 0.668388935240935  9.69878306867705 1745833675.80742
-0.00300738528047207 -0.00460104175385549   0.0356545591569239 0.0360757749760211 -1.97287998109949 0.704479819737222   9.7516517657816 1745833675.82884
-0.0423094598494505 -0.0426421368811794  0.0196904275342437 0.0632151498220705 -1.86638852712847 0.716255029079644  9.89343592433271 1745833675.85831
-0.113098327425209 -0.143981734723143 0.0112507079376377 0.183435411056217 -1.81257105012355 0.827092788337744  9.73850131020447 1745833675.90732
   -0.1243275944493  -0.184141651557049 0.00843947958637972 0.222343705544808  -1.8305879194008 0.799807404574037  9.74489953600254 1745833675.92886
  -0.116340579855675   -0.221896368768198 -0.00143699456029245 0.250549783370557 -1.78943361044188 0.587889055612165  9.53732762908143 1745833675.95846
  -0.113537287080629   -0.224069889948253 -0.00578140061759963 0.25125973758673 -1.58355811576034 0.336141335668022  9.22560979883972 1745833676.00727
  -0.123272574259275   -0.207614369769614 -0.00803642241306136 0.241587330347731 -1.52974768156966 0.247698717145702  9.21090512065621 1745833676.02882
 -0.167020670643741   -0.18396692792201 -0.0143718199685011 0.248890104665802 -1.33478468567414 0.128972783710231  9.37629872419699 1745833676.05865
-0.264274170577158 -0.199051231581099 0.0281005611083541 0.332041972592022  -1.10552653487811 -0.119345478864173   9.32423119849525 1745833676.10725
-0.277051477460388 -0.174411349330543 0.0355750371528368 0.329305972017986  -1.23000146415645 -0.210492391371159   8.96734742328685 1745833676.12879
-0.247763150890958 -0.107908300576084  0.012523722177781 0.270532112492806  -1.46136402366521 -0.255725645020195   8.63628460741922 1745833676.15872
   -0.2506945634106  0.0224936974511735 -0.0416261621643144 0.255120496873901  -1.24095886131527 -0.336472006053277   9.08319029981048 1745833676.20723
 -0.285548349400843  0.0352361870453577 -0.0431652601226116 0.290934165069169 -1.17436705262108 -0.37376875026403  9.19594062758512 1745833676.22862
 -0.280866954778912   0.046078792369777 -0.0499625681128992 0.288973631332467  -1.30800499444386 -0.475917013892407   8.99454072178549 1745833676.25856
-0.281808521484141 0.0998707695443582  -0.08113945716147 0.309796424929207  -1.42934058661923 -0.694683709574042   9.25151542349746 1745833676.30722
 -0.285991469233518  0.0987503827596929 -0.0924722981224123 0.31637617560362  -1.34543121565721 -0.748425801115828   9.30628644968716 1745833676.32828
  -0.31338788224454  0.0398757066291393 -0.0801229757563495 0.325916750046608  -1.19074415986847 -0.837991987828906   9.49920289265342 1745833676.35828
 -0.409138861016206 -0.0849679974294252 -0.0572886809359802 0.421777383395778   -1.2033232756872 -0.848768228672367   9.42710826994001 1745833676.40719
 -0.448045276822333  -0.143470067207908 -0.0524711309095973 0.473372421932641  -1.21931733589196 -0.855375055106875   9.36877925502063 1745833676.42801
  -0.48017327810187   -0.22672986233104 -0.0435797349252654 0.5327963971086 -1.28753212010245 -0.89767395813403  9.25853839136387 1745833676.45827
 -0.481498351702998  -0.335139692847564 -0.0499802628748057 0.588776106080824 -1.29269241744935 -1.14162706050846  9.28971672488905 1745833676.50712
 -0.515724396660957  -0.394291176962731 -0.0525504790523399 0.651305410994408  -1.1931540331228 -1.28072542817247  9.57906136335976 1745833676.52766
 -0.573501460310539  -0.484077558739802 -0.0298401666574273 0.751082847227887 -1.02587813491021 -1.37923556161948  9.57101144377372 1745833676.55869
 -0.576032375765942  -0.576537193465514 -0.0234136528387854 0.815326089683693 -0.921258274635974  -1.62962499278457   9.52252197540342 1745833676.60701
 -0.591617011319911  -0.603676906216779 -0.0231654214071195 0.845560838693193 -0.77075740264456  -1.7529963124065  9.63148377576864 1745833676.62716
  -0.604359034126816   -0.628239857346824 -0.00613839106621841 0.87176421143262 -0.536586700908404  -1.98413285978166   9.66599746921394 1745833676.65983
  -0.595247602100599   -0.617759486993364 -0.00729217355951067 0.857904229720334 -0.264651591551704  -2.22093133468943   9.52596912527981 1745833676.70688
  -0.605735168951161   -0.581807200865279 -0.00648204761337768 0.839914716399377 -0.128539240373235  -2.30756938590976   9.39765963107996 1745833676.72592
-0.583592019769359 -0.479365746551993 0.0110809597526858 0.755310500506162 0.193956984582313 -2.56184094620182  9.31429158244476 1745833676.76238
-0.529006459721289 -0.346057430407641 0.0296316625354617 0.632836167575626 0.445915424844851 -2.83676056775364  9.30889837649575 1745833676.80678
-0.521302394326321 -0.273053737034791 0.0412711184653087 0.589930364414647 0.498711608313431 -2.93161086517179  9.30169383393785 1745833676.82393
 -0.498446060471683 -0.0988814588207261  0.0565562611578672 0.511297006420351 0.580377962598376  -3.1807641798719  9.43803634155072 1745833676.86549
-0.480807274638782 0.0502781727109004 0.0588025625817744 0.48699206498967 0.629988964948524 -3.40207820714343  9.43381812317414 1745833676.90667
-0.475622634685846 0.0939926105183961 0.0568372826553419 0.488141350591416 0.605515065793113  -3.4834986954156  9.41282790422046 1745833676.92226
 -0.42260145367324  0.145163815565019 0.0327731754355582 0.448038617782285 0.523928695313617 -3.72147834599956  9.50972966060594 1745833676.96712
-0.389376338981613  0.109565994063648 0.0200198701424471 0.404993130329886 0.519290455119615 -3.83752495015906  9.36706862039889 1745833677.00661
-0.369873980412927  0.090715019439376  0.021321194160232 0.381432260642446 0.521445932350713 -3.91152144041397  9.32321840078094 1745833677.02144
 -0.332057073885371 -0.0133133786803306  0.0123221935911218 0.332552225709132  0.45835484678495 -4.05303814296593  9.28575991116152 1745833677.06805
 -0.291979922482667 -0.0985917855260472 0.00985275885050488 0.308333735039105 0.455707158890442 -4.21888296525614  9.36413805752841 1745833677.10661
 -0.263870498667239  -0.122475338468185 0.00987330529018475 0.291076159719664 0.476265983855753 -4.29457549523551  9.39096085667935 1745833677.12105
-0.154190767801274 -0.214562799159184 0.0150525880220461 0.264648007860124  0.60703186917527 -4.41977004486558  9.46196826879937 1745833677.16905
-0.0896409508186949  -0.259702802468579  0.0247044583131619 0.275846616680829 0.696355112985369 -4.53671722325514  9.52187410486986 1745833677.20661
-0.0659594960933104  -0.272707493710749  0.0253314678857082 0.281712114606607 0.703292370486201 -4.54577906875081  9.47500357778246 1745833677.22094
-0.0145610394592701  -0.264703853646847 0.00922499115041843 0.26526449907093 0.742884935386641 -4.51643378148036  9.36431532447915 1745833677.26972
  0.0341994914456246   -0.219317596035613 -0.00301817431159589 0.22198856394453 0.812747960354817 -4.46594673509054  9.18592201919332 1745833677.3066
  0.0550231786939713   -0.195139148705971 -0.00722642218657071 0.20287695465207 0.825205177366828 -4.44786283941851  9.16565907337553 1745833677.32094
    0.101777845086077   -0.0869424244122589 -0.000162052618966741 0.133857167062874 0.879726149462468   -4.377905386038  9.05479751897804 1745833677.36999
  0.169090739796901 -0.0232432151006437 0.00542530544522169 0.17076697359985 0.877283369855183 -4.38664155265754  9.19546578463839 1745833677.40659
   0.19928962650045 0.00166438710609697 0.00679760772531868 0.199412469233785 0.837141704762686 -4.41359093264268  9.36314365318334 1745833677.42108
  0.281202838534558   0.103387205085693 0.00347277272858449 0.299626451979374 0.749742209082024 -4.41923573116459  9.78956470495603 1745833677.46961
  0.357002578659432     0.1391276117099 0.00174545722697085 0.383158426933972 0.845047913330899 -4.21607370289506  9.64172904245466 1745833677.50654
 0.396127879982232  0.131457559192713 0.0038856360340048 0.417388889808428 0.854064937809712 -4.14095538805874   9.6269768081808 1745833677.52159
  0.457546984524897  0.0881398963861048 -0.0111305390079984 0.466092022331844  0.72544843161031 -3.85110503449925  9.52456035730062 1745833677.56845
  0.496808931669855  0.0574890856652307 -0.0214032090832665 0.500581868345857 0.730450624615131 -3.68185747308848  9.29046514356188 1745833677.60649
  0.529772654509768   0.037960278106614 -0.0220941670174058 0.531590256115037  0.74453807478377 -3.62325945541134  9.36660348827128 1745833677.6227
   0.607709302588163 -0.00971375102294633  -0.0254006594052247 0.608317472138806 0.75829900616308 -3.4495788438809 9.69859853668735 1745833677.66663
  0.646097707751646 -0.0440962978871795 -0.0196180320686908 0.647897830395761 0.794061100637137 -3.19897064102482   9.8561577615275 1745833677.70643
 0.644472133727855 -0.061511466573232 -0.016640686163364 0.647614780643332 0.801818298982631 -3.04232544355747  9.83801114720145 1745833677.72465
  0.668578737996433 -0.0914818863994882 -0.0191814915639645 0.675081027772763 0.823719006807788 -2.75013949108318  9.65199669638217 1745833677.76435
  0.693012137141354  -0.103076087067782 -0.0198139185101895 0.700915896036864 0.791663842909294 -2.44560155354952  9.49035441707859 1745833677.80638
  0.694592783536599 -0.0926696741511883 -0.0208849127141627 0.701058473329783 0.780561290703957 -2.29704049827528  9.49678043806103 1745833677.82676
   0.69468649038637 -0.0652393320754817 -0.0274415044560714 0.698282554945919 0.827043351884365 -2.06223577228415    9.519658216703 1745833677.86229
  0.688817326029364 -0.0177814661978901 -0.0312231246296335 0.689753849347742 0.844248058182198 -1.76882799410388  9.46789929276228 1745833677.90633
  0.661268403663134  0.0271896346768733 -0.0285308613471973 0.662441837421418 0.819341008856607 -1.62385147486642  9.39601658696191 1745833677.92816
  0.633203908853385  0.0767656288981709 -0.0334779254632996 0.638718187826732 0.808662529796297 -1.46763086337038  9.28274997987713 1745833677.96126
  0.602451150931638   0.138324049852971 -0.0387283320279199 0.619339015183322 0.730240502594062 -1.18471481001351  9.07411734307875 1745833678.00629
  0.584082932114551   0.180708823387551 -0.0375284561421251 0.612549537146226 0.691590341453915 -1.07007646100693  9.04226970288151 1745833678.02856
  0.548218973559421   0.222591846019896 -0.0338366721772249 0.592651747039624  0.657364247159091 -0.927036544744318   9.11232514026989 1745833678.06061
  0.478385758130324   0.263465145630316 -0.0248504454857129 0.546703174661321  0.583640665956113 -0.650348322106928   9.06074814999905 1745833678.10624
  0.456522022688148   0.269503168183853 -0.0156069824166727 0.530365810323937  0.534180040694605 -0.575399077054842   9.18902558829183 1745833678.12878
   0.43358712555641   0.251442747669924 -0.0130955522564017 0.501390809940681   0.47336347710453 -0.452177085004593    9.4134493471064 1745833678.15991
   0.382986234333328    0.199262322479947 -0.00901432312673028 0.431816149385776   0.39581299816492 -0.168080830341457   9.54601873536518 1745833678.20613
   0.359807101963099    0.160106490332491 -0.00567113306221553 0.393862159416059   0.361598168954044 -0.0951197363455873    9.51971526007953 1745833678.22877
   0.330314225602291    0.101715508872954 -0.00341846415357734 0.345637408678074    0.3150728518526 0.0228487891195422   9.48613608520182 1745833678.25934
  0.290116094497911  0.0358290237333064 0.00140601419267279 0.29232352642973 0.256540748203617 0.189277308024898  9.37339718729394 1745833678.306
  0.269713651864474 0.00506394528661031 0.00064025966091096 0.26976194593821 0.210722352606188 0.244020043298159  9.34821705797433 1745833678.32874
   0.22519567124848 -0.0176080226173908 -0.0152310832463555 0.226395933502361 0.152513373224711 0.364701349150326  9.19317141695649 1745833678.35898
  0.179448476353794 -0.0545991415791279 -0.0283379426511949 0.189699396205097 0.188862978579188  0.50868852392868  9.36916197727328 1745833678.40586
  0.160585550744129 -0.0643857566590213 -0.0312022589786924 0.175803372361634 0.173937186798015 0.543094637341945  9.44816108788825 1745833678.42867
  0.125899436659896 -0.0715251313271782 -0.0360117477092215 0.149209110096273 0.180227650700476   0.5813781447862  9.48262499682326 1745833678.45875
 0.0823593986641183  -0.105118246460344 -0.0382814672737778 0.138918634544995 0.234360447490679 0.647050438866391  9.50435790788964 1745833678.50574
0.0615820181506974 -0.118072116489522 -0.038576375077201 0.138641647299522 0.243788844116988 0.655221624773409  9.43344941817313 1745833678.5286
 0.0357870676599425  -0.117507223849347 -0.0337284542329795 0.127382379053871 0.286159679576998  0.65818986328125  9.40959879098405 1745833678.55861
 0.0131354168120795  -0.118447046750134 -0.0257776926125802 0.121929206899266 0.362122072281551 0.639378779944378  9.46409032685123 1745833678.60559
 0.0139017008902136  -0.123286968937974 -0.0236503905084297 0.126302315769566  0.39421647034355 0.637293972639906  9.56967569960282 1745833678.62856
0.00397474840230184  -0.119501224999523 -0.0154328442238687 0.120559172534015 0.447593819787792 0.646307199738987  9.75104630598139 1745833678.65857
-0.00880243219379398   -0.103782170485669 -0.00151389307485257 0.104165798588044 0.523635478341002 0.646139779052822  9.67055921282119 1745833678.70544
-0.0153857031676801  -0.092869415995052 0.00504683598619468 0.0942704558315993 0.546816251843322 0.632619832141053  9.64272496818436 1745833678.72851
-0.0185596027818218 -0.0707590256415802   0.016140653474808 0.0749120768618695 0.544801782244956 0.606459432819802  9.60509325530643 1745833678.75858
-0.0329830967607646 -0.0208623403238348  0.0240797726491556 0.045858013111696 0.558472998315096 0.596191029314756  9.49844623457169 1745833678.80528
-0.0291500077275687 0.00113748084633645  0.0264237163286078 0.0393602540363732 0.581542180818918 0.588345710320172  9.56979785747664 1745833678.82841
-0.0297107401904889  0.0236891464816837  0.0286266254274796 0.04757507148773 0.580084266987899 0.564528502310334  9.69669648110955 1745833678.85848
-0.0439686048274309  0.0664317219280284  0.0227545999961888 0.0828503694003848 0.580117891297648     0.56211421875  9.72987917905536 1745833678.90514
-0.045002138387675 0.0809633734684817 0.0218619105322185 0.0951745944828715  0.58649162109375 0.549482145070766  9.76305669745575 1745833678.92817
-0.0505722119058858  0.0871247064645828   0.020517479915858 0.102806760846217 0.557710784615337 0.504528340392765  9.75670772007476 1745833678.95825
-0.0844800947362768  0.0733951691003284  0.0129409132866465 0.112655246174373 0.499343769268617 0.458128775866578  9.49511069278801 1745833679.00503
-0.100322152586252 0.0498717858719033 0.0141602261910831 0.112925822252374 0.472475364553065 0.436910896233057  9.35354614354414 1745833679.02801
-0.118080520657128 0.0319183504420467 0.0197386276831768 0.123900782388227 0.441009438050133  0.39781867883967  9.33996399080463 1745833679.0581
-0.163229606258259 0.0148717536504521 0.0214926528942569 0.165308824762319 0.437325430809279 0.344607362497541  9.26035147158211 1745833679.10494
-0.191947259375555 0.0139287033017239 0.0215114056046579 0.19365045759962 0.448505290794627 0.304707546516635  9.22032837348887 1745833679.12792
-0.219113476862384  0.014314015600831 0.0175354900031371 0.220279595503064 0.465368532495692 0.246778535857537  9.26559154760394 1745833679.15807
-0.254710551665273 0.0150075308641713 0.0153398078788564 0.25561299031549 0.470803414127041 0.158681015233146   9.4599491862645 1745833679.20487
-0.273422689897863 0.0171130948630163 0.0157831296248964 0.274411975955004 0.450054958575897   0.1035859341172  9.50654470171223 1745833679.22774
 -0.30060199942794 0.0216079026536924 0.0138268956768366 0.301694624680694   0.428338399517809 0.00879640202096098    9.50311339272303 1745833679.25823
-0.362102228324465 0.0338140350222328  0.019503653861971 0.364200226847808   0.422702445852155 -0.0935116156971962    9.32916727109839 1745833679.30481
-0.394425982706487 0.0422656217911378 0.0277724480806105 0.39765506094071  0.413037431180318 -0.149757735398292   9.21035318282541 1745833679.3274
-0.439805344785824 0.0549577282862357  0.036016635536528 0.444686733820486  0.391086910829178 -0.245584983973786   9.09132760499461 1745833679.35838
-0.503037741826713 0.0844552555827008  0.039157439835004 0.511578894201169   0.34895284726258 -0.430891153323735   9.08178346347694 1745833679.40472
-0.518833271979967  0.100119408709717 0.0380299403663315 0.529771777728947  0.346562461406887 -0.547095075491683   9.22898686245787 1745833679.42681
-0.555179593944611  0.116187171414541 0.0396278370203791 0.568589663818055 0.334785730679834 -0.69286121044646  9.40206340709881 1745833679.45851
-0.605694211015564  0.135433176203452 0.0296352284016806 0.621358084550882  0.294551671385916 -0.928108813212881   9.47523033246921 1745833679.50464
-0.620708618363202  0.140751955205071 0.0230037001335694 0.636882620287476 0.275294275337679 -1.05870390576525  9.50760991027234 1745833679.52603
-0.647995380987993  0.154909080311643 0.0159546683623301 0.666445337884004 0.231311370466923 -1.24676822579039  9.43775279990059 1745833679.55846
-0.655555337385672  0.170052674115993 0.0102635344479252 0.677330091231894  0.16915487660779 -1.55534677286571  9.50519843016233 1745833679.60461
 -0.661795977877206   0.175098607942463 0.00868625063203437 0.684623173569138 0.130309298793946 -1.70015284127116  9.53198280686144 1745833679.62528
 -0.670724909439751   0.172565718333755 0.00619218383439225 0.69259596766632 0.0658984846580292  -1.94704061359711    9.5234238658876 1745833679.6585
 -0.638245845583215   0.150449095996485 0.00546790154585566 0.655761075268812 -0.0205896674406896   -2.32129518129026    9.65753522020468 1745833679.7046
 -0.616855757058985   0.134075964090121 0.00745709487213427 0.631302619531585 -0.0625825499324418   -2.46821770531771    9.71721353234901 1745833679.72332
 -0.589115252499357   0.104685775261749 0.00375434470871954 0.598356070725222 -0.123623448713867   -2.7071375500249   9.76715545443848 1745833679.75959
 -0.577259109938963  0.0698215806476515 0.00314992849676047 0.581474896432507 -0.145303121200899  -2.98219404939488   9.70625710144501 1745833679.80457
 -0.560516259422616  0.0563950885763968 0.00235727758091172 0.563351080455389 -0.15369372837886 -3.09218138883309  9.67041305733144 1745833679.82124
 -0.520117334309891   0.032754279392347 0.00185942779727456 0.521150977874812 -0.163928510141833  -3.28389060454814   9.56225124269586 1745833679.86106
 -0.470506790045069 0.00360176489130389 0.00777167970442566 0.470584754528103 -0.178920781303085  -3.50298595729668    9.4820302721865 1745833679.90455
 -0.442749950248538 -0.0131863104091075 0.00973833111786541 0.443053306409341 -0.195676713323411   -3.6081263704334   9.53636011392763 1745833679.91993
 -0.393637137667083 -0.0730556955885412 0.00678949309385903 0.400416568120166 -0.246039604470883  -3.86074165568939   9.64457502317738 1745833679.9627
   -0.346024438525744   -0.0984542063307879 -4.21122704952949e-05 0.35975845309697 -0.260128993683811  -4.08507552888672   9.68345334072944 1745833680.00453
  -0.328845565621984   -0.100474475266839 -0.00330495224481498 0.343868359868613 -0.259029425762949   -4.1526982380629   9.69718725585937 1745833680.01931
 -0.271791911842816  -0.100073421988426 -0.0103285810289309 0.289814100274155 -0.161431046158905  -4.24927445232592   9.52576809737811 1745833680.0648
  -0.199095442988652     -0.1006050217815 -0.00774209368193005 0.223204627732231 -0.116544216593055  -4.36110567574758   9.47859486603191 1745833680.10452
  -0.181697455987052  -0.0937511373726503 -0.00911062818244319 0.204661292912732 -0.114873907211126  -4.37687598984643   9.43575513641002 1745833680.11891
  -0.127737076862185  -0.0485576384506005 -0.00816496122313113 0.136898764234636 -0.0565589608260206   -4.41293268592406    9.34432552703222 1745833680.1659
-0.0575286111588428 -0.0363193341480897 -0.0025006094022293 0.0680800130890737 -0.010754736328125  -4.40521435981058    9.2826687481944 1745833680.2045
  -0.034033004352001  -0.0292668355624709 -0.00209680934011533 0.0449353942730319 -0.0145304710962366   -4.42678347416318    9.33658089293058 1745833680.21878
 0.0560509786765879 -0.0201660897058522  0.0028057119257399 0.0596343475191775 0.0683626491211845  -4.25945495997428   9.35066640175799 1745833680.26621
  0.126982358991146 -0.0363772642354021 -0.0042944801205566 0.132160006839113 0.00490292693124821   -4.32936525043125    9.51718384699687 1745833680.30448
  0.142803890252246 -0.0328136419216447 -0.0101861406741681 0.146879010172221 0.00757591425556335   -4.32312753925878    9.50748059257877 1745833680.31898
  0.225961810558541 -0.0380727993353085 -0.0213120737716337 0.230135791150721 0.112955936924442 -4.21748799230387  9.57536265509888 1745833680.36597
  0.278627353561104 -0.0694553669489089 -0.0314144546865192 0.288866955731741 0.149561664817291 -4.12334346350628  9.62765033712256 1745833680.40447
  0.295761241691025 -0.0775817170030993 -0.0344303355670641 0.307699663482147 0.174640220345078 -4.05563391574671  9.57386966395032 1745833680.41947
  0.364052528565029  -0.103901512713418 -0.0296983777589929 0.379752237044423 0.207006003121284 -3.82560645715404  9.43770037196058 1745833680.46535
  0.407258438038661  -0.107946706021973 -0.0336277489897849 0.422661510190844 0.215342216525161 -3.68016642843063  9.39573557525475 1745833680.50445
   0.43061253024447  -0.107864272033464 -0.0344708325306397 0.445252839047894 0.243729869094804 -3.60686242459563  9.41363858000367 1745833680.52039
  0.489654714464531  -0.103967286944475 -0.0260157370408078 0.501246201707018 0.285553159935806 -3.45946239092479  9.60802066338356 1745833680.56432
  0.514810037702272 -0.0819053412225603 -0.0227231396081166 0.521779839504603 0.282470868863323 -3.30563912262764  9.77480987236235 1745833680.60441
  0.524428919939343 -0.0701252322155409 -0.0221044910206779 0.529558163741541 0.301182941339941 -3.18917664961764  9.72977734108089 1745833680.62185
  0.549395541785464 -0.0360510827185271 -0.0130949769937959 0.550732803019204 0.344493070613969 -2.95386198719398  9.65095887274541 1745833680.66238
   0.566976660399396 -0.00406628754066451  -0.0037864584749489 0.567003884818964 0.329159137490864 -2.68714546643799   9.5333585417116 1745833680.70434
  0.557238477859289  0.0108824065308951 -0.0031172909156737 0.557353447537103 0.321925107421875  -2.5709989979076  9.41682897485594 1745833680.72377
   0.560226970906236   0.0372706280138177 -0.00480249795647817 0.561485905994036 0.323364012492121 -2.43389349026134  9.34742333964677 1745833680.76007
  0.563321609428173  0.0522028451928595 -0.0127300357302211 0.56587845559331 0.335939162454291 -2.24037098919753   9.4487660690506 1745833680.80424
  0.568403864066331  0.0499768036797985 -0.0138910261496737 0.570765796276438 0.336909891319441 -2.13653428302948  9.52185061742624 1745833680.82517
  0.579101112231873  0.0372298338947238 -0.0118472209727031 0.580417535369838 0.307070359174672 -1.98941004733195  9.66718662788589 1745833680.85857
  0.567972916180845  0.0241942156205396 -0.0169861446920633 0.568741701210634     0.28679296875 -1.73667997446032  9.62742754829238 1745833680.90413
  0.562049585706424  0.0214026071528577 -0.0178482347570271 0.562740053550167 0.289349800921926 -1.63218739766874  9.57607069724928 1745833680.92566
  0.565795752940849 0.00766202931819483 -0.0165051146726958 0.566088296601805 0.272413832688951 -1.47143495743177  9.55269763098622 1745833680.95823
  0.550726973752744 0.00390011665098984 -0.0211568328714697 0.55114700589398 0.25094894173063 -1.2171131914469 9.41912007754385 1745833681.00401
  0.535585395272358 0.00170976427760678 -0.0245833369619897 0.536152011447425 0.275374310425756 -1.10655100793739  9.37953751275587 1745833681.02604
  0.516309122527133 -0.0249709877645931 -0.0266263116273838 0.517597933444054  0.300718441589674 -0.945240510142671   9.38717934228261 1745833681.05789
  0.483504052399283 -0.0343678757629415  -0.019253003182335 0.485106171577444  0.245690916788996 -0.715051733496576   9.35973740974987 1745833681.10388
  0.470149684149808 -0.0292621567756143 -0.0212915233829377 0.471540378221517  0.250303377091144 -0.598930165272446   9.37066617214042 1745833681.12624
  0.437736807126489 -0.0339567001484774 -0.0203867886331241 0.439524960552911   0.28451991754714 -0.450009778580641   9.41590002423839 1745833681.15736
   0.37627332355008 -0.0463579180590206 -0.0161387562058802 0.379461631833922  0.283220723449738 -0.208853425606068   9.22516199893214 1745833681.20373
  0.355996848188574 -0.0454238439746061 -0.0168795992000295 0.359279838553156   0.279101702769886 -0.0956845632102273    9.17717945933949 1745833681.22636
  0.337912444386895 -0.0387292220610284 -0.0168396150730327 0.340541253519727   0.299982580391322 0.00851852517921962    9.29196429167508 1745833681.25693
  0.276344315333833 -0.0360198471019366 -0.0176458680394191 0.279240016225176  0.30824946645154 0.215233565730668  9.30287523183877 1745833681.30358
  0.256929210006612 -0.0318773010739821 -0.0186953908523563 0.25957330162693  0.31337772925016 0.285216233069936  9.30219958321505 1745833681.32644
  0.249305616611795 -0.0274922570947124 -0.0163583693726046 0.251349778044222 0.341962768654921 0.316805306256873  9.44213775519497 1745833681.35661
  0.184433321127261 -0.0265113352999414 -0.0142760711269634 0.186875110831377 0.338661552043566 0.511803909390423  9.35733574171602 1745833681.40343
  0.158492951107188 -0.0228755689599157 -0.0141062048417413 0.160755380068421 0.345871718596332 0.564751992003098  9.27657825235266 1745833681.4264
  0.135013261169003 -0.0200865129819418 -0.0137043439098682 0.137185486613064 0.374348876446019 0.577761061374868  9.25379678248605 1745833681.45647
 0.0870001754443231 -0.0171084660943668 -0.0127305195603598 0.089575645505471 0.372611010748823 0.684880624973457  9.26764093817195 1745833681.5033
  0.0722516232336709 -0.00606048298483351  -0.0134628555253779 0.073744660774913 0.368892627053009 0.708111057153877  9.33742021860862 1745833681.52627
 0.0443397634987719  0.0106982844001698 -0.0133437075916218 0.0475239144907556 0.408739673447726 0.707121063114813  9.43768791028198 1745833681.55623
 0.0214310045532804  0.0154838711599112 -0.0118750773976951 0.0289837141419229 0.405533996372309 0.747934051996068  9.50901611412014 1745833681.60317
 0.0244227135738782  0.0192706549815471 -0.0121805409705301 0.0334094696166264  0.38540875222581 0.756580350449595  9.65464016785122 1745833681.62614
 0.0202938932464987  0.0236756030474869 -0.0119755159628604 0.0334034319395355 0.39222846212815 0.75868735241061 9.81815102642649 1745833681.65611
-0.00962122517587565   0.0220156313676161 -0.00528152027125449 0.0245998059906036 0.367057033761081  0.70340444012256  9.70960828443024 1745833681.70305
 -0.0216235003741223    0.015862740635982 -0.00731712319398449 0.0277982481597321   0.3612101645907 0.668693143790149   9.6149762458768 1745833681.72597
 -0.0354246701071389 -0.00134083576320971 -0.00649116656646315 0.0360394275223274 0.361088977299567 0.646021949163521  9.52382301914465 1745833681.75594
 -0.0504861168090047  -0.0241290052230303 -0.00508489094096015 0.0561864129428722 0.352798941796288 0.633728716405998  9.51853473398329 1745833681.80294
  -0.064181176513771  -0.0307959902399654 -0.00315141427435167 0.0712569143696277 0.368135028789769 0.638238271392174  9.54642614165611 1745833681.82586
 -0.0829133194082358  -0.0372499947537306 0.000874463925518229 0.0909007443952035 0.381856533523733 0.617614740322804  9.57479531538547 1745833681.85588
  -0.11012977808516 -0.0438032034943547 0.00575939968019142 0.118661111330252 0.360642158203125 0.550892041267781  9.54540524128658 1745833681.90283
 -0.124388781818255 -0.0446219202827138 0.00305630546008398 0.132185573399715 0.368346774760724 0.518437659204624  9.52579673017873 1745833681.92575
 -0.146601457771953 -0.0368742454106014 0.00379460739358373 0.151215397498848 0.398454070600419 0.473521991707636  9.51148880859375 1745833681.95583
 -0.169781679712416 -0.0336579521814338 0.00271642431188082 0.173107063611106 0.429145783268643 0.363264307348896  9.53554384833798 1745833682.00272
 -0.184171858558384 -0.0292353485065957 0.00235535749910155 0.186492699042349  0.43355549097813 0.305067276819741  9.48939830376242 1745833682.02565
 -0.217070479338873 -0.0145728952025107 0.00386198931218788 0.217593375902023 0.446271822015146 0.242252091792544  9.39519449224687 1745833682.05585
 -0.251434530176939 0.00490447944452671 0.00804046449004666 0.251610862152522 0.49075466413193 0.10957059970898 9.38179825612801 1745833682.10264
-0.290094583189913 0.0113485558330354 0.0101711356414073 0.290494593608661 0.472870881321347 0.065083214399333  9.23999604028469 1745833682.12551
-0.338205290132122 0.0300107758314449  0.014291237487452 0.339834819299437   0.427694484896634 0.00289687018389354    9.05402272394022 1745833682.15604
-0.390207128665322 0.0668687729306963  0.022503838835655 0.396534309759992    0.3986422265625 -0.151061527838003   9.06890497677023 1745833682.20256
-0.424874228606074 0.0829909531922192 0.0287891923540741 0.433859915228129  0.399710956529732 -0.194437109639729     9.115497637485 1745833682.22509
-0.467245065829941  0.101137227544283 0.0377055457070585 0.479550204373679  0.387721748732313 -0.267452494414055   9.20749550949071 1745833682.25623
-0.515795592075379  0.120027247412101 0.0387525311542258 0.53099283572999  0.320190848602847 -0.498839883260234   9.38563194026575 1745833682.30246
-0.541294328040368  0.129465024771697 0.0367592805122174 0.557774136108501  0.293052628887251 -0.604630748156119    9.3962478203315 1745833682.32439
-0.557554384652668  0.132174591648541 0.0335620585718231 0.573989047193806  0.275521457379658 -0.779597177297817   9.47086978770575 1745833682.3562
-0.566958328189732  0.109677118798412  0.024603482582252 0.577993207266999 0.195123168636928 -1.08073815355368  9.67205015266464 1745833682.40239
-0.570111045376741 0.0992188636729439 0.0172098037454592 0.578936235101991 0.144267844601323  -1.2097202707022  9.69993653463992 1745833682.42372
 -0.561864442579816  0.0897959288505158 0.00754285471663577 0.569044686585272 0.104431670123739 -1.40628097687263  9.72848890701066 1745833682.45621
 -0.574072082718656  0.0701707726687595 -0.0042504553876234 0.578360406550161 0.0986436221276587  -1.63945335972075   9.64252597449356 1745833682.50236
   -0.57777691104887    0.064080806522956 -0.00645099867140766 0.581355419764591 0.0852612494125677   -1.7461273798474   9.59183222492453 1745833682.52314
  -0.568913836271238    0.061425196230789 -0.00240732161793237 0.572225307925313 0.051560750771974 -1.94888114711553  9.60985538487082 1745833682.5563
 -0.564799859079582  0.0761064541456181 0.00183282094933363 0.569907389328798 0.022226455078125 -2.18649043456018  9.59166499227467 1745833682.60235
 -0.565584758968738  0.0779253252648666 0.00184312411332108 0.570930707706161 0.024610869488466 -2.29674607871461  9.59142405813895 1745833682.62163
  -0.545946514830536   0.0740201366811083 -0.00275825847528853 0.550948441943268 0.0141470992636212  -2.51438090821151   9.63448757640461 1745833682.65752
  -0.519085042707326   0.0785860340804027 -0.00556215699042994 0.525029507652035 -0.0251399750219047   -2.75400820125583    9.70913144146101 1745833682.70234
  -0.511757446686166    0.080679913771883 -0.00749971383088503 0.518132394695147 -0.0138248905119839   -2.82333819458872    9.69662583074239 1745833682.71978
   -0.48157401892522   0.0726882814568085 -0.00060796420784156 0.487029251262602 -0.00102533512145493    -2.98675573711725     9.60264209237887 1745833682.75905
 -0.451987475266329  0.0595774032149594 0.00612143796293417 0.455938172095956 -0.0569098536609115   -3.20102225384003     9.4448248794304 1745833682.8023
 -0.439523869935699  0.0594852888139909 0.00588315352448029 0.443569998223426 -0.0750217667420294   -3.28299363719624    9.41919397581078 1745833682.81818
-0.398647431143906 0.0578253361825507 0.0104170647990163 0.402954165012955 -0.0693059417803626   -3.48722393388935    9.50464344956227 1745833682.86048
-0.368070071171644  0.023102344336567  0.011415880689546 0.368971025878811 -0.0874595476380333   -3.72445049908134    9.59865522473021 1745833682.90222
-0.358738862162199 0.0155927900864048 0.0113167678951543 0.359255863645537 -0.118137892634563  -3.79752747472225   9.55957627244326 1745833682.91726
 -0.317796614852174  0.0091534719126757 0.00575242795457115 0.317980447334313 -0.1598846527004 -3.9238456644774 9.42165716590401 1745833682.96143
 -0.287194350961671 0.00793847157293972  0.0111597707296838 0.28752070366836 -0.141167279819068  -4.03067659235148   9.31067899481048 1745833683.0021
 -0.278801905760268 0.00947849147528069  0.0120888617446386 0.279224793015386 -0.154830048849778  -4.06307579430692    9.2356159113645 1745833683.01664
 -0.224818417079329 0.00860964302711998 0.00862864193185673 0.225148617745474 -0.166971655474953  -4.18213352634546   9.12354622372271 1745833683.06224
 -0.175703653938574 0.00402957359541725 0.00802790776455792 0.175933108805033 -0.185245690037344  -4.32391633445404   9.22834032527264 1745833683.10195
 -0.166928781014254 0.00302337072347897 0.00598535216463831 0.167063410542139 -0.192374043704263  -4.34061556498202   9.24775264614002 1745833683.11616
  -0.134690428366237   0.0034829026840076 -0.00253413464018466 0.134759281472414 -0.191580000586734   -4.3400850291013   9.08144626310372 1745833683.16266
  -0.101663463069671 -0.00213948544415806 -0.00746910681250623 0.10195991701576 -0.176307880124561  -4.33624835347693   8.96682750406104 1745833683.20183
 -0.0939924162244034 -0.00754515576705907   -0.010468967962869 0.0948741428075018 -0.171518390366418  -4.34512469261297   8.94788900048783 1745833683.21592
-0.0614353147571537 -0.0374953766374471 -0.0239547273212682 0.0758553236729689 -0.155335473337001  -4.44292251035725    8.9591325286375 1745833683.26304
-0.0230371187003131 -0.0678554168740366 -0.0357498889329872 0.080081964235916 -0.110925247421445  -4.49605912500461   9.04523023190094 1745833683.30173
0.00138053501182671 -0.0791206587642652  -0.037723416829894 0.0876643638973791 -0.0908810220120163   -4.51913620503314    9.11062305275281 1745833683.31583
 0.0911681130303428  -0.107771403314642 -0.0325270659017906 0.144859622469824 -0.0506620569049346   -4.52497873227435     9.3971704460916 1745833683.3634
  0.136220211641944  -0.114591594859347 -0.0189513789022622 0.179014900034834 -0.0354144837273577   -4.41482439950522    9.41878075748868 1745833683.40163
 0.156873415435915 -0.116186409477314 -0.012517744780241 0.195615040710428 -0.0182137432860892   -4.36526674818238    9.41440128943549 1745833683.41589
  0.240660154915669  -0.113724521724923 0.00808503781778276 0.266300478486448 0.0215048572197312  -4.18604083524278   9.44212819953195 1745833683.46331
 0.300964453863851 -0.102274639586656 0.0224693268889916 0.318660595372241 0.0387596837393159  -4.09424229863925   9.54695867755933 1745833683.50147
  0.320309693357111 -0.0973599311348664  0.0236699456635819 0.335615139969622 0.0544643047917151  -4.04484743547186   9.55530612185874 1745833683.51623
    0.3819713758545 -0.0916546251880532  0.0208899567386005 0.393368901392932 0.0965025724092351   -3.8874575287751    9.6017666614296 1745833683.56266
  0.426771795171209 -0.0890177814097689  0.0167372731358506 0.436277969731223  0.11289511572765 -3.71415443457793  9.62369032677789 1745833683.60133
  0.436188059233221 -0.0789127908598835  0.0119479757418173 0.443429820493916 0.127179737905321 -3.62507307382983  9.58120704560891 1745833683.61692
  0.475956203184129 -0.0507184962339551  0.0117112304165605 0.478794137524214 0.160607310399772 -3.44641537240831  9.53036211485258 1745833683.66144
  0.548710384973496 -0.0380935202181766  0.0104302158355415 0.550129977607793 0.195715995816448 -3.32910846347764  9.75478816002661 1745833683.70123
  0.575347268479894  -0.036139116945649 0.00700434415291934 0.576523699389625 0.210553085745415 -3.26048292251119  9.86638664578826 1745833683.71833
     0.6165420806856  -0.0386386627197888 9.13089244851401e-05 0.617751642531384 0.229878219633102 -3.01851878321807  10.0044199161402 1745833683.75937
   0.634000761853037  -0.0406987169337683 -0.00745454619211243 0.635349448610146 0.263809479517543 -2.74277817753153   9.7488765550855 1745833683.80118
  0.652366885342752 -0.0360732817596141 -0.0118696562143302 0.65347128742383 0.273413792652053 -2.66223701538723  9.69272303471634 1745833683.82057
   0.697986048115623  -0.0219144689620858 -0.00767611753750834 0.698372171620838 0.278140461190913 -2.50132216306743  9.73634277310991 1745833683.85689
   0.709535111622633  -0.0181537677750706 -0.00227406260674592 0.709770952681576 0.274468471179218 -2.25115803358129  9.74223612143545 1745833683.90116
   0.714591677547207  -0.0129036164594211 -0.00128814631345677 0.714709331307762 0.288646117794909 -2.09462529891711  9.67615199366411 1745833683.92215
  0.707879269642528 0.00351222583816015 0.00486805884511157 0.707904721072615 0.312164228424123 -1.82933416171179  9.56902475476554 1745833683.95564
  0.668332156061585  0.0196981307196012 0.00464986669131412 0.668638548425097 0.317936857443389 -1.51209731214042  9.38249402463611 1745833684.00113
  0.646800518649147   0.034088743869788 0.00285539023289194 0.647704490208928 0.305506974072094 -1.36395800519874  9.25022499872944 1745833684.0229
  0.632724985590449  0.0621830266153977 0.00431432096592837 0.635787896672217 0.286273492822709 -1.19008798154918   9.2042810632587 1745833684.05545
 0.592110588439824 0.0896060807615352  0.001793310694466 0.59885508649025  0.266240583779856 -0.943953487122311   9.26405161575657 1745833684.10111
    0.56728831093893   0.0980838483374135 0.000316863089358202 0.575705280012992  0.237709792130299 -0.805036492232389   9.22388135437652 1745833684.12339
  0.531884102330874   0.114749232052088 -0.0026474994703935 0.544127828568167  0.197841712029104 -0.617411524362304   9.20031086476527 1745833684.15505
  0.458335814325556   0.122522808980207 -0.0152676219460407 0.474675318184713  0.166820645229743 -0.400015216361574    9.0859395102142 1745833684.20111
  0.416610158398237   0.122366996627123 -0.0242984219652888 0.434888628563854  0.143947071763269 -0.262754715519332   8.97480494419952 1745833684.22367
  0.373822847833479   0.130469953263297 -0.0283689285840226 0.396951793516372  0.106288849218973 -0.102281651830417   8.96127543139364 1745833684.25461
  0.292536852878829   0.136462660067339 -0.0323468791768389 0.32441668957898 0.0302077414137099 0.0467415341838086   8.99574629080873 1745833684.3011
  0.255558603036843   0.129900186170044 -0.0376770224721871 0.289143244734378 -0.00585678381179145     0.11407928289048     8.99052628338865 1745833684.32377
  0.229717124849367   0.112869551963339 -0.0404562037437087 0.259125833584413 -0.043650285745638  0.230789774857675    9.1678648930531 1745833684.35438
  0.202004686944696  0.0888200472704965 -0.0299667853856869 0.222694639744898 -0.117619527830879   0.32759665838138   9.61379842066563 1745833684.40108
  0.172831078211544  0.0652521402402551 -0.0328931500712048 0.187644298403404  -0.1432049950421 0.382102655949648  9.61495515162249 1745833684.42373
  0.139836792402612   0.034461121640691 -0.0328151315089221 0.147711645682165 -0.151698133287615  0.457439588629071   9.47758198284656 1745833684.45421
    0.10478757332352 -0.00404867536167955  -0.0289219294382605 0.108780996950975 -0.158241574393932  0.513451927923387   9.36625050863462 1745833684.50101
  0.097554682289898 -0.0245091966601886  -0.030842464601081 0.105208718176203 -0.170062681688402  0.584133611670526   9.44991068021304 1745833684.52365
 0.0850236074178836 -0.0557378339056541 -0.0366623506679789 0.108073345017847 -0.175210756675633  0.664207349754941   9.58829456120974 1745833684.55407
 0.0536035067765178 -0.0952335091044526 -0.0362726312058062 0.115145390570706 -0.135381317316526   0.75269810557073   9.68460501180033 1745833684.60091
 0.0390307439100999  -0.104327005501394 -0.0320869450258996 0.115918484669869 -0.118163998784792  0.784146293827037   9.68830726514771 1745833684.62355
 0.0218936528370644  -0.106800859104893 -0.0267845355117886 0.112263827133566 -0.0980658207581383   0.804895923335967    9.64083205800855 1745833684.65384
0.00623351892891676  -0.100348770863251 -0.0150830769401548 0.101667260128249 -0.0538872555674051   0.775998265031002    9.55815524791598 1745833684.70077
-0.00179211064333465  -0.0948806369265417 -0.00721128630357109 0.0951711593619425 -0.0374534297334608   0.763534791538377    9.53030069535846 1745833684.72345
 -0.0132113845435282  -0.0898107601724441 -0.00216164459045027 0.0908030067324021 -0.0222666958062995   0.755814245914093     9.5551383059451 1745833684.75368
-0.0274993088237414 -0.0815259307710589 0.00504111764731161 0.0861864388462885 -0.00193248327040381    0.719955634797755     9.67211866625563 1745833684.80061
-0.0334030003661555 -0.0757859414417064 0.00884401491791703 0.0832915719237876 0.0076597100696928  0.697365568792999   9.69096597222207 1745833684.82335
-0.0523838662390739 -0.0630501683241716  0.0122758068527872 0.0828859976217123 0.0237879598176767  0.681048274184049   9.61611998523457 1745833684.85353
-0.0791403205543888 -0.0319211543710394  0.0182961052683079 0.0872748411732736 0.050905751953125 0.616603190485776  9.47645128637051 1745833684.90046
-0.0989544219295126 -0.0225600583738944  0.0210848069454715 0.103660517735372 0.0464037526074729  0.585874639796448   9.40437488608424 1745833684.92326
 -0.112055140120308 -0.0102983664082236  0.0228546537830549 0.11482484912946 0.0363200323723379  0.530804362378239   9.41492972272847 1745833684.95343
    -0.1582644004168 0.000561684884453076   0.0257406624633841 0.160344995660147 0.0322424822443182  0.423714884588068   9.40270302112926 1745833685.0003
 -0.175521935719798 0.00739480650388766  0.0265360334951305 0.177670465063019 0.0324868268724631  0.364643126273352   9.37852618514357 1745833685.0231
-0.203817827055476 0.0147288789914703  0.025610199761818 0.20594787892523 0.0389898230795086  0.275734229003173   9.38531933845976 1745833685.05345
-0.254509948832344 0.0230309546281527 0.0212175059327967 0.256429174400524 0.0574419963973149   0.16147803814035   9.27583988507492 1745833685.10017
-0.271210663085184 0.0236153574700198 0.0160319046768111 0.272708508937855 0.0683530535542926 0.0803870045386501   9.33669984784377 1745833685.12292
 -0.307999176453981  0.0168119010774764 0.00688391235493696 0.308534472893192  0.0757532792418338 -0.0126950487464014    9.39675898847305 1745833685.15344
  -0.381346088260085   0.0108570111631439 -0.00848188139302099 0.381594884707107 0.0781949306313032 -0.152975463891285   9.17574128932024 1745833685.20007
 -0.411376346826405 0.00715095992368209 -0.0127031469655064 0.411634552605701 0.0923107987744808 -0.236599481216975   9.11894427453511 1745833685.2225
 -0.466497173699173 0.00240639563649688 -0.0128960667796006 0.466681596324153 0.0957795115092072  -0.32340961863749   9.02486047662974 1745833685.25353
  -0.512764217201338   0.0186946670119913 -0.00830927213378444 0.513172170933093 0.0982260789705951 -0.481090076815326   9.13793224875012 1745833685.3
  -0.534432850927058   0.0347421545672241 -0.00380578882237907 0.535574433186048  0.107098828322673 -0.589791247943638    9.3111620600719 1745833685.32187
  -0.568794276891379   0.0494422856671477 -6.0810210027673e-05 0.57093911473489   0.10129481433508 -0.769211812644867   9.46052789362712 1745833685.3534
  -0.584969727994076   0.0618082449325458 -0.00591221761997591 0.588255723413118 0.0853322587581193  -1.01193650804272   9.57082241600696 1745833685.39992
 -0.589983614004921  0.0700575945131711 -0.0027898598217476 0.594135097987911 0.0783583170840672   -1.1358740556415   9.60060186200594 1745833685.42119
 -0.610613456803536  0.0899509868857455 0.00438206099502886 0.617218904546715 0.0609127362825833  -1.27899781900087   9.51140301275713 1745833685.45338
-0.644085625831091  0.135046828313506 0.0117926167413833 0.658196782922383 0.0152588895441526  -1.46597043444144   9.30650322135566 1745833685.49983
-0.646808187547329  0.147489095592114 0.0138677375383532 0.663555708996067 -0.0142932034707538   -1.62167345037322    9.37471062086772 1745833685.52043
 -0.654021477745805   0.155422203126981 0.00820149992281634 0.672285221597675 -0.0616654114135367   -1.87469602226068    9.56049929137018 1745833685.55334
 -0.657479354601616   0.145975888260765 0.00334720928338326 0.673497784325134 -0.127813830506161  -2.20555993105948   9.70224679993649 1745833685.59974
  -0.650896510312577    0.142695352294365 0.000113315304289131 0.666354442878459 -0.165754359734444  -2.36100605521346   9.80045848558283 1745833685.61845
  -0.624209281803954    0.131560439766688 -0.00681329601280734 0.637959087876621 -0.205744365001777  -2.62694215693676   9.89999717760515 1745833685.65387
 -0.575278195060647   0.101049585485219 -0.0086445626101994 0.584149594625976 -0.286795584164027  -2.96568788086706    9.9667752618984 1745833685.69967
  -0.551626219686547    0.083912641987021 -0.00709585662347909 0.558017176180208 -0.318995074471884  -3.08467619332152   9.90981583503044 1745833685.71621
 -0.530038260254385  0.0795015875242006 0.00114839630922743 0.535968635804789 -0.365810681432562  -3.25876322982109    9.6044062568426 1745833685.75302
 -0.494556108063291  0.0441278878045801 -0.0109312543264706 0.496641225459539 -0.350801722755156  -3.46483414364109   9.42611516475485 1745833685.79961
 -0.477278392852855  0.0322462653661115 -0.0107941856291528 0.478488244743445 -0.35020829727831 -3.53149920102226  9.40095325786237 1745833685.81483
  -0.427947045245851  0.00485478208894402 -0.00844696942931384 0.428057932687067 -0.38255460975009 -3.68266820015431  9.42746480386398 1745833685.84932
 -0.327943092884029 -0.0298882563254626 -0.0267784895398982 0.330389266681831 -0.413787935346687  -3.98144615838362    9.6444405601268 1745833685.89959
 -0.310895497954668 -0.0302823874041753 -0.0262214410434669 0.313465464773671 -0.403261338336263  -4.02925789263666   9.68424126412003 1745833685.91414
 -0.276881831569469 -0.0369206245295637 -0.0249289593071927 0.280442746707874 -0.359899739597769  -4.06675927162729   9.55581612759406 1745833685.95002
 -0.194918895511976 -0.0338506156284655 -0.0241779749285619 0.199308340211043 -0.336424159361365  -4.17272577952403   9.40354326989461 1745833685.99956
 -0.174215422909502 -0.0306840845195448 -0.0223384260735204 0.178301800051994 -0.329565603600282  -4.18912398102573   9.39660741411894 1745833686.01372
 -0.118392248224821 -0.0263199214299608  -0.012283692903079 0.12190304268206 -0.319478122639095  -4.22012386809973   9.34705001920924 1745833686.05397
-0.0484168057833851  0.0020621678641235 0.00102691994512025 0.0484715811908332 -0.313582893950523  -4.25363250133482   9.35591061457849 1745833686.09948
-0.0255190758792436  0.0069337011429868 0.00495459586558385 0.0269044134941112 -0.315308349251747  -4.26248865220964   9.37871129833639 1745833686.11346
0.0249916553118554 0.0356140202868008 0.0212886632503569 0.0484370566736084 -0.369969476769673  -4.25922425652518   9.39093052976612 1745833686.15358
0.0898619888080325 0.0441760308082213 0.0283568539331506 0.104071177064017 -0.390375518213753  -4.18985065586429   9.41264954324032 1745833686.19934
 0.114581819204734 0.0416869533259114 0.0281229811112368 0.125130721393453 -0.404029039277217  -4.18863166779706   9.45257115457613 1745833686.21343
 0.189899041366119 0.0324941210907993 0.0271822938420615 0.194567188692622 -0.444124130088221  -4.19666010382409   9.64988757915134 1745833686.24943
  0.287260029950574 -0.0286390602430121 0.00818085523367088 0.288800012069186 -0.438413904588286  -4.09220007054496   9.86976745303824 1745833686.29922
  0.318922571397963 -0.0507194638942325 0.00369168872274689 0.322951543006738 -0.431519570647078  -4.03631923700301   9.90539898194145 1745833686.31393
   0.392818104674775   -0.106850392643972 -0.00333423349242008 0.40710463873731 -0.394099269491296  -3.84872143504466    9.9275302051794 1745833686.3547
 0.440466546291398 -0.163385449088832 -0.023622012192678 0.4703866312257 -0.307104137332306  -3.54982754388769    9.7027664980885 1745833686.3992
 0.461915749715328 -0.173678504794589 -0.022695759393891 0.494009595410072 -0.28073649038483 -3.47352413880124  9.66638225986593 1745833686.41497
  0.507087754388225  -0.186739800353298 -0.0148061203777822 0.540582061196192 -0.218727861436391  -3.33053362480358   9.66579591139174 1745833686.45708
  0.532461909807034  -0.179002084000733 -0.0200927875350001 0.562104217723801 -0.0814802667221922   -3.14567590494116    9.64568325786237 1745833686.49917
  0.543604624571908  -0.170495470125347 -0.0154462695577954 0.569923925127276 -0.0437355174733511   -3.06844476292602    9.63863346918153 1745833686.51667
  0.567733938379515  -0.148902275804399 -0.0119842249053566 0.587058203395734 0.00098078026023599   -2.89461885943074    9.55715209133573 1745833686.55576
   0.583430111918465  -0.0761462539366317 -0.00672029776465639 0.588416612515164 0.0618311910556067  -2.64643847874878   9.52441668047121 1745833686.59912
   0.592060483447825  -0.0412891306613374 -0.00580518448811728 0.593526838936693 0.0852180352513847  -2.56428919595609   9.53648714099715 1745833686.61866
  0.602782117414294 0.00575822248717685 -0.0112270535964485 0.602914160501417 0.113812749978626 -2.39965122484449  9.47286753666737 1745833686.65391
   0.611907767189153    0.068018330482069 0.000521702228505173 0.615676766656983 0.0900807224138731  -2.14909905680659   9.47192503034182 1745833686.69904
  0.613427633851859  0.0812766858656053 0.00446432735734796 0.618804728373289 0.0526360278213792  -2.02925415352267   9.51411529966869 1745833686.71985
  0.604109128820147  0.0869646129549548 0.00651529769375021 0.610371307102718 0.00413337579788384   -1.81678215608594    9.48531563383963 1745833686.7527
  0.59639013078106  0.108529325131718 0.0168504627204974 0.606418783185754 -0.0239983040634667   -1.57792586438808    9.54388074551023 1745833686.79891
 0.593153558592615 0.0944229488541006 0.0221118678489787 0.601028927790633 -0.0606515538582496   -1.48431248686275    9.57278498508579 1745833686.82021
 0.562321075369198 0.0775873324804569 0.0294012984344748 0.568409379158576 -0.113599311680948  -1.26868322437454   9.43415212693021 1745833686.85222
 0.532255367673426 0.0660685178813295  0.029520389222939 0.537152007212189 -0.141250032886428  -1.01108737028853   9.35035937266424 1745833686.89876
 0.513506595498998 0.0447183129612077  0.024405123654454 0.516027481046947 -0.158925564991802 -0.914585584212922   9.36131240182058 1745833686.92051
 0.482255721115585 0.0183388461370148 0.0127256584008562 0.482772033374019 -0.182525283376351 -0.762689123908675   9.34014431761883 1745833686.95191
   0.460899531178551  -0.0219277800054285 -0.00257262770885523 0.461428026662775 -0.181591153213373 -0.579070631657333   9.52092756431091 1745833686.99864
   0.434605157503786  -0.0488767910965633 -0.00660828156333803 0.437394847960065 -0.180942804041953 -0.488612828079877   9.48446558162431 1745833687.0209
  0.402271105540151 -0.0660511419028847 -0.0134888071073043 0.407880795841565 -0.161568381036652 -0.350705396885589   9.34792141362399 1745833687.05177
  0.348006252489986 -0.0926746191237868  -0.019882123320998 0.360683012671257 -0.117383986720538 -0.122829005218019   9.23147859988067 1745833687.09857
  0.30906605160431 -0.108278793949467  -0.02251351203002 0.328257489933368 -0.0992447328185162 -0.0464136717832668    9.06767392025724 1745833687.12105
  0.287342783952718  -0.112360814096739 -0.0236488704799036 0.30943512584895 -0.0602706264975681  0.0127328953258552    9.07214412430751 1745833687.15164
  0.235742932071033  -0.113993390323639 -0.0258618181017314 0.263131253739369 0.00565541402589899   0.180642082711442    9.33660055127131 1745833687.19849
 0.208337688207559 -0.113221349809761 -0.025573261045089 0.238490373098988 0.0247750991237829  0.254864404565795   9.32249370887066 1745833687.2212
  0.182279382702509  -0.103580180057311 -0.0228941858407098 0.210899907075422 0.054819155651313 0.310289715519828  9.34301540931854 1745833687.25145
  0.129372129385071 -0.0753504333619217 -0.0207151340517217 0.151142159731287 0.115749609366618 0.422646752918162  9.27973148439386 1745833687.2984
  0.109201029941957 -0.0611545294602191 -0.0188485745220093 0.126570178855039 0.135705235489096 0.436588978082979  9.26501277186449 1745833687.32116
 0.0808848329791991 -0.0412355855227621 -0.0149609231640411 0.0920139062392109 0.154594729964159 0.486069876405926  9.24702573198252 1745833687.35124
  0.0491070790038276 -0.00697722299735068  -0.0103944428827687 0.05067771987655 0.172406964461535 0.643740982846139  9.35937439712056 1745833687.39829
  0.0360133973033164  0.00608343253408841 -0.00632350752502399 0.037066962165011 0.189038279695854 0.686133921118812  9.48019228570527 1745833687.4211
  0.0241023831363448   0.0163581560301813 -0.00311140876028698 0.0292949655407291 0.190187232787466 0.724005646154547  9.63041129124808 1745833687.45106
 0.0199025965742676  0.0295083887116254 0.00243839722770531 0.0356763806431441 0.162249482713146 0.780051866171752  9.79183273046134 1745833687.49815
  0.015469299110459  0.0329623073035461 0.00249578633958708 0.0364971487543223   0.1562339107909 0.789021949951748  9.81269024706801 1745833687.52095
-0.00116320384709493   0.0310635673550828 0.000812579384001532 0.0310959570566491 0.150916312529756 0.801297506801222  9.72579865453492 1745833687.55085
 -0.009555279508943  0.0294651754418381 0.00635948620084791 0.0316218752614563 0.115721660334366 0.796998415720302  9.66807759517032 1745833687.598
-0.0180423043103081  0.0264938419661062 0.00776601621933705 0.0329811978992544 0.099260544585163 0.771218610510396  9.66355157697056 1745833687.6208
-0.0310892408299215  0.0199404953319017  0.0064026575640877 0.037485440818342 0.0917240742276907  0.746996332049131   9.61584203339088 1745833687.65069
-0.0554401640797857  0.0108817588842528 0.00998514163388113 0.0573735786147007 0.0709966274598115  0.731027964440999     9.607760523706 1745833687.69784
-0.0706146315805441 0.00322201156805063  0.0114534822916618 0.0716099839994817 0.0520169952189579  0.714416546866339   9.58973686802765 1745833687.72064
 -0.0980114269993247 -0.00238504610181523  0.00887857853977275 0.0984416447660168 0.0489501106855431   0.68600981376486    9.5095218677844 1745833687.75055
 -0.135778798548655 -0.0218102397592198 0.00598569122670399 0.137649544834454 0.0555373254054889  0.605009880624821   9.43895030054669 1745833687.7977
  -0.15408002784481 -0.0293144375906813 0.00671926914940094 0.156987705919341 0.0486820859210156  0.577160644366406   9.40660142394352 1745833687.82051
 -0.161863014697673 -0.0313671536235131 0.00672973435720359 0.165011584981112 0.0517060515512682  0.514903055353303   9.48084049812301 1745833687.85058
 -0.220717769979446 -0.0169799120455525 0.00670111599498533 0.221471344316489 0.061509426753412 0.360439232844184   9.4075736912875 1745833687.89758
  -0.249574153767818 -0.00117295283390491  0.00496938887683165 0.249626378560204 0.0754973105513454  0.305247278843972   9.27617893162274 1745833687.92033
-0.272992717292027 0.0195918404765382 0.0074238363122081 0.273795502617068 0.0837220184277714  0.204816508413623   9.24758199464829 1745833687.95058
  -0.33418561791096  0.0398079399322359 0.00635556603381881 0.336608218140599 0.0663259082680848 0.0119560660771203    9.2246147620089 1745833687.99746
 -0.365495367183847  0.0538813471860729 0.00559890522285237 0.369488038706445   0.063078384568231 -0.0712142538387756    9.15943838803555 1745833688.02006
-0.398457544958065  0.068964519368381 0.0124873777720885 0.404574411782731 0.0444834746025298 -0.199503987132649   9.18213450651498 1745833688.05064
-0.483675221597162 0.0910522376169734 0.0200070924551628 0.492577419001959 0.000795513219531194   -0.351149795045508     9.07460071603593 1745833688.09736
-0.507445849645822 0.0999368485503055 0.0208867604119364 0.517614645060824 -0.00829629842509477   -0.465421114283587     9.06649797534307 1745833688.11929
-0.532274027516097  0.104281666053715 0.0224161550996572 0.542856141397146 -0.0290885322463298  -0.678091574267505    9.25473761357909 1745833688.15048
-0.583206231903274  0.110007441444111 0.0216875754851645 0.593886771223538 -0.0750052024531898  -0.928721213262083    9.43393783392207 1745833688.19726
-0.588756468385799  0.109478756060928 0.0193346066592672 0.599160749807124 -0.103347162201297  -1.10035873317331   9.53145928958413 1745833688.21857
 -0.59648605888675  0.112196254134261 0.0126875371518844 0.607078735821794 -0.140079774015559  -1.34045677371517   9.61645610180948 1745833688.25037
 -0.630172221585082   0.112968927626074 0.00440258758390426 0.640233074937476 -0.172813994679861  -1.56027052054392   9.46387970909809 1745833688.29716
  -0.628837231370955    0.110125960779656 0.000190670981185002 0.638407414705808 -0.196009349542739  -1.69037750504312   9.42360523909332 1745833688.31787
   -0.62023691826517    0.099850829647147 -0.00789070953791172 0.628272461800858 -0.230599362459962  -1.91952568879053   9.55338206603354 1745833688.35035
 -0.615888698712046  0.0779097500274342 0.00255758325832276 0.620802190381669 -0.288767862753748  -2.17835278749187    9.6310731961275 1745833688.39709
-0.609209134111505 0.0714764968740261  0.010521922600094 0.613478092147939 -0.313766297722411  -2.25999300473075   9.62278452171977 1745833688.41646
 -0.59756224167433  0.064823497214879 0.0195250033430508 0.60138502161391 -0.361863642024919  -2.38764784199594   9.62449684866822 1745833688.45064
 -0.590641889671547  0.0496794691063096 0.00989940083781029 0.592810163224626 -0.358941113432823  -2.59921336647727   9.56656291511485 1745833688.49698
 -0.575639589506434  0.0341611393353409 0.00351157819151783 0.576663031266284 -0.347321905844735  -2.71304013370755   9.58896263709873 1745833688.5143
  -0.527825670363012 -0.00478542675292386 -0.00356771772634854 0.527859419934082 -0.369390171109731  -2.94384124202601   9.72936081425168 1745833688.55055
 -0.501856080050312 -0.0313707956834546 -0.0146918869391354 0.503050199728726 -0.403781993763998  -3.13383187431198   9.73924743825325 1745833688.5969
 -0.485562928694589 -0.0386722077318337 -0.0211269916000033 0.48755845510809 -0.379269752297063  -3.20111309246841    9.7566471381969 1745833688.61267
 -0.450788418463052 -0.0723887414569084 -0.0276436121150225 0.457399712943614 -0.310928368372283  -3.33556607455892   9.70468775046338 1745833688.65122
 -0.419478189169713  -0.120701653289807 -0.0312592099766691 0.437616245704338 -0.272423713141943  -3.53775210894682   9.54705385811688 1745833688.69686
 -0.402150540403154  -0.129107535254195 -0.0301451129838065 0.423441307199438 -0.250707742437002  -3.61716765159525   9.52448736502678 1745833688.7118
 -0.332259072407106  -0.141009827036224 -0.0203651779977058 0.361517085339676 -0.199812720273961  -3.86558816264476    9.5825165315281 1745833688.75539
 -0.244761365849099  -0.135084601351498 -0.0101045448166081 0.279746452275199 -0.156352783922572  -4.10591725044396   9.76364641348917 1745833688.7968
    -0.2161598805404   -0.131522064798288 -0.00830357284333203 0.253164169672585 -0.126529251957735  -4.13955959458442   9.76858275959966 1745833688.81129
  -0.128319741688163   -0.127694271228814 -0.00246860803872645 0.181046615646976 -0.0271237067318761   -4.21528560856237      9.672888606538 1745833688.85758
 -0.0374402809566164   -0.106546619700921 -0.00234211122042305 0.112957701343343 0.000992267568904897    -4.27877478407498     9.64250048702745 1745833688.89671
-0.00101314031038337  -0.0942951034069067 -0.00172608878267937 0.0943163419683644 0.0137644453877975  -4.29653465900919   9.65837777668828 1745833688.91109
  0.110343284325015  -0.045510053362071 0.00239684498107131 0.119384045075182 0.0466762684925915  -4.30697715250971   9.69210463459966 1745833688.9581
    0.195648301828359 -0.000625790472984315  -0.00563165328483695 0.195730337813936 0.0845655663755163  -4.26991087242913   9.73513937496158 1745833688.99662
  0.224699322481179  0.0101644902278839 -0.0112585825588711 0.225210697051291 0.0954683043680095  -4.24705714533969    9.7342510572796 1745833689.01128
  0.305223629623029  0.0401368339456364 -0.0304547452241272 0.309354038321956 0.119383616045185 -4.04174064839741  9.61855078180111 1745833689.05754
  0.353127628795025  0.0625717517494901 -0.0356218149046255 0.360393201978751 0.093519820917674  -3.8547337077845  9.52107107019823 1745833689.09659
  0.380596902053308  0.0612721725679534 -0.0395866809811027 0.38752469120673 0.0834619129386254  -3.82026701249338   9.56409018645282 1745833689.11198
  0.474388806877249  0.0463679184851152 -0.0428973706132314 0.478575917029463 0.088188837890625 -3.64457067770755   9.9171810118734 1745833689.1562
  0.501120707765448  0.0166579707093416 -0.0227920987367791 0.501915263270927 0.063907846887489 -3.37635784952639  9.91613684628497 1745833689.19658
   0.51832579130979 0.00190701839642666 -0.0157614982270429 0.518568884028386 0.0475483637699154  -3.27101999827193    9.8589289379902 1745833689.21335
   0.565801429701618  -0.0174101857808097 -0.00570108984826288 0.566097937504435 0.0508698549693863  -3.00737825579102   9.78944763220846 1745833689.25421
  0.598123069379403 -0.0367704847991295 0.00579752320930725 0.599280306660885 0.0483870740564203  -2.72562475386169   9.74000385701605 1745833689.29651
  0.605367804727207 -0.0413243778774241  0.0123577836789603 0.606902461705874 0.0326018025244081   -2.5880128986409   9.69188437571246 1745833689.31544
  0.621692206938265 -0.0484985997446239  0.0161091930415014 0.623789083300925 -7.89239644707554e-05     -2.42008430932773      9.67720920213426 1745833689.35185
 0.675425223994816 -0.052027828211988 0.0216352075396037 0.677771503031948 -0.005018876953125  -2.27726673744585   9.96247362378029 1745833689.39642
  0.673798503255499 -0.0408961158206611   0.027023155202622 0.675579133925607 -0.00603943543846895    -2.12379942186955     9.94802805962179 1745833689.41712
 0.664058282533313 -0.037144759793726  0.022586653792777 0.665479746281419 -0.010754736328125  -1.90820971538173   9.69944605049165 1745833689.45036
  0.672493453364678 -0.0132575210622736 0.00530339548902036 0.672645027251953 0.0043443736414319   -1.6468210836009   9.48309301918047 1745833689.49632
    0.662638766812991  -0.00293372499912355 -4.98649817724728e-05 0.6626452629517 0.0125844834004631  -1.53856372942939   9.46305520409954 1745833689.51776
   0.651230741696247  -0.0111213995709694 -0.00546881587052717 0.651348656562434 0.00200749266093828   -1.38811325119805    9.44998941614121 1745833689.55025
   0.622643074119146  -0.0172159297207583 -0.00971144235315076 0.622956738543913 -0.000691734274696462     -1.12864896584399       9.3329393477057 1745833689.59629
  0.603719814510219 -0.0187188318511221 -0.0125377456324303 0.604140053434357 0.0190794453291241  -1.01151845205938   9.31218487499287 1745833689.61829
  0.562688980568583 -0.0249651894223013 -0.0209704477871824 0.563632778692473 0.0589451244120089 -0.828758909638387   9.23466979816078 1745833689.65013
  0.484367780629284 -0.0334091149123962 -0.0291641226146851 0.486393731372899 0.100030304388405 -0.59442822316615  8.97058662325768 1745833689.69629
  0.452034711564671 -0.0223852166385849 -0.0299085200459949 0.453575790750182   0.10181150390625 -0.524771952659804    8.9315684408849 1745833689.71862
   0.388945101153345 -0.00438999857662991  -0.0341610639504409 0.390467081953031  0.116045769055774 -0.399356491069892   8.84664432827941 1745833689.74984
  0.306099396461204 0.00395813436108328 -0.0367497143903417 0.308322961923541  0.141254101308249 -0.219708009210882   8.76207791947693 1745833689.79626
  0.275307341627012 0.00767069254445738 -0.0331551726639427 0.277402662842699  0.158367473245638 -0.152071761420913   8.81935446102216 1745833689.81876
  0.213450275566694  0.0144109302063249 -0.0302344386945269 0.216062065925702    0.15997913239536 -0.0481687468148738    8.88949683955918 1745833689.84957
  0.155850179457284  0.0250486710744963 -0.0263811659442074 0.160039620956942  0.140972987035838 0.0854044305099052    9.0860188615339 1745833689.8962
  0.144434965462811  0.0221670930591379 -0.0264427076139723 0.148499346964537  0.14600389831233 0.122670815404891  9.30804850369055 1745833689.91879
 0.125680585430398 0.0195588485946412 -0.020778748190742 0.12887945720265 0.132420976333394 0.187243148397407   9.5051747375882 1745833689.94942
  0.0808085897306535   0.0157632202051743 -0.00780979561416923 0.0827012708066145 0.098226591796875 0.307823547131906  9.50374053342552 1745833689.99608
   0.06512774255901  0.0168392774820159 -0.0053139673680347 0.0674790513132598 0.103595335932331 0.376771177190529  9.44708666554931 1745833690.01872
   0.05718009345218   0.011847247640506 0.00428274247758609 0.0585513641769757 0.0946810134631654  0.457040985855944   9.51419940317859 1745833690.04912
  0.035379015988106 0.00878334947596234   0.015025310669346 0.0394281873919397 0.0420562165373151  0.528144947856131   9.57984788502518 1745833690.09594
0.0232609491895849  0.010135212789965 0.0136506159063586 0.0288120393259701 0.0347224930395213  0.576965411401662   9.60613007802023 1745833690.11857
0.0100888527194333 0.0109694502396229 0.0113236139011323 0.0187173187058375 0.0281950863015543  0.631543666192763   9.66065848609692 1745833690.14892
-0.00641396471252538 -0.00210603259023919  0.00178005298672911 0.00698161193709831 0.0199607885736949  0.654834389649485   9.70118801879909 1745833690.1958
 -0.0163369170299993 -0.00688655627711207  -0.0035862061331437 0.0180881284225956 0.0128356828065488  0.663386571294022   9.69131139490997 1745833690.2185
  -0.027635927794887 -0.00961241396871267 -0.00569467554558087 0.0298089304900318 0.00447465272960651   0.658794516975498    9.69488950002384 1745833690.2488
  -0.062910230933197   -0.015111024797614 -0.00748472652564453 0.065131108985384  0.00379665808033 0.639873982094422  9.58745414150231 1745833690.29568
 -0.0783786195286706  -0.0172917310457126 -0.00761806173055359 0.0806241082202333 0.00275162068722731   0.618465826816863     9.4905624194177 1745833690.31838
 -0.0937459219123366  -0.0300323234162035 -0.00461166696847566 0.0985469725420192 0.0088442703993366  0.580655999913108   9.51632600829013 1745833690.34867
 -0.130766287834504 -0.0370383514503929 0.00283784281857121 0.135940114992014 0.0172854080600737   0.52071792416382   9.46803590968323 1745833690.39554
 -0.159781745067287 -0.0352843833846047 0.00665290060730771 0.163766464375555 0.0235930858313291  0.463313210237052   9.37078984173345 1745833690.41818
 -0.206496718339591 -0.0415916806951401 0.00833185214348461 0.210808401986751 0.0468107315431713  0.389417815136111   9.21229318754792 1745833690.44857
 -0.232252665263734 -0.0461651327020327  0.0107199881820598 0.237038895850718 0.0696035177763572  0.234537868289302   9.37767973118023 1745833690.49539
 -0.256996858603245 -0.0354586422379361  0.0138670822723386 0.259801841048215  0.07313220703125 0.157399462359771  9.44307475718511 1745833690.51797
-0.298178521828505 -0.020213962221778 0.0108148379376706 0.299058515792735 0.0850330930006571  0.054395295468655   9.33848657248076 1745833690.5486
 -0.342461848636928 0.00691240880719902  0.0112945193281476 0.342717763377088  0.111094651035892 -0.136185856278582   9.29564053509562 1745833690.59526
-0.377468490663817 0.0247535156414745 0.0143513657636622 0.378551396351823  0.102856336168841 -0.215319429944126   9.22491184227283 1745833690.61757
-0.436733377706054 0.0516796381383325 0.0137833606099173 0.439996374110459   0.09894357421875 -0.309322640913198    9.0378599609836 1745833690.6487
 -0.51191947263733 0.0645069008683103  0.015930842585265 0.516213597719387 0.0808874224484624 -0.509130084449851   8.93149727769146 1745833690.69515
-0.534826902002362 0.0710597629274964 0.0212969416983202 0.539947094388383 0.0629332205426114 -0.619231801242674   9.04829498431465 1745833690.71685
-0.561728492313302 0.0835796942363289  0.031449523539739 0.568782504034794 0.0363270808853304 -0.786443017034245   9.33174382479979 1745833690.74849
-0.579870466917029  0.101002017744184 0.0361879990283996 0.589712419120243 0.00427953530544802   -1.14498944020079     9.7060705352444 1745833690.79504
-0.578650822569899  0.110761046886801 0.0319750233329358 0.590023038605631 -0.00624483945776299    -1.29779808170324      9.8273056592904 1745833690.81618
-0.595846740009409  0.122244183775308 0.0250965283516776 0.608774846541838 -0.0120801529426376   -1.42416984471043    9.80981354805112 1745833690.84849
-0.609513192781016  0.122170862556026 0.0142464012913729 0.621799816485616 -0.0468858605931711   -1.64765801608964     9.4820440159308 1745833690.89494
 -0.612539138852319   0.121696766165417 0.00597898998879905 0.624539868897373 -0.0725843205280548   -1.75838982543832    9.39032515543695 1745833690.91543
  -0.630758437038534    0.137560988769304 -0.00185751914452279 0.645587083129654 -0.109708037151983  -1.91510868185366   9.34239051381883 1745833690.94847
 -0.641933560803327   0.149488175053903 -0.0132361792005661 0.659242449639292 -0.142239685041306  -2.19145661006595   9.50488432406592 1745833690.9949
 -0.643461804965836   0.146444052970067 -0.0169984195007783 0.660134760004135 -0.16196621457036 -2.32266398300805  9.60099648182829 1745833691.01345
 -0.636343330235796   0.131077653482014 -0.0149428309646036 0.649874967493879  -0.2262096720696 -2.59176647931372  9.76193454808437 1745833691.04883
  -0.574207459915331    0.088742295386243 -0.00585447039759779 0.581053936254176 -0.318822286203989  -2.95635381008783   9.98433583544604 1745833691.09487
  -0.557263343680668   0.0703806254196156 -0.00415453130052361 0.561705551668258 -0.347998528838384  -3.05539333410354   9.99823007716527 1745833691.11131
   -0.53201601271317   0.0328190097694037 -0.00634483414798696 0.533065082429743 -0.357662158879266  -3.22820543132616    9.8249768296825 1745833691.14741
  -0.481877941209747  -0.0326922615118157 -0.00158792289575582 0.482988256261397 -0.338326197844955     -3.41042852327   9.61922590050434 1745833691.19484
  -0.463586041834929  -0.0532003505513601 -0.00419445300149341 0.466647499638587 -0.346353689828355  -3.47506832710674   9.56278740257146 1745833691.21012
 -0.418760206945561 -0.0974037599540863 -0.0136309629000767 0.430155095894337 -0.35589323944003 -3.67574821963822  9.51358895065796 1745833691.24812
 -0.335584302267516  -0.124397231702094 -0.0130922302100952 0.358138104193612 -0.332474798709102  -3.96468549126731   9.61484489397231 1745833691.29484
 -0.308725824557605   -0.13355356849874 -0.0147888129736877 0.336700013954101 -0.318123150136653  -4.04336070080391   9.63965289944906 1745833691.3095
 -0.211757719641342   -0.15647097543175 -0.0147682063814036 0.263709305675754 -0.232173311783905  -4.20052482718385   9.70210508894116 1745833691.35372
  -0.106244023950885    -0.14806956603888 -0.00435114539207343 0.182294600793445 -0.186980461682652  -4.33810263073965   9.77218174024332 1745833691.39481
 -0.0652564947115031   -0.140939277472146 -0.00350418740042312 0.155353047494217 -0.167393882445372    -4.357116519776    9.8296856176784 1745833691.4093
  0.0632010242755985   -0.131225949324361 -0.00688966117130907 0.145815248436574 -0.100864672745741  -4.31433503012529   9.84108184840001 1745833691.45555
    0.15511194990782   -0.106958896314677 -0.00413765439096199 0.188459657987907 -0.0485300500232458   -4.23201010433174    9.72888836449425 1745833691.49474
   0.183205611674591  -0.0950364530893115 -0.00583284280943045 0.206470931658908 -0.0231366362538333    -4.1868071857412    9.68036607524204 1745833691.50945
  0.270086795382289 -0.0638202887562399 -0.0129579844902008 0.277826952722108  0.04303116767217 -4.01920754029813  9.65926681232705 1745833691.55547
  0.329338828543519 -0.0453306552421485 -0.0148495774674818 0.332775363033478 0.0646675990211045   -3.8267094951994   9.63940409323228 1745833691.59466
  0.351510691329694 -0.0340500565071247 -0.0140632049143775 0.353435915265669 0.0767017343522291  -3.76064588047925   9.63266268408772 1745833691.60998
 0.419429684245889 -0.003892112500428 -0.004865140625535 0.419475956593019 0.105075814119665 -3.57568460389672  9.75443509622713 1745833691.65455
   0.470555912138046  -0.0157071721028107 0.000510261741052905 0.470818268624509  0.13069223894398 -3.35596527831926  9.81172895420641 1745833691.69456
  0.488115395544438 -0.0178131056412105 0.00272330841472007 0.488447911766249 0.134150500056438 -3.25504655368363    9.823793995868 1745833691.71104
   0.520633258163122  -0.0149902722717826 0.000403748733264976 0.520849172775929 0.140406926488281 -3.01261283240495  9.76202930876433 1745833691.75277
    0.54771587783798  -0.0301281827386391 -0.00413886968083787 0.548559495837231 0.142523107031976 -2.80965385266584  9.65847548718881 1745833691.79444
  0.565244601838549 -0.0306971707914058 0.00207906001242964 0.56608135342259 0.134737498110578 -2.71917509158775   9.6767495217512 1745833691.81297
  0.581987814275078 -0.0276097592440598 0.00776198786290765 0.582694056281494 0.121271295392938 -2.53632030023237  9.73690789057611 1745833691.85035
  0.584533477025496 -0.0302459058497821 0.00283056631806044 0.585322315216045 0.160296879558363 -2.31984742141958  9.63183929021278 1745833691.89429
  0.600136850419973 -0.0273813037958247 0.00577353742542464 0.60078890532696 0.172404964439043  -2.2424818847307  9.63559897351833 1745833691.91459
  0.608242761508069 -0.0053631542256758   0.005589521965911 0.608292086999344 0.148588252161276 -2.07467890366767  9.61268630559512 1745833691.9486
   0.59063299405443  0.0327324346520701 0.00921310112000267 0.591611043825418 0.102302381221334 -1.84093936914244  9.42055476034439 1745833691.99414
  0.59337527851577 0.0380226524367624 0.0103936161808782 0.594683084095479 0.0909259626883415  -1.75634287934225   9.44011757863071 1745833692.01523
   0.5803888547186 0.0392331344887466 0.0135686086026964 0.581871608400679 0.0621616563103497  -1.59663421152689    9.4392724409215 1745833692.04807
 0.567284197312344 0.0710757597995617 0.0168737399027596 0.571968397072514  0.03298119140625 -1.38447992828786  9.48353196428761 1745833692.094
 0.554748607962264 0.0725690234240133 0.0152783309737558 0.559683578992745 0.0309588609716144  -1.28560363687703   9.50316086878719 1745833692.11564
 0.530680965353751 0.0648612588238123 0.0116745659972329 0.534757482767864 -0.00388431718576774    -1.11084211602255     9.44513640430121 1745833692.14771
  0.485990524056279  0.0585799778598676 0.00215946343823055 0.489513091306965 -0.0372375127754296  -0.884146900031181    9.25966211340251 1745833692.19387
  0.463306574689395  0.0465514348757457 -0.0015099157625315 0.46564181307634 -0.0447127079496281  -0.785698066418823     9.2251243574832 1745833692.21591
    0.42741240853816   0.0321154521192853 -0.00743645604621039 0.428681781879922 -0.0496599304629384  -0.622076254274877     9.1898230265102 1745833692.24738
  0.373143571151071  0.0106611361507036 -0.0278389461520322 0.374332461106774 -0.0385222793601584  -0.426459633403145    9.17907430116095 1745833692.29379
   0.330037509741254 -0.00347351180769396  -0.0367441255807871 0.332094796534337 -0.0288937608252383   -0.32510842527149    9.09618217240767 1745833692.31617
   0.28595768112722 -0.0155748007484929 -0.0452699288452158 0.289937469588984 -0.0169948577841133  -0.175170995544735    9.04363672680152 1745833692.34716
   0.23858453124013 -0.0341198461473638 -0.0482959511102421 0.245803257386543   0.002420881925135 -0.0483579284295148    9.24210612110297 1745833692.39376
  0.205749543647091 -0.0372915546197369 -0.0476946492997097 0.214472176117942 0.00420363701602845  0.0284198580600178    9.22293176872365 1745833692.41621
  0.167493696512547 -0.0389556369509434 -0.0475084470803567 0.178406088925456 0.0295202294087176  0.165265653383945    9.1699888656564 1745833692.44698
  0.125719390893331 -0.0321800796889526 -0.0356744571475876 0.134586736598197 0.0684704110167929  0.268951332212579   9.34001888031078 1745833692.49375
  0.103361101116322 -0.0226748061201689 -0.0270715763133507 0.109226985221855 0.0698132979132394  0.307307199444922   9.40722517454771 1745833692.51629
 0.0767327589262301 -0.0162759506228402 -0.0182874001354979 0.080543478102351 0.0654731294473024  0.383240361051522   9.43507584671971 1745833692.54682
  0.0550596259611894  -0.0196273619900263 -0.00762221047875057 0.0589482301876484 0.0698100671076763  0.447036719505769   9.62374350686311 1745833692.59366
  0.0330547455278358  -0.0192945363805383 -0.00653150114904798 0.0388272564484012 0.0734912879924093  0.471597252114058   9.58470429861285 1745833692.61625
  0.0222679735478944  -0.0173657837247326 -0.00623475707690943 0.0289189433782078 0.0817227138931016  0.488481886436419   9.55369779607983 1745833692.64661
0.00866216716981209 -0.0172572838637135 0.00238008236209363 0.0194553791656936 0.0576430242990208  0.510028385150075   9.64329369252873 1745833692.69354
0.00406516749294191 -0.0171209694842497 0.00283860094611134 0.0178244449607147 0.0441153678988449  0.510660255503703   9.66467047993217 1745833692.71618
-0.00188889259129583   -0.010236794016461  0.00086491527929701 0.01044547487658 0.0453376340549956  0.518335539417372   9.72286710333598 1745833692.74647
 -0.0180929880425319 0.000485494971513379 -0.00198401215314006 0.01820791657215 0.0477805031325996  0.497071162515199   9.71512174814187 1745833692.7934
 -0.0283897010469746  0.00288147896351902 -0.00822319227564791 0.0296967832897112 0.0431552545376873  0.485385287510729   9.61543401170841 1745833692.81603
-0.0342969470265492 0.00928753857732197 -0.0141056181500771 0.0382296666420589 0.0342786418943007  0.460214149745218   9.55987468605552 1745833692.84638
-0.0487352155405523  0.0229946711774383 -0.0121440145707613 0.0552390552619925 0.0105382381669766  0.390555793745334   9.64758333051189 1745833692.89325
-0.0638821656783843   0.027654275426504 -0.0126517923964566 0.0707513808484931 0.00590314330749097   0.382486198724357    9.60405113156429 1745833692.91589
-0.0754948738019035  0.0276273714230448 -0.0119054786930228 0.0812680013598355 0.00063380199928139   0.353409769178232    9.58218960366692 1745833692.94623
 -0.0939658779508128   0.0185196347923753 -0.00809973939656342 0.0961153935132258 -0.0134004071059328   0.278590825229888    9.64099016235063 1745833692.9931
  -0.105261452562019   0.0160289000965983 -0.00754007364575993 0.106741518371983 -0.0147429521181928   0.240637201837259    9.61240404601068 1745833693.01562
  -0.126432613663028   0.0147875748256951 -0.00564313186915054 0.127419476942039 -0.023433853271432  0.194654992431833   9.51815674682661 1745833693.04614
  -0.150788241875265   0.0142212802210231 -0.00294131008421095 0.151485939954735 -0.0220936501658501   0.104121529883888    9.44916450088164 1745833693.09296
  -0.167825184922203   0.0141474789812878 -0.00260606151434344 0.168440599061847 -0.019358525390625 0.0466129857296565   9.45644825800556 1745833693.11538
 -0.209471046973502  0.0131996976461728 -0.0045423116324555 0.209935666653124 -0.0228144616906147 -0.0250615467895045    9.32157174978472 1745833693.14607
  -0.269788622677851   0.0212042406056875 -0.00586664234478727 0.270684203895384 -0.0225344414476008  -0.126888538049406    9.11437164191651 1745833693.19285
  -0.299690803406124    0.031080375690294 -0.00359502936622377 0.3013195838896 -0.0225855873219123  -0.205425506715168    9.16339747529292 1745833693.215
   -0.36429109041089   0.0470669941984566 -0.00178728066690507 0.367323419982738 -0.0368051717329232  -0.289342511197802    9.07120790737083 1745833693.24593
 -0.419322129187031  0.0727435870522352 0.00156384186971993 0.425587973378671 -0.0554897351267177  -0.448396068125799    9.14873090010201 1745833693.29279
   -0.4426005534069  0.0816705274081721 0.00468719399602851 0.450096983672163 -0.0680341667947236  -0.547538311245368    9.29830877022974 1745833693.31445
 -0.486293615065513  0.0966804240874309 0.00291670713117507 0.495819616025526 -0.0994690673077245  -0.675947584345077     9.3507030517428 1745833693.34582
 -0.524292312195881   0.110354515279731 0.00142195010975998 0.535782203523449 -0.130635793864776 -0.905347275194348   9.38078051818721 1745833693.39275
  -0.545971018731732    0.110561183132981 -0.00148079833143004 0.557055043307597 -0.145177307820239  -1.00625642707276   9.35203137437289 1745833693.41392
  -0.573481086109108    0.120976731676917 -0.00749013627995096 0.58615017518858 -0.17897667936759  -1.1630348226192  9.36120916989044 1745833693.44575
  -0.607275074562918    0.141401647648843 -0.00584389470889733 0.623547586996032 -0.230561772293649  -1.40362681027279   9.36777508988203 1745833693.49275
  -0.61997470137844   0.141313461034276 -0.0105923713160338 0.63596408935479 -0.248052327959876  -1.51838004946026   9.35055925525392 1745833693.51331
 -0.618735067608179   0.129138005123873 -0.0127521623872716 0.632196429838877 -0.294289753910581  -1.77269996927052   9.57544556201413 1745833693.54563
 -0.617210019772334   0.126264701746792 -0.0142184305757969 0.630153272769895 -0.391076090194673  -2.13518536187714     9.800099267868 1745833693.59272
 -0.619216196679386   0.122325490096722 -0.0206149621645855 0.631519754578219 -0.397077473923176   -2.2452200864636   9.79539974493355 1745833693.61182
 -0.634355211241006   0.114315072601193 -0.0302205752466951 0.645281142619772 -0.399132984218118  -2.32078999612197   9.55975471889445 1745833693.64537
 -0.617714544126073   0.092748328931055 -0.0348528602365133 0.625610287967718 -0.445241485642066   -2.6046901802041   9.38172152022234 1745833693.69269
 -0.585847464439981  0.0740675901315597 -0.0335734190558666 0.591464651493014 -0.478207634144106  -2.76766440611016   9.54838430042893 1745833693.70963
 -0.556526150365833  0.0487604051852524 -0.0342112709951426 0.559704693760868 -0.50908476770092 -2.93416080837736   9.7971710469042 1745833693.73102
 -0.479773184864362 -0.0184601694015519 -0.0234535021557187 0.480700690172789 -0.558045301197691  -3.28529073995162   10.0424625233038 1745833693.79268
 -0.461074822456824 -0.0364003852205329 -0.0171171978949797 0.462826077929464 -0.544480225573295  -3.32943267225177   9.96735055041915 1745833693.80828
 -0.449715690851889 -0.0561299420410312 -0.0141201368639235 0.453424912479429 -0.530317194506579   -3.3714744441822   9.77103266749224 1745833693.82816
  -0.361609174935667  -0.0978518225693943 -0.00167351511406755 0.374618439522994 -0.469735573058693  -3.55684683649909    9.3833438803471 1745833693.89263
   -0.341004399871796    -0.109105574446251 -0.000484496833746981 0.358033883653981 -0.46122482777757 -3.62701849741669  9.42373129179291 1745833693.90746
  -0.315969557957957   -0.119321746876192 2.47858179701817e-05 0.337749080602848 -0.458807227940626  -3.74704006935403   9.50916750043795 1745833693.92845
  -0.239026892945265  -0.0978546226887007 -0.00782969360483296 0.258400245422795 -0.421458380579838  -3.94826523823557   9.54834553076217 1745833693.99257
  -0.211249713234479  -0.0943038047300306 -0.00716278518943362 0.231454000656457 -0.397208945487123     -3.99094103439     9.570997665841 1745833694.00696
  -0.137502487229072  -0.0780282388854896 -0.00124862081984462 0.158104076834546 -0.372722977819926  -4.08696483218436   9.63194185546875 1745833694.04593
  -0.0530122930148611   -0.0393887525478376 -0.000679206082231152 0.0660472433858554 -0.338237034449096  -4.17229861232711   9.64556375224495 1745833694.0925
-0.0207316604701592 -0.0300665953526406 0.00101742620728107 0.0365354219633037 -0.330029608818301  -4.18744068004471   9.64624499067512 1745833694.10671
 0.0706208375592519 -0.0103651844932804 0.00143810698864279 0.0713919316089764 -0.303012946025242  -4.17422422372536   9.65432733797626 1745833694.14922
 0.143432518941398 0.0109338411033537 0.0011501366236646 0.14385325573445 -0.30004217757442 -4.11826506451627  9.62451830190093 1745833694.1924
  0.170613353243308  0.0186272165190368 0.00241211420308553 0.171644131257382 -0.302600838826745   -4.1072619493266   9.62520514723176 1745833694.20683
  0.271966361284184  0.0283386602046966 0.00282820316799106 0.273453433084165 -0.298515465529872  -4.03750477591683   9.78549835445004 1745833694.24883
   0.350187732104369    0.022398188619862 -0.00481636521399608 0.35093635312365 -0.28183609249411 -3.84248208282809  9.84515112493071 1745833694.29228
  0.371859440246797  0.0209365339612417 -0.0053140283230128 0.372486269078457 -0.279089993236496  -3.76432238336221   9.84367218522222 1745833694.30744
   0.420483538671958 -0.00798511736993125  -0.0136363181543079 0.420780367372705 -0.249266700590589  -3.52627052683804   9.71188890836783 1745833694.34862
  0.480085857234216 -0.0156386053718197 0.00258492156600091 0.480347455612903 -0.234048136286243  -3.30774711214522   9.73185470554486 1745833694.39217
  0.500742047822114 -0.0194356281064107  0.0105575164976186 0.501230289638977 -0.238868532374852   -3.2270100161736   9.78371704945202 1745833694.4086
 0.532226897888967 -0.053958359991217 0.0187662510143983 0.535284174646132 -0.247890975718022  -3.01368113852896   9.80409871455359 1745833694.44814
  0.585584984684907 -0.0901677694556744  0.0229790095577525 0.59293172947422 -0.206332046824289  -2.76414416139468   9.89298684235944 1745833694.49202
  0.60257151415527 -0.103988213550394  0.024144057292935 0.611954993223637 -0.19548778812191 -2.66508807309012  9.93250667139919 1745833694.51049
 0.622380403879766 -0.106526775045863 0.0259924065229398 0.631965921654061 -0.178528469198991  -2.43463818239653   9.80354385361299 1745833694.54667
  0.657906435655679 -0.0829398881593154  0.0203728261334529 0.663426676558686 -0.18000320373199 -2.16348007323066  9.73945179952578 1745833694.59188
  0.671318214719094 -0.0759269493544839  0.0198169129234887 0.67588886445164 -0.143282483092987  -2.05643261300702   9.77965367042353 1745833694.61224
  0.671215170328615 -0.0493340562938438  0.0237211135580113 0.673443646653607 -0.109885133160629  -1.87301665294781   9.74593400917428 1745833694.64548
  0.672236981484633 -0.0254259023855306 0.00983329516406012 0.67278951350439 -0.107208487675517  -1.64959708063063   9.65632759978665 1745833694.69176
  0.663450965228379 -0.0209591406387448 0.00755495427978875 0.663824936389823 -0.114201403921924  -1.54697503769485   9.60646744933554 1745833694.71285
   0.63938259725014 0.00871080347376462  0.0114300697437418 0.63954407999593    -0.13741674773 -1.37356768998313   9.4483612618685 1745833694.74532
  0.597752226912011  0.0280436520169249 0.00601924694214841 0.598439974041228 -0.120693169233441  -1.17742127500184    9.2755026847017 1745833694.79166
  0.564623169646498  0.0263625175305947 0.00234759335876598 0.565243148765898 -0.119969520069927  -1.07962930347715   9.13713176111567 1745833694.81331
   0.518992772109226   0.0362099313914574 -0.00321141302123338 0.520264326863361 -0.126538636678657 -0.952501685816074   9.03355939980068 1745833694.84512
   0.476879130126924   0.0230538051255682 -0.00702339639326193 0.477487707463005  -0.12257101941083 -0.823506594162669   9.22546369463259 1745833694.89159
  0.441263624062532  0.0108374103279985 -0.0101351404059285 0.441513030899955 -0.133588886903152 -0.731068221303968   9.16513609313533 1745833694.91369
   0.413613097367181 -0.00672491129456138  -0.0178674012879536 0.414053454006095 -0.133416645649956 -0.584832952868374   9.18247003165568 1745833694.9449
  0.354369601712571 -0.0315416753451876 -0.0230952011750708 0.356519396693678 -0.102800950930616 -0.378301587563311   9.18101745121797 1745833694.99155
  0.315454595064218 -0.0325395121463815 -0.0210687262603114 0.317827488779819 -0.0983794653109018   -0.29307150089435    9.06242539962997 1745833695.01393
   0.26916592186032 -0.0315397552633774 -0.0175893322972307 0.271577676298424 -0.096792626953125 -0.176843920340691   8.97912003546037 1745833695.04487
  0.203835667815628 -0.0427222202933453 -0.0120228094064943 0.208611398362269 -0.0869280031989564 -0.0197646325216477    9.01586087598376 1745833695.09152
   0.176752856737877  -0.0447411063133312 -0.00923379914475397 0.182561228101113 -0.082023298469938 0.0602519938093998   9.07689074178866 1745833695.11401
   0.147543810304331  -0.0461039224749613 -0.00369357832706801 0.154623381632779 -0.0884440373416936   0.168216250667759    9.25192905208058 1745833695.14471
 0.0942532578144406 -0.0404239547506073 0.00337881443952845 0.102611837101434 -0.0770044386110223   0.305993817153777    9.37921058600246 1745833695.19145
 0.0795774782282683   -0.03898867835876 0.00294113102896278 0.0886642111173549 -0.0620936726398494   0.336834847740488    9.43475172341663 1745833695.21399
  0.0743924861272466  -0.0415725376714176 -0.00561411781168683 0.0854051298192182 -0.0501341351356486   0.350064214402944    9.55789317183644 1745833695.24453
 0.0549641361783086 -0.0456960879552343 -0.0215863826021451 0.0746669982929965 -0.0287793150937824   0.496350761251458     9.6230717215307 1745833695.29139
 0.0465627229757527 -0.0496945745118202 -0.0245436895584214 0.0723880556719663 -0.03011326171875  0.55250658933888  9.60483992675956 1745833695.314
 0.0356004197073121 -0.0549496441322651 -0.0303938207235156 0.0721847463926595 -0.0228676417758364   0.580826583027999    9.62181835700851 1745833695.34444
  0.018524038789543 -0.0508479188912073 -0.0298716613326747 0.0618139710697938 0.00551033547132604   0.670684909778505    9.62792336583396 1745833695.39137
0.00764831444812218 -0.0464716486190981 -0.0249308908180613 0.0532884617553966 0.0136143582298912  0.702764569678967   9.58610482718315 1745833695.41398
0.00114248677391297 -0.0406313235861057 -0.0231918757703384 0.0467982140058166 0.0258184783785807  0.725492927837193     9.588040695107 1745833695.4443
-0.0083617162730678 -0.0361658495132323 -0.0160218940838028 0.0404300390808325 0.0414894922154397  0.766405644335672   9.73437485354357 1745833695.49133
-0.0176358066583463 -0.0322166564854991 -0.0117616668512527 0.0385651583520032 0.0427287198265168  0.768754559639533   9.71369501414867 1745833695.51399
   -0.03074934825266  -0.0217009703416021 -0.00635227827468751 0.0381681276854069  0.05988222896741 0.760522039709444  9.67817302493884 1745833695.54425
-0.0534748231983751 -0.0111636870870268 0.00373705827488444 0.0547553671344134 0.07626497730388 0.72951350296552 9.65433627824774 1745833695.59126
 -0.0660787849854533 -0.00682334977450782  0.00825931190985869 0.0669416175523372 0.0681465954094787  0.698877517419707   9.61272601544339 1745833695.61391
 -0.0883120713411224 -0.00262388703575176   0.0151880985577361 0.0896470025462948 0.0590194671283796  0.663022772331088   9.52662497880913 1745833695.64421
  -0.122022684813949 -0.00823492991861842   0.0218294824838689 0.124233151716772 0.045169892578125 0.548109240742738  9.51308807444171 1745833695.69115
  -0.141431107951696 -0.00965924203377981   0.0248886452085514 0.143928815438149 0.048037822265625 0.479708112556354  9.49679972032915 1745833695.71379
 -0.172791814175173 -0.0108563104046958  0.0243296603989979 0.174833643491981 0.0574309347191344  0.379723217003251   9.39900037934508 1745833695.7442
 -0.210156241882331 -0.0159183125275791  0.0213622473379828 0.211838108675375 0.0590647155004727  0.253442046690179    9.3469018807912 1745833695.79103
  -0.22376287877199 -0.0158082773630491  0.0198746144296333 0.225199306944409 0.0518205998479801  0.195712867576141   9.45024738485419 1745833695.81362
  -0.262038856288053 -0.00950283536965964   0.0143203930154148 0.262601865455921 0.056930212864222  0.11644705310723  9.41597228146122 1745833695.84425
  -0.304447794661764 -0.00205616760846671   0.0060571952257022 0.304514986681523 0.0826523653732353 -0.051693247988481   9.32147436407418 1745833695.89093
  -0.33363579638912 0.00828982749577033 0.00389287824734039 0.333761472271981  0.083886943359375 -0.135147759134467   9.27481300173212 1745833695.9133
   -0.383871331092839     0.029814508421333 -0.000180880087827583 0.385027448976043 0.0869800037837344 -0.241237311149953   9.09651089405306 1745833695.94438
  -0.433303082977833   0.0590727836190669 -0.00195633478339622 0.43731565570922 0.0914120023421854 -0.432319186476848   9.11019860353518 1745833695.99084
 -0.453368669353856  0.0704312866257895 0.00141595366378933 0.45880902498995 0.0783955140835665 -0.548641434761769   9.23922284081549 1745833696.01266
 -0.489340876330721  0.0854735046821862 0.00480853630899627 0.496772921234852 0.0612686890034355 -0.707582042657781   9.42139459884872 1745833696.04424
-0.531907970014486 0.0975175340404318 0.0120688951796245 0.540907955424132 0.0382285837496815 -0.888175577814729    9.4613000390625 1745833696.09076
-0.544033778095226  0.106050305220795 0.0157158239000149 0.554496533863689 0.0246865682136694 -0.990645978019556   9.47371400772491 1745833696.11196
-0.559864597371114  0.116880633342275 0.0203611303970298 0.57229714787954 -0.000333781531352819     -1.18786224711774      9.51219110708981 1745833696.14404
-0.603418327378847  0.125372004663449 0.0270778165792338 0.616899526276943 -0.0574410562158018   -1.43395392055024    9.35049628018676 1745833696.19066
-0.620641941236532  0.122919100150956 0.0285022887012127 0.633338696800519 -0.082895034768866  -1.55770479938315   9.29468980645538 1745833696.21125
-0.624682434933371  0.116931926143126 0.0277998167803046 0.636139960762445 -0.139892002438123  -1.80885748486889   9.41513877836669 1745833696.24404
-0.614792480576197  0.105169509596926 0.0221488941884887 0.624116169823907 -0.20931608038155 -2.12229198611411  9.75046626527045 1745833696.29055
-0.599482331103873 0.0943521610760951 0.0187263064553117 0.607150780415311 -0.235693009484691  -2.25187096467555   9.87635451856677 1745833696.30987
 -0.580842813108318  0.0741362673434485 0.00444031871534857 0.585571751457921 -0.293243024190754  -2.47965879124459   9.96456104896405 1745833696.34435
 -0.548612948441002  0.0518565371041529 -0.0208654642664624 0.551453203124815 -0.319419968138959    -2.682709912284   9.82443771250869 1745833696.39049
 -0.528046879788225  0.0373632262449249 -0.0290476414612209 0.530163449705814 -0.304579254237615  -2.74760211212147   9.75757766148171 1745833696.40799
   -0.505684734608851 -0.000167984300273163    -0.038236554883976 0.507128300496575 -0.28535900390625 -2.85610750327034  9.62970044564736 1745833696.44477
 -0.460926979967127 -0.0333530896681495 -0.0335250931872911 0.463346567188367 -0.306117015120409   -3.0774202997588   9.60818507548889 1745833696.49048
 -0.443192117659681 -0.0417272521858082 -0.0321920802002662 0.446314627542354 -0.301254310863711  -3.17488437016014   9.62836607166716 1745833696.50648
 -0.409677398247725 -0.0524167666885038 -0.0238141384739652 0.413703035106535 -0.26436112674679 -3.35704209384751  9.61721726253138 1745833696.54607
 -0.364758173869011 -0.0531350715795004 -0.0103114412510262 0.36875220278215 -0.226077687679373  -3.52334502385352   9.54428671588757 1745833696.59043
  -0.340897766756982  -0.0496868637070905 -0.00818728979354663 0.344597016120436 -0.207569342789712  -3.58063900149226   9.54848563490183 1745833696.60552
  -0.280035965959719  -0.0367452684866265 -0.00621852781399013 0.2825049151348 -0.172285424633208  -3.78790367418911   9.68792351065732 1745833696.64771
-0.201049122420815 -0.022874010798288 0.0015874581140478 0.202352390693671 -0.172263133784243  -3.94229722240367   9.75810734265197 1745833696.69033
  -0.173994118242136  -0.0168099581375495 0.000885005327043512 0.174806496188995 -0.17816460185922 -3.95412487678032  9.75564897312578 1745833696.70492
 -0.0883412845484453 -0.00798649654751987  0.00187566186680721 0.0887213885723816 -0.171258287273657  -3.95999442757009   9.73771351462106 1745833696.7486
-0.024691200605425 0.0066611295293513 0.0117178592704289 0.0281306640487869 -0.191419383395881  -3.94416507246861   9.60391984803665 1745833696.79021
0.0021890913672736 0.0134918129496619 0.0151307589717741 0.0203902183594207 -0.191737540819907  -3.94763153880154   9.60587262213352 1745833696.80474
0.0804497858714362 0.0170092732965664 0.0226829283710008 0.0852994646191943 -0.21728806746726 -3.95623428511727  9.72225938396445 1745833696.84851
 0.158619832703791 0.0178998864815952 0.0206085618918849 0.160951452575875 -0.219392757802442  -3.90744602706212   9.77541946896122 1745833696.89005
 0.187278688075941 0.0178355599312683 0.0191138772545063 0.189094564991191 -0.219377663615604  -3.87596127983471   9.79877127002788 1745833696.90487
  0.268775402364059 0.00912518880283699  0.0159551979087023 0.269403144612225 -0.241119395294004   -3.7860494311148   9.86924667795105 1745833696.94787
  0.354463053313372 -0.0205577597273242 0.00114858608140917 0.355060553848538 -0.244517980521696  -3.64544884142919   9.94887506059982 1745833696.98994
   0.377597707598018  -0.0328346790084617 -0.00208252301712299 0.379028339086913 -0.230674935959405  -3.56201108260834   9.91554140369142 1745833697.00559
  0.450942303114953 -0.0412362065016015 0.00102292358436852 0.452824946130313 -0.192818253827879  -3.35670557724266   9.92333077333887 1745833697.04734
   0.509122938245481  -0.0517014485914341 -0.00124780935669865 0.511742868110885 -0.165686119650804  -3.07615902061769   9.89777291327572 1745833697.08985
   0.525336192863658  -0.0575864040974545 -0.00424385320155787 0.528500065997493 -0.158975941626694  -2.97652545573359    9.8600643011854 1745833697.10712
   0.596031029766324  -0.0669702820176646 -0.00317544958415399 0.599790038761809 -0.138386274186005  -2.81136607704904   10.0027436663848 1745833697.1457
   0.630565472626298  -0.0717530953259024 -0.00760208390691896 0.634680323971842 -0.097080031894569  -2.55753007721067   9.94346033304127 1745833697.18976
   0.645895028639775   -0.072531612306204 -0.00909511514051657 0.650018418142696 -0.0829737536028248   -2.43219324891887    9.88000779041925 1745833697.20919
   0.684421821669662  -0.0625053419584749 -0.00641552725462905 0.687300012178757 -0.0781137151518391   -2.22478708722807    9.84122598499118 1745833697.2441
   0.68786702268203 -0.0392642329566363 0.00682134206991663 0.689020501575061 -0.0802030899664053   -1.93333192952014    9.67375047947815 1745833697.28965
  0.672859217520457 -0.0377047836550258 0.00639716399668638 0.673945176568476 -0.083886943359375  -1.78011591591518   9.47397043795905 1745833697.31035
 0.653721407817674 -0.027078868052606 0.0112669981555351 0.654379010498938 -0.0822205314571729   -1.59994132564046    9.27382058031533 1745833697.34324
 0.633016171330522 -0.002595950607351 0.0153869870319063 0.633208473960534 -0.0747425841152725   -1.41922703698882    9.39062370580288 1745833697.38951
   0.609398372650705 -0.00601620300292951   0.0120463570764718 0.609547115493719 -0.0710438587601868   -1.28761458256825    9.35457742009873 1745833697.41087
  0.56918818319861 0.0103948543288709  0.010386328251309 0.569377832993169 -0.0813419232860947   -1.08911619648778    9.21683505058972 1745833697.44306
  0.517652055936843  0.0409061543436171 0.00519778717977484 0.519291807628804 -0.113494558366181  -0.86796815398884   9.22558202074956 1745833697.48941
  0.482374015679647  0.0293347813146224 0.00219898512215657 0.483270168677162 -0.134666950308678 -0.776020778104688   9.18833614890577 1745833697.51118
   0.438179911720419   0.0228979927724845 -0.00755254655815378 0.438842789695622 -0.132762245128433 -0.631978406124411   9.09067072581274 1745833697.54283
   0.36802887322582 0.00237819656745864  -0.009047916939036 0.368147758580323 -0.120900385238924 -0.483519933200359     9.064541184107 1745833697.58937
  0.318801453856477 -0.0122190196713142 -0.0156323689156228 0.319418287486245 -0.132268102819368 -0.406572914038472   8.98805138376203 1745833697.6116
  0.266598989632231 -0.0236831614647714 -0.0248666595098877 0.26880153304078  -0.11657847338855 -0.293964656237567   8.90871838905046 1745833697.6427
  0.212721124499282 -0.0498932420241948 -0.0210041558900721 0.219501223168752 -0.0605942540685797  -0.182472257139013    9.10275339160415 1745833697.68936
  0.184243735906623 -0.0609549057166256 -0.0189399269857516 0.194987116461519 -0.057124437270615 -0.101225138337856   9.15231061557175 1745833697.71163
  0.162881270090897 -0.0645861720747211 -0.0136084420533551 0.175746611531514  -0.0474389409202504 -0.00880505148466184     9.29164981700372 1745833697.74262
  0.124446083307355 -0.0722358054168538 -0.0104189582130235 0.144268478625816 -0.0220463163002188  0.0663075832756844    9.48342888620536 1745833697.78932
   0.106514149746024  -0.0694279257797052 -0.00741792748901846 0.127359831275104 -0.00241751436589725    0.134636437145026     9.43560816039821 1745833697.81175
  0.0842418636334288  -0.0571216833444151 0.000680950918479284 0.101784291473126 0.0331712619197762  0.180507329059304   9.36610343005756 1745833697.84251
 0.0411394747610419 -0.0454488469446857  0.0062593714590037 0.0616216991268308 0.0608895736289429  0.261530445341418   9.25837815024562 1745833697.88925
 0.0353532967970336 -0.0359283993960411 0.00967637800199836 0.0513258002257944 0.0613156126080428    0.3230958898188   9.37198590646597 1745833697.91173
 0.0385640240747634 -0.0282364945192047  0.0125392695068828 0.049413731445199 0.0709433960919618  0.327774557817864    9.7015233729977 1745833697.94237
  0.017839323901166 -0.0329572785178528 0.00888318230103283 0.0385140832988067 0.0779081410813951  0.347178006790605   9.76162974123783 1745833697.98915
0.00734391290685973 -0.0332113998215545 0.00527092172443724 0.0344196564584226 0.0939438769684918  0.375596873386482     9.717839471012 1745833698.01169
0.000337663910874749  -0.0386329298678201 0.000569049007744862 0.0386385960389586 0.120608672556729 0.391232297079519  9.69997737270601 1745833698.04222
-0.00734525391637795  -0.0386990736384315 -0.00676604447572093 0.0399668664447971 0.143127489897003 0.387237756431999  9.67375133418861 1745833698.08906
 -0.0125957328650347  -0.0355814627091228 -0.00639280952543832 0.0382826460495686 0.146501579122727 0.382874100522445  9.65404972801676 1745833698.11165
 -0.0158488009944276    -0.03235956162197 -0.00400892509658566 0.0362546162820278 0.155934009982437 0.359944509332001  9.68832889983155 1745833698.14212
  -0.0299009882965134   -0.0337424053035923 -0.000848824737854638 0.0450925661303026  0.18502705510003 0.334263006852771  9.72785172035793 1745833698.18896
 -0.0328460509215636  -0.0380943773975562 -0.00111852765783328 0.0503119842042701 0.200727334223259 0.335203154177433  9.72411961001202 1745833698.2116
 -0.0297486662784564  -0.0474783777247565 0.000677370724563314 0.0560324756531435 0.207776828772192 0.327762269496604  9.77194827217776 1745833698.24207
   -0.037271188037679   -0.0555881780053586 -0.000282328219817741 0.0669273240232953 0.214426137847235 0.301251370659707  9.70158147621521 1745833698.28883
 -0.0506434949430884  -0.0538256267167167 -0.00248616307241944 0.0739468909307254  0.22781044220798 0.280593822113773   9.6147158668803 1745833698.31147
 -0.0845029566627507  -0.0480409611981025 -0.00179085725659745 0.0972208352530353 0.230726304058438 0.243226290782189  9.38933216991126 1745833698.34198
 -0.137679569059827  -0.018502159762091 0.00342280869497261 0.138959379934296 0.219679701200234  0.17658572940299  9.17643139964505 1745833698.38868
  -0.157677232541815 -0.00646714412123207  0.00732206054721065 0.157979575217138 0.214996366482022 0.127765180386412  9.22487707265105 1745833698.41137
-0.191665431175225 0.0108967461894933  0.010412123636104 0.192257090646137  0.217106885942585 0.0599023317575806   9.26429170392659 1745833698.44194
 -0.24619215824037 0.0334706946790224 0.0147898758761184 0.248896779026525   0.200165430468415 -0.0361405089859676    9.28169422441477 1745833698.48853
-0.268014173739421 0.0423279711143625  0.014445084042492 0.271720288011178    0.1904308252704 -0.103314153283083   9.33876546450596 1745833698.511
 -0.30969217811261 0.0490321920035448 0.0136047853821992 0.313844692837239  0.180304984903479 -0.193989463580037   9.33737146592362 1745833698.5419
-0.380342437877854 0.0689807333925558  0.022732987646766 0.387215056987189  0.141424581857884 -0.368184123358962   9.12032311055377 1745833698.58839
-0.404089765886135 0.0805345742459742 0.0271976540661797 0.412933492138377  0.126009006791024 -0.468644500959868   9.11287918068844 1745833698.61042
-0.438282125599322 0.0886830014312956  0.027963191445832 0.448037762290813  0.113642303617409 -0.608041555743481   9.21035147340448 1745833698.64187
-0.467081173611418   0.10061555937334 0.0351097854692076 0.479083511056186  0.084299204405756 -0.829925110787212   9.47728878296815 1745833698.68825
-0.47620988256424 0.107106460697286 0.038152261768635 0.489594976744052   0.07117339867848 -0.954509144288594   9.58810278127529 1745833698.70967
-0.486630298199832  0.109321137320423 0.0355428232149514 0.500023449923279 0.0384679599017067  -1.09105312888073   9.65284654941801 1745833698.74156
-0.493719977199626  0.105134308097073 0.0238408024671981 0.505352374573752 -0.00523775120937008    -1.27511177529996      9.6385297073309 1745833698.78812
-0.496586678390642 0.0950402780141873 0.0181571850635303 0.505925554770162 -0.0208900810754327   -1.37585542104365    9.64607504004598 1745833698.80904
-0.513284871766157 0.0770229503382228  0.010515975680043 0.51913820915755 -0.0405549005088099   -1.47573139891024    9.56301889235419 1745833698.84156
 -0.523534253230105  0.0416914563749186 0.00792769016118817 0.52525150176954 -0.0962448942978138   -1.68703326230688    9.56303754213657 1745833698.88802
    -0.526560119298  0.0344613616509173 0.00881506892269147 0.527760220291442 -0.112566086386491  -1.80547926097038   9.62369586530171 1745833698.90833
   -0.543560676032698    0.0246222948123683 -0.000336909593020753 0.544118166797456 -0.100521198797699  -1.94219994377624    9.6078517725954 1745833698.94164
   -0.540447636726747 -0.000412878544164834  -0.00980774359917754 0.540536779827909 -0.067718129052654  -2.16654282562188   9.60051647643034 1745833698.98793
  -0.530896776453716 -0.00742651452155839  -0.0100627030338281 0.531044064423314 -0.0678985413379095   -2.28961839771526    9.65465541004169 1745833699.00675
  -0.531471235215767 -0.00626305542549266  -0.0118568594786152 0.531640371719203 -0.0995661795109211   -2.46848656304203    9.66243524112034 1745833699.04267
 -0.503868577226656 0.00649517960147225 -0.0162070791169588 0.504171002625075 -0.0801437730600346   -2.71790251317427    9.72915484612348 1745833699.08786
 -0.485514762832831  0.0100431098180549 -0.0162985458712849 0.485892057540516 -0.0642441754560318   -2.80376607705253    9.74911544666087 1745833699.10485
 -0.447307793971351  0.0143116154985683 -0.0198359346863423 0.447976058724768 -0.0561272978520514   -3.00021394434718    9.78812995377865 1745833699.14428
  -0.39483370293563  0.0108260841311301 -0.0271688604583994 0.395915400117353 -0.0488229593000937   -3.18128644215531    9.78190677268411 1745833699.18781
 -0.375432350575342 0.00616651416923961 -0.0283391427023262 0.37655090328484 -0.0446640065472505   -3.23371253599193    9.75783783534769 1745833699.20353
 -0.328677131535317 -0.0016196657196172 -0.0275528327495353 0.329833956262619 -0.0559080129386266   -3.35291743941317    9.66622811830735 1745833699.24568
   -0.28261789311242 -0.00536135605382183  -0.0307147791607046 0.284332578690748 -0.0593500178541693   -3.49687407659907     9.6147360209531 1745833699.28778
  -0.265151346999201 -0.00755166271097132  -0.0324337095431433 0.26723437267672 -0.0526677204854747   -3.53885142045455    9.60862555907487 1745833699.30282
 -0.220686991525192 -0.0139662598313945 -0.0277252879759913 0.222859812966514 -0.0373134965358958   -3.61471970953674    9.53028396012753 1745833699.34681
 -0.172810231609034 -0.0146720384743914 -0.0189720540688968 0.174466568996341 -0.0587577376893474   -3.72044024885545    9.52021552211553 1745833699.38772
 -0.149061116857957 -0.0111776953029315  -0.016755102466945 0.150415726870247 -0.0654161031649817   -3.78972957506434    9.56867623802574 1745833699.40238
 -0.0535502892709498  -0.0105885806783332 -0.00830747396193048 0.055215628633677 -0.0596858165022229    -3.9599129247764    9.79150727380993 1745833699.44751
   0.0491575001997753   -0.0226103728986304 -0.000256426163811091 0.0541087288973185 -0.059339761328572  -4.02764936172724   9.95643441056654 1745833699.48763
 0.0832991148936933 -0.0278780106736225 0.00290108360835065 0.087888237593514 -0.06166048828125 -4.03328805761642  9.96970939745863 1745833699.5024
  0.149367990885519 -0.0459976588997012 0.00219389919117129 0.156305452621112 -0.0461973742182471   -3.94249436991986    9.70567921460445 1745833699.54757
   0.209679756818518  -0.0536936134728951 0.000716910545872543 0.216446571947861 -0.0206020265540343   -3.84819024958398    9.51358206290289 1745833699.58752
   0.236188863452073  -0.0540961563385858 -0.00017449886355767 0.24230477461091 -0.0118609538964152   -3.82679241920885    9.49421748616216 1745833699.60273
    0.31563745999852  -0.0555134586312656 -0.00479368996214263 0.320517908558907 0.0143076651718459  -3.76323854211393   9.66842229990143 1745833699.64708
   0.382586053473039  -0.0521002465356577 -0.00458844312181931 0.386144503795449 0.0268571738200225   -3.6511711621904   9.88252351101774 1745833699.68743
   0.405669558911687  -0.0511083718932592 -0.00836986519170263 0.408961992547608 0.0404238392058866  -3.56987076073876    9.8928143275989 1745833699.70359
  0.465020947899925 -0.0417427186146664 -0.0143800336765054 0.467112108504613 0.0694270229325484   -3.3062092951316   9.85318176958368 1745833699.74584
   0.50074418886572  -0.024036837486456 0.00258839980943878 0.501327449929396 0.0438144585320312  -3.04705455656826   9.67317777218301 1745833699.78736
 0.514118465378859 -0.021495498729797 0.0078217846964244 0.514627081705766 0.0386830503988951  -2.94984163429037    9.6187301684338 1745833699.80524
 0.560710938193611 -0.030323612017802 0.0237068310447051 0.562030507618535 0.0323714067710755  -2.76204124885727    9.7509732111423 1745833699.8437
  0.585813203932602 -0.0454504203450579  0.0289087364951879 0.588284425815499 0.0520653205487302  -2.54802494467869   9.81355360720436 1745833699.88726
  0.596495914335867 -0.0465922747110731  0.0254217726857643 0.598852638308141 0.0757221335924368  -2.43190676706473   9.78565409687631 1745833699.90707
  0.628759407102665 -0.0358210843474088  0.0207144978341378 0.630119538281776 0.0982924899738372  -2.21539925538384   9.82670406278149 1745833699.94182
  0.641134147694595 -0.0262535757459843  0.0176192954786533 0.641913300339454  0.12393011161772 -1.88084858717649  9.81083261934025 1745833699.98717
  0.631341730462724 -0.0269053825655592  0.0113051026362203 0.632015890290965 0.109863167101641  -1.7217469518286  9.64036603567383 1745833700.0081
  0.637408701343039 -0.0082572432502894 0.00489892873183342 0.637481006867368 0.100313281929633 -1.52967438160006  9.55837718203569 1745833700.04114
   0.622415399656568 -0.00530757471470639 0.000644934145794055 0.622438363228882 0.124231704752907 -1.27230196592418  9.61806127202277 1745833700.08712
  0.593144388678097 -0.0141585575485576 -0.0065210092734424 0.593349183983693 0.133408611371571 -1.12797718051158  9.41933912274219 1745833700.10867
   0.573286354002507 -0.00715409910505427  -0.0203564178152854 0.573692259461258  0.142082298656016 -0.937843674824036   9.30460786670792 1745833700.14106
  0.519867293180036 0.00239016279159703 -0.0341949883966174 0.52099617333331  0.190591339895997 -0.704322655576653   9.34063394705663 1745833700.18711
  0.490193529803138 0.00671502134936455  -0.031314919016967 0.491238651090914  0.182159843369322 -0.617634313192486   9.24818885617367 1745833700.20911
 0.459720803001987 0.0157544944817837 -0.023766177322388 0.460604224897783  0.148878180985982 -0.513640210239643   9.22652048506205 1745833700.24089
  0.407816530389093  0.0279974405241523 -0.0209324461680228 0.409312040425246  0.158425559368937 -0.341775928946958   9.34078393164928 1745833700.28709
  0.368278792445719  0.0287997794718329 -0.0199925280250829 0.369943776052168  0.164146751912333 -0.273383023075262    9.2559093019691 1745833700.30941
  0.316593283581058  0.0232326470313155 -0.0179528182607033 0.317951830911885  0.154651380173874 -0.173889972591849   9.09612764187991 1745833700.3405
   0.23884558617259  0.0191272225850243 -0.0185184233121855 0.240324773337903   0.148202059784121 -0.0431963832053322    9.00239542541133 1745833700.38703
  0.200239087907149  0.0190149701831658 -0.0185443634650535 0.201992957385345   0.147020713165831 -0.0170803459249662    8.98801300726209 1745833700.40945
  0.162116316918857  0.0207808701859171 -0.0175111537281305 0.164378177632888  0.151963418322187 0.0450057368859412    9.0814685881411 1745833700.44026
   0.113709157260756   0.0212274758814023 -0.00730115298972212 0.11590377479714 0.113449104863576 0.121886686928773  9.27885506428157 1745833700.48692
  0.0942799827626516   0.0150731565174689 -0.00827038666744235 0.0958348292258875 0.0895132117583685   0.15171939848402   9.30914904598135 1745833700.50939
  0.070716334961505   0.013907777339593 -0.0067099506571238 0.0723826618655083 0.0752886073496509  0.234714998486367   9.35309567693991 1745833700.54008
  0.0347659841539754  0.00179794327280165 -0.00859999309214942 0.0358589756601007 0.0886753219939114  0.342845034986796   9.40675728894417 1745833700.58679
 0.0239456259811006 -0.0131424837798531 -0.0123536844566831 0.0299788492638686 0.0868535066347018  0.371844523496732   9.43193030707271 1745833700.60931
 0.0182358855596305 -0.0377672206010315 -0.0167652743289156 0.0451661919735848 0.0731970282730245  0.435682232843345   9.50604859356909 1745833700.63989
-0.00202388051850402   -0.069134442798895   -0.020239902374646 0.0720646995525692 0.0822117963162059  0.458630029366724   9.62237908126291 1745833700.68666
-0.00327331661118073  -0.0836470001924583  -0.0189922911216262 0.0858384666969462 0.103941168881261 0.461490591450004  9.69636386198443 1745833700.70914
-0.0156356338166373 -0.0993978084402168 -0.0104403115037894 0.101160256384917   0.1182052096309 0.468237966473613  9.80955002372011 1745833700.73966
 -0.0423969188139666   -0.121091708004359 -0.00921838515466677 0.12863000854074 0.164281214962913 0.423618473247454  9.80402898727374 1745833700.78655
 -0.0467627657848207   -0.126664471160979 -0.00687798448331667 0.135195973271726 0.189189443788948 0.402975659909961  9.74831237780082 1745833700.80913
 -0.0607493312432949   -0.131963931244225 0.000694730553216164 0.145277124993854 0.211859373939688  0.35990963714497  9.68863473233065 1745833700.83953
-0.0863429779188725  -0.116167909641461 0.00519096784159982 0.144834523555325 0.247248062505169 0.303762783517447  9.59030513082836 1745833700.88641
  -0.10482578066573 -0.0977347699630103 0.00725857212783268 0.143503367281877 0.254971277562518 0.282017735562437  9.49126617092156 1745833700.90904
 -0.110766376637698 -0.0710046596272934  0.0084447483822993 0.131841441350861 0.275569560484709  0.24166317918696  9.31698646745122 1745833700.9395
-0.0869633129213168 -0.0424430236355275  0.0112855779947974 0.0974237769759183 0.327484742592905 0.160597156439431  9.36067283907275 1745833700.98625
-0.079104520933813 -0.032707214529881 0.0137501172887357 0.0866969021356917 0.329548372637279 0.119021013676904  9.50438683129182 1745833701.00895
 -0.0905107326399578 -0.00600996654673258   0.0128693102358088 0.0916184019008204 0.29688674038022 0.13365056281041  9.5237335274896 1745833701.03946
 -0.111528702451942  0.0446075158594513 0.00770105955260991 0.120365228616897  0.346304629447582 0.0666306467377881   9.46819239007543 1745833701.08613
-0.136816789441673 0.0548212500902683 0.0149095952627942 0.148143509359969  0.374455339181719 0.0185964655387501   9.46450392124594 1745833701.10878
-0.180742565777616 0.0787960811252514 0.0203968004882771 0.198223931337091    0.365745207042985 -0.00620032613667097     9.32375958635408 1745833701.13941
-0.248576899848602 0.0864158876920531 0.0304673667142802 0.264927237592607   0.375946415778836 -0.0802149362534701     9.4039414453125 1745833701.18603
-0.294055100424929 0.0870140846083885 0.0352594566082477 0.308679578667686  0.339647152870832 -0.100348205399292   9.28029554201908 1745833701.20851
-0.341644354757817 0.0842996299042375 0.0383001690229963 0.353969201608087  0.316980043264631 -0.137307321881594   9.10288802559682 1745833701.23949
-0.388613712202165 0.0727785980677818 0.0430435596991475 0.397706034251221  0.30319099930961 -0.29607922702574  9.08998786343268 1745833701.28594
-0.422816300922614 0.0729455880399747 0.0435291003868944 0.431264959996605  0.274143544448297 -0.352296577172535   9.05403961301904 1745833701.30792
-0.459521518178943 0.0948815017252935 0.0437910620246543 0.471253840464324  0.239145236341257 -0.439188785097157   9.07024736793461 1745833701.33946
-0.517596297370626  0.144111275480665 0.0447519029638273 0.539144432959601  0.203520305802853 -0.639387480896926   9.25892302816797 1745833701.38586
-0.547098464864799  0.164688536991296 0.0409721228686665 0.5728156416563  0.174398986863031 -0.728135111396298   9.32576733542816 1745833701.40724
-0.574257865872534  0.187795605338665 0.0321992233617623 0.605042210003644  0.120514209955978 -0.891077217283026    9.4702310967626 1745833701.43928
-0.599978135086058  0.215030281934669 0.0149070465827724 0.637521768073897 0.00737895477567771   -1.24726059030168    9.68903931807704 1745833701.48582
 -0.611318004917912   0.223330407012052 0.00802651341943387 0.650884474196963 -0.0275202411056747   -1.37282547244014     9.6988971383359 1745833701.50654
 -0.625839724606621   0.224842303811372 0.00020346771690001 0.665003356290785 -0.0825174920616316   -1.52550045431984    9.67685124939091 1745833701.5392
 -0.638805347517515   0.208153962284192 -0.0067332773653057 0.671897076236874 -0.169939671758072  -1.80739099187066   9.57698734003612 1745833701.58581
 -0.646580353077933   0.208890507952385 -0.0107513228504897 0.679571179672906 -0.213782609242845  -1.91757113689589   9.49730762347673 1745833701.6052
 -0.645481753888253   0.212255458944082 -0.0140204030906924 0.679629050406943 -0.293245878923712  -2.12388649977187   9.40189294364338 1745833701.63914
 -0.626224621006152   0.201442624901316 -0.0133969555746788 0.657963437814063 -0.432540573581864  -2.52090759699268   9.69003614979984 1745833701.68579
  -0.63360087433858   0.196793466811623 -0.0127846856777745 0.663582085902136 -0.47348368358453 -2.63667069369046  9.70664729386715 1745833701.70284
 -0.642845599663158   0.194864797968912 -0.0113751894319777 0.671827469986427 -0.525983094484954  -2.76935657898582   9.63574702646532 1745833701.72406
 -0.576254678571075   0.139672328252324 -0.0234581994987186 0.593403826224773 -0.651509839442396  -3.25901377778464    9.6281297613174 1745833701.78575
 -0.562362604757716   0.120554313678679 -0.0300849313719905 0.575925468157189 -0.685407827483365  -3.38699716575313   9.65443144171107 1745833701.80114
 -0.545496933770182   0.100127847164498 -0.0350800775367558 0.555718546001888 -0.713574537397433  -3.51130090550415   9.65493643884306 1745833701.81903
 -0.450121750057879  0.0328623716169501 -0.0498154939496274 0.45406068843372 -0.737176443840776   -3.9403675425836   9.55480073155993 1745833701.88574
 -0.425103377417185  0.0153880880311983 -0.0515738507738388 0.428496834093784 -0.735658255827663  -4.02203760631197   9.54320749007582 1745833701.90024
  -0.396045545045563 -0.00279085034014173  -0.0479687371684255 0.398949699011782 -0.738990122356345  -4.09952603327172   9.53668051069308 1745833701.91674
 -0.281207787316843 -0.0476343838747988 -0.0309794418659316 0.286891233733432 -0.705013227445115  -4.38442407472921   9.42815968347319 1745833701.9857
 -0.255782810685042 -0.0546789964101259 -0.0278557506775573 0.263041026716687 -0.687893308425553  -4.40624873041706   9.36500102449795 1745833701.99975
  -0.23063560207876 -0.0597748782955748  -0.023490882796039 0.239411024382797 -0.671034776960836  -4.42494817147281   9.29817232425088 1745833702.0159
  -0.119454323953561  -0.0484218726659397 -0.00111169308091374 0.128900151765562 -0.640951618144714  -4.55900663630622   9.27261651549285 1745833702.0856
 -0.101390171425357 -0.0444377752938716 0.00087535158238682 0.110704331329558 -0.63271108103045 -4.56215915039062  9.25091269877074 1745833702.09942
-0.0794913297957814 -0.0387506910758244   0.005238908931876 0.0885885643768548 -0.630634579046451  -4.55960117290667   9.21913193112039 1745833702.11568
 0.0222934755868573 -0.0141045552476465  0.0233870878973919 0.0352546934860602 -0.629764825675805  -4.55452660301956    9.2002574111727 1745833702.18546
 0.0433339454051329 -0.0140383505220569  0.0213908657002011 0.0503237046048799 -0.619223066101707  -4.54598004536989   9.22114318450738 1745833702.19928
 0.0684569853625981 -0.0141748896730024  0.0191077512792072 0.072473391676703 -0.618139071005544  -4.53758901083669   9.27677343403478 1745833702.2157
  0.202303533963579 -0.0415132087802077  0.0162879054179202 0.207160233201948 -0.642129374979045  -4.40571416030293   9.52826463827373 1745833702.28533
  0.234063237646061 -0.0463160038922041  0.0165907068910075 0.239177806221736 -0.64380920583557 -4.38043587603335  9.59195217499139 1745833702.29943
  0.273350001086478 -0.0530643066596116  0.0193889556416162 0.27912716696179 -0.640355645630677  -4.32406331046585    9.6654958738296 1745833702.31718
 0.384737893729321 -0.106711796262515 0.0255663464647607 0.400080357433857 -0.58087290833528 -3.96569728042326  9.70406957257143 1745833702.3852
  0.41268772460589 -0.121196489611714 0.0273396067811177 0.430983991852987 -0.566293821307712  -3.88828372610038   9.71834662201436 1745833702.40012
 0.502842769709886 -0.138881429792096 0.0325970917425699 0.522686782863963 -0.528160930941853   -3.6893294203629   9.92948115019588 1745833702.43618
 0.543691245405476 -0.167879770105092 0.0245999319547776 0.569551529006178 -0.433322872977585  -3.29022226549508   9.90073130551898 1745833702.48505
  0.55445745269968 -0.171258874080766 0.0236271552689553 0.580784737464521 -0.404775167325997  -3.18228229950818   9.76978443123284 1745833702.50136
 0.614280355898626 -0.160717030631892  0.025614988537285 0.635473404019272 -0.359238757805655  -2.99522301642631   9.84677247649712 1745833702.54152
 0.623864227101984 -0.145692664764706 0.0194423902992937 0.640945343195773 -0.246526874907799  -2.67781720768993   9.79433099787211 1745833702.5849
 0.641844227473235 -0.137707570252892 0.0156460494985203 0.656637027672502 -0.215486269427175  -2.59228925442341   9.84057122727315 1745833702.60343
 0.685839987743409 -0.119109082576971 0.0153504216644182 0.696275159534995 -0.196425969612499  -2.44867447699529   10.0118404866328 1745833702.64009
  0.70172351783661 -0.063422092742425 0.0269384696896095 0.705098531045154 -0.179430650284734  -2.22107979789745     9.939039291871 1745833702.68474
 0.716806926219458 -0.049945857599354 0.0298943289651559 0.719166482166542 -0.157803449808837  -2.14980720152224   9.94501797448951 1745833702.70521
  0.714792779449019 -0.0404058777899143  0.0321069603830347 0.716653479317212 -0.111324516868736  -1.96903058738338   9.76784155468317 1745833702.73867
   0.696925602932547 -0.00738878339011408   0.0359654943099015 0.697892116966395 -0.0750684681219154   -1.70108904430427    9.44796498311883 1745833702.7846
  0.691239086357734 -0.0150098852502004  0.0332665602670495 0.692201874597216 -0.0765193220444822   -1.59778304495903    9.43660124848916 1745833702.80591
   0.63448867978493 -0.0443995031869967  0.0138556227364557 0.636191149686861 -0.098226591796875  -1.40925383081699   9.18199228269336 1745833702.83843
   0.587456931110809  -0.0549783577366367 -0.00985262932117642 0.590106210807926 -0.0243689748985509   -1.19515320090379    8.98851084192037 1745833702.88451
  0.562119687740926 -0.0704455615197235 -0.0168629813491248 0.566767571958529 -0.00254960132138035    -1.10028360412331     9.06370859354744 1745833702.90644
  0.467800446162692 -0.0849269213935576 -0.0276153518633006 0.476248304003211 0.0140975773391958 -0.899128265086881   8.84952734734305 1745833702.93833
  0.412442274147824 -0.0956145577209905  -0.033817581840021 0.424728621585496 0.0720830499336991 -0.783889926427076   8.89070859677587 1745833702.98449
  0.368914792877535  -0.104173105237718 -0.0405312012248893 0.385477546079503 0.0945979014174091  -0.71067512017635   8.95895861215179 1745833703.00694
  0.287163458216832 -0.0983930265812055 -0.0523430302134326 0.30803219349085  0.123544773951032 -0.535783973932536   8.77216264827042 1745833703.03816
  0.204664491701294 -0.0853454535119413 -0.0598205221451138 0.229673453991144  0.226724173581976 -0.417769604054582   8.72987012138334 1745833703.08449
    0.1583299155892 -0.0602492108867235 -0.0514710311548414 0.177052525062758  0.253204522651556 -0.370654356266429   8.78428495553326 1745833703.10715
 0.0984885887481228 -0.0157936100714436 -0.0434754142899323 0.108809704899733  0.270394784342506 -0.268434676829827   8.89595710024291 1745833703.13792
  0.035468185501695  0.0274700504342531 -0.0319918773843807 0.0551005995631654  0.277548351968184 -0.145298864742776   9.24630156999273 1745833703.18445
0.00581268195042366  0.0526496604210819 -0.0210245986658526 0.0569895408208576   0.254989961533314 -0.0835132126608209    9.29563203927358 1745833703.2071
 -0.0104122226879434   0.0951995305138476 -0.00858367239676297 0.0961511540397476    0.218861572341761 -0.00670051979583899     9.39516481669948 1745833703.23768
  0.0297082715138759    0.127891792025663 -0.00798021430388028 0.131539255297472   0.155884624811686 0.00401742979381057    9.98816565629247 1745833703.28434
 0.0384095908280592   0.135398713782709 -0.0114383768861513 0.141205328608309 0.0992849968616727 0.0156244663048568   10.0769857833336 1745833703.30698
 0.0324583239252376    0.15050781087914 -0.0154717258805246 0.154743394784362 0.00982048650568182  0.0141838518136779    9.88550721978502 1745833703.33739
  0.017207708418087   0.162788608420759 -0.0313007279361279 0.166661248734974 -0.0772699800587348 0.00672927225592992    9.42955084441678 1745833703.38423
 0.0111188166037724   0.152473285099565 -0.0381161954700301 0.157558164208749  -0.10795659865258 0.0276101566467438   9.29042350206796 1745833703.40677
 0.0172312865655535   0.126013807247243 -0.0484136056470348 0.136089213626195 -0.177892444952497  0.078340573294784   9.27096965936611 1745833703.43713
 0.0530681696813488  0.0878370568161562 -0.0555010276254192 0.116670232925672 -0.29208954113367 0.197382219682348  9.62150517399939 1745833703.48415
 0.0628318809282209  0.0774835032946347 -0.0524230450512482 0.112693008639547 -0.328496942009887   0.24291303939624   9.76826249958789 1745833703.50658
 0.0636655850218204  0.0577002641868604 -0.0470048332416029 0.0979391727118165 -0.352109959689294  0.300020809812759    9.7580960433796 1745833703.53683
 0.0603524152840202   0.010742598669249 -0.0292165019893042 0.0679074476421726 -0.361940206988502  0.333631256158609   9.46090731669738 1745833703.58405
 0.0697437373309308 -0.0130663586315776 -0.0187586506905663 0.0733948608589564 -0.361390679441211  0.304221318588481   9.26099771816578 1745833703.60652
    0.10406893698983  -0.0465527949336946 -0.00621786492860328 0.114176040422683 -0.35254678511448 0.265601602235148  9.05549850121999 1745833703.63658
 0.143830120644176 -0.105908630612944 0.0141784974457687 0.179178043946927 -0.340446290062741  0.277318622889016   9.19619601507249 1745833703.68389
 0.150898170368583 -0.124373786893642 0.0186013144630301 0.196430918102532 -0.325719509066574  0.314167139836961   9.29968885412569 1745833703.70647
 0.162655383696748  -0.15278122964893 0.0163538015589332 0.223755055370833 -0.260861224140407  0.361694084562587   9.33643126731633 1745833703.73654
 0.201041080173392 -0.194986696496055 0.0243083385782886 0.281119588524467 -0.162029993065365  0.401157690747851   9.22433132292402 1745833703.78376
 0.219249254076103 -0.202978343668015 0.0240245474389964 0.299745929565002 -0.133667674113948  0.423921553578853   9.24274811122852 1745833703.80662
 0.242661630670035 -0.206818781585758 0.0204600031811952 0.319495363262493 -0.0709235497149312   0.466646786186666    9.31465160358743 1745833703.83659
 0.278388147178607 -0.202750772066962 0.0158029818993266 0.344757262867945 0.0556711046876956  0.542048403354189   9.32727923277224 1745833703.88367
 0.289640859011149 -0.197639655246674 0.0134072112497443 0.350903140265567 0.0906843189452706  0.599437236760492   9.40635848104054 1745833703.90677
  0.301981045749869  -0.188573227042726 0.00294515405751743 0.356035234045614 0.117391781679992 0.680843844534687   9.5187757281464 1745833703.93649
  0.317397694997994  -0.153136753368388 -0.0167380007859017 0.352806352965134 0.224471156792449 0.835271205095308  9.41672249502603 1745833703.98365
  0.335130770562644  -0.136787519623126 -0.0185096000791054 0.362444567068741 0.298780847150681 0.898745235138452  9.35517038403193 1745833704.00721
   0.35110584741358   -0.12256804519333 -0.0111908996750626 0.372053058079166 0.376141734214626 0.981009271358367  9.38953871924258 1745833704.03665
   0.35285557910839 -0.0953144344572535 -0.0010745905476811 0.365503838377477 0.416746259213117  1.17267029849732  9.50282224959459 1745833704.08363
   0.363313895188836  -0.0818248844611536 -0.00240062038002742 0.372421885947341 0.457728378201471  1.27646587599773  9.50994759468067 1745833704.10756
  0.373167061675757 -0.0664345639538824 -0.0018010900735461 0.379038851745983 0.500097401675293  1.38531822831334  9.58387950301274 1745833704.13682
   0.375114954194686  -0.0421294636088054 -0.00986016869003025 0.377602096777869 0.513409671037927  1.57596423549077  9.54443758937911 1745833704.18357
  0.393098962355746 -0.0319586873988048 -0.0174521074027816 0.394781873897748 0.51933389150552 1.63925704982082 9.45421501921623 1745833704.20778
  0.405036392886352 -0.0105198082242911 -0.0228293079412234 0.405815627136928 0.535761665989362  1.70649686580225  9.45743763665309 1745833704.23687
  0.386871329391902  0.0243401570768571 -0.0242797087870119 0.388395897263045 0.569423480434244  1.91484820029191  9.64389891301001 1745833704.28351
  0.381500952001322  0.0368033852485593 -0.0236979659050776 0.384003983223751 0.529177164592237   2.0420298869371  9.63812242069944 1745833704.30827
  0.391766977983977  0.0531029368769829 -0.0284369030581413 0.396370968158866 0.447993755909247   2.1179406893179  9.47537004344205 1745833704.3368
  0.394580915022074  0.0841241214738551 -0.0427835943369204 0.405710983654364 0.419277330411585  2.24834082241287  9.51094828969477 1745833704.38344
  0.381723959598389  0.0864316521732644 -0.0423009261525164 0.393666077002113 0.429603104650815  2.41569619160462  9.56311154296875 1745833704.40909
  0.378567817503548  0.0855628189638482 -0.0371550535656527 0.38989112126837 0.387053395384389  2.56971110308256  9.48170568733977 1745833704.43684
  0.394406431397261   0.079100341708127 -0.0320605965028169 0.403535846033511 0.335059118369629  2.73178302824341  9.41235690747082 1745833704.48335
  0.381290383029473  0.0843595829348857 -0.0270169339851696 0.391444517327384 0.313395985865723   2.8632731223136  9.51764298036523 1745833704.50993
 0.356345133504383 0.0814581183579219 -0.022954212310724 0.366256979566909 0.292123815023374  3.02376185018326  9.65179707020563 1745833704.53696
  0.338772971462546  0.0549759081084542 -0.0162119250377178 0.343587402532952 0.257725000837493  3.20374433573354  9.49805152927829 1745833704.58322
  0.360828284520905  0.0387444850971165 -0.0123343960158004 0.363111998370771 0.241602238330703  3.25017569548908  9.15513994653458 1745833704.61073
   0.384725618920606   0.0173073431394786 -0.00965624762048061 0.385235757813964 0.218887264938382  3.31951023588165  9.06991931296338 1745833704.63714
   0.352830953297237 -0.00696389671526342  -0.0076312965801737 0.352982172566254 0.183662988478225  3.51094902120512  9.20643445499626 1745833704.68306
  0.353849583365336 -0.0238384137939938 -0.0129786253696601 0.354889056377513 0.193905291693303  3.64548255120998  9.14099279598833 1745833704.71153
  0.337952986048705 -0.0396188994967151 -0.0151382602437666 0.340603941403759 0.213970508791787  3.75154656447673  9.23285229054233 1745833704.73739
  0.313669757111708 -0.0445420083064238 -0.0199370437562667 0.317443211841467 0.206867027199441  3.91458323552947  9.01111694229347 1745833704.78295
   0.32006796877208 -0.0458865265455653 -0.0238145346813228 0.324216301278005 0.208830502271358  3.99897297086783  9.00112501796244 1745833704.81226
   0.30650503660172 -0.0497435480270379 -0.0260946775471343 0.31160983654055 0.226342784677643  4.09841745670254  9.19377993662018 1745833704.83769
   0.28066061733655 -0.0491615194186438 -0.0294872144761077 0.286455464135078 0.242249527661145  4.20583642537752  9.24566939194333 1745833704.86067
   0.23364729230456 -0.0432102753739389 -0.0289442846764789 0.239365738389138 0.300420574992121  4.24893814085159  9.31055287373405 1745833704.91287
  0.206295246898224 -0.0438092723243619 -0.0269097027496321 0.21260553458568 0.31158292274169 4.26299376900109 9.31750360147183 1745833704.93796
  0.186507478073639 -0.0465632182349498  -0.024662387949214 0.193807652194495 0.326484235615104  4.28993121722812  9.34262475576927 1745833704.95851
  0.129993984452282 -0.0207804092138952 -0.0162225273942211 0.132640234453703 0.37804416586503  4.3373732208276 9.46676437401652 1745833705.0132
   0.118114503057419  -0.0172672766704358 -0.00845884041129894 0.119669322122331 0.43839012654311 4.29920569759364  9.3824318871852 1745833705.03813
  0.110915640140322 -0.0228497735751207 0.00158686761269745 0.113255946991723 0.465894777729877  4.26035837184309  9.42869874936437 1745833705.05867
  0.0510047598595465 -0.00516752684283399   0.0167267850699311 0.053925635840267 0.39914414673681 4.28758360108417 9.55586992307082 1745833705.1134
0.0257834642870691 0.0119897565696192  0.017810827448904 0.033552449503068 0.420253802931071  4.27336923610684  9.54134596486834 1745833705.13821
0.00739375122082929  0.0242149936486997  0.0199811103957474 0.0322533447439041 0.437477962439119  4.26001992359259   9.5858791665258 1745833705.15881
-0.0809464279845698  0.0404263396141255  0.0262050593931023 0.0941982923192017 0.413949185023285  4.30977133777817  9.76076036393979 1745833705.21332
-0.114482363538591 0.0416185389823657 0.0275570484267473 0.124890773343761 0.382789210678918  4.33084254909565  9.77914190398465 1745833705.23819
-0.140010398973444 0.0435173195372657  0.027324032784213 0.149141783843443 0.361744195603904  4.32227637708421  9.80641326466306 1745833705.2589
-0.204121177123366 0.0567856766470074 0.0220935927846069 0.213021583095749 0.29026111031545 4.20445938425084 9.67113162951478 1745833705.31304
-0.234881603943296 0.0625680830217457 0.0183480160515328 0.243763784383609 0.270458220953325  4.17114391558116  9.68680667758504 1745833705.33797
-0.262861668489003  0.062758239695303 0.0151811496902327 0.270675674408309 0.267524700784631  4.15133837661659  9.70847845975886 1745833705.35874
-0.323168298965097 0.0554109856937061 0.0108719679908954 0.328064515727528 0.262021903859619  4.04763997969622   9.6118382105877 1745833705.41245
-0.348882160286548 0.0493845993997477 0.0103490847596895 0.352511991256248 0.286270108169262   3.9928210897204  9.64265354857779 1745833705.43767
-0.402804899712437 0.0242219691840061 0.0180184020074535 0.403934591034736 0.294302283966019  3.88612580439735  9.72406776327513 1745833705.48254
-0.431233257644586 0.0102864649487495 0.0202106668432745 0.431829138565421 0.285721572086112  3.80534352843046  9.68802539214492 1745833705.51165
   -0.44871200999217 0.000381924844348092    0.022401148745986 0.449270993102092 0.27438564973502   3.691396947887 9.64082539126691 1745833705.5373
  -0.486767924798545 -0.00527078838542264   0.0178947395956318 0.487125256508099 0.240366446655701  3.51121223784036  9.62478476643595 1745833705.58251
   -0.511905216791827 -0.000127662582259574    0.0136455299753733 0.512087070491661 0.245784610150327  3.41057409755664  9.69179155415581 1745833705.61067
 -0.531895542818326 0.00135958935747687  0.0112848008188267 0.532016976874557 0.266365149283235  3.28116730896577  9.71825015939112 1745833705.63689
 -0.556419635351288 0.00447629739117248 0.00978684366106128 0.556523701338623 0.265110383035878  3.05138257105137  9.68037005819281 1745833705.68248
  -0.567179644286157 0.000160502076711306  0.00973257849180717 0.567263164446262 0.252836108252103  2.90627948628803  9.60920761690251 1745833705.70909
 -0.571319725447185 -0.0017576863194523 0.00870182219275271 0.57138869419662 0.23947212890625 2.73045726974471 9.48369439346465 1745833705.73636
  -0.564351771416191 -0.00343031758633738  0.00674681318013017 0.564402523441758 0.259707587235439  2.43425778495634  9.32629549521379 1745833705.78245
  -0.557796177812049 -0.00645469787664114     0.01026727175002 0.557928002501755 0.26685905227337  2.3116376367879 9.24943370777961 1745833705.80732
 -0.541989630046504 -0.0135948078142213  0.0169900039041143 0.542426251309902 0.266698486365145  2.16158215445152   9.1959975683964 1745833705.83575
 -0.524528649884722 -0.0261674273134974  0.0217618224581772 0.525631635005731 0.244593365984835  1.89259516371828  9.19267067628263 1745833705.88238
-0.508030590750742 -0.035933184361822 0.0256863820553854 0.509947119905607 0.265373924461099  1.76171078586145  9.19332847855181 1745833705.90625
 -0.488306977040608 -0.0526960852562778  0.0313635191829439 0.492142511436894 0.283666933595845  1.61913549020839  9.23429769141212 1745833705.93528
 -0.458275556520018 -0.0786177192399566  0.0377563591858712 0.466500561780152 0.297219633012688  1.39794088308324  9.31699098032249 1745833705.98229
 -0.450458107246411 -0.0886072039160274  0.0403617654342001 0.460860949830641 0.290694397239306  1.28486275675051  9.42013480690382 1745833706.00593
 -0.443105592068267 -0.0885010393926067  0.0379163926711884 0.453445313713723 0.300616970363099  1.15115051803284  9.44171892997221 1745833706.03523
 -0.406610939974101 -0.0904758854409149  0.0355929946290422 0.418073203661276 0.357100853421748 0.919940311096728  9.23385710526088 1745833706.08219
-0.386143119316964 -0.086435964737965 0.0384345366528469 0.397561187999706 0.373547841796875 0.786992166441845  9.33467338430001 1745833706.10566
 -0.378672580062473 -0.0669360329393443  0.0349822295581597 0.386130951597624 0.345576262282294 0.645593242992163  9.40595333118523 1745833706.1353
 -0.355324221434292 -0.0130959141765842  0.0145178642863442 0.355861733949357 0.363600567540602 0.462873803586257  9.17063801825566 1745833706.1821
 -0.326558984386611 0.00525218949772968   0.013029488489199 0.326861015338974 0.415906386520378 0.349238713725184  9.05098221111534 1745833706.20542
-0.295370482184539 0.0183810574593495 0.0141225445855585 0.296278637915091 0.416663813841525 0.220799200969172  9.05589819802251 1745833706.23539
-0.259793133936438 0.0595940667820976 0.0042496401147913 0.266574538688994  0.355751231406826 0.0970399459736931     9.171742116142 1745833706.28202
 -0.234804709238422  0.0837613098248277 0.00431994787234428 0.249334856074577   0.33537103640725 0.0416960073583401   9.31283936098544 1745833706.30518
 -0.224262561014657   0.107956748354615 0.00257663549866535 0.248907603014949   0.314939541685479 -0.0653446835584063    9.53083205176123 1745833706.33549
   -0.21297341715364    0.101658319993394 -0.00463390029673787 0.236037207808298  0.319057177734375 -0.131676967966571   9.57242810927763 1745833706.38195
  -0.200801675687215   0.0862062101867591 -0.00400957655291411 0.218560976246198 0.305116918403631 -0.18339011361471  9.66235747956211 1745833706.40477
  -0.210206807846352   0.0723324647733769 -0.00836633361265893 0.222460969752591  0.238051753958916 -0.232054250615931    9.7790043810706 1745833706.43541
 -0.191538149561579  0.0563661044843099 -0.0198239303653426 0.200641443095239  0.27572412632546 -0.33285810216488  9.60944765378991 1745833706.48187
 -0.173417297474683  0.0349374428880003 -0.0171202494535709 0.177728126418773  0.286094345508944 -0.395635474801041   9.52345268672453 1745833706.50442
 -0.163676653877336 0.00623893630259546 -0.0138083369121941 0.164376523624725   0.22112038406825 -0.441185935761452   9.38408291429901 1745833706.53528
 -0.123451023767351  -0.007936593397677 -0.0227312047136566 0.125776994922368  0.176140356873139 -0.521008901795014   9.12282628400262 1745833706.5818
 -0.101010216188738 -0.0211214523163684 -0.0244743380320873 0.106057403063422  0.220119654865727 -0.559072338388371   9.06581868565276 1745833706.60417
-0.0734853596098006 -0.0429914355734991 -0.0196442579480186 0.0873742438020515   0.23947212890625 -0.590767207636843   9.10400468772701 1745833706.63531
 -0.060447642198558 -0.0488610570928411 -0.0218985216159402 0.0807518767370676  0.258179518769334 -0.601409549538632   9.45849094764351 1745833706.6817
-0.0506726047548176 -0.0458268668607492 -0.0245748413619169 0.0726067312779895  0.305623898463903 -0.587055524871086   9.52699257268654 1745833706.70402
-0.0250188374224021 -0.0393717042024001 -0.0216984978553029 0.0514480138289756  0.372409093948232 -0.572004364158696   9.52956097763818 1745833706.73521
-0.00308678675882045  -0.0278226521244487  -0.0115810305833375 0.0302943640485275  0.366511557541401 -0.547057587890625   9.60115294512628 1745833706.78159
-0.00530143731034888  -0.0102743120499907  -0.0142581198859127 0.018356489542862  0.332317993526929 -0.540160245368575   9.67911754838109 1745833706.80389
-0.00959237061311725   0.0203581664612197  -0.0211072078999235 0.0308542175556717  0.361151804960052 -0.480619148442529   9.72076929883148 1745833706.83508
-0.00880134262356043   0.0330134332914281  -0.0150797853713374 0.0373463564020705  0.414384694194353 -0.501604888713365   9.63241839074221 1745833706.88146
-0.0029534172667362  0.0358826603043488  -0.011167321527596 0.0376961145765642 0.380894847495317 -0.51022563523152  9.59956482470281 1745833706.90371
0.00197263262066589  0.0460800776494655 -0.0126968647930759 0.0478380101092273  0.333075335377029 -0.510112437377345   9.52853111990296 1745833706.93494
  0.0287773747076948   0.0471106929901331 -0.00909892482664787 0.055949487236959  0.346640616131938 -0.567688230151076   9.46692799978821 1745833706.98132
  0.0364200165331675   0.0395716060530812 -0.00627756271028062 0.0541455206224666  0.329509141426869 -0.592328404680627   9.48244926835136 1745833707.00357
  0.0470567668829447    0.035733286320827 -0.00726637055534343 0.0595315647518992  0.302639437551409 -0.598984171836443    9.4982188473992 1745833707.03475
  0.0543009764940624    0.026073225204529 -0.00505678688636961 0.0604481613813767  0.291051529460602 -0.608590262768724   9.58862832564689 1745833707.08118
  0.0633622387636163   0.0168477730820887 -0.00473455982369885 0.0657345937515952  0.273336902898493 -0.586618733634318   9.58505293501211 1745833707.10343
  0.0743314680414436   0.0029922189199834 -0.00553459391127004 0.0745972670077391   0.26189429558698 -0.545296935612394   9.57888478017739 1745833707.13455
  0.0996870245725599  -0.0151635794177951 -0.00284333638597253 0.100873790305975  0.274014175472097 -0.449064144014785    9.4300509526049 1745833707.18103
   0.118454456589659  -0.0144346759799813 -0.00266302394137851 0.119360419960349  0.265522182538607 -0.414421378367572   9.35017237910839 1745833707.20333
    0.135177668173999   -0.0109562039609444 -0.000612323232510201 0.135622326030542  0.293010474567046 -0.378395947598806   9.35698184030028 1745833707.23434
  0.153240879709729  -0.020690245372226 0.00853227973085185 0.154866566001768  0.346615504738434 -0.295732334235832   9.32369038899472 1745833707.28087
  0.172205634419998 -0.0251405454652385  0.0136899432962919 0.174568731735495  0.351560722743562 -0.245675378152716   9.23542596051044 1745833707.30334
  0.210090296215399 -0.0220781330782861  0.0215347727841245 0.212341995288168  0.344699107119009 -0.184807856053807   9.06117210348461 1745833707.33412
   0.247320080584203 -0.00979300011384945   0.0249271878031417 0.248765933767426 0.345994967845592 -0.11671597920839  9.24948037497108 1745833707.38071
    0.25477011229825 -0.00340574511079055   0.0253538574111018 0.256051220082711   0.358498800766442 -0.0338625346508208    9.33368855271216 1745833707.40335
   0.281671559458035 -0.00153701786966951   0.0274609757618884 0.283011192395722  0.359788285352945 0.0802007480597273   9.32295619270405 1745833707.43381
  0.312036975161756 0.00342751746703088  0.0236418187508746 0.312950087614518 0.286969278425016 0.185803320239857  9.30919668754275 1745833707.48058
 0.323010802730744 0.0126014740620345 0.0168709016865918 0.323696467625172 0.280061969978928  0.25483091700972  9.39169761531554 1745833707.50361
  0.33617809899637 0.0208328609725509 0.0114050040356412 0.337016018103246 0.301491407547101 0.373731125909298  9.50064482339872 1745833707.53375
   0.36375930083319   0.031229204888699 0.00973156511529624 0.365227046561758 0.278486054820912 0.516088709712344  9.42548732863462 1745833707.58049
  0.363501164120306   0.033995570376075 0.00918777813628797 0.365202971495432   0.2584704451179 0.582823528561781  9.53731506483757 1745833707.60375
  0.355231078418068  0.0411932065742376 0.00803349657411252 0.357701742250632  0.23608470619725 0.707784113306256   9.7076715276075 1745833707.63362
 0.381591813015553 0.0466106069207369 0.0099686418832465 0.384557192442181 0.256525944618338 0.921620261612719  9.43824154043951 1745833707.68043
 0.406439344091375 0.0421415365041555  0.014367956946764 0.408870746949672 0.237438858177644 0.974328341526419  9.31917428692637 1745833707.70392
 0.416196822691737 0.0349640497359412 0.0176754197747395 0.418036721421513 0.197753044365316  1.06831753524384  9.37389555187271 1745833707.73346
 0.415921847166152 0.0283577568287637 0.0187377926589975 0.417308339475974 0.170560277027752  1.27049941573888  9.42390166977729 1745833707.78038
 0.438108986793713 0.0216362933001512 0.0203876762899927 0.439116466147296 0.163275289120754  1.35236531072932  9.32764145906791 1745833707.80409
 0.462840722459575 0.0116450447394016 0.0173000933067708 0.463310300621848 0.136138710449254  1.45103450579414  9.29434867441402 1745833707.83342
  0.477960082850444  0.0110643952373869 0.00764211227910043 0.478149206336745 0.116893075217036  1.70838845972394  9.34185696935727 1745833707.88035
  0.494393796385667  0.0140620620085381 0.00572919267885641 0.494626921165151 0.118609744094664  1.83088853816605  9.31001161978408 1745833707.90429
  0.512540455286417  0.0175748288221289 0.00128035169563214 0.512843282313222 0.119972015824489  1.94666066060636  9.31616061201013 1745833707.93329
    0.51245093909139   0.0206019025605274 -0.00242425567278596 0.512870627332398 0.108759941019984  2.24157136167081  9.43192111038809 1745833707.98034
   0.510604658520954   0.0174020595560748 -0.00391806408235436 0.510916138134476 0.0931692186843417   2.40117654114289   9.56603000313902 1745833708.00507
   0.503314679340655    0.013239775544274 -0.00646382207492559 0.503530276241723 0.0774085628137629     2.535265604611   9.65861555714005 1745833708.03345
  0.502495036798566 0.00170336019522008 -0.0124472960643012 0.502652065172779 0.0961243972162555   2.73565782395458   9.52743305627252 1745833708.08034
   0.492322671949449 -0.00190982994479155  -0.0117204574763705 0.492465866725115 0.0800413274635275   2.87972723897401   9.57335165812503 1745833708.10651
  0.475411505690136 0.00681675901750068 -0.0134663756753632 0.4756510393344 0.0376833639431416   3.02418378655212   9.61768326777189 1745833708.13389
  0.450921368889662  0.0308468228820152 -0.0222816998470255 0.452524122618136 0.0127010659080851   3.19952714300951   9.44226144889367 1745833708.18032
  0.44527594358946 0.0444454022855065 -0.029843321077544 0.448482645747572 0.00701736096574704    3.29560282172918    9.39146292891566 1745833708.20798
  0.430019906898945  0.0479669428062576 -0.0332212288117732 0.43396036452114 0.029776249381834  3.43796773894803  9.40978766490293 1745833708.23453
   0.40592077342487  0.0374600913244991 -0.0314642777617442 0.408858084810552 0.0148643210044268   3.67351645621178   9.38443334559025 1745833708.2803
  0.393448181044657  0.0268031229704231 -0.0298259565281576 0.395486366707042 0.0121984448711924    3.7729673865634   9.38993561259477 1745833708.3089
  0.374005371679889  0.0171210418682862 -0.0267117857454254 0.375348728008737 0.0379095032383514   3.85913902228219   9.42127355475246 1745833708.33489
  0.348868521610198  0.0131106995684597 -0.0214695395284984 0.349774322872942 0.0427486687688034   3.94456514534374   9.46691765779157 1745833708.35688
 0.295834711488067 0.0123717499883177 -0.011277120491586 0.296307965072799 0.0536363125744593   4.06514875778959   9.59030991720697 1745833708.40952
   0.255468389669254   0.0160783688710131 -0.00726156273144574 0.256076829016327 0.0414417480887845   4.15711141589688   9.73252587548573 1745833708.43511
   0.221800014186565   0.0195665289218819 -0.00676916079897633 0.222764263034118 0.014669019662846  4.21585118757222  9.77159419517448 1745833708.45681
  0.181810180789991  0.0285742346238021 -0.0118075659497625 0.184420300772131 -0.00566016621609238     4.14511507586258     9.54780470416743 1745833708.50982
  0.155709811571776  0.0314093839942785 -0.0145622890363212 0.159512241174762 -0.0103673986389453    4.16485201576512    9.53516845950112 1745833708.53513
  0.130385623996265  0.0305197118017241 -0.0156593872096659 0.134822402297014 0.00669474195308589    4.19984676827662    9.52582538007357 1745833708.55667
  0.0770232246356243   0.0281282841943315 -0.00976838192206904 0.0825784402272308 0.038657562932786  4.25208961218923   9.4830624889226 1745833708.60983
  0.0426994650380831   0.0244322981456285 -0.00421243852971924 0.0493753597007862 0.0653382561356987    4.3153154001245   9.60399827626905 1745833708.63508
0.0113778333541528 0.0204945075084863 0.0023388425097224 0.0235573791864791 0.08732313584759 4.36052949832795 9.67777380677418 1745833708.65649
-0.0744052845199235 0.00264597940562711  0.0173683400241267 0.0764513361995685 0.078406197964397  4.47358764152997  10.0670233294194 1745833708.70975
   -0.12896446630122 -0.00795419033791743   0.0193367553222453 0.130648432132509 0.045975952924812  4.47868513475179   10.210309128789 1745833708.73493
 -0.173870151508313 -0.0175978550655921  0.0169839704643492 0.175581802420317 0.021593407225212  4.45124920758736  10.2584313586093 1745833708.75635
 -0.285139189110343 -0.0203315062776729 0.00538771527216424 0.285913894013349 -0.0023653086506073     4.3219198333697    10.2250578074674 1745833708.8094
 -0.340734266457285 -0.0206596574022778 0.00256399115039559 0.34136964691194 0.0174175292039755   4.22709461315664   10.2123107239478 1745833708.83477
 -0.383341716146239 -0.0250598296451748 0.00211381958869155 0.384165764524954 0.0310458192144696   4.15312762750703    10.161430972287 1745833708.85614
  -0.46042751487657 -0.0283804892259091 0.00651228890188788 0.461347329601958 0.0373707792313564    3.9384363413789   10.0762492622305 1745833708.90878
 -0.496611433731123 -0.0282497865141168 0.00782969360483296 0.497475899569537 0.0463078540931387   3.82326684110006   10.0333015484882 1745833708.93448
 -0.552808978652554 -0.0287673133266221  0.0094275902588805 0.553637250059099 0.0424644604445039   3.64660111079741   9.88640627263046 1745833708.97968
   -0.5768902370793 -0.0220523681709801 0.00832720432640443 0.577371626347584 0.0416632548532663   3.49292856214391   9.80060804282025 1745833709.00777
 -0.595364791855684 -0.0173493220709593 0.00421269377869004 0.595632421168087 0.0464518557125239   3.34150227806725    9.7132160856859 1745833709.03404
  -0.612552187027319  -0.0118360624020245 -0.00247524451196716 0.612671527852022 0.0365400177521894   3.12502751889143    9.5318907645218 1745833709.07964
   -0.61562922479933 -0.00947865529178433 -0.00525823546962004 0.615724643305283 0.0470917090619077   2.97151505750829   9.48434691362315 1745833709.10613
  -0.619129572036132 -0.00792139275001314  -0.0086967324520813 0.619241316925871 0.0462983326185426   2.81294618028834   9.38969149019135 1745833709.13347
    -0.6168643783787 -0.00382321813642973  -0.0125940489837646 0.617004771763772 0.0202597833890637   2.55594474314332   9.22715648289978 1745833709.17963
  -0.608017296663447 -0.00504614643300491  -0.0155011823736918 0.60823579579858  0.0143396484375 2.41963705643485 9.19919276672149 1745833709.2043
 -0.601496428348392 -0.0121404868014038 -0.0175062735201963 0.601873586684289 0.0193254139071552   2.26746264428692   9.20832186083667 1745833709.23279
 -0.569980792207912 -0.0388750582795804 -0.0160234751035473 0.571529636498925 0.0576761528766998   1.98628690109918   9.20333274490198 1745833709.2796
 -0.556231086365278 -0.0539552398582754 -0.0109032455140333 0.558948181954285 0.0762840031588629   1.84861689137825   9.24437669364548 1745833709.30342
  -0.538646028535887  -0.0755896740315945 -0.00503161248041404 0.543947295242691 0.0937541483391522   1.69111824841596    9.2316793029924 1745833709.33251
  -0.51554616276237  -0.109937484125366 0.00533995545188415 0.527164691039761 0.12110056008644 1.38775810953109 9.24664441808013 1745833709.37952
 -0.501220094857241  -0.119256974592588 0.00840806872422722 0.515280996250929 0.12250276223298 1.23892890686328 9.23315908031715 1745833709.4031
 -0.479685775425766  -0.124756294619968 0.00914800501307729 0.495728012310018 0.158100906145366  1.06541828896485  9.17289029999419 1745833709.4325
-0.432752651906212 -0.122229767922988 0.0161781750282807 0.449974118417507 0.246593781643112 0.783050634937454  9.18342276031841 1745833709.47937
-0.415338976617123 -0.109588219772538 0.0191455928915493 0.42997976363713 0.256744203483047 0.652467166447433  9.17366297535006 1745833709.50272
 -0.396556884927791 -0.0928215777663013  0.0186647914533497 0.407702811766924 0.263660606048499 0.503541064332984   9.1430501866463 1745833709.53245
 -0.347809093613319 -0.0584854176404028  0.0133254401466222 0.352943730687757 0.287606037722512 0.269403986875603  9.08767894857865 1745833709.57921
-0.321419489214331 -0.039970845920896  0.012473434320848 0.324135377788649 0.318287630618814 0.167418549389434  9.13008149379696 1745833709.60235
 -0.293238216095599 -0.0222019631162976  0.0132654756869157 0.294376546943446  0.364615177241099 0.0678534639079096   9.16700837060047 1745833709.63252
  -0.255331267636331 -0.00120442846072164   0.0130180518114329 0.255665751624377   0.386006084461445 -0.0795796641521865    9.16075501822647 1745833709.67906
 -0.229334868562325  0.0100149295697417 0.00871933151021212 0.229718975042922  0.380426996080199 -0.107712083082342   9.12520000300422 1745833709.70203
 -0.204301474329215  0.0226031306852948 0.00248056664349257 0.205563000417732  0.389306736963893 -0.137280056617714   9.19562125647223 1745833709.73248
  -0.170936681305271   0.0384270620486573 0.000142501309740954 0.175202763733836  0.399495535303772 -0.214666926879839   9.24841272193904 1745833709.77892
  -0.157871949409671   0.0432764305736088 -0.00202409386092737 0.16370857891253  0.367333583879601 -0.235289757086626    9.2877907545124 1745833709.80167
 -0.137262877019844  0.0469097129982768 -0.0104572227005262 0.145433737791319  0.343288988697272 -0.230005766041022   9.31656133446522 1745833709.83241
 -0.112502431308794  0.0695309353482144 -0.0189876401464594 0.133610922080191  0.308104324243616 -0.225874624966846   9.32628406451114 1745833709.87879
-0.0953017862992976   0.080199333295479 -0.0239357741327651 0.126835660664543  0.302713199064663 -0.258244186163225   9.29510673422091 1745833709.90133
-0.0802930020483891  0.0978509691997008 -0.0271833372656983 0.129463169187859  0.286386229133232 -0.302663078842911   9.31053080510981 1745833709.93224
-0.0659931318121635   0.113691274594056  -0.026567036720867 0.134114155872251  0.245315938213161 -0.373534012581528   9.50973099395426 1745833709.97869
 -0.066876396112645   0.119463707210502 -0.0282406127899126 0.139791136729915 0.214566908661057 -0.39939625213599  9.57790229049623 1745833710.00105
-0.0589722383826898   0.115917784698511 -0.0291694485558967 0.133287337876972   0.21148371159548 -0.417187358190636   9.61295887276287 1745833710.03207
-0.0419798343763128  0.0970846965506251 -0.0239004354842112 0.108438810464356  0.168392252647008 -0.459377832648019   9.67045233982447 1745833710.07857
-0.0353164533224579  0.0869866739166739 -0.0203092958075275 0.0960541556131787 0.141330546612367 -0.48561852090281  9.67084803658201 1745833710.10082
-0.0324766142283539  0.0710711996052625 -0.0164976476878785 0.0798624959809155 0.0923441837652998 -0.517984252396388   9.67152243732845 1745833710.13189
-0.0257588918115223  0.0338793978071874 -0.0136488329732492 0.0446947954986597 0.0932865875255928 -0.534151904296875   9.66174501113607 1745833710.17843
 -0.0184991920165947  0.00530683182591079 -0.00784233414341659 0.0207818376019143  0.102220363204975 -0.526000992122121   9.61640103113014 1745833710.20061
 -0.0105453293116846  -0.0263172889368441 -0.00223626671063738 0.0284394893779462 0.0794578850049285 -0.521366307523659   9.61090565309198 1745833710.23167
 0.00282477178545475  -0.0417424871206472 -0.00323913229752466 0.0419631569915583 0.0667765970970368 -0.548314166124171   9.58031912109375 1745833710.27827
 0.0108393532679254 -0.0441167749501352 -0.0051577511882211 0.0457207153114139 0.0807012152262445 -0.563514918262396   9.57626849434542 1745833710.30046
 0.0228205266146908 -0.0425622134758311 -0.0075863346644522 0.0488863061048296  0.116166229436378 -0.552973398007229   9.53392818914327 1745833710.33159
  0.0391029585986707  -0.0338425627351022 -0.00415453130052361 0.0518808303130907  0.143979895829763 -0.514828694700728   9.53143074543914 1745833710.37814
  0.0448087434809061  -0.0250254091309786 -0.00460930496307426 0.0515299940496129  0.146457544439496 -0.499516027616022   9.53611452142221 1745833710.40038
  0.0516876118114053 -0.00715564964730971 -0.00362867651413533 0.0523065945162348  0.165544767633865 -0.476258791715375   9.57974561037077 1745833710.43145
 0.0639797774564403 0.00961930128437935 0.00105459350517795 0.0647074574375817  0.195736201171875 -0.414559414107902   9.59351178227371 1745833710.478
 0.0709047696569309  0.0186181647047888 0.00514079046556459 0.0734884354418293  0.185486752577298 -0.373911999738205   9.52172564166184 1745833710.50025
 0.0882880017441449  0.0300821274429979 0.00826968949488033 0.0936380980574287  0.162124643702419 -0.335721006154837   9.39532047656962 1745833710.53126
 0.116984691109265 0.0349028890347895 0.0108656972475233 0.122563016418412   0.14616432746688 -0.275129264935029   9.30671071086849 1745833710.57785
 0.131344579140803 0.0325512231215491 0.0119973302256482 0.135848873859619 0.136109051996068  -0.2479142067485   9.2596221642353 1745833710.6002
 0.148442061910053 0.0262067737518614 0.0137894675367858 0.151367070889072  0.114077026454848 -0.239039662504442   9.34923452240778 1745833710.63099
 0.143010356192131   0.02050117064953 0.0165078233595352 0.145412407339508 0.104076606301772 -0.21039328907661  9.73603097473175 1745833710.6777
   0.1471766594228 0.0122038647398839 0.0180994492702106 0.148786738176926  0.127865266982031 -0.151503361866523   9.67491615070648 1745833710.70017
  0.185401773819324 -0.0105655473159834  0.0264642361503002 0.187578794964828   0.163683071484291 -0.0740694483403257    9.39213705615475 1745833710.73074
  0.234956471895148 -0.0498550765885315  0.0370745206105233 0.243032081062488   0.156111755571037 -0.0105047677051109    9.17176999679741 1745833710.77755
  0.243768386397722 -0.0651324551407544  0.0390183939105841 0.255318816351191  0.157776133262329 0.0233167750317395   9.16592994821655 1745833710.80019
  0.263747896725295 -0.0777500784622995   0.041045432658891 0.278015746442654  0.159703009632073 0.0988634194712076   9.17061933428486 1745833710.83064
  0.297539641004941 -0.0785750593630478  0.0367697262399751 0.309928847787711 0.150752323344724 0.240449313178825  9.36643118274934 1745833710.87741
 0.302078737531334 -0.078241467018258 0.0304019544034059 0.313524432319461 0.148353138406168 0.308985474728398  9.55818174394044 1745833710.90043
  0.311564212161293 -0.0739790606452407   0.020838145007215 0.320904016804061 0.145425276420762 0.408320643094451  9.61407565455252 1745833710.93057
  0.354755016229415 -0.0500478162292858  0.0026623648656778 0.358277816276603 0.136613262794429 0.539768360619714  9.34469534315684 1745833710.9773
  0.363691263648571 -0.0299806259754019 -0.0056025968087136 0.364967892120899 0.137974252458554 0.609703523151258  9.32283270413586 1745833711.00062
   0.368172559347948 -0.00533781600321658  -0.0125202210762263 0.368424051430278 0.158117265303693 0.733195971727534  9.32187431728984 1745833711.03044
  0.412479414777917 0.00778145154935242 -0.0138137657149312 0.412784009776269 0.163168758008218 0.896815315999448  9.24052242807971 1745833711.07725
  0.431306662676964  0.0121738329841109 -0.0167698116650979 0.431804198754885 0.136376456712598 0.959950743944209  9.25528320945823 1745833711.10079
  0.443392728111982  0.0208302780053538 -0.0194786242240884 0.444308933767969 0.135838741263953  1.08146785406729  9.31697484338888 1745833711.13033
  0.467356872977367  0.0218868982635536 -0.0151306903974237 0.468113683656742 0.177205326114319  1.33041603825546  9.46839765734104 1745833711.17718
 0.480181221297454 0.0210126705385755 -0.013070926445249 0.480818455061798 0.170359163654999  1.45129748311045  9.39844936645674 1745833711.201
  0.506837397054421  0.0209679829202555 -0.0139350165954318 0.507462302095594 0.139672049329084  1.56351000996539  9.20408217213316 1745833711.23014
  0.533697482451879  0.0448040728057092 -0.0248977275002884 0.536153247262508 0.115641727811544  1.79609660844824  9.28390272788321 1745833711.27711
  0.530733779032589  0.0598768940707986 -0.0274815137798222 0.534807273930908 0.109305742029641  1.96362238981279  9.36051957239191 1745833711.3011
   0.53637635849725   0.076325819682744 -0.0314651539895544 0.542692624439101 0.106818346536008  2.16042542349466  9.36092851716168 1745833711.32992
0.555204289875006 0.102934739373036 -0.02998346174076 0.565461202951506 0.129477993025764  2.45535426891873  9.40702503040326 1745833711.37706
  0.557497212692896    0.11373132963404 -0.0239550549542755 0.569483803245129 0.109048593838709  2.62483112464992  9.46063599740692 1745833711.40206
  0.551742194151756   0.127694983640121 -0.0167663943766382 0.566574416678548 0.0730869757533662   2.81083278900061   9.51711158977404 1745833711.43005
  0.544784328169638   0.143140860800245 -0.0035565972525313 0.563286711749794 0.0404263349604486   3.02682017517426   9.30758043005072 1745833711.47702
  0.534723278539591   0.145887964514541 0.00465166105348195 0.554286857820823 0.0118390220258465    3.1565550871132   9.33794815616953 1745833711.5034
 0.513512702425867  0.139589250426859 0.0084844872183348 0.532214656798183 -0.0603710378831651    3.34027376852542    9.45681152704801 1745833711.53049
  0.498574850721037   0.127450436077667 0.00524425773120433 0.514633848155213 -0.122525001799317   3.49699505231849   9.54538491627169 1745833711.55342
   0.454664404562086   0.0894215128975325 -0.00664138773581895 0.463422092455396 -0.178945020891914   3.71781996297849   9.66689867592975 1745833711.60445
   0.432549751832546   0.0682266326906696 -0.00980161762387843 0.438007115155392 -0.232342322231539   3.79903742332647   9.62027787814643 1745833711.63089
  0.408402197247742  0.0548427557684795 -0.0139641454555916 0.412304596063844 -0.266803974730913    3.8783309475087   9.61615588307415 1745833711.65339
  0.352632201971768   0.033481533236066 -0.0196753564159083 0.354764150648552 -0.332404695356645   3.96540225146446   9.46097988161598 1745833711.70517
  0.335723310095075  0.0249698791459289 -0.0206221015163956 0.337281643254875 -0.339924728641912   3.99188369456344   9.42800298085627 1745833711.73105
   0.31065862756585  0.0240726091128963 -0.0181127502319913 0.312115916145855 -0.344860578830401   4.05135033864217     9.510430600524 1745833711.75331
  0.233704986191332  0.0267279616727389 -0.0103001531510192 0.235453812160272 -0.329348729366529   4.30117344621789   9.72274482532097 1745833711.80567
   0.204858488538471   0.0315455612250415 -0.00446822466626028 0.207321218863237 -0.285362371465488   4.33346816836591   9.71605355349238 1745833711.83115
  0.181388939984768  0.0387051691362416 0.00106107378128727 0.185475506588423 -0.247833146007863   4.35627606588015   9.69442660942962 1745833711.85302
0.0984731785677217 0.0368190087713838 0.0184335168373774 0.106735190294165 -0.253353720910577   4.45132923737461   9.76728850572876 1745833711.90578
0.0682272003339031 0.0373862786557053 0.0222625256967267 0.080921596298652 -0.264314049294299   4.41231322596641   9.65620823092291 1745833711.93108
0.0443334470391662 0.0425964396960346 0.0236019580048829 0.0658556271158109 -0.28096517671723  4.35816755723658  9.56709726300426 1745833711.95294
-0.0167676858602367  0.0455640099467485  0.0144175857279963 0.0506468268478796 -0.348325438497587   4.32217494734972   9.47675118717897 1745833712.00564
-0.0532040573759658  0.0361451133916196  0.0113991447383712 0.0653229013755853 -0.362957021842003   4.38125434677601   9.68822462515464 1745833712.03095
 -0.097927433410042  0.0269305950683761 0.00843532702849661 0.101912677852624 -0.38239139423942  4.43845259684251   9.9391532760588 1745833712.05292
  -0.211911189037455 -0.00732902084377252   0.0014248378518475 0.212042676715563 -0.371725616176641   4.48603993540969   10.3719482285697 1745833712.10542
  -0.266452564345774  -0.0336166551837706 0.000639158661619017 0.268565554522501 -0.3759529457668  4.4551287672821 10.4850512953538 1745833712.13089
  -0.312125828471396  -0.0583308967709176 -0.00109317419662954 0.317531449382386 -0.384535401256057   4.38489250734744   10.5126767171295 1745833712.15258
  -0.44148683738265 -0.0852421653015497 -0.0143102554406194 0.449868467152575 -0.398595661936288   4.16090465513535   10.5908689810641 1745833712.20503
 -0.500385960269108 -0.0807911680359751 -0.0200236303026587 0.507261537904809 -0.324143952886954   4.06010432499352    10.484132772204 1745833712.23078
 -0.539556811460259 -0.0795202961497211 -0.0200727690822679 0.545754474421906 -0.254648963379744   3.94450681068643   10.3264647482783 1745833712.25276
 -0.614963139276135 -0.0829157957042211  -0.012383133330478 0.62065129810281 -0.190943378042913   3.64199567439111   10.1015602648167 1745833712.30409
  -0.658292836881231  -0.0760393770019044 -0.00926058885762921 0.662734641051731 -0.17830210767906    3.537277830109  10.0447720877378 1745833712.33045
  -0.695307585829923  -0.0591297953903658 -0.00476231413522403 0.697833541219871 -0.130892026496638   3.30297610508766   9.86678576916776 1745833712.37622
 -0.710842847342177  -0.051355445277618 0.00241070842890308 0.712699618978658 -0.105051694190302   3.13218517203314   9.71875795997344 1745833712.4024
 -0.719816338252952 -0.0451208596365845 0.00874831560229899 0.721282181823529 -0.109626309737182   2.96625233165909   9.55739973514627 1745833712.42975
  -0.71107757734347 -0.0344992413601207  0.0125944909073559 0.712025378660268 -0.123755750682567   2.64233874033705   9.31019146796042 1745833712.47606
 -0.702878424187311 -0.0255841300796216  0.0116105480314827 0.703439714350533 -0.126936230893433   2.47127211573478   9.16425357039031 1745833712.50042
 -0.685145889598091  -0.016282472805497 0.00907601337425428 0.685399433157477 -0.130275772722104   2.26831513250614   9.00429375445149 1745833712.529
 -0.641557598117775 -0.0156512801975785 0.00434871100263553 0.641763216117795 -0.11944563383663  1.97972516918888  8.88714204384731 1745833712.57595
  -0.63008193202377 -0.0171195408519505 0.00196156929214062 0.630317513239063 -0.128826012828934   1.85225477844234   9.01653924258676 1745833712.59954
  -0.621769260990183  -0.0133975847629086 -0.00504155747096141 0.621934021011466 -0.134248838915056   1.70943651920567   9.16307118017103 1745833712.62879
 -0.583245841209981  -0.021099241846223 -0.0132695482413901 0.583778185791276 -0.126609765683673   1.41039570690594   9.05173068107079 1745833712.67587
 -0.558832153381103 -0.0246589478026374 -0.0171126834169142 0.559637635701015 -0.127568802109643   1.25219934669568   9.02178981445312 1745833712.69925
 -0.540208773216001 -0.0236124194029994  -0.022247214568165 0.541182042907598 -0.130970601048689   1.09542659223832   9.10004713894848 1745833712.7289
 -0.501849733113218 -0.0198255609110068 -0.0277365836953705 0.50300648660463 -0.130555912624583  0.831737473048663   9.11856881732141 1745833712.77582
 -0.474469256019283 -0.0245009867865757 -0.0273620915486646 0.47588870265528 -0.124208730135569  0.671030315372201   9.02295259676008 1745833712.79881
 -0.443559116153766 -0.0321802777926314 -0.0294325759576127 0.445697808306729 -0.119513343999781  0.458502660413016   8.94106675282736 1745833712.82885
 -0.389086783812273 -0.0433033498074563 -0.0217310440122787 0.392091754205299 -0.0475401191329883   0.145129009560646    8.94024667063106 1745833712.87577
 -0.360195175640863 -0.0549541357522139 -0.0122047828742416 0.364567522300372 -0.0255892108430638  0.0227112297604785    8.93025842615299 1745833712.89831
  -0.319839307600794  -0.0713037314176582 -0.00362067998294575 0.327711022280569 -0.0119475189724559  -0.149241182580796    8.94563435974841 1745833712.92889
 -0.268531624358204 -0.0784525541074206  0.0075708482903285 0.279859525959486 0.00693823187076434  -0.384171551010495    9.07719510418576 1745833712.97568
 -0.246142018961196 -0.0805800276112067 0.00995299550230529 0.259187377137826 0.0390289004420341 -0.438660864630458   9.07234862233371 1745833712.9981
 -0.205389669266071 -0.0840326356710983  0.0157614982270429 0.222474324193644 0.0841949981056881 -0.481594817534176   8.99427005198531 1745833713.02895
 -0.143269830104847 -0.0939753907370826  0.0151958626980717 0.172013175441876  0.101104162618436 -0.595988326180536    9.1341572319388 1745833713.07556
 -0.124453016936114 -0.0956442770825006  0.0107146660505344 0.157325094094075   0.13932888307681 -0.626603337131503   9.23972576954815 1745833713.09782
 -0.104299968803526 -0.0833864982297088 0.00664630377736442 0.133701028168562 0.166630960944112  -0.6276435813758   9.2903601067532 1745833713.12901
 -0.0603648158123776  -0.0514165945497113 -0.00497033367899222 0.0794498672121747  0.200046933409348 -0.604866015759111   9.32630205939017 1745833713.17547
 -0.0578364414176234  -0.0352126889012999 -0.00906426049253924 0.0683165297259055  0.210857704555653 -0.585515148574265     9.441512226793 1745833713.19773
 -0.0504251999277654 -0.00722335919892115  -0.0154799852800573 0.0532400943851768   0.22311307314391 -0.543648677760499   9.48721422791911 1745833713.22898
-0.0184742042852596  0.0250500158937006 -0.0189903977076189 0.0364614141983234   0.25794813155186 -0.486500291502614   9.38270777062956 1745833713.27538
-0.0151238367720735  0.0351717576335053 -0.0175583100230636 0.0421197961130438  0.260771137657245 -0.475697024714205   9.40705912139829 1745833713.29765
-0.0121248785173238  0.0502299001779309 -0.0138302768946242 0.053491420900241   0.22137912202065 -0.479902422433794   9.47836214546611 1745833713.32889
-0.00291410802176825   0.0632294799473068  -0.0188079529647851 0.066031797300202  0.180425778637467 -0.503784850903092   9.61169380282108 1745833713.37529
-0.000160806851601809    0.0616001027307627   -0.0183761505836124 0.0642828237210815  0.193402585185363 -0.505114876903253   9.63588297671212 1745833713.39749
0.00795201500713646  0.0465609590910739 -0.0139939448205106 0.0492644694053826  0.192188229648859 -0.507152352807353   9.60616742886761 1745833713.42869
  0.0164642824567406   0.0206834527018539 -0.00541500786360881 0.0269851833910409   0.13675685415279 -0.556963665102416   9.64381383513018 1745833713.47519
   0.015510649443728   0.0121359570845936 -0.00282394889325039 0.0198956374081609  0.123704262924069 -0.583759026261506   9.69674094314801 1745833713.49733
   0.0154086908137963 -0.000248822030293034 -0.000776924531498776 0.0154302714404373  0.128747755538627 -0.607893861774881   9.75412533205989 1745833713.52856
 0.0235847763204308 -0.0140750339898151 0.00255212016841049 0.027583719351335  0.112177364066356 -0.608342704429225    9.7512687871158 1745833713.57505
  0.0261781096734096  -0.0179512334312727 0.000451973543244147 0.031744991539783 0.102084618088695 -0.60038740129182  9.71341143831011 1745833713.59724
  0.0283665818733158  -0.0163920181016485 -0.00304383617063407 0.0329032849918357 0.0971686905922927 -0.588983487142082   9.66459033311715 1745833713.62842
   0.034179654409939 -0.00561717266785192  -0.0081400725436354 0.0355817675977314  0.121114985942836 -0.571490033588413   9.66070371737481 1745833713.6749
  0.0388392624686908 -0.00156176559077838 -0.00903586690180273 0.0399070709466316  0.133035017426692 -0.555591820615366   9.61385464352011 1745833713.6971
  0.0524055738306501  0.00764791443107839 -0.00940004241846514 0.053788433339648  0.132888964502187 -0.535734144312342   9.47625718162358 1745833713.72828
  0.0809082358811036   0.0260242402602529 -0.00665004334270924 0.0852503770723366  0.131174090516538 -0.509019108842888   9.37280324899082 1745833713.77477
  0.0896793981711319   0.0319600245986369 -0.00464841520089809 0.0953176027424202  0.136589843727648 -0.471895306747913    9.3695262890625 1745833713.79701
   0.106206205196659   0.0305278721494174 -0.00118614196729144 0.110512967261822  0.157700029842398 -0.444613974311817   9.36643984409715 1745833713.82814
  0.13030586637439 0.0153132778571637 0.0101538515075159 0.131594893482793  0.163966379122591 -0.427702031465131   9.42329480837499 1745833713.87462
  0.145854599283403 0.00670369515249622  0.0154141539037086 0.146819957095031  0.160103834652413 -0.394523564861045   9.36315643965192 1745833713.89698
   0.174352480177762 -0.00367288792168897    0.020903667798987 0.17563951940629  0.169391340805435 -0.330759976006081   9.27563897683268 1745833713.92782
  0.200294899808973 -0.0277630457752385  0.0297413700669845 0.204385377886153  0.173341641639211 -0.241651845726175   9.40768148737153 1745833713.97447
  0.207781306406201 -0.0391672269186753  0.0318111039677648 0.213820226573668 0.16650137668211  -0.191511589561 9.44514536166689 1745833713.99694
  0.227823497499691 -0.0467787436084553  0.0300798302022607 0.234513524240233  0.148054006837125 -0.110941862992912   9.39837538271876 1745833714.0275
  0.269374909812424 -0.0399709525921077  0.0202573278790105 0.273076689631996  0.125375700523814 0.0165991439323624   9.24533636255719 1745833714.07433
0.287457722183299 -0.02782918954585 0.014701944510522 0.289175643867149  0.140829190546964 0.0731176769533206   9.18742147195301 1745833714.09714
  0.307751085974253 -0.0161006183472981  0.0117847735432484 0.308397214184829 0.157558169242165 0.157897002581055  9.14082086214562 1745833714.12749
  0.361359876694607 0.00395256840964546 0.00442069121240015 0.361408530326236 0.099994868092467 0.315171595577117  8.96922512076727 1745833714.17422
    0.390261862425971    0.0174360229079353 -0.000572801548584184 0.390651589348677 0.108495220094319 0.382315632703675  8.94605701407407 1745833714.19737
    0.418090065263113    0.0319151312572658 -0.000485483542454986 0.419306706325039  0.14169410625637 0.481296848371367  9.02525903295376 1745833714.2274
  0.469266645776866  0.0509515347346062 0.00736152127615856 0.472082022243998 0.136249480925704 0.683987606383915  9.06465804012197 1745833714.27414
  0.500479507112062  0.0564344273953885 0.00930549362805875 0.503737207129114 0.113154554542633 0.802243175555497  9.02992667518781 1745833714.29745
 0.534113416364322 0.0657439364326296 0.0103413358580985 0.53824376442775 0.0884942601287014   0.96846995085895   9.08142887829283 1745833714.32715
 0.540782522081952 0.0800343477015773 0.0146088989239509 0.546868039776603 0.0666176907975515   1.30736732726224   9.50857769996295 1745833714.37404
 0.543522243919005 0.0831729495180833 0.0144972691231184 0.550040307594195 0.0377390910655532   1.46292804125353   9.55118325498179 1745833714.39758
   0.5657293996375 0.0835994172126785 0.0135220466187998 0.57203274549388 0.0296658378837798   1.62461808177798   9.47535908605387 1745833714.42688
 0.580824435182421 0.0719820231752178 0.0115815296522207 0.585382411757016 -0.0352717299852534    1.91034926080973    9.52051489300351 1745833714.47394
   0.57088729940348  0.0660016388412947 0.00628998609675476 0.574724359040952 -0.0969291754972429    2.08799132687819    9.55163982421875 1745833714.4977
   0.570280149724736   0.0494985433022485 -0.00321850284712371 0.572433326877191 -0.140692146270776   2.30700081541327   9.48360967456322 1745833714.52657
  0.569267138943681 0.00591920839402683 -0.0141233941455657 0.569473074667563 -0.109510838353167   2.60464946179748   9.52358186766443 1745833714.57387
  0.548680261785256 -0.0185216729744555 -0.0122280448177592 0.549128953090778 -0.107389122185494   2.71924475049076   9.67226090717145 1745833714.59847
  0.528742555178117 -0.0332413171659424 -0.0090528175113157 0.529863782804698 -0.133368473935765   2.86226528021644   9.64119442268402 1745833714.62668
    0.53555373297092  -0.0418273021629882 -0.00640566721613142 0.537222818463443 -0.103329520977269    2.9880882695251   9.63419998342687 1745833714.67382
   0.503573147496233  -0.0428306591993864 -0.00301725998692438 0.505400320641514 -0.0722995822832661    3.11763721356076    9.83482475239415 1745833714.70015
  0.463364371437693 -0.0417329552859467 0.00228445543051209 0.465245525514605 -0.0637697769587409    3.26805632391798    9.85196335538451 1745833714.72735
  0.454055548143956 -0.0325304108062139 -0.0017428818791461 0.4552226994173 -0.0619975689950033    3.33962341933151    9.60356175853963 1745833714.77377
   0.427413281551054  -0.0214186649799011 -0.00648731259961113 0.427998782335332 -0.04445291015625  3.39754542112677  9.71206942321834 1745833714.8016
   0.387419181306013 -0.00882835329823129 -0.00913874366609212 0.387627499671494 -0.044597681015055   3.56928372849621   9.71472560693489 1745833714.82798
     0.36374367963229 -0.000579957550604572   -0.0106059590397392 0.363898732053783 -0.0153280120564398    3.78126813179943     9.5895513466849 1745833714.87374
   0.33846451641524 0.00534684114966161 -0.0100574151894779 0.338656122316983 -0.00899369088307904     3.82242175467347     9.59785776277082 1745833714.90257
    0.30408920414497   0.0169157874085906 -0.00860106742363844 0.304680761292865 -0.0371847429512318    3.93379259684949     9.6942565220468 1745833714.92835
  0.269295653102148   0.015230546080611 -0.0116141177073877 0.269975936045692 -0.106897817515177   4.05828599685301   9.78762302500101 1745833714.95023
   0.23574214727569 -0.0175174854264807 -0.0433676116014751 0.240337204847349 -0.149120600028191     4.078196015625   9.39829570660908 1745833715.00306
  0.221208724231186 -0.0264772309896941 -0.0513369149642754 0.228625944010997 -0.0788105956744868    4.11973494429382    9.44474804095946 1745833715.02856
    0.1909221918885 -0.0260741700066896 -0.0530372350299627 0.199860186121874 -0.0101627809532803    4.20198127091287    9.46195633704126 1745833715.05016
  0.152513332520178 -0.0492773110189182 -0.0275208183116387 0.162622155373146 0.127134455344809  4.24787976997521  9.31135353231059 1745833715.10336
  0.123051375945223 -0.0475407588538049 -0.0161257959626581 0.132897728234298 0.11562442393569 4.25744868083389 9.46387385279657 1745833715.12867
  0.0895125796348149  -0.0363010590837179 -0.00703597597686745 0.096849232115829 0.145263018185814  4.31537148622531  9.56618402196508 1745833715.15171
 0.0373400138273269 0.00834419552654999  0.0196517744587556 0.0430127245241227 0.155785085230765  4.36879302715376  9.49474928701438 1745833715.20347
0.0126585317312229  0.031389085986571 0.0247002867068481 0.0419000872083009 0.099287714840956  4.36632257202157  9.53952283325501 1745833715.2286
-0.0169637253095649  0.0492985672450726  0.0220764536141882 0.0566170161080106 0.0660910027100296    4.3806768510579   9.57374480494921 1745833715.2499
-0.101246839604039  0.063602344232041 0.0084408282152702 0.119864207762688 0.0144483676088307   4.40085169536517   9.77127434542373 1745833715.30327
  -0.146171850895986   0.0575609325359807 -0.00261840870709496 0.157118830866728 -0.0264741438715936    4.38109275521522    9.85404317364512 1745833715.32846
-0.189869907053117 0.0508251141100254 -0.013181277813728 0.196996243399358 -0.0594287708765467    4.35334109270366    9.95041900958639 1745833715.3516
 -0.286570678674175    0.03028641043273 -0.0303600364269033 0.289761543936596 -0.0740062681426467    4.29284560897658    10.1941105363697 1745833715.40278
 -0.334502648561748 0.00588970999431224 -0.0264484945272057 0.335598321571186 -0.06452841796875  4.22164961175337  10.2895179340698 1745833715.42815
 -0.399517342494498 -0.0444668241506228 -0.0116174473730665 0.402152173296843 -0.046998904599462     3.985069942725   10.0656686988012 1745833715.47321
  -0.42695592111162 -0.0831626443170982 0.00370481690115532 0.434995528310758 -0.0110111152796373      3.821435401701    9.87880217002371 1745833715.50205
-0.461964997527947 -0.111646448421202 0.0183793773877656 0.475620005781113 -0.00669361373527019     3.73896529478762       9.886481282021 1745833715.52779
-0.527815117532428 -0.126459292895006 0.0319790273130598 0.543694224029615 0.0590318604301429   3.65819966858063   9.92219205967865 1745833715.5731
 -0.56352341612192 -0.129752404635325 0.0437532051735676 0.579921261887619 0.117219454955749  3.56663445084023  9.97272896987709 1745833715.60122
-0.595508509112713 -0.123986003008976 0.0505580764315321 0.610376140146586 0.12185945651028 3.46484483541858 9.99996752750668 1745833715.6274
-0.637433117621455 -0.101773677289449 0.0496846845666234 0.647415962662421 0.171614425634427  3.25634003831511  9.96587795266232 1745833715.67295
 -0.658556356680619 -0.0801788790906401  0.0447733210192574 0.664928400545333 0.17567101826181 3.08759019190316 9.87419475068913 1745833715.69986
-0.673376153831612  -0.05237673069695 0.0379967084742083 0.676478023532494 0.173086288340259  2.89892860020407  9.74354102499877 1745833715.72705
  -0.690951805545945 -0.00342502593230102       0.021260082985 0.691287291593277 0.18702482115586 2.56041740882576 9.50114207685388 1745833715.77283
-0.688715176915125 0.0181841081154202 0.0139592119120516 0.689096594316349 0.193264053712963   2.3878264252008  9.30893232559548 1745833715.79776
-0.680720821056326 0.0337050589504472 0.0107290399963077 0.681639185726359 0.194679625187475  2.20844801481978  9.22637519206241 1745833715.82618
 -0.666069886656156  0.0571162566503389 0.00801706474023415 0.668562363591417 0.150739844869424  1.89731312706935  9.13517395891509 1745833715.87276
 -0.646222779747336   0.068107530473147 0.00612749536388292 0.649830795646805 0.142913504584626  1.73009166105451  9.07753285157368 1745833715.89663
 -0.620235603923455   0.077658108829404 0.00637840891186204 0.625110926429461 0.15056630859375 1.51431410630038 9.05781780935329 1745833715.92584
 -0.580583811596682   0.074492728245695 0.00601672112024336 0.585374179292747 0.106086167362039   1.2118678675028  9.01484142862202 1745833715.97269
  -0.55435310920623  0.0765446937703589 0.00360867947163218 0.559624411903682 0.0892843715780847   1.04704201393646   8.93227863690567 1745833715.99618
  -0.515586436497085   0.0863165463164936 0.000197082682943966 0.522761856402467 0.0953187642248017  0.853003028432001   8.81039194997689 1745833716.02589
 -0.453265868783289  0.0910010278159966 0.00481210598490129 0.462335691063807 0.105124207826274 0.605633853453738   8.8773312155699 1745833716.07264
-0.426416907669335 0.0857659819058577 0.0079645717326252 0.435029444062626 0.0776838479607928  0.483390188151554   8.91708419253068 1745833716.09569
 -0.389487865625003  0.0834876239370369 0.00624018567964345 0.398384137155446 0.0184070843835307  0.305229078408954   8.91871032651841 1745833716.1259
   -0.335858641575517      0.08807353927307 -0.000923296482349122 0.347215823253248 -0.00515094681439878   0.0679758242582847     9.01711866790616 1745833716.17259
    -0.31442433402436    0.0852647072143886 -0.000377433224399299 0.325780408525216   0.00544800998411348 -0.000249028441500965       9.0213041679661 1745833716.1952
 -0.271166186134496  0.0659130788774867 0.00298503385193978 0.279078026539058 0.000701546350851154   -0.103375965944016     8.99300388390033 1745833716.22585
 -0.219461217393076  0.0338539414844581 0.00619721642977169 0.22214346892304 -0.0577514870572116  -0.276865301551827    9.04133102565885 1745833716.27255
 -0.194800757145045   0.023839811948804 0.00806099107892205 0.196419579459919 -0.0720083482389325  -0.325691098490669    9.04359864090314 1745833716.29492
-0.157638248023633 0.0131004210352775 0.0113705416148975 0.158589808902962 -0.0978214077531561  -0.406549956515343     9.0857780725013 1745833716.3258
 -0.123726649570318 0.00547522656191639 0.00863217723629826 0.124148203384662 -0.169009768587469 -0.503297865584172   9.32609134898987 1745833716.37249
 -0.107569657575873 0.00220889030609792 0.00191318627827322 0.107609343038188 -0.192044159652637 -0.543384794451091   9.40957296163376 1745833716.39475
 -0.0887411867675788 -0.00470711484480903 -0.00973126034040574 0.0893971620740461 -0.176966092654764  -0.58958237379985   9.47106645658408 1745833716.42574
-0.0609972160907997   -0.01376510078429 -0.0187654281221939 0.0652861368365337 -0.160918322444299 -0.560576201454066   9.48249525177445 1745833716.47244
-0.0488162056580174 -0.0188742899033956 -0.0236458760666044 0.0574315959134037 -0.176228904877462 -0.538034358213826    9.4789270578018 1745833716.49465
-0.0398594468887309 -0.0186282451342922 -0.0277570798067569 0.0520215580548825 -0.163894680701572 -0.504568751103618   9.52703359878893 1745833716.5257
-0.0249646522565568 -0.0172251415418238 -0.0251824824901718 0.0394220342929494 -0.117124428246091 -0.472835898522018   9.53707189970987 1745833716.5724
-0.0165693231227526 -0.0156593872096659 -0.0218667831207804 0.0315897939306302 -0.103356136661194 -0.474917853558792   9.56531546518908 1745833716.59461
-0.0121994594208066 -0.0145477130137834 -0.0173335976768307 0.0257082938468024 -0.113439750599153 -0.477915604102764   9.62835832795732 1745833716.62565
-0.00727635574269354   -0.001618308952339  -0.0208659404772289 0.022157431005392  -0.13715538854908 -0.468232855305023   9.63287550699387 1745833716.67235
-0.000245701897351506   0.00678504338045768   -0.0235610800726942 0.0245198221300433 -0.125573993352027 -0.460838344798856   9.60393989954419 1745833716.69451
0.00767642993177111  0.0155253281643919 -0.0216353713561074 0.0277137634547552 -0.0914859518917415  -0.446650766447545    9.61292801771503 1745833716.7256
 0.0122768392777288  0.0124905588600081 -0.0127870438734897 0.021685094749829 -0.0640965498642689  -0.438015763358811    9.62387355960768 1745833716.77229
  0.0141324040532662  0.00981902027012617 -0.00706760780081556 0.0186034696606862 -0.0549700540689149   -0.44269634590932    9.65391389742944 1745833716.79444
   0.0140669307874139   0.00490928345873827 -0.000325019562604993 0.0149025247381848 -0.048037822265625  -0.44198254301038   9.70430825901628 1745833716.82552
   0.017670918292968 -0.00886770165633411   0.0064560716358904 0.0207985179027317 -0.0477908339237007  -0.457814455587593    9.71007456361621 1745833716.87218
 0.0235697356795845 -0.0130434014629505  0.0090684435279114 0.0284235717274957 -0.0543131236044118  -0.465546927664246    9.65863410435717 1745833716.89438
 0.0306083365301964 -0.0172216442499552 0.00980809789998776 0.0364644221157214 -0.0532733512277823  -0.466698820959863    9.59513851851606 1745833716.9254
 0.0433569863868549 -0.0213176359133854  0.0113450662437376 0.0496284232830379 -0.025497961953667 -0.456276208024786   9.52122729417728 1745833716.97205
 0.0532190827780676 -0.0212966369234297  0.0108656972475233 0.05834278783759 -0.0163823209812368  -0.447897464228099    9.43930833876109 1745833716.9943
 0.0747977012398771 -0.0194775841797746  0.0102854896690999 0.0779734807096829 -0.0100753440725639  -0.430039092459744     9.3146235178015 1745833717.02526
 0.0981846062723348 -0.0135145148693182 0.00669272706612423 0.0993360539612283 -0.0383861410770644  -0.410858500694022    9.36784416758193 1745833717.07192
   0.107835962255823 -0.00515840645423568  0.00285313870838835 0.107996964370651 -0.045169892578125 -0.403250842491735   9.40906191315167 1745833717.09429
    0.133418012398409   0.00652581770670459 -0.000728642245699989 0.133579501603372 -0.0357630708955877  -0.373949306825488    9.31793208424267 1745833717.1252
    0.184850058883477    0.0125508890495832 -0.000551863513606607 0.185276478913265 -0.0295268448677279  -0.277337118823509    9.09863524272897 1745833717.17182
  0.201870486941035  0.0122795974904879 0.00125797359929694 0.202247532765954 -0.0375003191496495  -0.245082038146916    9.11965127393874 1745833717.1943
   0.22167573460559  0.0148723060549411 0.00359611512677118 0.222203170194138 -0.0649515680264734  -0.189154041681428    9.16584242586479 1745833717.22505
  0.282519214622248  0.0229052768923675 2.1402816685595e-05 0.283446218528962     -0.097509609375 -0.0588720124787099    8.96668977601647 1745833717.27173
   0.310400791162089    0.024383301772294 -0.00232770298747451 0.311365725089592  -0.0923734832400892 -0.00522535790760675     8.96205304011289 1745833717.29433
   0.340390225131826    0.031908346206266 -0.00122631510754591 0.341884705378374 -0.0813914110221014  0.0870655090187967    9.00472129772101 1745833717.32481
  0.405056683515926  0.0416255240343487 0.00138505456444799 0.407192238983262 -0.107901598135544  0.290111456864826   8.90589089824845 1745833717.37166
  0.438161343310215  0.0428318021052258 0.00151148154353146 0.4402524396519 -0.120665254389607  0.386132085878407   8.87211602871685 1745833717.39459
  0.473229568913417  0.0504475665950422 0.00326058464012996 0.47592206639484 -0.121596290500696  0.521951408120563   8.93526868762461 1745833717.42469
 0.520079477458805 0.0482965949471983  0.010206480588423 0.522416879707498 -0.0882488385653688      0.765805210233    9.05761443954491 1745833717.4716
 0.551165186709682  0.032394092617064 0.0167816255017911 0.552371309203949 -0.072487191230649  0.897728591227045   9.05086224395427 1745833717.49475
 0.582819788771174 0.0136791390264236 0.0260194629138442 0.583560654497975 -0.0823351823191407    1.06178845327336    9.17485322805141 1745833717.52456
 0.614275052815531  0.013436858227218 0.0230920277065234 0.614855780987819 -0.161299318181818   1.36519971147017    9.3854737162642 1745833717.57152
 0.631378204397745 0.0235532321192637 0.0151932759211886 0.632000021649526 -0.163524044054906   1.52394770181547   9.39059175672564 1745833717.59495
 0.639365172161222 0.0269848264184005 0.0121187874306624 0.640049114707903 -0.115362854580847   1.73108082777036   9.50259162151749 1745833717.62427
 0.622945132703438  0.019709849314141 0.0217504467353892 0.623636270956139 -0.142081084967154   2.11726928005809   9.63421781268719 1745833717.67147
 0.622798444548639 0.0254349046738589 0.0173806262619002 0.623559879303687 -0.205293197534964   2.29804755233526   9.65429550855849 1745833717.69513
   0.62197538471809  0.0284091609237332 0.00985457607078951 0.622701832572494 -0.21055778665298  2.44986857589374  9.68323251773333 1745833717.72395
 0.592871512289571 0.0252254290819298 0.0123747672597336 0.593536929956025 -0.212576390549982   2.74914665940537   9.77335329187966 1745833717.77144
 0.561807560156189 0.0324216214090487 0.0103960543800022 0.562838319706569 -0.285288644140653   2.95497492278653    9.8394258810597 1745833717.79639
  0.539500552564194  0.0474145192687897 0.00231382811058434 0.541585022554249 -0.333438330912125   3.10190772043379     9.768740231456 1745833717.82433
   0.500088044091772   0.0381906900497527 -0.00856070922840695 0.501617250892056 -0.347118225986583   3.29293294954005   9.73137909868292 1745833717.87144
   0.479676079774562   0.0393777997002101 -0.00819810930215949 0.481359493116373 -0.339444723243962    3.3766085361062   9.66633073791901 1745833717.89782
   0.455956596762215     0.03015270187858 -0.00615549655694791 0.456993975561409 -0.355879626013094   3.45665656449978   9.68371341203017 1745833717.92493
   0.431083556028057    0.025021820406643 -0.00492193542638029 0.431837179064747 -0.395245265284694   3.56080619726381   9.73192262083852 1745833717.94803
   0.378233746126695   0.0284405489277689 -0.00523676788827021 0.379337653377913 -0.389712758623869   3.76083285694089   9.62307801219973 1745833717.9989
    0.359294112486776    0.0134830925781073 -0.000444457032507109 0.359547285617878 -0.393102181355361   3.81881858594854   9.57283599420642 1745833718.02527
   0.338993190369365 0.000832938346687153 0.000859465191219335 0.338995303187972 -0.416613591054517   3.86453121967285   9.54736334877677 1745833718.04793
   0.268895472241859  0.00319421609803673 -0.00689243081312652 0.26900275762744 -0.472050265755478   4.09278318821358   9.79996326633858 1745833718.09952
   0.233422193917157   0.0102700136875064 -0.00695790581560866 0.233751590898499 -0.386383030552083   4.18815681859201   9.76184127908361 1745833718.12546
   0.212608967339576  0.00331190111231845 0.000682840522800404 0.21263585763779 -0.309238657062766   4.20356219467422   9.69405798989966 1745833718.14761
  0.131816496390944 0.00733839267165549  0.0207448153163706 0.133640518145874 -0.267434443359375   4.25669489474764   9.77162255446775 1745833718.19992
0.0891300719084887 0.0128216434429341 0.0259399966708316 0.0937093788597111 -0.280264690207357    4.2213335740113   9.76615756993377 1745833718.22556
0.0588865033967946 0.0273323304784396  0.027324032784213 0.0704363495595568 -0.295700016316245   4.16146403128502   9.70782697960502 1745833718.24766
-0.00183554106523137   0.0712286691718133   0.0177550307858251 0.0734311489845786 -0.368470553930474   4.13332119964357   9.85524867438119 1745833718.29995
-0.0530685925565094  0.0837050521897269 0.00963684488901394 0.0995775077888005 -0.366741406280035   4.18333022356373    10.056103856196 1745833718.32549
-0.0926655558804804  0.0764744202999811 0.00685916844351422 0.120342388203796 -0.349462818809484   4.20893878505176   10.1432421352639 1745833718.34759
 -0.181381343470622  0.0163882792184214 0.00779387874551269 0.182286894758917 -0.350466659158104   4.15712765539574   10.2939285477724 1745833718.39968
  -0.22912178519763 -0.0159113979472508 0.00894822126266624 0.229847853373814 -0.36376588563902  4.09594226647437  10.2642767100461 1745833718.42545
 -0.269522264662296 -0.0363067698032287 0.00922857225538184 0.272113210315321 -0.375900620392044   4.04401674236953   10.2147582215568 1745833718.44755
  -0.35703601246492 -0.0628338314875201 0.00308170844720743 0.362535931327098 -0.410646515404137   3.85213193493625   10.1897541796875 1745833718.49936
  -0.403538348105806  -0.0613874574799724 -0.00360394784145712 0.408196774568175 -0.373397874298434   3.80097129122783   10.1727999035563 1745833718.52546
 -0.433382286352503 -0.0645585678316228 -0.0040115118734688 0.438182732466838 -0.307628912464489   3.75122023602065   10.1364319903037 1745833718.54779
 -0.495359365145329  -0.081311643545546 0.00190689648647046 0.501992151599476 -0.225848847499089   3.61124749954947   10.0592146775039 1745833718.59867
 -0.527819425472989 -0.0797845106319867 0.00481107695510723 0.533837110460569 -0.208980871948731   3.50513477237065   9.96631938723637 1745833718.62527
 -0.570200466329614  -0.066390680179336 0.00434922531026326 0.574068994092159 -0.184367201525731   3.28602808157681   9.82643732473913 1745833718.67109
 -0.594077441766629 -0.0553751860731304 0.00682917478460256 0.59669175935055 -0.164550756455608   3.15214749908567   9.77807802877286 1745833718.69748
 -0.615602435086454 -0.0457446081178024 0.00672459509061248 0.617336332508752 -0.169576385621418   3.02165821968905   9.71553361602144 1745833718.72486
 -0.625627833673685  -0.038703294770665 0.00594641336269038 0.626852048832268 -0.14570086926356  2.75388773836269  9.55699491008095 1745833718.77107
 -0.627749009766296 -0.0387750121120866 0.00623179695078542 0.628976276277646 -0.154634713319779   2.59314675124597   9.51578244662189 1745833718.79584
 -0.634328345334408 -0.0348014713802883 0.00536354662334733 0.635304934450616 -0.16490595703125  2.42947480809195  9.50558055411767 1745833718.82434
 -0.627697357003383 -0.0315958996200805 0.00516355595095669 0.628513273664044 -0.155886036458209   2.12935205045902   9.32369425097861 1745833718.87105
 -0.615517113355858 -0.0330820876452001 0.00599492590588624 0.616434652249133 -0.171553177082402   1.95424678010489   9.24356461613711 1745833718.89482
 -0.610586929959003 -0.0275995988111477 0.00363784642865335 0.611221212670123 -0.196895393694875   1.79039957002263   9.29983945410987 1745833718.92404
  -0.595559184900219  -0.0163480679813056 -0.00148762909866345 0.595785376697071 -0.169258211103182   1.53682507739857   9.32984927876798 1745833718.97103
 -0.578456315234779 -0.0190319423348807 -0.0027791584134048 0.578775990505414 -0.163036500110641   1.35891861519442   9.25788405921918 1745833718.99464
  -0.557770451001604   -0.023513458996053 -0.00424770098455047 0.558282009138882 -0.179464377159739   1.15350779240507   9.21352304753228 1745833719.02431
 -0.522812652960605 -0.0209129596234613 -0.0128026597769419 0.523387361400027 -0.185113415045558   0.89109468756496   9.12689530412018 1745833719.07102
 -0.499453364342913 -0.0165598484333441 -0.0165697498075993 0.500002448336282 -0.168729299172342  0.764821164978782   9.03651746725397 1745833719.09424
 -0.466099120514709 -0.0126233835669756 -0.0175994998098156 0.466602059951325 -0.150871022704287   0.61421788723809   8.92333914000871 1745833719.12429
 -0.401987573459516 -0.0209797243729121  -0.018967185290021 0.40298128017125 -0.135366735955968  0.349043412383603   8.77451371744466 1745833719.171
 -0.369341633921371 -0.0264077880308929 -0.0187051284101078 0.370756652867121 -0.133914839286632  0.234860384736707   8.72204746931033 1745833719.19388
 -0.333962362684294 -0.0310484467108277 -0.0194501239621403 0.335966029614563 -0.126265505402002   0.10694968134628   8.82083883668922 1745833719.22431
 -0.277648481377472  -0.042150664512126 -0.0147344563719665 0.281216041389192 -0.0549376947306557 -0.0369122099719038    8.90498916762593 1745833719.27094
  -0.240834832834475  -0.0467732386119956 -0.00927634952915437 0.245510087811583 -0.0562912996963513    -0.1006291316354    8.92631607412655 1745833719.29359
   -0.19984732645321  -0.0458541289747048 -0.00421829401730303 0.205083761031782 -0.059891015391005  -0.17874749730312   9.03981661546599 1745833719.32433
 -0.155942046530656 -0.0521577521665864 0.00162440381816843 0.164441453639297 -0.00149463074626846   -0.270659667691688     9.16369118945541 1745833719.37083
 -0.132645903158588 -0.0634204050514689 0.00649274902172048 0.147170782397556 0.0357966076826921  -0.31828111772506   9.23649019470062 1745833719.3933
  -0.12226402462068 -0.0855110300905794  0.0128799506891735 0.149754870082257 0.0898729593936917 -0.352235670504697   9.45799877116852 1745833719.42431
-0.120808815950994 -0.124075899915664 0.0206456568057453 0.174401382151357 0.0937892769393228 -0.350690781336613   9.53243318087801 1745833719.47068
-0.0905529896785261  -0.116831857930736  0.0177777746120289 0.148881080857922 0.0368014394954536 -0.416813097571593   9.40939894258279 1745833719.4931
  -0.0629302927403644   -0.0967083605158316 -0.000241518861979348 0.11538105160471 0.0267243005309103 -0.525147495344547   9.44015728847898 1745833719.52434
-0.0582194101159715 -0.0668533132243755 -0.0208362858803829 0.0910659981146487  0.165762479483875 -0.528456831705333    9.4808861054735 1745833719.57057
-0.0477202008645923 -0.0481317231604944 -0.0237410001196167 0.0718158438760915  0.185479692668845 -0.539146661320637   9.46185898551913 1745833719.59305
-0.0397215721128186  -0.017968603879569 -0.0328229359809398 0.0545712299925848  0.180900576075718 -0.574782623281237   9.47268010084735 1745833719.62436
-0.0231167792373184  0.0165740242754386 -0.0389257118663821 0.0482109407426815  0.234371968987767 -0.600184920382321   9.52802873818499 1745833719.67049
 -0.015391996769169  0.0257870644404632 -0.0358055293989347 0.0467324533117692 0.255785286716543 -0.60381990143082   9.5947299669131 1745833719.69292
-0.00837780838728638   0.0296521319790451  -0.0298128473981798 0.0428747300197209  0.253096179552831 -0.598477448189312   9.66358913443845 1745833719.72428
-0.00134818315719979    0.035812154443117  -0.0208682148598492 0.041470596753843  0.223583232277287 -0.556147792679574   9.63311643278014 1745833719.7704
0.00268936030160413   0.033265908810721  -0.016886170908606 0.0374031564950032  0.218679638671875 -0.546980510100762   9.64120662632336 1745833719.79277
0.00272623044398277  0.0194256962546664  -0.011616997830103 0.0227979088075393 0.217245673828125 -0.54216450722395   9.7322940096304 1745833719.82412
 0.00709495981624288   -0.001036712789098 -0.00124162330127593 0.00727700876895526 0.200446364064847     -0.5276990625  9.77797987922047 1745833719.87029
  0.0108233678249185 -0.00619477823064766 0.000958737992428526 0.0125075875746889  0.179539967753391 -0.528753159824047   9.76578488198199 1745833719.89265
 0.00588034197611539  -0.0130385898293666 0.000159789665404754 0.0143041525170734  0.184263867030339 -0.512643662423697    9.7281648349902 1745833719.924
 0.0087986110786043 -0.0148502594012993 0.00158262743203333 0.0173335071692673  0.179951168958793 -0.516261600545495   9.66780239549433 1745833719.97016
  0.0104704499307741  -0.0134211242234957 0.000557452323161211 0.0170313725303614  0.18301653676404 -0.51675830698596  9.66310620593071 1745833719.99252
  0.0187402270484354   -0.014690016383245 -0.00103116012578437 0.0238339250307607  0.196520244176947 -0.513034453143161   9.59561430164431 1745833720.02387
  0.0322835126674172  -0.0246124086768576 0.000162189767667468 0.0405958391531038   0.22226275588927 -0.518374701231666   9.54156976225687 1745833720.07002
 0.0392065924054699 -0.0279981910323202 0.00227205490215473 0.048230880383934   0.21584723075136 -0.516576954519191   9.52208650042077 1745833720.09244
 0.0495850981718596 -0.0281479568180457 0.00147882394324526 0.0570366229189512  0.204072848300152 -0.520262096347027   9.50666644198589 1745833720.12373
   0.070091538816601   -0.017779229912131 -0.00127057604101925 0.0723224667266231  0.194354339478159 -0.502630729309392   9.45847552866669 1745833720.16988
  0.0790556540898069  -0.0104349207979137 -0.00369324307468846 0.0798268379684093  0.187512706984311 -0.496575738140434   9.45067612471837 1745833720.19235
  0.0976210965482248 0.000168776714988471 -0.00747241362006819 0.0979068125421655  0.183252641983289 -0.468824280759379   9.37012229576495 1745833720.22353
  0.135149004095547 0.00986592893546076 -0.0105297057888602 0.135917123887234  0.169943244447822 -0.376214282039017   9.25460658646458 1745833720.26974
  0.141921875528815  0.0133930506463943 -0.0106842609455205 0.142952250738438  0.176963272110224 -0.340015310857145   9.33285459461585 1745833720.29227
   0.151483140054671   0.0194426264998339 -0.00591010324417304 0.152840069243611 0.192632439772476 -0.28653626500851  9.40249989063981 1745833720.32334
  0.187671596245406  0.0208102352466171 0.00360626794031108 0.188856292182113  0.179498531389978 -0.192910066826184   9.28424717620118 1745833720.36961
  0.206052394646098  0.0192628740791012 0.00742496016961683 0.207083987045593  0.172236586477155 -0.143825771253872   9.27826151914526 1745833720.39224
 0.220858610266034 0.0195062025419929 0.0113587849234963 0.222009098149583   0.175164961288842 -0.0745495221151138    9.32265627480137 1745833720.42309
  0.25445662846525 0.0117044606043052 0.0146485784271949 0.255146528524058   0.170758638232803 0.00129425387090627    9.34156397460938 1745833720.46946
  0.270881644487036 0.00517625483376078  0.0141077210968216 0.27129815098642  0.163339734289924 0.0496806099705348   9.33307295604582 1745833720.49237
    0.288983478620764 -0.000186819388506267    0.0116646455745471 0.289218861372528 0.167895170133937 0.129736535888829  9.31194912875202 1745833720.52288
  0.323600298323955 -0.0177278753430812  0.0141665540797471 0.324395009046112 0.183743946653606 0.238146113994411  9.32352149820655 1745833720.56931
  0.340036568158573 -0.0219403633987202  0.0141803070466811 0.34103860241777 0.174778273179617 0.285726956762051  9.36963675184318 1745833720.59256
  0.360152381758989 -0.0273471494085139  0.0132625422285946 0.36143256590104 0.206791685848523 0.402916053071227  9.35915517183393 1745833720.62275
  0.405901149731608 -0.0543807856088268  0.0207124406036269 0.410051238740518  0.26522542706466 0.618972738500297  9.19752633772508 1745833720.66919
  0.422652271076546 -0.0565456207045025  0.0240639624517107 0.427096504031462 0.250277635036081 0.716105027392784  9.21450577653238 1745833720.69266
  0.434712396358696 -0.0371754163380245  0.0250869774685464 0.437019719882676 0.239652524097296 0.861544047557846  9.29732364804034 1745833720.72252
 0.458943649747804 0.0144877296690457 0.0259863910285385 0.459907012855302 0.248209013482584  1.13389470004912  9.23897760728846 1745833720.76907
 0.479433753259123 0.0411143689294367 0.0265007291337519 0.481922611776222 0.247249652266636  1.24632073357858  9.19532356081677 1745833720.79288
 0.491785502395251 0.0710858173709483 0.0266377864020112 0.497610033522079 0.235635521658719  1.37613173184324  9.32472240060031 1745833720.82235
 0.495256572194135 0.0973401855316479 0.0255051895732951 0.505375799495771 0.195978118422295  1.68163378278305  9.47391944593262 1745833720.86897
 0.517958640428259 0.0920532402673425 0.0204311943346704 0.526471638305378 0.165899387006389  1.80241373931725  9.36424513565564 1745833720.89296
 0.539458051705713 0.0831588193922223 0.0128513666141305 0.545981260133242 0.131851704974329  1.89466939217244  9.36347069959622 1745833720.9221
   0.524013675561925    0.059051167459958 -0.00114219723776699 0.527331657658472 0.0966864206305656   2.14557217953788   9.65225787880651 1745833720.96891
   0.52075846257924  0.0361517955810939 -0.0107665311175258 0.522122827372962 0.0527846790657019   2.26286375496279   9.63308964615413 1745833720.99335
  0.531049015321209  0.0215048362705048 -0.0242951608739604 0.532039255599188 0.00730362059516598    2.37240370475444    9.54876122774463 1745833721.02201
  0.525294766336666 0.00608535261589858 -0.0379067617846485 0.526695875858309 0.0203187413170385   2.57505694097752    9.6042354926119 1745833721.0689
    0.51602955632976 -0.00862520559496631  -0.0402669956819981 0.517670095831987 0.0198133852066532    2.7272931999748   9.59753440870716 1745833721.09473
  0.512810823809808 -0.0198496944196835 -0.0392691445745898 0.514695071960737 0.00772627874810573    2.86485211942747    9.56675635175956 1745833721.12245
   0.49677680458671 -0.0168340886895051 -0.0379421385300636 0.498507959809693 0.0302551778445971   3.08117928220177   9.53371526367187 1745833721.16887
  0.477495419242697 -0.0116211656267306 -0.0334542368349353 0.478806968255988 0.0520136789423481    3.2703489138021   9.55411643326629 1745833721.19636
   0.463690446283357 -0.00484409210965961  -0.0252775074913446 0.464404185583851 0.0469634683035235   3.43361986099369   9.58067425329255 1745833721.22312
  0.431450268795683 0.00729989960298492 -0.0151543142611238 0.43177804045459 0.0274172314002597   3.61038408813049   9.51368970513903 1745833721.2688
  0.416677726991462  0.0297014293175841 -0.0111973570930551 0.4178850127489 0.0242117081727266    3.7378734876378   9.35966922094885 1745833721.29744
     0.3993509582624   0.0468676540633874 -0.00770673979463166 0.402165586171622 0.019358525390625  3.85414041906133  9.44175084486102 1745833721.32346
   0.366718611684371     0.05090347554406 -0.00461959111562874 0.370263479971024 0.0204809653635682   3.96021969745701    9.6159399319277 1745833721.34565
  0.299201837810545  0.0612098803900206 0.00248286769391587 0.305408830649269 -0.0433336326120326    4.10012304853252    9.57199948907292 1745833721.39791
   0.280833771380903   0.0794825865661101 -0.00256597218718386 0.291876125999585 -0.103592498293583   4.11337005220394    9.6165208102549 1745833721.42348
   0.245938661725194   0.0954869141871615 -0.00974807248530313 0.26400492614598 -0.087616780175439   4.17604814167232   9.78175518123578 1745833721.44556
    0.154669359621518    0.0904850324973161 -0.000453809811959429 0.179193632295113 -0.0028603740469767    4.27352771652153    9.77014298227351 1745833721.49798
  0.125600642976618  0.0780860089659845 0.00564542149051544 0.148002760434329 -0.0313020785065167    4.24620858878861    9.72656876575939 1745833721.52333
 0.0897154606600507  0.0669696419903945 0.00870320510881837 0.11229221971683 -0.0601839930446901    4.27097922632375    9.83391293017435 1745833721.54496
-0.0146328863300201  0.0440038025175978   0.010309345923654 0.0475051430029276 -0.155912744786032   4.32767148779412     10.02392346012 1745833721.59783
-0.0591923641836285  0.0408367130404272  0.0036624687327585 0.0720054635900077 -0.23921749963493  4.30305376451154  10.0733919530794 1745833721.62313
 -0.0987649738575757   0.0434293589942911 -0.00673720134202093 0.108101892516577 -0.275237915729522   4.28226918234596   10.1153214964931 1745833721.64488
 -0.193560018565806  0.0508917226623449 -0.0249695781807245 0.20169017838571 -0.297194983162836   4.18876690008706   10.2306429471987 1745833721.69751
-0.242130678523603 0.0484804123030331 -0.031508927283203 0.248938603591148 -0.314106421205425    4.1025989738117   10.2792254080678 1745833721.72299
 -0.289453096865564  0.0451286183475905 -0.0358844220066145 0.295139592772262 -0.312295211626104   4.01611618219847   10.2968922489789 1745833721.74715
 -0.381535936349065  0.0268825054003408 -0.0323212171310585 0.383845021980474 -0.232349177009479   3.92634210280777   10.2678526476956 1745833721.7969
   -0.4217531470527 0.00585858104893346 -0.0233245938060942 0.422438251933916 -0.185037465473511   3.86615829779938   10.1741485682955 1745833721.82277
  -0.472187234978209  -0.0344359700928522 -0.00274064629630357 0.473449186349205 -0.165568596961669   3.70021208975364   9.94167937284236 1745833721.86811
  -0.497816616509698  -0.0477331195102635 0.000958737992428526 0.50010074340065 -0.187122770975314   3.59534463695149   9.83839930541267 1745833721.89597
  -0.518713880226299  -0.0564608589977674 0.000608064003415417 0.521778006320716 -0.176847390465185   3.48661650825506    9.7165527385932 1745833721.92239
   -0.554953530979266   -0.0529531552570451 -0.000927182362203039 0.557474948195132 -0.151283291015625   3.31645944943696   9.72931739495998 1745833721.968
  -0.578922712249717  -0.0444614943997251 -0.00512124677571106 0.580650117033798 -0.154531224976503   3.22568258244238   9.71774328189611 1745833721.9947
  -0.59479519044345 -0.0334150542130749 -0.0108492546421806 0.595831847712938 -0.151011253768368   3.11365412603349   9.62039408458145 1745833722.0219
  -0.60447061221423 -0.0103077877620263 -0.0160387748030506 0.604771207826874 -0.142560680104081   2.88009982436054   9.50677306325465 1745833722.06791
 -0.611427099089968 0.00241564959181537 -0.0182415353241632 0.611703920598443 -0.130168455275938   2.76303931136313   9.46583990208181 1745833722.0929
 -0.610746715084829  0.0145106723186487 -0.0178595351660334 0.611180065606197 -0.129085074898041   2.60354935951712   9.37801520777704 1745833722.12115
-0.597665114628933 0.0437479287582758 -0.020690622531153 0.599621190732767 -0.161011024341489   2.28812222704376   9.14855941099402 1745833722.16784
 -0.587816382616669   0.049773960751424 -0.0219970172411786 0.590329920983969 -0.156900431106837   2.12998733761025   9.13362507210818 1745833722.19166
 -0.581272591420161  0.0484162686176405 -0.0216006879735681 0.583685317893209 -0.167033040780652   1.93981776314102   9.19256771785984 1745833722.22074
-0.560309401085059 0.0438048340400189 -0.016158193224522 0.562251345607863 -0.18784939453125  1.66710643992712  9.22516476819405 1745833722.26776
 -0.539741519021684  0.0336029631718147 -0.0121261966687253 0.540922463145514 -0.189637551392291   1.52331943834001    9.2416119787939 1745833722.29123
  -0.520881233524507     0.01546822477897 -0.00586527847715227 0.52114386392573 -0.199593936862137   1.35078616476574   9.29808558823275 1745833722.32076
 -0.493382229475656 -0.0145139898355486 0.00156033314879301 0.493598130975848 -0.222518673297131   1.05694486034269   9.32232861299696 1745833722.36765
 -0.477162128851501 -0.0281781529857901 0.00221363336533138 0.477998541512903 -0.237129675213515  0.910508119555949   9.24177613448609 1745833722.39073
   -0.447425768521779   -0.0443472685804506 -0.000100358561756609 0.449618180948782 -0.254678864017741  0.735923079318584   9.12845304813368 1745833722.4207
 -0.411999013356762 -0.0586881500878794 -0.0082360347275965 0.416239496246712 -0.242676541010177  0.494939907778721   9.13585164415588 1745833722.46753
 -0.395129784122381 -0.0620584841660797 -0.0104354960605195 0.400109611651133 -0.224170367085101  0.392005485261667   9.14496981507129 1745833722.49034
 -0.359600548400433 -0.0679826375327049  -0.014844708688606 0.366271154736275 -0.200918003034112  0.239963553236032     9.033497689705 1745833722.52064
 -0.298773149068935 -0.0718963814309864 -0.0193300655133987 0.307909297846282 -0.146529169176583 0.0455956067672477   9.00059172991401 1745833722.56743
 -0.278018657149791 -0.0706215918771059 -0.0206115867826732 0.287587587479587  -0.116125305899245 -0.0323302610092212     9.1029050343351 1745833722.59002
  -0.25381618426581 -0.0636195253624428 -0.0171776290355152 0.262231139153762 -0.0724173784283993  -0.138113696216188    9.21117098456191 1745833722.62071
 -0.215115759862397  -0.055683511591108 -0.0169037716585325 0.222847887808203 -0.079957839345166 -0.286437699797521   9.31023728044142 1745833722.66732
 -0.197823605941524 -0.0466015627258612 -0.0227921139755236 0.204512506159582 -0.0832564234482847  -0.312445821334395    9.31799001719829 1745833722.6898
 -0.171550071249897 -0.0327390215993911 -0.0255454465266444 0.176504505096544 -0.0265556319674637  -0.335674800507022     9.2783561355939 1745833722.72065
 -0.124386762684605 -0.0295047085548226 -0.0211298221967989 0.129572620349091 0.0284789698358766 -0.403123473538027   9.14550074411883 1745833722.76721
 -0.106244957323987 -0.0320969675763123  -0.018723064412414 0.112555583714723 0.0182039483041438 -0.419903354545622   9.13697563970187 1745833722.78957
 -0.084532649356458 -0.0289981612577477 -0.0202170556869167 0.09162636904407 0.00615244525634119  -0.437859180401359    9.21154671761495 1745833722.82058
-0.0655566332139847 -0.0323008962652342 -0.0210142896551813 0.0760435429711307 0.0685155397294207 -0.465409028677591   9.45336077029344 1745833722.86707
-0.0579034918935342 -0.0380500974156522 -0.0167378103015951 0.0712795803894592 0.0857693747848643 -0.463304902451318   9.53201466335102 1745833722.88938
-0.0450693374413449  -0.036608439799535 -0.0121121960721928 0.0593138123513338 0.0750689980424046 -0.459657117840032   9.60920631774261 1745833722.9205
 -0.036345864802308 -0.0219524515328148 -0.0125865781892612 0.0442871761014701 0.0868112668434505 -0.466535024246075   9.71097506903132 1745833722.96692
-0.0326900557035456 -0.0190946535782879 -0.0115845393042644 0.0395909975634333 0.114480723302356 -0.46066025732607  9.65571386638912 1745833722.98917
 -0.0229140505995279   -0.017270038692881 -0.00700523561947406 0.0295361012561861  0.118732924967087 -0.436441984976961   9.53707283989139 1745833723.0204
 -0.0168962284799926  -0.0133505459782274 -0.00708232461834074 0.0226688980050737  0.102319714749593 -0.442192049639913   9.52957203759161 1745833723.06677
 -0.0165525795522056 -0.00897691962829326 -0.00583096463416773 0.0197122582270486  0.114082872674439 -0.452063511077813   9.56715589614225 1745833723.08902
-0.00774705205391685 -0.00608381322122582 -0.00172620382386521 0.0100004689129253   0.13049080078125 -0.462594925287288   9.61522869846644 1745833723.12025
-0.000747201360302441    -0.015697487880665   0.00159334788880678 0.0157958283458395 0.120463252117969 -0.48585127565703  9.73099515741718 1745833723.16662
-0.000319579330809509   -0.0215135566420593   0.00415094257618794 0.0219126806806147  0.120290139060097 -0.494310601556493    9.7718841300589 1745833723.18886
1.66673768243998e-05  -0.0229906633876282  0.00783921782016119 0.0242904140935598  0.114631716453356 -0.502636729376866   9.72532167481202 1745833723.22015
0.00913576449153745 -0.0171826444930292 0.00514196765857916 0.0201282213824406 0.0796708959473739 -0.538745785017669   9.60473944699712 1745833723.26647
 0.0108263889060206 -0.0128788877867429 0.00199353636846828 0.0169425687137555 0.0812068619381884 -0.547862759338427     9.617260921142 1745833723.28877
  0.0148681192098828  -0.0113489064073579 0.000318619289904423 0.0187072222345851  0.109020097791758 -0.539900686894128   9.66068576845501 1745833723.32006
   0.022817280762107  -0.0114787938463181 0.000639158661619017 0.0255499419439225  0.118111926530593 -0.550452326921218   9.65849972677764 1745833723.36633
   0.0263498084176608    -0.011025486912928 -0.000689400802318488 0.0285718224616634  0.119539446857426 -0.540055560430646   9.64091005888572 1745833723.38863
   0.0324298274729755     -0.01310026102846 -1.66102315324304e-06 0.0349758566971524  0.129047519593416 -0.520547870969418   9.63626797249462 1745833723.41997
 0.0531146630908951 -0.0184428429490268 0.00298962452372799 0.0563049176013484  0.155885958160014 -0.475671503059677   9.51082168998049 1745833723.46618
 0.0635588604745384 -0.0237316206723614 0.00652452180405545 0.0681578164947373    0.1751214565261 -0.467069611454412   9.50164461241973 1745833723.48854
 0.0728029038652994 -0.0320732256123421  0.0132236072363328 0.0806462547223429   0.19067988790032 -0.455396146845915   9.49381382350307 1745833723.51983
  0.104781622593783 -0.0387046357801832  0.0202679759517475 0.113525451390616  0.205785425292585 -0.425591589453432   9.30233414883089 1745833723.56603
  0.118795690176439 -0.0404667413355478  0.0239844390634062 0.12777020965781  0.208641884765625 -0.423629071657238   9.30198676030891 1745833723.5885
  0.131126626997232 -0.0430643148691907  0.0272815509741629 0.140687634660548  0.202216274044211 -0.410440718218028   9.36073188247178 1745833723.61962
  0.178514131781665 -0.0384713991758533  0.0257730524148723 0.184422325197057 0.168869950326699 -0.29872689782604  9.13384727973525 1745833723.66588
  0.202980572334402 -0.0256193658666499  0.0234002884598369 0.205924836172362    0.1634719921875 -0.250013666255627    9.1041901086156 1745833723.68852
    0.22339626886589 -0.00457245386912628   0.0208144487594783 0.22441043102928  0.153771780538655 -0.200938208389539   9.14514829571089 1745833723.71948
 0.280325422102288 0.0311822771749338 0.0156593872096659 0.282488748615626     0.1490597788314 -0.0982468997175575    8.92091587664593 1745833723.76575
 0.315402592848526 0.0399259525795249  0.016490234038667 0.318346988494638   0.170211093613794 -0.0439285452850911    8.87280060051783 1745833723.78867
 0.344154926489279 0.0389506462621114 0.0210313570490495 0.346990034799851  0.163683772346874 0.0190988643509216   9.03563039744927 1745833723.81924
 0.388215676195168 0.0483855930249114 0.0153005414439012 0.39151843305842 0.0613491001641178  0.183448404868521   9.10151739479863 1745833723.86562
  0.424881425103176  0.0532263211817171 0.00887963929293073 0.428294425200956 0.0625313356812929  0.288814290626285   9.05095178342273 1745833723.88888
  0.455825227355349  0.0532544633331689 0.00438849555490461 0.45894654879593 0.0820535894088685  0.436602243189418   9.22152724010837 1745833723.91907
   0.469978721831038   0.0401378701802641 8.83923376182226e-05 0.471689575260838 0.0894549546929762  0.757117283472184   9.41300318824292 1745833723.96553
  0.497143090669489  0.0279559568518687 0.00244646995261752 0.497934507078134 0.093924697265625 0.910583624678554  9.36175907351034 1745833723.98902
  0.521720194984968  0.0194920266998983 0.00579179725105192 0.522116314508003 0.0750857503675468   1.04929327002243   9.41824464889571 1745833724.01877
   0.533202375642257   0.0309260376857431 0.000247176245884316 0.534098543616796 0.043735927734375  1.35300065120744  9.16754570997651 1745833724.06545
   0.556783380373418   0.0399728117189398 -0.00199703366033681 0.55821998036635 0.0498887661575307   1.50170001572935   9.09151106004913 1745833724.08916
 0.563320298896144  0.048031021726986 -0.001985113152432 0.565367737734306 0.0594083774848176   1.65222704183007   9.37967498438729 1745833724.11859
   0.535429659112996   0.0441873341469728 0.000344380387524215 0.537249996700537 0.05134770564111 1.99616014033485 9.73735098957611 1745833724.16539
  0.537095097692466  0.0385143800547865 0.00277023231879918 0.538481360516206 0.0606793148541994   2.14289385882026   9.76009310857285 1745833724.18926
  0.540041665143538  0.0317595284369193 0.00770851891805498 0.541029656304948 0.0417032894915142   2.24004187438533   9.68910389999989 1745833724.21824
  0.528533068122615  0.0330189611460046 0.00686072660514192 0.529607897848792 -0.0199235573857769    2.44819419808999    9.46183030143588 1745833724.26532
  0.525198708910552  0.0386881398392347 0.00573882737508244 0.526653007344658 -0.0359101474210536    2.56218096711958    9.41486095272434 1745833724.29009
   0.51189236291082  0.0443264867426044 0.00223016359345505 0.513812808582093 -0.0485261183551002    2.70580536858756    9.53093723243123 1745833724.31841
  0.470891080704505  0.0573299131689792 0.00121151447692584 0.474369683473076 -0.0591841869294712    3.01535693515209    9.79476313948394 1745833724.36527
   0.452823259448556   0.0873991981600285 -0.00122065391395481 0.461182191907502 -0.107564081417973   3.14584595813557   9.80944460373118 1745833724.39149
  0.448461275499439   0.120432495154945 -0.0062037195639978 0.46439206243029 -0.150057157568894   3.16137811571005   9.63714770888351 1745833724.41893
   0.42487214470776    0.14657767009175 -0.0130354811254835 0.449634603301693 -0.18407591619877   3.2256291117556   9.5679420930177 1745833724.46526
  0.399725038963004   0.155393211415521 -0.0103086716092088 0.428991171981837 -0.214892382406676   3.32549852544581   9.58517180814378 1745833724.49249
   0.376747069449565    0.157541661051146 -0.00680970728847166 0.408416578286122 -0.257081967965174   3.42395342750248   9.56259107557732 1745833724.51931
   0.352834522973142    0.139783098686278 -0.00332347493878532 0.379529393809875 -0.319633457719265   3.53386565498489   9.68244182508083 1745833724.56525
   0.318988661832969    0.115109910276881 -0.00212475719757448 0.339129138257225 -0.395268171525195   3.64249930398635   9.82579567649776 1745833724.59297
   0.293874860364372   0.0904830666992724 -0.00192770118243344 0.30749526003718 -0.460893712942872   3.74282631256608   9.86845429297182 1745833724.61936
    0.27565646507377   0.0707140986757459 -0.00303359211136922 0.284598266280011 -0.511871346046224   3.77245739792229   9.84994779425677 1745833724.64197
  0.233704647129267  0.0389513472443595 -0.0083632630056371 0.23707596611649 -0.530822807030104   3.82262507319923   9.79767553120991 1745833724.6933
   0.188715374051657   0.0259949628223339 -0.00858728397921543 0.190690775712228 -0.510331226162543    3.9226023513503   9.94129863351798 1745833724.71935
   0.148177923680185   0.0163740596693884 -0.00705844103566472 0.149246870942347 -0.465937122505184   4.02217526827134   9.89966465417036 1745833724.74213
   0.113792208418418 -0.00540096155084274    0.013347574423045 0.114699585114302 -0.341188247124446   4.06911370836076    9.6920533861601 1745833724.79356
 0.0632643031622392 0.00629242810556492  0.0203234678399359 0.0667458616777724 -0.347378590242869   4.11888749886635   9.89266232588954 1745833724.81938
0.0145423148519348 0.0166054427569634  0.022470557417612 0.0314983428304695 -0.367455927135767   4.18742445764006   9.97792407103418 1745833724.84209
-0.0777963623391086   0.023747392772945  0.0199058195687347 0.0837403983117671 -0.406971106550575   4.25373486146028   10.1912178542671 1745833724.89362
-0.128633922693725 0.0292853087305215  0.012633117315041 0.132528906386919 -0.428871951129407   4.24051428543649   10.1904347685377 1745833724.91944
 -0.172247156189143  0.0320561086925542 0.00547528090789197 0.175290204006887 -0.452890853715114   4.21130462362285   10.1746539927828 1745833724.94205
 -0.295577965310621  0.0336094586866686 -0.0148560501242189 0.297853372510151 -0.506891802868765   4.08347522029199   10.4779121894292 1745833724.99332
 -0.365441342024819  0.0296413658060381 -0.0243467059273168 0.367448972127096 -0.531685773999647   4.03970753151668    10.588164403641 1745833725.01937
 -0.415368215958181  0.0272082183258217 -0.0307214118242592 0.417390521115685 -0.535913103589805   3.99510812398649   10.6015716997133 1745833725.04181
 -0.509606410273658  0.0275717690539586 -0.0385865202713687 0.511808377605742 -0.510604494192872   3.76617339563096   10.4629578161301 1745833725.09258
 -0.557962836341549  0.0324645832395513 -0.0385334018176401 0.560233254063754 -0.490185461149702   3.60676815003118   10.3386925725385 1745833725.11925
 -0.624124398187263  0.0311959006125393 -0.0317906688113565 0.625711671020378 -0.483329999440507   3.31142113636783   10.0737330800883 1745833725.16512
-0.653689848377762 0.0268782499809322 -0.028745346676389 0.654873387113666 -0.506979632916296   3.17276826089313   9.97644051588917 1745833725.19105
 -0.674996398104506  0.0299422662457459 -0.0296018098349369 0.676308320152496 -0.536846379042316   3.03960760102787   9.88053813826367 1745833725.21876
 -0.703022251267825  0.0260191200420924 -0.0319640704853084 0.70422935339805 -0.550670038771228   2.78476480354267   9.77327508587198 1745833725.26506
  -0.71147115982738  0.0197701337874826 -0.0333380375982447 0.712526135806255 -0.565126560317909   2.65463995559473   9.65781194126529 1745833725.28927
 -0.71857974842191 0.0174770532275693 -0.036309272767017 0.719708736587576 -0.583636306932734   2.49388563499473   9.51907074001099 1745833725.31804
 -0.703470643706106 0.00934646680240079 -0.0393883982470274 0.704634478942407 -0.590435391939563   2.18855245774888   9.28346340670346 1745833725.36501
 -0.690242681998525 0.00366148172141188 -0.0419257558816791 0.691524501017255 -0.587556863842279   2.01927554558069   9.17744347940257 1745833725.38838
  -0.675735671507969 -0.00972520293945698  -0.0431432096592837 0.677181374419176 -0.567019761095275   1.81045456478393   9.11283673576668 1745833725.4177
 -0.633635797731345 -0.0262599417315097 -0.0370787455524429 0.635262734683944 -0.579650672368275   1.49207539467416   8.94643163367151 1745833725.46494
 -0.604328107094803 -0.0385934729485583 -0.0357597141135198 0.606614106605261 -0.581351118841251   1.34109814128815   8.85611412227001 1745833725.48792
 -0.572301054878372 -0.0536360529251375 -0.0356720189484636 0.575914764981889 -0.568355656460106   1.15554603754859   8.82409569382736 1745833725.51756
 -0.515294606920056 -0.0697792055088132 -0.0345871308191696 0.521146753861749 -0.567502552849347  0.814589912692616   8.73385137983022 1745833725.56485
 -0.480009808279663 -0.0754295795912993 -0.0363536251329575 0.48725827194857 -0.556879664157774  0.648010090683897   8.63784281297637 1745833725.58755
  -0.42831316370244  -0.077749484151263 -0.0365459799954125 0.436844087908267 -0.507546630745521  0.466801198179533   8.59870577456612 1745833725.61762
 -0.363687655875805 -0.0945139089201713  -0.029209617886465 0.37690156777716 -0.425105806212728  0.224730305005873   8.71647279123509 1745833725.66473
 -0.324812258534158  -0.110320963373972 -0.0247680534037515 0.343929025706225 -0.403357185567969  0.115345604823343   8.66167133735278 1745833725.68714
 -0.266789698710277    -0.1387018869041 -0.0201988491968952 0.301368462645906   -0.359224296104563 -0.00785460115024967     8.58400678875432 1745833725.71759
 -0.201484104763914  -0.167035711284587 -0.0130842489176502 0.262045741973806 -0.267902346057121  -0.12682708436687   8.81191027474368 1745833725.76457
  -0.180341234392115   -0.175395107458801 -0.00815499508421167 0.251700036725027 -0.215498149902658 -0.173539079756958   8.93775799766969 1745833725.78698
 -0.138574651006687  -0.185162876021403 0.00235347551415269 0.231287188156064 -0.147997630134759 -0.256006827669443   8.99732246237988 1745833725.81771
-0.0862883965456695  -0.186179098367867  0.0149634832731213 0.205748025213268 -0.0920518044089411  -0.326288438541452    9.24334876755591 1745833725.86441
-0.0773685803027981  -0.178994807500222  0.0154896656925169 0.195614335040605 -0.069324471903275  -0.34146189122738   9.42750352224811 1745833725.88687
-0.0653336408556618  -0.162777792721833  0.0135753441277765 0.175924371248091 -0.0437986976710301  -0.369276357864021     9.5827153018864 1745833725.91782
  -0.0437492926259108    -0.124105093540488 -0.000967938384435594 0.131594117469881 -0.0215423961034171  -0.403628180068458     9.5890465012897 1745833725.96425
-0.0371408510557553  -0.096317715299929 -0.0101110022346006 0.103724526819514 0.00422009873961202  -0.426728644975352    9.61224599295123 1745833725.98678
-0.0340019173131697 -0.0611190612823368  -0.019414541493674 0.0725850842419795 0.0530872636650298 -0.441063831824217   9.66277297141405 1745833726.01792
-0.0326148410702556 -0.0268409150568455  -0.026615728319311 0.0499255402884556 0.0904488120233486 -0.445057415196014   9.65584545761254 1745833726.06415
-0.0274286162878892 -0.0101009713310169 -0.0286035158714072 0.0408964513558833  0.109487214155874 -0.463908550265343   9.66519691320265 1745833726.08669
-0.0251881703515658  0.0075421156375263 -0.0276862082156565 0.0381818485580518 0.154446164190883 -0.47366245482569  9.69718725585938 1745833726.11789
-0.00931204247851844 -0.00361656552192396  -0.0180159904761324 0.0206002328659701  0.175503358256713 -0.453535202841552   9.62685328542419 1745833726.16406
-0.00443678713630486  -0.0148126197023222  -0.0152905295887482 0.0217462428396927  0.167358480337852 -0.440086555876893   9.62590442005277 1745833726.18654
-0.00360948712509202  -0.0228067812671291  -0.0140252185339624 0.0270163732576798  0.155747939513894 -0.418585801267401   9.65824580939226 1745833726.21773
-0.00108886925130118  -0.0265844012702534  -0.0131027525631899 0.0296580200262334  0.169757362015581 -0.390072831049169    9.7001882639665 1745833726.26395
0.00140337408018381 -0.0300512689853344 -0.0124064714677183 0.0325418002070746   0.17914170686445 -0.377953634932425    9.6965741720418 1745833726.28643
 0.00689861393371761  -0.0361714268937285 -0.00994517802636388 0.0381427524401543  0.195626764043752 -0.364367533430554   9.71939735177917 1745833726.31761
 0.00718156313237475   -0.037898883353729 -0.00608637361178176 0.0390505333155135  0.220387504031699 -0.347083954450879   9.77255907782004 1745833726.36382
 0.00624379365241285  -0.0338359407174877 -0.00450506052146373 0.0347008849125394  0.221547568359375 -0.342262754934431   9.73444772615793 1745833726.38634
  0.0094275902588805  -0.0305171516926439 -0.00375572573692777 0.0321602469103115    0.2260332085467 -0.345953018655899   9.67062890591263 1745833726.41752
  0.0132625422285946  -0.0154555042369776 -0.00275892898004764 0.0205518691778007  0.229888226257678 -0.369390769407058    9.6548393950167 1745833726.46367
  0.0145721827912041 -0.00422035124781393 -0.00303600364269033 0.0154718193524103  0.228717392578125 -0.378808499246746   9.66027813993936 1745833726.4862
   0.021372175380041   0.0110459220693363 -0.00402874308384063 0.0243928892440538  0.237438174409271 -0.383056752149122   9.60773204475326 1745833726.51738
   0.041383656593627   0.0251617882751066 0.000385155458187427 0.0484341921269212  0.234287506499474 -0.371355458167837   9.44760287648262 1745833726.56353
 0.0520805085518115  0.0288997380165458 0.00166106125010435 0.0595846738089325  0.210592128919521 -0.365360758275181   9.39640392465109 1745833726.58605
   0.06588549294021  0.0392715437443223 0.00102111017377003 0.0767085066601069  0.178969482705463 -0.349530802479984   9.39171062400884 1745833726.61722
  0.0896580944062857   0.0510774791484206 0.000692909523245407 0.103188966911832 0.164430156808794 -0.31233033285617   9.4577610761878 1745833726.66336
  0.101440059265246  0.0484250613732316 0.00236224922131306 0.112430656024598  0.159480562686078 -0.287142887214959   9.47936010540672 1745833726.68595
  0.118621511326516  0.0401391388057458 0.00475534547123118 0.125318900106905   0.13046203122695 -0.253116231060373   9.42271893852804 1745833726.7169
  0.150101972634946  0.0208215157272519 0.00734489580588161 0.151717122304905  0.103500702389487 -0.196599339083511   9.35288953786961 1745833726.76322
   0.15833223949774  0.0109629166279077 0.00848449483770706 0.158937944676566 0.0984013629930519 -0.161582500853558   9.36120185356885 1745833726.78585
   0.177395741272532 -0.00254562846324277   0.0107571326218399 0.177739824316746  0.0862896883284122 -0.0987631106508666    9.25659912169236 1745833726.81664
  0.218722404961635 -0.0255749982619649  0.0137291449665829 0.22064011509654  0.0774913842579606 -0.0224075340375443    9.23712480012774 1745833726.86307
  0.228658176872941 -0.0319753166787679  0.0135230638049968 0.231278740878271 0.065592139332649 0.022885197528817  9.30571110988378 1745833726.88592
   0.25000339110423 -0.0393284261679486 0.00876242287004316 0.253229541568546 0.0629896314333962  0.112199364313762   9.27196671331363 1745833726.91654
  0.311599402232088 -0.0656355851493696 0.00935505002525458 0.318574535188031 0.170734894376045 0.230903314596037  9.02909897357211 1745833726.96292
  0.339084881895173 -0.0846393319971925   0.015933456029951 0.349851752420726 0.180446080507279  0.28359170198059  8.96591098093367 1745833726.9861
  0.364658455334525 -0.0937786547355766  0.0159697471000377 0.376862385962589 0.131166415216549  0.35654207790721    9.035396822173 1745833727.01639
  0.401517702010827  -0.072342129947092 -0.0044359528150421 0.408006772579469 0.162661760853737  0.53723081071591  9.21898750214577 1745833727.06277
  0.430051645394105  -0.066293152214375 -0.0108253031454732 0.435265880726811 0.200663880518231 0.650203841849681  9.24970017231463 1745833727.08625
  0.458840102478756 -0.0526862295982562 -0.0204818593505305 0.462308971354061 0.194517931061435 0.796070832639497  9.28131015171958 1745833727.11617
   0.468935412616181 -0.00968685082917327  -0.0324802029526896 0.470158717741512 0.243952589548148  1.07227099850634  9.53227297394818 1745833727.16268
  0.467937286278841 0.00643391984848108 -0.0326202012986423 0.469117018181378 0.279450322074937  1.25877887367789  9.57787452950027 1745833727.18651
  0.484584075559388  0.0190658752092521 -0.0308991108241672 0.485942372028788 0.289077866239925  1.41131279414222  9.45574561762531 1745833727.21604
  0.501807460835905  0.0369513572675848 -0.0284006157977407 0.503966988534156 0.281774091796875  1.56453626082244  9.36954418669967 1745833727.26262
  0.496678933749997   0.044795131472359 -0.0260453725892231 0.499374537264338 0.283447392665437   1.6892234065945  9.46322190682891 1745833727.28667
  0.494622937577406  0.0525228778763187 -0.0212440137288982 0.49785721968997 0.284095297387414  1.82979339764541  9.52721765214077 1745833727.31588
  0.508602356064698  0.0509523881042996 -0.0124471817737172 0.511299750422588 0.298319918890341  1.99990331063419  9.41629532782912 1745833727.36256
  0.517856849424517  0.0422166558952923 -0.0047786874181576 0.519596765178835 0.29216798646028 2.08823283386759 9.38116159939578 1745833727.38705
   0.522971120664922   0.0418273059726743 -0.00100961254102579 0.524642102668037 0.187410090445711  2.19500090633396  9.41309356532764 1745833727.41574
  0.530216892247353  0.0667870932600414 -0.0170151059260334 0.53467745649152 0.135308854963181  2.40881536208878  9.37955445311731 1745833727.46249
  0.539153212050546  0.0737149351057583 -0.0176867993072136 0.544456518550196 0.177188146433944   2.5808688183014  9.46093865038308 1745833727.48831
  0.537943396693634   0.071836942707966 -0.0110516708857084 0.542831266429337 0.180804255475344  2.75949513475459  9.66146047802179 1745833727.51602
   0.509808761752522   0.0780881842967655 -0.00722130196841025 0.515805084589638 0.0736646232750027   3.02867329003075    9.7224830275051 1745833727.56244
    0.4917926036502   0.105730162056438 -0.0119579266419923 0.50317176409562 0.0153319672890329   3.19170004644207   9.61765878886413 1745833727.58982
  0.478304813729093   0.127261662320175 -0.0143883159094496 0.49515457098529 0.0171588083457851   3.30548517217843   9.55281311946445 1745833727.61659
   0.428030888818228    0.129319300467489 -0.00098592010297529 0.447140800301619 0.00326061786419963    3.51097013255364     9.7008721349049 1745833727.66242
  0.396164491065954   0.123026464725508 0.00267610259386724 0.414836083928937 -0.0844883860203971    3.63570232156727    9.68354443577095 1745833727.69063
   0.377806188861867    0.115874670480563 -0.00119387563013796 0.395178290067063 -0.151526524520164   3.70996433617569   9.62569197321923 1745833727.71679
   0.328658833856259    0.106382688906691 -0.00809127427397969 0.345542145461521 -0.21070447206323  3.87662591978762  9.74266662200319 1745833727.7624
  0.290871627641783  0.0936793666956229 -0.0132156107051432 0.305870527965319 -0.231874693041142   3.99240737566622   9.72376217009496 1745833727.79101
  0.266642477199419  0.0788084816536088 -0.0134277721257948 0.278368986224853 -0.238293431890406    4.0833990143068   9.69001743164062 1745833727.81678
  0.240125655951449  0.0720240211551292 -0.0138097236379459 0.25107468756612 -0.226349588172956   4.17992975797301   9.72950483296527 1745833727.83894
 0.171831180370153 0.0507311139144219 0.0072920440301822 0.179311947099284 -0.0926680335610326    4.37018738471449    9.65945425033234 1745833727.89125
 0.134941745740946 0.0239110111729117 0.0298752995829301 0.140262413796766 -0.105653341981836   4.35287655756515   9.66169702769048 1745833727.91679
0.0959750873680252 0.0115633726881189 0.0428168757549634 0.105727072373354 -0.183799930189157   4.33846063476562   9.72636134462339 1745833727.93887
-0.0117549846617784  0.0475346424821955  0.0410067186284248 0.0638691856295318 -0.348285506424595   4.41696852618132   9.97717057538118 1745833727.99132
-0.0545642981897711  0.0745868160640795  0.0335836975890488 0.0983276182528173 -0.384395809942679   4.37298529652058   10.0238500746793 1745833728.01674
-0.0970284655833273  0.0917017014795776   0.023844021651979 0.135618076067479 -0.412344944760411   4.34204513661398   10.1186152771234 1745833728.03889
 -0.210562129652445  0.0988833674734779 0.00321878857358356 0.232647139261478 -0.470459085468532   4.20115423597133   10.3360116876894 1745833728.09103
  -0.266993421676148   0.0855140892685429 -0.00462293982973815 0.280391722870763 -0.50234226452697   4.1349359870336  10.3871024502701 1745833728.11663
 -0.363649025658433  0.0336621428361782 -0.0111852765783328 0.365374963749276 -0.493752373056654   3.96932894519515   10.4837807682455 1745833728.16218
   -0.424201959962288 -0.000909665425371361   -0.0123354436794865 0.424382249272755 -0.503350053637945   3.92378925358662   10.4369854385849 1745833728.1904
  -0.46812237987953 -0.0261113487336448 -0.0134861250882678 0.469043964513628 -0.487079118524694   3.89356891374063   10.3298083016893 1745833728.2165
  -0.524494267467387  -0.0653093160097135 -0.00989154907469369 0.528637291634732 -0.386328447060967   3.69639934602234    10.112803194669 1745833728.26216
 -0.558478389736638 -0.0902088264431114 -0.0051872153007605 0.565740798752969 -0.356605702554332    3.5888215892369   9.96534442529496 1745833728.28954
  -0.588213450963389   -0.109886613438771 -0.00313673936337394 0.598397836594631 -0.3527553515625 3.48657669584154 9.97766733310427 1745833728.3163
  -0.658926319110514    -0.11161616903583 -0.00932922416297056 0.66837796016195 -0.327950679456578    3.3191605225472   10.1042266879646 1745833728.36212
-0.686609887213682 -0.106485371376988 -0.014946324446786 0.694978894752458 -0.29309415072171  3.16407794094301  10.0452015797472 1745833728.38811
 -0.709847684940647 -0.0931738480138035 -0.0187684796807851 0.716182489033922 -0.244916993555847   2.97483553929356   9.96516984213508 1745833728.41576
 -0.737734549324838 -0.0605826612847371 -0.0215841920326196 0.740532512089486 -0.200456989302726   2.65642301838139   9.74731484521544 1745833728.46208
 -0.739167071313613 -0.0449286571615747 -0.0252991122213951 0.740963284264394 -0.192319598647551   2.47162097435876   9.57748826874628 1745833728.48641
 -0.732874106042303 -0.0222698402940988  -0.027331404526877 0.733721613943219 -0.15484630544285  2.24243496112609    9.322095960808 1745833728.51523
 -0.712041504128409 0.00182994082661837 -0.0228137948992968 0.712409237392795 -0.106992485246439     1.905704917983   9.09966966461808 1745833728.56204
 -0.701264583996804 0.00807134199614077 -0.0207921392374935 0.701619181881382 -0.122016449071787   1.73152270278847   9.02770389805459 1745833728.58576
 -0.675804062993398  0.0192583634107217 -0.0188399798700972 0.676340861519655 -0.133017290731618   1.51635166767552   8.97081585660478 1745833728.61524
 -0.622210800462887   0.019694991538229 -0.0162383147335492 0.622734177454348 -0.132506618322131   1.15159088195936   8.90844724070208 1745833728.66198
  -0.59092041201492 0.00828555302793102 -0.0131619665147285 0.591125046912577 -0.119975246630053   1.02071896578113   8.80297873840572 1745833728.68518
  -0.538811125094072   -0.012022161759852 -0.00765823106112193 0.538999637663613 -0.109704857629048  0.833516655449807     8.655906178503 1745833728.71505
  -0.458403485780307  -0.0448147361171907 -0.00181786412158218 0.460592467349124 -0.144071534701392  0.500449593670092   8.50430544802014 1745833728.76188
  -0.421471085510911  -0.0530662991254583 -0.00334577303171176 0.424811843316306 -0.142855572309211  0.367670185955493   8.49094601573396 1745833728.78469
  -0.367094166733507  -0.0520800437701035 -0.00463390029673788 0.370799044282512 -0.110704441519546  0.214868450513616   8.44068651036451 1745833728.81505
   -0.290649858192708     -0.05300767567527 -0.000656885131187916 0.295444724518837 -0.0443570116419158  0.0213329065680935    8.72228521557367 1745833728.86178
 -0.262305999098951 -0.0580328269280054 0.00144699879607322 0.26865282423617 -0.0327592401923257  -0.053387113190865    8.87623735711496 1745833728.88437
  -0.22684127660195 -0.0544571774351315 0.00424651998184977 0.233325056255345 -0.0311654786797708  -0.141906365053605    9.00388662166791 1745833728.91511
 -0.163069165136526 -0.0507054823461306 0.00852200500735575 0.170983107725947 -0.0025101820746683  -0.288335772424546    9.13291465386269 1745833728.96166
 -0.142433840199569 -0.0565213339554155 0.00887116655097474 0.153495138757131 -0.00697146301369939   -0.347734628434767     9.19448062826056 1745833728.98414
 -0.121525718877494 -0.0532559719688769 0.00502208064571355 0.132777709699534 -0.0312394111351175   -0.40850247419908    9.27757503279283 1745833729.0151
 -0.0878778928417975  -0.0369948181669706 -0.00206596231151026 0.0953698527931875 -0.00980605899300837   -0.475752803119244     9.35195407435831 1745833729.06155
 -0.0749603824570556  -0.0341603469206256 -0.00398803277784165 0.0824735875616107 0.0124092677548436 -0.486239416774048   9.39833584381258 1745833729.08392
 -0.0578956858466511  -0.0377183804248284 -0.00495668738326993 0.0692759367409901 0.0200611144882452 -0.490061083682626   9.46357332958429 1745833729.11505
 -0.0386676018213009  -0.0431892916227278 -0.00910950813472059 0.0586811850590991 0.0116784903060403 -0.514386553818435   9.56917771375061 1745833729.16144
-0.0345605811165207  -0.041918323184037 -0.0121286767743967 0.0556658278117803 0.0124617298832735     -0.51622734375   9.59656997051104 1745833729.18381
-0.0234100603047636 -0.0356335487379098 -0.0148602445886495 0.0451509422754847 0.0222252926718906 -0.520170601769533   9.58318937559372 1745833729.215
-0.0100768483984336 -0.0248310122767572 -0.0161600866385293 0.0312932971177256  0.053009690143096 -0.483818722885216   9.57080862098004 1745833729.26133
-0.00336885972966739  -0.0210322561349765  -0.0158041819504579 0.0265231442541907 0.0604879451807643 -0.476143610932918   9.59311336753689 1745833729.28365
-0.00103431835558722  -0.0139206845562058  -0.0153380820910389 0.0207391425860748 0.0555777532105514 -0.486468701403775   9.68730278572818 1745833729.31495
-0.00149994962361204  0.00796374503073471  -0.0155387763564354 0.017524972309343 0.0724893280068151 -0.457915662358876   9.77628629922208 1745833729.36123
0.000818263435709419   0.0134044797047881  -0.0143052723711597 0.0196211734822197 0.0888690506682339 -0.429002362852376   9.71058012441899 1745833729.38353
 0.00573811115408976   0.0150273869482876 -0.00867875073354161 0.0182775543332581   0.12063487797963 -0.406935704443055   9.62612052504711 1745833729.41478
 0.0078279335298403 0.00833014159441166 0.00294468927580941 0.0118041940538781  0.115599641868177 -0.393544562398579   9.68202024769036 1745833729.4611
0.00985902959387699 0.00173208522865002 0.00661210648821384 0.0119966885424158  0.106084680165828 -0.399402286391883   9.73269240727301 1745833729.4834
 0.0107460311964533 -0.0121633715859944 0.00918289030898153 0.0186480634179775 0.0971736226906438 -0.420352658743619   9.77621127273733 1745833729.51469
0.00926780059347575 -0.0293992526330223  0.0105612385609689 0.032584473958657     0.097509609375 -0.442853082714655   9.76998940789691 1745833729.56095
 0.0120310002316766 -0.0358411575836346 0.00985419510217638 0.0390696647620796  0.097272854575797 -0.450021488114031   9.70806963464856 1745833729.5833
 0.0226321414451846 -0.0393684545401301 0.00671662903691195 0.0459042715320984  0.100976674005263 -0.452086878861966   9.60740229745531 1745833729.61459
  0.031753250074175 -0.0367199188351089 0.00142534073041683 0.0485659646844152  0.129572380196645 -0.447999448280954    9.5768487743753 1745833729.6608
   0.0337099963036734   -0.0283960136968941 -0.000308333137349936 0.044077120073701  0.140733907424166 -0.441942217770574   9.56613085897406 1745833729.68322
  0.0436110848324398  -0.0103958791344402 -0.00252198936079811 0.0449039135663711  0.148018006432279 -0.434888702552096   9.48914103591202 1745833729.71446
  0.0674718462452797   0.0113380830890589 -0.00264002105651777 0.0684687656896189   0.17634634209555 -0.421519047928746   9.43193509345132 1745833729.76068
  0.0802099661294714   0.0159184039600463 0.000606311547795023 0.0817765361507759  0.191211688752537 -0.392088050292724   9.39632330835989 1745833729.7831
  0.101698744572933  0.0180118112504464 0.00417791896368361 0.103365927650747  0.171760957196793 -0.343322595912812   9.35047906631796 1745833729.81429
   0.11746901269745  0.0271642431188082 0.00599474685063807 0.120717861305337  0.152164856484917 -0.302872106834582   9.49131964160834 1745833729.86057
  0.126213156693435  0.0248219147462757 0.00881625373507831 0.128932597523335  0.156524854233675 -0.281844947294543   9.55770127699883 1745833729.88311
 0.142797615699187 0.0153875737235705 0.0123804094048941 0.144156897204067  0.149956489770157 -0.225535254228954   9.53701548881909 1745833729.91407
 0.177905500135016 0.0161118636314794 0.0166255083738169 0.179405592601394  0.128891193049105 -0.114672212635256   9.17620124321065 1745833729.96046
 0.204707663064534 0.0256933956875531 0.0167283165637559 0.206990856016291   0.120551714651245 -0.0817601160231128    9.01174987248808 1745833729.9831
 0.233921803048436 0.0477300603323001 0.0174417945824242 0.239377912095105   0.117530996920765 -0.0432354263794391     8.9594691478076 1745833730.01385
 0.274257254980528 0.0658389804822331 0.0227408775067439 0.282964592785336 0.135973665858185 0.013436971619687  9.04426066544202 1745833730.06035
 0.299057953584738 0.0647176603244655 0.0257699132335001 0.307063712587838  0.110764955020569 0.0576748366225815   9.10860065394134 1745833730.08327
 0.329880093510309 0.0691273682117492 0.0264857913544311 0.338084259133612 0.050737271425981 0.156903593535563  9.21257180606576 1745833730.11374
 0.369035727554087 0.0705207494852106 0.0209283583748039 0.376295815155569 0.0140645171383541  0.333633632253706   9.32246223843129 1745833730.16026
 0.389462175019837 0.0595281706410847 0.0212520254988323 0.394558027999507 -0.0181440501946559   0.419901132298409    9.33924719641905 1745833730.18346
 0.414023274843879 0.0474187518300816 0.0202674349763169 0.417222457518878 -0.0715295907182627    0.53427860657642    9.34144797330487 1745833730.2136
 0.437164180823467 0.0421389382982139 0.0143639948731874 0.43942523307688 -0.0861528149943171    0.76021654909453    9.29839179680445 1745833730.26018
 0.457197788694103 0.0344769013606468 0.0129429628977851 0.458678531220705 -0.110074930166806   0.87806573762774   9.28374308506229 1745833730.28355
 0.485293305778019 0.0276477837213363  0.011757266663771 0.486222403738313  -0.1544526087078 0.999112158696959  9.27979117737283 1745833730.31342
  0.523743157369114  0.0362843612294045 0.00542420063624361 0.525026543817869 -0.157081236558907   1.23239666246407   9.11587271862609 1745833730.36011
  0.548778719313633   0.039034348876102 0.00262763957659108 0.550171489313502 -0.175285253239888   1.36664878759497   9.02131165522978 1745833730.38365
   0.576228186013719   0.0467707737450687 -0.00181983372931205 0.578126058423399 -0.202301317735621   1.53232565927852   9.06758636365103 1745833730.41308
    0.58883177064187   0.0607200728538066 -0.00783360996217593 0.592006036126027 -0.20863309834203  1.85242248973006  9.36787616794179 1745833730.46006
   0.589865277534311   0.0588951227160202 -0.00813145884329255 0.592853946384171 -0.208737321736307   2.03024960061451   9.55721099798108 1745833730.48378
   0.592605763823797   0.0488711108545416 -0.00893102814915572 0.594684571901057 -0.217719884289113   2.23836245378982   9.67627337964456 1745833730.51277
   0.595366532882246   0.0516148506159837 -0.00606828903171652 0.59763050910417 -0.225124138494598   2.54118173951758   9.57667372967177 1745833730.56003
   0.587098988240658   0.0531982056980681 -0.00213603005883698 0.589508128618351 -0.215917180255933   2.69766151632126   9.53843904328936 1745833730.58463
  0.575478119769445  0.0538272305945779 0.00417312637853044 0.578005062322666 -0.225427099166531   2.85044446522708   9.51557952126295 1745833730.61284
  0.538825556185138  0.0506537658568983 0.00830994644822968 0.54126503600702 -0.274596335864996   3.11735331293223   9.64407602611286 1745833730.65999
  0.513581482499281  0.0475073613198093 0.00828414725374858 0.515840591308451 -0.26992077901203  3.29173286367925  9.69111600809735 1745833730.68615
   0.5004793318665 0.0452710336541938 0.0118406645028711 0.502662142447118 -0.253757161344945    3.4414260171547   9.68060563349157 1745833730.71342
  0.47412319621008 0.0310167619701012 0.0178934137526465 0.475473468201219 -0.275256016941923   3.61776827075327   9.65702808610211 1745833730.75996
 0.440088739717758 0.0195422840793423 0.0144098368264053 0.440758032361029 -0.33208470885222  3.74613264034602  9.65041852478852 1745833730.78735
  0.408014188334643  0.0186833293860646 0.00939020961856027 0.408549655141215 -0.340068832826554   3.87221094706166   9.56464301318251 1745833730.81385
  0.374432627979513  0.0204522657086626 0.00496402864844493 0.375023638786524 -0.382773945549987   3.97052485607979   9.50131269415719 1745833730.85995
   0.336980445563423   0.0174888975417515 -0.00177618615530585 0.337438641928584 -0.39797733019645   4.0717944393619  9.62670405297675 1745833730.88812
   0.298298431699487   0.0125596779954881 -0.00172600877927061 0.298567712541109 -0.336845890599714   4.19663081758139    9.7055004775517 1745833730.914
  0.269425155762809  0.0131455810546778 0.00532049717006373 0.269798125548003 -0.261015636133273   4.29712987937801   9.74849803800833 1745833730.93627
 0.190605881268391 -0.012783424671665  0.036614794356002 0.194511339222597 -0.177914052033088   4.43822380794485   9.92406155078768 1745833730.98857
 0.143601261369211 -0.041095979574481 0.0500846597038615 0.157539439321289 -0.206127856493858   4.42986489343098   9.94739212084634 1745833731.0141
 0.0969925097656202 -0.0436026349486006  0.0537492501291565 0.119154180012879 -0.265462472465422   4.40370618900413   9.87652286234024 1745833731.03625
0.00996498458456046 0.00439041563671478  0.0283989471552152 0.0304150763069624 -0.447446980529658   4.25953497796815    9.8733656986309 1745833731.08888
-0.0392150651474259  0.0233385944026267 0.00709525088338421 0.0461828313153854 -0.462572637806303   4.24984738184579   9.92322318238536 1745833731.11426
  -0.075538704240844   0.0314954257555537 -0.00684581168393791 0.0821274790768671 -0.440226984806529   4.26906443556001   9.95798059889454 1745833731.13632
 -0.160848080025122  0.0109571106662436 -0.0140404001331955 0.161831072287804 -0.368250790775344   4.24317369995859   10.2310178915861 1745833731.18876
  -0.207559529337754   -0.010658099830857 -0.00984582522174593 0.20806607985256 -0.366865971783414   4.18910013460371   10.2012267702422 1745833731.21426
  -0.241317946752156  -0.0269840754422872 -0.00791317525702795 0.242950838843582 -0.387651914935616   4.12256916420052   10.1306784726104 1745833731.23619
 -0.334788691225543 -0.0362717206908208 -0.0127962442654968 0.33699087430031 -0.463009052970466   3.96920990112139    10.122910829703 1745833731.28846
 -0.376825990907461 -0.0316159566053755 -0.0252751835828045 0.378993708444622 -0.441010925246344   3.92914391209359   10.1055387369075 1745833731.3143
 -0.406764256982769 -0.0365376253537266 -0.0300404570960938 0.409505296532017 -0.360063485028929    3.8880351079199   10.0526149964489 1745833731.33641
 -0.467607085543098 -0.0553937811511372 -0.0255193387475867 0.471567698311117 -0.307219882223671   3.75738180958477   9.98881610805164 1745833731.38784
 -0.506622923154288 -0.0429550987871789 -0.0296607380600157 0.5093051012502 -0.274030055992564   3.70109228768619   10.0428363223792 1745833731.41406
 -0.567160660620165 -0.0384565604483719   -0.02210372274003 0.568892517577432 -0.190220122046214   3.57228690756792   10.0036937796335 1745833731.45976
 -0.596672459000878 -0.0500026447808271 -0.0180613524088977 0.599036309639132 -0.167074135259878   3.43662885209657   10.0016638764642 1745833731.48664
 -0.635259482150816 -0.0556984569898011 -0.0138224098927631 0.637846366132794 -0.16203802734375  3.31688788160536  9.97180778003057 1745833731.51357
 -0.669400201568493 -0.0479961478601401 -0.0115097932623685 0.671217353329228 -0.14646380092011  3.01165648328186  9.67894248658335 1745833731.55969
 -0.672157861923059 -0.0422424284219705 -0.0111852765783328 0.673576814117066 -0.132019330791007   2.82179091223133   9.46495608017689 1745833731.58484
 -0.670181023408904  -0.031932983446477 -0.0126239778780121 0.671060119800501 -0.117068034449515   2.62555229515308   9.33141160402958 1745833731.61286
 -0.679846360940494 -0.0135983279642066 -0.0153723997437096 0.680156084793288 -0.0762341222560417    2.32559688778521    9.22391955760971 1745833731.65959
  -0.670041436509053 -0.00606976718993546  -0.0131562024596119 0.670198071002904 -0.0795900745256676    2.14439390987727    9.12904708900206 1745833731.68335
  -0.645722141273451 -0.00370029480371748   -0.015680485251461 0.645923101870592 -0.0926605804857653    1.90452808423597    9.02797814045485 1745833731.71237
 -0.611049075683584  0.0055426921131744 -0.0188468561550957 0.611364783346698 -0.0831699609375 1.60008150992833 9.11448190436743 1745833731.75948
 -0.592704876618189 0.00624252502693113 -0.0200498523723004 0.593076754278774 -0.093679309890711   1.44409379526302   9.08816587713138 1745833731.78295
 -0.560658730254868  0.0112905458255126 -0.0196927514427838 0.561118073755806 -0.110391514923574    1.2611515157443   8.90981802534816 1745833731.81242
 -0.492586816537362  0.0159996302780516 -0.0198242503789776 0.493245132665833 -0.11897272253555 0.937291001942228  8.72676393260622 1745833731.85935
 -0.468963249992743  0.0158113784475599 -0.0205290727907556 0.469678584099611 -0.110144281374052  0.816927374876227   8.73960474367557 1745833731.88238
 -0.428898175295075   0.012353798747267 -0.0165641495689863 0.429395659230362 -0.0913072319332096   0.701544641430222     8.7670023167351 1745833731.91217
  -0.361441811614233 -0.00207806949403551 -0.00521527744880359 0.361485408660804 -0.12576160229941 0.434823812933484  8.88817902986782 1745833731.9592
  -0.339028102333072  -0.0124787831201763 -0.00581474680030682 0.339307508729288 -0.155689169622222  0.323154608427844   8.96138414370186 1745833731.98195
  -0.302422622659661  -0.0252235090001196 -0.00522754844783248 0.303517701897931 -0.150455743247812  0.197434168984498   9.08383728144516 1745833732.01208
 -0.256544793627534 -0.0548046893846556 0.00835976190408245 0.262466513549891 -0.102528486328125 0.0288275549525081   9.26657533644502 1745833732.05907
 -0.236757710546453 -0.0675427978397889  0.0125066928807741 0.246521115545988  -0.120839820455272 -0.0379086314336756    9.27444060438189 1745833732.08159
  -0.20901054354301 -0.0710575799773432  0.0131027525631899 0.22114761836636 -0.146298807611669  -0.11148891187985   9.37207725792062 1745833732.1121
 -0.187297027904977 -0.0618348860676619 0.00713479542542702 0.197369286118183 -0.0991270121790566  -0.248487170456781    9.45055644815886 1745833732.15891
 -0.172034731900148 -0.0613321560760906 0.00759859042473656 0.182798580206031 -0.0522079375371598  -0.316618774244678    9.38036998365597 1745833732.18138
 -0.149133005635255  -0.061833640300297 0.00917887109011301 0.161704372597281 -0.025094384765625 -0.346302509765625   9.37532891841914 1745833732.21206
 -0.123530051595092 -0.0546433721470122 0.00868533632916156 0.135355113807471 -0.0504747488350352  -0.365858707880038    9.44904409087442 1745833732.25877
 -0.114596581738493  -0.045144205393197 0.00340526509033801 0.123215143781378 -0.054400286977779  -0.38893705759295   9.45674629554521 1745833732.28113
  -0.0965313929756609   -0.0321986747669594 -0.000414520518887421 0.101760681571177 -0.0203246388192569  -0.409552913362331    9.42973188918778 1745833732.31203
  -0.0716683679063424  -0.00796272403485152 -0.000159789665404754 0.0721095379624029 -0.0019546715541125  -0.436996743352306    9.40104349819342 1745833732.35863
 -0.0584988429743295 0.000818594878402841 0.000144836647339436 0.0585047494188687 0.00111955105156663  -0.452751382061201    9.41122048443465 1745833732.38094
 -0.0474597821497156  0.00699227125756928 0.000471223887265562 0.0479744185060103 0.0174432047063872 -0.460574888844682   9.49957852080921 1745833732.4119
 -0.036399516612095   0.008996063301103 0.00671977202797027 0.0380921159903139 0.0523783326157486 -0.454098901488376   9.64083328879162 1745833732.4585
-0.0283382550454576 0.00958737992428526  0.0119804914129479 0.0322258704665942 0.0628251338570258 -0.431694034147487   9.61398018339342 1745833732.48075
-0.0199079644220266 0.00701202448016002  0.0159319435845569 0.0264447038387754 0.0411214880770108  -0.41538581656369   9.63426030889159 1745833732.51176
 -0.0209324461680228 -0.00157663860543494   0.0169090061672769 0.0269549175742448 0.0120599304930017 -0.427803221162174   9.73184882513685 1745833732.55836
 -0.0202616404437112 -0.00396309457242622   0.0153081608161638 0.0257017505169153 0.00554652391247496    -0.4169050986062     9.6981214714934 1745833732.58066
  -0.0103842138755062 -0.000452244030959468    0.0135287173792157 0.0170605573297734 -0.000359439939555245    -0.412983772457235      9.56655576973535 1745833732.61167
0.00904486157075871 0.00891362550290798 0.00922222531828711 0.0156943199999724 -0.0147486444898992     -0.430189453125    9.43054865050951 1745833732.65821
 0.0157062196812779  0.0172377020769986 0.00518450661392115 0.0238893871499818 -0.0312606934257318  -0.429505582186595    9.42572728005097 1745833732.68046
   0.0241936251191893    0.0263815469128205 -0.000443001732404955 0.0357982368903293 -0.0530810071844154  -0.433480977319666    9.52801068669995 1745833732.71148
  0.0256209710468639    0.031502558060053 -0.00879506822873197 0.0415475456177534 -0.0560322908034644  -0.431151538163938    9.73421836714382 1745833732.75808
  0.0250021243293442   0.0275900860248778 -0.00989090142805137 0.0385246544293336 -0.0480618396297319  -0.417880665132591    9.78277235506768 1745833732.78033
   0.032582268253833   0.0238649025416646 -0.00734443864354585 0.0410497083653063 -0.0625897295003599  -0.411362061912428    9.75147935358631 1745833732.8113
  0.0449176966945749   0.0223417862166882 -0.00431830970730783 0.0503527823106753 -0.0742901174885503  -0.386618399039601     9.6162756280105 1745833732.85795
  0.0508654129699222   0.0218630229605688 -0.00142201487442421 0.0553832477909898 -0.0658721253872443  -0.368993226474909    9.55444852247093 1745833732.88025
  0.060257435999081  0.0191380116161481 0.00252546379454984 0.0632740076902099 -0.0617429336528425  -0.337673694780668    9.45212650000307 1745833732.91115
 0.0796540491098211  0.0113584649098613 0.00800848217497447 0.0808573933010781 -0.0720266732313329  -0.320563827156191    9.45234539135353 1745833732.9578
  0.086288846088633 0.00863592224205363 0.00895307480279751 0.0871808560447939 -0.0868310961262718  -0.302414135872456    9.50678571296955 1745833732.98015
 0.0934740627100076 0.00902859802066423 0.00838943935904521 0.0942830773495025 -0.0888388793887687  -0.274533001819434    9.55980304422422 1745833733.01099
   0.106015903755029 -0.00859731488279912    0.011598368464921 0.106994428935518 -0.0584136996323973  -0.275070717268078    9.72559154109469 1745833733.05764
  0.103392790085562 -0.0243466144948496  0.0135821215594041 0.107085483166918 -0.0732516955544578  -0.245024772545665    9.77452576660331 1745833733.08011
  0.112139155128562 -0.0352078086933658  0.0111963399068581 0.118068361271113 -0.102710488374848 -0.197269449183406   9.67942818435301 1745833733.11085
  0.135263355634464 -0.0403879227391775 0.00231631202594195 0.141183302773673 -0.0910544769540749  -0.119191169436562    9.49732582880966 1745833733.1575
   0.138875692404782   -0.050218006337829 -0.00177331746164899 0.147687002665345 -0.0759236230377946 -0.0801426277480096    9.49844922605833 1745833733.18009
   0.151301490410244  -0.0607090438124565 -0.00485567355549874 0.163099069790915 -0.0541569167195658 -0.0254714830234168    9.38492319725277 1745833733.21078
  0.195009282554167 -0.0633329066501981 -0.0100595259278043 0.205282418655242 -0.0346997338620393 0.00841644099498736    9.17690307432045 1745833733.25739
  0.204222564300378 -0.0599097526136809 -0.0107036331994982 0.213097634879704 -0.00479436160780144    0.017370862012508     9.26989373273675 1745833733.28014
  0.212667998426181 -0.0591646922969843 -0.0100242328232743 0.220971997350094 0.0317379979386086  0.078767911433793   9.32164108389776 1745833733.31067
   0.290377206575664  -0.0551840769780403 -0.00951456539325789 0.295727461364728 0.0441307014046127  0.189746185092575   8.97673346161336 1745833733.35728
  0.315489183204604 -0.0509530928962339 -0.0094275902588805 0.319716314649236 0.0633166778462735  0.222280909939578   9.05956642730816 1745833733.38031
  0.317440169188672 -0.0476165202565292 -0.0102710357199178 0.321155862768583 0.0858799572250118  0.326711571504966   9.28584259585204 1745833733.41056
   0.359847888462821 -0.00843651946025571  -0.0115951378510817 0.360133482077881 0.131426452328858 0.523493887005132  9.19083646762166 1745833733.45718
  0.391433306624168  0.0153860955653516 -0.0107059075821185 0.391881846898568 0.133389705176054   0.5848936544057  9.09763507763536 1745833733.48043
  0.415393047492385  0.0381028006135925 -0.0105239607821742 0.417269650310389 0.145004434081298 0.688459878899544  9.13747634618732 1745833733.51035
   0.441325981005129   0.0663687821034534 -0.00758393456218948 0.446352946457709 0.144356649018786   0.9182406851458  9.23540447308931 1745833733.55708
   0.463061249950971    0.075372350486235 -0.00508939398996733 0.469182922062558  0.1325703284403 1.02086748027177 9.32162016058554 1745833733.5805
   0.475872595812292    0.080525137653427 -0.00174503816149641 0.48264072600374 0.129011433717523   1.1533106790773  9.48449886404987 1745833733.61008
   0.49481750967719  0.0701079852316297 0.00268272763804955 0.499766640047086 0.053766348224823  1.40728045819787  9.43340840916495 1745833733.65697
  0.513397897534301  0.0650146825036917 0.00259815641562101 0.517504647853965 0.00382486352572241    1.53780117384545    9.31402792136007 1745833733.68062
  0.531529927240306  0.0711879398173837 -0.0028340788486735 0.536283337733375 -0.0420723876593401      1.649141844742    9.32516915776112 1745833733.70981
  0.527088151843115  0.0798844243917128 -0.0116460767216268 0.533234537681865 -0.0730488878684962    1.90490608571621    9.44631664154191 1745833733.75688
  0.537667792569838  0.0774566297686645 -0.0142522986855041 0.543405293201919 -0.0953839786333908    2.06852808236122    9.38795694077076 1745833733.78065
  0.554095578233441  0.0785563794835567 -0.0164067904833333 0.559876948399717 -0.136018503969254   2.21233021232359   9.39542246062248 1745833733.80946
  0.532170339288662  0.0856258921274379 -0.0276951343102621 0.539725934049581 -0.211314854995731   2.47089934231194   9.66988546165471 1745833733.85682
  0.522740284162855  0.0841464729023874 -0.0310653540978783 0.530380137084526 -0.197921866776647   2.65827746658621   9.68539001208113 1745833733.88159
  0.535345289803933  0.0618845719941862 -0.0240823099001191 0.53944808574717 -0.213839960315143   2.80401953289425   9.57070275654166 1745833733.90963
  0.538959664756332   0.029583675728952 -0.0242403433002173 0.540315008441562 -0.298805240587393    2.9835815863661    9.4891985408322 1745833733.95675
  0.513255628615414  0.0228862513198279 -0.0243087043081572 0.514340387204834 -0.296785662320459   3.15399772502079   9.52282269673393 1745833733.9829
  0.498350444969159  0.0202884987309368 -0.0197772045649423 0.499155213337613 -0.26522619630408  3.31146173511498  9.47914581239858 1745833734.0101
   0.48768147610377  0.0195444022648313 -0.0126809860212807 0.488237660572301 -0.259236846898944   3.41673519248291   9.49798928926213 1745833734.03313
    0.42160499216874   0.0486141970509057 -0.00563933742176377 0.424435992468904 -0.271973468762433   3.77399710754495   9.65033508795279 1745833734.08408
   0.410151727029188   0.0629292565057367 0.000417130153887356 0.414951448373126 -0.2552457421875 3.86054813214558 9.58892291015625 1745833734.11044
  0.394954290930744   0.062219740560645 0.00576420369440298 0.399866745409356 -0.26285331491874  3.91857613513289  9.62046111097622 1745833734.13307
 0.331416878989124   0.07809365500605 0.0094757904078136 0.340625244564974 -0.353533445782725   4.03724100805264   9.63539750116718 1745833734.18462
  0.293966464267399  0.0954125148267035 0.00755651625110258 0.30915518924528 -0.33959501553238  4.13052451862055  9.52110961764026 1745833734.21048
 0.271975192032906  0.100457689789745 0.0115451052431194 0.290164680783695 -0.294238659318897   4.17796493245856   9.42790617634884 1745833734.23263
 0.196172693695273  0.100332354925712 0.0315247565290785 0.222585079173821 -0.315353819848561   4.27217041920662   9.82896395144317 1745833734.28484
 0.131724481041815 0.0997626620810106 0.0335690645846185 0.168614381795598 -0.366437402861333   4.35751787471683   9.96773152906246 1745833734.31041
0.0953063426839106 0.0929873181614432 0.0352682988897584 0.137745392667841 -0.369697798500811   4.36096030659145   9.93002790848126 1745833734.33272
0.0293814080631833 0.0687151296948544 0.0341404298815312 0.0821620663156162 -0.504696889296746    4.3056143508594   9.91569826015622 1745833734.38476
-0.0163430087181232  0.0473792149074111  0.0220726623690015 0.0547639147912129 -0.56091529928452  4.30415231732393  9.94025381834959 1745833734.4103
-0.0548104420107139  0.0292724319913977  0.0126297686009316 0.0634079717623416 -0.565137004879809   4.30543469071935   9.99586726426923 1745833734.43278
  -0.155034868528326  -0.0143768716123112 0.000416063441770594 0.155700603742374 -0.532767563942806   4.24358452509139   10.0946795720545 1745833734.48465
 -0.200265504270784 -0.0418523013233817  0.0010933646809361 0.204594923625245 -0.537200485588561   4.22465803874734   10.1025758830756 1745833734.51031
  -0.237984372335437  -0.0635047286442989 0.000517827777709649 0.246312160036173 -0.554263036441616   4.17813045568749   10.1252524799679 1745833734.53253
  -0.333961871234783  -0.0876160188268187 -0.00744470958252144 0.345344063065325 -0.560180043152873   4.06229236669339   10.1791661802772 1745833734.58447
 -0.376892096581211 -0.0826472547385125 -0.0136440175299792 0.386088565481486 -0.527911081978304   3.98070647485175   10.1326024258704 1745833734.61035
 -0.402190294477934  -0.073864857684083 -0.0178570922772824 0.409306640451309 -0.494354020848188   3.88561130288497   9.99141085517985 1745833734.63229
 -0.439967104058958 -0.0529116068200972 -0.0225333753322309 0.443709864431899 -0.39773642150438  3.63151680441313  9.70806445510313 1745833734.68396
 -0.460426417686964 -0.0412990244162204 -0.0184354445385598 0.462642368506297 -0.330079489721123   3.56006487268785   9.63308983419043 1745833734.71028
  -0.476371874228228  -0.0329878741071732 -0.00979687456464497 0.477613171033904 -0.308862755399627    3.5181485893481   9.62028336538762 1745833734.7326
  -0.510615550413604 -0.00438741360404332 0.000751673931820577 0.510634952520899 -0.309435838767373   3.34997356991324   9.65150467375506 1745833734.78285
 -0.521489941364879  0.0102979435330631 0.00604162503848361 0.521626598074581 -0.293307777055692   3.25147993237823   9.61513086300018 1745833734.80983
 -0.535669478854961  0.0273054072287171 0.00971828835912869 0.536452999776591 -0.304176155687434   3.05324544670138   9.49585933368556 1745833734.85606
  -0.53403503207217  0.0297231673866492 0.00656934657107623 0.534901896121326 -0.324540863333357   2.96071213260407   9.49028287781255 1745833734.88127
 -0.539005323844615  0.0341994343003326 0.00193892070809009 0.540092677096082 -0.351341335661037   2.84643664237891   9.57824796959727 1745833734.90919
   -0.54117993840459    0.055154296661552 -0.00961663069440131 0.544068195870461 -0.365806575254475   2.58406895685299   9.40258250695349 1745833734.95599
 -0.530112952580633  0.0678109121206508 -0.0165697879044606 0.534689274408595 -0.357855562763611   2.42961236519442    9.2656873093646 1745833734.97981
 -0.520297010536901  0.0750810580749503 -0.0223294961692287 0.526160385105589 -0.362162260767682   2.25719061424182   9.22980085451768 1745833735.00874
 -0.523872877181885  0.0721904358647162 -0.0333488723456021 0.529873945164213 -0.42166460512118   2.0012085731759  9.32311822871428 1745833735.05595
 -0.524529251815131  0.0734659073524142 -0.0383599544274546 0.531036403325168 -0.437080043434365   1.89078362197888   9.35969387079871 1745833735.07922
 -0.518833260550909  0.0700025940744937 -0.0399251296873205 0.525054598505332 -0.445980040956113   1.73961263991854   9.42810371703185 1745833735.10861
 -0.513261937455647  0.0593232742918854 -0.0422437122861967 0.518402930683415 -0.505685977342716   1.47190708239922   9.50461102184717 1745833735.15593
 -0.500077467124941  0.0564248727025712 -0.0441027057792523 0.505179461224077 -0.5133594140625 1.35255502226445 9.46226760549892 1745833735.17876
-0.481451759241612 0.0479330594578059 -0.042182551585045 0.485667316507971 -0.503372173544816   1.16933802170761   9.34588192060318 1745833735.20847
 -0.450301441185936  0.0268588278633367 -0.0378045266122308 0.452683075452018 -0.49311751518347 0.872886338449871  9.22804984887868 1745833735.25589
-0.438965869017735 0.0182231764466966 -0.038349519697141 0.441014516748944 -0.49878776301599 0.753781810065334   9.1766271967187 1745833735.27838
 -0.408091715447414 0.00167224648858583 -0.0413437348926572 0.410184042888075 -0.490377360743626  0.598556115740642   9.02230535871227 1745833735.30842
 -0.351704665308755 -0.0145958447517656 -0.0438360620372371 0.35472638838814 -0.492389126956897  0.338564525311416   8.87153915043463 1745833735.35584
 -0.334044249888564 -0.0221376954533421 -0.0445231022220956 0.337724658671938    -0.49328390625 0.249606633730577  8.99676313823635 1745833735.37805
 -0.313818563451996 -0.0319999653480374 -0.0467763092190174 0.318895142097686 -0.505774422781783  0.119321444405857   9.12552569897456 1745833735.40842
 -0.253113592194014 -0.0185218101231562 -0.0482495834203382 0.258336157561871  -0.518681149122302 -0.0746714892986743    8.99264700809218 1745833735.45578
 -0.215903873442063 -0.0187286341735379 -0.0460219723165911 0.221547435645736 -0.530073755871529 -0.145811451703707   9.10505772521008 1745833735.47776
 -0.182737614591478 -0.0234901894331631  -0.044954898279647 0.189646428032597 -0.559013927475094 -0.223125073278858    9.3552562824338 1745833735.50834
 -0.152943122261079 -0.0189710597408165 -0.0369894846063868 0.158492024171891 -0.518714910185726 -0.310721545533615   9.26373315063677 1745833735.55569
 -0.135423061486774 -0.0205723851123822  -0.028203567401972 0.139850169202115 -0.501171841108441 -0.333216311321364   9.20193404541208 1745833735.5775
 -0.115290870368118 -0.0305679995734382 -0.0133078584451263 0.120014526139778 -0.500918163042002 -0.355668221926325   9.27818912516875 1745833735.60824
-0.0820957188579132 -0.0498020533769562  0.0140798722912019 0.0970473821341682  -0.49184994140625 -0.368050754337779   9.44313670659972 1745833735.65556
-0.0678857724531307  -0.069068428557612  0.0259292990721749 0.100255944837952 -0.500518602993153 -0.364606356629086   9.44299619219904 1745833735.67736
-0.0471453458951834 -0.0921046329332536  0.0391236212512165 0.110619188150856 -0.530705557848319  -0.35307468848697    9.5074218397813 1745833735.70819
-0.024189253054189 -0.133076648459731 0.0497826984624913 0.144127830049584 -0.534642964261845 -0.301397754695565   9.68451612750406 1745833735.75539
-0.0250869774685464  -0.152164597661405  0.0519746259451645 0.162741460489036 -0.516914992508667 -0.283317083507724   9.67978264987765 1745833735.77731
-0.0262911202028082  -0.170175867936421  0.0492266574321166 0.179093028427607 -0.491363679527685 -0.272504654223114   9.59143319479617 1745833735.80821
-0.0225391012904862  -0.170869840362097  0.0311786389246784 0.175147426351479 -0.419262663579981 -0.249013843046199   9.57778044297213 1745833735.85527
-0.0276441111720072  -0.160814842739274  0.0203177032027031 0.164433632785938 -0.376488061172104 -0.240037814088567   9.62277462051197 1745833735.87737
-0.0336388275570547  -0.140944222444745 0.00552972132270812 0.145008352786568 -0.321652078710476 -0.258259468386365   9.61436186289931 1745833735.90835
  -0.02978215275702 -0.0941899103534495 -0.0213935362901791 0.101076205064459 -0.230675414597266 -0.278088922149787   9.66928418993578 1745833735.95523
  -0.02924150876907 -0.0687029729864095 -0.0309266662839548 0.0808184571722451 -0.183900786024197   -0.2724533203125   9.69588380530385 1745833735.9774
-0.0277918241442743 -0.0329491067411012 -0.0370086739954301 0.0568125960963127 -0.141089689202925  -0.28783552748275   9.68396293620374 1745833736.00845
-0.0162338459717172 0.00101902627545621 -0.0423442613322599 0.0453609153055605 -0.0711300819520409  -0.313760451502821    9.61114936523438 1745833736.05522
 -0.011376301860328  0.0174840592403647 -0.0423017109478595 0.047165107024729 -0.0606083738854852  -0.320253498880037    9.59527421234971 1745833736.07734
-0.00505072948542086    0.039284679542103  -0.0401530479698112 0.0564009146763293    -0.063094453125 -0.332103170598295   9.49305885774807 1745833736.10839
 0.0117681356983036  0.0589825321546166 -0.0367171263351746 0.070466839602023 -0.0522158863444977  -0.366906775661081    9.37254900681547 1745833736.15522
0.0229437890094688 0.0660976848383507 -0.032971907712597 0.0773464161633166 -0.0393993661466063   -0.37303075905889    9.41191897092203 1745833736.17721
 0.0264766442980298  0.0689250205425718 -0.0276580813029491 0.078845675920997 -0.0421121316960294   -0.37114707975612    9.53993593191765 1745833736.20826
 0.0257092443845903  0.0705274302396947 -0.0201993162190554 0.0777373529183943 -0.110516351524875 -0.380194954650984   9.79262955794086 1745833736.25518
 0.0241032441254105  0.0675274257562491 -0.0174458633272124 0.0737921252835738 -0.105828010612757 -0.355864617297303   9.79004850526845 1745833736.27711
 0.0320542343269776  0.0620383690233064 -0.0123578636823691 0.0709150898198173 -0.0894541341709284  -0.349202029551964    9.73239329279818 1745833736.30809
  0.0378668248449342   0.0460061202125988 -0.00872017726053327 0.0602204368325914 -0.140356604035862 -0.336541169224221   9.71219911698452 1745833736.3551
 0.0367367503830291  0.0438009286692207 -0.0105275575683957 0.0581286474068255 -0.174126900713228 -0.323008854454749   9.71316107174708 1745833736.37698
 0.0355575150221015  0.0406538235923971 -0.0108740290310924 0.0550936906968281 -0.181283064278642  -0.32320819877409   9.72462084641796 1745833736.4079
0.0391492032935881 0.0427441031304834 -0.013343539965432 0.0594791436535629 -0.187872488808053 -0.305061174187011    9.6734971432959 1745833736.45502
0.0439199246580452 0.0441019476517122 -0.014452657698521 0.0638969551950118 -0.216107712313111  -0.29336969228188   9.65693757245813 1745833736.4769
 0.0553709420827801  0.0454160264986646 -0.0197568646506873 0.0742892346904151 -0.237160718297656 -0.283689446669531   9.63521604613516 1745833736.50776
 0.0683824907599869   0.043467280610042 -0.0331421321083153 0.0875441057230973 -0.232985696988044 -0.261028627732363   9.63943322176497 1745833736.55495
  0.070957263322134   0.042937258027026 -0.0406345084837115 0.0923564000205665 -0.254186191810677 -0.239121612143964   9.65301316935148 1745833736.57678
 0.0739576083026354  0.0515304013035114 -0.0538955992218901 0.105023072226219 -0.285963779938091 -0.215923915374409    9.6574394242556 1745833736.6076
 0.0795817107895602  0.0650430037103917 -0.0671904780663671 0.122794142232641 -0.276057548878416 -0.185717763722166   9.69818063455189 1745833736.65493
 0.0816765771897486  0.0591870018189691 -0.0651749369508045 0.120091368766839 -0.276545007351635 -0.179687610439363   9.73706898640482 1745833736.67677
 0.0858057664581268  0.0398030330564988 -0.0584478846126373 0.111189325987954 -0.293228528301244 -0.172798524420419    9.7946738222402 1745833736.70748
 0.0853145147369528 0.00455311016644907  -0.033077211264846 0.0916154961895029 -0.351949750646633 -0.143178305779549   9.86163535067167 1745833736.7549
 0.0876194475443368 -0.0151205413935699 -0.0113958569792399 0.0896418647524735  -0.36352957528926 -0.106035448842961     9.988810176361 1745833736.77671
 0.0738417481280106 -0.0494844550829349  0.0277963005254785 0.0931340398799402  -0.391237442436527 -0.0641903970734837    10.1000874106467 1745833736.80734
 0.0448891659551377 -0.0872322310459524  0.0791829014162782 0.126073118586407 -0.447701547494982 -0.028034281074399   10.0903261726706 1745833736.85475
0.0371540382141796 -0.108379592031599  0.097023420817552 0.150133616194696  -0.449066668338896 -0.0207725588614991    10.0850249176616 1745833736.87671
0.022103056044957 -0.12531407076645 0.110544687192032 0.168559453264923  -0.439764586444186 0.00348475713691796    9.99569835638685 1745833736.90738
0.00769606124440565  -0.133990173768131    0.10790237651415 0.172207778228781 -0.387134780915003 0.0254235337662497    9.8630092060975 1745833736.95459
0.00863481362338943   -0.13020697638451  0.0990387340932842 0.1638202904292 -0.375436717739281   0.02724533203125    9.8499183580283 1745833736.97673
0.00866400343852738  -0.112031611498761  0.0843526378770683 0.140504499740799 -0.35469275796519 0.026351390354404  9.86011922487997 1745833737.00753
-0.00100638954655872   -0.095953897893763   0.0495117857712408 0.107979536353808 -0.270197294942131 0.0441653855553407   9.80072207829068 1745833737.0545
-0.00644318881483851  -0.0907484303867475   0.0335419510484221 0.0969631619734874 -0.226912962029803 0.0479915140525535   9.77287121808238 1745833737.07688
-0.0178343217832756 -0.0807385410317575  0.0191793657591032 0.0848800513214245 -0.169990544125035 0.0251272398359548   9.80218199214419 1745833737.10766
  -0.0340250992532786   -0.0801263358995173 -0.000883188106758887 0.0870558275195271 -0.0715124110378874  0.0213626333981162    9.79592778505972 1745833737.15449
 -0.0346143434072054  -0.0774574831383579 -0.00484357780203189 0.0849780837014185 -0.019844992399702 0.0180575364012432   9.79613416344894 1745833737.17688
 -0.0343923263285322  -0.0665275660117195 -0.00299845537618032 0.074951583601515   0.0443743109817565 -0.00780444674007917     9.86104679086657 1745833737.20765
-0.0316896004261623 -0.0574328187816681 0.00123009546588792 0.0656069552961647   0.110275568232997 0.00152418592954669    9.92404672312199 1745833737.25447
-0.0291212750747665 -0.0546363164963971 0.00781951031380402 0.0624044908946654   0.12503786766485 0.0114980780207849   9.88477305768278 1745833737.27679
-0.0290443156052283   -0.04870532093348  0.0192358138785106 0.0598815254630182    0.135555336367492 -0.00735245875121817     9.82929590389412 1745833737.30766
 -0.034111986764875 -0.0466585822981882  0.0269979617482358 0.0637929532290441   0.160976494038645 -0.0505903296025912    9.66759206834275 1745833737.3544
-0.0305613202043524 -0.0439219823695808  0.0308079991194366 0.0617435635321604   0.166085839605337 -0.0444076457691356    9.61136331125746 1745833737.37677
-0.0254273805437496  -0.028866258494824  0.0383286959527474 0.0543037889492511   0.146697273631122 -0.0423401000716374     9.5628274201155 1745833737.40763
 -0.0258833275896286 -0.00487683255227193   0.0401760584740442 0.0480400438942841   0.135608772865854 -0.0644293228372713    9.60920826648247 1745833737.45431
-0.0210356962815531 0.00383986646482347  0.0422916533764729 0.047390178706491    0.12618229079099 -0.0616582831282466    9.61641311673613 1745833737.47668
-0.0130854832559567  0.0195403906653351  0.0464275324536977 0.0520439478626957  0.0990388744357577 -0.0622046824352302    9.66653781717082 1745833737.50759
-0.00133983994457226   0.0443182197236995   0.0491644033510452 0.0662045189350352  0.0809455256659708 -0.0460413895581224    9.73049537401904 1745833737.5542
0.00933613493361272  0.0518585181409411  0.0519133090468814 0.0739693245573458  0.0634636880465006 -0.0363408189308816    9.78822253601637 1745833737.57657
0.0135821215594041 0.0558848496934607 0.0562044290242702 0.0804147268431557 0.00757100821748601 -0.0462368276533778    9.83966901199899 1745833737.60748
0.00289868350608793  0.0637403843993222   0.065889698833699 0.0917207249308321 -0.0710724915608124 -0.0327891379644417    9.79640288441959 1745833737.65408
0.00085941947498576  0.0642570692711924  0.0752014670148159 0.0989190082559326 -0.0980567950156127 -0.0293720226138375    9.75523406247695 1745833737.67655
-0.00252925062256435   0.0515698201259119   0.0906709489902092 0.10434109663654  -0.162322338233305 -0.0367530286946347    9.68985860934175 1745833737.70739
-0.00627718663352902   0.0459050236539081    0.107413468893888 0.116980030639918   -0.230254574718696 -0.00891067162502682     9.80351262754639 1745833737.75393
-0.0019489173244986  0.0366713224788181   0.117660178937832 0.123257867411236  -0.241019684770989 -0.0101983710971028    9.88958526564512 1745833737.77645
0.00244184499365413 0.00879813105815175   0.128281191474201 0.128605730055585  -0.262852648244576 -0.0326565552768881     9.8523571204964 1745833737.80734
 0.0199760358938205 -0.0323702096947069   0.139762728294534 0.144846445265468  -0.266883650840594 -0.0243565132199503    9.85480942157828 1745833737.85377
 0.0188613673005337 -0.0471641613100897   0.149218434635801 0.157627251843355    -0.249222433441762 -0.000228646692613961      9.91001671180994 1745833737.8764
0.00791091230346596 -0.0662773991622221   0.162330409850377 0.175517629129877 -0.249422736533342 0.0200319346729211   9.78017499252543 1745833737.90735
 0.0182682755111188 -0.0846647311746299   0.182041954474846 0.20159642800418  -0.273287534821951 -0.0105307509032906    9.75141627595389 1745833737.95361
 0.0189250844485841 -0.0894536856969113   0.192656414351069 0.213252467035574  -0.279155823036621 -0.0255297059003905    9.83920109220703 1745833737.97652
0.00991908548605067  -0.102186612978906   0.196987334119472 0.222136223818801  -0.254953550867444 -0.0185939868783975    9.84924194016517 1745833738.00758
0.00730100822164913  -0.122890093200752   0.206901981321179 0.240756535949851  -0.186973025701594 0.00182340512067717    9.78344643102414 1745833738.05346
0.0058886089950203 -0.122786553551076  0.209164672014823 0.242613011744869  -0.157907211659462 -0.0270172269019674    9.78818699715518 1745833738.07653
0.00274820471358806  -0.116006409426983    0.20616044877384 0.236573815744515  -0.111673358398507 -0.0528847827555309    9.81247882588703 1745833738.1076
0.00537763484266084 -0.0808667369700754   0.206770021412964 0.222085996541443  -0.022731794094301 -0.0200919182534556    9.77919069085807 1745833738.15332
0.00794408705029725 -0.0612497754231875   0.200244989110967 0.209553571128017  0.0168455740540454 0.00604545260015266    9.71945099340805 1745833738.17674
 0.0193272349166032 -0.0406296016079744   0.190897825136004 0.196128239114108  0.0574264064784071 0.00280011695909292    9.69254846865067 1745833738.20777
   0.025698981334843 -0.00187785238410665     0.19191717881104 0.193639271569622  0.0419045149054301 -0.0190050084760056    9.75101481716321 1745833738.25323
0.0198815556777645 0.0129813873921053  0.185629863537691 0.187142295892226 0.0285841163174576 0.0141789286813913   9.67424694659968 1745833738.27689
0.0277093253911011 0.0286069750664144  0.170453334996735 0.175044294815883 0.0200966533494396 0.0409733325647586   9.67654199804995 1745833738.30794
0.0284756818532717 0.0413009787852057  0.151723195997175 0.159801638005441 -0.00955150912189422   0.0671903795280481     9.73213819591237 1745833738.35322
 0.024090631151283 0.0480309204335136  0.135445162822454 0.145714515265154 0.00236195315480164  0.0473207030933357    9.74374913090408 1745833738.37706
0.0217165595772513 0.0432993534550608  0.125713607789784 0.134723250231807 0.0630886239996189  0.025094384765625   9.81629509102546 1745833738.40806
0.00432460711848285 0.00394307467180628   0.130682230919703 0.130813208594343    0.151607431412916 -0.00351621048208282     9.77633277837724 1745833738.45323
 0.00401622826489934 -0.00269180992978655    0.137136250672213 0.137221453055292   0.186469737990537 -0.0768397700925586    9.77369751797291 1745833738.47711
  0.0062744311482807 -0.00577911861560698    0.150761726459791 0.151002863758753 0.268427514356118 -0.11901908203125  9.73371679486124 1745833738.50817
   0.022556564891712 -0.00832280413892279    0.183461039700635 0.185029783484949  0.490864272202146 -0.118907080771728   9.67088856695233 1745833738.5532
 0.0288643955583058 -0.0194080383594479   0.208555046040094 0.211435646267828  0.618741368377033 -0.135803629757992   9.71765343473187 1745833738.57735
 0.0308102117982935 -0.0434643395323486   0.243367359787112 0.24913066806756  0.731170444675754 -0.132276359322473   9.83530983477227 1745833738.60837
 0.0356837261139451 -0.0648326823681415   0.287765392435262 0.297128803881152  0.805531571509856 -0.143905823436159   9.79899511869904 1745833738.6529
 0.0425010032487596 -0.0666874318708468   0.299320772401878 0.309590816462531  0.845594979312046 -0.129278975187727   9.74414380100812 1745833738.67764
 0.0453151193421051 -0.0679106077970206    0.30793803480126 0.318576747377476  0.915726246613009 -0.105166618559619   9.74633180851957 1745833738.70864
 0.0516584459602667 -0.0650292849088269   0.323692586986409 0.334177039613342   0.933904443321423 -0.0739656208888074    9.71235941213974 1745833738.7529
 0.0552333857456376 -0.0630796248173387   0.324946485205622 0.33558901086822   0.926327989767642 -0.0263211165096828    9.72544434285816 1745833738.77804
 0.0571727445676328 -0.0528424114908946   0.326530186969145 0.335682895268248    0.894865653048669 -0.00250941283524851     9.69388901364044 1745833738.809
 0.0534040697075447 -0.0277079805718968   0.333234369761466 0.338622019424346  0.797229170452031 0.0205205897407922   9.63887588216402 1745833738.85279
 0.0506101078841856 0.00349431319606754   0.340638011727504 0.344394901644069  0.749501807132352 0.0502474354589602   9.65466074878856 1745833738.87854
0.0461239309465228 0.0501629716119763  0.354143500650365 0.360640208212837 0.694377090741313 0.111354841996085  9.70171171699609 1745833738.90946
0.0370162400320869 0.0977308612250396  0.368742865552116 0.38326599661004 0.583362355134032 0.176516497855209  9.79968471619757 1745833738.95269
0.0387472966454814  0.134212004172184  0.391253733258683 0.415443977992345 0.483276614224774 0.157957827613284  9.81828000223587 1745833738.97899
0.0458545823273544  0.188454140063948  0.424344099351846 0.466567808879254 0.355114078942516 0.156290834507965  9.84270446493791 1745833739.00995
0.0512194928183367  0.272974019352494  0.471664770812478 0.547362683886663 0.187286413841218  0.15791847674341  9.84505558539477 1745833739.05254
0.0497068607495936   0.32992401157203  0.495014500927666 0.596958944606769 0.0565567043903892  0.183080657143232   9.82302308121569 1745833739.07928
0.0467552759418866  0.388125813318703  0.506942955837747 0.640170964091795 -0.08483922757266 0.226294356782615  9.81426864088637 1745833739.11056
0.043493136949815 0.431337700189875 0.506374287798615 0.666602418170217 -0.196757887875035  0.237254975767895   9.86925175493122 1745833739.13636
0.0198368147238386  0.470387805927816  0.481140881233927 0.673167686968509 -0.411161649402258  0.269985993420619   9.74481013328775 1745833739.17937
0.0221780763842544  0.481136195319985  0.454110998125597 0.661967298389975 -0.579023007190143  0.267005344516805   9.58396533303778 1745833739.21086
0.0250677080760943  0.466668272209136  0.425372146964061 0.631940764381966 -0.730953296934651  0.260006411108714   9.64585508885454 1745833739.2368
0.0123886726141129  0.402188827748774  0.386226837169699 0.557745911796028 -0.985118103889458  0.246786399193828   9.91209815129475 1745833739.2796
0.000753647349236586     0.34347013540718    0.354724896850861 0.49376315612529 -1.12369120068922 0.243857682497955  9.83587464454271 1745833739.31117
-0.00378505270076645    0.270483536096002    0.327584662374052 0.424838064379437 -1.18994914238101 0.240395233304211   9.7013630293142 1745833739.33713
-0.000974338285195846     0.150735468819939     0.293424226628993 0.329878625661444 -1.22239579927371 0.226593368050304  9.73859993080618 1745833739.37993
-0.00765823487080806   0.0540120156106901    0.269362276893212 0.274830825426773 -1.23927793642935 0.224643090349878  9.70973642262337 1745833739.41155
-0.00535471958058112  -0.0263695349724486    0.243291703230231 0.244775158578473 -1.22735472542256 0.257172276673057  9.63265186345322 1745833739.4376
0.000529473988213007   -0.106521281478462    0.214477389805807 0.23947361960857 -1.10869354485203 0.254350809046513  9.59015984714328 1745833739.48033
-0.00570868132872554   -0.119831197154099    0.196595165029117 0.230307975907746 -1.00364314982163  0.33206204193065  9.52159268290168 1745833739.51205
0.00427595742658626   -0.11215238235881   0.174583011904938 0.207546786837258 -0.93525703035104 0.346091037302019   9.6305328139822 1745833739.53805
-0.00597528316419331   -0.067327782964225    0.148573210355123 0.163226018768448 -0.862723804414669  0.291760973336163   9.57125271144418 1745833739.58067
-0.00585780768264881   0.0063907256271245      0.1310036541386 0.131290185019879 -0.811938686296777  0.334025995640428    9.3517387556976 1745833739.61233
0.0125939537416114 0.0608173684279137  0.119761228458612 0.134907790046603 -0.814563108972389  0.251429340295395   9.46688753779473 1745833739.63827
-0.00183104563559644    0.129169804574011    0.101295176901673 0.164161213462099 -0.87515784167883 0.265502541292088  9.54970672555681 1745833739.68077
-0.00572241524722884    0.160169270150248   0.0790235079582311 0.178694308657969 -0.918723818784059  0.257166977468165   9.66076759843507 1745833739.71243
-0.00120807433034928    0.157904362219276   0.0642122102169965 0.170465407025636 -0.958614318658889  0.234892744074967   9.77787985560412 1745833739.73827
-0.00666590687575994     0.10651873279844   0.0368335922498944 0.112904332376987 -1.00965735420713 0.280549411357937   9.7661129027648 1745833739.78071
-0.00866120331922088   0.0725310218048537   0.0307346238157625 0.079248865405692 -1.05486586260413 0.257828232767629  9.84126210683737 1745833739.81237
-0.0251777965762303  0.0353280804845306   0.023771389985886 0.0494679056865821 -1.08269920124787 0.323693537565351  9.72731012452377 1745833739.8418
 -0.0261477502846293 -0.00921003813235311   0.0171417741802127 0.0325940189205342 -1.11814703577763 0.338856272182029  9.69441431869311 1745833739.88072
-0.0312823576296028 -0.0457192889437738 0.00630609725940399 0.0557548755091042 -1.15505868164062 0.312212092210243  9.74421381888953 1745833739.91237
 -0.0381612983441384  -0.0681643328933646 -0.00645493026749515 0.07838575824004 -1.14704430091578 0.353501411234443  9.61534464318204 1745833739.93836
 -0.021678188418537 -0.0885629201244373 -0.0251056106434146 0.0945707479078799 -1.18195079602452    0.310037657501  9.60999555738731 1745833739.98072
-0.0319729203861914  -0.101131870895969 -0.0500996241509852 0.117302580061185 -1.18411328188144 0.318511034840531  9.52046790102206 1745833740.01238
-0.0206956589362185  -0.102504847490511 -0.0787170987123775 0.13088902050039 -1.19663966206439 0.293373641044235  9.59439710846905 1745833740.03833
-0.0273472032952635  -0.113453066349324  -0.134735474095054 0.178250149429827 -1.13381796414344 0.241477912146255  9.50317339884263 1745833740.08072
-0.0126157146687933  -0.116792183859365  -0.164453605076637 0.202100367861978 -1.05317261279328 0.262025527831996  9.47797417529119 1745833740.11228
-0.00124625881444322    -0.12163614263001   -0.195284720622733 0.230071785457582 -1.02354458730054 0.266225557969856  9.64617488732267 1745833740.13828
-0.0136157725170018   -0.12661170700806  -0.229417687329133 0.262389765181833 -0.951263244538626  0.257224260163626   9.55973948795394 1745833740.18056
-0.00629586825214148   -0.113162730169259   -0.247358287926414 0.272087419889813 -0.893491637597034  0.230154844640578   9.66479150693421 1745833740.212
-0.00837039092838875    -0.12077079909309   -0.270312363088437 0.296183090328149 -0.826246471128088   0.25662165509637   9.71301138252919 1745833740.23795
0.00110242411455631  -0.129232264378133  -0.297103912232393 0.323995259469983 -0.770394817401462  0.225084308986862   9.91295638316831 1745833740.28034
-0.0051503984939877  -0.130422543664563  -0.326381574922849 0.351513156154505 -0.718199204789228   0.25195508979751   9.84338864357208 1745833740.31161
0.0114074498541375 -0.139596439304589 -0.356463812846745 0.382993140471123 -0.662776666999382  0.248527393131331   9.76746843937615 1745833740.33744
0.0244654800907539 -0.146997196759834 -0.389198359239518 0.416751842714646 -0.626692687370363  0.197149311577453   9.88211032827624 1745833740.37994
0.00601872501514842   -0.15483623149344  -0.435107144606562 0.461875211417082 -0.563946735084249  0.235488870436888   9.77151480966636 1745833740.41111
0.0120149233562025 -0.125103547510835 -0.471654873247909 0.488112257008111 -0.489472119794414  0.247439962099093   9.64031877018504 1745833740.44011
 0.0115833621112498 -0.0828972120552727  -0.506104306771549 0.512979230941222 -0.420828886321308  0.258327520433702   9.55156438747298 1745833740.4795
0.00466972277543041 -0.0406217574642301  -0.522254610136093 0.523852852715994 -0.416983971288043   0.20518989722799   9.62743587317232 1745833740.51039
-0.00312297115769545   0.0252071006819522   -0.525572907711426 0.526186309394197 -0.452721843267481  0.174274079475466   9.73465504472867 1745833740.5361
-0.00802007124018585    0.115677881143451   -0.556339487174458 0.568295098270322 -0.477936451607315   0.13830082023357    9.6978255365415 1745833740.57865
0.00826376162326004   0.168238413957491  -0.559855065536414 0.5846453182006 -0.538005434811642  0.116402129525114   9.90186121566141 1745833740.60942
0.00932520494410205   0.218767366877356  -0.566020939678383 0.606898528925636 -0.711517112551046 0.0896528372601656   9.96454865566229 1745833740.65228
0.00711954906152959   0.223365307546701  -0.587745137676328 0.628798135697329 -0.791270693188943 0.0723885747370315   9.90059706469312 1745833740.67759
0.0164780316139885  0.226167846003894 -0.598788884414883 0.640290206227405 -0.880419558969679  0.105949088897432   9.89870350493736 1745833740.70824
0.0278096421950935   0.17387105823523 -0.633009643502095 0.657043171989107 -0.937913660916787  0.136470497771662   9.80824899886069 1745833740.7522
0.0418576348839655  0.110604301160615 -0.651038413501595 0.661692065003036 -0.922756376953125  0.139499466191701   9.72518213478127 1745833740.77652
0.0591982022961951 0.0274690218189977 -0.650369116412992 0.653635190223575 -0.972758323870621  0.168246456135643   9.77001966464742 1745833740.80711
 0.0607451215401199 -0.0964446997580573  -0.671227147981812 0.680835834904526 -0.984486643796855  0.207095525495539   9.78601557102678 1745833740.85211
0.0554222515259778 -0.150620106654962 -0.676726010446851 0.695497042199513 -0.928099728451645  0.216508965158995   9.78590306147128 1745833740.87552
0.0445326745754021 -0.206744283173461 -0.681126853594513 0.713204142176213  -0.8278319077607 0.235342732041336  9.82314968092998 1745833740.9062
0.0402355810101595 -0.292419339300423 -0.711307179507231 0.770120688979755 -0.699682637584881  0.198346589501628    9.8246935444455 1745833740.95197
0.0361997976263482 -0.302728791895289 -0.718021964656055 0.78007095095197 -0.663014122661167  0.177225531469746   9.81796616964681 1745833740.97455
0.0256766559266922 -0.294565042152347  -0.73043669171362 0.788013715184786 -0.57214281016005 0.142952445193477  9.79485879867935 1745833741.00539
0.0297353393338387 -0.274300925412651 -0.756865505402271 0.805587103518528 -0.416632428873197  0.134206244273059   9.71915283620893 1745833741.05182
0.0341362430364729 -0.255621222847783 -0.754773553411973 0.797615577574171 -0.382763227480738  0.107410387381899   9.73404854218169 1745833741.07368
0.0286637698672597 -0.222177047393921 -0.747975423759655 0.780801822897538 -0.346136713029346  0.071987835187738   9.73877223632812 1745833741.10468
0.0270301383573006 -0.165178447389035 -0.743078994181924 0.761696093895647 -0.272464243512261  0.110530542128044   9.84331821542965 1745833741.15166
0.0313712795135933 -0.141764185000469 -0.733811098346295 0.748037411753826 -0.243754501850447  0.109904620559263   9.85267438902154 1745833741.17301
 0.0288543951322111 -0.0987879310262029  -0.714584340091718 0.721957346758934 -0.211044151096801 0.0839682605131518   9.75566941780014 1745833741.20412
 0.0290638292441206 -0.0340485475531557   -0.68173427205486 0.683202479104827 -0.213847152533363  0.100563929877113   9.73232212953953 1745833741.25148
  0.0304798624847908 -0.00966588231670665     -0.6727939652164 0.673553391298462 -0.209896821955075 0.0819135707402568   9.67961842580863 1745833741.2725
0.0261207205615278 0.0363444399796949 -0.658025031184946 0.659545413164279 -0.227465275933214 0.0468024408516469   9.63805814647236 1745833741.30362
0.0314367261116427 0.0670355457507797 -0.633959948685513 0.638268946980864 -0.233147083418317 0.0734137999415222   9.66438586134685 1745833741.35131
0.0271838701538112 0.0709073573697049 -0.627903303725483 0.632478754548381 -0.253596121940489 0.0771591648546648   9.62410359522518 1745833741.37206
0.0309510482751951 0.0912538538264136  -0.61438149544604 0.621892157189667 -0.275440225696928    0.0831699609375    9.6482978171792 1745833741.40306
0.0507720451822165 0.0857066536637351 -0.596371550941798 0.604634152051425 -0.256863982607814 0.0482016873562502   9.78861286519218 1745833741.45114
0.0441065383235004 0.0789508115274738 -0.597871226268008 0.604672324952069 -0.270186662343929 0.0646689665578508   9.76550716945724 1745833741.47161
0.0338361312017943 0.0386816024178334 -0.599858438557498 0.60205589146603 -0.240437456001253  0.111132275390625   9.73780690923312 1745833741.50246
  0.043821608088055 -0.0477105852167969  -0.576337413524789 0.57996676413877 -0.191867935448667 0.0693970197276661   9.93953591284041 1745833741.55099
 0.0276130851000525 -0.0794316358237902  -0.565220928448929 0.57144253008947 -0.186512097441254 0.0845878230360623   9.89003937331593 1745833741.57124
0.0160768945224803 -0.135080159257468 -0.551707377430202 0.568230715707468 -0.152977549384824 0.0867375908012436   9.78757888775252 1745833741.60202
0.0383913957670962 -0.192772087851074 -0.495442001047203 0.53300821149872 -0.106348546381026  0.107512747507359   9.96728909673661 1745833741.65082
0.0317293290549566 -0.212452217803704  -0.47509225780202 0.521397495770176 -0.11079064761719   0.1564396908828  9.87660062389848 1745833741.67095
0.0262190714186932 -0.229735091329162 -0.453663489534498 0.509191725807377 -0.0726427143471218   0.177150197289234    9.76398303265928 1745833741.70162
0.0370127375366205 -0.250602160712437 -0.418486527807608 0.489185404167137 -0.021148092455057  0.147960712897144   9.71818953123231 1745833741.75065
0.0316130955310909 -0.249986274184443 -0.412148063516962 0.483071993962038 -0.049698456325074  0.177227685340121   9.64992308331955 1745833741.77079
0.0404926052946932  -0.21986077346484 -0.410551824076382 0.467473219601459 -0.00166935210620664    0.195190810423242     9.74918250724406 1745833741.80152
 0.031454723068927 -0.135610894251791 -0.398292909371901 0.4219205563836 0.148233256716146 0.177954274707639  9.72206768950104 1745833741.8505
0.0321260238545217 -0.094742684682137 -0.388344087969499 0.401022927487123 0.167419429645033 0.188529129559046   9.7171640640604 1745833741.87063
 0.0225790077527115 -0.0395673887305339  -0.367432950692105 0.370246354602388 0.181388672303874 0.228904232286088  9.65667832167945 1745833741.90141
0.0044605329099612 0.0665635865940908 -0.336846234130704 0.34338898185898 0.207066482433889 0.227189136075718  9.60080516343749 1745833741.95033
-0.00491972199873801    0.110055633973672    -0.31664870308521 0.335265338798148 0.197654291118024 0.231433850476763   9.5832203161126 1745833741.97046
-0.00717157032565238    0.167779918231591   -0.281066817500926 0.32741424569318  0.17906276580577 0.273304270052884  9.62061675375216 1745833742.00119
-0.018130364873166  0.245668292110142  -0.22514493765827 0.333724231712194 0.080084097175268 0.280271305666368  9.64704436718596 1745833742.05016
-0.0275403962886674     0.2482293269441  -0.207478771611143 0.324690179790098 0.057981558020567 0.267246407056759  9.66224315349011 1745833742.07013
-0.0327891684979373   0.221939639183277   -0.18409247231878 0.290210908437347 0.0298480792494334  0.221650697724255   9.70959939544138 1745833742.10086
-0.0210936835141575   0.167945491000543  -0.119528536639398 0.207214146483209 -0.0566334061076472   0.245921551861259    9.77390300746325 1745833742.15
-0.0130237282437685   0.136952917146516  -0.097224931097118 0.168458915582249 -0.0744647006484246   0.239631583690868    9.77387538322098 1745833742.1698
-0.00115866270122643   0.0808401148833899  -0.0594826410821296 0.100372562305245 -0.0651782885248004   0.211644038184774     9.8415109985252 1745833742.20047
  0.0014790239932312   -0.015348417974794 0.000957587439785537 0.0154492206925258 -0.0822938618215519    0.22232574950974    9.91691435008697 1745833742.24983
                  0 -0.0491447453706077  0.0148961661191814 0.0513527191353303 -0.0979839907780816   0.215185701944548    9.84804813186828 1745833742.26958
0.00440614964043701 -0.0937763955917008  0.0345264577578427 0.100027510266572 -0.0841739722282137   0.236819175995268    9.75157043153362 1745833742.30025
 0.012392855649485 -0.138045196066905   0.05762120938995 0.150100842102434 -0.0132582516611551   0.251519802851163    9.80808448587173 1745833742.34967
0.00639858500961335  -0.145712837052771  0.0651204698681854 0.15973054926327 -0.00377200823047797    0.282877300784323     9.78200967982426 1745833742.36948
0.0095937649582413 -0.145550826340352 0.0889196743725159 0.170832642855362 0.0360568328313034  0.329768939220248    9.7819344311148 1745833742.4001
-0.00322566505705054   -0.121510320126152    0.129092673668597 0.17731351106762  0.10754736328125 0.312158553146625   9.7120818165201 1745833742.44952
-0.00115342057310978  -0.0989977418705115    0.162497338867592 0.190282075912388 0.095892497172502 0.347143134603575  9.67200678465557 1745833742.46932
 0.0111749142320557 -0.0482075663919961   0.217056749230056 0.222626324930032 0.0760326840933119  0.381411400312813   9.68426297376587 1745833742.49994
-0.00598273491026611    0.034703238623393    0.294149767315606 0.296250221096599 0.0246848416985272  0.383213078693433   9.51300692823003 1745833742.54935
-0.0137316479303712   0.066494878904713   0.326817616358692 0.333796167500188 -0.0140659017693097   0.389207607643996    9.48931927723269 1745833742.56921
-0.0264089995110826   0.104892328263072   0.369118100587617 0.384640101868012 -0.0999039439930475   0.391373187552806     9.5537140355787 1745833742.59965
-0.0431061337938539   0.181357993904323   0.454300396671614 0.491057747255493 -0.290114356528363   0.44476465976705   9.56426136786504 1745833742.64918
-0.0445659483740728   0.213002374577924   0.477813848048295 0.525035435677473 -0.343613146188773  0.410679763641281   9.66623143765702 1745833742.66904
-0.0528301595402963   0.231075639875354   0.518725953121649 0.570318850769305 -0.472173412439483  0.388335238859322   9.83654718202033 1745833742.69937
-0.0730287076568174    0.23474434063436    0.57229997070595 0.622868649132317 -0.63118888714645  0.38692615191605  9.84939937278234 1745833742.74902
-0.069781521797981  0.226471557991966  0.592618072919687 0.638243689913809 -0.679657797008831  0.332080965220377   9.82257548643863 1745833742.76893
-0.0683178975316308    0.21179015911875   0.621422134478732 0.660066569251004 -0.752255399737534  0.275236633663823   9.75593750628504 1745833742.79922
-0.0667008381563429   0.180570748933095   0.665296548626253 0.692585225654591 -0.746071125063423  0.268848459260838   9.76814648118917 1745833742.84886
-0.0717427405989975    0.15796830780099   0.682639855202811 0.704342373430335 -0.739024857789701   0.27388728515625   9.72490206325563 1745833742.86894
-0.0779094604912882   0.112125356445394   0.688155892132935 0.701570033189365 -0.706250574693166  0.257527255023978   9.68019728701913 1745833742.89939
-0.0696129812835326  0.0800576967844898    0.73023096866253 0.737897329966328 -0.670513266822635  0.267498085100706   9.88273720572856 1745833742.94871
-0.0878265420824338  0.0608639761280439   0.726990838227239 0.734801744656759 -0.622900030528317  0.206531553341365   9.82130644652648 1745833742.96908
-0.102645687777099 0.0368202659678071  0.724393939008041 0.732556105753518 -0.535953104039634  0.214703799089361   9.63548502351894 1745833742.99983
-0.0803240167031839   0.022404600321621   0.778012989303975 0.782469248789121 -0.538453798828125  0.205406463765976   9.91946980684305 1745833743.04863
-0.0899700162679713 0.00225362745033768   0.779419529233334 0.784598295444398 -0.517258124572523  0.163579634423643   9.94112046057414 1745833743.06928
 -0.108053735344146 -0.0196585518903832   0.802224809484127 0.809707795032315 -0.466942943363287  0.204892611833554   9.90131365394819 1745833743.10032
 -0.104181337969447 -0.0641680216675596   0.846129320152085 0.854930472381738 -0.388618148023713  0.211523489820588   10.1782345971514 1745833743.14856
-0.104551334686518 -0.100610801075362  0.848073905863453 0.860396922753825 -0.380146941648767  0.193197352108162   10.1611766275464 1745833743.16949
-0.0935784062034576  -0.136450122390281    0.87238011863688 0.887931655816369 -0.355140335648045  0.159973662248375   9.91413600327146 1745833743.20103
-0.0633662410687028  -0.180119111504319   0.894270718197806 0.914427849675578 -0.289913642348315 0.0917365008297824   9.79748629644109 1745833743.2485
-0.0420784861986826  -0.210726700473945   0.895811844626672 0.921224838064438 -0.291109495924435  0.127030266138951   9.89676444039637 1745833743.2701
-0.0231772618143388  -0.244035152049694   0.898466247248336 0.931306575916671 -0.295096036481989  0.113756458747307   9.94005752554387 1745833743.3021
-0.0313753025421479  -0.261526274448146   0.867509225385287 0.906616047709789 -0.243532379694429 0.0555631376615753   9.66354503137838 1745833743.3485
-0.0175906691679024  -0.272868602770808   0.854590117907892 0.897268619559211 -0.188397353441121 0.0575095662073241   9.62660899956452 1745833743.37112
0.00827677932077066  -0.279080721449472   0.845773362128408 0.890666679654445  -0.136828684020389 -0.0553452035868433    9.70067980795575 1745833743.40362
0.00550990714513928  -0.272548126920505   0.821443308339171 0.865495204712208 -0.0679022678755431  -0.151123135368424    9.69601972136222 1745833743.44852
0.0118465390388856 -0.252500518453336  0.827352360109972 0.865106224741184 -0.0203140404094731  -0.201225493671517    9.72182867826621 1745833743.4723
0.0229985494379199 -0.221106396061699  0.822374814695133 0.851890431628679 0.0583414082211461 -0.248822952010625   9.77709823997677 1745833743.50497
0.0477355958062489 -0.167912712461069  0.791103265145085 0.810134397637963  0.151222572384089 -0.209950292641855   9.95880900137282 1745833743.54853
0.0551427609319464 -0.118866569386911  0.769372571632286 0.780451240873566  0.195058706373549 -0.245289920826563   9.97801173013962 1745833743.57365
 0.0529418404892352 -0.0652811814776339   0.737073896414067 0.741850658761262   0.27584305073976 -0.242138483677346    9.8465083880572 1745833743.60628
 0.0674207659736314 -0.0252520511686153   0.696582243540906 0.700292830028393  0.346629744214805 -0.240703458992617   9.70681197947982 1745833743.64859
 0.0826100912503018 0.00470767486867033   0.686378742127038 0.691348224141024 0.364226198507824 -0.21187920322251  9.74128123890235 1745833743.67499
0.0750635678059216 0.0384752660072766  0.680384395293444 0.685593035747089  0.354620842626544 -0.185669233261882   9.64674892796613 1745833743.7074
0.0789737305992396 0.0691228003980778  0.687196773171894 0.695164884554374  0.327176773317639 -0.215151017793819   9.60414841470958 1745833743.7344
0.0775618266318079  0.113904076041977   0.70070864030935 0.714130642175238  0.229420562878862 -0.136212848035112    9.7071016408569 1745833743.776
0.0725092037323798   0.14551758301917  0.682552933404039 0.70164909925981    0.14528194147554 -0.0740539609866739     9.8506076991137 1745833743.80851
0.0554703977489236  0.167575189508581  0.660439267383206 0.683621558369049    0.11615115234375 -0.0254965944169207    9.82071808093559 1745833743.83528
0.0461683330977876  0.170506453191059  0.612729045620131 0.637683972597226  0.139312125565207 0.0256582067235481   9.66225709754934 1745833743.87697
0.0640547749376209  0.142907075601112  0.579749436998324 0.600528813754215  0.103305383953697 0.0256424763993321   9.75446743847118 1745833743.90953
0.0599608633628184  0.117971277907313  0.549955455165866 0.565653188988619 0.0483716721738151 0.0626430121508375   9.78252334372038 1745833743.93598
0.0670692348052387 0.0879213727896139  0.505681130645771 0.51763100365198 -0.0024631217163863    0.04158498046875    9.78094729180869 1745833743.97782
0.0645498626988128 0.0678589865499416  0.486291100672666 0.495227787410454 0.00548107018495525   0.146058069861693    9.74039044256002 1745833744.01032
0.0635414997348381 0.0660981343813142  0.464357838528895 0.473323026864814 -0.0210896046867177   0.212749230100505    9.74026774032546 1745833744.03671
0.0418654333114763 0.0731672279597209  0.431336980159197 0.439497153809354 -0.0788668527173877   0.273957405602916     9.6521273987067 1745833744.0785
0.0368627134906819 0.0897217314034228  0.390507278596862 0.402373934753547 -0.116368180425388  0.273954670529424   9.69310982539082 1745833744.111
0.0279285880667015 0.0884053743641638  0.361430641614496 0.373132181600212 -0.144861184607123  0.238973473725922   9.75333021200717 1745833744.13739
0.00327332804023913  0.0863813490775868   0.321406684859244 0.33282834797705 -0.214753885122694  0.291896957771373    9.6786735775764 1745833744.17901
0.00369028294856444  0.0838715926189563   0.295948849684561 0.30762604549403 -0.256584355531614  0.274943502162254   9.67701639654724 1745833744.21151
0.000838633827453434   0.0725072874602557    0.274782393545923 0.284188975585555 -0.295904148133795  0.216183610602531   9.69576905187663 1745833744.23796
-0.00675847081969192   0.0695543921205195    0.228729859927187 0.239166969319315 -0.331730551023348  0.205933392768534   9.65213669795657 1745833744.27935
-0.00734303667904954   0.0594476948312473    0.186668071582818 0.196043152282519 -0.362936013058738   0.21488641652762   9.60117096242291 1745833744.31191
-0.00849508957483818   0.0462723334600812    0.158671351089344 0.165498921589367 -0.396394782485214  0.185666600753646   9.59038872151198 1745833744.33836
-0.0130562183565591  0.0344411987314792   0.105074147141887 0.111342882149827 -0.393891807766335  0.141543823950442    9.6329869534158 1745833744.37958
-0.0191346324245496  0.0218102092817307  0.0650519374243696 0.0712290246290065 -0.360312598941476  0.132162682830437   9.61957633179558 1745833744.41209
-0.0173936020528633 0.00288431717968683  0.0319840789568699 0.0365217467365089 -0.362562231077556  0.103516822228884    9.6868174298427 1745833744.43853
-0.0278437463565576 -0.0198428873635319 -0.0165224906511406 0.0379737684119862 -0.375954005607778 0.0581266194809306    9.7055334522815 1745833744.47964
-0.0351013127272516 -0.0372026936907245 -0.0497926815490732 0.0713824467839931 -0.343819610049045 0.0482084908515631    9.7461678579579 1745833744.51209
-0.0367760507505673 -0.0580850081989457 -0.0704020358556735 0.0984011826092726 -0.336593580070022 0.0145498046469874   9.80408603065028 1745833744.53847
-0.0375572687983361  -0.083189190210061  -0.126589805122492 0.156063988698055  -0.283242364718748 0.00364501534937482      9.734775114455 1745833744.57958
-0.0358217662812263 -0.0922878445489935  -0.157464080602769 0.185997800715711  -0.230056279429589 -0.0287973836730429    9.69922011632696 1745833744.61197
-0.0383794866882498  -0.096063555899366  -0.176906166127172 0.204931655398327  -0.189861365875032 -0.0325868279970361    9.64482948757745 1745833744.63819
-0.0214337970532146  -0.102330581017808  -0.216294366270521 0.240237816232013   -0.15069364335904 -0.0239529531261176    9.67123022891418 1745833744.67941
-0.0154797566988894  -0.102299513027407  -0.265358254862678 0.284815408039782  -0.121259055939059 -0.0337064816138588    9.78755196437283 1745833744.71157
-0.0242285408925825 -0.0999575465750568  -0.307016342196772 0.323786299412087 -0.0524545898835641  0.0105891789107762    9.64534421131455 1745833744.73791
0.00387556322387367 -0.0795804078769033  -0.369910576257904 0.37839383680976 0.0893866120440799 0.0221605739953721   9.71807296081722 1745833744.77908
-0.0110874324094228   -0.07817304505534  -0.417660629823021 0.425058064074569 0.220672686725931 0.065709713304412  9.61840760070377 1745833744.81097
0.000644576035297714  -0.0680043603630255   -0.439818202476517 0.445045008663533  0.274431034860788 0.0745909926669453   9.62660107745975 1745833744.83724
0.00608039601423869 -0.0381916919733175  -0.492079512845017 0.493596822835464  0.331876349597315 0.0957472042238424   9.80532502196031 1745833744.87851
-0.0105714218519978 -0.0280048960799112  -0.527861176637756 0.528709231020053 0.343937098549762  0.14179851768695  9.65030585685484 1745833744.91018
-0.00945412853247108 -0.00783779299754809   -0.542215921593016 0.542354973402425 0.309317119483585  0.11214695346796  9.67701586662675 1745833744.93639
-0.0168651223927306  0.0039444652072442   -0.58817679797312 0.588431760557675 0.263706794602105 0.107707330892148  9.81474939842954 1745833744.97777
 -0.025463084922172 0.00478445528296038   -0.60095335378069 0.601511590184568  0.140709787494803 0.0811872719742977   9.86058934982493 1745833745.00931
-0.0301602869636674  0.0312558955497349  -0.619127754815848 0.62064945879269 0.0720568445107981 0.0653477947045041   9.87120919574724 1745833745.03536
-0.0370678765179104  0.0445846425039191  -0.668811814593945 0.671320386370916 0.0414506712660541 0.0893589365191767   9.75284326636023 1745833745.07674
-0.0352337412268615  0.0618939438220692   -0.67479223702473 0.678540227216876 -0.0423084245017513  0.0568791695551664    9.72204515933315 1745833745.10834
-0.0389493700172574  0.0896702701631613  -0.692935756744107 0.699798380785783 -0.0852598989700308  0.0829325736525519    9.73267215063496 1745833745.13432
-0.0349480909607372    0.10147489503523  -0.737736869423693 0.745502657199343 -0.170801595980846 0.0925366645623413   9.75911037957275 1745833745.17559
-0.0281997615255268   0.118339819324282   -0.76415546553414 0.773778466289608 -0.245484247798212 0.0943478644175577   9.88741835238798 1745833745.20724
-0.0321185608972876   0.114680092702617  -0.813036356485718 0.821712384343795 -0.309231260320707 0.0674891030475307    9.9334849827864 1745833745.24857
-0.0331660797953366  0.0920314564820438   -0.83308201376085 0.838805948645472 -0.371939345075879 0.0197672821240936   9.90645222455503 1745833745.2743
-0.0225482292984568  0.0879184202828622  -0.851786715486111 0.856608825513809  -0.41439978838119 0.0557073956941005   10.0401071122004 1745833745.30596
-0.0296944499725915  0.0687253091761972  -0.866230450899713 0.869459672754555 -0.423736611328125 0.0455115032573504   9.92666720402145 1745833745.34854
-0.0174300947258652  0.0504067631156774  -0.883910062434663 0.88551772903946 -0.405214109594973 0.0361778519957879   9.80383852786369 1745833745.37292
0.00930355068813179  0.0314743505718754  -0.897930140596568 0.898529759212849 -0.383161078108655 0.0561062377861584   9.87351308490373 1745833745.40451
 0.0178969987395077 0.00749863568970987   -0.90544045297427 0.905648356694441 -0.486109090522126 0.0526712077041778   9.93836834415485 1745833745.44846
   0.016015341423657 0.000771667164637594   -0.923171151294775 0.923310381840283 -0.480034304258765 0.0572536694931402   9.90961807212271 1745833745.47154
  0.0166105248782625 -0.00722606407607437   -0.938343245361073 0.93851807209745 -0.414426933985604 0.0814742666547178   9.84821991157782 1745833745.50317
 0.0128133154690511 -0.0167209562501503  -0.931707831213108 0.931945950243394  -0.39971023857294 0.0242769738639437   9.76547065622611 1745833745.54832
0.00120448560601361 -0.0169978213800557  -0.931625431511775 0.931781262613036 -0.417383155264287 0.0137220517486622    9.6361325179799 1745833745.57023
0.00527417900607949 0.00188988623789424  -0.931507369338566 0.931524217487788 -0.416708173314733 0.0291059683398451    9.5918034040876 1745833745.60201
0.0234540507505217 0.0320116382263437 -0.914322248549551 0.915183048177385  -0.46649160495438 -0.020766541224614   9.69291428473031 1745833745.64815
0.0320372621752627 0.0458470620069312 -0.909112426571288 0.910831347401202  -0.498966739387662 -0.0339018171438582    9.76078827878362 1745833745.66928
 0.050690521708693 0.0764348567095077 -0.885924901462511 0.890659725901347  -0.501967559458484 -0.0587126944477662    9.77533833984375 1745833745.70111
0.0843878084496526 0.0920090714762473 -0.853073838023624 0.862161205673981   -0.513784707850795 -0.00390107906710435      9.8326234986213 1745833745.74797
0.0850208758729275 0.0875902843970018 -0.838799823097546 0.847635387701235   -0.516653963932217 -0.00186058502596716     9.85358621124134 1745833745.76865
0.0814308410052219 0.0801004071757078 -0.824491872517036 0.832366448713054    -0.515349590289388 -0.000439286991329749      9.79317602761882 1745833745.8002
0.0833054008758099 0.0224637342697509 -0.807730301203041 0.812325457346977  -0.49360707227736 0.0536149960954264   9.73050899810387 1745833745.84779
  0.0865821919207424 0.000564439287525999   -0.793331946770635 0.798042838647397 -0.511574505101231 0.0497463884880317   9.79995957398937 1745833745.86808
0.0735591113236162 -0.032753612697274 -0.779839044250739 0.783985125459246 -0.493502831788873 0.0675892216201061   9.77483459058904 1745833745.89948
 0.0625525775991913 -0.0907430358711855  -0.754088354693458 0.762099973892998 -0.336652332867485 0.0891097713240011   9.70025282879513 1745833745.94761
 0.0667560938439911 -0.0949827365148603  -0.736836072947635 0.745925931107138 -0.294647245110272 0.0934402815616674   9.71550585502549 1745833745.96775
 0.0569537752378645 -0.0917238852819201  -0.699459188977929 0.707743004692182 -0.272228138293013  0.116847416583919    9.7496494697603 1745833745.99886
 0.0403813281724843 -0.0849378475733821  -0.657646047418291 0.664336822177029 -0.19677581970062 0.156551880178624    9.819323979788 1745833746.04743
 0.0391924013246309 -0.0640483746649203  -0.629613443491147 0.634075174441949 -0.168182455415916  0.198841005318043   9.86248429421165 1745833746.06745
 0.0364612259080497 -0.0338426686231956  -0.584421982751177 0.586535421894599 -0.150026576028405  0.265356949911236   9.89879025804971 1745833746.09844
0.0178104769577799  0.024340096121879 -0.546544376494492 0.547375930094153 -0.144797542865792  0.277493770157798   9.67128740904439 1745833746.14723
0.0318667634821429 0.0629574519927944 -0.528195975664659 0.532888468710474 -0.165520733175548  0.220420478761494   9.72422817533547 1745833746.16714
0.0320459025434085  0.107175766507387 -0.504622952225944 0.516873203706184 -0.199744041114252  0.182617027997818   9.78202882533871 1745833746.19815
0.00271647002920439   0.106645958846367  -0.492861504199931 0.504274927068458 -0.307847519461399    0.2150947265625   9.59201850595158 1745833746.24707
0.00389575456036951   0.110947230057723   -0.48170256611838 0.494329674373396 -0.365808541088548  0.215811708984375   9.58714709531434 1745833746.26683
0.0284789924705198  0.107398286464629 -0.449737840367057 0.463259721976451 -0.398214546539304  0.251975278058727   9.81210560801476 1745833746.29772
 0.027460644319195 0.0526354198143231 -0.384080040937855 0.388641289947787 -0.472803419524293  0.248820216937132   9.77639727482904 1745833746.34691
0.0313707956834546 0.0335681616890054 -0.355168241455018 0.358127670027383 -0.482277303841625  0.209454543477113      9.74253178288 1745833746.36649
   0.0352716323651233 -2.03780111162769e-05    -0.303387486627389 0.305430934103027 -0.499938852883769  0.182642583840765   9.80580688760919 1745833746.39738
 0.0271061606440506 -0.0535700196354238  -0.215402754947725 0.223613143146083 -0.551098864106449  0.180354079472672   9.68622492745316 1745833746.44673
 0.0251327851345891 -0.0663725346442927  -0.182345597888569 0.195670353689742 -0.534939007165417  0.136469671436067   9.63368654175547 1745833746.46619
 0.0144283404719449 -0.0885954815118014  -0.131993041055955 0.159622990951433 -0.497323267914379 0.0938136190934069   9.55998108041438 1745833746.49718
0.000985299124135889   -0.107170029120073  -0.0630188222266833 0.124329231923951 -0.469095839368775 0.0811977849130349   9.60788353363633 1745833746.54653
-0.0037695244200953  -0.104088499728114  -0.044106671662515 0.113110669590221 -0.463749317705446  0.065390068684174   9.61315776388841 1745833746.56599
-0.00929630085542394  -0.0945410491241706  -0.0172995637603985 0.0965593397108405 -0.416027994725543 0.0929907380447404    9.6511609775823 1745833746.59705
-0.00710433698480734  -0.0582771954352109   0.0220676869189141 0.0627191032918893 -0.30972850872529 0.108135421176368  9.71014950419179 1745833746.64637
-0.0103466465605655 -0.0494801158504314  0.0368363009367337 0.0625479658048364 -0.272982710881201  0.132352941380266   9.66951851735726 1745833746.66584
-0.00323839702810132  -0.0431858133792899   0.0616005027478065 0.0753002233152398 -0.246267983107515  0.155928197951265   9.75009504742066 1745833746.6969
-0.00711339825751121  -0.0199682147391668     0.10606170091319 0.108159208739887 -0.207677691782403   0.14725325630789   9.72732537196591 1745833746.74621
-0.000130077923266813    -0.014696458562493     0.135209296188261 0.136005722637947 -0.200544853538675  0.184598622931624     9.699338203125 1745833746.76573
 0.00147715627148853 -0.00930684987632149    0.170463396377808 0.170723662536651 -0.196950796027309  0.186620081561584   9.68864093752864 1745833746.79674
0.00160035771128836  0.0157985398052975    0.25748267739808 0.257971867002716 -0.252832296243423  0.219100993837619   9.65111518219551 1745833746.84603
3.89997569260298e-05   0.0191054273706671    0.289509622943299 0.29013934695723 -0.264634565719213  0.191230150498612   9.69969061734452 1745833746.86566
-0.0135644636641856  0.0138620763447621   0.338034825726177 0.338590748897267 -0.315497394112713  0.200277739423704   9.62418258872393 1745833746.8965
-0.0134737588470857  0.0264559805604537   0.438629744220058 0.439633385446826 -0.383342481858052   0.29673904641162   9.67374726576679 1745833746.94585
-0.0166169061025324  0.0174817200930801   0.468352050617641 0.46897268089259 -0.39078278775101 0.243314274677604  9.78417748198029 1745833746.96565
-0.0247829378474665 0.00624674996885074   0.529637362793061 0.530253667559135 -0.460767113228584  0.238236815869109   9.80863921005866 1745833746.99637
-0.0127737214010886  -0.013843184111237   0.601335770074549 0.601630709053254 -0.479065438662431  0.133395089851992   9.84552384707091 1745833747.04566
-0.0140160943356779 -0.0353707527788872   0.628664763070105 0.629814992976956 -0.482144293798839  0.111049248815915   9.83265154846798 1745833747.06558
 -0.021699953155405 -0.0458485249264056   0.670767459824152 0.672682659479059 -0.498629453543397  0.117258446847228   9.75964216333076 1745833747.09614
-0.0430756524951175 -0.0731407849282836   0.702824661896626 0.707931911717442 -0.494497201945525  0.123192445202557   9.68525561740739 1745833747.14551
-0.0405791156473625   -0.09032897632432   0.717034772117912 0.723840350503278 -0.47375896873156 0.134611616353081  9.70749502989618 1745833747.16582
-0.0308029048202937  -0.082798621187881   0.752800753165118 0.757966624978931 -0.438973757038011  0.142036041725573   9.82762785094783 1745833747.19646
-0.0351814729946714 -0.0932050428603396   0.795328657930713 0.801543879137344  -0.3550333460209 0.212648811682325  9.77950487919841 1745833747.2454
-0.0356230263848152  -0.103260780651427   0.806418691032701 0.813783075565258 -0.28364007859299 0.160050381059842   9.7467331634604 1745833747.26604
-0.0338515109047063  -0.102904544520662   0.826031503831392 0.833104624519326 -0.211328991906846  0.142959146123534   9.73874700527515 1745833747.29713
-0.049976990354419 -0.106975975137604  0.856425553136075 0.864526625897641 -0.111299080685255  0.139483021562327   9.80148603559979 1745833747.34531
-0.0535892890278759  -0.086456769433928    0.87192135623295 0.877834515347039 -0.0549666181328399   0.107487106193366    9.78285006534328 1745833747.36635
-0.0549023164014561 -0.0633711686679081   0.901685515842372 0.905575473853232 0.00801639784154612   0.166990698424145    9.74630026970336 1745833747.39773
-0.0445475628288032 -0.0784981065244924   0.928361890555207 0.932739104957627 0.151512900435329  0.17954608748033  9.92270080044248 1745833747.44526
-0.0418561376773159 -0.0567668987040663   0.946963189779492 0.94958606763531 0.227584696079585 0.160391256688067  9.96543363997345 1745833747.46648
-0.0517501478092504 -0.0371897864741117   0.971046829260071 0.97313570617479 0.330801292710028  0.16964255730573  9.91057562135247 1745833747.49826
-0.0458645941825074 -0.0406999512720748    1.00785117073985 1.00971482577744  0.39240877184815 0.120208223608994   9.8855231173997 1745833747.54525
-0.0366660422538402 -0.0295852034130906    1.02905681711972 1.03013475612471  0.416105807566407 0.0737326240397124   9.93111398907097 1745833747.56686
-0.0232427350801912 -0.0331446122139868    1.03929939829392 1.04008751042734  0.473698711643676 0.0403566076805967   9.99014489222539 1745833747.59914
-0.00806211493633078  -0.0766696324270346     1.05028436157547 1.0531099042378   0.503065708559971 -0.0833670913594789    9.92338805603433 1745833747.64526
 0.0112821797547683 -0.0805537369672146    1.06391277844074 1.0670176157163   0.48618257852803 -0.150558120467482   9.92233983911829 1745833747.66781
0.0209148225599795 -0.105505771543305   1.05343373385806 1.05891053883782  0.519793930866975 -0.167166358519207   9.95690509962041 1745833747.70042
0.0460485441830682 -0.169227522522977   1.02626032627223 1.04113816570185  0.541884593220648 -0.129889406647014    9.9209628303428 1745833747.74527
0.0552553028699509 -0.176940727599755   1.01275699119389 1.02958141630028  0.526599306542836 -0.146551699344479   9.93049382825073 1745833747.76933
0.0489349192875546 -0.196430323719902  0.970627230429571 0.991512339234245  0.529485544128527 -0.112781832402429   9.87015279070494 1745833747.80208
0.0704420299406797 -0.210423586606595  0.909647596040267 0.93632201424744  0.595786323908899 -0.181184721292373   9.79368377691851 1745833747.84534
0.0739837351034204 -0.218609249259162  0.883785252473334 0.913422120057787   0.62456288513754 -0.193529134955005   9.76358686393381 1745833747.87099
0.0706505226335869 -0.187914341826319  0.863578467428743 0.886606488595134  0.625183423727821 -0.133729845753277   9.76934117838495 1745833747.90371
 0.075481048450933 -0.107600996053989  0.813659231916074 0.824206714792666  0.689079150820896 -0.159452288863849   9.88883971879945 1745833747.94549
 0.0827710466796627 -0.0630528351044635    0.78393470066179 0.790809914634894  0.709424730046581 -0.152153129857317   9.96060784211469 1745833747.9727
 0.0728489782093713 0.00431029793737372   0.748958619937046 0.752505526007925  0.701880918716137 -0.137123131776077    9.8227240522119 1745833748.00531
0.0649213337644167 0.0624630156879308  0.718176142653788 0.723804793976702  0.694703196972677 -0.154885793066399   9.71157827239591 1745833748.03342
0.0657362827731919  0.137184473679262  0.687610497466379 0.704236490759642 0.650998996090816 -0.14992356632299  9.64654193418537 1745833748.07393
0.0520133818821781   0.21618803412091  0.682058260898635 0.717388408919433  0.581839517495982 -0.169080927058234   9.55628259437822 1745833748.10652
0.0628699701701615  0.270880032989802  0.666944256926467 0.722594815417984  0.500035315507011 -0.114246207844575   9.64630042719598 1745833748.13466
0.0676721214452017   0.32156553734186   0.62851505764389 0.709235566304987   0.36451738126953 -0.130361773689237   9.77324115386646 1745833748.17493
0.0650121414430421  0.360758365351338    0.6052915233818 0.707637622645829  0.221894067982468 -0.155722144352017   9.73262878262589 1745833748.20762
0.0463452089460866   0.38530485121938  0.583825675439163 0.701042171390167  0.112075499672966 -0.114356961226816   9.70312498075234 1745833748.2358
0.0535476986843806  0.389906087267228  0.519088551428253 0.651419248369523 -0.0236532403539569  -0.092650631655936    9.79940004632962 1745833748.27555
0.0440934330032088  0.336195135912749   0.45772794842582 0.569636967739551  -0.184458484603547 -0.0381484290021391    9.66714445647148 1745833748.30842
0.0358968094786405  0.285065094524775  0.405765677292779 0.497188569776129 -0.287043638235597 0.0031264966978064   9.55600192455525 1745833748.33485
0.0146898299665758  0.218091620497316  0.316320785847576 0.384497835617862 -0.364413187626284  0.010165615543567   9.49093098207021 1745833748.37603
0.00661717718045459   0.146545973503137   0.250062193609667 0.289914832419278  -0.425141327979713 -0.0208086955448186    9.56295581472177 1745833748.40891
-0.00584130031264192    0.102814414966168    0.211921551383732 0.235617632309354  -0.464672011842383 0.00743567336223044    9.50255364828341 1745833748.43546
-0.0197651164308477  0.0437653618820126   0.155721400636988 0.162957728704513 -0.485187302378283 0.0540272742360167   9.53647724344995 1745833748.47646
-0.0203565587736723  0.0107432539352636   0.104108310095997 0.106622451769164 -0.451353246680204 0.0631963175183899   9.61981493276939 1745833748.50934
-0.0257298620032018 -0.0114010800589259  0.0726586615289965 0.077918492801126 -0.415147745510369 0.0915092854874752   9.61125741773154 1745833748.53587
-0.0289556489702086 -0.0243955842003813  0.0276585918008907 0.0468889308491048 -0.357911683052837  0.103479847454106   9.60626895137681 1745833748.57673
-0.0305428785030885 -0.0301310895291572 -0.0101311745226658 0.0440839050071251 -0.337664241682909  0.107478405240818   9.65317549596327 1745833748.60952
-0.0384259305718763  -0.024205339904043 -0.0231538055768285 0.0509759681896724 -0.335134486738559  0.115999304482283   9.62766813219447 1745833748.63596
-0.0399677295976406 -0.0126170061523918 -0.0518878260563492 0.0667004853527585 -0.296773491243417  0.128105628659403   9.66545773664859 1745833748.67673
 -0.030795803565345 -0.0222774520469891 -0.0869804717476521 0.0949224359800428 -0.294366746229397 0.0968973460794728   9.81408072424322 1745833748.70945
 -0.043752054648356 -0.0323741451004806  -0.113266883178402 0.125665088158523 -0.315050021560371 0.0534761056446304   9.74461290030052 1745833748.73601
-0.0334455888474172 -0.0161869677838717  -0.162519461714956 0.166712929239173 -0.325506019486267 0.0329831914287415   9.66228744458649 1745833748.77668
 -0.0358788658569621 -0.00834596703060104   -0.210675681157275 0.213871902810863 -0.294735553795665 0.0428533537067326   9.54017159268745 1745833748.80923
 -0.0260143655538006 -0.00424791813665996   -0.243784135640189 0.245205009764272   -0.2858866508656 0.0207966441272419   9.52573943038907 1745833748.83579
  -0.020173605260353 -0.00201499781502814   -0.316402124516899 0.317051003726849  -0.329566618006952 -0.0161770953784734    9.63818063158593 1745833748.87641
-0.0293053895861195 0.00517697486443959  -0.358561147923546 0.359793974001501  -0.389120102386442 -0.0500158445096805    9.57403841798482 1745833748.9088
-0.032720274133939 0.0151896376709332 -0.400709728537358 0.402330247404365  -0.381806327830935 -0.0956608022592603    9.59740560383986 1745833748.9353
  -0.0389225574462654 -0.000545459431219906    -0.463059364156336 0.464692627160168 -0.354486003503359 -0.121689129151561   9.67194418566101 1745833748.97586
-0.042960790458259 -0.013496460766742 -0.512083738683939 0.514059859738676 -0.341584354143011 -0.177427277328243   9.78279098775584 1745833749.00814
-0.0459047901808787  -0.034774533089654  -0.566458444033701 0.569378333562347 -0.338335189399062 -0.203989319624205   9.75469390255637 1745833749.03453
-0.0448748148674811 -0.0422877522578744  -0.595856184221329 0.599038058286129 -0.399824974905955 -0.291638647174206   9.80302993330374 1745833749.07514
-0.0483997917251227 -0.0324373020771651  -0.638708421482963 0.641360402642959 -0.389073862550208 -0.261820653733191   9.75667100171312 1745833749.10724
-0.0357217391621631 -0.0322494312152866  -0.678057439004451 0.679763163941496 -0.415188771612758 -0.250481688612838   9.71647854972471 1745833749.13363
 -0.0157739063747725 -0.00468648158472196   -0.702690431415476 0.702883078210617 -0.506853016107798 -0.325927374652011   9.73554050767769 1745833749.17418
-0.0134652022920348  0.0250324151437741  -0.756058442443788 0.756592560015774  -0.50419920848635 -0.305787438764551   9.66207578408658 1745833749.20612
-0.00313499071743968    0.049159408852527   -0.787354324459157 0.788893724078259 -0.530677044707158   -0.3011326171875   9.66731189425185 1745833749.23245
0.00524991130542317   0.111778412139104  -0.840893043713326 0.848306009618295 -0.562243262936223 -0.298852625735652   9.91189484986321 1745833749.27295
-0.00404729244561389     0.14372525141404   -0.885442602817662 0.897040652007859 -0.569961725803378 -0.300297736003885   9.82461889403336 1745833749.30473
0.00196439607925004   0.168591137557643  -0.906289296760556 0.921838988076377 -0.553729919335281 -0.313186376670934   9.85909846126411 1745833749.33094
0.0189901163834065  0.168026513317231 -0.921175580836206 0.936567127560391 -0.551245330013586 -0.287233783710312   9.87439343402531 1745833749.37154
0.0167398865805366  0.125124519832988 -0.915143167336494 0.923809171847106 -0.653735881569602 -0.313183009111696   9.91647100388893 1745833749.40312
0.0205561520397768 0.0570803787273796 -0.941724410376945 0.943676634299137 -0.726322954265359  -0.30062712432344   10.1213631370846 1745833749.44618
0.0196279982076102 0.0082790613227633 -0.943567601291928 0.943808041594172 -0.745674060769135 -0.319180597925728   10.0874366529967 1745833749.47009
 0.0197767169251175 -0.0568527614100933  -0.953075320679208 0.954974304314029 -0.729760394630855 -0.356715447378222   9.96038657466914 1745833749.50159
0.0297184700436493 -0.116499908549058 -0.969762275480636 0.977186925362316 -0.649984933405017 -0.301105608336761   9.94062695075082 1745833749.54602
0.0266706106577184 -0.133885373112345 -0.964065682286005 0.973683343992218 -0.588975546462889 -0.258481368317661   9.83280319119894 1745833749.5687
0.0312752868521431 -0.164307515042561 -0.963643012848483 0.978050591369816 -0.473157098715304 -0.181591683133862    9.7168212031507 1745833749.6002
0.0579643440101093 -0.191175490299997 -0.941985251966982 0.962935173410581 -0.344805142499475  -0.12481834382865   9.84632652276415 1745833749.64584
 0.059720765513766 -0.193703156093131 -0.934378775491954 0.956112534487355   -0.3294701666296 -0.179486890233425   9.86872809092264 1745833749.66746
0.0545250317548159 -0.182440984809924 -0.928561735260596 0.947884269421351 -0.302894124176198 -0.231420397334021   9.83876264283196 1745833749.69923
0.0586552112458526 -0.133193966289022 -0.906359409450989 0.91796974109305 -0.162881230397971 -0.175200528215448   9.82841432087091 1745833749.74564
0.0574651036910342 -0.109137869155586 -0.898214712721517 0.906643801487354  -0.11392061443949 -0.161526876296402   9.86508052853608 1745833749.76671
0.0580181977332612 -0.073793475595041 -0.884348502867303 0.88931651442681 -0.0880149384991238  -0.142396985955549    9.90778480364325 1745833749.79849
 0.0694491723992594 -0.0130109696049148  -0.862967542351043 0.865855329733785 -0.0737204016800423  -0.195341188182707    9.92343173173917 1745833749.84545
0.0697081053365449 0.0262359940444884 -0.854318644318026 0.857559265218739 -0.0682272287948823  -0.177516662948823    9.90209673967754 1745833749.86614
0.0705452457670348  0.066092644623599 -0.835167870253338 0.840743861635141 -0.0566633551623911   -0.11251798328144    9.89590964445888 1745833749.89774
0.0777566844580512 0.0617429278638248 -0.812934774381976 0.818975725231572 -0.0300084400271462  -0.114470774472526    9.86317819945093 1745833749.94527
 0.074640018330903 0.0539497615296187 -0.793554771502768 0.798881020227888 -0.0672722095081048 -0.0503749767534679    9.77538061382342 1745833749.96557
 0.083492563136068 0.0425677565691521 -0.770452152868799 0.776131137024233  -0.118425280481798 0.00850850593970165    9.76969196865459 1745833749.99695
0.0792203353922043 0.0441225618633686 -0.749046833219416 0.754515619693242  -0.11439173084859 0.0166755892364805   9.76087976699195 1745833750.04509
0.0718425810434403 0.0360458329710382 -0.740895202088059 0.745242483358715 -0.118634975147633 0.0807118820128657    9.7840787458272 1745833750.06512
  0.068621769526521 0.00175159844101449  -0.726761617032092 0.729996207758061 -0.100458309201578  0.166653053601484   9.78553763402816 1745833750.09629
 0.0485081277696382 -0.0027381776196905  -0.691860476643236 0.693564312243211 -0.15514372759096 0.170219880037389  9.71675298016127 1745833750.14493
   0.04761236388896 0.00356305086083771  -0.679514872530838 0.681190204360818 -0.168121258146519  0.181026941740269   9.78292757048838 1745833750.16484
  0.0387846087114513 -0.00364983932059466   -0.665581711252552 0.666720767303556 -0.156156644964735  0.166755225690642   9.83396411023708 1745833750.19601
0.00839988387408103 -0.0286747282502043  -0.649512442945727 0.650199362988497 -0.170332352556572  0.129937242896906    9.6257351932498 1745833750.24477
0.00974268558911348 -0.0313079168138577  -0.644296240519173 0.645130026525546 -0.158542073499722  0.123576210201987   9.58075227126393 1745833750.26452
 0.0158226665475669 -0.0179821566536004  -0.624648831960724 0.625107893090854 -0.131350485662601  0.123277471799758   9.59159244445028 1745833750.2958
 0.0334775749721755 0.00486257289708251  -0.559343489453645 0.560365534125161 -0.0563893007984329  0.0742928354678336    9.77217604787161 1745833750.3446
 0.036775227858363 0.0159749473216069 -0.525150287799824 0.526678688672895 -0.0252003004866258  0.0843804531826955    9.75593324982691 1745833750.36418
0.0255961458296797 0.0298651810565654 -0.468660509474633 0.470308159467703 -0.0175339578637135    0.13400095991323    9.62095128742873 1745833750.39545
0.0355827846702104 0.0246647690030461 -0.376908036307984 0.379386548560173 -0.0141626549941103    0.13958582613723    9.64284284985189 1745833750.44438
0.0297303753128096  0.014835740687453 -0.339027439447685 0.340651727012267 -0.0262394745659288   0.139476286443851    9.64811137063805 1745833750.46383
 0.0099801585644214 -0.0134392469004223  -0.284066556741333 0.28455935335374 -0.0559530907647823   0.149498741032752    9.59532831552224 1745833750.49502
 0.0136036843829072 -0.0366289587690382  -0.186180386041779 0.190236371380342 -0.0869816961104579   0.163178535895954    9.59893054406566 1745833750.54409
0.00821697105819552 -0.0472550039007864  -0.153420582604542 0.160743364322611 -0.0680013288186031   0.156472716895223    9.61794075784701 1745833750.56342
0.000751494876572406  -0.0778590773922019   -0.103706110102058 0.12968252754097 -0.0345815170951872   0.139136180055047    9.68264463078031 1745833750.59471
-0.0046978458784516   -0.12027913623973 -0.0249730983307099 0.122934112477817 -0.0424771956304538   0.166069047033977    9.63077809879186 1745833750.64378
-0.00813322653765747   -0.131029975260081 -0.00525768687481713 0.131387393085653 -0.0281783168822029   0.159768087286988    9.63008687734344 1745833750.66317
-0.00767705472029664     -0.1294000581941   0.0220576407765859 0.131490880848992 0.0109708926050868    0.1405285546875   9.70127082314908 1745833750.69442
-0.00572343312471717   -0.109199481704005     0.06746324321095 0.128485694439873 0.0593929441936812  0.133271996518516   9.73076883286556 1745833750.74354
-0.00613656622656153  -0.0986019421492733   0.0799932788016958 0.127117760734319 0.0947937326794791  0.122384931848077   9.75174853610061 1745833750.76301
-0.0119329541494017 -0.0751190749328545  0.0979915313792009 0.124046809856362 0.131667890941417 0.100404359876937  9.73343768061132 1745833750.7944
0.00543284862376165 -0.0428726762277284   0.160068610623287 0.165799705421831 0.122817825605118 0.111160583401273  9.81714658778054 1745833750.84338
0.00537643479152948 -0.0155063902146333   0.187627624848078 0.188344046347867 0.110485533074882 0.121608700896669  9.76946994906382 1745833750.8629
-0.000294995426204285    0.0175830120279389     0.232921101363272 0.233584008002593 0.0841856817616039  0.157239768256222   9.64452121060641 1745833750.89429
-0.00773039794550698   0.0518695814694664    0.308826868862866 0.313247900975976 0.0554930514033275  0.206978207936915   9.61992023309885 1745833750.9432
-0.0193103313392387  0.0563430368347849   0.333163722941847 0.338445701672615 0.0436904229491419  0.205773955078125   9.60155647103169 1745833750.96279
-0.0218057443295849   0.061075889919097   0.388857913083181 0.394228653680302 0.0237459251569373  0.200250457065616    9.6660149907785 1745833750.99412
-0.0489182290526134  0.0898875213244844   0.473324963454144 0.484261582878893 -0.0155252173254942   0.174527484034555    9.61813390531821 1745833751.04302
-0.048406272001232 0.0943102659577093   0.51167212495557 0.522537995643015 -0.0499217408873259   0.186820528260172    9.59903775894657 1745833751.06282
-0.0412889706545199   0.102968398669908   0.567248066249075 0.577994497279749 -0.0995124524110009   0.151150417726513    9.64742202955266 1745833751.094
-0.0532320128527972  0.0823341633031846   0.632272684414197 0.639829124919717 -0.120658245763782 0.0283654300975152   9.75015227883349 1745833751.14286
-0.0547311624423217  0.0746242728981224   0.664825911430651 0.671236005260041  -0.129034408334861 0.00872223483893879    9.76339774402607 1745833751.16283
-0.0636939252769511  0.0682809664342741   0.707330423400338 0.713467262291751  -0.165247294203126 -0.0114488466979182    9.62575117046614 1745833751.19373
-0.0478935329302503  0.0280729435005976   0.740933001515452 0.743009820519235 -0.143990727447558 -0.080557988948792   9.73235830187931 1745833751.24271
-0.0535184479142645  0.0240850490644475   0.763173857995865 0.765427103899438  -0.134049233960375 -0.0883328736984289    9.86002489903289 1745833751.26291
-0.0675158938363297  0.0374879020332575   0.791651494218122 0.795409219846715 -0.0852634374713618  -0.134498281745231    9.93456436975292 1745833751.29392
 -0.0635326841211303 -0.00247476830120075    0.812858782572715 0.815341601315287 -0.00583575793431711   -0.136101786957104     9.76877129163435 1745833751.34259
 -0.0522770007334051 -0.00614953058846631    0.826885738323553 0.828559428028567 -0.0330905943459539  -0.109568445838605    9.74432393978603 1745833751.36324
-0.0412957214183446  0.0280475531355233   0.847866331304903 0.849334632288586 -0.0508584351817031 -0.0599010325976716    9.85076917101502 1745833751.39438
-0.0519497563140994   0.033429043380549   0.861223631856641 0.863436403095663  0.0138249417946119 -0.0326579228136343    9.78837043511549 1745833751.44252
-0.0664870576190855  0.0281615008477102   0.862905288269971 0.865920975311906  0.0311221619533318 -0.0575711260545841    9.74010119144397 1745833751.46352
-0.0736754134218323  0.0219855196084344   0.894045997959527 0.897345906594986 0.0297578560125963 -0.017263117211109   9.82452626051301 1745833751.49496
 -0.0802144120331867 -0.00427182772681994     0.93532560059585 0.938768650701516 0.0331617062567614 -0.104844717503749   9.97126859447993 1745833751.54249
-0.0731898422565963 -0.0108789816230631   0.951389911725038 0.954262998016206 0.0245839345808597 -0.130061787409727   9.92465538652555 1745833751.56371
-0.0406449165462222 -0.0236656407182536   0.986751494589408 0.987871744644053 0.00112926056246535 -0.0940089546234063    10.0066851978892 1745833751.59542
-0.0375819631838391 -0.0495949474098008    1.01996356110604 1.02185993597432 -0.0222028308808327  -0.123838042206275    10.0102622979449 1745833751.64246
-0.0357951365751685 -0.0565412852816851    1.02859908333104 1.03077363323535 -0.0395080853179371  -0.127756393962817    9.97282491967405 1745833751.66407
-0.0142543940128763 -0.0597665655604364    1.04664323119737 1.04844517430281 -0.0562713849424833  -0.158546996632008    10.0476769580117 1745833751.69629
-0.0113006387433096 -0.0747166555246461    1.03849095580181 1.04123664377073   -0.0200755078125 -0.259570610788343   9.93289403048466 1745833751.74246
-0.00664904520494284  -0.0905755125429343     1.03104797624404 1.03504012607796 -0.0297213256872608  -0.241643657599907    9.85570211537785 1745833751.76496
0.0196019132866693 -0.112424953972445   1.02743279363818 1.03375130022814 -0.0588366958422368  -0.297420934421743    9.87065568524918 1745833751.79758
0.0260973824242875 -0.143143005653536   1.01344383950651 1.02383563586672 -0.00438420314916784   -0.318385922322454     9.96119545556036 1745833751.84247
0.0249605835117686 -0.160490883853452   1.00285422640323 1.01592172628807 0.0542126096535588 -0.307424995641406   9.95152329550903 1745833751.86642
0.0427903679588618  -0.17281552326307   0.99277400643257 1.00861114832175  0.101895932206125 -0.352007787600136    10.008238958952 1745833751.8992
0.0480541541411752 -0.165712233941949  0.950405214531311 0.965939862525904  0.135849168731644 -0.316715373621595   10.0631751152038 1745833751.94249
0.0550588830723938  -0.14430223218831  0.926732384935328 0.939514517241554  0.169202689111283 -0.361953677225453   10.1089594078536 1745833751.96789
0.0550337048567521 -0.108035052643358  0.906288881504767 0.914363066844388 0.213066635379321 -0.39542848102028   10.001388010114 1745833752.00069
 0.0622964447812124 -0.0576007666141695   0.876774603018383 0.88087025142467 0.232976158419239 -0.38000068359375  9.86892205891589 1745833752.04255
  0.0692820186105628 -0.00451066076007673    0.859608263981996 0.862407509052065  0.206415244341092 -0.371064685667155   9.76271860818365 1745833752.0694
0.0703779548296376 0.0694525973070914  0.833474495245468 0.839319041856785 0.185782738811825  -0.3328484268424  9.65671989479654 1745833752.10221
0.0776661661155686  0.134789699092937  0.815361595048022 0.830069170021337  0.179436013326781 -0.327724436082885   9.66336214345923 1745833752.12911
 0.08788916570306 0.223688029868569 0.780254117174116 0.816429621903579  0.157067971452468 -0.285777196643268   9.67733995574141 1745833752.17064
0.0927134779223259  0.273720359723731  0.752861075735321 0.806423228629413 0.051429655280632 -0.23990172348089   9.7598042164352 1745833752.20356
0.0922744458828698  0.314218268101519  0.726808133299755 0.797181131238304 -0.0632738397576957  -0.207185919674469    9.72498485051141 1745833752.23168
0.0813641181623184  0.333600088201011  0.672121723240417 0.754756086046163 -0.177510406468209 -0.150272407852761   9.71270984067663 1745833752.27155
0.0730427121782058  0.306372688105518  0.628801500324729 0.703271489988027  -0.274726935624268 -0.0931204830935455    9.70493503529553 1745833752.30452
0.0738228254169965  0.273418594485271  0.591592029202377 0.655887693419107  -0.368378758026378 -0.0362111593531232    9.66169591656688 1745833752.331
0.0616132629494453  0.205387214457428   0.53546204890045 0.576801272403699  -0.516489152418068 0.00837572355914657    9.72224885471318 1745833752.37227
0.0409746867874329  0.128415753398044  0.487671719497588 0.505957741986274 -0.621374748418333 0.0231481748451302   9.65005693097859 1745833752.4052
0.0359351996857855 0.0671583014573022  0.439551448253604 0.446102064210566 -0.658641714516436 0.0680535345338931    9.6282728911321 1745833752.43185
 0.0286516131588147 -0.0180833647753643   0.356773711765095 0.35837885599578 -0.618421433155236  0.157359205496801   9.64931097387191 1745833752.47308
 0.0266637951292295 -0.0838165731318482   0.293618978985677 0.30650983788918 -0.625336536560779   0.17309286961085   9.58943963391584 1745833752.50597
0.0165957051992118 -0.108153758653523   0.24815997160808 0.271212139201892 -0.602472826453088  0.191595265715664   9.48279258845151 1745833752.53257
0.0203924993526349 -0.133383485061409  0.191414330952626 0.234193198473004 -0.516325806395733  0.256417994686427   9.52938979622596 1745833752.57374
0.0160534840012035 -0.126230250755106  0.156118651848642 0.201407110126012 -0.469857540242254  0.202572927627645   9.54495545845072 1745833752.60651
-1.93951120944044e-05    -0.108241297621448     0.127848628281796 0.167515523580598 -0.417314094658599  0.216426502222883   9.41628343025942 1745833752.63293
 0.0149334934238958 -0.0507477622428157  0.0616309916659152 0.0812202175090599 -0.320995353376485  0.240233214388193   9.59373081037784 1745833752.6742
0.00103916427634622 -0.0157805580867578  0.0304975051412648 0.0343540928531703 -0.311400886506548  0.208745219261017   9.52521957838917 1745833752.70678
-0.00400830792743239    0.036574838367857  0.00841073550451913 0.037742890798175 -0.28635470741123 0.201304827897012  9.42032055258238 1745833752.73307
 0.0099841396864286  0.0716535101304304 -0.0485368794708711 0.0871190979525137 -0.294312284078476  0.215556475344888   9.56371308819503 1745833752.77419
-0.000806765802965182     0.104008027727963    -0.087004465150907 0.135602719954715 -0.338439088003362  0.205299864276602   9.49203089747009 1745833752.80669
-0.00990212476339416    0.128241384063815   -0.108515629310076 0.168284124224463 -0.361606887000801  0.200216200270121   9.48467389165919 1745833752.83297
-0.0053322143542277    0.11588898629211  -0.166744310206783 0.203131372860197 -0.424277185715627  0.155713047184192   9.67035463657831 1745833752.87397
-0.0183443816109636   0.100961002663294  -0.211469909283182 0.23505140486222 -0.442573147942688  0.193582245325408   9.59623376160196 1745833752.90636
-0.0280406537939395  0.0680428381929516  -0.242712752848231 0.253624893276883 -0.437469210203943  0.168741453155175    9.6010501747398 1745833752.93264
 -0.0321542043007489 -0.00220762549030233   -0.311675051169597 0.313337045345887 -0.381605983697602  0.120616741023532   9.68665077839596 1745833752.97359
-0.0441369281897697 -0.0640424010770664   -0.36466074495589 0.372863187345612 -0.313736006783481    0.1468845065059   9.64473902502168 1745833753.00586
-0.0590550038138922   -0.10093297099274  -0.405265815994865 0.421800118211059 -0.262870836483302  0.133558613058431   9.54512831509546 1745833753.03215
-0.0705916934603475  -0.134990384003785  -0.460879099831828 0.485402035039909 -0.212797281922928 0.0735165532337972   9.57297866247748 1745833753.07315
-0.0795514504526193   -0.15867111869849  -0.520203703704174 0.549651571930515 -0.188291809762887 0.0443309087842708   9.59993701692252 1745833753.10532
-0.0795287028167294  -0.174902297889916  -0.566371023166046 0.598073376987338  -0.175969312214596 -0.0263476296283516    9.56464212428362 1745833753.13143
-0.0888819165732687  -0.166703567608917  -0.617941414744877 0.646174640947924 -0.186952307519887  -0.14410774023675   9.52743679990436 1745833753.1725
-0.0853798130711594  -0.139665847976215  -0.647813453236479 0.668175524667847 -0.210061370814074 -0.222045488488702   9.66730903951889 1745833753.20449
-0.074503463941213  -0.12053136793911 -0.671277812997672 0.686070316381237 -0.235263295250586 -0.302194338528908   9.81203555594493 1745833753.23065
-0.0597017666090292 -0.0997527873745583  -0.728368714078146 0.737587895218655 -0.227488147985296 -0.229851866874436   9.68451757491962 1745833753.27176
-0.0360695825543807 -0.0603457026170569  -0.726993626917487 0.730385071170431 -0.286626505339557 -0.303779108487356   9.89926327191604 1745833753.30346
-0.0424321050750752 -0.0287086632086308  -0.758810125400814 0.760537623852448 -0.331513215245942 -0.289182431518389   9.97460324736473 1745833753.32961
-0.0330997449852784   0.027035753088416  -0.798598392837585 0.79974115694137  -0.35132138671875 -0.221130069344692   9.84441822184974 1745833753.3707
-0.0157170506189491  0.0659471184230698  -0.824882696788187 0.827663888042131 -0.336705136880102 -0.200737214676251   9.92492065446591 1745833753.40217
-0.0128066637570659  0.0819598616407852  -0.857453852187575 0.861457217851284 -0.324793037109375 -0.140982029872573   9.97229549491693 1745833753.42815
-0.00458654970781205   0.0938051168154446   -0.871777795830464 0.876822080973104 -0.316199196876704 -0.164566722447121   9.90253500101631 1745833753.46932
0.0120469056712747 0.0817134397127549 -0.885308018035702 0.889152687092743 -0.268868408203125 -0.132380309209401   9.95093959663729 1745833753.50061
-0.00467967367560534   0.0321632180181355   -0.881873406933095 0.882472139953877 -0.318302075225697 -0.217720397115393    10.115624611013 1745833753.54304
-0.0118764717428191  0.0253184273300808  -0.886103251918748 0.886544441302581 -0.315715191433771 -0.256281907685961   10.1718272601397 1745833753.56777
-0.0181909312632813 0.00981908884447653  -0.893675155492135 0.893914206190869 -0.270670206243211 -0.210045763800956   10.0327272685258 1745833753.59911
 0.0112629827463527 -0.0248632574601725  -0.894505129903012 0.894921484698339 -0.255141108532199 -0.202088272604757   9.90411218114581 1745833753.64286
  0.030566250927504 -0.0356957151962002  -0.903337403368272 0.904558977680982 -0.253929659011281 -0.189982580913382   9.95338574380381 1745833753.66633
  0.032482043031091 -0.0362300693923474  -0.910764660778626 0.912063576934664 -0.287598858154594 -0.130602648192888   9.90939971069275 1745833753.69772
 0.0311715716568094 -0.0170578134536288  -0.917045476660767 0.917733644443391  -0.265967931917035 -0.0729867045904957    9.91595591905092 1745833753.7427
  0.0314785640847366 -0.00187861718631788   -0.917428316129882 0.917970121755758  -0.257056360839599 -0.0415268601570323    9.94204765048813 1745833753.76505
0.0306355910247796 0.0293318592853597 -0.911941632831399 0.912927400781559  -0.279425603848247 -0.0309375444925815    9.88593411347459 1745833753.79644
0.0542913456075225 0.0710433469899567 -0.911596833378401 0.91597133906304 -0.320512732564507  -0.05879255859375   9.78893221921087 1745833753.84253
0.0522406601373987 0.0839753151335668 -0.909131535956922 0.914494991672872 -0.335136538043679 -0.058502606615116   9.75834173845029 1745833753.86404
0.0446321073834288 0.0971267211983394 -0.901829822943339 0.908142419739459  -0.340620992882081 -0.0603352084204121    9.72216769062561 1745833753.89538
0.0362063655252385 0.0815762414861087 -0.889548804439924 0.894014910144146  -0.352292115583901 -0.0776040521916462    9.83708616244046 1745833753.94235
0.0341969084784276 0.0537091684213692 -0.883905939248803 0.88619626085947 -0.373527739006704 -0.109199262199732   9.89338517162522 1745833753.96332
0.0234021894932164 0.0166050122624305 -0.879046688398027 0.8795149056661 -0.415457287452894 -0.135640516812577   9.86789844056708 1745833753.99454
 0.0406753102221776 -0.0194623149577604  -0.868607169308953 0.869776797310722 -0.426044227022248 -0.104589124885866   9.89778017831468 1745833754.04219
 0.0499774665651854 -0.0367027866765765  -0.863650718126223 0.865873781006239  -0.42844302322893 -0.120104273722066   9.92345939016986 1745833754.06282
  0.056565541553283 -0.0544838642864812  -0.854495318512365 0.858096964986097 -0.416694532135689 -0.146703119850713   9.92900827308322 1745833754.09388
0.0547193066990811 -0.102987439481193 -0.828462140728448 0.836630225270927 -0.334503659131701 -0.126058956070683   9.88472445884565 1745833754.14202
0.0598372619059747 -0.121694526069972 -0.814968685804063 0.826174324479405 -0.296157039866605 -0.144688020266623    9.8588922880054 1745833754.16238
0.0591735726753563  -0.14056070896128 -0.791769552581645 0.806323662682797 -0.244032282752038 -0.168007017545575   9.79924948053385 1745833754.19332
0.0731836667553775 -0.112930208806386 -0.729488122925047 0.741796469814682 -0.104613448372529 -0.177607701845424   9.89589015941518 1745833754.24183
0.0707801472042041 -0.103480454773129 -0.700563342689989 0.711693073508007 -0.0292069609285593  -0.165324166862477    9.90233870821059 1745833754.26201
0.0527494132427436 -0.105780758497947 -0.662384599793055 0.672848740437894 0.0447480929629385 -0.139727263625216   9.70760496275637 1745833754.29294
0.0307474167417914 -0.101178032862822 -0.621419627705257 0.630352878685918 0.0808057463162897 -0.085740553947936   9.53581039834404 1745833754.34161
 0.0263792077655359 -0.0994308727061503  -0.603622918953156 0.612325884913395   0.120515133043282 -0.0686744987819686    9.60282590411066 1745833754.36174
 0.013718527371335  -0.09175469802335 -0.576707120705714 0.584121755865392    0.19755965757518 -0.0571582838050859    9.65072011792371 1745833754.39279
-0.00191747598485705  -0.0418908629664026   -0.520300542115945 0.521987715602933   0.234349712327221 -0.0498820481332646    9.66902175963417 1745833754.44143
0.000590573734386658  -0.0184168418411807   -0.500253508911382 0.500592750665537  0.251188004248092 -0.040805022979708   9.64426717356158 1745833754.46139
0.0116260610734093 0.0120264438470635 -0.456473826419202 0.456780204095445   0.32408420862535 0.0068154099767374   9.66277481758866 1745833754.4925
0.0331534811633005 0.0524134979778031 -0.380977459220335 0.38599242546648    0.350550249841722 -0.00609864977958367     9.77648946389995 1745833754.54123
0.0342394398143973 0.0755824127698283 -0.357226862501353 0.36673706064628   0.30148684339321 0.0147763371090118   9.77176033379494 1745833754.56103
0.0327683942794634  0.105370744837753 -0.330558210022306 0.348490303659181  0.237575731511739 0.0924415694758456   9.70532861237111 1745833754.59214
0.0370693241986403  0.134384986780661 -0.280868881448289 0.31356145814592 0.154362111963614 0.139516338176308  9.67744072610541 1745833754.64106
0.0314665826218537  0.139360551158712 -0.255883382589222 0.293066228908177 0.105773240766068 0.161356720536744  9.64927504184389 1745833754.66075
0.0345711987117686  0.133465846665881 -0.214316160079045 0.254832722540956 0.0373364711532336   0.19001167525766   9.67434581950644 1745833754.69169
0.0194583918380974  0.109374052599187 -0.132104140122204 0.172605956537779 -0.107430817740712  0.232714538811235   9.68105521974239 1745833754.74088
0.0182016441006825 0.0875049398082886 -0.105961463340213 0.138622675100502 -0.127655127866753  0.251789857170138   9.64523462033854 1745833754.76045
 0.0115015871984417  0.0490159513115671 -0.0609540790147351 0.0790585209803209 -0.144460769847807  0.254624846316262   9.69011351819126 1745833754.79134
 -0.0090518371060651   0.0013582407285864 -0.00556644288732764 0.010712882865476 -0.219144566977198  0.279259037872548   9.60075873556495 1745833754.8407
-0.0072986424065616 -0.0189058112464459 0.00934427242318916 0.0223162565629604 -0.20845967758839 0.284608892906696  9.60694213843439 1745833754.86023
-0.00341282731730862  -0.0392399690656662   0.0422705629540501 0.0577773576327657 -0.193892676166818   0.27168476466108   9.70533092008937 1745833754.89107
-0.00969443591426068   -0.047157117825329    0.079802177325978 0.0931995888148361 -0.165077958965516  0.246089844352101   9.73664646883284 1745833754.94055
-0.00881869574388846  -0.0420196379770125   0.0936909671898927 0.103060257632707 -0.120339883209244  0.224307992564407   9.77963457619171 1745833754.96008
-0.0222732880600476 -0.0439230486006729   0.114746329071255 0.12486814483571 -0.105521084084259  0.188722259047994   9.73726042445509 1745833754.99098
-0.0162985458712849 -0.0225847794272004    0.15650724364372 0.158966135300096 -0.114254960079751  0.139204898776548   9.76401631508484 1745833755.0404
 -0.0166176147041529 -0.00321059774840128    0.177029081840512 0.177836297964314 -0.0953712605416503    0.11616489608805    9.78322743710842 1745833755.05998
-0.0202905026258418  0.0130438586252862    0.21339202165606 0.214751022468128 -0.0970818780691765   0.115157414672843    9.69941379371865 1745833755.09088
0.00797825993489493  0.0384729763859117    0.28674712047766 0.28942656002138 -0.168876958952524  0.144348477986726   9.76755708994573 1745833755.14023
0.00514469920353529  0.0461456880640186    0.32015826976245 0.323507666298779 -0.200548238192122  0.162642187984055   9.82804717190266 1745833755.15987
-0.00981806784859334   0.0326311274784668    0.364282500268344 0.365872826182202 -0.234172103492295  0.155094872340699   9.79820782779419 1745833755.19076
 -0.0183895305283924 -0.00143599637220499    0.436959922956299 0.437349072467989 -0.257429835915287  0.149820914918593   9.54788917979856 1745833755.24007
  -0.0213992663573078 -0.000803131262666877     0.463861870909682 0.464355907579829 -0.264538360180343  0.134933462770161   9.51871493979556 1745833755.25987
 -0.0289219294382605 -0.00391391533415738     0.48962006155948 0.490489145055407 -0.237844059315572 0.0875814464447565   9.59258397696818 1745833755.29071
 -0.031621339691879 0.00825492696112157   0.558181352318667 0.559137259552016 -0.209372747685475  0.035340346141499   9.72997412029398 1745833755.3399
-0.034505893072106 0.0166940598660633  0.577477713538862 0.578748527363645  -0.207220894426756 -0.0139244642813238     9.7338182318994 1745833755.35982
-0.0254524863753548  0.0320106934241831   0.614529471274751 0.615888776177493  -0.208003501518244 -0.0221967453423117    9.67278014377981 1745833755.39055
-0.0161306034775592  0.0943672055266276    0.67920961000051 0.685923508974944  -0.195092381965927 -0.0460734241064044    9.83605134738454 1745833755.43974
-0.0202574764567697  0.0993820096718303   0.695781931346248 0.703135580942056   -0.21420902429455 -0.0709089512601645    9.91842952164014 1745833755.45989
-0.031707373833782  0.110331180952176  0.724174055353602 0.733216468372757  -0.285522031380618 -0.0211997768658414    9.82531500442565 1745833755.49068
-0.0249710068130238   0.123337449404405   0.729428187791258 0.740203457673145    -0.29396279296875 0.000664776706585054     9.84681216925118 1745833755.53964
-0.0108272270369695   0.110878872859469   0.742137815032874 0.750453122982152  -0.31123837185846 0.0158311523898505   9.94907301154385 1745833755.56007
0.00232110842078124   0.118972909155894   0.768731447172624 0.777886867436026 -0.324898320344631 0.0374496690074085   9.93339698910365 1745833755.59095
0.00974914300710602  0.0887909717459425   0.774321780601681 0.779456927845997 -0.324368160536509 0.0541985582134906   9.86066810284731 1745833755.63961
0.0122771516719916 0.0585449554152626  0.773559538600532 0.775868932241535 -0.344868544921875  0.011590745729556   9.90814010678415 1745833755.66028
0.00359414170935517  0.0434357821251084   0.781972213235292 0.783185882977692   -0.30589162797041 -0.0135964093100961    9.94041664069345 1745833755.69145
 -0.0110627913595257 -0.00847197239939351    0.816735347744041 0.816854202366359 -0.170315402479118  0.153967116068655   9.75993575637598 1745833755.73961
-0.00881541560412942  -0.0537310588778796    0.843812116659589 0.845567044332942 -0.199277591424299   0.20366273475498   9.77123128511043 1745833755.76055
-0.00386607329572062  -0.0960280115277611    0.871774321396713 0.877055752485213 -0.259544508478443  0.180828597629428   9.85649699611163 1745833755.79199
-0.0165395389965782  -0.117004013837323   0.908836460527309 0.916486337916759 -0.203011821452161  0.246330462442612   9.80852522587085 1745833755.83959
-0.0111324057542027  -0.131846390998017   0.929267708197586 0.938640439559191 -0.168542459464379  0.283526128593605   9.86534624092588 1745833755.86103
0.0099667789467283  -0.14620661809162   0.94822832177903 0.959485623696487 -0.160218314572288   0.31218925434658   9.96257562492736 1745833755.89269
0.0202411443323248 -0.147127594475115  0.949663621028994 0.961206130903157 -0.128792679120743   0.29462693718959   10.0467803325439 1745833755.93958
0.00863983478971047  -0.137070198334068   0.946107275215747 0.956023986222469 -0.105547084376648   0.26201551062533   9.92417452641713 1745833755.96186
0.0177064001423591 -0.107315772472712  0.941735519421704 0.947995770121303 -0.0671555757178548   0.280077098354184     9.7832389415113 1745833755.99386
 0.0388337003269391 -0.0461164106260997   0.918550131546847 0.920526547023413 -0.0295991020905604   0.267666240837873    9.88778129664045 1745833756.0396
 0.0497570686031179 0.00559770898140715   0.909251849654635 0.910629467084275 -0.0184995755602749     0.2796195718415    9.94618417563834 1745833756.06299
0.0504790193637421 0.0662107296549245  0.898686233764301 0.902534730010334 -0.0147144218828231   0.275810281140476    9.98313298431241 1745833756.09523
0.0432502542202007  0.120082964071771  0.867582127539095 0.876920321794196   -0.005735859375 0.251714198199649  9.87203120499123 1745833756.13963
0.0307890604208926  0.145812384151382  0.851618914050773 0.864559999295901 -0.028296831035479  0.224689347280321   9.79888147639542 1745833756.1643
0.0308483429467816  0.165733930104467  0.826678697121062 0.843692493817629 -0.0776581040815437   0.162955524841051    9.87241855977462 1745833756.19648
0.00386357033193236   0.159552535301198   0.792394973515074 0.808307944256832  -0.1427443231949 0.194511982276589  9.85588955338314 1745833756.23966
-0.00164170423487126    0.129571463592519    0.770082712365904 0.780908985257007 -0.188635659783534  0.218941727089303    9.8253286626989 1745833756.26546
0.00701893906048832   0.084751176762635   0.748909654041201 0.753722559954455 -0.234825991187538   0.20940572241527   9.81569915269984 1745833756.29764
0.0147781268040895 0.0505830352241848  0.722785493333096 0.724704012585205 -0.281339676655204   0.18760493024364   9.87454278879107 1745833756.32371
0.0064720662357137 0.0106191724579674  0.682030732106651 0.682144100614368 -0.352678222490009  0.195697636635629   9.82898754145204 1745833756.36658
 0.0101890817518614 -0.0229021262819369   0.644455626357848 0.644942927024916 -0.36524085949095   0.2171223049194   9.6973839247377 1745833756.39883
 0.0120598776525518 -0.0441099327538434   0.627884257433643 0.629547271894288 -0.372475727176196  0.232309022711766   9.65736226099469 1745833756.42502
-0.0157229594421388 -0.0592849412300324   0.585756812958487 0.58895921729569 -0.375866705480736  0.266272379009208   9.54374493201711 1745833756.46766
-0.0209646875417519 -0.0712232022722149   0.549943709903523 0.55493274072457 -0.371438228329407  0.321097901538248   9.51989970659818 1745833756.4999
-0.00674818466713744   -0.100436786041943    0.511216810317589 0.521033312887023 -0.348358139720033  0.312509018626283   9.65365597999908 1745833756.52626
-0.0018454310104282  -0.150499711486425   0.453354897338491 0.477686331931222 -0.318213783634514  0.292599273361644   9.68962371781137 1745833756.56863
-0.00656620358001791   -0.176569306060071    0.416983370490403 0.452874117319069 -0.284545781085854  0.256199137524391   9.72026375468479 1745833756.60093
-0.00649800004179934   -0.194676510594822    0.386500666707744 0.432809349653459 -0.23675033413017 0.238946443220099  9.69800216867165 1745833756.62733
-0.0130741342009716  -0.184239865265514     0.3402327212781 0.387135074058734 -0.104422541815958   0.27383379737526   9.61397449102171 1745833756.6694
-0.0012504570885599  -0.185383872104193   0.297380247815926 0.350433667718066 0.0193323199677241  0.277307665500836   9.73343116771757 1745833756.70147
-0.011907661643176 -0.177822410880492  0.274595208427548 0.327360857019479 0.0519779691390604  0.251243133073177   9.68534860990613 1745833756.72791
-0.0118483600688563   -0.10431803712721   0.211363954292498 0.236002876424328 0.113855280371436 0.258215655927855  9.52300346799758 1745833756.76993
-0.0149090466679913 -0.0602296405290671   0.163905337906739 0.175256523602208 0.159768565924849 0.143116019682544  9.49476769747783 1745833756.80183
-0.0226635865945123 -0.0211471791268131   0.130123422348279 0.133764518411935  0.19979756308366 0.122364384608464   9.4022706401985 1745833756.82833
-0.016320534855376 0.0419799649717794 0.0744810472935136 0.0870408164192867 0.201208952749872 0.101170178651055  9.54377602583532 1745833756.87023
-0.0233640126284947  0.0719499913342259  0.0320004491781761 0.0821383411489706  0.170619559745704 0.0410381025239052   9.56428637669328 1745833756.90206
 -0.0309991950885223   0.0911021254568627 -0.00379777705244496 0.096306648106111   0.16745301131544 0.0735400919600429   9.55287165003719 1745833756.92851
-0.0214005689707775   0.102032495936151 -0.0572248496448504 0.118925598573685 0.176276751569373 0.066616287601952  9.70655638686194 1745833756.97018
-0.0168980228421604  0.0875119458210841 -0.0842158853836995 0.122622180653938   0.13147327336821 0.0801986967546078   9.55473667955758 1745833757.00206
-0.00316339192754845   0.0819861294266605   -0.102216831409299 0.131072548957474 0.0666598949299496 0.0895113826779703   9.61085404567401 1745833757.02845
-0.0172551504394799  0.0842093365332398   -0.13757579320961 0.162222228604193 0.0236626079806691  0.103243554198555   9.66851725823425 1745833757.07
-0.0191929815773365  0.0681164908549278  -0.167624749715463 0.181951322021548 0.00667417761926342  0.0990350111444494    9.64099799149851 1745833757.10188
-0.0194748530994033  0.0476276557226748  -0.201166548582438 0.207643068175779 -0.0122092308278132   0.134854284280315    9.65808472275418 1745833757.12821
-0.0297400557252692  0.0122655016518021  -0.266976460953491 0.268907687038812 -0.0463170165893389   0.215438815902078    9.56996596193117 1745833757.1696
-0.0241053432624688 0.00207581415984578   -0.31627583005511 0.317199901095943 -0.0450649854154746   0.219604264454466    9.59076781979226 1745833757.20143
  -0.02509677217159 -0.0107092677252863  -0.354366470150571 0.355415435167945 -0.0274939502117271   0.243020630349755    9.58309915235688 1745833757.22765
-0.0212131667002932 -0.0175514411589689  -0.411381044169405 0.412301364332112 -0.0206719076817701   0.225500741020319    9.69440083136195 1745833757.26916
 -0.0289578395397341 -0.00961371247482474   -0.455654900098105 0.456675341924405 -0.0419394459933906   0.203327619875299    9.76120007828635 1745833757.30082
-0.0333818985146743 -0.0126375251218949  -0.492330348467004 0.493622558450576 -0.0445988434212894   0.181910490137843    9.70680623582549 1745833757.32699
 -0.0208930425843669 -0.00529931150548762   -0.548886301040294 0.549309360379523 -0.030830244140625  0.136049854749163   9.75779689471635 1745833757.36849
 -0.0239661182828008 -0.00191643975022934   -0.577465084429337 0.577965372061201 -0.0293997665155781   0.137661787406234    9.74596414626533 1745833757.39998
 -0.0189459615285835 -0.00164671778182004   -0.607914964684275 0.608212352246137 -0.0253750204001748   0.115216885427097    9.76847816013278 1745833757.42609
-0.0114374092258739 0.00916663056857317  -0.651125232438841 0.651290188598228 -0.0436069519249897   0.114263233677066    9.86585178507257 1745833757.46758
-0.017174137463898  0.011218535138259 -0.679959280037425 0.680268644755358 -0.0449006074985695   0.139513107370745    9.79662063045802 1745833757.49896
-0.0139106841301112  0.0116676399878463  -0.709574999036428 0.709807241589856 -0.031205530412228  0.113343684874646   9.82251810117791 1745833757.52495
-0.0286014395924656 0.00747852054693665  -0.732227560399276 0.73282410633426 -0.0412609084482959   0.129340360493426    9.88672993438989 1745833757.5665
 -0.0311679527550801 -0.00242198890953784    -0.74978519991758 0.750436641779082 -0.0379436574685902   0.127872583303624    9.81149358403816 1745833757.59787
 -0.0265612451358088 -0.00706474210629651   -0.767322643987609 0.767814723940827 -0.0100571724650725   0.123129594357767    9.88388835716223 1745833757.62373
-0.0400361287024418 -0.0336728594832655  -0.775192571989768 0.776955775276412 0.0077285484506596  0.137370484985063   10.0270734784498 1745833757.66518
-0.0424474543004982  -0.071765012024121  -0.799181308379131 0.803518989812932 -0.0789809907530756  0.0448030166575118    10.1750644247487 1745833757.69664
-0.0386941286658331  -0.111173159684053  -0.846487655419908 0.854633288496088   -0.187942985327325 -0.00877225249543465     10.0717963403598 1745833757.73974
-0.0335326858917508   -0.12678707067037  -0.860835432459235 0.870768077096058 -0.0975736613773548  0.0264344511175323    9.90726124219993 1745833757.76382
-0.0346676790130435  -0.153668307445229  -0.871616139418855 0.885737258546044 0.0903580759602317  0.060809760765587    9.7706446802231 1745833757.79521
 -0.01003925441569 -0.176798854888226  -0.87621180570558 0.893927150374595 0.206750735293378 0.102879721047202   9.6919405130959 1745833757.83957
0.00229633022218332  -0.174602528926989  -0.881766754769849 0.898890386007961 0.227576080598083 0.111504108631944  9.77653476355467 1745833757.86259
0.00303087580515761  -0.155339590083224   -0.88236436499452 0.895938863465333 0.260493835393514 0.113564781378104  9.86810746855875 1745833757.89393
-0.0153753865376365 -0.0985296266871291  -0.872981355682748 0.878658601059578  0.28994915808941 0.121715522610764  9.77610270741388 1745833757.9394
-0.0130765152548036 -0.0670875746342748  -0.866546452935245 0.86923788056905 0.300169563622338 0.134771464304514  9.66691284702928 1745833757.96164
-0.0120014942125897 -0.0331281391311551  -0.853531551734243 0.854258520163242 0.294699074752957 0.156651009498521  9.63170939131609 1745833757.99297
-0.0183354250388689  0.0447904912746511  -0.827089526054088 0.828504351242863 0.262372232585602 0.176421009601898  9.63913728681307 1745833758.03922
-0.0213385206127572  0.0762280098010092  -0.821187922219674 0.824994330610598 0.232771455262527  0.19677660603425  9.61055629873592 1745833758.0609
-0.0164868777051853  0.0956663732620621   -0.82613166428947 0.831815724094749  0.18289455248627 0.197095310472974   9.6880387256282 1745833758.09224
-0.005973126881843  0.107652586823579 -0.815437048617044 0.822534095312669 0.151829485192097 0.241520767329043  9.96489561682903 1745833758.13905
-0.0125704936944149  0.0973247296350133   -0.81031198453583 0.816232584863313 0.146389543674786 0.245841550961601  10.0293586665413 1745833758.16029
-0.0201102168490507  0.0594491615604078  -0.813968555571818 0.816384366025969 0.169956885626866 0.239512488334475  10.0405731687235 1745833758.19157
-1.79283829338572e-05    0.0166797392558958    -0.788713254740933 0.78888960712327 0.167385711413313  0.18659037182577  10.1712524502568 1745833758.23888
 -0.0022234474412429 -0.00362402991614745    -0.77652684719709 0.77653848695941  0.1577361328125  0.1749437109375 10.1684584137411 1745833758.25979
-0.00671942153684619  -0.0303570610620348   -0.765704156282116 0.766335146479542 0.195881365197495  0.20930997774882  10.0632630990992 1745833758.29085
 0.0316983677357676 -0.0700748942978933  -0.724947208295831 0.729015591152817 0.245366195188587 0.174655348720334  9.94815915511313 1745833758.3387
  0.038987661172563 -0.0788493138695639  -0.714964302947708 0.720354917045001 0.252137296974745 0.162134233553852  9.94497911935171 1745833758.35933
 0.0235688670711465 -0.0968274208268068  -0.710115940179896 0.717074396012412 0.297214607315145 0.185698447265625  9.79419234674025 1745833758.39033
0.0353666497469238 -0.118301783417947 -0.701042189759203 0.711833030770958 0.476467255598139 0.158979018584373  9.69964323219626 1745833758.43853
0.0307653336956669 -0.118678416608259  -0.68296389567608 0.69388093728182 0.513709195773784 0.181339765770985  9.71517957785203 1745833758.45905
0.00404208841435855  -0.110126947488364  -0.657258598529053 0.666433153723784 0.532681169808859  0.23794011167779  9.61071019790251 1745833758.48994
 0.0164246007659971 -0.0470403052291714  -0.617874680472915 0.619880374423875 0.633766648456499 0.308503588967421  9.57872183817407 1745833758.53836
 0.0212520254988323 -0.0157852097135241  -0.591314005927888 0.591906305964035 0.678127403730258 0.375410153337984  9.63980413191899 1745833758.55877
 0.017100317175732 0.0242389184776042 -0.551500183840265 0.552297382568776 0.721144981506011 0.393083702515076  9.68135030853256 1745833758.58982
0.0103477780373465 0.0855883705287308 -0.477073279351547 0.484800329570136 0.672958200300296 0.349945080643066  9.50158343224454 1745833758.63816
0.00798948327023771   0.116307035569289   -0.45386642389534 0.468599924354866 0.639400472496016 0.348515457728485  9.43445055763667 1745833758.65845
0.0185083200245653  0.159966343408779 -0.408295072683416 0.438903924921233 0.602999704173018 0.290208836223323  9.53501515863186 1745833758.68943
0.00606526795061441   0.205030255857073  -0.332442038859252 0.39063013515732 0.505023628013856 0.299997818101212  9.53434198866849 1745833758.73792
0.00322471332502531   0.214140320734522   -0.30341142600008 0.371382510584053 0.414811682792606 0.323915997789498  9.52366236393505 1745833758.75798
0.0228228124263696  0.222390199332966 -0.250200900472021 0.335527602625203 0.252122835273653 0.312997331809968   9.6211099216913 1745833758.78884
0.0192635331548019  0.204847181390034 -0.194243998184759 0.28295614901226 0.0743101177134649  0.228014632538412    9.6776153434537 1745833758.83766
0.0257282733640851  0.194182010781717 -0.165777017654612 0.256613750496705 -0.00144529830453495    0.293795970579911     9.71601654452918 1745833758.8575
0.0352109631134825  0.154039557549037 -0.122582468665023 0.199986146613443 -0.112855320408333  0.355034710528602   9.82423237686623 1745833758.88821
 0.0217491514421045  0.0966233359407535 -0.0760807159061151 0.124889430976197 -0.307360345341725  0.337979287960837   9.67096369600233 1745833758.93744
 0.0319321338864698  0.0714832895443982 -0.0577854297203254 0.0973071310161509 -0.361758581014384  0.351926726859499   9.70260145349743 1745833758.95719
 0.0331155595475496  0.0348928733699503 -0.0348109689278137 0.0593797646833658 -0.403538367092645  0.324460896622118   9.80204142646088 1745833758.9878
   0.0148308033342268   -0.0221982258142028 -0.000488843685622785 0.0267011783445193 -0.434154113094613  0.386320549536257   9.72998336826122 1745833759.03728
 0.0155478205513111 -0.0464787651127913  0.0104382276054756 0.0501095492481175 -0.41292686583438 0.361533347712269  9.76949612029831 1745833759.05698
0.00635015246982625 -0.0661299985961163   0.038345108080601 0.0767062478838938 -0.404880963387533  0.344579772443685   9.74738592293783 1745833759.08766
0.00166842537339614  -0.067865760171883  0.0805309512344634 0.105327010560737 -0.299196544133137  0.295607734544035   9.75515734366548 1745833759.13714
-0.0117647146001577 -0.0604143074449092  0.0989142678376888 0.116500340924554 -0.272803307154296  0.292178841283204   9.71676574953564 1745833759.15689
-0.0104441173802346 -0.0432977305287688   0.131251622799199 0.138602891543493 -0.253197394366266  0.324811071500217    9.6412085237806 1745833759.18756
 -0.0141307049332517 -0.00541797941879122     0.19404757076783 0.194636818315007 -0.17924560546875 0.307274019584615   9.7375547354571 1745833759.23698
-0.0165040963954738 0.00837658386820424    0.22794859786203 0.228698744251904 -0.189359102010689  0.334495872157343   9.69942064653099 1745833759.25678
-0.0159062434419152  0.0158947686672878   0.262691844110329 0.263652531210124 -0.191994569351374  0.304285985982371   9.65380338336612 1745833759.28746
-0.0202279285311354  0.0200318096987826   0.330030850409896 0.331256403281126 -0.169892269515604  0.326878479364852   9.69884917198452 1745833759.33682
-0.0187965265900836   0.013174778489188    0.35662378918677 0.357361737199187 -0.17017350344748  0.35514045530751  9.75095898876014 1745833759.35673
 -0.0133808825088909 -0.00669253658181767    0.391086392795366 0.391372462869205 -0.191512461365676  0.316456105748706   9.80245160201373 1745833759.38741
-0.00527552763496997  -0.0217825547701037    0.454276532797687 0.454829065842134 -0.181644572617526  0.347263819721435    9.7303980054027 1745833759.43666
0.00432597860549012 -0.0314925532522107   0.476362136670477 0.477421595923876 -0.155084530344055  0.312557258485009   9.78640355829591 1745833759.45669
  0.013883402967725 -0.0466996469049974   0.522020710646376 0.524289260087181 -0.153110593616029  0.309133989219046   9.79856054970948 1745833759.48726
0.00945630005356591 -0.0651206451137474   0.573377447407593 0.577141072205384 -0.060612989322004   0.29437354972471   9.82305410720562 1745833759.53652
0.00310915723578339 -0.0862367600598459   0.592135846658875 0.598390596970539 -0.0146005060718564   0.284873528361314    9.82590027596465 1745833759.55677
0.00330113493931142 -0.0973824806670775   0.624806290098216 0.632358399310911 0.0419354972310356  0.285748033922153   9.72574906423366 1745833759.58729
0.0171241924787168 -0.110631761378249  0.661386690607825 0.6707942897095 0.107128076514835 0.315829859389948   9.6989594467289 1745833759.63639
0.00792224611970655  -0.113026301499211   0.675485637997486 0.684922297749929 0.151215392816171 0.337373537559065  9.70170202457939 1745833759.65703
-0.00711474885700416  -0.0885601504826198    0.705672935635825 0.71124384847511  0.20833972752153 0.376629158499426  9.62474813354536 1745833759.68772
-0.00163402390763058  -0.0568337129794369    0.755319690967325 0.757456649933272 0.232140200300436  0.45349627932691  9.55368743698898 1745833759.73627
-0.00257921900431593  -0.0374929827815364    0.767239393345604 0.768159269181762 0.264125677691347 0.450016678721694  9.64428762198067 1745833759.75724
 -0.0105802031785304 -0.00435051298417563    0.782445269581586 0.78252889247179 0.312269785166727 0.459499731454742  9.71123062746079 1745833759.78827
-0.00877789400542233   0.0498735992825018      0.8394302918651 0.840956385450095 0.320543297010787 0.534754834154109  9.75239003049409 1745833759.83616
-0.0140958120179752  0.0718382951465426   0.858446450670339 0.861562383832134  0.30706837624639 0.493003441557543  9.78027460048319 1745833759.85747
-0.0217623329561188   0.088520925954212   0.880602663265885 0.885308197193754 0.281496447648958 0.469473228228125  9.87693425158194 1745833759.88866
-0.0158123118206621   0.102668789713799   0.934817597998673 0.940571555552483 0.225189626410536 0.486366990858269  9.92605866726355 1745833759.93604
-0.00968443929785217    0.108346985934102    0.949944387277498 0.956152287371389 0.178921088998853 0.477336427765667  10.0306452622064 1745833759.95758
0.00330441507907047  0.0911653891047589    0.95654720956061 0.960887408309541  0.15630216796875 0.517792404085092  10.2125225895782 1745833759.98899
0.0150776481374177 0.0236975925558367  0.975642346969036 0.976046566801783 0.119060723525175 0.488038616494316  10.1695355420603 1745833760.03597
 0.0211837025877537 -0.0170733103107473   0.976691740252645 0.977070623168067 0.0878228850573155  0.462656382337804   10.0610334500938 1745833760.05786
-0.00356775582320985  -0.0746680842886322    0.972058224734206 0.974928327604837 0.03255031476591 0.45408148248907 9.79260207244639 1745833760.08981
-0.011672798302868 -0.139736388124622  0.922060231580146 0.932661558684589 0.111095693782662 0.305310869302675  9.67230357431793 1745833760.13599
0.00106803407784914  -0.171196825722746   0.903577002148441 0.919652593453582 0.179924587463287 0.294981624938952  9.83159435709205 1745833760.15884
0.0100478795450912 -0.203891213039423  0.884768223607759 0.908012883247848 0.221448490322106 0.279089907765449  9.99743176049541 1745833760.19098
0.0244448815389202  -0.22628403000184  0.843190703515969 0.873368522997641 0.305196816738034 0.207053200233241  10.1436842769882 1745833760.23608
0.0354488742026955 -0.205463569557646  0.823296408247782 0.849287275856236 0.377246891941938 0.206395038985666    10.10186676399 1745833760.26022
0.0524868763423779 -0.156186026147874  0.811482083914822 0.828041133921973 0.510872514300937 0.179622173806053  10.0417470793608 1745833760.29237
 0.0498998861168077 -0.0873796773282917   0.802866882555637 0.809147970243437 0.617936743943929 0.204373272659938  9.73165995121797 1745833760.33619
 0.0493558553178871 -0.0421301798297981   0.805484632187031 0.808094329392385 0.593833310493091  0.15405968121217  9.64867754794523 1745833760.36171
0.0545064138186923 0.0209191541731107  0.805373252203297 0.807486616312127 0.556283794208994 0.129164580738899   9.7053972969042 1745833760.39377
0.0502558365211127 0.0976911223890041   0.79516027610002 0.802713566090371 0.580659452943392 0.159772942042437  9.81272489703031 1745833760.43622
0.041648437399124 0.120387758010705 0.787837933636035 0.798070431912203 0.557347139500287 0.195610302320169  9.80608191634308 1745833760.46294
0.0477262506461688  0.124580626182768   0.76186249926481 0.773454972966659 0.497677083859065 0.171141035695486  9.78739772332205 1745833760.49495
0.0620079562989203  0.114140958515935  0.724770964596025 0.736319289559059 0.456875719040154  0.11735566161568  9.83932199954961 1745833760.5234
0.0636023480417271  0.116003220719691  0.660697762206587 0.673812688273643 0.431214986025259 0.157327700869009  9.74725785312154 1745833760.56392
0.0606831341370776  0.107301044226128  0.615134605629532 0.627364758257679  0.41292787439273 0.109756054785987   9.6481251998534 1745833760.5959
0.0571630918149986  0.114445903972001  0.581218439029297 0.595130538511906 0.395623683387513 0.102760996219941  9.56097032207634 1745833760.62242
0.0505570379260249  0.123473577109248  0.530385360377765 0.546909836107433 0.365149986674158 0.133367978435997  9.62686581547963 1745833760.66479
0.0507980272416319   0.10476511141409  0.500891235131015 0.514245269858968  0.332249052580707 0.0840808087873721   9.72974686987516 1745833760.69682
0.0460807748220275 0.0720064051664581  0.473820474090497 0.481470873325207 0.288080316560337 0.128938065371084  9.64934738453777 1745833760.72329
0.0375412909747014 0.0624214024863187  0.436512884501833 0.442548616936622   0.2468948277636 0.199194171682775  9.61555536350044 1745833760.76559
0.0237187515526099 0.0294474680206999  0.392607284263642 0.394423899130005 0.285599228829947 0.233585908865994  9.72257321655352 1745833760.79754
  0.0178152847816776 -0.00656751411204708    0.347460850204058 0.347979250872794 0.317967011628644 0.238341244393898  9.71991807558374 1745833760.82606
 0.0109533238382291 -0.0293858349184679   0.289415165585359 0.291109327689378 0.368991534148186 0.299768037739415  9.63203436932964 1745833760.86613
0.00633373272260038 -0.0357026069184117   0.251219663879134 0.25382299310842 0.395618346403294 0.306889399874718  9.57761760353406 1745833760.89797
  0.012021552210071 -0.0238209349540234   0.221003176425658 0.222608083073939 0.382188349221013 0.279659862892888  9.60204310898287 1745833760.92442
  -0.017048463537799 -0.00218835990753639     0.17219530255121 0.173051036543522 0.340060456663983 0.248531341893686  9.48713754329606 1745833760.96659
-0.0123539244669094  0.0151168650464532   0.124671014795919 0.126190336352714  0.36266806132751 0.256337857033094  9.55688453277132 1745833760.99826
-0.0195390115589555  0.0135630959868644  0.0922310306997176 0.0952485882802583 0.330618589800723 0.242805260406422   9.5550286144645 1745833761.0247
-0.0333960400695936  0.0277026660597436  0.0345588438996448 0.0554711356547492 0.351625338854824   0.2353767495179   9.4934844009951 1745833761.06671
 -0.0334218964093667   0.0167453534801351 -0.00389542311767609 0.03758462909274 0.336297286139728 0.192784783366013  9.60243877155199 1745833761.09838
-0.0359154930659088 0.00202525705518013 -0.0441538648165066 0.0569525072893304   0.3011326171875 0.158920049523807  9.61169971727649 1745833761.12488
 -0.0533708911510273 -0.00234262933773691   -0.086015912554815 0.10125550428054 0.347730064280877 0.133601998161707  9.54373763278973 1745833761.16666
-0.0583449926096034 -0.0259821622769328  -0.120868784220387 0.136705793286583  0.35407293902914 0.119499566067062  9.64123642153022 1745833761.19832
-0.0690716972683126 -0.0562286471990068  -0.157312382710707 0.180775401765494 0.347317290408216 0.109738772540356  9.58682375834489 1745833761.22472
-0.0738384337010764 -0.0660248779266956   -0.21156693817926 0.233606438539716 0.393799625095973  0.14927241370124  9.58928021331964 1745833761.2665
-0.0723851717810033 -0.0819717097646536  -0.258410823610874 0.280597804793188 0.425744103989063 0.156446784979671  9.65387994832971 1745833761.298
-0.0701293080449066  -0.074323006728546  -0.286836381423716 0.304494891392746  0.401035843223756 0.0929760712131363   9.70730516451317 1745833761.32444
-0.0782585801283598 -0.0366749112031538  -0.329959293075292 0.341090295321067  0.407527095708992 0.0804110068344707   9.57451437205515 1745833761.36616
 -0.060137945193573 -0.0268253372502547  -0.362435804442121 0.368369221722312   0.41005613269655 0.0257810420601508   9.68331152716885 1745833761.3976
-0.0546687216866298 -0.0180400867409128  -0.397636466164304 0.401782121409235   0.38128975791923 0.0075000843429811   9.80480706439976 1745833761.4241
 -0.0495682491293927 -0.00436017053851846   -0.466474252513842 0.469120720782216   0.361709247126262 0.00342376499803305     9.6852877203325 1745833761.46566
-0.0430190824657539 0.00911195014353075  -0.529773856227773 0.531595718412083     0.41184406733287 -0.00131550197310189     9.64347280565407 1745833761.49694
 -0.041980680126634 0.00569074532641942   -0.56416214047932 0.565750548242309    0.395198085266947 0.000925754000406802     9.64649027548478 1745833761.52339
-0.0514206251976382  0.0168568287060228  -0.624665846018986 0.627005305043232    0.359877841915619 -0.00191079071876565     9.66511586955623 1745833761.56489
-0.0613434022695501  0.0274118422398531  -0.668066853329088 0.671437072713457 0.355865848080375   0.0315472265625  9.71600033921874 1745833761.59606
-0.0688621227967539  0.0208180211634906  -0.687473808338925 0.691227617441074 0.339132685546875 -0.01350212052547  9.71688806753685 1745833761.62239
-0.0560966034776962  0.0290922490761322  -0.728117050021999 0.730854039060317   0.340284493371445 -0.0318761875268221    9.77229456202488 1745833761.66377
-0.0477056592926292  0.0423533550530553  -0.742879042805323 0.745613109361784   0.304670896293826 -0.0201221408155488    9.89229974061547 1745833761.69504
-0.0520460918473014  0.0527972095649468  -0.758299543646126 0.761915047041562   0.284759868963487 -0.0465716006488717    9.85202448427707 1745833761.72119
-0.0269754007869662  0.0730866683367887  -0.776147138375883 0.78004725096962 0.223227535969575 -0.05305669921875   9.8448625063004 1745833761.76261
-0.0121990111997526  0.0725995047227498  -0.780535352014014 0.783999323790449   0.151730167835897 -0.0403744540351359    10.0385975738572 1745833761.79391
-0.0198969810969101   0.075401540301373  -0.790254467075033 0.794092818799311   0.107260727579226 -0.0117471406507045    10.1134097655929 1745833761.81976
 -0.02612165393463 0.0788671470103445 -0.798443798860346 0.802754550046509 0.0324920577005177 0.0349210080924558   10.0765838471897 1745833761.86114
-0.00800398674533954   0.0804928353247198   -0.813278571887522 0.817291377559949 0.0222409167792171 0.0460932362950165   9.98732595454182 1745833761.89247
0.00909018921634881  0.0782448119226813  -0.837384273260487 0.841081032503289 -0.0327319749284464 -0.0118502016387475    9.75452721692121 1745833761.93618
0.0101757935666355  0.076242223739965 -0.849735165217236 0.853209396609231 -0.0422766634608185  0.0292277816755217    9.72751151140387 1745833761.95965
0.0174456957010226 0.0664656700411444 -0.865539171922132 0.868262688202229  -0.02724533203125 0.0753713433228019   9.85405108826404 1745833761.9911
0.0246364516060322 0.0448911622306705 -0.888068848049129 0.889543956232329 -0.0398747048254104   0.039434033203125    9.94480503192391 1745833762.03602
0.0259214625478029 0.0336606532489009 -0.911014313320496 0.912004408362467 -0.0524991715814934  0.0611465508777817    9.89420485605674 1745833762.05838
0.0376450858733485 0.0201786883378884 -0.934681672207194 0.935657074100061 -0.080895097748451  0.121594119536111   9.82717511081375 1745833762.08984
0.0316296562367036 0.0214585943002432 -0.953943891020281 0.954709303211144 -0.0498525606221725   0.203283106554208    9.74674817217619 1745833762.13588
 0.023467902769295 0.0235494033847017  -0.95685067772877 0.957428084155761 -0.0384463810707389   0.222012120592093     9.6965105815831 1745833762.1573
0.0257940361660834 0.0227820221169619 -0.948651322659246 0.949275347207864 -0.021617114892393  0.215671963823113   9.75053036855543 1745833762.18885
0.0265519236959842 0.0133088299150898 -0.919211599730451 0.919691304017104 0.00378597419949954   0.234761477641531    9.95873224837293 1745833762.2357
0.0262030593661949 0.0185865545241341 -0.901274449260736 0.901846823590054 0.00836235620615434    0.22800041015625    10.0307980793357 1745833762.25666
0.0339138526085588 0.0182137055669742 -0.871591018348506 0.872440709581471 0.0282761299479819  0.277827585877569   10.0446410948117 1745833762.28803
0.0469635286245675 0.0175903228156248 -0.827503844659611 0.829022077754305 0.0536423639245617  0.335876067727658   10.0597860172623 1745833762.33546
 0.0387259928806352 0.00443103451024661  -0.810604195081472 0.811540817011137 0.0404281811350561  0.358935403966907   10.0243733968037 1745833762.35601
 0.0291967830538887 -0.0230552070900645  -0.792754371685328 0.793626794243277 0.0171784154038852  0.378251108363164    9.8523092908987 1745833762.3872
 0.0383407802771558 -0.0539806390357128  -0.766171269518045 0.769026877981426 0.0193841837988274  0.368362911694331   9.80696108862307 1745833762.43518
 0.0250866803130282 -0.0664554029370205  -0.754155035629814 0.757492890972883 0.0238932430529323  0.393759607551934   9.69683535446613 1745833762.45541
 0.0239875363382309 -0.0685145421006697  -0.733025449633555 0.736611128200842 0.0698271955054237  0.406370980143672    9.6308487149706 1745833762.48644
  0.024418788998607 -0.0634577895014752  -0.683651163054165 0.687024076033646 0.104711280105729 0.432608659817621  9.67481992740217 1745833762.53493
  0.013506906926114 -0.0553717992621597  -0.665852896140436 0.668287776326072 0.0982281473699239   0.45348127061112   9.63122798419297 1745833762.55499
 0.0161967510578568 -0.0398348820325564  -0.628404378642403 0.629873968082761 0.115572034720111 0.477129382702278  9.69952258126682 1745833762.58575
0.0127422724420748 0.0193383630097927 -0.556094314823478 0.556576342265713 0.170733578121927 0.467289015631147  9.70856198206564 1745833762.63466
0.0125605808911013 0.0415257578863242 -0.537465814440216 0.53921392642646 0.186520302661732 0.438140465615864   9.7454191315893 1745833762.65461
0.0127635495391181 0.0607391365232076 -0.510808872936336 0.514565696070883 0.197558426792108 0.442466206569127  9.78869433619385 1745833762.68542
-0.00596791142152926    0.101641481180693   -0.488792605351136 0.499284305490661 0.184930883078346 0.417432506246619  9.66375684572617 1745833762.73442
-0.00136047516345675    0.116779626499231   -0.473725345011555 0.487908838374841  0.1559080515762  0.3548350484649 9.72333938714009 1745833762.75422
-0.000319442182108782     0.144448760336292    -0.440301640217519 0.463390850993238 0.103964451194366 0.253814238909893  9.84058358638649 1745833762.785
0.0046398319780443  0.176116886783549 -0.376939671941618 0.416079562264922 -0.0222122497901728   0.292839395720084    9.76303517584621 1745833762.83424
0.0138083978671722  0.169362972348471 -0.344087818868077 0.383758928687995 -0.0768548471851866   0.324867619144676    9.72246511277372 1745833762.85388
0.0167053251079536  0.155476727354892 -0.295483999402193 0.334309548979183 -0.13289983641932 0.310846726428529  9.64908387730097 1745833762.88454
0.0283869428342155 0.0984367389198759 -0.210488705571637 0.234096358933402 -0.177053632100736  0.327389339810641   9.73768883952929 1745833762.93405
0.0178409925436915 0.0677217654651786 -0.170639118150614 0.184451205406427 -0.218261924572718  0.319521849626558   9.65613843526622 1745833762.95357
0.0111717674313112 0.0239440830582174  -0.11666261643404 0.119617279580644 -0.272630706922704  0.279624631727462   9.47206072417547 1745833762.98416
0.00884042238389522 -0.0408980511412158  -0.025642178267204 0.0490746875829307 -0.337022405405243  0.324769498383129   9.47453746997669 1745833763.03382
0.00740551553160272 -0.0653891746503976  0.0104914298722991 0.0666382466944801 -0.333461698696278  0.323410970285147   9.52824115083012 1745833763.05327
0.00562361865678606 -0.0970270521897726  0.0675841710311747 0.118378604981664 -0.299768157398881  0.306354881043218   9.64053538800565 1745833763.08381
-0.00771296863145632    -0.13611019933553    0.164654379345443 0.213767492584585 -0.322021723893001  0.342207403884625   9.70405367495675 1745833763.13356
-0.010530745833174 -0.145465432225719  0.190946501495703 0.240274124728126 -0.323694306804771  0.340566650390625   9.67817519590342 1745833763.15306
-0.0129165389147785  -0.147903989460242   0.223202066305661 0.268070120451551 -0.29452355141157 0.325353795552195  9.69415751238637 1745833763.18361
-0.021883572407561 -0.100409611550768  0.271308493150244 0.290119422460043 -0.273892977527956  0.318184689290236   9.61852023444904 1745833763.23336
-0.0157053004522622 -0.0659436908843163    0.30310531497855 0.310593075901554 -0.270046889085466  0.374994558616753   9.63895513465079 1745833763.25305
 -0.0172751855788444 -0.00997724034484483    0.345195934653713 0.345771905543428 -0.237591612032206  0.342047026012702   9.74266000654418 1745833763.28356
-0.0246536904357763  0.0631879341940513   0.420737957131178 0.426170092862851 -0.208819117527945  0.372535471437799   9.60704707978546 1745833763.3332
-0.0172399802693051  0.0860502492559163   0.456028618878527 0.464396343173531 -0.183070725407612  0.380979104853099    9.6685006768512 1745833763.35305
-0.0267735559963582  0.0904965910850384   0.503482671260301 0.512251165501955 -0.214452548400648  0.336336859234324   9.75160446610439 1745833763.3835
-0.0532824188100003   0.107180345750117   0.572265514316453 0.584649007136105 -0.325922417331306  0.373828494525634   9.55920149899794 1745833763.43303
-0.0441061154483398    0.10265139849661   0.588978454986983 0.599481675676668 -0.310099572727189  0.318535804349849   9.61603771080506 1745833763.45312
-0.037982715497048 0.0650346452590197  0.619057645161973 0.623622129012421 -0.316254274419161  0.306477190110965   9.75938533992981 1745833763.48341
-0.0471718498815988  0.0180654440118027   0.647593615298273 0.649560647102088 -0.273267021770757  0.297718271098807   9.71694009337659 1745833763.53289
 -0.0417613831638584 -0.00721719131707459    0.657204196211098 0.658569249579527 -0.21585232482574 0.283694660403377  9.77982630484354 1745833763.55332
-0.0403249638661718 -0.0472150745804444   0.675919862213045 0.678765810948479 -0.158685322973896  0.264356921571295   9.81268701626244 1745833763.58384
-0.0631875075092046 -0.0689065664229518   0.711098027738623 0.717217666441078 -0.0809513376971426   0.265117938676401    9.72188139680778 1745833763.63279
-0.0626902139397427 -0.0682088414564365   0.734612142000691 0.740430623456028 -0.0346818942923655   0.321658369379509    9.73127659647957 1745833763.65361
-0.0604605760829737 -0.0511572425469514   0.763624833401343 0.767720932964916 0.0383453542936061  0.365009438085057   9.81796722948779 1745833763.68442
-0.0394165861147128 -0.0115488577839587     0.8337284984489 0.834739631563585 0.0791771980877508  0.379497874520555   9.91150351212904 1745833763.7327
 -0.0402785240670897 -0.00324521373486611    0.862284093686543 0.863230414859226 0.0988854867105355   0.34526031935191   9.95320382851197 1745833763.75384
 -0.0559784765398233 -0.00241802683596129    0.896790834910575 0.898539502898512 0.140104720861403 0.270785609250389   9.9584976474441 1745833763.78492
  -0.0583839047437484 -0.000878399331291854     0.967009422949968 0.968770703516855 0.0984605260515387  0.326690887511679   10.0197335326598 1745833763.83257
-0.0501591162096115 -0.0144077795958944   0.986688219512453 0.98806738817576 0.0702509609546829  0.343862106253437   9.96463992164589 1745833763.85404
-0.0314592375469925 -0.0405095431592329   0.997374164339244 0.998692109914468 0.0852233173620673  0.334496018020131   9.93349868255495 1745833763.88533
-0.000642034974648142   -0.0842109899370208      1.02088754333189 1.02435505522514 0.0905287103577511  0.279400167664766    10.209876645293 1745833763.93246
-0.0069246302803082  -0.102739973699162    1.02214780655255 1.02732156170325 0.0844841979391115  0.213826165288215   10.1949370755791 1745833763.95433
-0.0208972027616222  -0.126410513673781    1.02195531835108 1.0299558164099 0.0629774945447728  0.150499179633716   9.95920004850542 1745833763.98616
-0.012918672339012 -0.135505320229721     1.023744411723 1.03275418393712 0.0903991875336673 0.0669371288168429    9.8362653156027 1745833764.03244
-0.00875236148897042   -0.131567491495717      1.0211133129514 1.02959166980735  0.141554668790876 0.0534758834199092   9.83380720248965 1745833764.05528
-0.00343197860949063   -0.118920754552757     1.01286244711569 1.01982560328606  0.198437017868977 0.0620175521257086   9.80760825829404 1745833764.08751
0.0122774793049989 -0.067766811193995  0.998308310807695 1.00068104839914   0.249439010220623 0.00901543471734519    9.82116615435052 1745833764.13246
 0.0283289898887863 -0.0410081701188408   0.980448186020252 0.981714239050762  0.291466354638382 -0.018961187588988   9.89570512933847 1745833764.15675
 0.0397990671732361 -0.0250391697172848   0.947322237458622 0.94848845398961   0.331357726317888 -0.0577638290763469    10.0576203347882 1745833764.18916
0.0435044936241724 0.0144021564991646  0.916615843417092 0.917760680940598   0.332841743006552 -0.0710001830553519     9.9890789998969 1745833764.23252
0.0421904451122908 0.0361535318188449  0.895327629086619 0.897049984631635 0.301708883433119 -0.10706825820495  9.88485237920743 1745833764.25827
0.0537775294293091 0.0497608897183076  0.886138358176447 0.889162166676432 0.246641269356627    -0.14913234375  9.88249062175899 1745833764.29069
0.0450825761006511 0.0633555070482223   0.87743507306422 0.880873808433661  0.190031213938923 -0.131940201696024   9.86800025367784 1745833764.31732
0.0499464290522737 0.0536474667447868  0.835905935986298 0.839113478785996 0.0920901467204655 -0.163185988971221   9.79168942970454 1745833764.35958
0.0495298779706783 0.0270457123542054  0.798905647110043 0.800896318104193 0.0221452917722322 -0.189860083809333   9.69487398198197 1745833764.39216
0.0398418918550379 0.0183324725321172  0.756642307320897 0.757912288542428 -0.00600304186680808   -0.146483390884001     9.63385013333874 1745833764.41864
0.0166721884579836  0.052632078719586  0.689119948447203 0.691327998077757 -0.0314286269381773  -0.151887058489116    9.48246448219766 1745833764.46083
0.0215846911015028 0.0717664978017123  0.609832574008146 0.614420131032563 -0.0334904962789902 -0.0973921721569116    9.49902567698531 1745833764.49339
0.0265068741574816 0.0849389028564405  0.545324808341084 0.552536313909137 -0.0614888966080082  -0.057481159230887    9.59426655999241 1745833764.51989
 0.023502170896046 0.0966706712909348  0.439438506298556 0.450559398462148 -0.113941469374871 -0.030830244140625   9.60291804189894 1745833764.56192
0.0202234750080479  0.108345183952562  0.378989923107523 0.394691055946498  -0.143299149947082 -0.0364338114296299    9.50253681048722 1745833764.59437
0.0213609342093652  0.116991475553716  0.338626034921551 0.358902335446879  -0.182481000613122 -0.0153490716202332    9.51910818270552 1745833764.6208
0.0113047102385488  0.115931488139525   0.27631618461144 0.299864203088741   -0.219403954509552 -0.00559144749459087     9.60347297121638 1745833764.66253
0.00919479938782794   0.111798565378738    0.22146315792915 0.248252681509139  -0.214050184901468 -0.0351546346513516    9.67025261108268 1745833764.69496
0.00180046528502057  0.0902286101431911   0.172446444680357 0.194633553239183 -0.183501037939044 0.0220327605922211   9.64743059375154 1745833764.72133
0.00810386147695748  0.0510605603323115   0.102290872659261 0.114613594401714 -0.117396602247023 0.0739548829494045   9.68505088006226 1745833764.76284
0.00562689498685897 0.00208003910176539  0.0510458892310199 0.0513971917252642 -0.0887482971735357  0.0811765368108393    9.73883143357503 1745833764.79522
-0.00469991453802089  -0.0389234070062726   0.0185586116911845 0.0433767550370567 -0.0538993582676098  0.0916895952074746    9.68337385265606 1745833764.82147
-0.0215402015868616  -0.075055251261097 -0.0185694311997974 0.0802626613149168 0.0387217175003967  0.131641394916958   9.65087299143774 1745833764.863
-0.0218339093391535  -0.110677050926978 -0.0432487989200985 0.120816339155573 0.100107142859338 0.158412516487219  9.68436276975994 1745833764.89528
-0.0243797740029364   -0.12568087877623 -0.0612634712448295 0.141926986790271  0.13592134048343 0.143075301275922  9.69723700000852 1745833764.92161
-0.0362016910403554   -0.13646037425566 -0.0937488515609715 0.16947224948403 0.188142782445959 0.128800730493337  9.65313470917981 1745833764.96305
-0.0294012984344748  -0.131703413477509  -0.124463630721676 0.183579467380431  0.217985442831035 0.0871528433342572   9.65037302000329 1745833764.99516
-0.0362241872369607  -0.122078005266262  -0.148232845376781 0.195418032840535   0.21111343392721 0.0423485958936738   9.62822287347561 1745833765.02138
-0.0646325747944093 -0.0994366520000114  -0.209264261019981 0.240533882074366  0.225162463711913 0.0271343393300785   9.38129206240137 1745833765.06289
-0.0621944213866164 -0.0804363300600205  -0.269800844150961 0.288323853938087    0.248769669360147 0.000532723939520602     9.42528512123247 1745833765.09484
-0.0650170296843422 -0.0731264009187771  -0.324669879676071 0.33909469979518  0.240229726201155 -0.019358525390625   9.49773766556394 1745833765.12118
-0.0711788727643912 -0.0488675945142424  -0.396358320276942 0.405653043590673   0.216883481720868 -0.0319316240476752    9.50049771063324 1745833765.16253
-0.0646681953597369 -0.0209035077921695  -0.452451689331113 0.457527554697725   0.227403172670723 -0.0665004914279591    9.65897949285666 1745833765.19431
-0.0614193864594387 -0.0175114508836487  -0.499849876475458 0.503913574889221   0.24234005859375 -0.123653270897641   9.72713856703894 1745833765.22075
-0.0773987949235054   0.029254709331515  -0.546794703350806 0.553019763739216  0.251645975210218 -0.232119345365055   9.65396560741265 1745833765.26186
-0.0899855140711534  0.0627504031709309  -0.579893820293014 0.590179505451341  0.288238506373465 -0.228310994845544   9.62724513598463 1745833765.29358
-0.0864679813402124  0.0860438946994493  -0.593095693269967 0.605510334335826  0.304691477721858 -0.255121997206169   9.67835683897175 1745833765.31991
-0.0600957910165303   0.104733510067631  -0.635323088670464 0.646696249584584 0.245389323653809 -0.23239297237378   9.7787791819569 1745833765.36089
-0.0311914204216489   0.115958643582269  -0.659860118897527 0.67069716582137   0.16152337198349 -0.230321718312045   9.95589719084997 1745833765.3926
-0.0228299555878658   0.134942355290727  -0.687874501095906 0.70135723806167  0.127712530221679 -0.278906110826747   10.0577397549346 1745833765.41875
-0.0166323734282255   0.146416699423644  -0.710534773263484 0.725654290783538 0.0313736690551854 -0.281869990311209   9.85704688263731 1745833765.45978
-0.00612576957606545    0.172861170922295   -0.725954199772798 0.746276094775445 -0.0101191907194921  -0.259769280236906    9.81350128182961 1745833765.49141
-0.000291460037474447     0.178599522086611    -0.747444441135734 0.768486217718463 -0.0523693923442697  -0.238444903679268     9.8648839451288 1745833765.51743
0.00342800891654182   0.174562740565034  -0.778252622371319 0.797597044795517 -0.150942740177378 -0.232910961104859   9.73853527639841 1745833765.55849
0.00849980977595485   0.157628632375838  -0.814339123741809 0.829498186235197 -0.183625124804562 -0.222961105622977   9.73047486096784 1745833765.59006
0.0128164660794817 0.0838481859073657 -0.843869917217573 0.848122171192049 -0.286862610558805 -0.164341728463937   9.98824880252664 1745833765.6331
0.0122232065163725 0.0488037937006016 -0.868227690283101 0.869684160618923 -0.340364801966871 -0.108607067505957   10.0904069086212 1745833765.65701
 0.0158005246517719 0.00371477542070252   -0.91002239677155 0.910167137816749 -0.358995370453232 -0.105262106812929    10.078761393045 1745833765.68852
0.0494977661262777 -0.072872125862305 -0.952265499507965 0.956331510059319  -0.349253517310463 -0.0651930408274511    10.1031654623553 1745833765.73295
 0.0478955140142714 -0.0982295786380339  -0.966165655509504 0.972326644841232  -0.347118435830097 -0.0383212762108611    10.0390129247844 1745833765.75569
0.0333255227793034  -0.10181520286828 -0.981199532319065 0.987030621726993  -0.340711233213127 -0.0245219851662524    9.88617375719517 1745833765.78725
 0.0300789539744505 -0.0749312116903483   -1.00935902546218 1.01258336557518 -0.280494299627061 0.0183694202504459   9.85592177596772 1745833765.83278
 0.0356180737928445 -0.0658770049595095   -1.01563541097945 1.01839271157965 -0.283575804365914 0.0413705507069304   9.84399088966094 1745833765.85453
 0.0371320049645584 -0.0172725873729029   -1.01371268905679 1.0145395724278 -0.356657856986993 0.0640144121884444   9.83014659722137 1745833765.88619
0.0443380948562464 0.0151390336100512  -1.00687566631876 1.00796511071513  -0.379562832516004 0.00280444179405309    9.86567156082362 1745833765.93261
 0.045210276779772 0.0233473376322981 -0.999290306933955 1.0005849213501     -0.3699629296875 -0.00187870488785562     9.81256744226819 1745833765.9538
0.0448275214238473 0.0191601535119431 -0.991961202277087 0.993158418875162  -0.383044153716847 -0.0183341548966007    9.85681064066439 1745833765.98541
 0.0600611228727356 -0.0314231483902708  -0.983061645945062 0.985395835420318  -0.391647207728346 -0.0429151834618746    10.0535574343976 1745833766.03244
 0.0676488671210563 -0.0456268126226229  -0.969015946538458 0.972445412297619  -0.388018568631508 -0.0105607512406625    10.1503175139761 1745833766.05318
 0.0764524536497481 -0.0671177625871791  -0.948335739689188 0.953776937703788 -0.333139575415687 0.0281659748630675   10.1568075356783 1745833766.08457
 0.0776165984893175 -0.0959122923115231   -0.89579518486922 0.904252463315629 -0.208284393565933  0.035700504037846    9.9017521717001 1745833766.13224
 0.0703754328174186 -0.0988694583094125  -0.874908454934773 0.883285161115586 -0.167369061653427  0.050029126710329   9.78702241995624 1745833766.15252
 0.0570720431341243 -0.0953086208762171  -0.853615639126533 0.860813923378467 -0.0942821371826888  0.0656127378548901    9.64224079179933 1745833766.18378
 0.0500447837191253 -0.0745299184017087  -0.802383006700729 0.807389421875567 0.0669240859351251   0.09433685574675   9.64496989941287 1745833766.23199
  0.046318751158746 -0.0698112072746837  -0.780717683940855 0.785200059467667  0.12140732545319 0.120205631188031  9.66466048607965 1745833766.25204
  0.039477643954339 -0.0495615326527432  -0.742652286477102 0.745350419937322 0.183959863611637 0.125573463431538  9.65184813060889 1745833766.28318
 0.0330225536800264 0.00175391092049619  -0.657334121746919 0.65816541451816 0.266613852934759 0.147733045962769  9.70934995673886 1745833766.33169
0.0301283770326317 0.0255186415750247 -0.618230406105739 0.619489915336902 0.277022482806605 0.178668658809696  9.67182760315339 1745833766.35157
0.0224919640439837 0.0651639764838047 -0.563293398702371 0.567495978223111 0.269527988270074 0.208400052986251  9.57815595146845 1745833766.38274
0.0350813347331791 0.0841070426509285 -0.490707879337409 0.499098104097745 0.335710185520332 0.227577875490062  9.71449122823078 1745833766.43136
0.0256484071040287 0.0936808372344696 -0.468589222627745 0.478549683538501 0.338707398712985 0.202171709440491  9.70871815476207 1745833766.45114
0.00954878399408914   0.104040581495954  -0.443734986504331 0.45586879704777 0.290085826292994  0.20887552841873  9.59634448079578 1745833766.48216
0.0326045206305259  0.107784942939153 -0.359428872514298 0.376656027546145 0.231307404610358 0.272731237967766  9.72424362850071 1745833766.53109
0.0259526486384736  0.109244631799729 -0.328700839455543 0.347350214347406 0.197973867361425  0.30861490645857  9.73770596792703 1745833766.5507
0.0354794697920159  0.093619710820493 -0.281802460273507 0.299058639144627 0.146299354626368 0.377863565543472  9.71694248656589 1745833766.58155
0.0405452132504802 0.0986332196724112 -0.183118579394921 0.21190762246811 0.0710613632305394  0.372903629424112   9.66331082361637 1745833766.63079
0.0347488786632459 0.0897237276789556 -0.154396380371466 0.181923264451721 0.0382337632951081  0.404426308702016   9.60009257422741 1745833766.65028
  0.02719162714272 0.0629905810233921 -0.106239799008965 0.12646775390509 -0.0152979498124687   0.484630082436795    9.58644197627374 1745833766.68102
 0.0181176595699182  0.0254376133606982 -0.0420108680795383 0.0523472520632764 -0.114441560468784  0.472355140978856   9.66017825847425 1745833766.73048
 0.0118331820707684  0.0128369037645391 -0.0146533188051883 0.0227932017976079 -0.159713270301622  0.473891740257471    9.6335159894871 1745833766.74992
 0.00305133000999652 -0.00420240762613555   0.0258454097835639 0.0263620191101981 -0.197534785500607  0.496949844911593   9.63039860734476 1745833766.78057
 -0.012264076829189 -0.0113847936507147  0.0960607214928844 0.0975073500853915 -0.236750047012743  0.475164881977801   9.70433692600533 1745833766.83023
-0.00899820434470878  -0.0158889969927989    0.125913787747552 0.127230931191287 -0.247918924750275  0.462588227725211   9.74836143818159 1745833766.84969
-0.0107455892728621 -0.0144852343246297   0.172786127724881 0.17372488490835 -0.251711702445087  0.447859651837063   9.78281816754868 1745833766.88035
-0.0103998373983306  0.0139234656270817   0.251739270780267 0.252338423483149 -0.25814397990814 0.367047854170671  9.79681076934838 1745833766.93005
-0.0167799835270685   0.024041161480215   0.281217513445536 0.28274164030255 -0.275545919193207    0.3549986075585   9.74916066084454 1745833766.94957
-0.0321485354877855  0.0514138591950691   0.330620326954677 0.336134963737719 -0.33528012940204 0.353791824756729  9.56427740223339 1745833766.98024
-0.034653446025657   0.10519493163248  0.406446079616456 0.421266246687533 -0.415679204478399  0.301730179463004   9.56494687984754 1745833767.02988
-0.0334191381966077   0.124462758303552    0.44966563538581 0.467768105634893 -0.438992013653574  0.339668418067237   9.60182008083375 1745833767.04952
-0.0352753049025538   0.147607439682096   0.512424621779595 0.534426137451597 -0.461242588661062   0.29440231927901   9.67644933034118 1745833767.08024
-0.0367516230430935   0.102344526391875   0.606292341966763 0.615967115848095 -0.540001454547516  0.223978631754775   9.78825369852931 1745833767.12971
-0.0283253440191587  0.0774659177834526   0.645727010052327 0.650973628531106 -0.569407326406429  0.252605866346655   9.85648273954105 1745833767.14951
-0.0255850329752347  0.0394472007524639   0.679975619781242 0.681599236396604 -0.569917178293867   0.20041968973797   9.92766430925159 1745833767.18013
-0.0375712465367518 -0.0122292753463796   0.711114813215717 0.712211647838371 -0.521833765771963   0.16877492361704   9.67756985576268 1745833767.22957
-0.0317014436566576 -0.0243741758182222   0.719553855188678 0.720664160683478 -0.498038739750541  0.186188960202855   9.70181907649673 1745833767.2496
-0.0361776214433779 -0.0486296796153432   0.720976738171054 0.723519953433604 -0.474176511888623  0.171998139351229   9.79174361834811 1745833767.28036
-0.0556609392007801 -0.0674054205578946   0.723999240286095 0.729257520227349 -0.340937150283616  0.190300909279502     9.634856230123 1745833767.32952
-0.0409402357957476 -0.0755675283261133   0.728627890835344 0.733679192527287 -0.279708102751614  0.202884178991103   9.73495672333491 1745833767.34997
-0.0282032131011618 -0.0797575811401251   0.764485818657329 0.769152299552383 -0.262108144145682  0.228999532503096   9.92675005965406 1745833767.38107
-0.0537122047412158 -0.0312743039531213   0.823431278756202 0.825773669875704 -0.134809977558131   0.27205581156877   9.79729297989934 1745833767.4295
-0.0519487048407272 -0.0264315604723521   0.854961147884068 0.856945657387256 -0.0751001778802202   0.292826164802064    9.74983225814065 1745833767.45032
-0.0419414327401094 -0.0291869235861809   0.910957225173818 0.912389185811133 -0.0858490679887548   0.307898795841371    9.71461375952325 1745833767.48174
-0.0539767950624063 -0.0110997300762547   0.962991686049361 0.964567097621086 -0.0653387689619785    0.24197234505688    9.78720428524929 1745833767.52941
-0.0619100892718936 -0.0203400209261763   0.975936896661963 0.978110117456677 -0.0292222260574899   0.219574828226002    9.88233862004964 1745833767.5505
