-0.0530068607433   0.434344302993  0.0120863800656 0.437733687773 -0.40201980536 0.651945886925  10.2718590041 -0.321263755959  0.782505415545 -0.193222274538 1744440055.85
-0.0614663501833   0.455126149926 0.00740004064871 0.459317629917 -0.31125186963 0.502244560976  10.0828278814  -0.164376657269   0.407694475432 -0.0772168439059 1744440055.89
-0.0663732728723   0.467496287416 0.00580743403947 0.472220199049 -0.409853213299  0.676412201321   10.0413701642 -0.0843541360783   0.226462991101 0.00282752634574 1744440055.93
-0.0665523106694   0.468780273812 0.00757052057935 0.473541411021 -0.383604676629  0.682784090276   9.87688975986 0.0852001133947 -0.163115090954  0.108811838554 1744440055.95
-0.0616282914671   0.458412049818  0.0118674042676 0.462688328156 -0.251995105629  0.539315644102   9.70148233523  0.236772682929 -0.506208777223  0.154577139832 1744440055.99
-0.0520651194839   0.437807345496   0.017028489083 0.441221053303 -0.118492632814  0.416426393621   9.56504821489  0.358956641967 -0.771910781899  0.145997772921 1744440056.01
-0.039070691271  0.409903531603 0.0210422153897 0.412298676891 0.0211788333146  0.242444763017    9.5251112848  0.372167179635 -0.797531330199 0.0690171377346 1744440056.05
-0.0243818456423   0.378483795706   0.022162258067 0.379915284888 0.195093804333 0.172135620034  9.37172593408   0.547342121165   -1.17475632617 -0.0305340979067 1744440056.09
-0.00996252659792    0.347428894131   0.0194183835748 0.348113719974  0.273646783862 0.0029618526483   9.47225526936    0.4155567262 -0.909161752512 -0.144411131078 1744440056.11
0.00233391938249   0.320034611231  0.0128781974283 0.320302119154  0.271963586694 -0.100072220835   9.60000289574  0.259743296533 -0.604016750783 -0.195261277931 1744440056.15
 0.0110774468376   0.298501755065 0.00360164391111 0.29872893975   0.45221136698 -0.295483670014   9.60742415501  0.259842723463 -0.718392320348 -0.386032058346 1744440056.19
  0.0154907717596    0.283659601065 -0.00666811403578 0.284160512793  0.304318115709 -0.299918209658   9.76854321309 0.0681474347241 -0.358807872858  -0.29788798634 1744440056.2
 0.0155530959813   0.274936698575 -0.0159624397025 0.275838515257   0.16615394333 -0.264488359156   9.86284478003 -0.0426978248919  -0.158532908431  -0.192189609414 1744440056.25
 0.0119611574918   0.270554483487 -0.0225554616757 0.27175641055   0.10454376915 -0.432014218852   10.0134053443  -0.19414588467 -0.142569329281 -0.189504615287 1744440056.29
0.00596032748266   0.267892333081 -0.0253258825947 0.269152796672 -0.064469436428 -0.276635189534   10.0166562983  -0.193463629256 -0.0991428691341 -0.0208528615052 1744440056.3
-0.0009145882138    0.26395614572 -0.0239432994982 0.265041440016 -0.157091566238  -0.16479084236   9.99487051365 -0.157665009676   -0.1447326842 0.0778190259374 1744440056.35
 -0.007131686091   0.255874179719 -0.0188640319536 0.256667700529 -0.406025049709  -0.16639445981   10.1225234296 -0.217447926539 -0.467740689019  0.264290998775 1744440056.38
-0.0114269201917   0.241343626572  -0.011166379699 0.24187188474  -0.340668418971 -0.0367522225558    10.0113542403 -0.0869813160863  -0.547829878956   0.246071794263 1744440056.4
 -0.0129925866381    0.218960775993 -0.00228343305583 0.2193577963 -0.269261134082 0.0252403983839      9.94626297 -0.00162224309783   -0.633952377313    0.209074137902 1744440056.45
-0.0115624311033   0.188387651809 0.00629822042958 0.18884719947 -0.384548697708  0.105465057524   10.0019546478 0.117338096762 -1.43778866856 0.326725113599 1744440056.48
-0.00739218279214    0.150336881356   0.0133107570092 0.151105918198 -0.165823244199 0.0879309585672   9.91812786236 0.153219081766   -1.207316585 0.170840412534 1744440056.5
-0.00115608797615    0.106389048881    0.017901370196 0.107890802741 -0.0286982433377  0.0592998171475    9.88298588985  0.161668094986  -1.08954483784 0.0762802643404 1744440056.55
0.00620718886548  0.0586853703475  0.0197273827818 0.0622227572345  0.141224333485 0.0525136967746   9.92635497845  0.310919081575  -2.03157637808 0.0219468045092 1744440056.58
 0.0136635364553 0.00955614054244  0.0189474410858 0.025239207084   0.216462510544 -0.0119437826913    9.88977544198  0.206598302613  -1.43622445103 -0.053048495313 1744440056.6
  0.020237713813 -0.0388516507006  0.0161247479707 0.0466800098507   0.240265751044 -0.0495695918159    9.87601523499   0.13610797924  -1.12068924935 -0.081592088357 1744440056.65
 0.0251345890537 -0.0848944963528  0.0120709365459 0.0893562006073  0.471685296398 -0.143707491824   9.93194661602  0.158539829686  -1.85690066468 -0.176874218991 1744440056.68
 0.0278205014921  -0.127665190549 0.00766504638551 0.130885958442  0.315005014886 -0.123321908706   9.90080817275 0.0432373723125  -1.21263983951 -0.123719981787 1744440056.7
 0.0280664250263   -0.16712107288 0.00368174280598 0.169501423134   0.200364406134 -0.0991157628011    9.88742215014 -0.0220242099551  -0.903869631802 -0.0828618453763 1744440056.75
   0.025957978587   -0.204102796979 0.000657662906638 0.205747906204   0.20861835077 -0.143901345456   9.95516472857 -0.127784017197  -1.50940151522 -0.100438673828 1744440056.78
  0.0218759300583   -0.240244008672 -0.00118400737596 0.241240837944  0.0294503715563 -0.0658959102342    9.92267934768  -0.141185283434   -1.09362645229 -0.0385839834119 1744440056.8
    0.01644717634    -0.27777382463 -0.00194150768117 0.278267095991 -0.0720018234345  -0.015057874957    9.90467031316   -0.133631214939   -0.924759621477 -0.00929032347191 1744440056.85
  0.0104639377756   -0.319217695085 -0.00197739311156 0.31939527381 -0.260927763219 0.0378651626923   9.97418081749  -0.232498320986   -1.77700624162 0.00262666938873 1744440056.89
 0.00477132944321   -0.367013405905 -0.00180959881619 0.36704888005 -0.272794936633  0.069275814969   9.92691980749   -0.156753937228    -1.57570874304 6.86175621583e-05 1744440056.9
0.000131671981882   -0.423078828238 -0.00197287025936 0.423083448574 -0.236405069974 0.0730985754991    9.8810358221 -0.0894219631136    -1.4122517641  -0.012437542744 1744440056.95
-0.00291420198631   -0.488391923457 -0.00287856579406 0.488409100665 -0.356791672664  0.120907161144   9.86674292194 -0.0759371864494   -2.47106441253 -0.0483226461152 1744440056.99
-0.00415779820491   -0.562662049882 -0.00470247560227 0.562697061428 -0.283127740589 0.0978775494316   9.79468253671 -0.0134910147535   -2.45016771422 -0.0699635043696 1744440057.01
-0.00377196440872   -0.644174259499 -0.00732686461259 0.644226968747 -0.176069125319 0.0561892369442   9.73742744206  0.0225304833757   -1.99858790764 -0.0675521111191 1744440057.05
-0.0022728521594  -0.729867977526 -0.0103540225574 0.729944954266 -0.137171723815 0.0321489551951   9.67294775954   0.040738691583   -2.06622422271 -0.0706980919576 1744440057.09
-0.000390703825021    -0.815668292563   -0.0131947180559 0.815775101806 -0.150493699078 0.0102642021801   9.54317147763   0.057049585334   -2.80536195955 -0.0816272926284 1744440057.13
0.00112654798293   -0.89703041681 -0.0152179287288 0.897160199267  -0.133293664158 -0.0162049349808    9.50963178691  0.0342938189995   -2.49242140613 -0.0443087902754 1744440057.15
0.00172728885444   -0.96960070506 -0.0159312372356 0.969733115398  -0.118103447963 -0.0224299392344    9.58279433216  0.00122814626182    -1.64486767126 0.000859049369176 1744440057.2
0.00122572458609   -1.02985856061 -0.0151485578395 1.02997069671  -0.232258668109 -0.0298526124287    9.54369453818 -0.0337174523503   -1.92655116044  0.0514983034203 1744440057.23
-0.000127808346203     -1.07559743422   -0.0130978571356 1.07567718703   -0.248557958875 -0.00758784451305     9.70498025198 -0.0417793905411   -1.08802030442  0.0673095306334 1744440057.25
-0.00170330244405     -1.1061363818  -0.0104296897072 1.10618686252 -0.295719359584 0.0166253436495   9.84883659547 -0.0331126499678  -0.608892202901  0.0651619403714 1744440057.3
-0.00266324508097    -1.12222033091 -0.00810840514406 1.12225278357 -0.561552379622 0.0686748842192     10.11998248 -0.0102036296352   -0.39885047249  0.0660525371007 1744440057.33
-0.00220248261214    -1.12564887422  -0.0071982791453 1.12567404437 -0.403645530856 0.0679965896131   10.1677569816     0.03743817842   0.0452272332349 -0.00624708843325 1744440057.35
0.000214135441203    -1.11874430816 -0.00858853669257 1.11877729502 -0.426140698833 0.0832663252378   10.3056720113  0.0899230408072   0.285187531096 -0.0721422687768 1744440057.4
0.00468485722141    -1.1038059358 -0.0127237631255 1.10388920909 -0.690339122718  0.138737651566   10.7722301335  0.228824243695  0.778013473731 -0.233516859277 1744440057.43
 0.0108189939852   -1.08268727722 -0.0194108744846 1.08291531199 -0.359154906341 0.0641101815768   10.3749521116  0.161877511163  0.582627181758 -0.185485329224 1744440057.45
  0.017805788302   -1.05658127165 -0.0277582185215 1.05709580852 -0.312697822045 0.0352621640824   10.3331881143  0.176938796192  0.728880870028 -0.216898007972 1744440057.51
 0.0245735328931   -1.02602689238 -0.0362716882457 1.02696186773  -0.428536408802 -0.0147293106456    10.5039625403  0.288584309708     1.551616759 -0.363377554806 1744440057.53
 0.0299872366893  -0.991085890125 -0.0430967687478 0.99247559539  -0.134939735992 -0.0536633214524    9.96614891931  0.103560871642  0.910981310592 -0.123526199784 1744440057.55
 0.0330342428565  -0.951601595171 -0.0463635244061 0.953302907543 -0.0465826833306  -0.101725057039    9.72154761424  0.0381269275174     1.0704554357 -0.0188450127566 1744440057.61
 0.0329661392459  -0.907449923583 -0.0445691521875 0.90914164984 0.0903213207768 -0.265551427084   9.14145173832 -0.0900333714792    2.29458802146   0.233246359334 1744440057.63
 0.0293897869842  -0.858719093361 -0.0369219579069 0.860014809092  0.129661155361 -0.151425597722   9.26077659567 -0.130325458867   1.24410303053  0.256963892184 1744440057.65
0.0223172329467 -0.805794140332 -0.023572606816 0.80644771887  0.218016919208 -0.161666816865   9.06903966546 -0.220272246562    1.4002617241  0.400095472558 1744440057.71
 0.0121866370401  -0.749359367946 -0.0056747058641 0.749479938849   0.57198058552 -0.289028666552   8.20109124859 -0.561835595355    2.8875635025  0.958655164919 1744440057.73
-0.000143845847059    -0.690355047672    0.0147525355804 0.690512671747   0.34213701193 -0.114867616161   9.03375354491 -0.312954730158   1.45844109192  0.498480933505 1744440057.75
-0.0134408113634  -0.629929558357  0.0351452376372 0.631052368374   0.413746707415 -0.0838962194092    9.09234672297 -0.333626843447   1.54872650388  0.487761801389 1744440057.81
 -0.02619635248 -0.569416914822 0.0528412500096 0.572463159925   0.912650864088 -0.0872784462748    8.70010246699 -0.600887429687   3.07690985818  0.782594500075 1744440057.83
-0.0367936387338  -0.510348849555  0.0655599099341 0.515856396572    0.452079095141 -0.00343519323446     9.48286168508 -0.213362402153   1.39892737204  0.230891244579 1744440057.85
-0.0437251383336  -0.454488051621  0.0718101177242 0.462199058627  0.467292418969 0.0318845659192   9.68937200607 -0.114240381127   1.34675657416 0.0705118394245 1744440057.91
-0.0458274259676  -0.403851372686  0.0711357750401 0.412621355096  0.90094099701 0.126736173371  9.98524075335 0.0323480480438   2.44085179751 -0.199410774592 1744440057.93
-0.0424819650776  -0.360683267098  0.0641465288241 0.36879793069  0.365827514908 0.0815397512752   10.0561322378  0.147086813959  0.930529965396 -0.228662997838 1744440057.95
-0.0337339367225  -0.327343126801  0.0523350856332 0.333212338215 0.296215485963 0.100854334089  10.1862978932  0.279407964336  0.687735061207 -0.332699741581 1744440058.01
-0.0203006857281  -0.306086242466  0.0377345905493 0.309070873736 0.405124428333 0.230050284675  10.7339185971  0.794231416706  0.750518318002 -0.782830519245 1744440058.03
-0.0034697398632  -0.298744618048  0.0225053200969 0.299611206967 0.0802781708126  0.108875808193     10.25264022    0.430519201115 -0.00314632577358   -0.355058765777 1744440058.05
 0.0150871931317  -0.306344864602 0.00854941934463 0.306835284861 -0.0263392649376   0.106878539956    10.2373760083  0.465413383713  -0.37702810202 -0.317773031256 1744440058.11
  0.0335419237464   -0.328727505889 -0.00276535098522 0.330445882018 -0.257868200185  0.195211150004    10.574704173  0.929599816017  -1.53579801356 -0.511347183088 1744440058.13
 0.0501348214644   -0.36424728352 -0.0107293129798 0.367837874657 -0.188150052034  0.067026977109   10.0747697672  0.362374958376  -0.98314129022 -0.151865069926 1744440058.15
 0.0633626855779   -0.40963271632 -0.0152627158724 0.414785176566 -0.235685402416 0.0380669812507   9.98108121646   0.275408952235   -1.20079693805 -0.0757536901696 1744440058.21
 0.0721110467856  -0.460064735573 -0.0167740698789 0.465983833847  -0.518691110734 0.00289447710636    9.94521121108   0.330386180377   -2.66830002914 -0.0187506175148 1744440058.23
 0.0757283472325  -0.509501588908 -0.0159645121513 0.515346017083  -0.210368918072 -0.0360969839408    9.76765198467 0.0235236990918  -1.10615351948 0.0380406562662 1744440058.25
 0.0740499007113   -0.55123534974 -0.0136387094302 0.556354035659  -0.161379703281 -0.0729757374392    9.66494261523 -0.104346262565 -0.864168190871 0.0674938651186 1744440058.31
 0.0673823956544  -0.578620555885 -0.0105661345166 0.58262661983 -0.180927553344 -0.218839132126   9.29862578805 -0.476228270662 -0.937633362713  0.168605241683 1744440058.33
  0.056456165147  -0.585875194655 -0.0074097721334 0.588635665772 0.00725869886101  -0.113760163559    9.50796520527   -0.3032864878  0.118640718541 0.0709151014611 1744440058.35
  0.0423464428233   -0.568826900207 -0.00471217396572 0.570420431088  0.101160597216 -0.119097074993   9.44604409579 -0.374682154275  0.752032564211 0.0560192420425 1744440058.41
  0.0263612922823   -0.525471131767 -0.00291024647409 0.526139998086  0.384692666841 -0.219651174418   9.01208958021 -0.827612044853   2.87172292675 0.0603554637913 1744440058.43
 0.00989649669719   -0.456229150039 -0.00234568889506 0.456342503224  0.250909375216 -0.081373630521   9.43947823763     -0.3878483047     1.95322042063 -0.00408141174815 1744440058.45
-0.00573309427116   -0.363842447448  -0.0032479826579 0.363902108164   0.315795819526 -0.0551264314442    9.46215249479 -0.376292451891   2.60582407592 -0.042817891966 1744440058.51
-0.0194636707599  -0.252910080395 -0.0056865491009 0.253721658684   0.727347747914 -0.0489027505531    9.23702484581 -0.684409679918   6.45374996294 -0.172199739972 1744440058.53
 -0.0306216743167   -0.129151622261 -0.00951003174612 0.133072420788   0.316805210767 0.00458269334337     9.6619674914 -0.235978882726   3.07288721941 -0.104115129194 1744440058.55
 -0.038997581546 0.00145803977925 -0.0143050136926 0.0415640549415  0.300435831971 0.0225708002507   9.78176699988 -0.175753595644   3.24923306036 -0.122442036599 1744440058.61
-0.0448289021086   0.133503568767  -0.019407763277 0.142160102044  0.542065110722 0.0612667405056   10.0124221685 -0.247847616992   6.68306256078 -0.247720307614 1744440058.63
-0.0486869291597   0.262725495409 -0.0239893842771 0.268273356051  0.213123361327 0.0259671194379   10.0164029285 -0.0780814259975    3.05591398061 -0.0943342407882 1744440058.65
-0.0512876333454   0.386282342096 -0.0272108931493 0.390621174356  0.182867574364 0.0171417192683   10.1180603567 -0.0586889363614    3.07155545533 -0.0567006050096 1744440058.71
-0.0532711347759   0.502645361772 -0.0284182808979 0.5062586021   0.296223437115 0.00898230420423    10.5212274064 -0.0942175038954    5.69554165931 -0.0029659328795 1744440058.73
-0.0550080340198   0.611184256859 -0.0273280100143 0.614262891416    0.122834332009 -0.00471805695668     10.1587963923 -0.0389245132433    2.52770185245  0.0516609469128 1744440058.75
-0.0564885499526   0.711579671404 -0.0241480999556 0.714226655735    0.123654461665 -0.00722817417502     10.1510856177 -0.0298512166494    2.46826540278  0.0994259312204 1744440058.81
-0.0573307800029   0.803241874376 -0.0195916023136 0.805523530363       0.2629479652 -8.41184033487e-05      10.4003950519 -0.0113942644195    4.66306853924   0.252433773214 1744440058.83
-0.0569120930175   0.884913400405 -0.0147647321434 0.886864538621    0.1222578116 0.0148814779003   10.0056116416 0.0332227155018   1.83585329401  0.104903194217 1744440058.85
 -0.054591966045   0.954585933717 -0.0109435936179 0.956208319273  0.124018931989 0.0355884265387   9.93823970193 0.0865799732946   1.55651857173 0.0683435291956 1744440058.91
  -0.049966545729     1.00977915092 -0.00928213384928 1.01105724237 0.234168106519  0.11725365707  9.95546813438  0.302327282693   2.45751983347 0.0113329407613 1744440058.93
-0.0430838911306    1.04813131968 -0.0105122057189 1.04906910709 0.0821719396482 0.0680271523024   9.84257447527   0.187352240405   0.709874555986 -0.0658860635193 1744440058.95
-0.0345579185066    1.06816218592 -0.0147008776536 1.06882216527 0.0453021859115 0.0739372138731   9.83621146008  0.220685095414  0.275301453004 -0.133490503167 1744440059.01
-0.0255454330433    1.07001029155 -0.0211210671396 1.07052356007 -0.00312568397121    0.129467704157     9.90201486127  0.428917836833 -0.309020439026 -0.342981197668 1744440059.03
-0.0175857020093    1.05593429204 -0.0282725938226 1.05645909792 -0.045815480444 0.0415295366517   9.89300181275  0.161064176641 -0.482872564246 -0.157826211138 1744440059.05
-0.0123350573378    1.03040540781 -0.0340658670869 1.03104216275 -0.0845064721715  0.0135249926807    9.94748286816 0.0813114228365 -0.721834279622 -0.101151803414 1744440059.11
-0.0112510435895    0.99969897555 -0.0361529395456 1.00041574495  -0.201258221778 -0.0354779151855    10.1700104045 -0.074334188977  -1.49565321372 0.0428692780178 1744440059.13
-0.0152874561643   0.971001184073 -0.0323631888462 0.971660630971 -0.0933789434527 -0.0412441627911    10.0118381543 -0.163934988632 -0.593638262327  0.183170896064 1744440059.15
-0.0246549039204   0.951161171499 -0.0211762885694 0.951716277917 -0.0704500606235 -0.0549671180428    10.0202853729 -0.300254667065 -0.329580056491  0.387716527356 1744440059.21
 -0.0386872250644    0.945315997457 -0.00214724839949 0.946109743691 -0.0469172530816 -0.0946362883466    10.1418023959 -0.778645625647  0.112719420965   1.12324407746 1744440059.23
-0.0558385705344   0.955675426416  0.0238080633411 0.957601321269 0.0323920424844 -0.022821119439   9.89566668148 -0.435010728363  0.438811009797  0.699483969641 1744440059.25
-0.0738221149994   0.980757828028  0.0543485818921 0.985032684867 0.0930441965522 0.0160124875787   9.77763422283 -0.435622354759  0.762945935702  0.794630744306 1744440059.31
-0.0898872499298    1.01530804462  0.0859171979047 1.02289388895 0.277386487113 0.118638426746   9.4602036291 -0.668184168462   1.71360232592   1.46067168609 1744440059.33
 -0.1012136093  1.05100511996 0.114227253151 1.06202816452 0.183305635083 0.104117070888  9.46124896931 -0.198119171027  0.800652157974  0.627435076741 1744440059.35
-0.105375654695   1.07790079944  0.134968323962 1.09141679047 0.202407839432 0.130291165326  9.30236433634 0.00523630901972   0.452882698619   0.389264995984 1744440059.41
-0.100804909672   1.08635310833   0.14460981048 1.10056199421 0.362452060206 0.235130353421  8.66703705746  0.420741259928 -0.203789030134  0.142385244161 1744440059.43
-0.0871578955113    1.06907689785   0.141133490863 1.08186901911 0.197655845875 0.107667949442  9.04384244662   0.49175266056 -0.884226068097 -0.279883041813 1744440059.45
-0.0654975408046    1.02286652564    0.12451447681 1.03249683393  0.147857901962 0.0360515434179   9.11539935317  0.620824250159  -1.51597012313 -0.562324679598 1744440059.5
-0.0382215739031   0.949580918954  0.0968083837785 0.955267854334  0.171247275632 -0.078995564885   8.84628278894  1.13817396228 -3.34277949142 -1.25740219647 1744440059.53
-0.00872213561574     0.85611902801   0.0617916228749 0.858390395116 0.0802581514951  -0.17563821573   9.27477185295 0.868423770016 -2.96940521752   -1.098258246 1744440059.55
0.0191743023343  0.753326946818 0.0242222840647 0.753960119447 0.0280679092397  -0.23030615071   9.58803373332  0.617962427278  -2.46823355964 -0.890167475705 1744440059.59
 0.0418772745009   0.654017481646 -0.0110962214138 0.655450759819 -0.00482531086698   -0.441929252021     9.82909637674 0.680777970863 -3.31977255158 -1.16974333963 1744440059.63
 0.0566681015552    0.57049070529 -0.0402012487066 0.574706063091 -0.038262430779  -0.44087278636   10.1255026035  0.331998165147  -2.32346849478 -0.809876842582 1744440059.65
 0.0621600689364   0.512069607217 -0.0605741018377 0.519373063047 -0.0487904927913  -0.316458890541    10.2175990322 0.0221339762617  -1.06315384375 -0.378965987143 1744440059.69
 0.0584858743244    0.48317823672 -0.0713241722947 0.491903388369 -0.0957101859084  -0.376068576459    10.5334584044 -0.262589902226 -0.520518761438 -0.217249990011 1744440059.73
 0.0471856409564   0.482386551474 -0.0729629800904 0.490149840578 -0.116966671032 -0.234063348138   10.5102577726 -0.467832491084  0.329491831889 0.0746263817027 1744440059.75
0.0308425919674  0.502647247352 -0.066914649271 0.508018790044  -0.103520166574 -0.0498554233681    10.2214787231 -0.418345882008  0.607961169419  0.217270665229 1744440059.79
0.0125671856849  0.532695822954 -0.054983659319 0.535673386254 -0.179717951915  0.109621542032   10.1667439115 -0.602836899434  0.965440359468  0.475779833512 1744440059.83
-0.00455059654714    0.559329266443  -0.0389811147533 0.560704435096 -0.229085063131  0.294603421042   9.89655452331 -0.541797709467  0.664370428641  0.610964764155 1744440059.85
-0.0179176418433   0.570077335607 -0.0206070734906 0.570730989118 -0.197061652648  0.319666813259   9.67264140013  -0.270141240528 -0.0464208434976   0.476375398047 1744440059.89
  -0.025778526556     0.55568147681 -0.00154712804339 0.556281250543 -0.297636162536  0.510027590199   9.43575860596  -0.15562765685 -0.956216513188   0.60696654151 1744440059.93
-0.0273978850381   0.511828273227  0.0163670128708 0.512822293284 -0.350478458064  0.573995794574    9.3201964499 0.0459030366656  -1.97854268733  0.557297681851 1744440059.95
 -0.02308878606  0.439746524011 0.0311083617038 0.441449688627 -0.377139843789  0.543963870644   9.34857085573 0.224132776974 -2.80290244461 0.408857959706 1744440059.99
-0.0141005178892   0.345537454937  0.0406237702955 0.348202883506 -0.371683877607  0.426629036602   9.50377110498 0.329908927008 -3.20731022367 0.192673456124 1744440060.01
-0.00237870861607    0.238407191603   0.0432034639306 0.242301850093 -0.298028519509  0.224399262447   9.73204878182   0.307323151898   -2.79597024348 -0.0348273865476 1744440060.05
0.00978439517606   0.128236852017  0.0379170132717 0.134082528689 -0.393936326945 0.0931191347177   9.97873625132  0.408805525959  -3.90327030847 -0.331237644426 1744440060.09
0.0201722899159 0.0230905253482 0.0249313537001 0.0395179204745 -0.302767161541 -0.136606738978   10.1863522829  0.274723227799  -3.19343449394 -0.514138059561 1744440060.1
 0.0270721678368 -0.0727194703899 0.00556335333135 0.077794437754 -0.184988860156 -0.262316890653   10.2226641542  0.114041256543  -2.20508034419 -0.518114834346 1744440060.15
  0.029616717565  -0.159525156051 -0.0179767851197 0.163243959079 -0.178465462484 -0.523812309036   10.4442452078 0.0142993923771  -2.76660748415 -0.795230242733 1744440060.19
 0.0279467165178  -0.241924766824 -0.0430728083671 0.247313320684 -0.103187826548 -0.606653394221   10.4039836948 -0.104577819674  -2.70507941115 -0.794887605057 1744440060.21
 0.0231336369543  -0.327220829338 -0.0672541599604 0.33486080443 -0.031255014974 -0.474111612328   10.1784307667 -0.140994320829  -2.30418776418  -0.57950365726 1744440060.25
 0.0168630600921  -0.423058484609 -0.0886279725519 0.432571105963 0.00207085499822  -0.374888566243    10.0172531248 -0.147561093194  -2.51519380689 -0.470124211397 1744440060.29
0.0109522152368 -0.534854398592 -0.106063721171 0.545379401573 0.0138692029816 -0.328092224138    9.8754092604 -0.16660479405 -3.99663132815 -0.50628461977 1744440060.33
0.00683281994738  -0.663670840453  -0.119108225817 0.674308861987 -0.0149238378597 -0.0966087621918    9.68161741847 -0.0969936395038   -4.51804384641  -0.362017920166 1744440060.35
0.0051507093587 -0.805093334531 -0.127717193528 0.81517696768 -0.060976982446  0.100180441193   9.62692039289 -0.0147114818347   -3.42532029733  -0.153993482152 1744440060.39
0.00560549286816  -0.949433240403  -0.131955359287 0.958575566337 -0.197754340456  0.349221862466   9.51001900331   0.033536827946   -4.82903171011 -0.0711114579806 1744440060.43
0.00708248733543   -1.08325372351  -0.131813333707 1.09126694537 -0.290251585015  0.421464380593   9.60655945642 0.0371272974033   -3.7016198212 0.0723139723953 1744440060.45
0.0080373227752  -1.19188853382 -0.127218809819 1.19868573912 -0.343273874241  0.383939752382   9.75521441457 -0.000900081185933     -2.29360331194     0.174111358384 1744440060.5
0.00701219531729   -1.26237312755  -0.118216072756 1.26791566119 -0.656127555603  0.540450166752   9.96613697392 -0.0963837625114   -1.84719110984   0.431700400773 1744440060.53
0.0031212798956  -1.28610430696 -0.105199979821 1.29040345106 -0.499323865456    0.2864334054   10.0863396663 -0.141036636221 0.0232552983345  0.385903356293 1744440060.55
-0.00364313373988    -1.26061618791  -0.0890610435684 1.26376355191 -0.503010227048  0.183004638204   10.2244772656 -0.201758019304   1.25065427187  0.443624395475 1744440060.6
-0.0123685145562    -1.1900864254 -0.0711411071007 1.19227502581 -0.772850900947  0.144470906506   10.6449067543 -0.385511239623   3.81479871989  0.781287384363 1744440060.63
-0.0214405317973   -1.08450331662 -0.0529923608748 1.08600889981 -0.362345285209 0.0116037552224   10.3040124158 -0.206738584851   2.89872840252  0.438062520799 1744440060.65
-0.0289392792469  -0.957743990164 -0.0360289824955 0.95885823778  -0.249461667395 -0.0318114815843    10.2535980316 -0.149443451069   3.32919115978  0.407783574175 1744440060.71
-0.0330870122951   -0.82505160001 -0.0212128254721 0.825987213598  -0.188323957413 -0.0855938510977    10.3734469608 -0.0860114519345    6.00510299443   0.633324210696 1744440060.73
 -0.0326238256284   -0.700498239612 -0.00889872976305 0.701313970408  0.0451780352023 -0.0416379809259    9.93254962736 0.0750687242967    2.8506597963  0.276538308134 1744440060.75
-0.0270279878229  -0.594966199872 0.00110742030502 0.595580823647 0.182678597397 -0.03288736203  9.73400611543 0.205316987926  2.37002865542 0.232719496914 1744440060.81
-0.0165542609216  -0.515002975825 0.00931554978583 0.515353168353   0.553594368141 -0.0542352478986    9.30081772743 0.606111212001  3.21862172676 0.368306250733 1744440060.83
-0.00211376707796   -0.462664650904   0.0162466605151 0.462954642686    0.34971715914 -0.0353766547029    9.40522449346 0.389008025332 0.972694978878 0.158781016981 1744440060.85
0.0149510649063  -0.43622549504 0.0221750471471 0.437044562466   0.392828932057 -0.0574186638819    9.30242076078 0.449729426829 0.398207669336 0.137227003863 1744440060.91
0.0331345727796 -0.431454419984 0.0270020698373 0.433566521093  0.751058393623 -0.165236079324   8.79493521145  0.892207694499 -0.169389665852  0.200633191367 1744440060.93
0.0510230835303 -0.443073930913 0.0302866609117 0.447029244163  0.339562720315 -0.106800419307   9.35858106726  0.423354932565 -0.426046419274  0.054210250382 1744440060.95
0.0674936843688 -0.466031970252 0.0314017257735 0.471939893533  0.293481804355 -0.123714921219   9.45781679343    0.392932717209   -0.679157551263 -0.00681233525732 1744440061.01
0.0818274690193 -0.496317221942 0.0297526005187 0.50389655359 0.431837232138 -0.22961958513  9.41817865542  0.652842439056  -1.62196902286 -0.159615009457 1744440061.03
0.0937248726009 -0.531202633493 0.0249883998203 0.539986119914  0.137018615163 -0.087027888506   9.77024857951  0.263174734392 -0.893364701292 -0.154938732761 1744440061.05
 0.103229603838 -0.568968237714 0.0171525321466 0.578511379313  0.0616779829476 -0.0446648546623    9.90874573519  0.215420881478 -0.984871716207 -0.233096270316 1744440061.11
  0.110586164215  -0.608289910715 0.00674363097017 0.618297171069 -0.0308612712636   0.023250362662    10.1929196509    0.3204057937  -1.96102818557 -0.560714302806 1744440061.13
   0.116069275306   -0.647552826815 -0.00531705978126 0.657894377017 -0.082612977233  0.066603439958   10.0369725876  0.113323523299 -0.932595245713 -0.300922989926 1744440061.15
  0.119827765324   -0.68434361083 -0.0177968188538 0.694983163672 -0.145476565009  0.118147289689   10.0270262873 0.0730974413381  -0.86722088784 -0.307181086568 1744440061.21
   0.12177978635  -0.715301770777 -0.0293146300796 0.726186124335 -0.377925594558  0.299446115197   10.0966632431 0.0448278502326  -1.32927221664 -0.529371827829 1744440061.23
  0.121583096278    -0.7363941253 -0.0385255120737 0.74735732562   -0.204468998 0.154164134712  9.84081318609 -0.0378168693484  -0.345464970012  -0.183228907268 1744440061.25
  0.118687656366  -0.743549021555 -0.0442965047783 0.754263937601 -0.214117414594  0.150998754955   9.71383822587  -0.115888512619  0.0369896839555 -0.0930749658742 1744440061.31
  0.112461971981   -0.73348281427 -0.0458510727649 0.743469605865 -0.391856448151  0.257205293028   9.35785776994 -0.425265098863   1.01797674932  0.037219708576 1744440061.33
  0.102372307411  -0.704494215653 -0.0428685659819 0.713182938076 -0.137214193936 0.0859262815652   9.50172161787 -0.295797836234  0.931883183615  0.125682158646 1744440061.35
 0.0881864450779  -0.657005056411 -0.0355365935844 0.663848885462 -0.0722762034212  0.0503735191834    9.42800954857 -0.405915052526   1.39678300414  0.230747961911 1744440061.41
 0.0701706923759  -0.593686133255 -0.0245631176047 0.598323071287  0.030280400345 0.0316167522428   8.96974392161 -1.03074472339  3.65037992223 0.645340148995 1744440061.43
 0.0492487935157  -0.519107458436 -0.0111580745482 0.521557762567   0.107038663859 -0.0124755375484    9.45076308802 -0.524178064573   1.88263580549  0.335515194398 1744440061.45
 0.0270926021078  -0.438967039397 0.00301024879017 0.43981261051  0.207258824023 -0.031961858538   9.50912181358 -0.540481294191   2.00560665737  0.338920058222 1744440061.51
0.00611638363967  -0.359052615973  0.0158890018697 0.359456049562   0.630491768087 -0.0928419014606    9.38626925902  -1.0058556746  4.12596169641 0.590311733999 1744440061.53
-0.0106489527146  -0.284153368319  0.0251598307168 0.28546375252  0.358300062997 -0.049711999049    9.7363032938 -0.315209861436   1.72486494991  0.152339326271 1744440061.55
-0.0198153011304  -0.217151426879  0.0284216535099 0.219898109912   0.418002119511 -0.0589705029451    9.86706698632 -0.0922108084066    1.57095176504 -0.0214136195234 1744440061.61
-0.0180252607328  -0.158486710572  0.0234468704238 0.161222526915  0.940606698909 -0.152698115654   10.2136940695  0.465209641323   2.97217313447 -0.533266143009 1744440061.63
-0.00243553448799   -0.106114012971   0.0084993640719 0.106481710949   0.417555358545 -0.0886170869934    10.1094365831  0.568351492016   1.24508828428 -0.495219299845 1744440061.65
 0.0287688726295 -0.0559747473925 -0.0173260637306 0.0652764342042  0.388721910917 -0.119521929755   10.2156641382  0.977336130567   1.28732652115 -0.777176416834 1744440061.71
   0.075920450349 -0.00290516371558  -0.0538092129146 0.0931009460312  0.689889186951 -0.334348477798   10.8285999191   2.9160416402   3.0595161225 -2.20050351873 1744440061.73
  0.137575089054  0.0581849301616 -0.0994334173437 0.179441900655    0.2256558925 -0.190887546343   10.3018888112 1.63367099909 1.62700899481 -1.1850636444 1744440061.75
 0.210463020113  0.131088750183 -0.151406286096 0.290521611467  0.129497378948 -0.236261908523   10.3036477841  1.89780473757  1.98437047088 -1.32803415557 1744440061.81
0.289729627762 0.217279787312 -0.20590718692 0.416595166562 0.0532912611532 -0.579532790264   10.7437497524  4.24405884961  4.91747262476 -2.85996848302 1744440061.83
 0.369453936094  0.315307090368 -0.258546414191 0.550237240127 -0.06830655131 -0.28675004501  10.1354720411  1.86527731608  2.47021381804 -1.20263055468 1744440061.85
 0.443372600123  0.420751405231 -0.304967917183 0.683093286494 -0.145325629992 -0.305909089641   10.0053849207   1.7112905851  2.65630338737 -1.04183714284 1744440061.91
 0.505689966668  0.526775693448 -0.341487183036 0.806119389281 -0.399363926649 -0.628224793839   9.86620683806  2.8710658445 5.41150544439 -1.6060926179 1744440061.92
 0.551832702425   0.62518155971 -0.365641192921 0.910529953394 -0.192709132089  -0.26605321324   9.66035700849   0.89768332415   2.21586736897 -0.429167921398 1744440061.95
 0.579016218327  0.707776324705 -0.376543281508 0.988934755051 -0.173382794319 -0.237203321377   9.47601230488  0.445391279024   1.83074818287 -0.119854675771 1744440062.01
 0.586526954126  0.767789736491 -0.374977406907 1.0363990559 -0.226460822972 -0.365864311451   8.83745319333 -0.085867704634   2.40112738316  0.342873482659 1744440062.02
 0.575679904041  0.801070021376 -0.363221233327 1.05121367733 -0.0300069706692   -0.11447332256    9.23923297752 -0.456797843936  0.481342115104  0.373976588916 1744440062.05
 0.549471506543  0.806836215699 -0.344640420707 1.03522009015  0.0596737063372 -0.0540650327648    9.13878362615 -0.842150711958 -0.174789024292  0.530138153216 1744440062.1
 0.512001540719  0.787853528371 -0.323135379985 0.993617247064  0.265361287435 0.0231498678438   8.56987397427 -1.99033892142 -1.38444531768  1.02565767729 1744440062.12
 0.467774347794  0.750009085565 -0.302540395842 0.934268248417  0.193031407327 0.0664031996717   9.23086163092 -1.11912993482 -1.06356148875   0.4558025621 1744440062.15
 0.421003980609  0.701374293483 -0.286073623568 0.866607390546 0.249553878742 0.121310776873  9.26038834609  -1.2695176174 -1.35637533657 0.364431531055 1744440062.2
 0.375038479168  0.650928424299 -0.275919359533 0.800308170258 0.424172757009 0.256180601004  9.08355119904 -2.07093495986 -2.19159706799 0.304229271964 1744440062.22
0.331988375341 0.607172233403 -0.27299684747 0.743909726449 0.195775750167 0.143360509659  9.54456314756    -1.0151182361  -0.911910471109 -0.0125408100153 1744440062.25
 0.292600830761   0.57687226796 -0.276937797435 0.703627318509 0.167175565865 0.151515634654  9.63691619065   -1.0697384802 -0.608725671913 -0.187661617078 1744440062.3
 0.256373497246  0.564144223915 -0.286261781434 0.682592032605 0.149599979887 0.183046064364  9.72161814181  -1.54810971193 -0.150108018344 -0.476443700955 1744440062.32
  0.22186170009   0.57001325103 -0.298708356046 0.680708749971  0.023411812776 0.0609914271837   9.84267203525 -0.852962055523  0.349111256451 -0.312772039918 1744440062.35
 0.187106772705   0.59249459786 -0.311661146614 0.695119747377 -0.0311195974295   0.014663283079    9.92558840659  -1.05791318734  0.842218187438 -0.352038293089 1744440062.4
 0.150105375682  0.627139376504 -0.322586472195 0.721039148322  -0.092977672419 -0.0592624095846    10.0520226903   -1.5989218577   1.54869915709 -0.364503845907 1744440062.41
0.109247133046 0.667908638721 -0.32941069326 0.752694021891 -0.0605231639713 -0.0736800602287    9.99095607365    -1.0537303204   0.988040745844 -0.0998434186711 1744440062.45
0.0636648017341  0.708191242907 -0.330776919264 0.784220258491 -0.0517621575662  -0.122028348192    10.0765051508  -1.47632694129   1.13848204262 0.0502595351331 1744440062.5
0.0134603813371  0.741775404741 -0.326149764072 0.810423100331 0.00100331543028  -0.159298583037    10.1867469973 -2.03885453204  1.08788829339 0.294552097947 1744440062.51
-0.0402129949348   0.763618168744  -0.315769755949 0.827309090588  0.0574478491546 -0.0782999458505    10.0557533871 -1.31028245627  0.34413499998 0.309375202973 1744440062.55
-0.0952211390507   0.770319719624  -0.300488604321 0.832317810148   0.162439413861 -0.0512530291288    10.1402038752   -1.74564710838 -0.0536828539556    0.55101467748 1744440062.59
-0.148667924056  0.760282918398 -0.281535885023 0.824254039849  0.285973827488 0.0266106488431    10.171076929  -1.91653163265 -0.689691454154  0.755428172243 1744440062.61
-0.197247804038  0.733603957807 -0.260273344767 0.803009138867  0.230051508353 0.0797769158003   10.0041610326  -1.06039653556 -0.815866686059  0.518701881565 1744440062.65
-0.237699129705  0.691782510982 -0.237985522173 0.769221052446 0.363220905634 0.200855836199   10.010004423  -1.1794060267 -1.62038099257 0.749731979475 1744440062.69
-0.267305743074  0.637351649254 -0.215738488982 0.724025262484 0.391125761016 0.299867723699  9.92894185008 -0.85430468049 -2.16464160298 0.799225908663 1744440062.71
-0.284376551041    0.5735110202 -0.194317489757 0.668987443752 0.215669749381 0.228829461969  9.82276966597 -0.250869338254   -1.5714802324  0.488415907484 1744440062.75
-0.288623904452   0.50381173788 -0.174234297167 0.606207568211 0.215781600918 0.359617252363   9.7546007457 0.0522162368632  -2.45705279891  0.668662115688 1744440062.79
-0.281367164226  0.431903299317 -0.155780378024 0.538493702139 0.0741538042797  0.362541571525   9.71682741544 0.416316348271 -2.56634009683 0.632896105757 1744440062.8
-0.265509599753   0.36132594023 -0.139095265294 0.469467012122 -0.0672790968893   0.208098773635     9.7635748281 0.420432411327 -1.59084804306 0.367586553238 1744440062.85
-0.245271838687   0.29532444276 -0.124222020615 0.403492145835 -0.282263866016  0.253994056293    9.8220658254 0.700847293548 -2.19491496773 0.492365415054 1744440062.89
-0.225706564397  0.236670713808 -0.111132486235 0.345408322834 -0.449140626955  0.186690895747   9.96010959151 0.591101387879 -1.91887632076 0.436042196689 1744440062.9
 -0.212057984424   0.187503213148 -0.0997209074889 0.300117148942 -0.370005786833 0.0789725083334   10.0192779862 0.192392416815  -1.0106723725 0.246736008932 1744440062.95
 -0.209057111252   0.149208106967 -0.0897801913377 0.272081637944 -0.621855088741 0.0740597669504    10.302554154 -0.14443090178 -1.14773773323 0.330149648307 1744440062.99
 -0.220254481075   0.122368755282 -0.0809848167127 0.264659572358 -0.611669557936 0.0569145572184   10.4465344665 -0.681887414839 -0.752625346656  0.299457749473 1744440063
 -0.247484876203   0.106793905901 -0.0729042500032 0.279228816484 -0.343508087755 0.0491474854501   10.2717224666  -0.81476939561 -0.240667933007  0.184607493011 1744440063.05
 -0.290538108646   0.101608261009 -0.0650602074238 0.314594122435 -0.380517138443  0.131174885406   10.4862818494  -1.76173848142 -0.025245673334  0.280903377741 1744440063.09
 -0.347082670906   0.105366671714 -0.0570237108411 0.367178729707 -0.201128932151  0.221328122009   10.3440248655 -2.15691002724  0.25640787883 0.291481248005 1744440063.1
 -0.412860600637   0.116149642109 -0.0485297484921 0.431624549127 -0.0109058483613   0.220850381053    9.99677494011 -1.55616279426 0.302477706557 0.201041206471 1744440063.15
 -0.482144026934   0.131619098109 -0.0395750878156 0.501350812576 0.141060429662 0.457376121135  9.76366048563 -2.33758344242 0.567393028031 0.311551193115 1744440063.19
  -0.54841500852   0.149052264773 -0.0304631688178 0.569125297152 0.257324100503 0.596989061662  9.38210441116 -2.18112671473 0.598926974228 0.315585888301 1744440063.2
 -0.605198707523   0.165409325432 -0.0217703814585 0.627773581824 0.198788678282 0.460900542526  9.28378030194 -1.14659512973 0.331100652138   0.1889246792 1744440063.25
 -0.646947520415    0.17750535872 -0.0142279496737 0.671007959042 0.255552820194 0.713171500345    8.776025055 -1.06497070095 0.278814600428 0.217983071947 1744440063.29
  -0.669847696967    0.182334750839 -0.00853773073419 0.694272850788 0.181056115626 0.786265748979   8.4862086905   -0.456107028603 0.000605450571563    0.162393459636 1744440063.31
  -0.672411106702    0.177539159871 -0.00516183226587 0.695473575498 0.0211205955533  0.491167830412   8.89050229058  0.169566371126  -0.24503870443 0.0528461640448 1744440063.35
  -0.655733148486     0.16193795488 -0.00413886473569 0.675445773883 -0.109274079622  0.454624979219   8.88169461576   0.652989831351  -0.553074718549 0.00242528799812 1744440063.39
  -0.623346852337    0.135982312627 -0.00497960133128 0.638026084181 -0.326865065334   0.43210935712   8.84253704426     1.3443600444   -1.07397527248 -0.0455226188002 1744440063.42
  -0.580676242664    0.101976889228 -0.00668043604041 0.589600553729 -0.391469583795  0.170621647906   9.35504074875    1.30187121869   -1.05164610522 -0.0421455471865 1744440063.45
  -0.534172343912   0.0639475190744 -0.00786645250267 0.538043919463  -0.392306150653 -0.0220509045487    9.76024190657     1.08847943887    -0.90147260616 -0.00436401951488 1744440063.49
  -0.490281385242   0.0271123720002 -0.00704285439004 0.491080970134 -0.615955265167 -0.264456773362   10.2284035997   1.41958554327  -1.19151507145 0.0883686779377 1744440063.53
  -0.454428827503  -0.0029844119407 -0.00290244793626 0.454447896006 -0.531030005448 -0.422290097407     10.59768194  0.984063770034 -0.796527356597  0.203510152658 1744440063.55
 -0.430197314322 -0.0215212711038 0.00538288347122 0.430768928538 -0.311578435063 -0.396247407738   10.6027708514  0.424387356792 -0.267385837628  0.248753291704 1744440063.59
-0.418836297318 -0.025409534519 0.0179599997824 0.419990535593 -0.293173702768 -0.650792075395   11.1832370901 0.197753603929 0.134450096594 0.517823878369 1744440063.63
 -0.419178701283 -0.0140298597816  0.0342354597324 0.420808373583 -0.0684050969317  -0.575358482139    11.0976055064 -0.152155413327  0.598195357205   0.58336697023 1744440063.65
-0.427969748952 0.0104984114654 0.0529778403654 0.431364085468  0.108269039888 -0.336630864202   10.6315542586 -0.253244064203  0.683189022024  0.454200021295 1744440063.69
-0.440545903536 0.0436134972578 0.0725581100544 0.448606185423  0.389807822798 -0.337257687979   10.7831542679 -0.425641231289   1.22892802864  0.685523434022 1744440063.73
-0.451745172926 0.0791437464698 0.0912697376003 0.467619074534  0.551763319386 -0.125292710924   10.4118255479 -0.280117834975   1.14663787609  0.601463359292 1744440063.75
-0.456890001933  0.110516635625  0.107651828122 0.482235748067  0.457028790109 0.0523535886159   9.98292276377 -0.0108122710242   0.620548498302   0.345444862621 1744440063.79
-0.452667611399  0.132085243031  0.120741032844 0.486757511342 0.722875618847 0.260057243831  9.74594692547 0.336015075015  0.52231354227 0.395750868425 1744440063.83
-0.437746221617  0.140274394883  0.130198934631 0.477755610096 0.683166865292 0.398267255823  9.49632548089  0.705662834545 0.0391117677204   0.27675357485 1744440063.85
-0.413010854904  0.134283241526  0.136293997503 0.455176898555 0.359257053597 0.305901034763  9.51112533042  0.654611411195 -0.279765024093   0.11093337563 1744440063.89
-0.381373187682  0.116181928838   0.13975216093 0.422462324185  0.34099801637 0.455658639477  9.33338642976   1.13055380974 -0.754086058816 0.0897606442415 1744440063.93
-0.347192270586 0.0903818576053  0.141519682898 0.385667179815 0.123195353316 0.426016546127  9.36234014844   1.20128559401 -0.975833396451 0.0500486239913 1744440063.95
-0.315418968201 0.0626057182115  0.142499982054 0.3517312132 -0.0733233725743   0.207290374305    9.60108311224   0.65598170598 -0.600561872064 0.0209927617074 1744440063.99
-0.290630226467 0.0385983904843  0.143329784465 0.326342138559 -0.294709767732  0.190305863798   9.63574124878  0.667945229027 -0.675612904321 0.0297320460576 1744440064.03
-0.276139023193 0.0228748591904   0.14424843849 0.312383788503 -0.449979503995 0.0840483412991   9.74803267379  0.317854274317 -0.382846284564  0.032380040992 1744440064.05
-0.273349119209 0.0177837963713  0.145090223152 0.309979317439  -0.307302380982 -0.0113292999746    9.82254972337 -0.0617936114553 0.00239000643012   0.013310649854 1744440064.09
 -0.28147513505 0.0230812452771  0.145397863403 0.317650018444  -0.391822484327 -0.0811384495536    9.85072841971   -0.410215471983    0.308506711352 -0.00787308120422 1744440064.13
 -0.29767859099 0.0360810226848  0.144623278534 0.332911814789 -0.285430766027 -0.125765184209   9.82594113288  -0.674674677088   0.546005543718 -0.0568106887959 1744440064.15
-0.317593350926 0.0523112531118  0.142356544688 0.351947992706 -0.0503897840148 -0.0801448652328    9.78010385736  -0.443418757018   0.350609401031 -0.0704391173504 1744440064.19
-0.336143913063 0.0664953958225  0.138512884482 0.369594625397    0.11632443709 -0.0997260073641    9.70260829298 -0.514931967618   0.35487799197 -0.148941848045 1744440064.23
-0.348509250922 0.0736177036733  0.133414254116 0.380365123892   0.301227004143 -0.0854493362746    9.63579880795 -0.283212433145 0.0634520528579 -0.204785315406 1744440064.25
-0.351060644955 0.0698374004442  0.127726890338 0.38004604649   0.223650358792 -0.0359617328728    9.69973304746  0.073592454322 -0.236082018635 -0.128250350145 1744440064.28
-0.342105680054 0.0530752723742  0.122254683293 0.367150498365   0.258491254936 -0.0385743880761    9.69118255803  0.474892901644 -0.770219479279 -0.166678962742 1744440064.33
-0.322299211724 0.0231897962161  0.117632138781 0.343877694247   0.068511770009 -0.0440794089274    9.76631470588  0.90424318184 -1.35828618273  -0.1572396355 1744440064.35
 -0.294630101735 -0.0182389751014   0.113999113575 0.316441708624  -0.182609122967 -0.0340430401004    9.85615608447   0.670613874689   -1.05288800209 -0.0789719820416 1744440064.38
 -0.263953797727 -0.0684146108698    0.11076134001 0.294313167826  -0.663496932337 -0.0650704603209    9.97672997063  0.967284719325  -1.74750114992 -0.123333990469 1744440064.43
-0.236109235999 -0.123963047987  0.106537389273 0.287166543844   -1.10160042232 -0.0810646435538    10.0495808287  0.801834018794   -1.9206472349 -0.193568430988 1744440064.45
-0.216727400053 -0.181536838138 0.0993605519608 0.299664660614  -0.974609730617 -0.0579337810517     9.9774477851  0.301230600502  -1.31347397997 -0.222872443492 1744440064.49
-0.209900410456 -0.238242972865 0.0871461820716 0.329260312639  -1.74633410041 -0.082714403503   10.0073237001 -0.00366136802353    -2.03793195461   -0.572893415162 1744440064.53
-0.216925515988 -0.291808952628 0.0683613970948 0.369976249148 -1.05666981283 -0.03643303481  9.84199331248 -0.300016464269  -1.20476877067 -0.523063131263 1744440064.55
-0.235358903664 -0.340476020775 0.0427606207421 0.416108405278  -0.786391639922 -0.0136636946127    9.71972936158 -0.480192066313  -1.04707053522 -0.649427659272 1744440064.62
-0.258601998596 -0.382685541418 0.0119967412718 0.462025041626  -1.11497526331 0.0260912419625   9.15565000877 -1.45335945701 -2.71261743283 -2.23725573017 1744440064.63
-0.276192433731 -0.416689613337 -0.020097228143 0.500316292851   0.19313850728 0.0243924561877   9.51137177764 -0.189947482436 -0.671725017744 -0.696799287571 1744440064.65
 -0.274881681969  -0.440256562958 -0.0477233015047 0.521213290138 0.781110894026 0.027867456711  9.51084372763  0.412159753106 -0.391602396423 -0.505240652236 1744440064.72
 -0.240456036681  -0.450643580504 -0.0639042238967 0.514764501551   4.10445373836 0.0541156704735   9.21118473728   4.18401056486  -0.17154658688 -0.512304403857 1744440064.73
 -0.160110041304  -0.444962259304 -0.0617763293446 0.476909794823    1.65087606391 -0.0072829196222    9.86402643263  2.51535033582 0.346548925201  0.32378544976 1744440064.75
-0.025034354125  -0.42096415514 -0.036174326641 0.423256566053    1.69207873768 -0.0411811669499    10.2368337659   3.7860410983 0.772946434311 0.886049695492 1744440064.82
 0.167234209855  -0.37813266999 0.0148322616688 0.413728888338  4.48416554413 -0.24859016648  12.6315891718  15.854864421 3.71256671116 4.54387589896 1744440064.83
 0.411196082178 -0.318816665688 0.0888457878982 0.527844539942   0.87136751494 -0.118071027526   11.2448306001 6.20595589509 1.52400365307 1.93608375371 1744440064.85
 0.692940005994 -0.249034499249  0.178837689413 0.757738050303 0.0488210848026   -0.1484386464   11.6893845366 6.75281547562 1.63303417827 2.15402891561 1744440064.92
 0.991115272943 -0.178574738069  0.273829771265 1.04363842636 -2.60442241432 -0.52417875883  16.4279462393 20.5191852221 4.50999650981 6.35793178542 1744440064.93
  1.27929902603 -0.120156227269  0.360522810474 1.33454869294    -1.798262836 -0.202606464751   12.2009942181 6.52059124666 1.10121913756  1.8383107624 1744440064.95
   1.52941527282 -0.0876648436752   0.425589427062 1.58994420091  -2.41896395269 -0.213011612621   11.9573538767 5.16397047439 0.31222359982 1.15561425195 1744440065.01
  1.71559704948 -0.093776808535   0.45815935129 1.7781949604  -7.39734566116 -0.595841890687   14.2999483744  9.21780570899 -1.91281637775 0.842842417805 1744440065.03
  1.81775740173 -0.147499642105  0.451954376026 1.87889884613  -2.83348646998 -0.231946407363   10.8033068166   1.37623171142  -2.00793471781 -0.653371753729 1744440065.04
  1.82419696097 -0.252225077687  0.406601089673 1.88590468697   -2.2103291258 -0.202656352728   9.85386390796 -1.03689786956 -3.14038811283 -1.51501923586 1744440065.11
   1.7328116093 -0.404769682486    0.3278394431 1.80940688339  -3.02244419518 -0.369442275296   7.81895702804 -7.51731851069 -9.44204780933 -4.94939490854 1744440065.13
  1.55079896273 -0.595623719984  0.226596124002 1.67663080075 -0.264867677763 -0.119154672884   8.07523232736 -5.56648314721 -5.13399907663 -2.66736190434 1744440065.14
  1.29309264073 -0.810324988936  0.117133761548 1.53050170967    0.90826434175 -0.0774126559075    7.57083412282 -7.14410840643 -5.45670402527  -2.6524805544 1744440065.21
 0.979984513017  -1.03161451523 0.0146628578887 1.42295929428   4.02299438655 -0.167331611239   4.94840633503 -16.8556407998  -11.044607405 -4.71546720954 1744440065.22
  0.634476274491   -1.24188136119 -0.0671181405643 1.39618562626   2.75181124216 -0.174487341969    7.7424195937 -8.67897801218 -4.88121118502 -1.64586276612 1744440065.24
 0.279835845167  -1.42539054553 -0.118111833042 1.45739380835   3.30740346901 -0.413103368817   8.39750606937  -8.85746245795  -4.16957628852 -0.840038235858 1744440065.31
-0.0623320702426    -1.5698980551   -0.13320316835 1.57677147185  6.86215707051 -1.64104139353  9.06676242098 -16.6037346886 -6.15262176202 0.136173818543 1744440065.32
-0.373391024457  -1.66744800603 -0.112754460206 1.71245942383  3.13307293719 -1.36766198814  10.6626269967 -7.10052977777 -1.78060607833 0.875051827745 1744440065.34
 -0.638411791488   -1.71436207192 -0.0622085202347 1.83043077693  2.81512248095 -2.17650676706  12.0288123656     -6.07781499 -0.554529230784   1.56480437768 1744440065.4
 -0.846500281566   -1.71061366883 0.00905303769657 1.90862353757  4.29614260208 -5.82907202683  16.5224272266 -8.76790461009  1.37997415512  3.76991505516 1744440065.42
-0.990883603764  -1.65888678872 0.0893429451052 1.93435722033  1.49233809883 -3.61785152244  14.0747704255 -2.70820493496  1.79002320998  1.91739139676 1744440065.44
-1.06887337689 -1.56363328461 0.166491736051 1.90135710552 0.965924793838 -4.50277190297  15.0683963124 -1.17853666539    2.963929442  1.81878443601 1744440065.5
-1.08174770213 -1.43037054117 0.229569560668 1.80799340687 0.851288168176 -10.0220796969  21.3217107817 0.920204689454  7.99193598872  2.78034762548 1744440065.52
-1.03452660451 -1.26533312448 0.270268611025 1.65661049539 -0.0583181295205   -4.46411177416    14.8834498446  1.76685309265  4.29039633746 0.655433889394 1744440065.54
-0.935585116369  -1.07544832084  0.283790204404 1.45342543011 -0.456504489256  -4.11957035021   14.5148590119    2.99287597559    4.98055117443 -0.0137695958575 1744440065.6
-0.796057202847 -0.868487726196  0.269171463228 1.20848304803 -1.73962474211 -6.78021239416  17.8214285174  8.26056023087  11.3780426098 -1.47444231106 1744440065.62
 -0.62901922487 -0.653186430763  0.229070704889 0.935302671025 -1.09909908896 -1.76870694777  12.1391365571 4.21744276054 5.20980729456 -1.2142974302 1744440065.64
-0.448485269143 -0.439132095685  0.169097619937 0.65005387405  -1.44505751663 -0.276031697197   10.6503937962  4.55777816001  5.26721417928 -1.67095480047 1744440065.7
-0.268285385676 -0.236302956833 0.0968198758375 0.370391986864 -3.57262885013  2.81119261243  7.98387725286  9.23595357999  10.2276942743 -3.94607606749 1744440065.72
 -0.100926778092 -0.0542533760044   0.020602693916 0.116422138532 -1.80218778105  2.69873000416  7.35840448951  3.78904007512  4.07469783897 -1.80348784754 1744440065.74
 0.0434431058019   0.098926912841 -0.0515550515759 0.119715332639 -1.95637683136  4.00544228374  5.72386789361 3.30616189998 3.47400607937 -1.7073832798 1744440065.8
 0.157845588351  0.217656107375 -0.113033717459 0.291660816913  -3.81881481699   9.62971667897 -0.879365170058  5.07735793278  5.21307657427 -2.79901912256 1744440065.82
  0.23893627097  0.299645643579 -0.159325493385 0.415045378414 -1.57398801297  4.73490262143  4.12127380203   1.56980589912    1.5619025131 -0.915708905364 1744440065.84
 0.287045771601  0.346205815988 -0.188399569023 0.487594236662 -1.32264912712  4.81768685863  3.52438248892  0.865955085736  0.807318838701 -0.535661426563 1744440065.9
 0.305773908828  0.361957517561 -0.200669836795 0.514567110529  -1.7289060746  8.25052561001 -1.98216262127 0.360398367326 0.198156155443 -0.25989055693 1744440065.92
 0.301191026696  0.353983235703 -0.198599998763 0.505432611957 -0.3794939944 3.10777796281 4.86966512899 -0.303774247014 -0.381076943105  0.177745329157 1744440065.94
 0.280772869621  0.330594359924 -0.186041151228 0.471950574827 0.0404273654187   2.35359986913   5.53515294771 -0.642199913239 -0.708431717543  0.408849787502 1744440066
 0.252244057601  0.299988234038 -0.167438428198 0.426210783995 0.770315027454   2.6340978472  4.02764923434 -1.45006040577 -1.53093756437 0.970362476233 1744440066.02
 0.222515366356  0.269087542828 -0.147055951092 0.378875502931 0.600851338972 0.533838211863  8.13122849241 -0.671707091943 -0.693815039416  0.474148012465 1744440066.04
 0.196870354107  0.242792011558 -0.128350957231 0.337905113049    0.768425144042 -0.00723826225082     9.07791199913 -0.586053225274 -0.603640416431   0.44564312482 1744440066.1
0.178498609552  0.22374986314 -0.11358498941 0.307940423924   1.36399058835 -0.633183837548   10.0509271616 -0.691829955474 -0.733422727176  0.598980877942 1744440066.12
 0.168403631331  0.212613871269 -0.103704694858 0.290377521577  0.566432467944 -0.412983978394   10.4400714523 -0.155377844641 -0.182864497905  0.182771324722 1744440066.14
  0.165649637551   0.208627882147 -0.0984707133736 0.284010346681 0.443609187844 -0.39118881327  10.7732180732 -0.00728354378485  -0.0308723110395    0.093622642781 1744440066.2
  0.167864231448   0.210327550015 -0.0967712509115 0.285973344034 0.399419751573 -0.36554447185  11.4324239044  0.143032124439  0.172412094099 0.0329602455564 1744440066.22
  0.171887111718   0.216146584587 -0.0970333531931 0.292711456618  0.0420264257387 -0.0067911253695    10.4855865695  0.0796265151462   0.174865259603 -0.0105168531875 1744440066.24
  0.174448529043   0.224787116734 -0.0976408869997 0.300824334037 -0.0953243230407   0.176650946836    10.2748919126  0.0123802537834   0.268122563386 -0.0034701086668 1744440066.3
  0.172772076315   0.235312506415 -0.0972814033035 0.307710639169 -0.285146398718  0.479661599112   10.0232259678  -0.21845162967  0.515126954121 0.0572608487337 1744440066.31
   0.16502063382   0.247018871002 -0.0951696338299 0.311941326888 -0.156299364004  0.273427484911   9.67552203779 -0.269216971553  0.289326289581 0.0745141141665 1744440066.34
   0.15053716212   0.259208270438 -0.0911272038662 0.313296236695 -0.131061613463  0.262596801192   9.47014467861 -0.488986679793  0.333662034645  0.134099140409 1744440066.4
  0.129868257483    0.27100523688 -0.0855294868794 0.312449829323 -0.0733999711967   0.257802777412    9.14285907901 -1.03768995723 0.499600324931 0.270397264741 1744440066.41
  0.104592402539    0.28132857396 -0.0791550948242 0.310404359234 0.0477634304922 0.0317929951059   9.48309610252 -0.639852018586  0.218585861014  0.151805941951 1744440066.44
 0.0770016084551   0.289065509664 -0.0729867875983 0.307920749131   0.149515163054 -0.0716766212149    9.54525470513 -0.77463975118  0.17059991197 0.157239769013 1744440066.5
0.0497011308411  0.293417349555 -0.068013024114 0.305269904963  0.340097295448 -0.216233151502   9.64708347775 -1.13723937487 0.115309610879 0.173818142398 1744440066.51
 0.0251958939341   0.294318314759 -0.0650686893838 0.302476507867  0.217281294383 -0.129542839824   9.86135541429   -0.533603980961 -0.00756493503244    0.039582861962 1744440066.54
0.00552525671819   0.292791065589 -0.0647360479484 0.299913141517  0.258811524527 -0.111077139488   10.0089456829  -0.476388460679 -0.0461269007174 -0.0321309935519 1744440066.59
-0.00800736082858    0.291103368633  -0.0673081507745 0.298890742944   0.339147105416 -0.0385989022308    10.2237080673   -0.430629473907 -0.00338153272871   -0.169361251942 1744440066.61
-0.0149829865526   0.292630023905 -0.0728016866608 0.301922020325  0.159759620577 0.0656330650403   10.0619220708 -0.0951886840836   0.124302586458  -0.165378345996 1744440066.64
-0.0158868875293   0.301392885275  -0.080997835694 0.312491142077 0.152853692325 0.181931016805  10.0650512202 0.0440266150721  0.425128387675 -0.276781106044 1744440066.69
-0.0120104397266   0.321333435179 -0.0914891282667 0.334319738898  0.17313776076 0.351477540573  10.0034068897  0.218529232716    1.1114673365 -0.467141579166 1744440066.71
-0.00525897750288    0.355447780827     -0.1037167123 0.370307896418 0.0990946851894  0.226414176226   9.79260109642  0.170334799359   1.00937266109 -0.307817031865 1744440066.74
0.00210260711111   0.404964752422  -0.116993230802 0.421530885837 0.149951435185 0.255280430598  9.60153966129  0.196037466587   1.70995862636 -0.404450178543 1744440066.79
0.0077316529958  0.468760001546 -0.130518032048 0.486652518947  0.27247471491 0.244720072016  9.27931558489 0.150469471149  2.81772101455  -0.5383868074 1744440066.81
0.00948271812247   0.543166167816  -0.143399613275 0.561856615953  0.215148501742 0.0621273403912   9.37085942679 -0.0251584174071    1.85092307047  -0.291600821768 1744440066.84
0.00564516125522   0.622264716747  -0.154701695763 0.641231518428   0.345634034198 -0.0316697855875     9.1403746887 -0.220990269605   2.39202745364 -0.309597384142 1744440066.89
-0.00488118785335    0.698642956441   -0.163522796635 0.717541296093  0.512934189889 -0.155336242255   8.90681896287 -0.549291336333   2.77692834413 -0.281238980935 1744440066.91
-0.0224883294849   0.764492861791  -0.169106136071 0.783295567426  0.342477349427 -0.133957691088   9.27965342162  -0.505029061242     1.3743524808 -0.0895217879096 1744440066.94
-0.0468461332846   0.812843566438  -0.170961530825 0.831947756007  0.465068945358 -0.175066737358   9.20676215453 -0.887739887991   1.20890126676 0.0022282556367 1744440066.99
-0.0769669291451   0.838680412707  -0.168969393036 0.858987426348  0.496975764505 -0.125989353429    9.3247296151 -1.21251512034 0.505398407767 0.141530346294 1744440067
-0.111333733124  0.839723173737 -0.163434241322 0.862694012892   0.265678702148 0.00382319950121    9.67162238743 -0.842250970619 -0.260228596264   0.16471792051 1744440067.04
-0.148070932082  0.816711551265 -0.155063676198 0.844385873031 0.290974293762  0.15350196568  9.87377628065 -1.25459416045 -1.13157453802 0.315633715685 1744440067.09
-0.185135254713  0.773158283409  -0.14486708294 0.808105974152 0.206317355683 0.326810396228  10.1550174513  -1.3320940322 -1.87686634377 0.387512015398 1744440067.1
-0.220509172884  0.714649014481 -0.133991073209 0.759803340953 0.0639533671709  0.292285991571   10.1830390744 -0.789760945817  -1.47143418606  0.250593909871 1744440067.14
-0.252385849778   0.64786109679 -0.123528233953 0.706174087946 0.00631596282195    0.51142193924    10.5417373174 -1.03575611084 -2.37911051057 0.345884372006 1744440067.19
-0.279339757664  0.579516369712 -0.114344961872 0.653410049878 -0.0663727457464   0.529304851866    10.6618928214 -0.86259476502 -2.37473459839 0.297016054062 1744440067.2
-0.300476238428  0.515467631855 -0.106969337408 0.60616440715 -0.0772879936978   0.306387032331    10.3873795254 -0.422366306054  -1.39356108108  0.149112081001 1744440067.24
-0.315546332813  0.460055907823 -0.101562602841 0.567041346614 -0.154511562451  0.363893497604   10.6825188675 -0.445504026841  -1.81042455815  0.163384976624 1744440067.29
 -0.325004375373   0.415790998613 -0.0979738427767 0.536757740892 -0.167043934223   0.21163575572   10.5785074055 -0.252223113025  -1.34058301461 0.0997286790867 1744440067.3
  -0.32998178211   0.383330512185 -0.0958548456371 0.514799387654 -0.117120975991 0.0476750817447    10.257324254 -0.0833875396339  -0.630816987855  0.0370305230532 1744440067.34
  -0.33215669455   0.361684540271 -0.0947976593645 0.500130355634  -0.189465477479 -0.0459937724409    10.4075733165 -0.065656673183 -0.645685118501 0.0260026218632 1744440067.38
 -0.333517264498   0.348561641727 -0.0944546557222 0.491579765439  -0.17313483061 -0.108259101685   10.2533655565 -0.0658703490334   -0.35416772485 0.00318448393533 1744440067.4
 -0.336042983329   0.340788976861 -0.0946097778007 0.487865784259 -0.118868387866  -0.08214097803   10.0507009665  -0.0912341534244   -0.160539146105 -0.00851869006931 1744440067.44
-0.341356111668  0.334768102971 -0.095186582386 0.487497859694  -0.193133698727 -0.0869847730012    10.1046663488  -0.269445888183  -0.259457451747 -0.0297816116926 1744440067.48
 -0.350414637571   0.326950083968 -0.0961982638188 0.488815795155   -0.176434314027 0.000214009341944     9.99150600005  -0.365792006003  -0.340565235977 -0.0412136921058 1744440067.5
 -0.363321140631   0.314317887687 -0.0976613766022 0.490240482039 -0.130810595523 0.0643463747587     9.876021493  -0.336064070214  -0.373412964828 -0.0384562232872 1744440067.54
  -0.37930443798   0.294849579987 -0.0995041590742 0.490621248177 -0.232453008993  0.193190389219    9.8008758584  -0.627452075312  -0.867287681182 -0.0717455078548 1744440067.58
-0.396894873439  0.267911020898 -0.101500338342 0.489493794 -0.237093081536  0.214720582223   9.67946433311  -0.577779663006  -0.997217080243 -0.0619160258339 1744440067.6
-0.414267492276  0.234505201058 -0.103250869995 0.487104697817 -0.199406671374  0.146493139235   9.61750189312  -0.383247182937   -0.82536472383 -0.0318149898004 1744440067.64
-0.429682062186  0.197300224027 -0.104222143282 0.484165579235 -0.378844252586  0.160569311599   9.33604167796  -0.511271776393   -1.37067704818 -0.0107781047725 1744440067.68
-0.441917684264  0.160377339351 -0.103833762851 0.481449458355 -0.399797267777 0.0320106543571   9.24433566939 -0.343950508391  -1.12863725533 0.0435243308003 1744440067.7
-0.450592556987  0.128684644506 -0.101576078599 0.479490448171   -0.32729014155 -0.0762323158725    9.32400980451 -0.168339518577 -0.622755889066 0.0785694379737 1744440067.74
 -0.456280571837   0.107243215555 -0.0971301437975 0.478672468764 -0.527796795167 -0.260037597328   9.02283858663 -0.169107292788 -0.491739787224  0.191975603553 1744440067.78
  -0.46038269188   0.100216334419 -0.0904620277265 0.479769647985 -0.518439720577 -0.363731620979   9.05371836423 -0.140477504133 0.0456455500593  0.252473912271 1744440067.8
-0.464772012384  0.110002351098 -0.081868858874 0.484578219482 -0.360355964293 -0.315173464508   9.30380644002 -0.13313089467 0.443210532372 0.225756734029 1744440067.84
 -0.471291301864   0.136532554257 -0.0719637507583 0.495918754442 -0.290219197347 -0.301119733295   9.42005346129 -0.193328303353  0.786572905833  0.238199643157 1744440067.88
 -0.481223869792   0.176938154406 -0.0615985389274 0.516408659242  -0.28180826004 -0.352394540895   9.44468002769 -0.393022031031   1.48618510809  0.337179238697 1744440067.93
 -0.494870258643   0.225694717349 -0.0517350254748 0.546361776838 -0.125357603239 -0.237677811722   9.63731808422 -0.556647507826   1.81741021469  0.338477073279 1744440067.94
 -0.511340643792   0.275267046447 -0.0432856256801 0.582335681754  0.0519279659149 -0.0215956219122    9.84003313411 -0.387943982111     1.051523725  0.169922506181 1744440067.98
 -0.528622083594   0.317179174731 -0.0369514614853 0.617583473429  0.25516911957 0.169897233672  10.0108082514 -0.537668408792    1.1236726133  0.168314530853 1744440068.03
 -0.543914655202   0.343343436891 -0.0330884867766 0.644067322379  0.48246030491 0.435332460365  10.1672207609 -0.505411307398  0.598299982807  0.105303594494 1744440068.04
 -0.554167604599   0.347419663131 -0.0316289941291 0.654830168507 0.341315460797 0.362878122452  10.0367531381 -0.146334303587 -0.199008625135 0.0115785582533 1744440068.08
 -0.556700359871   0.325955405205 -0.0320768304343 0.645903351836 0.494666823951 0.613699953739  10.0969010879 0.0706757959358   -1.0988955275 -0.031396139449 1744440068.13
 -0.549772778416   0.279087148819 -0.0335812972322 0.617468580615 0.540191598359 0.815783075378  10.0774204027   0.477051907769   -2.31858217015 -0.0603836595338 1744440068.14
 -0.532977448593   0.210656591352 -0.0350795984233 0.574170478529 0.211175841026 0.439641825792  9.89890455395    0.48297662239   -1.72399239925 -0.0216664033859 1744440068.18
 -0.507362006363   0.127701252949 -0.0354838507981 0.524388137903 0.110100308986 0.517584289731  9.85878756352  0.921263101471   -2.7329025265 0.0191582249748 1744440068.23
 -0.475244752383  0.0393940811303 -0.0338790119886 0.478076621212 -0.129136457382   0.45140024754   9.81825983704  1.34739050017 -3.42962460109 0.115367573383 1744440068.24
 -0.439752577136 -0.0443906251778 -0.0296949308177 0.442983798369 -0.224866065215  0.116177803187   9.81684153669 0.807697397665 -1.75052764022 0.125679599592 1744440068.28
 -0.404174073584  -0.114637847173 -0.0228202485457 0.42073659397  -0.505856252608 -0.0574444746838    9.86726378444  1.10728729044 -1.94376725573 0.259627902147 1744440068.33
 -0.371269155637  -0.164608596989 -0.0136374837495 0.406352995674 -0.789789640753 -0.341727951492   9.97714206512  1.22689044961 -1.52135383851 0.396053917823 1744440068.34
  -0.342696808487    -0.19087014099 -0.00297470185786 0.392277149628 -0.497535850272 -0.327210418517   9.96538002154  0.597751713605 -0.331630126054  0.246229733018 1744440068.38
-0.318706446183 -0.193770166192 0.0080144858243 0.373074936343 -0.704857672124 -0.596076362302   10.0971923368 0.721520715077 0.220162580667   0.3402990424 1744440068.43
-0.298185441036 -0.177288081151 0.0180187019393 0.347376301125 -0.783508016265  -0.79568571123   10.1916862649 0.796253442202 0.913436178486 0.356446454993 1744440068.44
-0.279075300624 -0.148306598652 0.0257555473921 0.31708235341 -0.352606128553 -0.412520298748   9.99775810306 0.445134619209  0.70399138406 0.138099997078 1744440068.48
-0.259079473939 -0.115441029241  0.030151063047 0.285233047965 -0.329677746345 -0.426564020611   9.97151006943  0.685953899317  0.977839805847 0.0763439294675 1744440068.53
 -0.236507701132 -0.0876257084866  0.0304931512113 0.254055091965 -0.174685421496 -0.223737789137   9.81698343171   0.963514810437   0.857865420026 -0.0722754383053 1744440068.54
 -0.211053097252 -0.0726807443314  0.0265484952528 0.224790398052 0.0327780068654 0.0872237501588   9.68610136377  0.595377909601  0.131732169377 -0.135171989549 1744440068.58
 -0.184290000989 -0.0760721207421   0.018637873573 0.200242708606 0.206578302074 0.430637815639  9.46671289671   0.82644007269 -0.440506987237 -0.303990483842 1744440068.63
 -0.159716839771  -0.100043865828 0.00766541556432 0.188618669787 0.394250001271 0.842703760722  9.24044096711  0.839537128058  -1.34144525907 -0.470123266072 1744440068.64
  -0.142246130599   -0.143251461264 -0.00490581616389 0.201938133737 0.255031803451 0.569941444451  9.46419376212  0.257506276259  -1.15182487494 -0.283144339397 1744440068.68
 -0.137154441689  -0.200965411225 -0.0171433595575 0.243910500308 0.317387148257 0.750804202564  9.40116392061 -0.102889259501  -1.97481431951 -0.352879782866 1744440068.73
 -0.148633265429   -0.26584351201 -0.0268118028793 0.305750704404 0.227093580163 0.605705665188  9.53492424825 -0.814977827498  -2.54566654949 -0.287434053765 1744440068.74
 -0.17820485689 -0.329190579193 -0.031621406508 0.375663841484 -0.0231057461158  0.0272823568275     9.8392241813  -0.855903564902   -1.33667097766 -0.0313579921382 1744440068.78
 -0.223357168941  -0.382540389156 -0.0295494846403 0.443958045647 -0.310457468708 -0.550927225123   10.1412571814  -1.5919830959 -1.45555570743 0.200537446511 1744440068.83
 -0.276779955366  -0.419318136179 -0.0192041901514 0.50279582729 -0.708431923127  -1.36335676676   10.4772186352 -1.94172857511 -1.01160267014 0.552792455957 1744440068.84
   -0.326527054418    -0.436289884818 -0.000177957072277 0.544948449425 -0.619137351901  -1.19636827591   10.2967007877 -0.927254941372  -0.17483823798  0.528517285807 1744440068.88
-0.357279924325 -0.434496780263 0.0266792268066 0.563159104985 -1.06698137261 -1.99817014026  10.4190884296 -0.439661829838  0.283816260418  0.998020613324 1744440068.93
-0.352659250652 -0.419420687385 0.0591414305639 0.551162379781 -0.744752510985  -1.29183282059   9.97727959848 0.703111011209 0.408146177692 0.798562805294 1744440068.94
-0.298265124055 -0.400239508263 0.0937056617591 0.507872522635 -0.551358797238 -0.774853720105   9.51997036396  1.94002034007 0.361063079073 0.772400294378 1744440069.01
-0.184884168561 -0.388195557173  0.125939453306 0.448038717404 -0.593281527204  0.230925528755   7.08849752837  9.89548321021 0.204937341494  1.97685063732 1744440069.03
-0.011156480098 -0.394293433578  0.151062224721 0.422387943185 0.332526237863  1.27108131104    8.139008476   4.69899033929 -0.452763267833   0.45538276215 1744440069.04
0.214990643763  -0.4267248185 0.164691628433 0.50540912151 0.991117803297  2.62973066805  7.41587996927   5.6511474701 -1.09187089204 0.145674191203 1744440069.11
0.476631273908 -0.48854000083 0.163636323507 0.701872887387  5.28355065959  12.3712928983 0.476769629173   19.0201828297  -5.31107502721 -0.643778820571 1744440069.13
 0.749970470922 -0.576109186963  0.146584090496 0.956997595684 2.45737345745 5.31715793397 6.29256849553   6.23311507867   -2.2321117377 -0.576043748313 1744440069.14
 1.00798142479 -0.67881932243  0.11453071119 1.22063078326 3.00589883297 6.09450185331 6.20988253279   5.50821939754  -2.36794863342 -0.878784331423 1744440069.21
  1.22481180823 -0.780240470528 0.0708276441707 1.4539448795   10.2325279355   19.4989836803 -0.432128235524  13.1821415951 -6.44499830156 -3.32150119398 1744440069.23
  1.37999636132  -0.86070445974 0.0207941929667 1.62654066126 3.41849790024  6.1040045938 7.04631494905   2.7781284305 -1.41622326458 -1.17228589613 1744440069.24
   1.46155027721  -0.900924065894 -0.0290688059732 1.71715997531 3.05077361479 5.05655826885 8.01536378063  1.01482902621 -0.29412122118 -1.08005640005 1744440069.31
   1.46731130321  -0.886010374994 -0.0721328512608 1.71558153212 7.08372204896 10.6441358458 7.87445827787 -2.00791328395  3.22405126844 -2.58698034633 1744440069.33
  1.40435283247 -0.809083698219 -0.102761562817 1.6240022314 1.32558774283 1.64182022825 10.3914685178 -2.12249104113  2.49622663364 -0.53060922664 1744440069.34
  1.28676184051 -0.673669135979 -0.117269065697 1.45716786018 0.0330233051054 -0.421969648516   11.5019814435  -3.17189187969   3.67247120362 -0.137141813027 1744440069.41
  1.13242781355 -0.494244214597 -0.114518675453 1.24088058394 -4.07421544278  -7.0727420786  17.3811044865   -11.35178863  13.1527438863 0.736649933154 1744440069.43
  0.959638046825  -0.294647325613 -0.0960410699507 1.00843746188 -2.77161899863 -4.06436797462  12.8558303264 -4.10191066434  4.59103078899 0.575571969351 1744440069.44
  0.784208271796  -0.104502270327 -0.0656571999563 0.793860318924 -3.94949412044 -5.22722071507  12.8646131367 -4.00248973071  3.98360917321 0.788134004905 1744440069.51
  0.617645603103  0.0457318702472 -0.0286990172655 0.620000910146 -14.0622036659  -17.165413162  17.5456652904 -10.8584397994  8.01987585124   2.5516673229 1744440069.53
  0.466530023441   0.130129975143 0.00899525661182 0.48442232385 -5.31615163038  -6.0951709733  11.7297277982 -3.38578973231  1.02607647523 0.842069930028 1744440069.54
 0.333002371126  0.131994085936 0.0420937741909 0.360672848608 -5.15664204704 -5.70789338186  10.7297416726  -2.95237766504 -0.981026233032  0.678733498782 1744440069.61
 0.216029714172 0.0468928684254 0.0665837397417 0.230870467822 -12.5619948897 -14.1338105528   9.5129171933 -7.24442493304 -8.18565681797  1.25595104399 1744440069.63
 0.113015115547 -0.116575013079  0.080232512029 0.181106062856 -3.40650951574 -4.34756171283  8.78728001214  -2.3487777483 -4.64802583525 0.193628890302 1744440069.64
0.0213254476031 -0.338409854192 0.0826347991065 0.349005034567   -1.781118617 -3.46600096606  8.17924610671  -2.07061238212  -5.65620381528 -0.063770942089 1744440069.71
-0.0605966538591  -0.590822902725  0.0748855981457 0.598624681794 0.122336801165 -7.14891134515  4.91852934165   -4.7906293182  -15.6920181662 -0.734695084702 1744440069.72
-0.132725410249 -0.843013466653 0.0590094253737 0.855435474929  1.96350486118 -2.25595241521  8.03080925923  -1.62745982941  -5.81680039042 -0.459599709423 1744440069.74
-0.193573067399  -1.06610176382 0.0373326460429 1.0841758297   3.6537516688 -1.88404864481  8.51880197016   -1.3076609714  -4.76986345792 -0.568866011712 1744440069.81
-0.240810689925  -1.23726858105 0.0119895606542 1.26054237517  11.9758000104 -4.13043815313  8.27151587027 -2.28500157958 -8.03571444059 -1.53061579833 1744440069.82
 -0.272147671868   -1.34242677359 -0.0153008103286 1.36982046727  5.88454327723 -1.70885475758  9.82275441335 -0.559864150201  -1.72600958434 -0.680398065951 1744440069.84
 -0.286181360367   -1.37714217717 -0.0431490232479 1.40722499458  6.01508833485 -1.70580337585  10.2976413367  -0.132657481527 -0.0428189493136  -0.673513611768 1744440069.9
 -0.282956322293   -1.34591557082 -0.0701772718885 1.37712666578  12.4471153641 -3.79037417487  11.2152707062 0.609578334321  3.22311920496 -1.41960013578 1744440069.92
 -0.264070705185    -1.2602330396 -0.0946408288625 1.29107611624  4.50570345851 -1.57889386936  10.1600978171 0.619740661344  2.56944015547 -0.53873776155 1744440069.94
-0.232309862888  -1.13593572821 -0.114204010607 1.16505811317  3.13054416032 -1.36347146723  9.49294447074  0.903014582236   3.33103165245 -0.387940356196 1744440070
-0.190935485482  -0.99045253269  -0.12606014782 1.01653516417 3.39165794177 -2.1897103264 7.02582348993   2.43352518066   8.04294748759 -0.361466174927 1744440070.02
-0.142867758835 -0.840324180076 -0.127489385867 0.861863949613 -0.000994628078151    -0.487402143005      7.54456857874  1.23172380242  3.55428431702 0.113056825709 1744440070.04
-0.0900327842621  -0.699285886573  -0.116798542999 0.71466674265 -1.29028175967  0.10906039385   6.6291560392  1.36055308012  3.26336090293 0.409904958178 1744440070.1
-0.0330929667591  -0.577023343216 -0.0944166361062 0.585632635906 -4.74436641793  1.67486386799  1.75426460525 3.20424145709 5.97303229974 1.43509059481 1744440070.12
 0.0283513073335  -0.478605887159 -0.0637776022561 0.483668248286 -2.54252343744   1.3999050058  6.19554654487  1.56902559622  2.11011093725 0.768860927283 1744440070.14
 0.0951627733383  -0.404538050053 -0.0315681857695 0.416777563843 -2.52544794689  2.00086689717  6.76639396848  1.73508829612  1.58251588495 0.705956217775 1744440070.2
   0.167883828607   -0.351342950814 -0.00700593755487 0.389455943793 -4.52649541278  5.23647637319  5.81533951868  4.03896551857  2.46172070723 0.843569602376 1744440070.22
    0.246044853483    -0.312576497191 -5.52808516962e-05 0.39779660579 -1.45975711551  2.62181185334  9.55250262366   1.96415247658  0.874367191118 -0.145384703181 1744440070.24
  0.327805014756  -0.280152022411 -0.0188431520573 0.43162060625 -0.845648895767   2.63406168268   11.3322108689   2.04881770934  0.833912579482 -0.834979874516 1744440070.3
  0.410044878302  -0.245824983326 -0.0668922276038 0.482743508255 -0.7898163006 4.90224103853 16.6048324766   4.2325089341  2.03648801861 -3.21036753633 1744440070.32
0.488869874022 -0.20265504338  -0.1410112097 0.547674156406 -0.203228313093   1.76030004034   14.3820926395  1.85668150371  1.23012365266 -2.02297810848 1744440070.34
 0.560345057068 -0.146245273758 -0.230654278735 0.623358371546 -0.392446992251   1.05811869927   15.3865619515  1.66805619732  1.60175626224 -2.24648600501 1744440070.4
  0.621214216548 -0.0755709680633  -0.319248438039 0.702522340745 -1.82388205916 0.488985807963  21.8310956831  2.79540620211  3.92220918373 -4.01995137066 1744440070.42
 0.669379990935 0.0067406567439 -0.387452647258 0.773456244777  -1.56933781587 -0.522496305939   15.3849347721  1.02427569049  2.10665707817 -1.21790058772 1744440070.44
 0.704021172549 0.0947404643003  -0.41770888313 0.824076621449 -2.35046492315 -1.14883265052  14.8624489927  0.714070800102   2.21098839349 -0.146859268533 1744440070.5
 0.725357619916  0.180065049722 -0.398965278282 0.847195604436 -5.72496019343 -2.92130696914  17.7880380815 0.757709198627  3.98198471889  2.19606720442 1744440070.52
  0.73419239676  0.253299122389 -0.330263678393 0.84396268764 -3.00526919243 -1.42947195628  12.6277866662 0.0744392223816   1.54000736849   2.17013506782 1744440070.54
 0.731425290153  0.305593723651 -0.222073801731 0.823217621547  -2.9318665606 -1.16831584524  11.6749273438 -0.212065945042  0.991469048978   3.03233691949 1744440070.6
  0.717724854517   0.330289600249 -0.0947938281679 0.795742456252 -4.40395477858 -1.09634618561  11.6192140605 -0.950772224493  0.468042769693   6.20062713992 1744440070.62
 0.693476269558  0.324275132561 0.0254173648895 0.765969803893 -1.18806278761 0.192104538352   10.012009129 -0.722686472406  -0.51039789459   2.55261164399 1744440070.64
0.659017468113 0.288827462017 0.112567405016 0.728283424749 -0.0399826053269   0.995641205686    9.51739239085 -1.02363292171 -1.23411323252  1.58842761983 1744440070.7
0.615071768495 0.229749028331 0.147081950276 0.672852878804 2.16441970556 3.10928314685 8.65180385839 -2.34883635696 -3.23892894067 0.201678926808 1744440070.72
0.563213282856 0.156718238083 0.120793472025 0.596959689608 1.99652148327 1.94803020981 9.03783021751 -1.34458499425 -1.82551637946 -1.33024189136 1744440070.74
 0.506181100738 0.0819103283514 0.0393528528605 0.514273522226 2.74372357669 2.18253998344 8.83940761486 -1.54241378014 -1.85417929932 -2.66722109759 1744440070.8
  0.447893296577  0.0180888157396 -0.0786237688844 0.455101425407 5.04767944005 3.36513248661 7.90693805515 -2.68202066684 -2.50018477815 -5.80800076835 1744440070.81
  0.393091031664 -0.0235124496133  -0.205547276431 0.444210622689 2.30852253378 1.21072346535 8.73599326177  -1.25547914861 -0.659949574097  -2.88241503605 1744440070.84
  0.346645074699 -0.0351328733507  -0.311076372688 0.46708204445  1.84178738636 0.531350709754  8.54870178923 -1.11392621945 0.133350747709 -2.26502161798 1744440070.9
  0.312656462162 -0.0138834366701  -0.369100333693 0.483923412822  1.48067708365 -0.56897239196  7.73187641459 -1.19797873096  1.64302095649 -1.19030581742 1744440070.91
 0.293555385297 0.0376793310789 -0.363826028844 0.469003065546 -0.0252154921248   -1.00764037611     8.7225631572 -0.286770615053   1.55326904672  0.933026635348 1744440070.94
 0.289428358492  0.111929643717 -0.293526204843 0.427147109052 -0.821168657068  -1.72460976329   8.69268045487 0.0602754669407   2.28349480026   2.75508297645 1744440070.99
 0.297772537082  0.197443239375 -0.171067620133 0.396126807062 -1.97583956153 -2.91067259376  8.46226188114 0.523982388773  3.63514639749  5.85951285279 1744440071.01
  0.313789399984   0.280935232678 -0.0211051487344 0.421703473789 -1.24385062892 -1.50483175089  9.28397648017 0.409047575198  1.86057931553  3.62717610016 1744440071.04
0.331204535112 0.349510841732 0.125386268329 0.497570084362 -1.29790464255 -1.25962327395  9.49573787092 0.435140443368  1.64049573171  3.79853158819 1744440071.09
0.343466026692 0.392817224314 0.237955128696 0.573495358727  -1.21400347843 -0.638659934395   9.79986256128 0.288431249954  1.14840588386  3.49375543473 1744440071.11
0.345067417752 0.404706719412 0.293306774768 0.607361437413 -0.237854272524  0.400030588453   10.0247035055   -0.1310251625 -0.105804824775  0.514153318945 1744440071.14
0.332694345989 0.384118927227 0.280224073669 0.580308891515 0.286212344751   1.4091915394  10.2832594695 -0.588093011886  -1.04662248551  -1.37615066126 1744440071.19
0.305923368398 0.335042497258 0.201708833094 0.496516903689  1.0139344681    2.86961053 10.6285386067 -1.32383124013  -2.3994207009 -4.17588082417 1744440071.21
 0.267302327673  0.265597050974 0.0739521055634 0.384006825178 0.828514164269  2.03393574625   10.346034503 -1.01210137974 -1.78755077766 -3.35892131174 1744440071.24
  0.221788223217   0.186444889146 -0.0775154994399 0.299933934892  1.1287090692 2.62636705603 10.4885949603 -1.39835060777  -2.3918475121 -4.53955157699 1744440071.29
 0.175671993358  0.108865408747 -0.223513084019 0.304418174884 1.33463588275 3.02647053338 10.6263322741 -1.72765898646 -2.86587719451 -5.18750694617 1744440071.31
 0.135239358157  0.042875804893 -0.337389028997 0.366004611347 0.611798817229  1.34463843449  10.2222569519 -0.838475970814   -1.3510841442   -2.1116756498 1744440071.34
   0.105472612255 -0.00425085700514   -0.400308041617 0.413991630234 0.489055716504 0.970899490029  10.2087013077 -0.712306307464  -1.10640599532  -1.03637884668 1744440071.39
 0.0890779862925 -0.0288253973116  -0.404552086284 0.415244725059 0.252656933082 0.234693655469   10.112664915 -0.384940676942 -0.526740136665  0.911898121817 1744440071.4
 0.0860354347999 -0.0308480500851  -0.354262698331 0.365863031289 -0.0261341275498   -0.38061909877     9.8497935125 0.0553942868433  0.182781660325   1.67473361623 1744440071.44
 0.0937380329976 -0.0134488824669  -0.263665050545 0.280155225096 -0.177555571859 -0.969507785327   9.66680114312 0.336384549066 0.762292434665  3.12629166899 1744440071.49
 0.107651427724 0.0181366845582 -0.153367922443 0.188253788415 -0.291492529634  -1.49269706104   9.39245015742 0.562325470238  1.40175358171  4.28907375478 1744440071.5
  0.122314135816  0.0577850498314 -0.0457040669198 0.142789080596 -0.162786384962 -0.865676116778   9.44028700027  0.29373481462 0.965525324552  2.28896481959 1744440071.54
 0.132440947274 0.0996214378708 0.0398074701875 0.170439637646 -0.162061615951 -0.897364113295   9.22267351818 0.181414445542   1.2704384577  2.12525164146 1744440071.59
 0.133892417439  0.138867315385 0.0899343159684 0.212836772947 -0.136144329605 -0.659914872639   9.05601414668 -0.158674953535   1.42088086672   1.16773983519 1744440071.6
 0.124325504597  0.172292498854 0.0995316136842 0.234623269045 -0.0654425572882 -0.0979270121446    9.41406478452 -0.360400781275  0.702762192199 -0.218112814049 1744440071.64
 0.103424776414  0.198277581152 0.0714954466131 0.234781350303  -0.1136187947 0.223104998054  9.46042918959 -0.815839172942  0.699979371067   -1.3342829108 1744440071.69
0.0727074795703  0.216580091179 0.0151117292679 0.228957807995 -0.234855533757  0.582812376397   9.70427965942 -1.32726147404 0.575226521001 -2.48484473161 1744440071.7
 0.0349792493874   0.227941428977 -0.0566454740422 0.237464845106 -0.231274083982  0.450913289815   9.98210298644 -0.934431474437  0.201770348297  -1.71552575095 1744440071.74
-0.00642292625606    0.233666597767   -0.130164037433 0.26755188195 -0.452132081817  0.624513822118   10.3752567982 -1.33565389207 0.117299372398 -2.19803367124 1744440071.79
-0.0484338377027    0.23526690665  -0.193915147822 0.308706071456 -0.69871953869 0.658561835147   10.844367728  -1.58546566917 0.0102483444459  -2.11674610051 1744440071.8
-0.0889431925285    0.23420000327  -0.240336370548 0.347162935863 -0.49755643374 0.309161679992  10.6052110896  -0.926547221699 -0.0419877978266  -0.854995299369 1744440071.84
-0.127221534648  0.231696530728 -0.266618523277 0.375438461248 -0.723573344671  0.276657314134   11.0219747482   -1.21417864234 -0.0898538842227  -0.551112648838 1744440071.89
-0.164004621329  0.228645169164 -0.274406565336 0.393033194907 -0.816429411256  0.153843565125   11.2423127833    -1.4096494751  -0.117656849395 -0.0386748162097 1744440071.9
-0.201222095975  0.225520049942 -0.268648785523 0.404378281807   -0.428004319661 -0.00363826828714     10.6183270937  -0.906138598369 -0.0735141174376   0.215789594685 1744440071.94
-0.241432808518  0.222363497844   -0.2559676674 0.41623884124 -0.428506232346 -0.134812143584   10.7548172759  -1.39376497636 -0.108087347615   0.41687127778 1744440071.99
-0.287096585286  0.218860429464 -0.242963961542 0.435150345831 -0.254625591972 -0.313458005509   10.6603328357  -1.86745792977 -0.148490812559  0.401431445532 1744440072
-0.339853264044  0.214537600842 -0.234811064565 0.465470578338 0.0109466823434 -0.298364940797   10.1738782176  -1.32179119956 -0.114487182665  0.100549755915 1744440072.04
-0.399980528142  0.209082966435 -0.234376786121 0.508559325565  0.245634936108 -0.574768209056   10.1148967196  -2.05870305156 -0.192647746774 -0.116536466984 1744440072.09
-0.466158352767  0.202718319411 -0.241960783798 0.562977217812 0.519216215695 -0.85611146964  9.97257180586  -2.56311662517 -0.237841996939 -0.401048964851 1744440072.1
-0.535589147214  0.196499292151 -0.255595366567 0.625137343182  0.428717302941 -0.631760725842   9.81896118648  -1.60592860073 -0.119916565294 -0.346023780003 1744440072.14
-0.604430882661   0.19239334802  -0.27175387886 0.690073954698  0.679399089631 -0.971795776439   9.72267990273   -2.11576735416 -0.0553961812351  -0.488418429146 1744440072.19
-0.668423375048  0.193021353547 -0.286259742198 0.75232419291 0.850416163515  -1.2132841873  9.59629214759  -2.27293804863  0.165026323667 -0.447205737174 1744440072.2
-0.723548806733  0.201041886903 -0.295190601685 0.806894173568  0.502424019395 -0.708546578256   9.60863873529  -1.14152511665  0.293802821035 -0.108786879095 1744440072.24
-0.766576533276  0.218283762898 -0.295613698235 0.850102841484  0.592640403994 -0.783175607918   9.44836032199 -1.07153196169 0.653352226923 0.136301583178 1744440072.29
-0.795392704251  0.244847738816 -0.286051875708 0.880014570774  0.701581310671 -0.756681364299   9.18990319976 -0.832567449638   1.17849553515  0.567321332883 1744440072.31
-0.809087990548  0.278458542263 -0.266645887143 0.896249164763   0.40544560506 -0.248156514408   9.34189881419 -0.151686259952  0.846143013694  0.572612109993 1744440072.34
-0.807847832978   0.31432548954 -0.239034053903 0.899197371853   0.468693576446 0.00832782840415    9.21460266557 0.227081805732  0.93340737639  0.84220307879 1744440072.39
-0.792738256894  0.345663230662 -0.206007845372 0.889019822799 0.753650319776 0.440762341984  8.95825506757 0.837244444103 0.998922649467  1.34445252079 1744440072.41
-0.765493401016   0.36485888118 -0.171021034266 0.86507245034 0.609166063737 0.561571919572  9.31584265073 0.846462706202 0.255528541278 0.899338212103 1744440072.44
-0.728385114655  0.365090034043 -0.137634791887 0.826304389524 0.732347379245 0.772205619718  9.48009787709  1.04641700434  -0.2936323213 0.798603841433 1744440072.49
-0.684197133658  0.342046549577  -0.10897740239 0.772656219813 1.30172413944 1.40981687121 9.65873273992  1.78425512794 -1.35102721738 0.974994412824 1744440072.52
 -0.636253776872   0.295328740959 -0.0872902317522 0.706864568627 1.06895255674 1.16268773381 10.0127389811  1.38887828002 -1.63717844085 0.512532472315 1744440072.54
 -0.588392339678   0.229114015826 -0.0736229234376 0.635703635742 0.889538555377  1.00032184046  10.2577320834  1.11872842344 -1.75461687986 0.239165508438 1744440072.59
 -0.544749278077   0.151812821629 -0.0677280935958 0.56954894736 1.15794693832 1.46796863183 10.8699951455  1.49361567881 -2.91587051944 0.102679606236 1744440072.62
 -0.509274193483  0.0746577702784 -0.0681838936975 0.519213857838 0.595007127299  1.06806070728  10.8757752667   0.930436916937   -2.21669322538 -0.0779940819663 1744440072.64
 -0.484991118441  0.0094436773962 -0.0727373346481 0.490506154764 0.0541705124334   0.66834591927   10.6558309473  0.436234217722  -1.31387076008 -0.128400908813 1744440072.68
 -0.473161839339 -0.0341071185376 -0.0788131815964 0.480891816664 -0.674455591478   0.73118585504   10.9026985253  0.230264414382  -1.11941725156 -0.211090914462 1744440072.72
 -0.472615769867 -0.0507183703306  -0.084082221153 0.482708855243 -1.25531348289 0.354079698542   10.361321974 -0.102165758268 -0.110978886735 -0.130317564913 1744440072.74
 -0.479538625139 -0.0410339852397 -0.0869470927182 0.489081667901  -1.37126635154 0.0644075857155   9.80016915605  -0.182149207877   0.463784172218 -0.0323918844076 1744440072.78
 -0.487927006707 -0.0117332471658  -0.086805042842 0.495727292395  -2.57835287384 -0.168506798537   9.02812623887 -0.204715765236   1.22323810921 0.0539319931418 1744440072.82
 -0.490730992452  0.0258437670105 -0.0839984840634 0.498538416344  -2.45953220879 -0.334433037849   8.42108761585 0.104767159735  1.13774815003 0.119325501072 1744440072.84
 -0.481478248598  0.0582988375702 -0.0794601716576 0.491461063783  -1.71604781787 -0.330905575231   8.36559284297 0.409941934068 0.561018698403 0.115943989179 1744440072.88
 -0.455981304485  0.0733998306698 -0.0741702203246 0.467768860405  -2.31038372745 -0.582117708525   7.09543419729   1.25045449196 0.0890030314675  0.199797117603 1744440072.92
 -0.413648245182  0.0631267429177 -0.0686223208949 0.424026979494  -1.40213839697 -0.464236481842   7.54099694995   1.43507313411 -0.697663745529  0.170789446674 1744440072.94
 -0.357984272831  0.0257583728729 -0.0625074984647 0.36431225718 -0.737451515354  -0.34398233703   8.13506928378  1.37895542569 -1.13389717238 0.162659888188 1744440072.99
 -0.296074020869 -0.0335530177258  -0.054753409816 0.302958027981 -0.698004963934  -0.54393428199   7.43710159411  2.58350778632 -2.77119328293 0.397108312051 1744440073.02
  -0.23711209703  -0.103894869685 -0.0439283612311 0.262575687042 -0.115422540955 -0.255963110432   9.03900124436  1.29812448065 -1.68891618974 0.317579427871 1744440073.04
 -0.190317659972   -0.17114662508 -0.0288806641062 0.257577312146 0.0595000618683 -0.186738981757   9.76058091143 0.870152559781 -1.37449139084 0.404154373788 1744440073.1
  -0.162748282498   -0.221359815017 -0.00938906055684 0.274909668106  0.352960523898 -0.326274887218   11.5239738024 0.990343762466 -2.20743711582  1.27903230614 1744440073.12
 -0.15756808574 -0.244144132033  0.013415521362 0.290884917215    0.15841603715 -0.0611242046683    11.1326091489 -0.124785546253 -0.165363175427  0.553373063979 1744440073.14
-0.173215406591 -0.235230627219 0.0370283708252 0.294462434461  0.161483912282 0.0143561997467   11.5661829847 -0.539509251928  0.544692937291  0.521505825573 1744440073.21
-0.203687509664 -0.197581585805 0.0579959398857 0.289638764128  0.55014129885 0.269376574969  15.3286371064 -2.19302212534  3.10747840061  1.17340755161 1744440073.22
-0.239876564878 -0.140772797933 0.0726963678003 0.287476101454 0.283666887885 0.179551516648  11.7032864351 -0.801349765342   1.40100989774  0.239220377974 1744440073.24
 -0.271628408715 -0.0787996554305  0.0782777796689 0.293460029488 0.416500623449 0.249469678533   11.317779502  -0.585711219547    1.33069475002 0.00945671898804 1744440073.31
  -0.29002232353 -0.0268451565523  0.0735060062914 0.300394313423  1.67316139057 0.861109963499  12.4635906295 -0.600842585807   2.74974109665   -0.6447267547 1744440073.32
  -0.28932863023 0.00220496652871  0.0592847744383 0.295348273448 0.718582976475 0.306274911212  9.99664439188  0.256314547557  0.323121407846 -0.409004759259 1744440073.34
  -0.268196038943 0.000670019121775   0.0386774943783 0.270971424326 0.784095947848 0.265224813783  9.25540171029  0.694272297289 -0.402112044407 -0.500696072553 1744440073.41
 -0.229820365979 -0.0322613226932    0.01636853781 0.23265021511  2.21050111838 0.526344404475    6.302318012  3.00672753223 -3.14562466272 -1.41667662622 1744440073.42
  -0.181094000368  -0.0904557372955 -0.00236228086677 0.202442233118  0.58913423697 0.051174071168  8.19964262112   1.15804769017   -1.5234916688 -0.343348544479 1744440073.44
 -0.130968804811  -0.162307374481 -0.0129398749047 0.208959211347   0.315744954988 -0.0979285400035    8.06701305824   1.08054404802   -1.6664457779 -0.121145401271 1744440073.51
-0.0884313116561  -0.233362772557 -0.0127511758195 0.249881717982 -0.0719009144069  -0.732703879345    5.06075033674  2.45283642077 -4.42961460809 0.380788921969 1744440073.52
-0.0605551623855  -0.289468442563 -0.0020085568747 0.29574134177 -0.373567625703 -0.367771553682   8.62484393138 0.437635660505 -1.01129148378 0.337413597513 1744440073.54
-0.0510523808445  -0.319738262066  0.0160676811763 0.32418678597 -0.661773840562 -0.440318541069   9.21441399419 0.0110590084016 -0.341265071383  0.441863862947 1744440073.61
-0.0596069620162  -0.318728540298  0.0358768902443 0.326233081669 -2.49934363348 -1.35996990126   9.9800825502 -1.08086859336  1.12576983308  1.20963292212 1744440073.62
-0.0820778128181  -0.287423977435  0.0507891858706 0.303197710353 -0.864501256503 -0.411072667685   10.4727977781 -0.604501606632   1.00052181692  0.222025215905 1744440073.64
   -0.111454567 -0.232914608008  0.054919810171 0.263983940189 -0.744828944615 -0.319820841135   10.9327344121  -0.666598627162    1.40404193871 -0.0688591139344 1744440073.71
-0.139292431925 -0.166914091185 0.0448789607137 0.221983820452   -1.5394067938 -0.614142458717   13.9479567543 -1.61100261822  4.55042537327 -1.19188044343 1744440073.72
-0.157279545202 -0.103477733616 0.0210167645013 0.189436535767  -0.216039371609 -0.0881982356867    11.1963122345 -0.225714470333   1.29120080326  -0.66703634328 1744440073.74
 -0.158612760636 -0.0563920501541 -0.0122168975873 0.168781882155 0.0732505607564 0.0027768130368   10.9841648966  0.213816000971  0.778951112966 -0.793241658546 1744440073.81
 -0.138955098593  -0.036720110166 -0.0469655864634 0.151204008635 0.884710829464 0.157930263596   12.190929824  2.16242968964  0.19190244699 -2.15048712068 1744440073.82
-0.0968797130062  -0.050913618667 -0.0736090087322 0.131894509076  0.405591280593 0.0574204996547   10.1247134445   1.22608806418 -0.735365759795 -0.420190666097 1744440073.84
  -0.03382785976 -0.0997718387635 -0.0829935731967 0.134114417935  0.391064464147 0.0265997574755   9.63052912566   1.67125798482  -1.48764561806 0.0571202143375 1744440073.91
 0.0463085044273  -0.178370496156 -0.0687151253553 0.196678112493  0.793600527613 -0.060000038838   7.95969465742  6.02877182189 -6.22164326783  1.90050842722 1744440073.92
  0.137835946659  -0.276927484571 -0.0288783204744 0.31067915491  0.0617845833232 -0.0575819739069    8.86723742004  2.21279994946 -2.40573587334  1.20070139172 1744440073.94
  0.23400723595 -0.382434840931 0.0331332718383 0.449570470268   -0.16702362445 -0.0619809057093    8.70406544611  2.22882789292 -2.39215302835  1.61923067767 1744440074.01
 0.327769439707 -0.480779016592  0.109107272598 0.592018298141   -1.07047793598 -0.0587737619439    6.58674155275  6.07547298089 -6.01145665603   5.2590815094 1744440074.02
 0.412454439206 -0.559001773438  0.187601638335 0.719580448479  -0.51557503528 0.0690628293922   8.82105441554  1.85607197319 -1.51920457902  1.76735203249 1744440074.04
 0.482382658678 -0.607330741757  0.256330004661 0.816852943048 -0.557957919541  0.188193829648   9.09611879757   1.43739299274 -0.732793637713   1.39289931346 1744440074.11
 0.533361476988 -0.620641080495  0.304766067805 0.873242332928 -1.38754925357 0.835884688719  8.80687414346  2.57911496181 0.263066210912  2.23817819873 1744440074.12
 0.563055635032 -0.599102208121  0.326338709033 0.884563201208 -0.413734406555  0.413101777661   9.80375594346 0.461521649155 0.887169450698 0.182043547054 1744440074.14
 0.571198557668 -0.547907976546  0.319690603609 0.853623467977 -0.253121999607  0.438813564003   10.1536726686 -0.041515359188   1.48249113012  -0.45372361683 1744440074.2
 0.559612782436 -0.476159795084  0.288711585894 0.789461206488 -0.216792224476  0.951963515292   11.3621834448 -1.16543008905  4.54472588919 -2.32982993437 1744440074.22
   0.5320213829 -0.395132171199  0.241370886815 0.705291492634 0.0625372873528  0.251139339351   10.6497612908 -0.815044394844   1.97599145481  -1.24858097912 1744440074.24
  0.49365843388 -0.316260248534  0.187674948359 0.61558190388  0.182114833961 0.0298929044574   10.7191208302 -0.993533973286   1.78296931559  -1.27186591418 1744440074.3
 0.450715972645 -0.249223671264  0.137288306125 0.533015389378   0.61600599253 -0.535910243902   11.7935188324 -2.33611731025  3.22168553471  -2.5109450336 1744440074.32
 0.409686840461 -0.200456959608 0.0974191831485 0.466386960739  0.339928905648 -0.515672114121   10.5488257423 -0.917325098119  0.952846426897 -0.815338393569 1744440074.34
 0.376671506961 -0.172312001996 0.0714759830714 0.420335183329  0.390727693527 -0.755421162939   10.3216246598  -0.65359982685  0.462591768673 -0.476788591311 1744440074.4
 0.356714653147 -0.162965367944 0.0587769841598 0.396557421801 0.944744375871 -2.00656227021  10.3371347787 -0.626993643665  0.141157330905 -0.432467813906 1744440074.42
 0.353231357821 -0.167034837032 0.0553081795236 0.394628969606 0.474097684831 -1.00650941004   9.7835741511  0.135357700317 -0.171953772099 -0.043902749625 1744440074.44
 0.367579693697 -0.176767942176 0.0552529500353 0.411600079066 0.480826005054  -0.9656387553  9.55746067009  0.568198010056 -0.206349166141 -0.030825687236 1744440074.5
  0.39883657754 -0.183597019395 0.0528340204901 0.442232873988 0.905196721594 -1.69163878661  9.00208769198    1.97275233777 -0.0788467258377  -0.292227803985 1744440074.52
 0.443829934676 -0.179815502547 0.0439578472247 0.480885556244  0.316477835207 -0.574810283226   9.40563725805   1.23551593315  0.294193037427 -0.320614388612 1744440074.54
 0.497463016434 -0.160112731698 0.0272406189333 0.523304491564 0.103336756293 -0.27066602003  9.53182636472   1.37923379168  0.719284312973 -0.500891076236 1744440074.6
  0.553330332468  -0.122709942292 0.00419100535267 0.566788983038 -0.399051277706  0.115153888783   9.78067345328  2.68457820749  2.26166211619 -1.21993820748 1744440074.62
  0.604572099503 -0.0698771204564 -0.0214323764892 0.608974204891 -0.561267875436  0.359786259896   10.1575003685   1.14293161658   1.43630023893 -0.612390442183 1744440074.64
   0.644857423281 -0.00768960293402  -0.0448498250884 0.646460929341 -0.954263933183  0.608001067488   10.5783464622  0.825544828369   1.59155105318 -0.513177224655 1744440074.7
 0.669342754059 0.0549929046844 -0.061695271491 0.67442586583 -2.47746485714   1.4394119965  12.0337511648  0.754363692058   2.85854190825 -0.601835210516 1744440074.72
  0.675437153968   0.108187450315 -0.0692464905823 0.687542689456 -1.44068924316 0.729718440598  11.1862855251 -0.0758784267839    1.08949337462  -0.067348850567 1744440074.74
  0.663227566182   0.142797264346 -0.0671230444685 0.68173848824 -1.51150457416 0.624137547587  11.3158956968 -0.514819641609  0.571685601508  0.154011961918 1744440074.8
  0.635472787721   0.152566201455 -0.0572908658254 0.656036853437 -2.48939903656 0.689331076709  12.3685450819  -1.61886972451 -0.177642694488  0.580881822033 1744440074.81
  0.597152054341   0.135546630286 -0.0434138706363 0.613879653637  -0.854203109606 0.00231377581849    10.7088070036 -0.997306311032 -0.713589617802  0.339505214082 1744440074.84
 0.554636198562  0.094726247848 -0.029772295849 0.563454314374 -0.305711685417 -0.414313438105    10.134177916 -1.07233698088 -1.27217062586 0.303235489582 1744440074.9
  0.514619793889  0.0376342022839 -0.0200753950909 0.516384437151  0.72316680987 -1.55574249011  8.99847895486 -1.74428801291 -2.91565830796 0.323032156113 1744440074.91
   0.48299873289 -0.0250190983335 -0.0165054472419 0.48392784694   1.0331024071 -1.13789639301  8.64435651673 -0.630322316691  -1.47882054205 0.0103359366846 1744440074.94
  0.463891241333 -0.0813817735144 -0.0192435554218 0.471368636282  1.71492985441 -1.47532174395  7.85391050125 -0.318450636753  -1.26884731291 -0.133519731974 1744440074.99
  0.458978255762  -0.120727237497 -0.0265767339593 0.475334017217  3.82729406388 -2.84474861443  5.40789785944 0.0800912782978  -1.27640290126 -0.384253251594 1744440075.01
  0.467283512277  -0.135443895718 -0.0355186251701 0.487811954002  2.23023755566 -1.48505966428  7.23612486739   0.332476317487 -0.0200387559009  -0.203155534095 1744440075.04
 0.485432780485 -0.122321684186 -0.042741443494 0.502428512112  2.40577619476 -1.44657390758  7.04699394371 0.566567628782 0.725188587346 -0.13840701614 1744440075.09
  0.508339803164 -0.0828931461215 -0.0455482816962 0.517064091888 3.44434768364 -1.8362840983 5.93051728738   0.997515181532    2.21794873392 0.00261522121216 1744440075.11
  0.530182387112 -0.0228221124513 -0.0426241218505 0.532382407846   1.52706660105 -0.671925548702   8.17325494633 0.464499071066   1.6553650144 0.139695572701 1744440075.14
  0.545474664993  0.0494467333672 -0.0343801736985 0.548789199906   1.19164166598 -0.321346795196   8.68995298905 0.286608462856  2.12674853272 0.286007821676 1744440075.19
  0.550024860486   0.124416914317 -0.0228232320585 0.564382685456 0.875803596552 0.182090350303  9.34833932097 -0.0817022346957    3.02969654476   0.492462209418 1744440075.21
  0.541596836712   0.193245039344 -0.0110064692942 0.575145130497 0.0548071232836   0.44378474537   10.1641169378 -0.367978931395   1.53613333834  0.253887457464 1744440075.24
   0.520161946261    0.249080078989 -0.00221928243508 0.576727198338 -0.375592258159  0.864732705394   10.8406163558 -0.807491630147    1.4175875959  0.178007608797 1744440075.29
   0.48771867775   0.287830552038 0.00087070922392 0.56631854415 -0.907385048738   1.46452598098   11.7289292483   -1.46398197524    1.19756640732 -0.0176055112352 1744440075.3
   0.447748956519    0.308315346524 -0.00309010443019 0.543642372991 -0.663670827287  0.970037101149   11.1026491011  -1.01066011574  0.292100492654 -0.177801215842 1744440075.34
  0.404450079147   0.311896801706 -0.0137783877796 0.51092986349 -0.858522718792   1.24565778454   11.4331591527  -1.32579726028 -0.100871472157 -0.403890598932 1744440075.39
  0.361915337581   0.301784812964 -0.0292384400769 0.47213522564 -0.979521810145   1.49237803203   11.6577394065  -1.59604474707 -0.584515461242 -0.640929347497 1744440075.4
  0.323429851866    0.28222496725 -0.0463139676879 0.431743887994 -0.476680552564  0.801833748295   10.7275613307  -0.85064422445 -0.528263825466 -0.385317397866 1744440075.44
  0.291006685876   0.257749393064 -0.0613580223606 0.393553614845 -0.448029078776  0.882913883041   10.7121409344 -0.922744846604 -0.786755650605 -0.392189962144 1744440075.48
  0.265225240128   0.232598239618 -0.0710524038419 0.35985387752 -0.339397461801  0.852226385448   10.5453261042 -0.881354195715 -0.915490409572 -0.227686067277 1744440075.5
  0.245365765709   0.210340729329 -0.0731487435827 0.331358295632 -0.110735727394  0.400849620454   10.0704969224 -0.420278429094 -0.461606304895 0.0484333538755 1744440075.54
  0.229775911207   0.193663018105 -0.0669671837274 0.307874873364 -0.0722278088705   0.420213306636    9.96234411294 -0.467900877949 -0.420808425245  0.316272084854 1744440075.58
  0.216367942396   0.184261427197 -0.0535480066153 0.289196730725 -0.0603835035504   0.413874174239    9.81824496148  -0.50877172528 -0.207693018907  0.602181418157 1744440075.6
  0.203132712629   0.182786615052 -0.0354323355684 0.275552709996 -0.057958965186  0.247200472567   9.74300860294 -0.327518349645 0.0536688923971  0.440796885849 1744440075.64
  0.188566898288   0.188817053611 -0.0161314353625 0.267337947309 -0.143335350548  0.386378707874   9.65063920768 -0.509691522106  0.295639355006  0.588549394593 1744440075.68
   0.171937939388    0.200880701849 0.000588795074205 0.264416448157 -0.254380312675  0.544141733763   9.57327334922 -0.66591719029 0.524817768546 0.521450485869 1744440075.7
 0.153349354392  0.216572445829 0.0114458755155 0.265613736187 -0.207046949783  0.411315710161    9.6401708385 -0.449940168464  0.374914793745   0.16028192173 1744440075.74
 0.133610299577  0.232817390728 0.0142422276745 0.268809394604 -0.334417348122   0.67692604695   9.54874176927    -0.6530288483   0.492769099475 -0.0536232067253 1744440075.78
  0.113950778826   0.246302220636 0.00821067699744 0.271508709072 -0.379993729073  0.834824617051    9.5044567842 -0.710650984969  0.397438509931 -0.378049179208 1744440075.8
  0.0956521900043    0.254045834546 -0.00595057086065 0.271521705939 -0.207092390951  0.524903208274   9.62402786004 -0.400265706998 0.0901648532061 -0.403450566068 1744440075.84
 0.0796775772312   0.254022687657 -0.0263352317394 0.267524927042 -0.214188326048   0.68879047417   9.56896579454  -0.49111946121 -0.139911962741 -0.744152013413 1744440075.88
 0.0663843410248   0.245707899442 -0.0502976808137 0.259439991668 -0.114112093444   0.60604195609   9.59595974845 -0.450351420808 -0.437917563062 -0.902395423309 1744440075.9
 0.0553838776286   0.230399718491 -0.0750139353555 0.248552800587 0.0117073767757  0.237131425738   9.72211951521 -0.241958341499 -0.401323021026 -0.554892299707 1744440075.94
0.0455803738899  0.211201500992 -0.098008212697 0.237253565329  0.128131865862 0.0903458802335   9.76446007425 -0.340137038682 -0.642588849868 -0.723122681126 1744440075.98
0.0353807442429  0.192609683845 -0.117540087464 0.228398685494  0.227773061505 -0.199714857891   9.85832232539 -0.414764389906 -0.578560834149 -0.639670569745 1744440075.99
0.0230279834274  0.179742846017 -0.132789647187 0.224657225824  0.172188279003 -0.303647330225   9.90008403087 -0.329088289027  -0.17695439887 -0.304621250599 1744440076.04
0.00698038058526   0.177338495394  -0.143828942411 0.22843912173  0.253399875782 -0.667684262036   10.0182657465 -0.632092297698   0.15418600271 -0.320083391987 1744440076.08
-0.0137530831203   0.188714835783  -0.151415105185 0.242340608686  0.225058181584 -0.862672834408   10.0845317095 -0.846321584593  0.685822825429 -0.234383395225 1744440076.09
-0.0394012991215   0.214924225457  -0.156674054439 0.268871055331 0.0967029041394 -0.585277415106   9.99595991438 -0.644299838733  0.759476714752 -0.108190272358 1744440076.14
-0.0693938811613    0.25430214151  -0.160758259928 0.308752826795 0.0663229609509 -0.846573455874   10.0700872127    -1.102981604    1.5314461919 -0.137781604069 1744440076.18
-0.102505208758  0.302541500084 -0.164556831324 0.359329414091 -0.0047726484751  -0.748747972574    10.0179775775  -1.22321281922   1.78769084222 -0.140048204274 1744440076.19
-0.137140202903  0.353311469297 -0.168514678563 0.414769365407 -0.0333648487422  -0.356933470811    9.88320833882  -0.801984100972    1.12189238551 -0.0930822194823 1744440076.24
-0.171685186569  0.399317097309 -0.172586199825 0.467670764384 -0.0605929976846  -0.321606185786    9.80864393541  -1.21252759827   1.43804351176 -0.139744837051 1744440076.28
-0.204829839152  0.433590584066 -0.176315966716 0.510924043002 -0.0264615515217 -0.0826424725399    9.69031900192  -1.13447642761   0.91032427611 -0.113743333277 1744440076.29
-0.235774942717  0.450743869563 -0.179011879826 0.539263490959 0.0307382233236   0.08661227822   9.66237977877  -0.688730611291   0.165939498599 -0.0422280075143 1744440076.34
-0.264274772928  0.447912965478 -0.179960702509 0.550320847049 0.156935780709  0.31686455523  9.49615135786    -1.0066299369  -0.469919649035 0.00695435971035 1744440076.38
-0.290514458323  0.425190115379 -0.178633708795 0.545064479331 0.264514137248 0.412583540676  9.48133753058  -0.8757580952 -1.08090814738 0.088627538556 1744440076.39
-0.314876934844  0.385457032283 -0.174839716382 0.527535339344 0.251055874717 0.312252560426  9.60168434767 -0.543704811176  -1.05465225664  0.113329925095 1744440076.44
-0.337693959848  0.333673603612 -0.168799605318 0.503853739711 0.498562263126 0.508751587063  9.54470342452 -0.823291315389  -2.04198982825  0.255216423018 1744440076.48
 -0.35908608368  0.275806134051 -0.161135088846 0.480599995766 0.493820252683 0.430807856073  9.67770667057 -0.703822500971   -1.9781510321  0.273151822925 1744440076.49
-0.378970308669  0.217663030052 -0.152780353435 0.462966009443 0.313252524389 0.253076740305  9.81976796016 -0.439330311177  -1.28780672757  0.187605273948 1744440076.54
-0.397255611061  0.163919990756 -0.144835724885 0.453496605381 0.388073260156  0.34935446112  10.0124376895 -0.658323369627  -1.87218270245  0.269165948966 1744440076.58
-0.414171575768  0.117555383251 -0.138387757181 0.452226197431 0.158158595863 0.279283292368  10.1691273981 -0.564057919362   -1.4227213623  0.177809301527 1744440076.59
-0.430608329539 0.0797945429239 -0.134321869175 0.458075394545 -0.0740387594664    0.19037413828     10.167514112 -0.394464788543 -0.774625000468 0.0604717862904 1744440076.64
-0.448312125972 0.0505123302684 -0.133153981909 0.470388393459 -0.466800688128  0.358672030095   10.5291475322  -0.731084756061  -0.949265770525 -0.0109241701832 1744440076.68
-0.469798011815 0.0289093020077 -0.134907457583 0.489638582793 -0.737440983436  0.418025936116   10.5194765228  -0.830585237429  -0.608098714073 -0.0989014572208 1744440076.69
-0.497911342592 0.0141991158191 -0.139059979969 0.517160514735 -0.694244699468  0.384211925718   10.2765811247 -0.752533471065 -0.263526030108 -0.111496942669 1744440076.74
 -0.535077442708 0.00604941612569  -0.144579395435 0.554299257365 -1.27243262229 0.788498582007  10.3727304385  -1.53599084479  -0.17438841641 -0.199919619165 1744440076.78
 -0.582392406428 0.00460757496511  -0.150055763027 0.601430691626 -1.17773584219 0.901458262827  10.0170334075  -1.74561860647 0.0680373525448 -0.157194857679 1744440076.79
-0.638791469334 0.0100917812604 -0.153918956548 0.657150995227 -0.667861869915    0.7154303209   9.62549426771   -1.36450943694   0.201902085807 -0.0537505927732 1744440076.84
-0.700554783459 0.0220916829826 -0.154710401271 0.71777458533 -0.55971206873  1.12859469928  8.91300156053  -2.08228246313  0.488526547607 0.0434753015187 1744440076.88
-0.761360704906 0.0388478825855 -0.151359873154 0.777231684994 0.0521515924056   1.11884873742   8.17488993199  -1.9336632563 0.597333237593 0.194354746462 1744440076.89
-0.812981729622 0.0568218003002 -0.143410237943 0.827486861548  0.54822120939 0.673004290366  8.16956950823 -1.01578394469 0.381004238929 0.241071397084 1744440076.94
-0.846564609023  0.070806498206 -0.131138816983 0.859582798082 1.06212218308 0.47646411659 7.75432118345 -0.489212402468  0.211498797156  0.330087128284 1744440076.98
-0.854281956978  0.074676924913 -0.115543664289 0.865288763067  2.22185048113 0.301451500714   6.3807002966  0.272763954405 -0.142719646438  0.578402184822 1744440077.02
 -0.831027360008  0.0626768657883 -0.0981917261689 0.839152237484   2.54437557632 -0.181515461622   6.46563180691   1.33894473166 -0.745819723485   0.58994182819 1744440077.03
 -0.775780918171  0.0309502335328 -0.0809559436363 0.780607337119   1.76672233117 -0.467371193186   7.81572318231   1.61744045389 -0.976774169454  0.378954729108 1744440077.08
 -0.692312778731 -0.0210930310214 -0.0656918919742 0.695742282906  2.30345790216 -1.18936791802  7.70844566865  3.29696822117  -2.1349303247 0.477334997687 1744440077.12
 -0.589014209706 -0.0899893336083 -0.0539158630614 0.598283160124  1.51967373592 -1.55316916586  9.05039737271  3.75582103692 -2.57777429145 0.335299879908 1744440077.13
-0.477824735624 -0.168304987584 -0.046543531499 0.50873308045  0.29372171057 -1.17771376128  10.3736135643  2.52986180365  -1.8183725698 0.118930200763 1744440077.18
 -0.372419691463  -0.245669588622 -0.0437336351225 0.448288527852 -0.813740017681  -1.78888917476   12.3516177312   3.37389706486  -2.50239481421 0.0296181539179 1744440077.22
 -0.285988267019   -0.31058869541 -0.0448594723991 0.424578613278 -2.04172742842 -1.58250884151  13.8535399682    2.49805711571   -1.86376988428 -0.0849247692514 1744440077.23
 -0.229026477897  -0.352653512798 -0.0486084778544 0.423297072735 -2.07052104648 -0.81084720261  13.2937909571   0.916901031252  -0.632132815569 -0.0974213191625 1744440077.28
 -0.207569399018  -0.364652479978 -0.0531915271221 0.422948962784  -3.82674129274 -0.703542404739   15.6563794925  0.120508437383  0.150749343577 -0.141506394348 1744440077.32
  -0.22219436884  -0.344106924876 -0.0566310457286 0.413505729866   -3.9456947815 -0.106004988883   15.3843503985   -1.03155974324    1.20855721137 -0.0665763217326 1744440077.33
  -0.26796709921  -0.293891599093 -0.0570895628357 0.401793300668 -2.53927729161 0.319348540337  13.1006654342  -1.31988982561   1.42686234733 0.0400839953227 1744440077.38
 -0.335315581628  -0.221817627633 -0.0531956452305 0.405548241129 -3.22221574704  1.01560080489  13.4638195197 -2.58037994633  2.77659724362 0.229323101975 1744440077.42
 -0.411644594553  -0.139288577121 -0.0443206801125 0.436825940881 -1.6440089164 1.04047822527 11.1590720445 -1.98438192183  2.17767098608 0.300698720384 1744440077.43
 -0.483380242057 -0.0593307033512 -0.0307590097043 0.487978183374 -0.652516098566   1.02393302664   9.65976182436 -1.47123012061  1.68591249042 0.355509219609 1744440077.49
 -0.538078082274 0.00559412557157 -0.0137691913123 0.538283296689 0.274505962974  2.18552476051  6.70984000936 -2.09658002978  2.65427536472 0.893400959653 1744440077.52
-0.566242636279 0.0455732872058 0.0045505618198 0.568091854597 0.819207568539 0.863148952458  7.27825694602 -0.289419576198  0.579825228029  0.417242101198 1744440077.53
 -0.56257973798  0.054680916084 0.0215536518902 0.56564169231   1.3092391173 0.579037584328  6.58914506108  0.461358653036 -0.161633911502  0.347486059194 1744440077.6
-0.526517189516 0.0316557432208  0.034470969413 0.528593118255   4.68697260861  0.676035233639 -0.607282347253  3.43865771975 -2.56027112241 0.661388908651 1744440077.62
  -0.46196078858 -0.0202354645248  0.0409066269627 0.46420964697    1.6645165622 -0.155448827537   6.34728722268  1.76185238246 -1.47518430901 0.056839348091 1744440077.63
 -0.376379516998 -0.0940532780877  0.0393145803277 0.389939990461  1.49781365245 -0.52285123775  6.88927953524   2.12170143683  -1.86328231878 -0.134232143713 1744440077.71
-0.279416130635 -0.180546537344 0.0293577066792 0.333964520791  3.58912820296 -2.50569944011  3.47123858658  6.84140340105 -6.16066360158 -0.95571514072 1744440077.72
-0.181283162657 -0.269736970238 0.0120604441787 0.325218499612 0.791100966063 -1.04756871186  8.71452310332   2.20249698457  -2.01163858934 -0.464160348702 1744440077.73
-0.0912213105144  -0.352433248254 -0.0103029938542 0.364193181772 0.350642558054 -1.13173942725  9.79684623967   1.92009350556  -1.76497135923 -0.542825181323 1744440077.81
-0.0162664290902   -0.42142219166 -0.0345910538137 0.423152220061 -0.179053019293  -3.33327248318   12.8406676748  4.62045026901 -4.23219117681 -1.66426048506 1744440077.82
 0.0395001944534  -0.472170150013 -0.0573881527887 0.477282218405 -0.399526190942 -0.955394601953   11.6569532407   1.06935481577 -0.954082482696 -0.480737537279 1744440077.83
 0.0751417386032  -0.502976910716 -0.0756843717434 0.514159681149 -0.636851971911 -0.717333070571   12.2436217129      0.61781699 -0.494763078091 -0.350569667912 1744440077.91
 0.0925247587776  -0.514633528464 -0.0874760335158 0.53015144633 -2.30994578239 -1.30301097274  18.1095382706  0.719838984674 -0.237677905018 -0.579389610599 1744440077.92
  0.095567963378  -0.509721283298 -0.0921251906908 0.526722007354 -0.787513265655 -0.130791436988   12.6021588909 -0.0383058553154   0.268888978682 -0.0340063718111 1744440077.93
 0.0892629237377  -0.491736989924 -0.0903717572698 0.50787812645 -0.706750025598  0.150686739163    12.361962257  -0.19754978648  0.531712518166 0.0951318134011 1744440078.01
 0.0786691196387  -0.464237423665 -0.0839874058926 0.478287675217 -1.64950561345    1.126757731  16.0945910414 -0.73265668561  2.12792980266 0.525559987273 1744440078.02
 0.0680649325035  -0.430169494275 -0.0751657048006 0.441959853403 -0.370161563188   0.54802345719   11.4002121783 -0.216599244954  0.861570015628  0.215161467143 1744440078.03
0.0603836122344 -0.391502890803 -0.065823277013 0.401563691001 -0.159120361531  0.624097125059   10.7729616901 -0.130302262126  0.952817438495  0.213623727958 1744440078.1
  0.056994205889  -0.349216322757 -0.0570158288736 0.35840087099 0.10494591752  1.7682142832 10.8288953424 -0.0858013198136     2.9392176917   0.574571157231 1744440078.12
 0.0578179623125  -0.303613757427 -0.0486423239946 0.312874265718 0.199488042141 0.553453159236  9.63439831461 0.0561025079044   1.12164740014  0.207880537634 1744440078.13
 0.0617130960472   -0.25487239634 -0.0395305958642 0.265200136971 0.307820147851 0.418763396584  9.21631955796 0.108917288263  1.18276307303   0.2455562921 1744440078.2
 0.0670220265988  -0.203664267927 -0.0278915695972 0.216215230117 0.980794535031 0.687810131697  7.41450356848 0.340361179468  3.36308014222 0.896285559985 1744440078.22
 0.0721581160589  -0.151666033496 -0.0120253421073 0.168386425469  0.344794503962 0.0670991933565   8.80901842421 0.108159548385  1.21193615507  0.43784532909 1744440078.23
 0.0761137842908  -0.101790415598 0.00891316653698 0.127412877702  0.276030002304 -0.107807326182   8.82640881619 0.0788303054768    1.1117392136  0.550186301227 1744440078.3
 0.0787969547396 -0.0580388776769  0.0343096058051 0.103704486155  0.448634488639 -0.683037061126   7.51389516881 0.161348722191  2.46418667139  1.69784457227 1744440078.32
 0.0811435065231 -0.0249743471634  0.0618400597663 0.105034183288 0.0313737340063 -0.352690766238   9.17557914692 0.0739741199734  0.609491263479  0.636423675843 1744440078.33
 0.0850015473152 -0.0069176886765  0.0876897557213 0.122321750809 -0.110260774187 -0.393076530481   9.44018853911 0.139114524529 0.213394539962 0.540527459824 1744440078.4
  0.0928278816087 -0.00705111553403     0.10723952906 0.142010740535  -0.63935373385 -0.988047866477   9.54093846722  0.703879209129 -0.623522061872  0.897881130866 1744440078.42
  0.107267455935 -0.0266416485152   0.116092554031 0.160292125945   -0.3500869687 -0.296961573023   9.94678834069   0.45640459766 -0.693229488916 0.0478278222785 1744440078.43
   0.13069681539 -0.0645699524298   0.111207912911 0.183352491676 -0.418018939117 -0.170257419441   10.1222008084  0.689777154161  -1.08656165185 -0.290599175171 1744440078.5
 0.164803923286 -0.117275150406 0.0918527689737 0.222150231153   -1.13407949427 -0.0494228721136    10.8437098624  2.42582218952 -3.49297614711 -1.55823371655 1744440078.52
 0.210256743858 -0.179129433996 0.0601023687533 0.282679230209 -0.437097377984  0.133126195874    10.226834969   1.23973220104  -1.53480583451 -0.867338244914 1744440078.53
 0.266491838147 -0.243166213732 0.0207101322572 0.36135386656 -0.373987169705  0.253884788926   10.1375993585   1.46890552664  -1.48720310697 -0.965480324135 1744440078.6
  0.331639292907  -0.302023997876 -0.0196797960454 0.448988207268 -0.657108278178  0.762889629102   10.2031262704  3.96211802148 -3.07934844257 -2.17012846687 1744440078.62
  0.402593102667  -0.348943783875 -0.0538351556192 0.535482207548 -0.13927763178 0.307521464872  9.74847499946   1.78525870719  -0.95287690352 -0.693591068033 1744440078.63
   0.47523238778  -0.378666415616 -0.0754671660407 0.612314763713 0.0334088651071  0.191770552195    9.4859339123   1.74839703292 -0.481526848986 -0.329444062414 1744440078.7
  0.544791590485  -0.388106736271 -0.0806290969347 0.673740133193   0.503362721968 -0.0263511268126    8.48650288245   3.56706980674 0.0529065621417   0.18581156417 1744440078.71
  0.60636160309  -0.37672151508 -0.068636538684 0.717150240932   0.44075971157 -0.292443484561   8.93611224163  1.38509757589 0.520276638839 0.479981712548 1744440078.73
  0.655478095372  -0.346530168865 -0.0422725947673 0.742645045574  0.645184198007 -0.608914476055   8.70971981049  1.02857940914 0.935802154598 0.767073647882 1744440078.79
   0.688723654172   -0.301788472309 -0.00721419403224 0.751976461354 1.71829260021 -1.8991902066 7.17138091144 1.26210111799 2.54067275093 1.84947532709 1744440078.81
 0.704246914322 -0.248356094194 0.0291929368708 0.74732636339 0.971413248379 -1.16192068983  8.43553341395 0.166713200458  1.35829178307 0.832041199769 1744440078.83
 0.702095834301 -0.192838956967 0.0595244011568 0.730526233752  1.07051830154 -1.31907001128  8.39440192039 -0.25191148232   1.3466620881 0.614053661059 1744440078.89
 0.684281223153 -0.141624002777 0.0778608484921 0.703107717387  2.17795176719 -2.65163220676   7.0938597655 -1.20235699065  2.34806261689 0.542905220382 1744440078.91
  0.654530782738 -0.0999499728185  0.0810016454379 0.667054577363  1.01312562377 -1.16247088045  8.61374904461 -0.828047341025  0.877007354081 -0.109783240099 1744440078.93
  0.617754988349 -0.0711642666343   0.069040742145 0.625661412069   0.90074777595 -0.904811139198   8.80765632567 -0.957456404002  0.555654840544 -0.455778359337 1744440078.99
  0.579309246172 -0.0562955455975  0.0451939069556 0.583790099591  1.37310658677 -1.01620929018  8.40534954504 -1.83142415848 0.426715413369 -1.34666795378 1744440079.01
  0.544185017017 -0.0540227210326  0.0149438677019 0.547064078802   0.445390317364 -0.0838431260387    9.43125200403  -0.779330291359 -0.0587815662594   -0.74770925691 1744440079.03
  0.516282271937 -0.0610494019575 -0.0152757714245 0.520103607937 0.194066270516 0.336464216547  9.76917389873 -0.592972356547 -0.240724006057 -0.698034004745 1744440079.09
   0.49790047472 -0.0728124678347  -0.039541276606 0.504747511885 -0.137767688928   1.33188396753   10.4016910045  -0.66252276809 -0.578028945462 -0.952127267364 1744440079.11
   0.48953828953 -0.0843826316864  -0.053710186232 0.499652829024 -0.299804947658  0.888316213343   10.4074923578 -0.0969378790745  -0.228442398534  -0.205413643667 1744440079.13
  0.490024831351 -0.0913720946647 -0.0562299499728 0.501632337771 -0.51450685612  1.02638160639  10.7002514689  0.0955309618974 -0.0811173683346  0.0694928400647 1744440079.19
  0.496934205137 -0.0906626606801 -0.0483301170875 0.507443713622 -1.2569051014 1.85623049031 11.8671148041 0.422421598813 0.260110365425 0.557517772107 1744440079.21
  0.507177692035 -0.0808100474748 -0.0335913711195 0.514672570946 -0.709645277542  0.756303907583   10.9380114259 0.255439981265 0.352930306874 0.386270949139 1744440079.23
  0.517637594961   -0.06205768785 -0.0170228878982 0.521622099849 -0.778722793154  0.524125827935   11.0232281181 0.243496630203 0.588954381702 0.390418541415 1744440079.29
   0.525709380085  -0.0359867623718 -0.00387796353644 0.52695392396 -1.36505818791 0.349495794746  11.8994984728 0.289501053306  1.37697412314 0.446871909277 1744440079.31
   0.529651708111 -0.00491412056276  0.00152201762147 0.529676691032 -0.623588597881 -0.141507450912    10.748543648  0.0370498770891   0.803308628037 0.00724944719577 1744440079.33
   0.528697270549   0.0287961297204 -0.00329333125562 0.529491139684 -0.554234324698 -0.471560186299    10.634139595 -0.0908441314115   0.923268593633   -0.27029824125 1744440079.39
  0.522936725459  0.0633317032711 -0.0184577870444 0.527081031129 -0.683705752031  -1.24142104245   10.8364827863 -0.362398589996   1.59704504218 -0.890977983072 1744440079.41
  0.513038707968  0.0978014471472 -0.0417908168733 0.523946859245 -0.210134615452 -0.827708128594   10.1578458066 -0.286611481711  0.858087777394 -0.632466521264 1744440079.43
  0.499899451855   0.132303130329 -0.0692942162384 0.52173294765 -0.0546865667608   -1.03179657634    9.99956940185 -0.404816256464  0.985299367225 -0.764106309605 1744440079.49
   0.48432055299   0.167699776267 -0.0959974428872 0.5214452244 0.189698193684 -1.62077031614  9.85475669636 -0.72511525265  1.59639057377 -1.04416375414 1744440079.5
 0.466794133318  0.205186741949 -0.116965774048 0.523143722384  0.247163291596 -0.862756213257   9.73993697991 -0.456682931283  0.966747434743 -0.399543978442 1744440079.53
 0.447438076313  0.245775914595 -0.128265282251 0.52636357678  0.431969527041 -0.899406127449   9.66690793537 -0.599306557766   1.24596409851 -0.157993883133 1744440079.58
 0.426080391237  0.289831003372 -0.127699049239 0.530898820388 0.751704458914 -1.01629756796  9.58625372545 -0.932274853503   1.88555989779   0.27110518248 1744440079.6
 0.402452073355  0.336761746532 -0.115183369234 0.537255389757 0.494192352663 -0.41731218538  9.68806970286 -0.607673504486     1.163798913  0.428173685679 1744440079.63
  0.376421243325   0.384936782929 -0.0927086469385 0.546318746242  0.635531361512 -0.256413208575   9.67992782827 -0.82977127059  1.45372702726 0.784091715856 1744440079.68
 0.348193436516  0.431820770182 -0.063911712614 0.558383876739   0.79475424103 0.0496319990976   9.65747651183 -1.15476077975  1.77889368853  1.18150381959 1744440079.7
  0.318414550571   0.474295324926 -0.0333585804548 0.572238303639 0.433215188173 0.278403171204  9.70845964363 -0.725119642203  0.933049688421  0.703049668295 1744440079.73
   0.288140282401    0.509094330948 -0.00568635555177 0.585007858738 0.476040117721 0.697774238253  9.63106264913 -0.946538420014  0.934431195748   0.76977586916 1744440079.78
 0.258671407946  0.533274289773 0.0152277511383 0.592894805026 0.449351390715  1.24487697683  9.49331341379 -1.10120972529 0.688644527814 0.631493834403 1744440079.8
0.231289002886 0.544646434819  0.02691527488 0.592333330009 0.192467860199 0.981688313148  9.53440192048 -0.616728687276  0.105394646536  0.160276651311 1744440079.83
 0.206949648468  0.542113179014 0.0286693026341 0.580979160362 0.156830544055  1.58177434203  9.30756861882   -0.74020113759  -0.306953020138 -0.0877489791271 1744440079.88
 0.186012589194  0.525870819357 0.0215478701594 0.558216008995 0.0768882964163   2.00968764893   9.08855186783  -0.73556542985 -0.844751113332 -0.390203640984 1744440079.89
  0.168066942475   0.497458811307 0.00804275761955 0.525144220238 -0.0025754740849    1.29036841123    9.29045273367 -0.400572557725 -0.777788230433 -0.353032015603 1744440079.93
   0.151908705229    0.459651606263 -0.00850851454224 0.484177910158 -0.0556420745602    1.78857494899    9.00821053065 -0.539719910184  -1.35444843434 -0.544840218575 1744440079.98
  0.135688025162   0.416202639295 -0.0246433376179 0.438455438121 -0.105017576483   1.84538881622   8.89324639667 -0.647382714045  -1.64545759316 -0.540593057336 1744440079.99
  0.117212185897   0.371463197842 -0.0374816351675 0.391316338591 -0.0882698677298   0.998375178576    9.26085889502 -0.481721505872  -1.00568715502  -0.24053373407 1744440080.03
 0.0943553188222   0.329912591329 -0.0452816318897 0.346115111334 -0.163773670532   1.17102389856   9.09390058168 -0.876749273925  -1.28534606197 -0.173896810246 1744440080.08
  0.065498806723    0.29564951855 -0.0477386059491 0.306557834672 -0.225846119728  0.939594944165   9.16346464189    -1.1899450011   -1.07111947684 -0.0128106112933 1744440080.09
 0.0299128637167   0.271905230707 -0.0459754011331 0.277382355983 -0.178773311803  0.381753032384   9.50567739715 -0.900736949676 -0.406828068479 0.0639354524509 1744440080.13
-0.0120059872425   0.260643598521 -0.0422372172572 0.264316499109 -0.326576456042  0.283646423001   9.52390415499  -1.52932654969 -0.165614925246  0.114099549856 1744440080.18
-0.0587039831574   0.262308671703 -0.0393639012281 0.271664339966 -0.407883064508  0.048575752565   9.68331522624  -1.74108342616  0.275222155977 0.0378459114276 1744440080.19
 -0.107669802278   0.275765677698 -0.0401577739541 0.298750970087  -0.293154477961 -0.0923370533717    9.83389070285  -1.12736014205  0.419537422728 -0.086115571053 1744440080.23
-0.155841839788  0.298457693209  -0.04678396309 0.339930011718 -0.471659247728  -0.27065316743   9.98725333553  -1.62261689623  0.894866612578 -0.353898223631 1744440080.28
 -0.200153809267   0.326770231048 -0.0603288481389 0.387917389635 -0.480284196195  -0.35920792254   10.1148296815  -1.47196568044    1.0395923756 -0.605071547442 1744440080.29
 -0.238114335629    0.35656357199 -0.0806031934104 0.436271581117 -0.291132447423 -0.261401058808   10.0774290328  -0.79487915774  0.665229418891 -0.535270146086 1744440080.33
-0.268301133908  0.383802302815 -0.106219129776 0.480179351527 -0.384362098135 -0.412903252505   10.3134173721 -0.946639475399  0.875993824349 -0.978327448134 1744440080.38
-0.290660303386  0.405188148131 -0.134908093936 0.516585947504 -0.285046722497 -0.383499520812   10.3731005405 -0.667658150001  0.609230025174  -1.00888652891 1744440080.39
-0.306535880206  0.418691048575 -0.163994984795 0.544206573875 -0.121547988684 -0.230211348022   10.2288134828  -0.32398482539  0.218239433944 -0.653933238307 1744440080.43
-0.318408048171  0.423879307841 -0.190914336147 0.563476385044 -0.074935667523 -0.299422790775   10.5232941768 -0.421807573342 0.0606427420831 -0.916944406523 1744440080.47
-0.329379519694  0.421975249773 -0.213653522898 0.576369505839 0.0413073941785 -0.194451306041   10.4919548955 -0.409647811705 -0.140627639045 -0.682037473955 1744440080.49
-0.342505196588  0.415607018834 -0.231034551038 0.586017036926   0.104935681632 -0.0632541866886    10.2734007509 -0.358119435669 -0.159622229958  -0.33969746805 1744440080.53
-0.360097434097  0.408283555025 -0.242791281721 0.596081563065  0.297630634346 0.0304237059418   10.5038480579 -0.763595950823 -0.224130576252  -0.34597990787 1744440080.57
 -0.38314907839  0.403677232355 -0.249450005529 0.609904770806 0.387539816356 0.154489872855  10.3304531948  -0.847708381691 -0.0572890800361   -0.15444704046 1744440080.59
-0.410996470298  0.404843741261 -0.252064760282 0.629565879644 0.368654646671 0.197688943117  10.0751603784  -0.679844045053   0.115185546742 -0.0284667286414 1744440080.63
-0.441299572395  0.413529633791  -0.25188490857 0.655132107123 0.775088546027 0.453073290637  10.0343286389  -1.13345658416  0.474769211807 0.0387119502163 1744440080.67
-0.470356483264  0.429707778369 -0.250037384996 0.684399510545 0.816226883788  0.47219916454  9.80292054918 -0.856822529786  0.619808762381  0.075095324616 1744440080.68
 -0.49370699901  0.451440147463 -0.247291713857 0.713230677519 0.686473747466 0.370950457593    9.665936451 -0.429507055273  0.533178720649 0.0715151937794 1744440080.73
-0.506925324006  0.475103371953 -0.243948479819 0.736347308657 1.25547545266 0.60688380939 9.38378599032 -0.247930577036  0.864860248078  0.144458980928 1744440080.77
-0.506463385365  0.495938456626 -0.239859090599 0.748326464064  1.06846626791 0.441235148787  9.36447418188 0.265399198397 0.541106062976 0.150781033344 1744440080.78
-0.490389001195   0.50881826102 -0.234553712027 0.74457561004 0.738693395222 0.240740255988  9.47233677377 0.560378467849 0.154749601118  0.14633549028 1744440080.83
-0.458871676426  0.509080999384  -0.22743113974 0.722116059013 1.03091658646 0.20939914029 9.32327202299   1.50736521147 -0.308100888198  0.328886056977 1744440080.87
-0.414305638593  0.493267051919 -0.217953383894 0.680047957301    0.54323674199 -0.0194764525881    9.54935150348   1.54483863469 -0.780841141479  0.341652882072 1744440080.88
-0.361023149899  0.459623306244 -0.205791189558 0.619629979993  0.129724862554 -0.161692347716   9.73027558711  1.29328787919 -1.00198324403 0.319203251284 1744440080.93
-0.304632044929  0.408296717834 -0.190884261666 0.544007071593 -0.317286569174 -0.508377915143   9.84094680016  2.19958300628 -2.36931758161 0.647954296965 1744440080.97
-0.251092875665  0.341210074849  -0.17340787265 0.457757837383 -0.667086881126  -0.54134430486   9.88758826944  1.53608348527 -2.27677876439 0.577905178773 1744440080.98
-0.205711995829  0.261677690077 -0.153668570457 0.366615150066 -0.791284634365 -0.484185454227   9.81797318389 0.934504497105 -1.98353994094 0.491072343296 1744440081.03
-0.172249495121  0.173860431404 -0.131976500456 0.278055992293  -1.69881812575 -0.861295221572   9.54710535828  1.07913225291 -3.62791663029 0.911833430737 1744440081.07
 -0.15231734547 0.0821711101532 -0.108551739699 0.204294261463  -1.41797180366 -0.612664650682   9.26489116994 0.414357003535 -2.80317755291 0.741824814737 1744440081.08
  -0.145179145095 -0.00927391143135  -0.0835123566823 0.167741775722  -1.07730817605 -0.394708245688   9.05448593923 0.0509669687442  -2.10438039564  0.605587263267 1744440081.13
 -0.147975673034 -0.0970926479911 -0.0569641802811 0.185926598256  -1.61816736309 -0.482155047152   7.95831744631 -0.218663810205  -3.33214286694   1.06719265992 1744440081.17
 -0.156312830677  -0.178936330466 -0.0291742038814 0.239380545507  -1.02961420879 -0.220572797624   7.98036318666 -0.263116315473  -2.40813102302  0.864324533397 1744440081.18
   -0.165081322455    -0.253649435297 -0.000772938672889 0.302639185308  -0.569403127573 -0.0540664303974    8.27598534369 -0.151844263477  -1.65897894026  0.655642440306 1744440081.23
 -0.16934380962 -0.321306671912 0.0270917533455 0.364210469882 -0.384283744299 0.0372326906402    8.2846576804 -0.000565653391152     -1.55736028902        0.643411381 1744440081.27
-0.165128356348 -0.383143431822 0.0527265063317 0.420531030827 -0.310231191866   0.12491462343   8.19756275752 0.307261984122   -1.907475276 0.745785637796 1744440081.31
-0.150000967149 -0.441386589665 0.0740406596693 0.472021642477 -0.244662987973  0.164151136195   8.81484338342 0.739992013173 -2.05144465017 0.640150708278 1744440081.33
-0.123343538554 -0.498981494121 0.0888736271525 0.521626956341 -0.180338088208 0.0878790824556   9.86560636693 0.740448320178 -1.37004268715 0.248916360922 1744440081.37
-0.0863233197181  -0.559208580506  0.0954471614313 0.573825855695 -0.394412620932 0.0584887691716    11.038127132   1.36003050977  -2.09976499794 0.0659695028827 1744440081.42
-0.0415936005494  -0.625196058553   0.092838981409 0.633418673317  -0.640300595961 -0.0305999749568    12.3124978282   1.65586041907  -2.48158096393 -0.249610491511 1744440081.43
0.00719640399123  -0.699363368576  0.0813496542186 0.704115527295  -0.586824210965 -0.0819901347258    12.1372481554   1.14979038853  -1.85783463603 -0.355768860699 1744440081.47
0.0559859351524 -0.782865354629 0.0626458604798 0.787360839926  -1.06990704723 -0.193818432241   13.8902478893   1.63271877463  -3.06320305244 -0.727383669541 1744440081.52
  0.10088485779 -0.875135682899 0.0396110202441 0.881821552775 -1.09127061013 -0.21643642706  13.7486515449   1.32308669569  -3.05262112564 -0.747882412764 1744440081.53
 0.138670967422 -0.973635979942 0.0159076674086 0.983590215753 -0.853108002505 -0.173752642471   12.7059669497  0.825454643652  -2.47624160881 -0.551616481464 1744440081.58
   0.167141586475    -1.07389605053 -0.00466555367988 1.08683522425 -1.17340468058 -0.24001091211  13.5341061031  0.885794782431  -3.72928537433 -0.661069933328 1744440081.61
 0.185283964763  -1.16988140008 -0.018879680243 1.1846134729 -0.658479382495 -0.137735345753   11.7387788393  0.352567680557  -2.44048651119 -0.270211131886 1744440081.63
  0.193255593927   -1.25465817495 -0.0246795705648 1.2696944285  -0.406328090763 -0.0974558565199    10.8642140116  0.0897207562735   -1.96605541798 -0.0346191465282 1744440081.69
  0.192192133402   -1.32126044486 -0.0215452273503 1.33533934867 -0.253214346637 -0.118109120176   10.2324058119 -0.205040687318  -2.38437779653  0.309625285968 1744440081.71
  0.183885659469   -1.36361929857 -0.0105303367022 1.3760023311  0.0985090852603 -0.0561158490848    9.37496831495 -0.267599089736 -0.689269468775   0.33845441146 1744440081.73
0.170396574226 -1.37740044709 0.006021395394 1.38791326867   0.328032475434 -0.0692247151525    8.80904222065 -0.388410769042 0.0385719161772  0.456858207867 1744440081.79
 0.153674696205  -1.36061913782 0.0250045341989 1.36949829397 0.954579791946 -0.18785123808  7.26765401309 -0.84746090593   1.5305807396 0.896676262548 1744440081.81
 0.135264450421  -1.31394908118 0.0431937785067 1.32159916843 0.608968345668  -0.1388530253  8.36208029204 -0.460346237167   1.47125910158  0.402975998188 1744440081.83
 0.116152721618   -1.2406995161 0.0578503661893 1.2474667967  0.717345938898 -0.195133455451   8.29808612078 -0.494219229905   2.15093130469  0.307870936293 1744440081.89
0.0967862508432  -1.14648501056 0.0671635445824 1.15252175663   1.45210108293 -0.455661552788   7.15306895716 -0.959599313047   4.98317713318  0.310671569858 1744440081.91
0.0772437211324  -1.03864597265 0.0704472074938 1.04389408371  0.728509724771 -0.247803121525   8.68894232306 -0.479806769209    2.6993976262 0.0111564505358 1744440081.93
0.0575059198569 -0.925493480163 0.0680768894908 0.929773937861  0.757876019788 -0.256765519455    8.8688971032 -0.507044860536   2.86456635536 -0.118488442796 1744440081.99
0.0377379489819 -0.815456833874 0.0612153272641 0.818621595731   1.46213519543 -0.440847744206   8.41483549763 -0.987050394418   5.29458333215 -0.421410541108 1744440082.01
0.0184908387398 -0.716214805687 0.0514198205733 0.718296287718   0.68511338471 -0.156181322973   9.33352390203 -0.450754936718   2.21261882534 -0.255599484006 1744440082.03
0.000750351497223   -0.633895972679   0.0402416006078 0.63517245975 0.690076963549 -0.08739144042  9.47807700985 -0.415482564079   1.82756374247 -0.286064141742 1744440082.09
-0.0141959773802  -0.572436834811  0.0289146018034 0.573342401902    1.33317258359 -0.0150577689938    9.38801974235 -0.665786892795   2.59916275056 -0.568962775035 1744440082.11
-0.0250482112087  -0.533181068362  0.0181948736628 0.534079130815  0.581134431819 0.0609766397671    9.6953209243 -0.202705236515  0.701118182204 -0.249904723736 1744440082.13
-0.0308648340739  -0.514782485543 0.00836443695008 0.515774765968 0.530979676721 0.114007066863  9.75107134017 -0.0802263727313   0.248994465279  -0.237416397117 1744440082.19
  -0.0314099271608    -0.513436537881 -0.000631549985984 0.514396793158 0.892800300681 0.287005833895  9.77522153291 0.0913182842193 -0.225599327047 -0.453140991616 1744440082.21
 -0.0273702578191   -0.523415740735 -0.00897640298004 0.524207730268 0.289058558619 0.131414415259  9.82508420108  0.134249948426 -0.296526778428 -0.196210129116 1744440082.23
-0.0203643641896    -0.5378336065  -0.016774955344 0.538480356871  0.13974175446 0.112979779738  9.85362295587  0.184190767892 -0.328145921278 -0.187719197663 1744440082.29
-0.0127167792416  -0.549521713813 -0.0239105892752 0.550188646471 -0.0867778005387   0.168421415028    9.95582892962  0.352975231072 -0.371987060331 -0.350184798769 1744440082.31
-0.00703071083235   -0.551885432461  -0.0300032000104 0.552745107141 -0.224486386198 0.0484820560203   9.89782499751 0.0859418518167  0.120470023224 -0.128377703665 1744440082.33
-0.00564616667422   -0.539610397705   -0.034472486485 0.540739875388 -0.415548936303 0.0361997503796   9.91327847769 -0.0384724886188   0.535313762963 -0.0835925040366 1744440082.39
-0.0101040399518  -0.509122527465 -0.0366808880428 0.510542189387   -1.226223516 0.102132929176  10.0248239752  -0.402613744712    2.15658174357 -0.0436914457163 1744440082.41
-0.0207416479492  -0.458752156387 -0.0361106406944 0.460638399747 -0.670947835878 0.0862773598866   9.88374491252 -0.320799147653    1.4635380063 0.0504806117614 1744440082.43
-0.0365202486044  -0.388607477384 -0.0325240616205 0.391672458339 -0.742960683612  0.155405702531   9.83309825514 -0.429041636728   1.97765493538  0.125308412913 1744440082.49
-0.0551358341618  -0.300213156232  -0.026065273255 0.306345063374 -1.54656573775  0.51052305021  9.68205764195 -0.987597864159   5.15728856604  0.408160079775 1744440082.51
-0.0734022596957  -0.196007654119 -0.0172812536563 0.21001317561 -0.598097753046  0.311698241222   9.64544915361 -0.397461115006   2.69118616884  0.230966346565 1744440082.53
 -0.0878346388422  -0.0788114452941 -0.00706385860348 0.118220411893 -0.423186785487  0.381878692126   9.51640291888 -0.272994872347   3.04772466002  0.258464933423 1744440082.59
-0.0953147912382  0.0486246430789 0.00346500050434 0.107057328436 -0.345630598351  0.869869270644    8.9189833698 -0.15662832311  7.01570835304 0.538242338152 1744440082.61
-0.0936998958528   0.183905614977  0.0130916891583 0.206814743255 0.147051353504 0.367568024882  9.31286188794 0.159007905456  3.36327533157 0.208964394632 1744440082.63
-0.0822451674327   0.325068403607  0.0206407882034 0.335946091996 0.480358015601 0.286688278107  9.26580477028 0.398622611913  3.57500878508 0.149538508592 1744440082.69
-0.0617491022508   0.470453252778  0.0250776475079 0.475150610947   1.6693158968 0.294307851285  8.77137013776   1.2677024564  7.77061942413 0.130924492571 1744440082.71
-0.0343869744993   0.618424152612  0.0255834382658 0.619907580904   0.997183420362 -0.0513878108944      9.497215053  0.711372882137   3.60720887155 -0.042067544106 1744440082.73
-0.00326217359826    0.767027065476   0.0216189811565 0.767338609282   1.14732795382 -0.262053041263   9.78181502238  0.782904544106   3.69125247311 -0.157322102472 1744440082.79
0.0282374896208  0.913687106188 0.0129992574283 0.914215764755   2.32441925686 -0.945544112699   10.6061183348   1.57291711058   7.49854257455 -0.563108914696 1744440082.81
   0.0571508662878      1.05503318391 -9.06338242592e-06 1.05657997367  0.883907713268 -0.575145211633   10.6705042906  0.651105998913   3.33511151949 -0.361034509181 1744440082.83
 0.0815774306128    1.18690629315 -0.0165774312337 1.18982193506  0.512078305673 -0.633488791118   11.2432055691  0.554152815121   3.14644306133 -0.444110302779 1744440082.89
  0.101098843309      1.304566893 -0.0352299426213 1.3089525978 -0.12162444215 -1.09000672361  13.7339242064  0.892514363936   5.46417122114 -0.941848203887 1744440082.91
  0.116887072208    1.40307976355 -0.0538388175595 1.40896913693 -0.741390121955 -0.297480619299   12.1409409481  0.371921069222   2.12292183419 -0.423040851166 1744440082.93
  0.131453170647    1.47782909727 -0.0697564094891 1.48530290967 -1.55170249403 0.080191181335  12.5568246961  0.399008983171   1.56187763334 -0.336319569185 1744440082.99
  0.148060029542    1.52510294318 -0.0801141046414 1.53436600242 -4.52375010147  1.17153435143  15.4843615378 0.964605502471  1.62723416621 -0.31406253755 1744440083.01
  0.169895686347    1.54267941673 -0.0822727739507 1.55418568272 -2.83970103771  1.15072455135  12.5867995582  0.630051902414 0.0645798531483 0.0709825398018 1744440083.03
   0.19916744535    1.53034141543 -0.0743562707823 1.54503766105 -3.39012781569  1.80756042843  12.5656234032  0.851506474662 -0.672281056279  0.339939406891 1744440083.09
  0.236314873959     1.4902401659 -0.0557568284885 1.50989049127 -6.83100673875   4.5220012606  14.7520005217  1.98178013981 -2.54761151666  1.15575730115 1744440083.11
  0.279536649552    1.42702545918 -0.0274856352974 1.45440635991 -3.32003687992  2.68208942339    12.16408771  1.10841939289 -1.78641826493  0.79560815845 1744440083.13
 0.324774548194   1.34767140648 0.0077383060842 1.38627436259 -2.92946661589  2.91878496765    12.16112232  1.11300540388 -2.13268840211  0.94009042004 1744440083.19
 0.366202810586   1.26095985353 0.0457161905392 1.31385471829 -4.04089336689  5.22367586472  14.3358648688  1.72554372973 -4.07750919463  1.75375823645 1744440083.21
 0.397152446499   1.17664036233 0.0812996613265 1.2445168713 -1.22940821105  2.43530691554  12.5128595313 0.583483677237 -2.02675198766 0.820809585529 1744440083.23
0.411288055946  1.10435459752 0.109139389853 1.18349835169 -0.16185825808  1.75764832456  12.8697686271 0.0855358934615  -1.60210556742  0.557612713821 1744440083.29
0.403781731935  1.05247242912 0.124516300486 1.13412618795 1.54418286545 1.52718635597 15.8231868275 -0.875235261976  -1.73256511086  0.335081666914 1744440083.31
0.372218540989  1.02701484505 0.124097057541 1.09941175813   2.05685354265 -0.122465794179   14.1107089882  -1.26821374076 -0.316467520644 -0.263856432973 1744440083.33
 0.31702816957  1.03082411866 0.106466909616 1.08371602681  2.56978444737 -1.10715026159   13.828592209  -1.72146601631  0.474578554529 -0.680879584639 1744440083.38
 0.241354332076    1.0630918553 0.0723372392436 1.09254239396  4.21764312508 -2.77334829796  15.2709134765 -3.08648569211  1.63886645447  -1.5204028213 1744440083.41
 0.150416382487    1.1192918765 0.0243939449529 1.12961695166   3.6129327283 -3.02459536281  13.7681543332 -2.93078210247  1.97249201234  -1.6205565273 1744440083.43
0.0505458764364   1.19151087161 -0.033169030905 1.19304368211 3.58219833166 -3.6154725957 12.9905521301  -3.3156851493  2.45647123513 -1.96248010855 1744440083.47
-0.0518431436599    1.26913864591 -0.0953189587026 1.27376854961  3.07513580057 -3.72642866264  11.6449268155 -3.42784981067  2.52210571736 -2.10354550874 1744440083.49
-0.151090905492   1.33986897031 -0.156906116964 1.35745970433  1.63666108428 -2.50124645505  9.90428540515 -2.44146807601  1.55788084087 -1.50869671385 1744440083.53
-0.242752225681   1.39095617208 -0.213290562558 1.42799880245  1.20193965648 -2.79735733625  8.06359247049 -3.09479358797  1.26968234676 -1.86299753811 1744440083.57
-0.323625317462   1.41065362553 -0.260768030724 1.47060428503 0.096979884273 -1.79168968574  6.59499909138   -2.44813731538 -0.0203753286375   -1.37429574928 1744440083.59
-0.391433977524   1.38971872533 -0.296755120804 1.47397499844 -0.580774754912 -0.768297372791   6.44903420169  -1.46859672317  -1.06854952105 -0.717628874302 1744440083.63
-0.444354546279   1.32281115823 -0.319762293209 1.43161735366  -1.60798139495 -0.489454423818   3.68936071565  -1.63984118115  -3.31259640272 -0.597175126852 1744440083.67
-0.480618607802    1.2095593972  -0.32923317021 1.34254335568   -1.75775405073 -0.0640337450386    3.97908299858  -0.873360549892   -4.32816508086 -0.0902796269488 1744440083.68
-0.498384035329   1.05505398981 -0.325347342953 1.21135315315 -1.32054688234 0.044853583198  5.48047804405 -0.184949588062  -4.09754589828   0.24542503078 1744440083.73
-0.495964606981  0.869569799776 -0.308869284244 1.04763197871   -1.69498124239 -0.0196719471697    3.60649087268 0.486944187145 -7.25715509672 0.828669341457 1744440083.77
-0.472375043301  0.667429916983 -0.281085896025 0.864644526127 -0.875684830841 -0.208895782479   5.28124091161  1.08758415406 -6.47505714913  1.04125253925 1744440083.78
-0.428025343588  0.465085593662 -0.243824266571 0.677466292264 -0.0857403431139  -0.309175556209     7.1561616109 1.28083334244 -4.6514478509 0.97618765589 1744440083.83
-0.365323581399  0.278664044096 -0.199496580545 0.500913020641  0.855763276367 -0.627800131252   6.86943086491  2.60572808396 -6.43932711641  1.73728906595 1744440083.87
-0.288943970942  0.121384936722 -0.151096038533 0.347926621671   1.54130050598 -0.511167703874   8.26583581094  2.53902695568 -4.40842238632  1.54856587534 1744440083.88
-0.205590771202 0.0013256350929 -0.102074700683 0.229539902917   1.67512412109 -0.248765507216   9.21218816793  1.97933611818 -2.40529810694  1.13495272608 1744440083.93
 -0.123220327488 -0.0800031763004 -0.0560699845007 0.157250120783    3.17519959202 -0.0301489741893    9.41228609742  2.90383396252 -2.40987826283  1.59545000745 1744440083.97
-0.0498377484005  -0.127933072142 -0.0164995043745 0.138285594904  2.92522621939 0.334259770295  9.58788487521  2.08731589632 -1.17234335058  1.11407692157 1744440083.98
0.00788187677028  -0.153636878644  0.0139040622584 0.154465974921  2.12966210746 0.491737388829  9.47980517732   1.13613111736 -0.523128338661  0.593980328083 1744440084.03
0.0458241133232 -0.171980304043 0.0335134414409 0.181108324209  2.81554261802 0.968503705473  8.74788463499   0.98503083193 -0.800623644817  0.501607113982 1744440084.07
0.0632037651842 -0.198601980755 0.0420756198258 0.212621307674  1.98436354059 0.909437200322  8.14434796743 0.270945140666 -1.20423863263 0.116543779451 1744440084.09
 0.062652437107 -0.246775214825 0.0407519416434 0.257845021815 0.953204214483 0.562869273056  7.99340602272 -0.16400320525 -1.51596139755 -0.12229533014 1744440084.13
0.0495652320716 -0.324669576119 0.0319055203629 0.329977284244 0.411650535255 0.355798305803  7.28928505889 -0.414876314329   -2.4353057169 -0.287854943956 1744440084.17
  0.03083094078 -0.433565998605 0.0186731323082 0.435061728868  -0.23849404607 0.0353171434227   6.15786044933 -0.599176489728  -4.00284682659 -0.453425835117 1744440084.21
 0.0132316832347  -0.567398777204 0.00441016631187 0.567570171328 -0.829237507971 -0.354539745275    6.3177677119 -0.442408148075  -4.28333914178 -0.405877032844 1744440084.23
 0.00189296312647   -0.713739799442 -0.00787534008698 0.713785756091  -1.02806013303 -0.527027358611   7.25129171528 -0.171089586628  -3.51089059453 -0.248084018021 1744440084.27
-0.00083494872135   -0.856056940478  -0.0159867885494 0.856206610514  -1.79574410114 -0.938393226864   6.91096029843 0.0402249031025  -4.55337761255 -0.189420266019 1744440084.31
0.00421708240656  -0.976825397731 -0.0188196869552 0.977015773697  -1.73556767936 -0.836477516016   8.19288236241    0.221268411686    -3.17324846295 -0.00679644006521 1744440084.33
 0.0134483849932   -1.06089669329 -0.0164255128155 1.0611090662  -1.40412123318 -0.549545801073   9.43617551785  0.22038476309 -1.54118215369 0.113327713129 1744440084.38
   0.021611819791    -1.09846928295 -0.00987484984116 1.09872623933  -1.93043031705 -0.479138160261   10.6766870668  0.186739312165 -0.493279601041  0.291231566716 1744440084.41
   0.0233571838252     -1.08707119441 -0.000972125016977 1.08732253024   -1.22773200748 -0.0670233594521    11.3205867876 -0.0936491189977   0.910568058931   0.246940462053 1744440084.43
  0.014791067774   -1.03214982377 0.00811057994882 1.03228766141 -0.965852634455  0.167303696889   11.7863197349 -0.374247013728    1.8370526305     0.211027969 1744440084.48
-0.00535460067381   -0.946134707796   0.0152176890549 0.94627223097 -1.21082740758 0.472217982845  13.1968213334 -1.04095285784  3.86947780512 0.217475786765 1744440084.51
-0.0352474881336  -0.846144203988   0.018564630997 0.847081486568 -0.554095758156   0.27232020319   11.6229593189 -0.841050346902   2.53021760485 0.0234801945086 1744440084.53
-0.0702894486932   -0.75078457658  0.0170305209115 0.754259985463 -0.368054687207 0.0801084419901   10.9111492371 -0.897196955375   2.20621404638  -0.10673882781 1744440084.58
-0.104163006585 -0.676680426931 0.0103658050721 0.684728984378 -0.321058339779 -0.462011977265   9.87460385602  -1.30793587205   2.51365586361 -0.386518409698 1744440084.61
   -0.130309499958    -0.635435072816 -0.000706476184995 0.648659229991 -0.0263261706716  -0.738307660657    8.60472432464 -0.500478369842  0.573784744774 -0.316945894631 1744440084.63
 -0.143456541013  -0.631631465815 -0.0145182362229 0.647880287514 0.126995004758 -1.28353334806  7.27556845449 -0.136120123085 -0.347623073066 -0.361848100508 1744440084.68
-0.140814979009 -0.662263926837 -0.028633189394 0.677674130123  0.46883572566 -3.10616172329  3.35412380979 0.467808398867 -1.93635006956 -0.57748851437 1744440084.71
 -0.122666675104   -0.71768476968 -0.0401823944695 0.729200361106 0.388275766416 -2.11070157407  5.32498242921  0.610495256962  -1.52753037918 -0.222534158828 1744440084.73
-0.0922311423733  -0.783826355949 -0.0463426852418 0.790593438108 0.513130931977 -2.35126243724  4.69295168089   0.873550511632   -1.64323737223 -0.0608224712203 1744440084.79
-0.0548826940036  -0.845193333295 -0.0449019718548 0.84816276022  1.10221967593 -4.10517662169 0.449375548619  1.74960252147 -2.42017972097 0.268045749312 1744440084.81
-0.0169406989748  -0.887973670587 -0.0348079034447 0.888817088652 0.664493512229 -1.83829084132    5.173364836  0.874245811897 -0.711702895376  0.351232230316 1744440084.83
 0.0156619952462  -0.902622100936 -0.0165603221666 0.902909851238 0.747588779351 -1.26371681731  5.76433406475 0.711981529263 0.032795899489 0.545527387974 1744440084.89
 0.0385268580939   -0.88541867674 0.00769189504907 0.886289860691  1.46917817497 -0.75631336934  4.19515364413 0.814511474472  1.53640633786  1.22679459714 1744440084.91
 0.049519641488 -0.838756699525 0.0344351257592 0.840922572998 0.760662354071 0.556350715959  8.10622748727 0.128611709672  1.41949922752 0.637556907834 1744440084.93
0.0489656371942 -0.770204915047 0.0594392494828 0.774045392188 0.766228662589  1.55978237573  9.29813105377 -0.130736817914   1.89892872707  0.566684518606 1744440084.99
0.0393228152856 -0.690649635962 0.0786337198511 0.696222999731 1.34235472007 4.61123671147 11.0978791735 -0.601954690715   3.88570795384  0.725738415095 1744440085.01
0.0244564904307  -0.61199469094 0.0889883660557 0.618914009339 0.566178312834  2.87617803969  11.4242672797 -0.375834448021    1.7888155851  0.129239125741 1744440085.03
0.00871002967131  -0.544945514643  0.0891606145253 0.552259987442 0.437850359163  3.26201815536  12.2746014394 -0.364389107319   1.46768217538  -0.11841122609 1744440085.09
-0.00401323299843   -0.497324672611   0.0797368961572 0.503692275736 0.483286724115  6.13505120445  15.6138308909 -0.488482450642   1.78114196772  -0.64891648418 1744440085.11
-0.0109694715236  -0.473188616446   0.063017704562 0.477492436723 0.0356298631225   2.61435229838   12.9477474242 -0.0853076100126   0.300722602551  -0.457375885192 1744440085.13
-0.0109722145299  -0.472793179619  0.0424263873113 0.474819732663 -0.180736829998   2.03689579291   13.1549226586 0.0836559148102  -0.25657706343  -0.52819653617 1744440085.19
-0.00442816881859   -0.493251133757   0.0217164595915 0.493748816959 -0.752732661333   2.34783502684   16.1520137023  0.447211151373    -1.417384113 -0.954273260209 1744440085.21
0.00694884124011  -0.529591896866 0.00418587326434 0.529654024015 -0.536113727994  0.339315106723   12.7159907023 0.306841790068 -1.01144038034 -0.36270609415 1744440085.23
 0.0206444898397  -0.575897957723 -0.0079209835022 0.576322301018 -0.690559450755 -0.390073113729   12.5565682789  0.345302714695  -1.23662783459 -0.228996002849 1744440085.29
0.0339383764459 -0.626249145876 -0.013712901978 0.627317981399 -1.50341721483 -1.84155703629  14.5235918878  0.596568871266  -2.49116078474 -0.142995068546 1744440085.31
 0.0444541689858   -0.67532275483 -0.0136280642192 0.67692150244 -0.753407302888  -1.19090120393   11.7547602298  0.203067615026  -1.12855091638 0.0558840557082 1744440085.33
  0.0505613110445   -0.718631321496 -0.00913828281472 0.720465773387 -0.757989015272  -1.30861046742   11.4575250479 0.0911427830498 -0.988423340078  0.145304274983 1744440085.39
  0.0515698530919   -0.752490776431 -0.00228389317834 0.754259262144 -1.36548127973 -2.32749921433  12.3048406598 -0.0733868692536   -1.42266249444   0.359936907589 1744440085.41
 0.0477116958375  -0.773873365744 0.00483808238304 0.775357852329 -0.535106236339 -0.818286773714   10.5965347706  -0.14161574542 -0.338883355417  0.155999455934 1744440085.43
0.0399475680273 -0.780302648258  0.010518850905 0.781395339949 -0.413397368334 -0.487538878168   10.2235954018 -0.228278907207 0.0502960048128  0.112544463284 1744440085.49
0.0296698801306 -0.769898266771  0.013732931628 0.770592133605 -0.528479575316 -0.271038859402   9.88450115118 -0.566174203605   1.01620234352 0.0977841780326 1744440085.51
0.0183818629386 -0.741595268248 0.0142434726422 0.741959777404 -0.0864859371901   0.156236022755     9.5288938087  -0.270900369807   0.906276441445 -0.0147333566564 1744440085.53
0.00742329920172  -0.695474033932  0.0125230151873 0.69562638187 0.070880461193 0.352457308319  9.26834697266  -0.258649093586    1.36302543752 -0.0591624138629 1744440085.59
-0.00221174801646   -0.633071340354  0.00953296808427 0.633146974476 0.463567194595 0.917724255517  8.32530651279 -0.462955991838   3.67595892827 -0.162385237955 1744440085.61
-0.00995053086382   -0.557522507494  0.00642901580261 0.55764835844 0.334657978428 0.398420913129  9.07926593349  -0.163159866102    1.94232509948 -0.0640747361944 1744440085.63
-0.0156231471227  -0.473416287151 0.00426615903213 0.473693216944 0.442088505818 0.312279736963  9.10563923803  -0.117748384001     2.1378877632 -0.0332433993802 1744440085.69
-0.0193799375573  -0.386318347411  0.0037668516015 0.38682248732  1.08582901937 0.370373468496  8.57850436078 -0.159272089855   4.58306505992 0.0247871594914 1744440085.71
-0.0215798105174  -0.302012898756 0.00519318124761 0.302827423409  0.519859923917 0.0234876311444   9.43071688976 -0.0400706493791    1.95192142722   0.055489629617 1744440085.73
-0.0226793549097  -0.225597133072 0.00833586781847 0.226887430859  0.522356438494 -0.106720981854   9.62714882892 -0.0194795314276    1.76372654863  0.0924639545393 1744440085.79
-0.0231414782744   -0.16061550974  0.0126059866851 0.162762959196   1.02030755604 -0.434682823922   9.83371486203 -0.0185618431344    3.14797474646    0.23802595262 1744440085.81
-0.0233702444357  -0.108426507024  0.0171954210648 0.112241517524 0.383546833289  -0.2470750401  9.96880663654 -0.00641737776664     1.12610047275    0.105197523603 1744440085.83
 -0.023669545508 -0.0679519977812  0.0212623830034 0.0750320619335  0.291530579669 -0.263440159994   10.0642233409 -0.0105801881934   0.904102354501  0.0860406192504 1744440085.89
-0.0242192190352 -0.0358795995208  0.0240994854278 0.0495449435395  0.38923106448 -0.51670943658  10.4120237248 -0.0374192732835    1.62892942202   0.107131449223 1744440085.91
 -0.0250630403071 -0.00729061987391    0.025251961213 0.0363176358355 0.0734412206703 -0.188564543395   10.0493815394 -0.0229330961174    0.72028371409 0.00570689733142 1744440085.93
-0.0261068139511  0.0234060664796  0.0245692131233 0.0428142022724 -0.00963818832179   -0.135009920678      9.9800396586  -0.025724589137    0.85558713227 -0.0381315713265 1744440085.99
-0.0271289050627   0.061419021806  0.0221897288538 0.0707153292866 -0.132802000152 -0.157909544624   9.97518882695 -0.0456120162151     2.3385626083  -0.163475177632 1744440086.01
-0.0278075925547   0.110606273296  0.0184735587892 0.115534766501 -0.0709209666841 -0.0130752103231    9.79983582352 -0.00777580989969       1.354264023   -0.100748316568 1744440086.03
-0.0277683087652   0.172779952902   0.013905209625 0.175548699657 -0.0405199203714  0.0425850318595    9.73891894794 0.014425659146  1.70385145556 -0.11809389429 1744440086.09
-0.0266493621192   0.247407829007 0.00899184698499 0.249001356758 0.0632762838594  0.201522448372    9.6115708414 0.0956902771954    4.2377480718 -0.259304577881 1744440086.11
-0.0241786548931   0.331751681492 0.00417785059408 0.332657842176 0.122786476043 0.137806791283  9.73961748153 0.0778716099737   2.11666514686 -0.111956909697 1744440086.13
  -0.0202484232545     0.421394782747 -0.000210856473904 0.421881033031 0.231237405732 0.182301569823  9.79511220932 0.114869589869  2.23697736754 -0.10188685712 1744440086.19
  -0.014972226048    0.511038235798 -0.00398805390151 0.511273068501 0.687446046085 0.451248999314  9.95000753856 0.303519291916  4.57708525003 -0.18113651436 1744440086.21
-0.00870951985299    0.595401990748 -0.00709712959509 0.595507981114 0.382962716847 0.226451398446  9.96194134266   0.157443504251    1.93719816686 -0.0681004871377 1744440086.23
-0.00204815482511    0.670057099107 -0.00957822130963 0.670128684154 0.418592982183 0.232387694475  10.0482417099    0.16269616903    1.71442220907 -0.0555462805635 1744440086.29
0.00425720854239   0.732039794038 -0.0115241148015 0.732142874787 0.814185477234  0.43195266189  10.4285625812   0.295994147927    2.85031973017 -0.0895475901661 1744440086.31
0.00938433742113   0.780147985845 -0.0130369117514 0.780313338778 0.316656121983 0.159457493623  10.1355490692   0.101371254149    1.01068812654 -0.0325912587339 1744440086.33
 0.0125666078552   0.814885875944 -0.0141956195116 0.815106389411 0.225312627563 0.101413384882  10.1562751608  0.0484536950229    0.73165304925 -0.0253028589498 1744440086.39
 0.0132215826837   0.838090567845 -0.0150407481066 0.838329788486  0.217256481734 0.0577866574797   10.4857542606  -0.038066107902   0.949063514419 -0.0349929123181 1744440086.41
 0.0110645849075   0.852334284938 -0.0155763794634 0.852548404442 -0.00217390942995  -0.0390097343492     10.1195170189  -0.0859698494188    0.270688094215 -0.00909071317503 1744440086.43
0.00618785659555   0.860237238135 -0.0157845156815 0.860404292399  -0.087534218646 -0.0930478461804     10.121911107   -0.152787452727    0.146821651373 -0.00084909918307 1744440086.49
-0.00091072998309    0.863842006786  -0.0156429309367 0.863984110621 -0.261514609557 -0.228371233523   10.4387725832 -0.391727107392 0.0995075722085 0.0162899172713 1744440086.51
-0.00936007941556    0.864186766611  -0.0151379569253 0.864370022856  -0.126236914923 -0.0969209978411    10.1456370149  -0.209474611259 -0.0326938467732  0.0168438146824 1744440086.53
-0.0180128376287   0.861172787431 -0.0142677536294 0.861479309632 -0.0887824007734 -0.0485571240951    10.2161080824 -0.207562120816 -0.133283413665  0.026840866235 1744440086.59
-0.0256012072773    0.85375772997 -0.0130377377777 0.85424098819 -0.031110958345 0.0671016554415   10.7479983254 -0.323939463517 -0.519940836121 0.0705166577352 1744440086.61
-0.0309350310126   0.840431949128 -0.0114547901265 0.841079098228 0.0675002426158  0.127172015068   10.3402685351 -0.092554614641 -0.417548645231 0.0432404597363 1744440086.63
  -0.033113850879    0.819865371711 -0.00952791642054 0.820589139608 0.150901112008 0.224159021578  10.4098642075 -0.00996022408155   -0.624715082453   0.0533757764404 1744440086.69
  -0.031714170894    0.791563526965 -0.00727946276581 0.792232034467 0.410684696351 0.560431062289  10.9806862387  0.15390349441 -1.57484192378  0.11812006479 1744440086.71
 -0.0269073735567    0.756356607836 -0.00476448004615 0.756850067873 0.236956616357  0.29934298202  10.3365029235  0.152365522099 -0.932960406709 0.0645664088178 1744440086.73
 -0.0194671811843    0.716573093807 -0.00208967879441 0.716840523875 0.244152040483 0.268982978046   10.210489673  0.207657897145  -1.02822401869 0.0682216607218 1744440086.79
 -0.0106421162856    0.675818721118 0.000579130181822 0.675902754725 0.418179877682 0.332210034076  10.1629829483 0.427384065389 -1.90215808238  0.12453439455 1744440086.81
-0.00189852655121    0.638380289926  0.00302960838772 0.63839030185   0.17779716996 0.0360778472149   9.72235722939  0.203786905098 -0.855518381941 0.0565548524083 1744440086.83
0.00542235761849   0.608378407843 0.00503733592487 0.6084234248  0.134686190674 -0.121057668197   9.42048566347  0.158184070614  -0.63385920748 0.0433652660221 1744440086.88
 0.0104562097036   0.588873640485 0.00641658927803 0.589001417144  0.177297334852 -0.487374078387   8.56938406735 0.180093803243 -0.63980941262 0.047946481459 1744440086.9
 0.0130839476658   0.581159495589 0.00707708564714 0.581349837999 0.0735117536466  -0.36762278398    8.8962306708  0.0464359700513 -0.0574961513977 0.00853938292162 1744440086.93
 0.0140371665539   0.584439766551 0.00707511243878 0.58465112673 0.066070257279 -0.38714446003  8.77510893656  0.0221210565553   0.191104003991 -0.0055283863062 1744440086.98
 0.0148010691122   0.595993723011 0.00664795105013 0.596214545922  0.130126049678 -0.549958233618   8.00899359411  0.0739928953348   0.614910719135 -0.0192111278155 1744440087
 0.0173301586247   0.611805855055 0.00622013722417 0.612082861045 0.0994319475464 -0.158064248916   8.86041630508    0.121634647633    0.433564720723 -0.00383495419564 1744440087.03
 0.0236436498723   0.627512958133 0.00636915801832 0.627990526185   0.11426975094 0.0994730569269     9.193471984  0.234243824064  0.358172048107 0.0197159806474 1744440087.08
  0.035399413874   0.639434767733 0.00774100159799 0.640460665298 0.198667106106 0.618148325516  9.45277091538 0.604755843145 0.362300563591 0.091983070056 1744440087.1
0.0535483457759  0.645428433118 0.0109176477427 0.647737973755 0.136099996844 0.771924796618  10.0637486266  0.612209480477 0.0846855230926  0.121994423023 1744440087.13
0.0781464625597  0.645347868222 0.0162591668774 0.650265408227 0.0923229728685  0.961767576385    10.526032251   0.711498800327 -0.0576901043098   0.166763635723 1744440087.17
 0.108359299005  0.640984223784 0.0237644351634 0.650513075349 0.0370155183898   1.66377853884   11.5372459801  1.22092828923 -0.18664936024 0.316960554098 1744440087.2
 0.142645751963    0.6354875421 0.0330035823264 0.652136077184 -0.0972068637859    1.37643288425     11.631253659   1.04700864814 -0.127238975003  0.287233477974 1744440087.23
 0.179068948017  0.632391149335 0.0431627261404 0.658670839516 -0.252996035186   1.18456994024   11.7988776952   0.980347150163 -0.0138976031881   0.271296045317 1744440087.27
 0.215658089894  0.634452504155 0.0532086275868 0.672212429084 -0.632222695669   1.34198230313   12.8003399005  1.29820612585 0.184370452005 0.343741956742 1744440087.3
 0.250740269957  0.642569867304 0.0621400210054 0.692551874993 -0.801861099094  0.773557207613   12.3686081738 0.998318946437 0.304230544278 0.237348603358 1744440087.33
0.283173262631 0.655027269185 0.069260243167 0.716969177391 -1.24902994372 0.424364898037  12.6446014528  1.01912459881 0.407918507955 0.202432493314 1744440087.37
 0.312435117542  0.667264070746 0.0743946970636 0.74053468098   -1.68542498563 -0.0427518725736    12.5991241697 0.960882958297 0.299139122832 0.151445481057 1744440087.39
 0.33855862907 0.672269670865 0.077989572157 0.756736961598  -1.44926088997 -0.359246767484   11.5633693043    0.61639180364 -0.0707448591792  0.0829950967149 1744440087.43
 0.361932612186  0.661583117061 0.0810593693238 0.758457683658  -2.31175351467 -0.897378271982   11.7972442613  0.786907106936 -0.805605549148  0.123891271891 1744440087.47
 0.383021286565  0.626750494216 0.0849898078139 0.739421906217 -2.33484686591 -1.12494020343  11.1059938738 0.682053334692 -1.70939950822 0.172970260894 1744440087.48
 0.402072135474  0.560983240369 0.0912388427785 0.696195895227 -1.61524316153 -0.89335137775  10.2219602504   0.4292701508 -1.98751959813 0.191662482732 1744440087.53
0.418886797511 0.460693278799 0.101003203713 0.630797981465 -2.22416818727 -1.38695482941  9.61213257734 0.556235598094 -4.25471717398 0.429945859489 1744440087.57
0.432716851093 0.326577894354 0.114925871514 0.554170506472 -1.68908738844 -1.22136007153  8.85920551865 0.392999953396 -4.97623199077 0.535147005039 1744440087.58
0.442318353818 0.163998943134 0.132909892436 0.490108374731 -0.833381336487   -0.7684833124   8.64593521967 0.157197826763  -4.0226716212 0.457792269131 1744440087.63
  0.446161200864 -0.0174612402946   0.154078571747 0.472339833531 -0.671657125031  -1.03528050785   7.34351889661 0.00782705650584   -6.68922877575   0.796780732871 1744440087.67
 0.442750365199 -0.205210472606  0.176887899277 0.519065075748 -0.0263223456461  -0.826545276476    7.04397522642 -0.256665440474  -6.22297507378   0.76590016063 1744440087.68
 0.430985625628 -0.385400243881   0.19936310826 0.611577964299  0.361134880263 -0.481226974904   7.75971180386 -0.36805795777 -3.87326209067 0.484837053426 1744440087.73
 0.410472775761 -0.544884050936  0.219406668466 0.716607155123   1.04233061316 -0.663507632023   6.57588057097 -0.865494627821  -5.05137941022  0.627933713377 1744440087.77
 0.381706975925 -0.673010528766  0.235115757096 0.808654936629   1.38602109336 -0.624737912685   6.70189359244 -1.13034374105 -3.82749874269 0.450188314778 1744440087.78
 0.346076957784 -0.762937111603  0.245053950546 0.872865244839  0.997532484789 -0.393518718434   8.01415237676 -0.851748678939  -1.56021016787  0.149273262636 1744440087.83
 0.305680817908 -0.812273186512  0.248439725696 0.902746248548 1.47854043894 -0.5891184642 7.54999804386   -1.37603183109  -0.994965021129 0.00300599857514 1744440087.87
 0.262989556026 -0.823014979409  0.245235458419 0.898141187663   1.50095614853 -0.672352484348   7.78214305916  -1.58878550716  0.212411439998 -0.229272474768 1744440087.89
 0.220431266725 -0.800875814215   0.23613763993 0.863569915025  0.736946827488 -0.409403567887   8.88951738509 -0.945670099113  0.783897438158 -0.259276897235 1744440087.93
 0.179986978097 -0.754211378386  0.222478419905 0.806676368127  0.702192736382 -0.550005137984   8.92656542394  -1.22889923396   1.71309601921 -0.476776033994 1744440087.97
0.142883793807  -0.6927739752 0.206051546976 0.736755589906  0.432982622422 -0.623319572915   9.10261489769 -1.36396130955  2.46922018695 -0.64969698659 1744440087.99
 0.109444330957 -0.626505902327  0.188876773763 0.66344716662 0.0217990379873 -0.329680201497   9.51524380965 -0.736101528767   1.48040757563 -0.382422552901 1744440088.03
0.0791117303581 -0.564519050908  0.172920417159 0.595686071172 -0.224363419419 -0.364329912959   9.44297365208 -0.901393642241   1.71914751389 -0.445652614894 1744440088.08
0.0506284680097 -0.514331664764  0.159797976342 0.540958128135 -0.504389782143 -0.355829995223   9.17030420541  -1.13082265552   1.65557162335 -0.446482042996 1744440088.09
0.0223161404844 -0.481367933916  0.150495847863 0.504838685277 -0.338047785897 -0.123394577616   9.24073755899 -0.673242282452  0.527657144996 -0.169229361623 1744440088.13
-0.00761031269324   -0.468686717091    0.145158801209 0.490709927763  -0.388848534584 -0.0265578865086    8.73017296071 -0.929053879264  0.065881307644 -0.110524478936 1744440088.18
-0.040755489217 -0.476895382288  0.142992559665 0.499536873182 -0.367668308873  0.191018070947   7.70989514321  -1.46636040462 -0.736745745283  -0.05882429961 1744440088.19
-0.0783257842952  -0.504216401789   0.142321989689 0.52974017883 -0.056175936917  0.262033258383   8.32013008469 -0.924600229024 -0.804273555735 -0.024999751192 1744440088.23
-0.120997874024  -0.54669509261  0.140822930465 0.577362197885 0.141973514407  0.54460324146  7.66241948406   -1.27017226622   -1.32342162504 -0.0899322396908 1744440088.28
-0.168867300718 -0.598553684994  0.135911362112 0.63659608656 0.554183803542  1.25629572682   6.0943778826  -2.21627345796  -2.33863970328 -0.343917450188 1744440088.3
-0.221456899778 -0.652700723519  0.125233874041 0.700531880894 0.442598343359 0.879733506776  7.82069490359  -1.26135902996  -1.19121542441 -0.332933822796 1744440088.33
-0.277761849943 -0.701392657554  0.107168809283 0.761963554927 0.64018011825 1.25571839512 7.66456124222  -1.53368671616  -1.12589704572 -0.587580575591 1744440088.38
-0.336314541975  -0.73701903877 0.0812300244921 0.814188461925 1.26504191737 2.57841619392 6.62890887873 -2.77919738028 -1.21946844036 -1.39300335815 1744440088.4
 -0.39526355002 -0.752950569903 0.0482740132683 0.851761830002 0.645792918121  1.40133482508  8.69506776262   -1.37260516755 -0.0867300201576  -0.836418991562 1744440088.43
-0.452471262133 -0.744358567222 0.0104480625451 0.87115387944 0.670177356253  1.56237777482  9.25109278702  -1.4269383831 0.569568516894 -1.00061316427 1744440088.49
  -0.50563981464  -0.708893415029 -0.0291252246451 0.871234626683  1.1357446542 2.83773839682 10.1649292857 -2.47460993324  2.40659803617 -1.91325086769 1744440088.5
 -0.552472712969  -0.647105544852 -0.0668683096279 0.853488755395 0.456874312952  1.20467861372  10.6876778335  -1.02664819229   1.76326213572 -0.846067244001 1744440088.53
-0.590870160485 -0.562510805318 -0.099364089678 0.821838898427 0.372569790694 0.998011703279  11.4286911675 -0.853040633458    2.3781011197 -0.730139758841 1744440088.59
 -0.61914213843 -0.461244954956 -0.123932412227 0.78194829679 0.517284399897  1.27984192033  14.0853942959  -1.14101013504   5.31497195544 -0.998603939498 1744440088.6
 -0.63620910424 -0.351316174223 -0.139044410173 0.739944880777 0.159451508952 0.261770879497  12.2271802263 -0.275035063387   2.67264810233  -0.25011796704 1744440088.63
-0.641751411533 -0.241539764977    -0.144493374 0.700760064073  0.0936388290426 -0.0869495052372     12.491880797 -0.000779743219855      2.69061771902   -0.0287896515443 1744440088.69
-0.636270254246 -0.140309156864 -0.141302188548 0.666702935667 0.0882492407283 -0.789958286395   14.9712020778 0.52382959057 4.73237710747 0.33085018729 1744440088.7
-0.621037163814 -0.054403273519  -0.13141027816 0.637115010194 0.0176863561895  -0.60554402168   12.0278958753 0.468530510395  1.86096572754 0.294194979973 1744440088.73
-0.597933183658 0.0119626224016 -0.117229959604 0.609434212925 0.0107379812471  -0.76967867983   11.6627743856 0.658385122541  1.42363815533 0.383983710746 1744440088.79
-0.569205729491 0.0576727820021 -0.101181122301 0.580998220117 0.0288442000564  -1.63136076962   12.3987269689 1.53982872128 1.84492439749 0.80940301183 1744440088.8
 -0.537191820707  0.0847390428551 -0.0853015759879 0.550483529712 0.0210347768344  -0.75413071944   10.4922805218 0.794563165882 0.489729969582 0.368184640701 1744440088.83
 -0.504063470882   0.097823291989 -0.0709955057127 0.518352911601 0.0263162009343  -0.69228469854    9.9744187525 0.828772227615 0.235327829308 0.333318388045 1744440088.89
 -0.471641755955   0.103351822018 -0.0589384315783 0.486416779924 0.0480016052218  -1.15937419868   9.25038832732  1.60964469264 0.271035415221 0.561076063191 1744440088.9
 -0.441303390913   0.108390968453 -0.0491191383654 0.457066706978 0.0122965208387 -0.426537400047   9.26188704851 0.699605651007 0.195744056752 0.217901183068 1744440088.93
  -0.41397534358   0.119486422247 -0.0409774853485 0.432818373569 -0.00389860210862   -0.328446265258      9.1114784448 0.641713090703 0.417650417245 0.194912324143 1744440088.99
 -0.390189002266   0.141658087443 -0.0335937822013 0.416464900598 -0.0448471048777  -0.500628132401     8.4014837318  1.14830732215  1.52531590702 0.395225653773 1744440089
 -0.370153921337    0.17769515359 -0.0258949809344 0.41141225447 -0.0325056921556  -0.170583526469     9.3073733119 0.437518177602  1.03648962063 0.201327358573 1744440089.02
  -0.35381545531    0.22782777322 -0.0168562144714 0.42115911795 -0.0352334855478  -0.136782393575    9.52189960692 0.363551254705  1.39188582891 0.250964066722 1744440089.09
  -0.340877771638    0.289781296505 -0.00568528150014 0.447440697106 -0.0499812424768  -0.241282431632    9.75680912327 0.623945401777  3.55988848483 0.674309372833 1744440089.11
-0.330796305656  0.359162350814 0.0080210076737 0.488352461488 0.00335500257396 -0.0848316083207    10.0262240662 0.216219813525  1.67474328046 0.356286729625 1744440089.12
 -0.32276286479  0.430091372744 0.0241644386211 0.538273514015  0.0397666485995 -0.0628768022396     10.226360276 0.185049842504  1.67885716581 0.418141950673 1744440089.19
-0.315715439518  0.495982895156 0.0420980038998 0.589446785528   0.183058901317 -0.0798885526627    11.0381686769 0.405878324161   3.3992149239  1.03146410437 1744440089.21
-0.308400419704  0.550376282709 0.0606639156189 0.633802005441    0.109820026965 -0.00569473033056     10.3534038065 0.192008304702   1.0862784827 0.428958446777 1744440089.22
-0.299498826255    0.5877276667 0.0783269224768 0.664272883624 0.131958781908 0.016824326298  10.3138533896 0.249429868511 0.650458117583 0.396392737015 1744440089.29
-0.287805511726  0.604083263174 0.0933932434691 0.675626301554  0.317949960475 0.0660885577819   10.7562626282 0.802657932979 0.291662244998 0.769599239685 1744440089.31
-0.272428403314  0.597564260851  0.104282408691 0.664962481303 0.0981415317478 0.0199393538974   10.0302854512  0.408008065663 -0.415409397772   0.19213010377 1744440089.32
-0.252961191165  0.568606861019  0.109801357643 0.631948941588   0.0454253900165 -0.00145869194253     9.86453080961  0.511629658202  -0.92714298585 0.0606911501094 1744440089.39
-0.229582586092  0.519921774195  0.109364916874 0.578781046823 -0.0865213309659  -0.085886125521    9.53773283279   1.57169554335  -3.54064728756 -0.210482344854 1744440089.41
-0.203049422422   0.45616780158    0.1031171457 0.509854172172  -0.126258792331 -0.0618828984922    9.58542825631 0.647802152166 -1.60810517122 -0.20532321411 1744440089.42
-0.174575751992  0.383372715081  0.091930303639 0.431164136472    -0.2298137491 -0.0802319368631    9.50583849429 0.682114461641 -1.75771553201 -0.30682354255 1744440089.49
 -0.1456183766 0.308175863369 0.077283949188 0.349499475206 -0.889168313756 -0.208436860745   8.91448519484   1.82477644656  -4.68891888289 -0.989303512148 1744440089.51
-0.117612831582  0.237001627469   0.06104782632 0.271531557419  -0.412625394151 -0.0505816288689    9.49771529806   0.63415582047  -1.56339755538 -0.377402448994 1744440089.52
-0.0917166196146   0.175290738953  0.0452056264242 0.20293430005  -0.479735368389 -0.0070775975408    9.54508026267  0.579870378322  -1.30292793823 -0.348931777664 1744440089.59
-0.0686162300132   0.126909711329  0.0315645626043 0.147684066382 -1.41621907124 0.113177600914  9.26491920441   1.40638122617  -2.64754892876 -0.770396879138 1744440089.61
-0.0484421801204  0.0938254905597  0.0215004656098 0.10775962841 -0.515477007987 0.0751996935267   9.68132086867  0.444233523756 -0.597344521679 -0.185410133962 1744440089.62
-0.0308146336187  0.0760792914945  0.0157872772877 0.0835873098234 -0.487730720914 0.0773562449296   9.74145467678   0.394652239272  -0.257275958774 -0.0821027112194 1744440089.69
-0.0150143402601  0.0720336984603  0.0145462005389 0.0750058402888  -1.18732053108 0.0894987934111   9.75487056697   1.00638171594  0.090093049441 0.0504326050103 1744440089.71
-0.000243865637281    0.0788160400538    0.0173192640498 0.0806968682629  -0.335008811762 -0.0655028592945    9.83004207447 0.342393284013 0.244971596677 0.102215122054 1744440089.72
0.0140819182453 0.0928511538142  0.023232345254 0.0967438837968 -0.223936365469 -0.209590519308   9.86944965862 0.334091400913 0.372070661182  0.16346009884 1744440089.79
0.0280924236079  0.110373577441  0.031183292361 0.118084328273  -0.2706520509 -1.06947322832  10.1147339398 0.900398240833  1.15549655112 0.553587754565 1744440089.81
0.0413398534425  0.127831730944  0.039991217557 0.140175719725 0.0394518087924 -0.551612747268    9.9851476336  0.29040879213 0.372557298758 0.202829630904 1744440089.82
0.0528532755151  0.142138580262 0.0484769645545 0.159206974797  0.178054866569 -0.693976641658   10.0721805858 0.235698622356 0.269799195879 0.182302891528 1744440089.89
 0.061383124133  0.150774836258 0.0554938376658 0.171989840386 0.891853501809  -2.1995013488  10.8360870697 0.433344439701 0.323302325314 0.384374507513 1744440089.91
0.0658016276731  0.151798868888 0.0599620928448 0.175977849113  0.438929868496 -0.764773217008   10.2625048851  0.0491690087394 -0.0812545655414  0.0640987573694 1744440089.92
0.0655755157881  0.143846672131 0.0609592131612 0.169434468227  0.551658197766 -0.664565760025   10.3271993878 -0.0541069969684  -0.300403103148 -0.0244112962308 1744440089.99
 0.061191165867   0.12620149496 0.0578820042201 0.151728384038  1.85063376306 -1.36464121294  11.3286560079 -0.376723054166   -1.5129358553 -0.347645154193 1744440090.01
0.0544014659999 0.0989712115337 0.0506476481571 0.123774005669  0.711737616182 -0.218657566632   10.2795570767 -0.152896416885 -0.739055810008 -0.211826858443 1744440090.02
0.0481868719563 0.0633426054871 0.0398655014041 0.0890141477577  0.743710375485 0.0714422836426   10.1414993917 -0.0941131228918  -0.905476014421  -0.278617626602 1744440090.09
0.0463816300403 0.0218112058102 0.0269052879831 0.0578867759125  2.1168682098 1.01170534863 10.1774585995  0.162017994637  -2.86429286757 -0.877005506658 1744440090.11
 0.0530003967623 -0.0217550085182  0.0138098291888 0.0589324514576 0.693404019425 0.588392678036  9.69601730147  0.295490664046 -0.994369408882  -0.28198340026 1744440090.12
 0.0713901358432 -0.0623460829235 0.00303995360953 0.0948305165522  0.59463886568 0.734125160018  9.45831675888  0.592788355526  -0.85432473275 -0.196745295955 1744440090.19
   0.103400432117  -0.0943913825856 -0.00291784398414 0.140035339404 1.28187802512 2.19745859834 8.28704370479   2.57142965902  -1.67090668984 -0.167908794343 1744440090.21
   0.148787378836   -0.112638561521 -0.00201391893596 0.18662579005 0.275266462246 0.720018679261  9.17033310862   1.20735369567 -0.223033642048  0.116914967125 1744440090.22
  0.205028410671  -0.113165051207 0.00692337471947 0.234288094265 0.0600629289978  0.553134870456   9.20242987599  1.40183365961 0.216517188394 0.305291428999 1744440090.29
  0.26763213159  -0.09428265207 0.0238680993394 0.284755794509 -0.472853575048  0.889592662667   8.56412794408 4.10053998318 1.82679481471 1.32146887875 1744440090.31
  0.330901171295 -0.0570886058208  0.0474880165786 0.339130956707 -0.412466292897 0.0598546130916   9.62319488305  1.46350662691  1.07091847272 0.620305694313 1744440090.32
  0.388983069726 -0.0054843105101    0.07530256267 0.396242832288 -0.620580187445 -0.198769854058   9.97024537978   1.2582182546  1.32250385133 0.671693446241 1744440090.39
 0.436961822412 0.0543909559041  0.104107958309 0.452473731075 -2.09105582466 -1.08222849603  11.1895362733 2.57652409496 3.75834392542 1.72188146417 1744440090.41
0.471728096217 0.115214839278  0.13060075594 0.502850289253 -0.970619201305 -0.587541925571   10.7166054873 0.697307916387  1.45095088103 0.602935241854 1744440090.42
0.492425704029 0.169799609682 0.152065436048 0.542622224275 -0.977255289913 -0.619103905506   10.9241723749 0.344480948179  1.16781319546 0.436928673471 1744440090.49
0.500388328569 0.212374922304 0.166952482702 0.568651667079 -2.19733981897 -1.36996440769  12.6835286112 0.172546821676  1.94342358854 0.644125690896 1744440090.51
0.498617892327 0.239543257727 0.175181176614 0.580249273598 -0.943889041591 -0.553037804467   11.1899623041 -0.127169094911  0.517570450723  0.150062897432 1744440090.52
0.490972342759 0.250697409564 0.178063595145 0.579318285947 -0.677776066834 -0.356462789331   10.9227129731 -0.213163171578  0.101884058448 0.0328434940912 1744440090.58
0.481291991221  0.24782439329 0.177850695586 0.569815567218 -0.839541578958 -0.370269891685   11.4553204281  -0.429796539787  -0.374313861803 -0.0245897947392 1744440090.61
0.472684974967 0.234770768405 0.177017326553 0.556671836145  -0.188064357071 -0.0515924043405    10.4228186074   -0.197589432419   -0.441387707376 -0.00500616046275 1744440090.62
0.467121842056 0.216170222434 0.177491678205 0.544459067539  0.121277409303 0.0674067027228   10.0077040704 -0.0918958039395  -0.484127176316   0.038332267015 1744440090.68
0.465383381252 0.196304377163  0.18006302209 0.536227369651 0.673617840518 0.223209321192  9.56502310948 0.00380292515138  -0.810831682067   0.142177841517 1744440090.7
0.467300076972 0.178168286857 0.184155247591 0.53294132472 0.689428573517 0.159457345924  9.32999889315 0.0926848482051 -0.457021986509  0.109343506937 1744440090.72
 0.47214815555 0.162947786008 0.188043659267 0.533700552318 0.820050200756 0.124478579472  9.12929472541  0.150159319493 -0.360046394697  0.067729589123 1744440090.78
0.479045092905 0.150006527356 0.189452854866 0.536543142257   1.5156408611 0.128881149926  8.42972515796   0.318348810319  -0.540668984007 -0.0357718480106 1744440090.8
0.487217547157 0.137354624086 0.186350359438 0.539419769269   0.99769642354 0.0295909462373    8.8271223036  0.234594997817 -0.379358459569 -0.162038544904 1744440090.82
0.496081082049 0.122458000495 0.177685822672 0.540984892054    0.88360501413 -0.0136451155862    8.85039279741 0.238826857568 -0.45529437785 -0.29981320421 1744440090.87
0.505147964729 0.103172462181  0.16384126645 0.540983348925    1.10813699273 -0.0593228691211    8.41345502444  0.362558021292 -0.896087628332 -0.633612482243 1744440090.9
 0.513840642564 0.0785639986316  0.146648916686 0.54010222421   0.511984853175 -0.0489770232961    8.97650311662   0.21853188641 -0.726651572045 -0.471330954002 1744440090.92
 0.521316432867 0.0494098603781  0.128969012165 0.539300624493   0.280610970207 -0.0554774513899    9.03794735791  0.183038819954 -0.879043196873 -0.476522444776 1744440090.97
 0.526398578266 0.0182545629155  0.113955643076 0.538901271901 0.0138698816905 -0.084439703064   8.95933204339  0.124795244018  -1.18697706262 -0.486100942087 1744440090.99
  0.527667496978 -0.0109976293693   0.104230423189 0.537975758132  -0.198359121891 -0.0738785700613    9.38606339708 -0.0341177130651  -0.661114195533  -0.161755311095 1744440091.02
  0.523709038146 -0.0338618596994    0.10120427847 0.534471784249 -0.446004334224 -0.137955058691   9.43082068861  -0.224722718385  -0.557553243544 0.00797366655858 1744440091.07
  0.513461378553 -0.0462440319714   0.104734488164 0.526070727916 -0.688556035523 -0.243486907768   9.51562689748 -0.516673335686 -0.219246491328  0.228304198667 1744440091.09
  0.496564096756 -0.0453806139025   0.113198905759 0.511321126661 -0.483964370228 -0.211604620464   9.70765557163 -0.486380802512  0.191722704028  0.234448053485 1744440091.12
  0.473601916653 -0.0305321375521   0.123947773737 0.490503860836 -0.667110445706 -0.360459792192   9.75600544246 -0.851017738933  0.710838158885  0.351038630235 1744440091.17
   0.446154790905 -0.00327472524439    0.133992377937 0.465852743491 -0.678423153586 -0.434074465197    9.8042060776 -1.04134446621  1.15488587007 0.306744422944 1744440091.18
  0.41661118426 0.0326724923293  0.140735292073 0.440952143707 -0.400490043319 -0.278724306803   9.80946319842 -0.686396599203  0.885328529374    0.1005842073 1744440091.22
 0.387761631579 0.0720419793136    0.1425492817 0.419367890308 -0.546582014035 -0.358419702852   9.76728089823  -0.936613036582     1.3133924322 -0.0287808084648 1744440091.27
0.362249360644 0.108902915085 0.139064829276 0.403017953623 -0.558327523165 -0.272580747482   9.67615792622 -0.824706845469   1.18233943069  -0.20612633813 1744440091.28
0.341997848254 0.137651141915 0.131111131128 0.391280581918  -0.37109817955 -0.083773253326   9.64370599058 -0.399243265123     0.520830394 -0.216599916171 1744440091.32
0.327749494459 0.153909507476 0.120347749298 0.381564474723 -0.594481693852 0.0341922109096   9.42274812165   -0.3990502473  0.301910071591 -0.386023774904 1744440091.37
0.318830635906 0.155178796103 0.108700182069 0.370876209447 -0.674191236762   0.20900195542   9.25477236538  -0.26283860342 -0.230759205331 -0.408419405228 1744440091.38
 0.313210133799  0.141144672828 0.0977553410457 0.357181345097 -0.448495487496  0.236115415529     9.374828873 -0.125960026975 -0.476835571234 -0.234368448685 1744440091.42
 0.307853327475  0.113622984614 0.0882751725682 0.339818127772 -0.658470675238  0.483263004178   9.07524582424 -0.237280522938  -1.10838289638    -0.303823503 1744440091.47
 0.299305846716 0.0761950773115 0.0799517339234 0.319032850099 -0.636693477626  0.627252747796   8.98205143491 -0.429000155741  -1.46244513432 -0.307310181362 1744440091.48
 0.284388392476 0.0336319180412 0.0714662895551 0.295153001389 -0.316405992828  0.441679135204   9.30025351434 -0.443708015036  -0.98057116195 -0.220506582044 1744440091.52
   0.260856478165 -0.00877598635904   0.0608438103481 0.268002032445 -0.28525206627 0.685217391466  9.13059596171 -0.966455703622  -1.35990566758 -0.435104013523 1744440091.57
 0.227884555929 -0.045874972209 0.0460279316783 0.236969311095 -0.0654838897341   0.722403678263    9.21824938435  -1.36182107122   -1.1764888538 -0.644369611794 1744440091.58
  0.186270846594 -0.0732111504571  0.0255523058501 0.20176625381 0.120145507998 0.425049838952  9.54207234617  -1.03758211955 -0.481700111969 -0.542942373675 1744440091.62
    0.138319309953   -0.0874558632077 -0.000839459666141 0.163650432959 0.406135943291 0.542664659294  9.58382847787  -1.70910014302 -0.232916556227  -0.99109402105 1744440091.67
 0.0874248653557 -0.0866819032629 -0.0317677180295 0.127145772028  0.61834087719 0.429593228617  9.74393120854 -1.82596220193 0.306944627864 -1.14504911885 1744440091.68
 0.0374511348604  -0.070499901888 -0.0640932416379 0.102375618641 0.476721089219 0.162957103389  9.85353468948  -1.10475091408  0.539795389212 -0.710850055416 1744440091.72
-0.0079679659225 -0.0400717490358 -0.0931480695061 0.101714288104  0.768775905831 0.0544758470774   9.94780153728  -1.46238578816   1.26932103825 -0.861715353183 1744440091.77
-0.0460598943782 0.00198596825408  -0.113302374165 0.122322875749  0.761045368087 -0.144100625034   9.94759866387  -1.20770981731   1.64658370814 -0.459345120498 1744440091.78
-0.0753561111535  0.0518048097768  -0.118778742742 0.14990220656  0.434225594967 -0.207199185943   9.83982748929 -0.575238617707   1.18479421701  0.100845595673 1744440091.82
-0.0958698359971   0.104577360701  -0.104570148827 0.176245186745  0.538710196098 -0.441025574138   9.67749237889 -0.593374810757   1.82013243411  0.908262742592 1744440091.87
 -0.108992959724   0.154983303292 -0.0672917301817 0.201065826334   0.40687728574 -0.496337468006   9.41441716982 -0.380615867565   1.66560588981   1.76610215482 1744440091.88
  -0.117154285512     0.19771983713 -0.00580781295112 0.22989560957 0.180607357824 -0.29014594081  9.34750139693 -0.16506776213 0.842232787338  1.67899589507 1744440091.92
-0.123323888074  0.228104654028   0.07847610215 0.270922522445  0.182990250697 -0.297667636749   8.76161994621 -0.232878896458   0.78668222508   3.28000780637 1744440091.97
-0.130466730553  0.242690266164  0.181692747738 0.330049068553   0.139410316427 -0.0693230404094     8.3832990931 -0.318811530273  0.210458089383   3.94867971233 1744440091.98
-0.141041577028  0.239800689495  0.297920734095 0.407619750425 0.0873329142498  0.146590451477   8.71023409567 -0.300340177835 -0.261931499937   2.73505658448 1744440092.02
-0.156615269715  0.219885704572  0.419815181854 0.499122081958 0.161912640561 0.520445556156  7.99073903629 -0.623390540661 -0.923579935532   4.11318141965 1744440092.07
-0.177629303954  0.185594396215  0.539329528039 0.597389143979 0.226926859937 0.853878552735  7.80204113724 -0.852129110509  -1.42984185679   4.17011160667 1744440092.08
-0.203327210832  0.141504755256  0.648412005293 0.694120795707 0.173438911672 0.675664286463  8.61799179416 -0.621759600457  -1.05627029432   2.29729981709 1744440092.12
-0.231834539736 0.0935083547426  0.739608989999 0.780712830885 0.267789845782  1.06847427966  8.36563793065 -0.942001299504  -1.54512739301   2.61142835082 1744440092.17
-0.260377717925 0.0479270698113  0.806568168908 0.848908576413 0.273405125172   1.1763770937  8.67136900191 -1.00413416566 -1.54927014757  1.95761348078 1744440092.18
 -0.28562699686 0.0105124256761  0.844480273968 0.891538123442 0.113202062361 0.620709944083  9.51061385991 -0.504922573355 -0.719940466729  0.506916046485 1744440092.22
  -0.30414341093 -0.0144759501989   0.850506652233 0.903368326342 0.028816080028 0.614101576915  10.0517799864 -0.437854100169 -0.568909879887 -0.325597600194 1744440092.27
-0.312894644728 -0.024916805814  0.824203472391 0.881949698006 -0.163798250633  0.354220661076   10.9254964832 -0.107513626122 -0.125487369599  -1.57572252781 1744440092.28
-0.309780853817 -0.021055840625  0.767884141234 0.828283514369  -0.234220885545 -0.0272228172597    10.9922184522 0.221745424124 0.231646429524 -1.62009784809 1744440092.32
  -0.294086560809 -0.00526893482308    0.686789424709 0.74712407324 -0.473609189394  -0.33510633535   11.9505466092  0.67571072863 0.622477819847 -2.81132231055 1744440092.37
-0.266760822334 0.0185750461921   0.58889752879 0.646766316446 -0.708792206042 -0.676388393252   12.8870126903  1.20241094675 0.968339855145 -3.82647328237 1744440092.39
-0.230436788913 0.0459902549444  0.484234589153 0.538237266051 -0.490114427988 -0.531686905989   11.9612439383 0.940995076766 0.657065826305 -2.48822724381 1744440092.42
-0.189139963984 0.0727751314947  0.383648490615 0.433885134674 -0.600521274753 -0.705271992099   12.6250424443  1.30302349182 0.783393696826  -2.9461181258 1744440092.47
-0.147698619605 0.0957334566057  0.297164730608 0.345379000613 -0.568406928189 -0.718516162033   12.8801761185  1.43686773735 0.740504780958 -2.78286731591 1744440092.49
-0.11094562983 0.113073397494 0.232204866995 0.281093625426 -0.247491981249 -0.347829025615   11.5755889932 0.793555859971  0.35136639892 -1.28652249399 1744440092.52
-0.0828661723193    0.12443961919    0.19205757183 0.24338884986 -0.130500504617 -0.238876575589   11.6066768287  0.715076870909  0.278582980033 -0.907619875895 1744440092.57
-0.0658774002144   0.130631288431   0.175001477214 0.228100597112  0.0442731154273 -0.0286841508964    11.2169109927  0.406254006046  0.157169102607 -0.319991213426 1744440092.59
-0.0604096252861   0.133127472829     0.1743693826 0.227545442576 0.116275177679 0.119432571563  10.3253531878 0.0121344751718 0.0361880439366 0.0571694103997 1744440092.62
-0.0648938499075   0.133564481767   0.179635298648 0.233065490937  0.17824561852 0.273421930637  9.95197906881  -0.251799574711 0.00258288238806  0.0636901112097 1744440092.67
-0.0761634879048   0.133289071094    0.17835416003 0.235323309008 0.130235356116 0.356625850355  9.49019862838   -0.451123445324 -0.00892555292223   -0.376033421642 1744440092.68
-0.0901756901574   0.133064276324   0.158561650197 0.225786522278 -0.0139165532277   0.229466296543     9.3584409929   -0.329784038552 -0.00414338924862   -0.830012124105 1744440092.72
-0.102879248283  0.132953415691  0.111114990068 0.20151250951 -0.192358064919   0.22464690051   9.07156287825 -0.334317320924  -0.01114023361  -2.03809568022 1744440092.77
-0.111024292388  0.132369552226 0.0314625037114 0.175607462815 -0.397392208767  0.138394707539   8.99354872766  -0.173650968789 -0.0475022930726   -3.35986319137 1744440092.78
  -0.11273266758   0.130258008839 -0.0795326120358 0.189739926171 -0.372202317995 0.0228526654228   9.33418340736  0.0409406065865 -0.0866501248064   -3.06324063768 1744440092.82
 -0.10771877812  0.125373485294 -0.215861277719 0.271878533895 -0.525733431342 -0.041452368754   9.41645181438   0.25269935587 -0.221250153729  -4.67079539813 1744440092.87
-0.0971463924639   0.116611492988  -0.367623184463 0.397721595617   -0.49939597875 -0.0776547078437    9.69325515075  0.426181200216 -0.382801566156  -5.33735851139 1744440092.88
-0.083198471281  0.103349022798  -0.52294584255 0.539514003875  -0.237118722319 -0.0458031007123     9.9413679255  0.350916515757 -0.378151088683  -3.70546308277 1744440092.92
-0.068498904964 0.0857406787065 -0.670123074262 0.679049702617 -0.0952937691372 -0.0153934966191    10.1985449755 0.446131797267 -0.62009808434 -4.46155305151 1744440092.97
-0.0555427510594  0.0649091284993  -0.799517617309 0.804068785954   0.16023773454 0.0477309860898   10.3233751814  0.388231485465 -0.746828021454  -4.09897088805 1744440092.98
-0.0462652386072  0.0429705127707  -0.904867433086 0.907067808232   0.28417616297 0.0721924361717   10.0956344044  0.168301137809 -0.515884338917  -2.26051904083 1744440093.02
-0.0418223071062  0.0228525966745  -0.983802317985 0.984956012937  0.53391953167 0.113111268586  9.86755198237 0.0583960066756  -0.55685924931  -2.10691266742 1744440093.07
-0.0425872251234 0.00789729553913   -1.03756919886 1.03847286024   0.68443572233 0.0962718479434   9.28589619928 -0.114176333643 -0.379544227626  -1.51926255883 1744440093.09
-0.0483102595369 0.00128538729248   -1.07013284636 1.07122352581   0.473349921182 0.00734120527511    8.88683062167  -0.194757065567 -0.0312028899232  -0.609553968153 1744440093.12
-0.0583572714512 0.00537070674391   -1.08692655742 1.08850528563  0.491296040794 -0.107382799723   7.88846442381 -0.358694085794  0.300001641572 -0.355509033769 1744440093.17
-0.0719442117163  0.0210521599588   -1.09355693902 1.09612314177  0.397654579725 -0.292479913867   6.62880260418 -0.533764916266  0.747710525455  -0.13891845772 1744440093.19
-0.0883121152228  0.0473321607357   -1.09472264999 1.09929843243  0.124546540506 -0.322834750278   7.02989144043   -0.436060056151    0.751880961199 0.000563639628695 1744440093.22
-0.106826903643  0.081198994243  -1.09351185058 1.10171386093 -0.0385012872068   -0.46005866146     6.3839524981 -0.530387068128  0.967187419359 0.0492175207685 1744440093.27
-0.127022506761  0.117922501157  -1.09113050076 1.10481048293 -0.267628011615 -0.708263231392    5.0825822769 -0.775505994016   1.30949160884   0.12052611633 1744440093.3
-0.148620577847   0.15177029362  -1.08701644078 1.10757710373 -0.328769089825 -0.532668249259   6.60248775028 -0.613870349714   0.81512957392  0.163993908627 1744440093.32
-0.171550786766  0.177049510508  -1.07923488357 1.10703393603 -0.394956226559 -0.446882206857   7.44615022941 -0.609339273098  0.482737556413  0.282876686781 1744440093.37
-0.19596908379 0.189281255194 -1.06503560173 1.09933257403 -0.650251883854 -0.497944135986   7.73500280834 -0.939239384566  0.170481976425  0.699714300743 1744440093.4
-0.222242748522  0.186250642797  -1.04147039972 1.08108359284 -0.562028173588 -0.240674949591    9.4276138397 -0.822175265306 -0.308738109423  0.884280396658 1744440093.42
-0.25085755644 0.168669879505 -1.00600098659 1.05043658871  -0.472803377235 -0.0436039963377     10.611540637 -0.737532642485 -0.565634945454   1.03817330928 1744440093.47
-0.282215245281   0.14025601425 -0.957051294936 1.00760328272 -0.694641101679  0.172785521802   12.5223887094 -1.19381588818 -1.12177000516  2.03381271466 1744440093.5
-0.316328801696  0.107149774223 -0.894462639376 0.954781858928 -0.575952161172  0.349776712005   13.2224381258 -1.11560601862 -1.00820897486  2.17931511041 1744440093.52
-0.352476839548 0.0767583558063 -0.819796608684 0.895655205541 -0.393415649378  0.407068266907    12.925338284 -0.882699054196 -0.618864869537   1.92171256072 1744440093.57
-0.388925431539 0.0562519017901 -0.736413466475 0.83470477497 -0.463366788003  0.791025489941    14.709620978  -1.28071487177 -0.468113020067   3.10400375285 1744440093.6
-0.422843265246 0.0510387824878  -0.64925306753 0.776486271597 -0.242287685741  0.848902175627   13.9926357804  -1.0108831288 0.119948836372  2.82561489951 1744440093.62
-0.450508431823  0.063559184911 -0.564277006581 0.724849058278 0.00130770737273   0.691500233964    12.4135916846 -0.537466614794  0.497266276885    1.9312207701 1744440093.67
-0.467832393085 0.0926629047782 -0.487598490815 0.682060004829 0.334371992679  1.09659667851  12.7817702372 -0.368388515569   1.25311999982   2.49888203723 1744440093.71
  -0.4711267686  0.133695058009 -0.424417078183 0.648046801459 0.670842944326  1.03930343776  11.6559240323 0.167460966513  1.46617958572   1.8566206168 1744440093.72
 -0.45794348968  0.179243727759 -0.377961347773 0.620238126925 0.707938425686 0.667772790223  10.4503632857 0.508180583303  1.01559909151 0.887458523073 1744440093.76
-0.427763835779  0.220355895958   -0.3486904456 0.594242077723  1.38274554493 0.841785714849  9.98934959616   1.3397098843  1.21708357909 0.779023101878 1744440093.81
-0.382322124484   0.24794331928 -0.333988550995 0.564972962753  1.51331688814 0.555725702511  9.46442197179  1.73214424253 0.571105639782 0.341817536108 1744440093.82
-0.325429778242   0.25409647943 -0.328496067702 0.527616553873  1.06954870468 0.158132563701  9.39140903382   1.39658581891 -0.172795209794  0.103731566875 1744440093.87
-0.262295372316  0.233092783394 -0.325073550642 0.478334528688   1.53197934883 -0.157090877842   9.11097832854  2.30830052773 -1.31101325435 0.223084407238 1744440093.91
-0.198478048196  0.181993476051 -0.316226889098 0.415348776728   0.89840115798 -0.424098028328   9.38094738772  1.66390994499 -1.78087387197 0.395725652703 1744440093.92
-0.138721921263  0.100832782838 -0.295684228989 0.341818935705 0.480646988717 -0.60596652561  9.56225399436  1.30699707069 -2.20143868739 0.656036040705 1744440093.98
 -0.0859635413059 -0.00752017621015   -0.259751191273 0.273709636023 0.299686826093 -1.73000484331  9.50972217019 2.49650738179 -6.0798631891 2.23208439893 1744440094.01
-0.0407687860567  -0.137717147092  -0.208106012111 0.252856122719 -0.216102380236 -0.931908179544    9.7252256546  1.03126927047 -3.35032912871  1.41288287004 1744440094.02
-0.00134928517847   -0.282410173541   -0.143826052741 0.316927846894 -0.497427217879 -0.895871355064   9.70944792853 0.893675278991 -3.44235206347  1.58042949056 1744440094.09
 0.0358388190453  -0.432802346044 -0.0726284833595 0.440314874024   -1.889272833 -2.19970765582   9.2904150806  2.43329370485 -9.45348138258  4.53223783414 1744440094.11
  0.0750589533971   -0.579260430217 -0.00150853923103 0.584105100295 -0.812395433202 -0.677934664168   9.46847438836  1.04245396166 -3.45517925533  1.67703764647 1744440094.12
 0.120075620052 -0.712002443198 0.0628866489167 0.724789875939 -0.728003741068 -0.431942028507   9.35069873417  1.16255926301 -2.87820532428  1.39105838486 1744440094.19
 0.173051105784 -0.821864436492  0.115743810448 0.847823370072  -1.45380681803 -0.511782551815   8.43326450753  3.43547200781 -5.71167658411   2.7839446057 1744440094.2
 0.233822947062 -0.901114141012  0.155062121959 0.943781821912  -0.377755636374 0.00912421734856    9.22885046357  1.64240044685  -1.5864840136 0.857584376646 1744440094.22
 0.299730757178 -0.944231208963  0.181889974791 1.00722145812 -0.103085881736  0.175364940749   9.38393131193   1.62645410642 -0.583433660717  0.550104688076 1744440094.28
 0.366026166639 -0.948537433223  0.199776332204 1.03615105067 0.264328221483 0.585743317797  9.41081889347  3.32021119378 0.775640326803 0.828630911797 1744440094.3
 0.426761981217 -0.914555223196  0.213593379442 1.03158091133 0.298644254084 0.323195476211  9.95096584373  1.42174865393  1.32612915913 0.365626297442 1744440094.32
 0.475950150627 -0.846006370471  0.228045111748 0.997125818416 0.362311974634 0.288072228382  10.3144631764  1.03612693333  2.08739632041 0.412840145366 1744440094.38
 0.508726922325 -0.749427466192  0.246251943864 0.93866108284 0.646117974409 0.420158631938  11.4388136266 1.12641962034 5.16823061166 0.99037416344 1744440094.4
 0.522276372591 -0.633452723363  0.268776196767 0.863872447791 0.228423834666 0.128321525785  10.9137001605 0.0958309388659   3.04366049204  0.593282136402 1744440094.42
 0.516332272054 -0.507876013478  0.293336092143 0.781398184784 0.0738984378832  0.039237924421   11.0623629927 -0.370682610629   3.19552436237  0.592472297187 1744440094.48
 0.49318139912 -0.38263519407 0.315279499795 0.699313053768  -0.178026937897 -0.0696126994538    12.1643788454 -1.42848419686  5.82247378254 0.854326656381 1744440094.5
0.457201263367 -0.26685917299 0.328700289416 0.623129756709  -0.230008865632 -0.0885926587819    10.8753878759 -0.986819614271   2.67574443018  0.157738001293 1744440094.52
 0.414056389579 -0.168089090096  0.327927222516 0.554285936343 -0.321463501159 -0.121398262277   10.6316040188  -1.11643890435   2.23517015552 -0.251036215072 1744440094.58
  0.369732991492 -0.0917430335487   0.309032662442 0.490530789715 -0.642130556868 -0.252330047061   10.7254652407 -2.04807097473  3.08572475836 -1.38032745638 1744440094.6
  0.329605709083 -0.0408515290527   0.271010448421 0.428667043333 -0.279659943787 -0.127827405768   9.92936517179 -0.896719092354  0.942275366636  -1.15382913729 1744440094.62
  0.297704985803 -0.0160557686662   0.216352566331 0.368367315647 -0.184380808068 -0.122613622627   9.60205664373 -0.681448088746   0.31982046281  -1.53556495454 1744440094.68
  0.276299014859 -0.0158333774144   0.150889939103 0.315213602458 -0.108256930165 -0.214658132457   8.90934256004 -0.780578107943 -0.510401182232  -3.26787197767 1744440094.7
  0.265833131591 -0.0368960047737  0.0829217947051 0.280899613842  0.0645757237945 -0.0998437767549     9.1875387782 -0.137906603584 -0.731062015977   -1.6033754585 1744440094.72
  0.265196562404 -0.0746890163946  0.0218069268923 0.276375121785   0.157374389808 -0.0964554914568    9.09742518738 0.081605049884  -1.1109771197 -1.36119630992 1744440094.78
  0.272225238954  -0.123918622097 -0.0237004421345 0.300040191614  0.383737384438 -0.183134654841     8.459609489 0.472108711456 -2.57737286982 -1.70040784796 1744440094.8
  0.284310851887  -0.179039243247 -0.0470375723861 0.339264269176   0.17731956409 -0.095512782398   9.21137805364  0.330777274775  -1.36921860642 -0.263708391886 1744440094.82
 0.298976903417 -0.234654393652 -0.045027900076 0.382723640532  0.118044921391 -0.110160781479   9.30840870473 0.383100489969 -1.36386480318 0.365172260618 1744440094.88
  0.314303053046   -0.28581359776 -0.0184489378509 0.425224864191  0.039187879404 -0.257586341327    9.0688084633 0.757439189267 -2.35072839896  1.83816968048 1744440094.9
 0.329124373819   -0.3282176999 0.0281346281121 0.465662183636 -0.0848648151904  -0.156101316928    9.55162124831  0.353301970387 -0.893484898983   1.30147894161 1744440094.92
 0.342991806075 -0.358366172471 0.0872334841499 0.503665934289 -0.181233028387   -0.2015189219   9.62017569207  0.342008851825 -0.579899344387   1.55190306712 1744440094.98
 0.355940278683 -0.373685896315  0.149814768217 0.53738170407 -0.478146442272  -0.49105229433   9.51629156294  0.640145562115 -0.363830125595   3.04462400915 1744440095
 0.368157287952 -0.372669107575  0.206924121499 0.563240307925 -0.240634968816 -0.277008929679   9.68137736127 0.290530534994 0.228552153676  1.24187882174 1744440095.02
  0.37966556569 -0.355021884141  0.251229001574 0.57732355852 -0.210107942925 -0.317940945079   9.67414327142 0.279345154592 0.647022504145 0.906286752748 1744440095.08
0.390123055045 -0.32179174172 0.278188231161 0.577178148472 -0.239483195495  -0.61979114601   9.55093149075 0.462612726574  1.92425523335 0.855911677006 1744440095.1
 0.398803925166 -0.275415149905  0.286638198972 0.563080396244 -0.0111378844964  -0.290917891808    9.69646934745    0.17848666244    1.24543523677 0.00639208071001 1744440095.12
 0.404766241255 -0.219615255058  0.278712642491 0.538281810392  0.117736866847 -0.253120185348   9.73671260035   0.10938288608   1.52416665913 -0.360162527511 1744440095.18
  0.40715168067 -0.159095576759  0.259151735328 0.508176657808  0.467536589074 -0.309936931949   9.82705932808 0.0192930703907   3.09365449754  -1.14247697585 1744440095.2
  0.405518326676 -0.0990179422954    0.23417643029 0.478631660747   0.309734218778 -0.0336169568356    9.91879769551 -0.0860006293234      1.398449697  -0.596642548028 1744440095.22
  0.400092902229 -0.0443133170236   0.210180377929 0.454107687389  0.378937350291 0.0973206112526   10.0406829155 -0.175075859275   1.28185489667 -0.533655090728 1744440095.28
   0.39184895692 0.00106523666661   0.192510327451 0.436585576885 0.771847785402 0.450069571113  10.4811922549 -0.452222806475   2.01830690316 -0.653461711281 1744440095.3
 0.382367139319 0.0347981942322  0.184566660091 0.426005159089 0.334756900349 0.315684654569  10.2013012313 -0.223187884612  0.675577358284 -0.062503289368 1744440095.32
 0.373498431747 0.0566112594319  0.187371302154 0.421679876307 0.284166121493 0.404766177636  10.2529873309 -0.199700872082  0.433270808804  0.194796693827 1744440095.38
 0.366911964424 0.0683297259527  0.199642292664 0.42326160481 0.368698139756 0.831621534293  10.6162893859 -0.248478613343  0.426911844514  0.780337897003 1744440095.39
 0.363647507908 0.0735361609748  0.218307764205 0.430471087171 0.0793651863085   0.37293050952   10.1180662458 -0.0378375428166   0.103890573516   0.481860988432 1744440095.42
 0.363797124723 0.0768821439734  0.239309766444 0.442185906983 -0.0149177967118   0.326886258774     10.011909195 0.0361519784978  0.126334272852  0.526241593292 1744440095.48
 0.366409046506 0.0831864480497  0.258505743196 0.456071040263 -0.184348086158  0.414695595722   9.90237606073 0.144508445855 0.484544416029 0.819105687996 1744440095.49
 0.369648706879 0.0965028065716  0.272477822467 0.469251661595 -0.143189190905 0.0916138850887   9.71564801148 0.0579377950333  0.438758683146  0.249907889979 1744440095.52
0.371183995904 0.119346790514 0.279101927918 0.479498802281  -0.184895043373 -0.0169468321144    9.57964945229 -0.0126151164444   0.743921005193  0.0709927909965 1744440095.58
0.368703661323 0.152232711453 0.277796157965 0.486094531639 -0.327694838557 -0.200729857322   9.25265388377 -0.257800054273   1.78253453958 -0.231877821556 1744440095.59
0.360445133847 0.193599655149 0.269442876655 0.48989895363 -0.138978555741 -0.155119368271   9.51020207107 -0.279001978504   1.06172838171 -0.262772047394 1744440095.62
0.345608375447 0.240120692139 0.256044356823 0.492607154468  -0.10766463672 -0.196012383942   9.51041491704 -0.488885171245   1.27682744356 -0.398220732068 1744440095.68
0.324563283393  0.28731272742 0.240215365582 0.495573758513 -0.0800721795698  -0.310415794483    9.44908657228  -1.09536583562   2.11102760102 -0.735217624081 1744440095.69
0.298809297998 0.330313521772 0.224632471028 0.498852449403 0.0163535197617 -0.123070791653   9.73261854606 -0.649440112353    0.9328253613 -0.345635459638 1744440095.72
 0.27070268028 0.364675575208 0.211550467989 0.501020774789  0.0822526198622 -0.0867280134529    9.85637500865 -0.776927953992  0.789950625101 -0.308648340568 1744440095.77
0.243015502832  0.38704251851 0.202467401277 0.499851472271   0.221966345722 -0.0533591290262     10.082323211  -1.18309056218  0.700095368049 -0.307091683887 1744440095.79
0.218420862915 0.395613408152  0.19797981512 0.493369688227 0.153834911473 0.007021596598  10.0279995436  -0.530357453966  0.0398694208185 -0.0559113669259 1744440095.82
0.199006990831 0.390350841739 0.197827933982 0.480742606298  0.208650242869 0.0306332849174   10.1002212125 -0.464187191427 -0.323771399301 0.0444670430701 1744440095.87
0.185909972496 0.372937003723 0.201094212052 0.462691483324  0.334518302388 0.0505676074672   10.2069695129 -0.433745911362 -0.956305394007  0.189064700642 1744440095.89
0.179125825456 0.346517654637 0.206493898275 0.441361842874   0.18091193663 0.0177654903213   9.95260215957 -0.100834954344 -0.693205441704  0.139402263022 1744440095.92
0.177524954097 0.315292901826 0.212686328574 0.419714423902   0.205041399568 0.00380589230153    9.84192759878 -0.00105813539724   -0.915221759691    0.176409875604 1744440095.97
0.179053564385 0.284016292243  0.21854109607 0.400606594866   0.265331483537 -0.0131132154825    9.61208625579 0.0748700773825  -1.21982489285  0.224096146229 1744440095.99
0.181074848768 0.257456045791 0.223311637685 0.385927200254    0.134238222383 -0.00673719832946     9.55879460212 0.0206879859576 -0.528115043735 0.0975289438643 1744440096.02
0.180783228899 0.239862073844 0.226695217674 0.376307204337  0.155375204539 0.0117547380144    9.3499168445 -0.081614165108 -0.343831806488 0.0819179748942 1744440096.07
  0.1756203277 0.234476728047 0.228786463279 0.37170563794  0.213957020851 0.0705988366316   9.05333902266 -0.351549728519 0.0669548379109 0.0668140727166 1744440096.09
0.163630790105 0.243128862768 0.229955138533 0.372513147578  0.137795395569 0.0844697617084   9.35452509289 -0.379093069659  0.374050148378 0.0226498009644 1744440096.12
  0.1437154595 0.265957178731 0.230692694155 0.380271578421 0.210678448065 0.171205035547  9.28305244273   -0.7294774792  0.886682026375 0.0231420682649 1744440096.17
0.115762517657 0.301312889037 0.231473719791 0.397203349115 0.340985993295 0.307874202461  9.28024626199  -1.27913965123   1.62135141795 0.0400729441488 1744440096.18
0.0806575914331  0.345885092549  0.232668173864 0.424589947399 0.237216736438 0.218032230293  9.64087683953 -0.897496620583   1.11340050033  0.036193209353 1744440096.22
0.0401869677152  0.395069069493  0.234521443469 0.461188540069 0.350369497301 0.317159333909  9.79644208716  -1.30166580133   1.51706790556 0.0703440236261 1744440096.27
-0.00314728648126    0.443558159233    0.237197118471 0.503007175938 0.474698212682 0.426150843858  10.0464738442 -1.73144153518  1.82048728672 0.126727883634 1744440096.28
-0.046382962443  0.486091176832  0.240857680536 0.54447078312 0.268702208403  0.25125502568   10.068246878 -0.981912907741  0.880751227048  0.100818384426 1744440096.32
-0.0864095261204   0.518242297868   0.245746109342 0.580028305999  0.30355717188 0.330513489914  10.2529760747 -1.16568983979 0.804410867251 0.179290000491 1744440096.37
-0.120320528225  0.537113480864  0.252229716006 0.605464904412 0.258534010668 0.414123936725  10.4075993318 -1.17341827711 0.465415330513 0.297053662821 1744440096.38
-0.14578343276 0.541791893882 0.260776756799 0.618704923555 0.0550669981088  0.257969226264   10.1563894771  -0.484149718679 -0.0429524979132   0.231343897382 1744440096.42
-0.161390509265  0.533469859465  0.271854408767 0.620114349943 -0.0822196489439   0.387232744714    10.2555835236 -0.339910091082 -0.427443388145  0.401371615825 1744440096.47
-0.166940451383  0.515186541583  0.285759324171 0.612327264041 -0.292596914595  0.535519267196   10.3581711459 -0.0427792799566  -0.820699335496   0.593689255866 1744440096.48
-0.16359252376 0.491225300074 0.302413884016 0.599599004759 -0.281064270524  0.376232725154   10.2106282436 0.155148076968 -0.57929702692 0.419446228115 1744440096.52
-0.153839896825  0.466271257201  0.321176960682 0.58671137642 -0.487759082371  0.587689877305    10.579229168  0.366393728116 -0.767193035277  0.628798373067 1744440096.57
-0.141270245424  0.444484607871  0.340722979461 0.577595011759 -0.600254873114  0.726121927655   11.0955951937  0.447212788249 -0.708967966922  0.713737947376 1744440096.58
-0.130118865195  0.428666224406   0.35903500247 0.574100848305 -0.348465060727  0.459192054995   10.9572820182  0.196877082456 -0.294115936815  0.389080609487 1744440096.62
-0.124666082876  0.419679542893   0.37353714759 0.575501999624 -0.371577533658  0.592225003872   11.9693500475 0.0257388707793 -0.207025064331  0.372264164494 1744440096.66
-0.128575092853  0.416249224027  0.381362754362 0.578992678209 -0.205035006617  0.522549104195   12.7792587243  -0.360332937845 -0.0824150886556   0.113568024759 1744440096.68
-0.144294557264  0.415190132442  0.379723556966 0.58085604503 0.0317192638969  0.214258323239   12.0744175571  -0.531272394238 -0.0507298113916  -0.181333742835 1744440096.72
-0.172650405755  0.412040587676   0.36631898107 0.577732814017  0.294295800746 0.0741859494908   13.2691555232  -1.16924042618 -0.225488153656 -0.683756978264 1744440096.76
-0.212718320206  0.401994601714  0.339710207835 0.567672237181   0.53408154286 -0.182471113857   13.3468461399  -1.57020988738 -0.546104491374  -1.17266214254 1744440096.78
-0.262007740801  0.380962932136  0.299585250243 0.550937504681  0.483735946768 -0.298174697001   12.0187892438  -1.26201209599 -0.671467544617   -1.1245866705 1744440096.82
-0.316915232693  0.346555477789  0.246859704055 0.530542813903  0.766666244795 -0.636826459693   12.3588606707 -1.93942919281 -1.43167310512 -2.02065624891 1744440096.86
-0.373340663848  0.298777744746  0.183589488449 0.512207469984  0.701782352922 -0.756621161076    11.441389144 -1.86945660654 -1.79955680238 -2.27146429614 1744440096.88
-0.427323292161  0.240275624189  0.112709510778 0.50303181353  0.383071207926 -0.574552842071   10.2614488686 -1.22270204474 -1.46815562751 -1.74574505584 1744440096.92
-0.475557442834  0.176041269462 0.0376467894031 0.508490600445  0.285000405543 -0.796331755235    9.4125133147 -1.51943578308 -2.19546793115 -2.59353063064 1744440096.96
-0.515687620058  0.112595961571 -0.038119891561 0.529211392711 -0.0518178412587    -0.6731874017    8.46333788249  -1.1934038662 -2.01061689549 -2.51390911207 1744440096.98
-0.546348136238 0.0567748851034 -0.111474035691 0.560487407693 -0.290993039266 -0.357573510298   8.28613290704 -0.613671483456  -1.17555581878  -1.69709075317 1744440097.02
-0.566983852938 0.0143323357229 -0.179978141197 0.595036332209 -0.725128610495 -0.288242981533   7.14482681239 -0.511847675205  -1.11775517245  -2.14211963883 1744440097.06
-0.577547103444 -0.011356335685  -0.24204397593 0.626318536641   -1.02131653606 -0.0772440897289    6.66202883763 -0.191402150733  -0.58973295061  -1.99660839813 1744440097.08
 -0.578195993411 -0.0202136119478  -0.296937400755 0.650300712649 -0.839417304943 0.0943010629529   7.43645637005   0.102698665208 -0.0537459062614   -1.24909884235 1744440097.12
 -0.569112564603 -0.0157704333073  -0.344631216773 0.665513706343 -1.02900676528 0.262995098373  6.91730197763 0.405210903825 0.226393835893 -1.29719742687 1744440097.16
  -0.550516027512 -0.00474864395711   -0.385548985982 0.672114920798 -1.11909176233  0.44128300102  6.36233399572 0.809624055105 0.347189227459 -1.32438469765 1744440097.19
  -0.52287661445 0.00405682319931  -0.420264079308 0.670848945821 -0.676636803778  0.382672028352   7.20079274542  0.837235043673 0.0815349543738 -0.842801135997 1744440097.22
 -0.487258861284 0.00141171710424  -0.449226697469 0.66274264731 -0.443244128075  0.373828682836   7.21051426744  0.996285544239 -0.317109974365 -0.675087475554 1744440097.26
 -0.445663430125 -0.0205195354998  -0.472584073296 0.649902031556 -0.296943150335  0.456523995034   6.05412752179   1.53189775775  -1.20920851913 -0.728329129174 1744440097.3
-0.401215471663 -0.066506914683 -0.490135372161 0.6368906558 -0.0188656570388     0.2839465807    6.54922013929  1.27303754026 -1.69462790334 -0.41922353923 1744440097.32
-0.358075750678 -0.137113524982 -0.501427540837 0.631227328834 0.114719184424 0.146179511327  6.79698223287   1.01455146461  -2.04731629163 -0.200216628994 1744440097.37
-0.321023095668 -0.228331290841 -0.505960934247 0.641239014185  0.236338930184 0.0520416486408   5.19386120209   1.18151611567  -3.63784990909 -0.037656131899 1744440097.4
-0.294752598091 -0.332083463884 -0.503445714736 0.671279456525   0.127624022765 -0.0790809127488    6.32490931522 0.536860198464 -2.95522908904 0.168407770282 1744440097.42
-0.283024109972 -0.437502520525 -0.494041025727 0.718044314365 -0.0119588670757  -0.158947860655    6.87266840876 0.0876081865874  -2.54740485417  0.316442317814 1744440097.47
-0.287852042243 -0.532732628624 -0.478520785095 0.771780405033 -0.304527893503 -0.342906150427   5.82869253746 -0.518963980178  -3.39315384274   0.71519117515 1744440097.5
-0.308932937887 -0.606902791752 -0.458335724799 0.820878916391 -0.401502056351 -0.245147802003   7.87830839995 -0.721622277701  -1.54630187212  0.557388868506 1744440097.52
-0.343460243566 -0.651890626469 -0.435568407691 0.855947525008 -0.569316104866 -0.224016412462   8.74363023049 -0.977130283021 -0.714622852307  0.574505869753 1744440097.57
-0.386389944045 -0.663550863799 -0.412794709988 0.871777729873  -1.25631964646 -0.320779235284   9.55378329907 -1.99840283206 0.220849457604 0.973462494066 1744440097.6
-0.431120114727 -0.642203072644 -0.392867509032 0.867544938023 -0.732104557177 -0.105846343309   10.6020513487  -1.0423540308 0.883042797118 0.423578184859 1744440097.62
-0.470458128311   -0.5923314869  -0.37863218186 0.845901749618  -0.702283159098 -0.0259983012805    11.4734710555 -0.831311287988   1.50589049839  0.253308849028 1744440097.68
-0.497692342362 -0.521609876691 -0.372582286634 0.811536870031  -1.1891353291 0.108520375826  14.5987485292  -0.93558828173   3.85293243329 0.0542675616165 1744440097.7
-0.507571791288 -0.439490286775 -0.376479452896 0.769751657311 -0.403871367579  0.117800379052    12.588599028 0.00806197811221    2.01110098284  -0.223135857646 1744440097.72
-0.497027090928 -0.355659561129 -0.390994821015 0.725538836038 -0.207487173895  0.165952570187   12.8815340379   0.51872865671   1.98424628449 -0.480988727384 1744440097.78
-0.465527267843 -0.278661135831 -0.415465041149 0.683358519479 0.00227445896664   0.405661887474    16.5510635208  2.21433436045  3.80157594007 -1.53610307099 1744440097.8
-0.415043000798  -0.21490902676 -0.447867899837 0.647326994647 0.185225494772 0.170514832953  12.6245053266   1.39265321074   1.32754950372 -0.836828152049 1744440097.82
-0.349658551522 -0.168209046493 -0.485089124884 0.621181813204 0.341620701845 0.134109172662  12.3540151834  1.71943863345 0.921954214588 -0.92777004507 1744440097.88
-0.274928337758 -0.139780259962 -0.523470590573 0.60757351092  1.03437921282 0.151918860402   14.700604461   4.2839806298  1.11035654981 -2.09025998593 1744440097.9
 -0.19710208475 -0.128668234633 -0.559525193962 0.607019924792  0.510734848984 -0.024162458741    11.481535544   1.82944022368 0.0886938016327 -0.805080872639 1744440097.92
-0.122343843241 -0.132382751853 -0.590618375128 0.617513784467  0.562015225905 -0.132410782654   11.1174308327   1.73058558749 -0.232084360134 -0.685463121666 1744440097.98
-0.0560493644561  -0.147584450376  -0.615394397237 0.635321151387   1.34751224314 -0.573994438112   12.0189655843  3.41927095595 -1.09114903665 -1.23000053945 1744440098
-0.002331566167 -0.170680763974 -0.633789907143 0.656374135526 0.570909087629 -0.34798187839   10.441094117   1.10461844824 -0.606100468847 -0.373463333988 1744440098.02
0.0362949431656 -0.198253464853   -0.6466153252 0.677298411344  0.582423169312 -0.448328135624   10.1983802564  0.754161159099 -0.695908543019  -0.25880920429 1744440098.08
0.0590326364223 -0.227305097251 -0.654848563177 0.695686064324 1.32449700785 -1.1797938443 10.1808749269  0.873621777632  -1.63828593325 -0.352721720573 1744440098.1
0.0667468077685 -0.255359254449 -0.658910158448 0.709807073849  0.524676382129 -0.504157709614    9.7581054313   0.032880803959  -0.638707692304 -0.0404948250146 1744440098.12
 0.061769525851 -0.280469014205 -0.658219218549 0.718144053739  0.488258229855 -0.473087494994   9.55385924694 -0.236819930242 -0.566460308278  0.094750279964 1744440098.18
0.0475904577585 -0.301180194946 -0.651245813962 0.719093506924  0.951137212643 -0.847404470249   8.78074658623 -0.946486321928  -1.02298263621  0.628411557089 1744440098.2
0.0284578335281 -0.316473002895 -0.636102203272 0.711049240811   0.31284625039 -0.206565131937   9.20253729687 -0.467544024426 -0.296191266509  0.480309636748 1744440098.22
0.00891240998051  -0.325682914175  -0.611511718117 0.692889149165   0.217282884322 -0.0153608494985    9.03801933513 -0.438435077437 -0.148578420424  0.726375035669 1744440098.28
-0.00671383951712   -0.328392103107   -0.577831716768 0.664662276594 0.254743730879 0.443454812241  7.84945556737 -0.660291669793   0.03878049741   2.05530986647 1744440098.3
-0.0147861553565  -0.324291041168  -0.537744476477 0.6281340874 0.0246269333956  0.387282510181   8.90563506656 -0.0732434616548   0.185531876649   0.984824494595 1744440098.32
-0.012777955095 -0.313031185997 -0.496294205784 0.586906924681 -0.0400024824029   0.560253290813    8.87058348027 0.190904436954 0.377727876963 0.971490437779 1744440098.38
0.000466340423164   -0.294112104831   -0.460126302491 0.546093729982 -0.177414864164   1.41693739974   7.87378562346 1.02485877399  1.2635413921 1.64916839857 1744440098.4
0.0246745705924 -0.266856222533 -0.436026856392 0.511801228441 -0.102488399909  0.624762063038   9.05811906334 0.701544116373 0.771220460802 0.376295317819 1744440098.42
 0.058320467343 -0.230511989912 -0.429094416444 0.490570150567 -0.12986426353 0.546260138651  9.19357475334   0.936204854899    1.03742839017 -0.0630107458261 1744440098.48
0.0990034912169 -0.184490774348 -0.441029522956 0.488206490342 -0.381681679401   0.78871877443    8.9101126054  2.41969051757  2.87678591163 -1.12888199732 1744440098.5
 0.143960572982 -0.128693907151 -0.469048936578 0.507241237693 -0.235273424675 0.0854396564176   9.67210694892   1.11842229651   1.47317352945 -0.790959207611 1744440098.52
  0.190599211436 -0.0638419006109  -0.505806913849 0.544283457191 -0.348480701625 -0.204273535957   9.95533666375   1.15238516673   1.69808851886 -0.885196843163 1744440098.58
  0.236931588497 0.00830283542308  -0.540463991037 0.590175262368 -1.09563312723 -1.07866854961  10.7968628676  2.52630516029  4.12007427645 -1.52170111907 1744440098.6
 0.281811250894 0.0849130413425 -0.560747807253 0.633297646498 -0.640208416993 -0.697895240964    10.527239259   1.08269179035   1.89504888379 -0.185992861158 1744440098.62
 0.324923476881  0.162316130206 -0.555579893111 0.663770148156 -0.787665210951 -0.831716868088   10.7736456065  1.05730951701  1.89060348969 0.537520967896 1744440098.68
 0.366545416353   0.23642847399 -0.517670174924 0.676931588544 -1.89441610303 -1.80413306079  12.2429400146 2.22272150772 3.81109668458 2.97669095006 1744440098.7
 0.407155032294  0.303311035377 -0.445454568837 0.675427699611  -0.87024452323 -0.698868062595   10.9803010564 0.993941653159  1.52290718921  2.14672623247 1744440098.71
 0.447010702168  0.359716558215 -0.343880356062 0.668930691023 -0.786496713128 -0.471084703568   10.9463608126 0.987470145864  1.25753597305   2.7819663364 1744440098.78
 0.485832382154   0.40350606216 -0.223799524719 0.670027218114  -1.23001720643 -0.335430108654   11.8678570884 2.00151441689 1.96103753733  6.4490025829 1744440098.79
 0.522685750819  0.433861220773 -0.100050693834 0.686619322723 -0.287404596652  0.169103809902   10.5308798854 0.869677804748 0.591314849378  2.91037059465 1744440098.81
 0.556109447687  0.451289128709 0.0113821757791 0.71627449307 0.0588333765418  0.463313356195   10.2478131754 0.780723899487  0.29851515772  2.48482355142 1744440098.88
 0.584449676713  0.457477083041 0.0965264287444 0.748454445884 0.870225618401  1.33178974065  10.0733731575   1.29185817864 0.0976115702846   3.47031685703 1744440098.89
0.606299151134 0.455081414772  0.14620670745 0.772058389009 0.750880036797 0.686601745449  9.66440307044  0.450554209014 -0.123115834028  0.758074136935 1744440098.91
0.620900243369 0.447516812279 0.157855856604 0.781477370723  1.05425568461 0.594965471617  9.44034261187  0.282347075289 -0.208682990611 -0.130957696063 1744440098.97
0.628378115328 0.438762831436 0.135966083285 0.778369227216  2.43105466508 0.635992818675  8.81162375758  0.221412384599 -0.360759520386   -1.6762594059 1744440098.99
 0.629717983309  0.433149577866 0.0910988884294 0.769715728552    1.27837434215 -0.0646588348097    9.26147577476  -0.023584747483 -0.0460123378481   -1.21948705759 1744440099.01
 0.626477392185  0.435054641832 0.0376861557552 0.763653527874   1.32737742594 -0.529865288326   9.24422642152 -0.123151053322  0.200293659528  -1.30835176178 1744440099.07
   0.620306125395    0.448457083678 -0.00889230572136 0.765488418073  2.26529585579 -1.81545173132  8.87362488858 -0.341040813546   1.00102063737  -1.76994527802 1744440099.09
    0.6124080796    0.47635079083 -0.0353312438768 0.776660819584 1.01376258738 -1.2844961435 9.40423623119 -0.215219217747  0.896217021487 -0.300336055332 1744440099.11
  0.603102150832   0.520097966877 -0.0329002633305 0.797067454369 0.910733838069 -1.63329115746  9.44596727823 -0.285418731327   1.40732222644  0.499643768314 1744440099.17
  0.591615940623   0.578871179671 0.00106672699829 0.827709128716   1.1697210276 -2.75317638577  9.30430353635 -0.614308520304   2.94987859546   2.18744402682 1744440099.19
 0.576183796095  0.649358551484 0.0629512385372 0.870412059717 0.471815811108  -1.3585804409  9.55731406528 -0.473124634083   1.87075128013   1.81746864146 1744440099.21
0.554437627332 0.725875525188 0.143884102548 0.924661557347 0.363325146393 -1.17448193742   9.5219167421 -0.777089268798    2.2572598722   2.51377097937 1744440099.27
0.523998826673 0.800943500778  0.23176203925 0.984783684182  0.263941120727 -0.816436587705   9.41293824465 -1.42986600172  2.81526115625  3.40667271672 1744440099.28
0.483124394123  0.86628404958 0.313788726913 1.04034638457 0.0355581944688 0.0297681059977   9.55965422811 -1.15156477173  1.40448172486   1.8279965619 1744440099.32
 0.43124417947 0.914069753067 0.379000979128 1.07941502583 -0.116134630453  0.724049965327   9.49305503004 -1.8522893664 1.16979993628 1.73216589421 1744440099.36
0.369252184237 0.938199219146 0.420276169881 1.09233557542 -0.319692238259    1.4784395234   9.49170273909 -2.43512266437 0.393158307224  1.04328477243 1744440099.38
0.299475505804 0.935344224962 0.435454911708 1.07432554558 -0.329261374857   1.24512244973   9.65039555639  -1.71477865743 -0.388911203056 0.0850822772246 1744440099.42
0.225323834633 0.905556319518 0.427417471581 1.02639601192 -0.640589366084   1.96753792246   9.66454022573  -2.53193854621  -1.41313936726 -0.549347559878 1744440099.46
0.150700187085 0.852308931679 0.403175550729 0.954825421798 -0.837953150029   2.04563475091   9.74552270635   -2.6406226362  -2.23506983413 -0.997977873784 1744440099.47
0.0793100013722  0.781967621302  0.372234056555 0.869667539892 -0.617995199698    1.1647439469   9.81709030705  -1.60924715596  -1.76040161575 -0.689669581364 1744440099.52
0.0140265340458  0.702797702934  0.344601788007 0.782861256676 -0.965100984399   1.34543443866    9.8671241136  -2.15922053986  -2.78138056353 -0.762194227914 1744440099.56
-0.0435491852631   0.623707662465   0.328865368099 0.706441936814 -0.938241012078  0.895519679001   9.88356476749  -1.90597901352  -2.66202068349 -0.247195794536 1744440099.57
-0.0932494949876   0.552968661741   0.330688632068 0.651018264384 -0.533988229225  0.289086054369   9.85157558816 -1.07592761841 -1.46965912497 0.268397752886 1744440099.62
-0.136210262328  0.497137626426  0.351980329031 0.62417081572 -0.627709077915 0.0671118718549   9.85185559571 -1.45584877701 -1.65937733457  1.07731219082 1744440099.66
-0.174507667486  0.460350546576  0.390818792026 0.628581641431 -0.374659771012 -0.186829012109    9.8345864872  -1.31207306055 -0.935306950641   1.58754018358 1744440099.67
-0.210666732223  0.444061577609  0.442068786327 0.661056706054 -0.0757927067398  -0.200328384494    9.82919972803 -0.845396183662 -0.152953195669   1.25303936174 1744440099.72
-0.247160111368  0.447205912522  0.498503654662 0.713853726304  0.130773786229 -0.304783239272   9.87573811515 -1.38094115385 0.414709338861  2.01851761144 1744440099.76
-0.285994344988  0.466683153047  0.552174935724 0.777485106189  0.306238149106 -0.181125778329   9.93187972392 -1.40154252384  0.87608691401  1.67710126039 1744440099.77
-0.328435332107  0.498010048759   0.59575848127 0.843096639803   0.280696087085 -0.0139118366856    9.94237779975 -1.04162706957 0.812190492332 0.837604655368 1744440099.82
-0.374873164227  0.535984858105  0.623645152784 0.903738310555 0.471720705447 0.166559380901  10.0913761144 -1.81242633232  1.45268735917 0.693395076084 1744440099.86
-0.424787718278   0.57523795641   0.63262081821 0.954752539524 0.356564400956 0.291281149795  10.0860377492   -1.69688436556     1.2426900673 -0.0261473618511 1744440099.87
-0.476764210834  0.610603373152  0.622075109404 0.993538139065 0.164219384155 0.271205889808  9.98426528523 -1.20981314502 0.723969265925 -0.45307415807 1744440099.92
-0.528525570326  0.637316151629  0.593771066767 1.01885977217 0.0928302693066  0.484689870358   9.99252927462 -1.90509233574 0.769801932778 -1.34568825234 1744440099.95
-0.576987333491  0.651101123357  0.551281124125 1.02993103345 -0.0662293587546   0.398064031092    9.82939674909 -1.46873715809 0.178761035389 -1.54517727224 1744440099.97
-0.618382728015  0.648252729666  0.499237312348 1.02560552547 -0.124096313177  0.239831893552   9.71138631993 -0.834298912999  -0.29502378565  -1.26797447776 1744440100.02
-0.64852934686 0.625802521995 0.442550972825 1.00402712803 -0.251835038172  0.290137411937   9.49716758496 -0.854891700351   -1.2642536682  -2.16038098915 1744440100.05
-0.663297773433  0.581830268314  0.385733332595 0.962954101316 -0.176609242787  0.155129069315   9.49764744911 -0.174148803201  -1.77822982866  -1.78230079612 1744440100.07
-0.65929190951 0.515906217305 0.332403078451 0.900731288212 -0.0434841148428   0.054272542059    9.64935155065 0.333674319413 -1.77469843609 -1.17399091684 1744440100.12
-0.634671164644   0.42957522532  0.285014227939 0.81766464493  0.138704479986 0.0229470715391   9.85555622038  1.31846415294 -3.59748074547 -1.66610581415 1744440100.15
-0.58996030726 0.326732242729 0.244790696002 0.717446588556    0.327213032108 -0.00616340582765     10.2899236985  1.71191963633 -3.48496862974 -1.18164437573 1744440100.17
-0.528634531668  0.213715595181  0.211822947041 0.60827443197    0.377834575429 -0.00107222999011     10.5774343184   1.53250573026  -2.63034849784 -0.687383623679 1744440100.22
-0.457262383811  0.098973366061  0.185270931948 0.503199695015 0.784157597569 0.033747998157  11.8369468748     2.682157944   -4.1372146802 -0.900370975916 1744440100.25
  -0.385051002758 -0.00776125146357    0.163623532708 0.418446140148 0.746627228663 0.079800065957  12.2628367635   2.19937675389  -3.20018047225 -0.658827923217 1744440100.27
   -0.3227598451 -0.0967331662964   0.144980414151 0.366811318743 0.486361818305 0.099731606718  11.9385906091  1.20152437486 -1.75613632488 -0.41942169329 1744440100.32
-0.281103473512 -0.159689947886  0.127338085952 0.347469466874 0.534214090861 0.219064570648  13.3799724465  0.939908380652  -1.65218362663 -0.630277692383 1744440100.36
-0.268910180486 -0.191390832943  0.108870253791 0.347557000022 0.197577175061 0.268269279863  13.2387296736 -0.171018045464 -0.516446284258 -0.650338709719 1744440100.37
-0.291398266452 -0.190778524222 0.0881895718899 0.359286509051 -0.146943758194  0.228399435009   12.0823557704 -0.968703327966  0.361539617598  -0.53624859055 1744440100.42
-0.348944126916  -0.16152055011 0.0645655737824 0.389896916037 -0.454256779343  0.236462644594   11.5783668097  -1.71390699551  0.932830205351 -0.591576649633 1744440100.46
-0.436636248607 -0.111729674387 0.0380588476977 0.452308754751 -1.05587352011 0.313151072704  11.4279058049  -3.25718292727   1.80797243046 -0.915580076526 1744440100.5
 -0.544753107189 -0.0528323843316 0.00952451371721 0.547391929962 -1.50756911769  0.25958134118  10.4803736984  -4.0476819449  2.06469344291 -1.04347732519 1744440100.52
   -0.6601092283 0.00226228499074 -0.0195516538875 0.660402588115  -1.09308791173 0.0671111533862   9.54878535767   -2.5863405957   1.09126428844 -0.659254370676 1744440100.56
 -0.768031727828  0.0413763929189 -0.0473888745578 0.770603949038  -1.57861427246 -0.118343832724   8.58700597841  -3.24884980962  0.884879909692 -0.882331716532 1744440100.6
 -0.854604713557  0.0552364627814 -0.0723732816699 0.859440617584  -1.54773195068 -0.444458429981   7.78513620049   -2.63145290048 -0.0413064283107  -0.863007802648 1744440100.62
 -0.908777903912  0.0391670728009 -0.0935478037681 0.91441923089 -0.695473486645 -0.493540433254   8.37808975721  -0.80296024869 -0.709385652295 -0.447049701509 1744440100.66
  -0.923979930451 -0.00605397291592    -0.11099807045 0.930642860666 -0.484743718538  -1.01669856054   7.83270168828  0.163396603639  -1.89440831013 -0.541601069508 1744440100.7
 -0.898984752246 -0.0743740136445   -0.12600858507 0.910814603631 0.118181648573  -1.4105650285  8.02736979371   1.61711370152  -2.81119184352 -0.562187420632 1744440100.72
-0.837919398147  -0.15566167597 -0.140916899676 0.863826977914 0.475958158974 -0.94081972061  9.14313003887   1.73132441187  -1.89084036641 -0.378267091344 1744440100.76
-0.749443260592 -0.237693543441  -0.15868104362 0.802086712922  1.17260230039 -1.26962658082  9.59014195247   3.20095425562  -2.53990488927 -0.686971413492 1744440100.8
-0.645253318732 -0.308539061282 -0.182265847002 0.738084708319  1.70163407146 -1.10720977495  10.3926229162  3.96468652186 -2.27388672887  -1.0382971862 1744440100.82
-0.538164605556  -0.35886925989 -0.214012034309 0.681329170957   1.14271012937 -0.343107540143   10.6013915421   2.37114567644 -0.868977086888 -0.842351740251 1744440100.86
-0.440073631482 -0.383733280131 -0.255156124616 0.637197519875  1.56705694291 0.140164793559  11.3628783163   2.95227410931 -0.407780374218  -1.51907752246 1744440100.9
-0.360128069247 -0.383460406482 -0.305619822228 0.608389336969  1.44619231358 0.924866483502  11.7050014508  2.51105271251 0.371212029865 -2.00159447078 1744440100.92
-0.303394617689 -0.363527852384 -0.364104836412 0.597304884795 0.625338336671  1.03548267467  10.9169632676  1.03673671456 0.576861552594 -1.41657936904 1744440100.96
-0.270239821547 -0.333444743488 -0.428441591171 0.606446333285 0.415931076707  2.03873805979   11.053017856 0.791842765029  0.99057176158 -2.22954877789 1744440101
-0.256524661659 -0.304894930596 -0.496074032575 0.636282379559 -0.080801251157   1.79796570209   10.3243273398 0.203609707162 0.571132475181 -1.76939103304 1744440101.02
-0.254579175686 -0.289516074475  -0.56453434797 0.683614762941 -0.401372664052   1.61832762211   9.80047578619 0.0200280596886 0.0940567053559   -1.5661827376 1744440101.08
-0.254789327896 -0.296745375477  -0.63177613375 0.743045424353 -1.59184984485  3.46096057279  8.67794366087 0.192666590109 -1.16263072375 -3.59476469787 1744440101.1
 -0.24751772658 -0.332127809495 -0.696286552375 0.810178295087 -0.888337687457   1.19597668513   8.90641255625  0.35195952238 -1.17765361928  -1.4798758583 1744440101.12
-0.225013981807 -0.396373434551 -0.756971825437 0.883600326014 -0.981162621077  0.791762733845   8.63829652509 0.750846570569 -1.78155212424 -1.35621391908 1744440101.19
-0.182965355087  -0.48529280893 -0.812884041342 0.964243691309 -2.9645970475 1.14273745133 5.96331857338  3.58067959155 -6.71092226779 -3.66090850658 1744440101.2
-0.121399493514 -0.590568072461 -0.862907905977 1.05267209492 -0.948615467123 0.0131271600512   8.52986117761   1.6446532264 -2.56910260083 -1.10266083094 1744440101.22
-0.0447699930323  -0.701166926572   -0.90553738024 1.14614020007 -0.782947705878 -0.289380448938   8.73386034287   1.88410341297  -2.52333241907 -0.893092189599 1744440101.29
0.0387906953451 -0.805106772398   -0.9388403657 1.23738549582 -1.56452802491 -1.44034469013  7.56217117352  5.45945223697 -6.33986914823 -1.83809953949 1744440101.3
 0.118910588728 -0.891243407769 -0.960645693107 1.31578671816 -0.255861809724 -0.670185089013   9.31936166983   1.74375555753   -1.7393668934 -0.359043415483 1744440101.32
 0.184844375205 -0.950792866019  -0.96891316566 1.37002453982  0.10470365734 -0.79256280023  9.58528621518    1.28916886415   -1.03513209258 -0.0183483388093 1744440101.38
 0.227431129927 -0.978379467306  -0.96219023216 1.39095698847  1.36098399738 -2.54177851681  9.60189976805   1.80289004842 -0.699731417811  0.930367636422 1744440101.4
 0.240802129407 -0.972510995042  -0.94003659409 1.37383845456 0.91715079881 -1.1494968689 9.71953043168 -0.0464523263306   0.513358810777   0.704653697552 1744440101.42
0.223549839809 -0.93548614771 -0.90331340835 1.31950141233 1.30920906895 -1.4367238007 9.52727026601 -0.738839518816    1.1949709492   1.02804123056 1744440101.48
 0.179164937752 -0.872821344525 -0.854272943467 1.23438220836  4.31248567356 -4.70723840119  8.13352368371 -3.39540946466   4.5054431957  3.36408896944 1744440101.5
 0.115667997599 -0.792335368111 -0.796426707598 1.12936704477  1.89075760003 -2.18523139967  8.69145486324  -1.618725244 2.04051656879 1.44317042911 1744440101.52
0.0444874192001 -0.703050897646 -0.734201539774 1.0175026271  2.03041465249 -2.54974940254  8.14339382503 -1.65314710203  2.15240985316   1.4972996921 1744440101.58
-0.0212506678189  -0.614066244833   -0.67241579815 0.910863299035  5.15687472226 -7.06056110306   4.2233803868 -3.45824646785  5.17659446157  3.62059312394 1744440101.6
-0.0687640050738  -0.533526631197  -0.615633551108 0.817547444397 1.95073812002 -2.8726444083 7.08890853912 -0.808977751047   1.78150409502    1.2779138675 1744440101.62
-0.0876732654378  -0.467792593294  -0.567490343151 0.740649580695  1.76314076962 -2.70178676558  6.66901337903 -0.0365101447015    1.37838064651      1.046313221 1744440101.68
-0.0717479403258    -0.4208730486  -0.530119485626 0.680667730262  3.57539843306 -5.33673841098  1.65727484654 1.95442033827 2.12755133865 1.83987876345 1744440101.7
-0.0200381684873  -0.394166087144  -0.503819096948 0.640001652263  1.24668975228 -1.57468953245  6.15264905636  1.63577335683 0.417460391155 0.523296526289 1744440101.72
0.0628301016002 -0.386527824802 -0.487066930968 0.624968460208   1.03592500452 -0.751000090749   5.91467563057    2.31325533882 -0.0061007282109   0.332249292037 1744440101.78
 0.167295460147 -0.394660140495  -0.47691265716 0.641241046753  1.97079932384 0.383323067015 0.571682303894   6.11603134789 -0.765756491116  0.488814310355 1744440101.8
0.280378221349 -0.41376589396 -0.46967973524 0.685866762357 0.759787408915  1.03627469662  5.62323054781   2.69570837545 -0.534233028208  0.184395054294 1744440101.81
 0.387848066143 -0.438369054877 -0.461826155175 0.745571558127 0.73947238567 1.79591444518 5.34548869201   2.44750271668 -0.615777731627  0.235749211683 1744440101.88
 0.476672501965 -0.463152415996 -0.450772208969 0.803070618906   1.61100864333   5.03768683227 -0.396702076074  4.07683448687  -1.2351884675 0.717812296382 1744440101.9
 0.537295891025 -0.483648359293 -0.435512728247 0.843963237602 0.707806569136   2.4921686679  5.04319923329    1.0888402211 -0.411422907617  0.416312371314 1744440101.91
 0.565309717439 -0.496644364774 -0.416882232602 0.860245021812 0.63680012693 2.49280782606 4.83403832727  0.313073991805 -0.208647431188   0.47921931616 1744440101.98
 0.562184066551 -0.500235025788 -0.397416639883 0.851014683402  0.902467818981   4.58840850556 -0.573692851032 -0.805274236854 0.0820384065938  0.955074714111 1744440101.99
  0.53491713813 -0.493548079478 -0.380835898736 0.821439001501 0.0652617621114    1.6435058163   5.20403978333 -0.835089562602  0.296564412241  0.323805083758 1744440102.01
 0.494680311322 -0.476262493511  -0.37124213107 0.780612127126 -0.459814683941   1.05813964444   5.58345772125 -1.01759595139   0.5769211562  0.10990966141 1744440102.07
 0.454737650614  -0.44809070263 -0.372175781414 0.738976603784 -2.31411686435 0.811149155251  2.69188401843  -1.74496265152   1.77744496602 -0.378439817459 1744440102.09
 0.428054112135 -0.408396053937  -0.38569172782 0.706240588395  -1.82934404753 -0.237784529513   7.45678179173 -0.370756365817   1.14923738185 -0.492442421757 1744440102.11
 0.425048264403 -0.356062201912 -0.411609529812 0.69055682151  -2.59974988241 -0.800187443032   8.72524298421  0.303582404162    1.5124889943 -0.781685571397 1744440102.17
 0.451889538727 -0.289644703724 -0.447064879886 0.698545071154 -6.50259096105 -2.51260074081   10.666917576  2.16543412458  3.79817354299 -1.91666079745 1744440102.19
 0.509606106949 -0.207747664532 -0.486453045062 0.734502580941 -3.60002032408 -1.54261593941  11.8106659854   1.77067881856   2.24300537614 -0.930778633374 1744440102.21
 0.594092942829 -0.109508703585 -0.521815810853 0.79826707394 -3.90507792539 -1.79132690991  13.4993256398   2.40011803249   2.72506368585 -0.733216088244 1744440102.27
  0.696932785997 0.00494067977128  -0.543679786821 0.883927275918 -7.51309861404 -3.66196399566  20.0113510813   5.34775185723   6.12572584915 -0.514971275982 1744440102.29
 0.806804309922  0.134147239061 -0.542299230251 0.981334362686 -3.38656236208  -1.7519140872  16.0826729026  2.66317325967  3.35945442638 0.428774295802 1744440102.31
 0.911177609757   0.27519937169 -0.509186096595 1.07946737406 -2.99440379303 -1.62761993766   17.320058717 2.49211227655 3.77542251338 1.35001089176 1744440102.37
 0.997994408741  0.423790450648 -0.438728970503 1.1696470816 -4.36866164047  -2.3883794692  24.9814952039  3.6031677254 7.39002629466 4.43405381872 1744440102.39
   1.0570875943  0.574457886594 -0.329629447148 1.24743401346  -1.5030099662 -0.70047223321  17.4704008057 1.03367883452 3.69240892603 3.14208045879 1744440102.41
  1.08118695498  0.720962928257 -0.185848031937 1.31274226964  -0.91100211929 -0.066476889022     17.60326828 0.125079989352  3.76924873089  4.17683101337 1744440102.47
   1.06645622359   0.856778777688 -0.0167801931358 1.36809368305 -0.547384463834   1.28544934705   22.0611825697 -1.61351153626  5.99051559394  8.21705799531 1744440102.49
 1.01258690961 0.975655648024 0.163508349244 1.4156168879 0.147985949934  1.47850953977  15.2764275547 -1.80440228073  2.70089004468  4.44745133203 1744440102.51
0.922524487156  1.07222064351 0.337979607251 1.45428289981 0.528187583984  2.52917587921   14.607956307 -2.97872659301  2.35981413317  4.60284999941 1744440102.57
0.801922259597  1.14254891699 0.489035971164 1.47907184384 1.19778269566 4.96306915458 15.0012358715 -5.68047250233  2.41754521971  5.66226347646 1744440102.58
0.658416558241  1.18462200814 0.601240925588 1.482677415 0.89386410513 3.40365001115 11.7440436481 -3.83675886076 0.713990186622  2.22722945729 1744440102.61
0.50080608597 1.19858423242  0.6638331988 1.45879587804  1.3031514697 4.38379261667 11.0185920941  -4.96438990932 0.0326453050711    1.1052309618 1744440102.66
0.338208210707   1.1867276645 0.672529479949 1.40534808674  1.8987223283 5.22632256808  10.268759985  -6.12246302297 -0.864534877574 -0.639576957695 1744440102.68
0.179259942161  1.15317965341 0.630243203459 1.32633477501 1.44401945032 2.96191502381 9.70058999097  -3.7595547604 -1.02210759421 -1.54361337191 1744440102.71
0.0314287272641   1.10332373512  0.546570704762 1.23168606579 2.28121682577 3.10022900542 9.42383140971 -4.63385719212  -1.8307983341 -3.22627411004 1744440102.76
-0.0995081242452    1.04304071506   0.436153882605 1.13492995792 2.83819090567 2.07624264089 9.38780558018 -4.41129336219 -2.29390290522 -4.21221901442 1744440102.77
-0.209771809109  0.977897796349  0.316255148262 1.04895454182  1.99944286222 0.348540216753  9.64600431846 -2.35821494486 -1.55440990683  -2.7626133971 1744440102.81
-0.297659162658  0.912430086109  0.204022916528 0.981200789655  2.96144906478 -1.00710204361  9.80153830392 -2.64555755971 -2.20858535083  -3.4837044137 1744440102.86
-0.36339855871 0.849645894432 0.113957457296 0.931097718004  2.94328340861 -2.53935404368  10.0367654415 -1.99182717262 -2.17857703155 -2.65211681144 1744440102.87
-0.408821087155  0.790845834814 0.0560108737139 0.892025242759  1.68307125244 -2.49260088399  10.0808974672 -0.860705360856  -1.33330118647 -0.929262777278 1744440102.91
-0.436902270866  0.735782787399 0.0345989836477 0.856421037919  1.96004528249 -4.67519119881  10.3400382263 -0.746628836525  -1.89618220113   -0.1302997672 1744440102.96
-0.451239312463  0.683118032325 0.0486081528272 0.820140180531  1.24191754495 -5.22535485849  10.4136102265 -0.329473522235   -1.8520412978   1.02032099466 1744440102.97
-0.455531336306  0.631064817043 0.0922898914045 0.783753166323 0.292061907361 -3.49231507658  10.2345801579 -0.0219752145921   -1.22267475923    1.25911641006 1744440103.01
-0.45312733593 0.578070655958  0.15678645161 0.751047306936 -0.32839669719 -4.99028063932  10.4977764716 0.157799292871 -1.92371976732  2.49497270413 1744440103.06
-0.44669856477 0.523385138037 0.231945294688 0.726133755043 -0.955940801644  -4.11642160704   10.5261493508 0.263188398458 -1.93543101811  2.64547681152 1744440103.07
-0.438076924573  0.467393159733  0.308067870105 0.710825977437 -0.928422441052   -2.0162097282   10.3213504845 0.215704449126 -1.30825907656  1.70190167068 1744440103.11
-0.428276713706  0.411655621284  0.377293150196 0.703726804393 -1.62797014084 -1.72674167014  10.6369798861 0.370478511371 -1.97522137527  2.29558542984 1744440103.15
-0.417685035818  0.358672968646  0.434421548591 0.701305332551  -1.45500301347 -0.173357887901   10.5736371136 0.374207065341 -1.71182315731  1.70527447378 1744440103.17
-0.406371663117  0.311450210075  0.477115219513 0.699841478216 -0.79641900444 0.893564424616  10.2721094496 0.273341488099 -1.00774036376 0.836305351578 1744440103.21
-0.394440897601   0.27297775836  0.505538440941 0.696899988183 -0.755521682085   2.90860769485   10.3263147484 0.445223741819 -1.21706919549  0.82400823486 1744440103.25
-0.382335038847  0.245743392998  0.521601563066 0.691836749331 -0.150309280383   3.79468240835   9.97768308884  0.391300820709 -0.694918884228  0.375512529526 1744440103.27
-0.371007464987  0.231361860862  0.528026376286 0.685555762715 0.266374798309  3.31099293862  9.65447491903  0.239917225925 -0.180674679746 0.0687519240512 1744440103.31
-0.36191352233 0.230364543303 0.527453658709 0.679894537809 0.935938516345  5.97018809967  9.06387739913  0.267227664622  0.203095551621 -0.117767734709 1744440103.35
-0.356813441847  0.242149452646  0.521771043575 0.676902660368  1.1272689076 5.43052118922 8.73056508274 0.0735749626626   0.56969474492  -0.25754920606 1744440103.37
-0.357432072348  0.265064642523  0.511766340046 0.678175300246 0.905006654208  3.75755543621  8.78597715692 -0.0962648058396   0.635380188664  -0.287616332137 1744440103.41
-0.365061617737  0.296590195631  0.497127456798 0.684376677854 1.44349876884 5.53241269996 7.87234041649 -0.432572268668   1.30115525873  -0.66519297713 1744440103.45
-0.380213591931   0.33359028819  0.476733796509 0.695068319374 1.06693835138 3.94093973978 8.07630290597 -0.610071765741    1.2415989131 -0.783855966005 1744440103.47
-0.402418023358  0.372616780078  0.449129757086 0.708873097965 0.55941431434 2.04806659322 8.65307074234 -0.583182482468  0.893781470345 -0.742539995928 1744440103.51
-0.430232534151  0.410248975763  0.413046929587 0.723886746389 0.523358905393  1.90934742682  8.23045645666 -1.13197486508  1.35772633413 -1.55807388713 1744440103.55
-0.461470226615  0.443445854047  0.367849069051 0.738181504188 0.111774919122 0.312946474188  8.85747751422 -1.02691202586 0.966235732027  -1.6082936855 1744440103.57
-0.49359776652 0.469870199531 0.313807753753 0.750261331695 -0.116643132016 -0.686741239487   9.42412432244 -0.734152591211  0.522856129375  -1.35368301333 1744440103.61
-0.524209293259  0.488127989531  0.252166294372 0.759376163255 -0.403588771743  -2.47306801587   9.60976655968 -1.11627314844 0.540022970228  -2.4849156313 1744440103.65
-0.55146011842  0.49786245141 0.185001410163 0.765637515077 -0.39821014397  -2.9414281555  9.87213115234 -0.801082454445  0.184213972905  -2.19241835403 1744440103.67
-0.574352388874   0.49965871125  0.114933675504 0.769902100334 -0.26669018921 -2.64026355032  9.88096838895  -0.489162172271 -0.0367936910483   -1.65938212766 1744440103.71
-0.592801122634  0.494752872986 0.0447605505429 0.773432015894 -0.307954138738  -4.73004130965    9.6994983171 -0.641598455592 -0.291971242538  -2.67096264671 1744440103.75
 -0.607464515818   0.484590425529 -0.0229115039095 0.777409773224 -0.131587323573  -3.88557168644   9.33760956554 -0.416333176061 -0.382549616426  -2.04752405453 1744440103.76
  -0.61938366733   0.470327381909 -0.0859722443082 0.782454599526 -0.0500216940611   -2.83895714666    9.05102889443  -0.26323425809 -0.384094387248  -1.43280368371 1744440103.81
-0.629528587826  0.452395960115  -0.14300789212 0.788301721949 -0.0910820057541   -2.70009659778    8.56797769535 -0.235550866762 -0.497032278958  -1.33210455381 1744440103.85
-0.638375699517  0.430252585455 -0.193377378963 0.793747838876 -0.32481741906 -2.95672875764  7.76139807777 -0.248709780212 -0.772081463367   -1.4537270837 1744440103.89
-0.645637753323  0.402387520319 -0.237167157423 0.79687645566 -0.863950674442  -3.00740816996   6.95896029001 -0.218828697501  -1.17495309947  -1.50777788613 1744440103.91
-0.650228478902   0.36661166434 -0.275045637512 0.795519509453 -0.959932312287  -1.53405984617   7.97862848386 -0.0553806687971  -0.935980311901  -0.810862212481 1744440103.95
-0.650479130654  0.320564133878 -0.308052721274 0.787896530281  -1.9772717221 -1.62015207339  7.55969410648 0.0868506581668  -1.59487221105 -0.953102851826 1744440104
 -0.64454936693   0.26232393574 -0.337368456137 0.773353223869 -3.67719802621 -1.61470854532  7.40269819577 0.405068927859 -2.68277941744 -1.16043168703 1744440104.01
-0.630913034671   0.19097749819 -0.364105200763 0.75305793891 -2.53075098007 -0.56165995649  8.99619115304  0.407752447108  -1.77018929098 -0.590243824836 1744440104.05
-0.608771634416  0.107000872932 -0.389158668147 0.73040848754 -3.96303872939 -0.29439536138  9.51684322755  0.817474911905  -2.77351563568 -0.761340831423 1744440104.1
