-0.107129389723259 -0.335876163778483  0.106706016219826 0.368341794308674 1745833638.56375
-0.176298234608234 -0.163542778031354 0.0653665742708441 0.249198910118199 1745833638.59534
-0.103778067393902  0.005909471492859 0.0745649149866962 0.127924726586815 1745833638.63977
-0.076036971703387 0.0680255890072532 0.0615468219720579 0.119151639184971 1745833638.66277
-0.0994059921528211   0.161797583115322 -0.0263851313214083 0.191719024441223 1745833638.69465
 -0.105969449747173    0.20249536162998 -0.0389382507491382 0.231840641676082 1745833638.73976
  -0.0704653737482095     0.130539020200522 -0.000540610063432177 0.148344521137883 1745833638.76165
-0.00906467349716271    0.050063129913513   0.0338162086883891 0.0610902713400762 1745833638.79375
-0.0267261164124563  -0.061773131447277   0.042216169259137 0.0794506766126685 1745833638.83972
-0.0506730056162224 -0.0189464445953862  0.0424694116407166 0.0687777012271883 1745833638.86132
-0.0499121945881531 -0.0181268029423955  0.0487241675677676 0.0720683887615784 1745833638.89335
-0.0545025817889957 -0.0583901147319413  0.0771071040911082 0.111020009103731 1745833638.93964
-0.0650289423811287 -0.0203235565780675   0.049513675913847 0.0842224103293864 1745833638.96141
-0.0279413340108432 -0.0119867829018406   0.034098531396257 0.0456849094781076 1745833638.99278
0.0117761012673438 0.0171386746010663 0.0497536761806458 0.0539243824408637 1745833639.0396
-0.00600731785685307    0.030176678676191   0.0278231645352491 0.0414831084721829 1745833639.06138
0.0154420640061394 0.0371779839028376 0.0169474470895862 0.0436792375242939 1745833639.09221
0.0493377353353626 0.0813370730789854 0.0243230273896827 0.0981913501611917 1745833639.13959
0.0415680771556772 0.0685495115430695 0.0146127073835325 0.0814890899954742 1745833639.16132
0.0424350769493736 0.0728568328044192 0.0261939918891767 0.088289178572918 1745833639.1917
0.0512946028615837 0.0478388458066068  0.037285717401284 0.0794349807890975 1745833639.23957
 0.0321732621786088  0.0190180072811345 0.00503116572469115 0.037710953696613 1745833639.26122
 0.0234757623519988 0.00811733868771777  0.0306660406678988 0.0394640172261247 1745833639.29137
 0.0254634378340799 -0.0728462584287118  0.0425366601932179 0.0881154441274968 1745833639.33949
0.00293549704928016 -0.0713071709565981 0.00710550525738421 0.0717204153482295 1745833639.3612
-0.0117398735392925  -0.082229936522076  0.0282179716358602 0.0877259426531595 1745833639.39128
-0.0170062657986791  -0.138768386866453  0.0298156942039693 0.14295052952262 1745833639.43938
 -0.023131534032794 -0.0765056440473895   0.017521319342947 0.0818240677877463 1745833639.46113
-0.0254863667466129 -0.0415698833473513  0.0345658162808293 0.0597696055417408 1745833639.49137
 0.0080063670102428 -0.0258204766219235  0.0660211614356392 0.0713413812804093 1745833639.53924
-0.0025572930765186  0.0169961377561714   0.023969351691594 0.029494715916945 1745833639.56098
-0.0417020685188563  0.0610252551978023  0.0280364708522091 0.0790518057260873 1745833639.59116
-0.0302057264418509   0.113064892851862  0.0230021466413598 0.119269252766979 1745833639.63909
-0.0122142207484875  0.0747502664724549  0.0392187281026873 0.0852930135485218 1745833639.66083
0.00540810270993368  0.0590375827124147  0.0844128735683618 0.103151427384766 1745833639.69106
-0.00664734437022121   0.0263747233506074    0.106373969236112 0.109796332133832 1745833639.73893
-0.0288544155194799 0.00949745683443929  0.0543140903928166 0.0622318198070079 1745833639.76074
 -0.0200235414281047 -0.00925310538797415   0.0319767621007424 0.0388468207848655 1745833639.79103
-0.0369008849425922 -0.0524013063141056  0.0320558785134602 0.0716599718130064 1745833639.83879
-0.0225149471627022 -0.0598836665334004  0.0392325056625292 0.0750477572202072 1745833639.86071
-0.0186826212196561 -0.0673014414930533  0.0814119587103357 0.107268035237593 1745833639.89117
0.000441700677630394  -0.0843785110701202   0.0989620661851404 0.130051600426643 1745833639.93866
0.00155919191178386 -0.0432739554960731  0.0364295245516728 0.0565877775032278 1745833639.96069
-0.0547701708292189  0.0262208250428861  0.0139568174230611 0.0623064686141987 1745833639.9911
-0.0123418545735535  0.0821303080813184  0.0255119249608246 0.0868824907277281 1745833640.03854
0.00594639629597765  0.0544496468808605  0.0359334934961345 0.0655083172520555 1745833640.06057
0.00122641185499985  0.0825227702316262  0.0788666652764136 0.114155431691014 1745833640.09098
0.0107232670999239    0.1161878931872  0.103705081407588 0.15610688290505 1745833640.13841
0.00773460207632654  0.0598284992879632  0.0485102724401469 0.0774113682125965 1745833640.16044
0.0171182121408903  0.051053050998872 0.0468399468641555 0.0713682550258226 1745833640.19079
0.0041589541536929  0.038632713774047 0.0542677134862143 0.0667440499237333 1745833640.23829
0.00447207817883517 -0.0209838935930318  0.0308714133015648 0.0375947793290149 1745833640.26033
 0.0433340069102386 -0.0656071876729713  0.0335450594647061 0.0854833916251792 1745833640.29076
 0.064475490149474 -0.147521066316945 0.0356851737062118 0.164902957704663 1745833640.33824
0.0522524864389915 -0.134310200301657 -0.017601118761574 0.145187298431327 1745833640.36041
 0.0125291067517234  -0.111973006414464 -0.0248747960472792 0.115384956384632 1745833640.39074
 0.0435339687360426  -0.131749741014986 -0.0479175227788734 0.146796763181926 1745833640.43824
 0.0270558435308167  -0.064724455211585 -0.0591315403409527 0.0917486394160383 1745833640.46041
-0.0442002136702231 0.00633385436949041 -0.0308312533621892 0.0542617985653885 1745833640.49068
-0.0274356212167389  0.0474206717252578 -0.0559848386364911 0.0783309362613328 1745833640.53821
0.000174779804839924   0.0259678218912842  -0.0559836735905768 0.0617132889291592 1745833640.56025
-0.00466686170902455   0.0576144420525176  -0.0297179407160736 0.0649950731335702 1745833640.59039
 0.0104890722214262  0.0905227753830557 -0.0446406314787803 0.101475018984683 1745833640.63812
-0.0133507840688711   0.110621128124787 -0.0515745953111511 0.122781172434389 1745833640.66003
-0.0266632639316036   0.125681190141074  0.0344044022357822 0.133005090473878 1745833640.69008
-0.0360605839108036    0.16610030790463  0.0524231186676558 0.177870349886776 1745833640.73794
-0.021847243391255 0.0852074016658628 0.0317466555062284 0.0935171293308106 1745833640.75991
0.0764693643092906  0.026585558457731  0.112052129654123 0.138239051488358 1745833640.78997
 0.0911306065502043 -0.0242389769612544    0.16150102474227 0.187015765236891 1745833640.83778
 0.0315039211755276 -0.0228530887298367  0.0679333739110519 0.0782924262292748 1745833640.85987
0.00504034681105697 -0.0297274003355771  0.0606449982066571 0.067726946145333 1745833640.89
-0.00163601291894097   -0.083502933615334    0.108680937201376 0.137065541153155 1745833640.93765
 0.0116779758991917 -0.0636980741703707   0.079214958033617 0.102317297415363 1745833640.95985
 0.0398365288369108 -0.0437122123798329   0.079914004027436 0.0994180797471501 1745833640.99005
 0.0924767509707455 -0.0297867256764584   0.112327122473306 0.148514581572864 1745833641.03758
0.0558418669744828 0.0152805084813843  0.042241254433485 0.0716668097710502 1745833641.0599
0.0172456841719696 0.0472157751012367 0.0260543617743271 0.0566177782011746 1745833641.09006
0.00680775079172643   0.039252405860215  0.0637343159621394 0.0751608932079649 1745833641.13754
   0.013166693748563 -0.00311635838253551   0.0470673076061647 0.0489735128322461 1745833641.15992
0.0785209065033401 -0.048909721754987 0.0961485924830627 0.133425055655715 1745833641.19013
0.0944165459637546 -0.128667612303651  0.133884023914816 0.208314114901682 1745833641.2375
 0.0243180191108409 -0.0690497494940295  0.0400592238290475 0.0834504366222801 1745833641.26
-0.0423019720208156 -0.0576418606461397   0.026355512563804 0.0762014040428369 1745833641.29023
-0.0749051503208444  -0.135357662816029  0.0482077230629913 0.162038461454446 1745833641.3375
-0.0460481464662554  -0.107055834866085  0.0400712919418909 0.123235920127796 1745833641.36011
 -0.016615869883447 -0.0892165000499114  0.0811125194894637 0.121716522424312 1745833641.39038
0.00612457330386926 -0.0945319927151617   0.105150987384423 0.141529283870063 1745833641.43749
-0.0113613688144841  -0.100638687468197  0.0189453864366181 0.103034721254017 1745833641.46022
 0.0309192669814154   -0.15598494172014 -0.0133989473635511 0.159583316498169 1745833641.49061
 0.0109475124370898  -0.289531805708465 -0.0157616819782005 0.290167098693402 1745833641.53749
-0.00764865978518593   -0.281301240317601  -0.0135415290934203 0.281730833972638 1745833641.56055
0.0741180730827816 -0.408767517807791 0.0182175375655796 0.415831998585006 1745833641.5911
0.0651627361459212 -0.649379035565232 0.0185499304994658 0.652903832072679 1745833641.63747
 0.0182441426397777  -0.545426305306025 -0.0141537842101077 0.545914858625325 1745833641.66129
 0.0283096794910258  -0.608295388412366 0.00404089910907933 0.608967196474692 1745833641.69217
 0.0538525702792383  -0.830747161017367 -0.0025710476225083 0.832494777851473 1745833641.73742
 0.0355406760731011  -0.686001393962376 -0.0051617629705819 0.686940824213426 1745833641.76252
-0.00261917734056774   -0.562926864937053    0.037286704614906 0.564166476936409 1745833641.79373
0.0545123057560784 -0.630764766591858 0.0123502187600838 0.633236377789485 1745833641.83739
  0.0395876766545005   -0.513256062301891 -0.00439842452355253 0.514799296591238 1745833641.86456
 0.0122332544787459   -0.43032902085156 -0.0229151089604326 0.43111230662192 1745833641.895
  0.043489341806717  -0.493555593129418 -0.0416668938317653 0.497216830368503 1745833641.93737
 0.0345629301405026  -0.494565012602719 -0.0411306595926646 0.497474500843161 1745833641.96881
  0.0351845831981809   -0.504148085774206 -0.00837467925479464 0.505443748143398 1745833641.99708
  0.0321559964946968   -0.640806479387707 -0.00431281280343046 0.641627269129135 1745833642.03734
 0.0476130899600353  -0.686676794038162 -0.0192130832587818 0.688593616274781 1745833642.07432
0.00939152392302435   -0.63236023953099 -0.0227569618369553 0.632839278627154 1745833642.09926
 0.0145249982684839  -0.800045403063088 -0.0322793992580712 0.800828060293556 1745833642.13729
0.0411285373619889  -0.83257507895451 -0.045643490460621 0.834838994599002 1745833642.17787
-0.00710817466309478   -0.610202845298375  -0.0188627701476391 0.610535701376191 1745833642.20036
-0.0394667790953249  -0.720186280587473 -0.0224239287157875 0.721615367060339 1745833642.23722
 0.0574044463069598  -0.802634367255252 -0.0498224284895873 0.806225447586249 1745833642.28844
-0.0716151397815311  -0.461933693361139  0.0315956859308074 0.468518679112828 1745833642.30099
-0.118731626467447 -0.591830375473927 0.0476842035644829 0.605503241714521 1745833642.33711
 0.0864076260375211  -0.750902711079912 -0.0182021993540436 0.756077032719501 1745833642.3902
-0.0355341605615406  -0.382474117037046  0.0277505037278653 0.385122340597415 1745833642.40141
-0.107469826117975 -0.463270471767397 0.0213529593214057 0.476051722409652 1745833642.43697
 0.0698836350428743  -0.671373491342278 -0.0123613380823932 0.675113982971107 1745833642.49112
-0.026609578801291  -0.35061471536392 0.0258602307181637 0.352572687323481 1745833642.50177
-0.095587897180847 -0.402699715769743 0.0467142849952304 0.416516904328148 1745833642.53683
0.0532141338730813 -0.596045416416513 0.0145990618583494 0.598594199004752 1745833642.59203
-0.0105933378251346  -0.318438076948922  0.0234948431914109 0.319479319070569 1745833642.60262
-0.0822967304100966  -0.348241889159695  0.0484138108825614 0.361094256788831 1745833642.63668
0.00236873246070221  -0.497173793381863  0.0127690781555407 0.497343383464709 1745833642.69288
-0.0331957912271806  -0.293760680260808  0.0210494289588741 0.296378771645316 1745833642.70359
-0.0548162861792446  -0.309450213243161  0.0421949452565984 0.317087800320242 1745833642.73655
-0.0522611261379659  -0.281106117932168  0.0171030489627446 0.286433917558526 1745833642.79331
-0.0532627513501481  -0.164210653380699  0.0347963474940775 0.17610464265326 1745833642.80413
-0.0474952074151485  -0.146048079899389  0.0037262328665066 0.153622007476408 1745833642.83643
 -0.0575626389847969 -0.00424585500166236   0.0247822814323897 0.0628143786452065 1745833642.89326
-0.0437604881715346 0.00161808712888269  0.0252752132062913 0.0505611998828267 1745833642.90397
-0.00688553478085928   0.0460833542837049  -0.0168043890896106 0.049532551155083 1745833642.93633
-0.0252023396942573   0.240043124681004  0.0383915315143815 0.24439674573264 1745833642.99281
-0.0127548468904891   0.141692847761287 0.00847098581773907 0.14251774214682 1745833643.00329
 0.0359535947037193   0.200344877517083 -0.0376214985659874 0.20699301455316 1745833643.03619
-0.00693994919101831    0.398903525877676   0.0399651770039163 0.400960598095836 1745833643.09195
  0.0146289967924503    0.231902372768762 -0.00441210734086202 0.232405216667188 1745833643.10216
  0.070549931675132   0.310102335674465 -0.0469918438794489 0.321479369231238 1745833643.13605
-0.0286615964860475   0.615449109654179  0.0368366602433217 0.617216358520359 1745833643.19097
0.0235637594986965  0.361578887667484 -0.021918514784349 0.363008214864236 1745833643.20123
  0.116358421073827    0.49283263406044 -0.0532913494959192 0.509179001217491 1745833643.2359
-0.0769343705159754   0.867421855082734  0.0449918595485305 0.871988439985012 1745833643.28995
 0.0231807226903874   0.477723328984452 -0.0284209297663987 0.479129078859989 1745833643.30077
  0.145186485281998   0.696780678006757 -0.0777597257984914 0.715981147592834 1745833643.33578
-0.0744809830462352   0.992728789076329  0.0256616371908709 0.995849579565008 1745833643.38838
 0.0801934898654919    0.56798760280796 -0.0447582722244226 0.575364419905207 1745833643.40026
  0.180378484159248   0.819024562742758 -0.0899323241568879 0.843460405029076 1745833643.43566
 0.0453452781476933   0.880597392415664 -0.0148607092414436 0.881889336855094 1745833643.47762
 -0.0179556339350169    0.713201644885881 -0.00648393849854513 0.713457099282352 1745833643.49971
1.53875143395384e-06    0.878652221975285  -0.0318295003793237 0.879228550650438 1745833643.53555
 -0.0400008516173122    0.858158722284914 -0.00678534984054701 0.859117280548031 1745833643.57401
0.00384275548856954   0.601138154203667 -0.0200152604216254 0.601483547454859 1745833643.59832
 0.0252300444712642   0.719006827463292 -0.0417548624856427 0.720660004179534 1745833643.63543
 0.0185859669568199   0.692142118010005 -0.0391060569007271 0.6934950853304 1745833643.66795
-0.00994681369315498    0.656449689643406 -0.00813632085753747 0.656575459374372 1745833643.69514
 -0.0239036685074188     0.82882552231524 -0.00587277970581047 0.829190943842681 1745833643.7353
-0.00774937208754018    0.723855507055481  -0.0167636603849665 0.72409106345252 1745833643.76165
-0.0194133045412737   0.696763627960482 -0.0120468918483709 0.697138119202408 1745833643.79177
-0.0453287123832637   0.885758572045231 -0.0146901889516165 0.887039312414825 1745833643.83514
-0.0140239359792447   0.743803315785352 -0.0240098039449019 0.744322856050455 1745833643.85911
-0.0201709090862337   0.760989192700749   0.024668744007801 0.761656066680773 1745833643.8895
-0.0636174036976409   0.968395122803515  0.0266369633421383 0.970847987966682 1745833643.93499
-0.0314993171933138   0.770398563335945 -0.0143478526398991 0.771175734997614 1745833643.95812
0.00246699189304266   0.754735140473829 0.00633325366212715 0.754765744066992 1745833643.9883
-0.0652532893513849   0.964014608816653  0.0143579173732355 0.966327225930428 1745833644.03483
-0.0408091656983548   0.736166917969085 -0.0207166172440197 0.737588162423403 1745833644.0573
0.00325324271791476   0.726660789311721 0.00369996052795294 0.726677491064106 1745833644.08742
 -0.0743455108696867    0.898713726976485 0.000384590042535171 0.90178365806436 1745833644.13468
-0.0494104463422075   0.656582049624091  -0.027405521216914 0.659008681801293 1745833644.15654
 0.00371509344062757    0.640447447320051 -0.00106783554445441 0.640459112645602 1745833644.18633
-0.0630753616927743   0.817591635738577  -0.012804914939678 0.820121058093846 1745833644.23453
-0.0395654232692653   0.634166375048299 -0.0401863950445594 0.636668956607005 1745833644.25595
-0.00555682351489609    0.634989957071651  -0.0149416468251008 0.63519003194263 1745833644.28524
-0.0605110858791109   0.867418271133184 -0.0256218157995971 0.869903745281522 1745833644.3344
-0.0403146943233087   0.701755182775928 -0.0488988161792532 0.704611031247021 1745833644.35476
0.0244858782895645  0.674377484561555  -0.03029632902108 0.675501604344013 1745833644.38288
-0.0334317087266861   0.943610330924774 -0.0403265073267368 0.945063152900123 1745833644.43424
-0.0459873383574681   0.780760254641742 -0.0290736142695963 0.78265361786945 1745833644.45238
-0.0549579278526506   0.753402869605738 -0.0480674878320906 0.75693245481384 1745833644.46941
 -0.129095549089717    1.15808545912247 -0.0585076411042606 1.16672650415308 1745833644.53409
-0.0647947880801749   0.822222924929182 -0.0221855524023672 0.825070361591575 1745833644.55096
-0.0561959317271206   0.823691904590783 -0.0433881148535029 0.826745949455824 1745833644.56638
 -0.0440154016520387      1.0525655827529 -0.00652964425265541 1.05350571798762 1745833644.6339
-0.025962670266024  0.748314474724684 -0.015547965055505 0.748926132904434 1745833644.65022
  -0.01808726925669   0.752352478074822 -0.0248125546074854 0.752978793486668 1745833644.66464
0.0865478806159324  0.765169135984771 0.0812902248923683 0.774327090424868 1745833644.72522
0.00614437411928279   0.615950861325687 0.00330999750325706 0.61599040007507 1745833644.74986
-0.0425544558889506   0.548969882908044 -0.0415893056933729 0.552185190315833 1745833644.76367
0.0282019790231418  0.417131180659565 0.0772270340558443 0.425156192814273 1745833644.80894
 -0.011657150939034   0.435677385698313 0.00817811265730583 0.435910030973786 1745833644.84954
-0.0769777427900321   0.367781403556472 -0.0619853534652655 0.380829250099347 1745833644.86308
-0.0459073870145669   0.295386755413648  0.0266102674578038 0.300114860995725 1745833644.90885
 -0.0169804406479955     0.31964105652907 -0.00232807962534193 0.320100234830221 1745833644.9494
-0.0721795753671579   0.272252106433716 -0.0422821227903123 0.284813761018377 1745833644.96266
-0.0113766858415824   0.154871298638021  0.0513539089146696 0.163559689665215 1745833645.00871
0.00274581222710927   0.190915856304398 -0.0028369925121328 0.190956676237679 1745833645.04928
-0.0562005766667483   0.144456241085729 -0.0484075327339812 0.162386574665779 1745833645.06243
-0.00153952643218182   0.0317134712686668   0.0126208458901646 0.0341672379996866 1745833645.13328
  0.013470274360408 -0.0180496207071027   -0.01156637100579 0.0253183340142774 1745833645.1492
-0.0263785103726204 -0.0526836798958433 -0.0512624687131992 0.0780976096651994 1745833645.1624
 0.103807305183825 -0.311448989883929  0.109464174971317 0.346061895491831 1745833645.2085
0.0447374656401911 -0.252320022970792 0.0230091321552811 0.257286328798146 1745833645.24922
-0.0348823044440541  -0.314850107299183 -0.0313532902651559 0.318324353513969 1745833645.26264
0.0475373555472825  -0.59389932927489 0.0737003168752456 0.600339862238969 1745833645.30835
 0.0388437417506299  -0.449603314431192 0.00811156896649381 0.45135105424913 1745833645.34929
-0.0233630192522049  -0.491228233570971 -0.0268239091106624 0.492514497477803 1745833645.36322
0.0997233593779871 -0.919584890720165 0.0702282929789144 0.927638470947158 1745833645.43218
0.0707916780100501 -0.540473630854533  0.017189413041521 0.545361057690474 1745833645.44954
-0.00825486713498409   -0.582219891780736  -0.0166888038710745 0.582517520244014 1745833645.46408
0.0171511346977487 -0.862756054727695 0.0345668823471161 0.863618573645748 1745833645.53263
0.0395550008062835 -0.497014085436157 0.0100583135745908 0.498687045031941 1745833645.54989
-0.00729480471076663   -0.528786440774879 -0.00245850026364075 0.5288424702562 1745833645.5652
-0.0138719630936192  -0.776597087152716  0.0501584327298402 0.778338830785197 1745833645.63254
0.0403946502254496 -0.443620307222751 0.0114044667859359 0.445601578329695 1745833645.65063
0.0258124099368133 -0.471438631968775 0.0130811798706973 0.472325927179681 1745833645.667
-0.00338002504636973   -0.800507370325179   0.0413901869322872 0.801583820999736 1745833645.73241
 0.0546100708297356  -0.521955624854086 0.00990942249305962 0.524898209948361 1745833645.75227
-0.0170903499370998  -0.554451921883394 0.00566089154881884 0.554744138711072 1745833645.77919
-0.0435760421021394  -0.835937416943547  0.0232789617675837 0.837396051192333 1745833645.83228
  0.0525790038333654   -0.646143085171654 -0.00495471544736479 0.648297761344598 1745833645.85371
0.0711461671266138 -0.656769892023671 0.0214018660100127 0.660958779376069 1745833645.88296
0.0960140536004414  -1.01913586393685 0.0274760986897978 1.02401735515093 1745833645.93219
 0.0934445418224547   -0.73672360774148 -0.0164180123948202 0.742807584594441 1745833645.95395
 -0.0193563106449509   -0.706618908257912 -0.00958724894038184 0.706948982325905 1745833645.98376
-0.000280938417642122     -1.00395139557605   -0.0161263332719299 1.00408094406292 1745833646.03211
 0.0401248508607723  -0.739539036147628 -0.0275256976642645 0.741138080032773 1745833646.05415
  0.0134028726128768   -0.698460233058876 -0.00910058615724147 0.698648090834965 1745833646.08441
 0.0824603159844158  -0.930097612814148 0.00139711459264311 0.933746874160236 1745833646.13204
 0.0553355454600787  -0.690460159534605 -0.0192462028624286 0.692941318453835 1745833646.15436
 0.0338934657648143  -0.689924668452605 -0.0169655352023695 0.690965009639194 1745833646.18489
 0.0803520932381906  -0.965487016920974 -0.0212120805948832 0.969057062867757 1745833646.23197
 0.0494734132924451  -0.753741046153231 -0.0216500033070341 0.755673147546058 1745833646.25485
 0.0303370615655491  -0.754430471832696 -0.0058300754793603 0.75506268873136 1745833646.2856
 0.0603876198119554   -1.02596653825521 -0.0107907704854966 1.0277988339036 1745833646.33191
 0.0216024583239431   -0.83619796993727 -0.0220108570884506 0.836766508031134 1745833646.35606
0.000130107839218747   -0.824637153072674 -0.00694896657941821 0.824666441230863 1745833646.38727
 0.0273528904024044   -1.03550454472554 -0.0102747180106625 1.03591670156959 1745833646.43185
 0.0346896817712918  -0.896251504723972 -0.0187681775200524 0.897118932042347 1745833646.45901
  0.0102497038694525   -0.795682559685564 -0.00130473049672869 0.795749643128322 1745833646.48957
  0.0444090499632331   -0.927650396299292 -0.00476118572999582 0.928724981015599 1745833646.53184
 0.0734048847090752  -0.922039032564756 -0.0265182461989175 0.925336410206347 1745833646.56689
-0.00989257867642226   -0.717408588963816 -0.00771791292519735 0.717518301377633 1745833646.59317
-0.0107708880412169  -0.846398121766254 0.00793984954829337 0.846503888809431 1745833646.63183
 0.0288184014610429  -0.898728333182165 -0.0170825954091605 0.8993525071923 1745833646.67194
-0.00520763567447428   -0.812389892741014  -0.0145710600702248 0.812537244124012 1745833646.69493
-0.00743112381033718   -0.998202804412904  -0.0346657266541663 0.998832204598617 1745833646.73181
 0.15463097505332 -1.16395702474857 -0.10114044810088 1.17853132506078 1745833646.78391
-0.0747795759998396  -0.706652483007596  0.0488823558156534 0.71227747503175 1745833646.79586
-0.172247550525218 -0.961830821611331 0.0823643485766304 0.980597590237667 1745833646.8318
 0.198377306723975  -1.41683926299087 -0.101089009737115 1.43422663511218 1745833646.88668
0.00438581563025316  -0.791650599932159  0.0174262857849833 0.791854521479766 1745833646.89718
-0.168048520005729 -0.980719014502517  0.100289904287837 1.00005407623036 1745833646.93178
 0.0816222920082093   -1.49769126457332 -0.0574268898175734 1.50101271487154 1745833646.98922
0.0343268639518574 -0.914459197430397 0.0259274500624374 0.915470474685315 1745833647.00038
-0.0954038608852694  -0.984679260523069   0.102476403132381 0.994583609343641 1745833647.03177
-0.0166503547928165   -1.25018456843876   0.023057587954364 1.25050803349655 1745833647.09027
0.000190717814120678    -0.91201206169019   0.0410118213764492 0.912933736113574 1745833647.10104
-0.0188321159620891  -0.891145143502653   0.065046194347702 0.893714340703501 1745833647.13176
-0.0581025362707929  -0.880750087654149  0.0761177265100413 0.88594047763546 1745833647.19064
-0.0532645147296668  -0.703129801408082  0.0653895485095747 0.708169767225234 1745833647.20131
-0.0247957267387516  -0.643146201729927  0.0314528195922022 0.644392073759784 1745833647.23176
-0.0453642559394347  -0.473677618472407  0.0671792984009579 0.480563689943669 1745833647.29092
-0.0398567346639821  -0.367120319046682  0.0438626031248305 0.371873386931492 1745833647.30158
0.0029621802070219 -0.275307278746225   0.02048087223918 0.276083933559901 1745833647.33174
-0.0388935486786565 -0.0288306698619155   0.077951198887013 0.0917622202293974 1745833647.39102
-0.0314305267753099  -0.045391967312842  0.0527527422804128 0.0763620359079513 1745833647.40169
 0.0336539651987862  0.0230981425886716 -0.0152413121762418 0.0435707603961806 1745833647.43174
-0.060797029668101  0.292695787579233 0.0545098145309438 0.303872379072678 1745833647.49091
-0.0445509974937029   0.193060551816022  0.0252516127526993 0.199736856868739 1745833647.50152
   0.06029651903413    0.24043076458738 -0.0366277991805531 0.250567792105282 1745833647.53174
-0.0200705496007832   0.457378662163718  0.0317253873231064 0.45891673293175 1745833647.59068
-0.0140091270822803    0.29183613573676 0.00569510398119158 0.292227685157872 1745833647.60135
 0.0635499789622319   0.322013690166399 -0.0678869436822831 0.335171677805872 1745833647.63174
-0.0224869356947387   0.499699977619695   0.023267223115101 0.500746536265156 1745833647.69051
-0.0111005386927092   0.309851619831185 0.00534203286452928 0.310096413372363 1745833647.70122
 0.0745800490079134   0.349160013737928 -0.0640043705080706 0.362727802005343 1745833647.73171
-0.0238344225953445   0.545332873985353 0.00993396582242939 0.545943867834908 1745833647.79014
0.000391426725989455    0.348125391832366 -0.00858489504287916 0.348231449005137 1745833647.80103
 0.0771230524526771   0.402769536121883 -0.0892071668682702 0.419677475054498 1745833647.83168
-0.0364106909734493    0.65598215373695 0.00253834109216584 0.656996778998217 1745833647.88927
 0.0098868970509816   0.414172228442552 -0.0235734431087666 0.414960350836521 1745833647.89993
 0.111878094298495   0.49284469262372 -0.101854250022579 0.515545233009572 1745833647.93163
-0.0402244950482021   0.808631785871909   0.016627448030026 0.809802350670994 1745833647.98787
 0.0392715516329425   0.478311296316847 -0.0226781392101313 0.480456292445 1745833647.99781
  0.162466224349413    0.60182024045678 -0.0916885632451715 0.630071161463349 1745833648.03155
-0.107295795750999  0.988754407007549 0.0339857293218971 0.995139535422159 1745833648.08647
0.00317951157860498   0.565869387655066 -0.0266850251846811 0.566507161250505 1745833648.09657
 0.170798513613456  0.759908782624177 -0.103018262408365 0.785650210049971 1745833648.1314
-0.0993094942078648    1.12092984212436   0.041132411544516 1.1260719168349 1745833648.18505
 0.0492289882931991   0.629707775342565 -0.0299343280280917 0.632338073825819 1745833648.19597
  0.203162813037119   0.880011705561487 -0.0947901137228927 0.908119428371617 1745833648.23125
-0.0799210720266282    1.11391306454257  0.0179495634525035 1.1169207133636 1745833648.28252
0.0615882731346958  0.711921685497469 -0.038251450092569 0.715603783600573 1745833648.29561
  0.142275362668707    1.00491139987477 -0.0636739619262528 1.01692849987016 1745833648.33111
 0.0392475566915754    1.02824311683841 -0.0172286651960243 1.02913609641109 1745833648.37084
 -0.0349489480023011    0.831042667721059 -0.00385826824839989 0.831786168899964 1745833648.39452
-0.0307861505698846   0.945627372433123 0.00969534043876328 0.946178056281115 1745833648.43096
-0.0392943620394467   0.865368086864916  0.0138148290050267 0.866369910692177 1745833648.46497
-0.0231574557774889   0.686291431426924 0.00684370664737196 0.686716122519909 1745833648.49137
 -0.0374777591182588    0.803339817077192 -0.00413140477239733 0.804224168149364 1745833648.53081
 -0.012956480954792   0.705262118936148 -0.0181696869919477 0.705615096444529 1745833648.55793
-0.0498464696842789   0.721448449026836  0.0114733395844647 0.723259408970553 1745833648.58761
-0.0813260677292791   0.898446501427537 0.00919541456000993 0.902166614804948 1745833648.63065
-0.0377140195636153   0.761391327175139 -0.0122354119842621 0.762422983438713 1745833648.65456
-0.0327044568969088    0.77262142624316 0.00487653044202554 0.773328669027657 1745833648.68501
-0.0780500114754661   0.998663982630121    0.01347144920119 1.00179989740345 1745833648.73049
-0.0393269611699741   0.828232888697424 -0.0279047408440714 0.829635463535955 1745833648.75357
-0.0519645460953451   0.860921461072624 -0.0056577922266081 0.862506861885281 1745833648.7838
  -0.116968174294989     1.14442784917086 -0.00965410232441224 1.1504302923026 1745833648.83033
-0.0364840211498685   0.905940475904131 -0.0366706720009735 0.907416094118718 1745833648.85252
 0.0373216878284251   0.898694793338309 0.00262114958866507 0.899473240502971 1745833648.88264
 -0.0565629792235364     1.11521131234927 -0.00689705983787512 1.1166661144876 1745833648.93017
-0.0328656204701472   0.859634743750019 -0.0295284776194802 0.860769407368531 1745833648.95159
0.0252854284953667  0.837286611857192  0.005921112991724 0.837689251971488 1745833648.9812
 -0.0920879994754231     1.00910808036365 -0.00766929603416548 1.01333022041399 1745833649.03001
-0.0602136398956535   0.728537429226519 -0.0165888931623663 0.73120972339666 1745833649.05092
0.0689509914090233  0.699081738091835 0.0411606895666525 0.70367870375292 1745833649.07993
-0.0056080428880458   0.821493876645284  0.0438434653541676 0.822682131181293 1745833649.12986
-0.0296910598478383   0.628725829954875 -0.0017620796593401 0.62942897392165 1745833649.14933
-0.0413692595873734   0.613602009165199 0.00363959015323605 0.615005762498905 1745833649.16819
  -0.127404642753081    0.841282858462616 -0.00562431878951807 0.850893896969485 1745833649.22972
 -0.0577520334437136    0.624525728440651 -0.00582935131242717 0.627217397867704 1745833649.24753
 -0.0262321810333727    0.655494681088794 -0.00305204352022846 0.656026462291817 1745833649.26384
-0.00791434519755417    0.950810850814975  0.00389971037375938 0.950851785836469 1745833649.32926
-0.00236062949465928    0.756493377694895   -0.010130941208864 0.756564894135077 1745833649.34647
  0.0147392444482288    0.766488947225528 -0.00562497516584607 0.766651284412554 1745833649.36145
-0.00121381441396496     1.06145259984625   0.0101279356780493 1.0615016109959 1745833649.42948
-0.033728864963806   0.83244377922603 -0.015196119794085 0.833265386272979 1745833649.44584
-0.0349001740743657   0.812252454980026 -0.0221235385045395 0.81330284871471 1745833649.45988
-0.0572424808696567    1.03543733644602  0.0123164342449734 1.03709154556146 1745833649.52934
 -0.0528977294106182    0.652389146622937 0.000257986298036757 0.654530239916486 1745833649.5456
 -0.047298394549611   0.631404555464822 -0.0120281536733289 0.633287870774018 1745833649.55908
0.0436694246440657  0.687855336618096  0.113768181700519 0.698566519330965 1745833649.62922
0.0108326586051594  0.327794233542598 0.0185622046030291 0.328498038770341 1745833649.64548
 -0.0282574087042212    0.272736606077184 -0.00305733707713326 0.274213575067285 1745833649.65874
0.0782141154622619  0.191239242671908  0.105077671504011 0.231799941423577 1745833649.72911
 0.0279530980691537 -0.0198512584904761 0.00111407683190853 0.0343029054528449 1745833649.74548
 -0.035566454652497 -0.0927215086368462 -0.0414954701406766 0.107629572621267 1745833649.75875
0.0540116450592917 -0.269587961630666 0.0158840472851817 0.275403757810866 1745833649.82901
 0.0230864635192498  -0.290208709470121 -0.0140177625266136 0.291462823557982 1745833649.84549
-0.0357045719317945  -0.328547310365475 -0.0425994948051155 0.333215948842296 1745833649.85903
0.0548483258007026  -0.61778810806791 0.0524764455986365 0.622434143227968 1745833649.92888
  0.0363835779804662   -0.500935171207764 0.000178949787907189 0.502254758586356 1745833649.94564
-0.0371629318526658  -0.542394651475984  -0.028438261732674 0.544409566580177 1745833649.95967
0.0323767540101668 -0.852312836790467 0.0417228438068529 0.853947434947479 1745833650.02862
0.0356438985823386 -0.643719437046769 0.0155154506667888 0.644892185056813 1745833650.0461
-0.0120662705791949  -0.668732724999932  0.0039359983000529 0.668853156121837 1745833650.06102
0.0571635022494047  -1.05111906008929 0.0666783323284445 1.05478194167066 1745833650.12837
0.0605323057070632 -0.710349454190752 0.0211905998033319 0.713238773920303 1745833650.14713
   0.0398803082002425    -0.725475231983349 -1.14265340607905e-05 0.726570541196108 1745833650.16362
-0.0102083141960082    -1.1417583921905 -0.0111701582571282 1.14185866386854 1745833650.2285
  0.0572858910216563   -0.742979757282712 -0.00925480410578797 0.745242406496744 1745833650.24899
 -0.137998565981798  -0.703974883176121 -0.0479633318196072 0.718974771153414 1745833650.27692
 -0.145830471561067  -0.919203438330089 -0.0443200273332109 0.931754126525017 1745833650.32845
 0.0426417580238131  -0.712565224222506 -0.0273251924039003 0.714362782092224 1745833650.34994
  0.17290191832509 -0.741182732176902 0.0160678351336594 0.761252317673711 1745833650.37949
 0.275004394536442  -1.06323241227994 0.0342333696567111 1.09875497866223 1745833650.42841
  0.141113952800357  -0.699997595665859 -0.0183424500516684 0.714315215494409 1745833650.45024
 -0.0804610312341642   -0.653345959785922 -0.00961367986353257 0.65835199062232 1745833650.48035
 -0.127918126755265  -0.980154103260168 -0.0145188967313118 0.988572663820225 1745833650.5284
-0.0195262295331784  -0.808475575763684 -0.0222168663127771 0.809016451869159 1745833650.55056
  0.125972728176192  -0.824933385475537 -0.0104215623436897 0.834561458298888 1745833650.58117
   0.22888160864697   -1.05365615573757 -0.0113750543435781 1.07828914357969 1745833650.62839
  0.106765892734871  -0.728941056090562 -0.0127949247114326 0.736829511626855 1745833650.65083
 -0.112379142808239  -0.626440031577283 0.00765740705761029 0.636486308402394 1745833650.68149
 -0.106477417582184  -0.841342592821024 0.00140065206003471 0.84805469209006 1745833650.72838
 -0.025890008655358  -0.737490483471738 -0.0178328588392445 0.738160224215538 1745833650.75171
  0.119019810900496  -0.748698043766243 -0.0397630650526694 0.759141342220651 1745833650.78259
  0.209399283286509  -0.930712339871349 -0.0568977005400665 0.955672992061852 1745833650.82836
  0.108321306981348  -0.741137971671915 -0.0336161182954517 0.749765991499589 1745833650.85285
-0.040062262215389 -0.646184972223743 0.0251271158935934 0.6479130922699 1745833650.88423
-0.0512221229410455  -0.822680681995144  0.0160103808235866 0.824429222371877 1745833650.92832
 0.0113299670688128  -0.812658290714784 -0.0110748230512089 0.81281271971277 1745833650.95692
0.0846541086773244 -0.794335041765277 -0.019695242448199 0.799075953378207 1745833650.98669
  0.130627846003478  -0.953541713094938 -0.0322541143621237 0.962987933806453 1745833651.02827
  0.124879404141493  -0.955177725180616 -0.0374158218759374 0.964032829309564 1745833651.06476
-0.0325961036084423  -0.703552702210319  0.0236558622711189 0.704704555524997 1745833651.09019
-0.0247702841618939  -0.814470145589105  0.0285806735386322 0.815347803046847 1745833651.12822
 0.0299483961900281  -0.869640831003841 0.00269104131545165 0.870160515701998 1745833651.16887
 0.0142852173684302  -0.762687642365269 0.00435966650380027 0.762833870475072 1745833651.19152
 0.0103241210997948  -0.897020748388403 0.00248771701847257 0.89708360772658 1745833651.22816
 0.123816051046455 -0.986477565891311 -0.044474224844453 0.995211715756551 1745833651.28035
-0.0708479420388848  -0.560207013195861  0.0436563396191513 0.566354310051504 1745833651.29223
-0.119431406307461 -0.727808786296028 0.0488733244304825 0.739160396709106 1745833651.32809
  0.193150068429645   -1.03423869176696 -0.0609753647815193 1.05388548504686 1745833651.38233
0.00421014698039182  -0.600008246323764  0.0317711747765428 0.600863568991162 1745833651.39271
-0.0986136075853568  -0.773982522704749   0.100981544184574 0.786747012272247 1745833651.42801
  0.135688070899218   -1.17801967242466 -0.0145074815040032 1.18589715752397 1745833651.48419
0.0243027287868906 -0.707668147624234 0.0544893827742952 0.710178796236221 1745833651.49463
-0.0766183779623556  -0.817859800894157  0.0748386488819706 0.824842926336094 1745833651.52794
0.00173658753570201   -1.10516259058593  0.0113561849550812 1.10522229904378 1745833651.58578
-0.00457817522290422   -0.757026369451097   0.0655199329230254 0.759870216117804 1745833651.59672
-0.0444760590327309  -0.741252688876326  0.0673818858164669 0.745636632100147 1745833651.62786
-0.109067940256099 -0.707001016053764 0.0724235128738273 0.719021152338197 1745833651.68627
-0.0848265791601994  -0.536084273394744  0.0629526783595799 0.546392657734195 1745833651.69704
-0.0231926458460688  -0.441106181477538  0.0283067303926654 0.442621546182016 1745833651.72778
-0.0799521382046995  -0.280599154105328  0.0896750643468167 0.305237361497138 1745833651.78639
-0.0561374454228995  -0.245319497697962   0.072595868576543 0.26192218093123 1745833651.79704
 0.0082049622626884  -0.157266415404713 0.00398964769949546 0.157530835421977 1745833651.82768
-0.0473769606775426  0.0218867577059418  0.0690571348276548 0.0865591961407043 1745833651.88635
-0.0279432678229576 -0.0269978697634693  0.0464439971478283 0.0605537452141341 1745833651.89695
 0.0444154310485962  0.0513432997968133 -0.0162879012584037 0.0698151894408485 1745833651.92759
-0.0772097440459064   0.304745183689116  0.0573552101261008 0.319563126292688 1745833651.98621
-0.0509704940355556   0.172904560568814   0.020084337571245 0.18137629101787 1745833651.99692
 0.0510011323887104   0.246823036272206 -0.0520743282168744 0.257360568850009 1745833652.02751
-0.0560254238190901   0.509007105614399  0.0618965054064566 0.515808354974586 1745833652.08574
-0.0313569490937433   0.301581277233066  0.0243118523423706 0.304180195276274 1745833652.0964
 0.0710935108799584   0.383134941632439 -0.0643099385089983 0.39494612161656 1745833652.12743
-0.0472200523558721   0.623003261283579  0.0292333804721129 0.625473730422225 1745833652.18479
 0.00271089029649745    0.369085442287266 -0.00929079774099486 0.369212312304521 1745833652.19501
  0.136841876698194   0.461169974397278 -0.0820755605680595 0.487995739885536 1745833652.22738
-0.0305965629037402    0.72889504194998  0.0115908792835526 0.729629001838161 1745833652.28358
  0.022954677519013   0.410825985803538 -0.0225380073690242 0.412083571145001 1745833652.29335
  0.13964392055359  0.521598355331265 -0.101006024988756 0.549333674478351 1745833652.32733
 -0.101960175048228   0.836804119941649 0.00578936705800705 0.843012769309051 1745833652.38246
-0.0133382573527569   0.486417430500541  -0.036504507508484 0.487967626869236 1745833652.3925
0.151449507333719 0.658665985860377 -0.11426738117132 0.685445015009081 1745833652.42725
-0.0962467614338305   0.959318065337103  0.0131779474936136 0.964224168888526 1745833652.4813
 0.0240020633690048    0.56961843595885 -0.0324198187100284 0.571044924918668 1745833652.49196
 0.186610217828578  0.789862253739091 -0.104064209551067 0.818251252971429 1745833652.52713
-0.0753353149329295    1.05213651768877  0.0285948035484149 1.05521766679689 1745833652.57938
 0.0719789127342121   0.659373190764612 -0.0325027752421002 0.664086138219993 1745833652.59164
   0.18235870252027   0.944883724114391 -0.0707955270644593 0.964920698883329 1745833652.62697
 0.0825219791592988    0.98887796947232 -0.0238235679736675 0.992601167611173 1745833652.66747
-0.0303014996033076   0.870666120766867 0.00446904341344693 0.871204710202181 1745833652.69077
-0.0309395675370914    1.01618147023958 0.00119719668097237 1.01665307287076 1745833652.72683
-0.031516666098619  0.961321144191154 0.0108562973519475 0.961898904097076 1745833652.76213
 -0.0213650019080692    0.803681079770448 -0.00314760289075439 0.803971174042629 1745833652.78782
   -0.03379131673055    0.929372629264795 -0.00787163383006599 0.930020053403203 1745833652.82672
-0.00302274752061696    0.789011029798552  -0.0212868076790554 0.789303915059029 1745833652.85436
 -0.0231618414000892    0.725137787222405 -0.00981141123152887 0.725573941886837 1745833652.88373
 -0.0834447122203544    0.836278074810745 -0.00158478604648456 0.840432358940038 1745833652.92663
-0.0258712609058434   0.659953499756484 -0.0253146805318615 0.660945366147702 1745833652.95067
 0.0174663770252224   0.607886718691592 0.00432493945264361 0.608152975976676 1745833652.98121
-0.0526440902221583   0.699911743832062  0.0194282468517913 0.702157607781252 1745833653.02656
 -0.023889189706487   0.574893313133536 -0.0132681338754544 0.57554240351778 1745833653.04999
-0.0419189133785793   0.625455427988989  0.0209879853044532 0.627209839867703 1745833653.08031
-0.0784201933601519   0.829780468390165   0.032361214505682 0.834105868971516 1745833653.1265
-0.0292330797674075   0.699857025402253 -0.0065104407588211 0.700497548030293 1745833653.14932
-0.0337420444938331   0.770986794761052  0.0154381477661521 0.771879200179014 1745833653.17959
-0.0717651584279157    1.04663970351258   0.024201615696212 1.04937630292254 1745833653.22645
-0.0238902806372458   0.875019422396721 -0.0083678633433837 0.875385490065578 1745833653.24838
-0.00682746582802718    0.921561073065121   0.0222486096928954 0.921854883542869 1745833653.27837
-0.0909773232395685    1.20825459683191  0.0281312544706541 1.21200140741972 1745833653.3264
-0.0441523166566678   0.933312905259762 0.00439372691162063 0.934367010883165 1745833653.34761
 0.071103326061534   0.92223088367736 0.0455877572141362 0.92609056219851 1745833653.37703
 -0.01441278656318   1.15628582998586 0.0565401799538983 1.15775707339313 1745833653.42633
-0.0368724042777993   0.916506394577669   0.014186566799632 0.917357511647745 1745833653.44582
-0.0485676171209499   0.901749231794417  0.0078770080759746 0.903090547913584 1745833653.46442
   -0.15400338740449     1.36471817180719 -0.00123139204081415 1.37338059113968 1745833653.52627
-0.0872240194784474   0.952292977493611 0.00881941961999744 0.956319887234421 1745833653.54388
-0.055055403454362  0.960748187677309 0.0143495088917931 0.962431340917466 1745833653.55982
-0.0264088664663922     1.2364446401441  0.0515630411905243 1.23780108401388 1745833653.62602
-0.0127171554906906    0.92126124537532  0.0141576874723206 0.921457784376921 1745833653.64313
 0.020092646340627  0.937099730606733 0.0285619527812549 0.937750182450987 1745833653.65774
0.167097573527398  0.91810950448629 0.112793642472249 0.939983546179912 1745833653.70258
 0.0355340553916901   0.791688656102191 0.00628335592688645 0.792510616872214 1745833653.74291
-0.0322698644320422   0.703376049152107 -0.0391894259013064 0.705205659204295 1745833653.75674
-0.0556431593958035   0.792654802248405 -0.0379744247071273 0.795512321492786 1745833653.80162
-0.0360653010387542   0.561836980735268 -0.0429520817697484 0.564629418458774 1745833653.84283
-0.0754064727630287   0.507928213774926 -0.0748213308939406 0.518917563819041 1745833653.85616
-0.0615076672740476   0.623405491509376 -0.0652867280108254 0.629825338353342 1745833653.92614
-0.00386494318745074    0.318964000213463  -0.0342686370711161 0.320822864996758 1745833653.94275
-0.0303698518713777    0.29527584394388 -0.0612267137176822 0.303082270006226 1745833653.95591
0.0697170248112945  0.235330673787493 0.0484513331553798 0.250176979872945 1745833654.02614
  0.03978317942685 0.0975885524748705 0.0116007462141824 0.106022659144993 1745833654.04274
-0.0284151546463469  0.0475030459703232 -0.0353477665741439 0.0656766700725198 1745833654.05584
0.0548953759128775  -0.13520211987819  0.106223566157176 0.180489782323877 1745833654.08882
 0.015344696869501 -0.157095704870962 0.0273163566400316 0.160189586275159 1745833654.14276
 -0.049228939815721  -0.190692216198495 -0.0153926913989028 0.197544791838649 1745833654.15597
0.0258128572679805 -0.375544733786126 0.0615170461984718 0.381424301333586 1745833654.20138
0.0229839024597074 -0.387238104320489 0.0242425603553233 0.388676357581195 1745833654.24284
-0.0396405496080743  -0.408229145203149 -0.0156598603604177 0.410448095857481 1745833654.25639
0.0852401689037301 -0.671062636225546 0.0645949907428321 0.679531795401644 1745833654.30135
0.0618943859782246 -0.577204770220976 0.0260066888113723 0.58109604166988 1745833654.3431
 0.00429202715089503   -0.598327781461572 -0.00340385550318015 0.598352857265742 1745833654.35731
0.0824859130787728 -0.822862846959824 0.0519549721626543 0.828617227612176 1745833654.40161
0.0547950680951229  -0.70257636410809 0.0138082307323689 0.704845170322427 1745833654.44369
  0.0104584695707412   -0.711097168174907 -0.00372279046119461 0.711183816844107 1745833654.45896
  0.12950158906992  -1.17410128496961 0.0754567727105321 1.18362925508235 1745833654.52575
  0.10421302977079 -0.794194850085268 0.0250997840543292 0.801396165847793 1745833654.54507
0.0817691585152713 -0.822480299605754 0.0330676525629584 0.827196172724397 1745833654.56228
 0.053233195101736  -1.26190854475888 0.0439779975804808 1.26379627023797 1745833654.62568
  0.076320529099894  -0.830526588520921 0.00587618520601321 0.834046621571517 1745833654.64689
 -0.257446649813926  -0.716146771203297 -0.0636122294716663 0.763669752670405 1745833654.6757
 -0.303354348326123  -0.980702470524041 -0.0708285583659281 1.02898876622659 1745833654.72561
-0.0156783364343727  -0.838426540332175 -0.0345970538333516 0.839286500487574 1745833654.74743
 0.323547800064726  -0.92308091229051 0.0567955315430146 0.979789406946746 1745833654.77719
 0.533696546485794  -1.24322472408734 0.0851548051619472 1.3556146425718 1745833654.82554
  0.261220820929212  -0.770879312189135 -0.0193400912670534 0.814165382694661 1745833654.84764
  -0.24022500741014  -0.616279906985527 -0.0431957183531147 0.662853564539961 1745833654.87794
-0.406436287851875 -0.989605500333183 -0.068684610079975 1.07202009217847 1745833654.92545
-0.122468913828714 -0.941238673683443   -0.0366707684994 0.949880845661228 1745833654.94777
  0.289644382943073   -1.05834690089986 -0.0238136237509537 1.09752408624638 1745833654.97814
  0.516065353135714   -1.32363665616203 -0.0420847755889077 1.42130523624563 1745833655.02537
  0.222706348038149  -0.858014137451727 -0.0498634184754639 0.88784724926396 1745833655.04863
-0.294225537651677 -0.653856732254854 0.0026958940133314 0.717010851498041 1745833655.07916
  -0.451933220208221   -0.947993907520934 0.000550440524509806 1.05020778287411 1745833655.12527
 -0.179604041024583   -1.06430708807874 -0.0282752385854803 1.07972527913543 1745833655.15019
  0.268519959991432   -1.27997640443722 -0.0615022686062873 1.30928419140902 1745833655.18137
  0.362667096354026   -1.52916987643758 -0.0792709380826529 1.57358565556709 1745833655.22514
  0.253291053100507    -1.4422988043514 -0.0576504612540714 1.46550529657762 1745833655.25942
-0.132687395601341 -0.972208613417029 0.0538672949851038 0.982698945976204 1745833655.28588
-0.200657880581675  -1.17173755153987 0.0667917540151596 1.1906693970757 1745833655.32498
-0.0949619249459558   -1.28844734706783  0.0179318112810741 1.29206651655841 1745833655.36636
-0.0298189453515751   -1.30448023187221  0.0117813290037972 1.30487418725345 1745833655.38816
-0.0363058215929172   -1.57476241855503 0.00108559327200111 1.57518124864651 1745833655.42483
  0.156703584740031   -1.73992189188051 -0.0719578547084373 1.74844563431914 1745833655.47892
-0.0936649378434565   -1.04433966865879   0.109299598727182 1.0542129132189 1745833655.48929
-0.173442063824765  -1.16351254625464  0.161920308579984 1.18746022296596 1745833655.52468
 0.0952163759676254    -1.5403835225609 -0.0605514301200388 1.5445109357072 1745833655.58155
  0.0351989262052471    -1.03845379425281 -0.00992750347367226 1.0390975904742 1745833655.59231
-0.0424373734669515   -1.06154960111365  0.0842740084178109 1.06573476755998 1745833655.62455
-0.0125563751655582    -1.1674909288963  0.0598447843095404 1.16909115547997 1745833655.6826
-0.00819129336294457   -0.896854137009123   0.0810553042290358 0.900546724329725 1745833655.69331
-0.0237653894420688  -0.829161827274267  0.0691882637521569 0.832382811803063 1745833655.72444
-0.0495706388068353  -0.782930896370271  0.0914704032000727 0.789813187649116 1745833655.7831
-0.0417031631996055  -0.635963388560178  0.0894283367968565 0.643572849669754 1745833655.79348
-0.0258443822396007  -0.555061503645535  0.0140489711686697 0.555840425404169 1745833655.82434
-0.063128881339762 -0.408292905192723  0.072554943225207 0.419467009282419 1745833655.88336
-0.0490717816742686  -0.340794454120119  0.0554206618299917 0.348741092321211 1745833655.89374
 0.00448817118678243   -0.245124148263371 -0.00227022352551952 0.245175744431012 1745833655.92428
-0.0833153991446202 -0.0597753034142122   0.055609059282942 0.116648660974836 1745833655.98342
-0.0649424332910025 -0.0885515616916494  0.0378834541594935 0.116163913582665 1745833655.99374
-0.00332250581717772  -0.0201706719392111  -0.0492762411828704 0.0533483176538574 1745833656.02423
-0.0845830369628473   0.191178573123866  0.0448268268617662 0.213805943252358 1745833656.08327
-0.0527553110250115  0.0956806193178309  0.0269933952155934 0.112545755760289 1745833656.0936
  0.027745364723848    0.14235742056432 -0.0450972716786013 0.151885497550752 1745833656.1242
-0.0656657301775848   0.341673069223565  0.0467684875886991 0.351055217570884 1745833656.18303
-0.0482821642489947   0.194396015318745  0.0100052413376358 0.200551945915757 1745833656.19342
 0.0335431282358115    0.24676237656504 -0.0650903121893424 0.257397670309537 1745833656.22419
-0.0433459362458366   0.401662812252246  0.0208240236157194 0.404531240938149 1745833656.28275
 -0.0149157494702427    0.237386483449947 -0.00451246230510697 0.237897424162276 1745833656.29324
 0.0837029070320763   0.300196776760945 -0.0919963755164679 0.324942478804247 1745833656.32419
-0.0582603658702182   0.536261470543955  0.0238979575124772 0.539946059708342 1745833656.38241
-0.0284653082353218    0.33622258933303  -0.016469380597168 0.337827091643038 1745833656.39307
0.0905200812237943  0.408502883162549 -0.101866209528088 0.430633504619064 1745833656.42417
-0.043691103545069  0.661981449945714 0.0186371897175498 0.663683431646281 1745833656.48155
-0.00597664494046012    0.397627613452678  -0.0049007202734908 0.397702723556195 1745833656.49199
  0.124389454590522    0.50258342791872 -0.0996211885054418 0.527244933243645 1745833656.52415
-0.0453144237895927   0.769672430872303 0.00189624671139842 0.771007550935692 1745833656.5803
 0.0213026771675074     0.4694103008717 -0.0359510876597947 0.471266713574049 1745833656.59013
0.168712853483504 0.603340236759337 -0.12685325952358 0.639198887416989 1745833656.62412
-0.0298072963557174   0.849580881006462 0.00905199832859502 0.850151802304444 1745833656.67917
 0.0367569422807268   0.515573054280453 -0.0221138457485997 0.517354490924449 1745833656.68905
 0.195424472729815  0.669644817014859 -0.113636567750282 0.70677307180357 1745833656.7241
 -0.082637715245037   0.955345551081057 0.00535787637858998 0.958927953910291 1745833656.77813
 0.0368577168463891   0.580061302614323 -0.0179359858264031 0.581507786421918 1745833656.78873
  0.215727640348766   0.805330970306221 -0.0992324801821143 0.839609118380631 1745833656.82405
-0.0772075375239401    1.08681840008428   0.012682195006001 1.0896311654328 1745833656.87651
 0.0764027351248653   0.663842175748243 -0.0518452476694433 0.670232602864579 1745833656.8885
 0.21073216087813  0.92219391857496 -0.12088245010727 0.953657293700909 1745833656.92397
  0.123780651968062   0.948843781136628 -0.0736664632901538 0.959715019480769 1745833656.96477
-0.0136697001686363   0.854108096040203  -0.017860394444598 0.854404174915969 1745833656.98781
 0.00606387381911428     1.02844880660795 -0.00888876614183383 1.02850509407709 1745833657.02389
 -0.0037810613140002    0.979799640488618 -0.00430027461617539 0.979816372739331 1745833657.06007
 -0.0321457225209216    0.779147613718061 -0.00645092873600352 0.779837140639312 1745833657.08521
 -0.023830249469632   0.905610455362748 -0.0174376599410065 0.906091744602237 1745833657.12377
0.0242421588036396  0.801825954782494  -0.01546189066031 0.802341332656563 1745833657.15234
-0.039666660786237  0.803679978502594 0.0172787446309447 0.804843777909652 1745833657.18091
-0.0526637919759886    1.00659158703143  0.0384380248210039 1.0087009367597 1745833657.22362
0.000679038518104018    0.865250754196558   0.0232851210813801 0.865564281607552 1745833657.24764
-0.0411460758487587     0.8858146787484  0.0553922795174724 0.888498142527054 1745833657.2777
-0.0966202948859353    1.12794204897258  0.0914565713777552 1.13576100112325 1745833657.32346
-0.0384369373950347   0.948238320529429  0.0277964878275088 0.949424012447719 1745833657.3466
-0.0651997979991629    1.00610987260768  0.0207886038291441 1.00843455685877 1745833657.3765
-0.154535508642704   1.35166114665408 0.0457483446022808 1.36123546450992 1745833657.42333
-0.0609916129451138    1.10975978305431  0.0088129921275613 1.11146948755449 1745833657.44537
-0.0116655415411432    1.15295119283573  0.0163963348889163 1.15312678302022 1745833657.47523
-0.125600508139391   1.50906498581382 0.0216115303678374 1.51443708264786 1745833657.52325
-0.0687155661982761    1.18896164318285 -0.0243858324014761 1.19119531850152 1745833657.54407
 0.0631867885728493    1.16904029750661 -0.0140852309974812 1.17083140595764 1745833657.57288
 -0.046650219469154    1.50948039806263 -0.0474304095189783 1.51094571671485 1745833657.62318
-0.0651374211032897     1.1313476885142 -0.0307325749384089 1.13363793474669 1745833657.64151
-0.0856825275466786    1.09287972867236 -0.0272908752353066 1.0965730202503 1745833657.65855
 -0.242058392668113    1.47203372269338 -0.0586958176018258 1.49295704734314 1745833657.7231
 -0.113473331380923    1.01527501511221 -0.0214129973911708 1.0218209577529 1745833657.74042
 -0.0612594932397159     1.04358691856362 -0.00308692032961954 1.04538792378056 1745833657.75574
0.0665536774350455   1.20257930056117 0.0869902276891011 1.20755689962491 1745833657.82301
 0.019802249944731  0.855009135147373 0.0128217073617675 0.855334523135833 1745833657.83995
 0.00883332788658893    0.812991117471291 -0.00910232499204447 0.813090054722741 1745833657.85421
0.0545998311548293  0.952481219749203 0.0401259870768841 0.954888323510116 1745833657.92295
-0.0183547137298167   0.695273205830684 -0.0206687726084136 0.695822480538908 1745833657.93966
-0.0675705331727072   0.623333697602756 -0.0481785368978688 0.628833719625457 1745833657.95326
-0.00307222164285401    0.571229283321592   0.0562078010161831 0.573996210409962 1745833657.9879
-0.021511801973157  0.586086429439676 0.0035330637638467 0.586491724525624 1745833658.03951
 -0.106575277365016     0.5178945713626 -0.0370574903746351 0.530043709881692 1745833658.05261
 -0.112800523923095   0.535836722142539 -0.0179230892413212 0.547874244805994 1745833658.08435
-0.0554262419776114   0.522041577516931 -0.0077431485694819 0.525032792600516 1745833658.13941
 -0.112695756245143   0.475761891252886 -0.0345113230494025 0.490143593309968 1745833658.15223
-0.0402693931817723   0.417444943662635  0.0413255418864604 0.421413935969064 1745833658.18236
-0.00497717026881206    0.336428627406621   0.0267228813892802 0.337524970857466 1745833658.23941
-0.0972646317764671   0.251101159026867 -0.0144167132030029 0.269666539041879 1745833658.25206
0.0151701046540461  0.114176816689949 0.0821727296660186 0.141487932508145 1745833658.28187
  0.0240173032008004 -0.00988133932291531   0.0303840958305253 0.0399708018344931 1745833658.33943
-0.0565820821694781 -0.0821894942868517 -0.0273471772215487 0.103462616899771 1745833658.35214
0.0745536771004911 -0.327727977635287 0.0932497063767538 0.348797055368118 1745833658.38261
0.0561654213596284 -0.435194280580311 0.0187585682431798 0.439204394660223 1745833658.4394
-0.0145566754626784  -0.473444198221147 -0.0320234788642269 0.474749206243 1745833658.45245
 0.144477496048773 -0.880824320297608  0.111461060528607 0.899526985757753 1745833658.52239
0.0862637695732952 -0.677792955831352 0.0367071571376447 0.684245675397896 1745833658.53949
 0.0187458086528381  -0.706648354062572 -0.0147566516391606 0.707050960263113 1745833658.55309
0.0692395787767769 -0.939591549504265 0.0298036843161371 0.942610555196486 1745833658.59788
 0.0562548412543776  -0.771490871590738 0.00902101828411952 0.77359172105399 1745833658.63978
  0.0175979208256615    -0.77004898881915 -0.00541120228992449 0.770269052415456 1745833658.65421
0.0903766196536517 -0.985477812281848   0.06755863636537 0.991916640261361 1745833658.69822
0.0559821845025649 -0.809643956260856 0.0355508303072866 0.812355342462243 1745833658.74051
 0.028770662672613 -0.812740894815267 0.0271199550553716 0.813702037049156 1745833658.75622
0.0869439562344461  -1.24585020340241  0.111325068303808 1.25383222628723 1745833658.82212
0.0752309206158756 -0.847170530812539 0.0432049229293998 0.851601001091031 1745833658.84211
0.0615703956299616 -0.855189584408174 0.0512840902140421 0.858935502123028 1745833658.86061
-0.0292153217934284    -1.2056203606968  0.0478016488959353 1.2069212844222 1745833658.92209
 0.0286828679459279  -0.830923379913018 -0.0067885368873342 0.831446002114839 1745833658.9437
 -0.23327713735257 -0.709321765937663 -0.101333816322136 0.753541062434385 1745833658.97292
-0.239332751496192 -0.878685710326346   -0.1202067794598 0.91859589227176 1745833659.02209
-0.00269678271918801    -0.76507495196806  -0.0612895132558593 0.767530689419715 1745833659.04398
 0.261310935900162 -0.805471857417951 0.0325056013929468 0.847422522969068 1745833659.0738
 0.422944692444215  -1.07846884043916 0.0406040017036327 1.15914879873952 1745833659.12206
 0.208931588847329 -0.703497973419891 -0.045401368947813 0.73527076082658 1745833659.14417
-0.191639071046513 -0.557947951646107  -0.06285925170392 0.593281329406575 1745833659.17443
 -0.309422590291419  -0.852367579382946 -0.0948217613912165 0.911736802042743 1745833659.22201
-0.0946942839870183   -0.79508397362689 -0.0397424875692336 0.801688841045159 1745833659.24439
  0.209576469161689  -0.869400551480228 0.00717276489093344 0.894332747860988 1745833659.27474
  0.369545973561201   -1.10985014378249 0.00478053733840606 1.16976682367323 1745833659.3219
  0.190199183577005  -0.784152919958232 -0.0128457488564425 0.806992282847899 1745833659.34498
-0.152308700845321 -0.624338306481277 0.0146637746708983 0.642815127062749 1745833659.37544
-0.237173213075409 -0.889572186586073 0.0219060210075274 0.920906988736877 1745833659.42176
 -0.063813848877632  -0.918734875562653 0.00770413040743255 0.920980636337722 1745833659.44617
 0.147674533127317 -0.990742827887907 -0.026016391921727 1.0020259334939 1745833659.47708
  0.231610458881961   -1.18416313012621 -0.0474387191891864 1.207533086707 1745833659.52162
  0.169056915757493   -1.05252625132501 -0.0341446175271781 1.06656345587114 1745833659.55025
-0.128855863944139 -0.786025010587891   0.02061758836534 0.796783681994359 1745833659.57966
 -0.129861375616279  -0.920779326813389 0.00512101543808522 0.929905785745517 1745833659.62149
-0.0297751342309775   -1.00981916426763 -0.0388617964713855 1.01100521381723 1745833659.65878
  -0.053793172388776   -0.926432325528266 0.000125238365547294 0.927992766601124 1745833659.68352
-0.0297673278261965   -1.02117224203775 -0.0111912869195329 1.0216673072078 1745833659.72137
 0.0257459020506044   -1.06351186378517 -0.0414134929077376 1.06462923747144 1745833659.76266
-0.0469814475648087  -0.748803898230721 -0.0204128254892862 0.750553940676661 1745833659.78475
-0.0528542777743972  -0.809103767136468 -0.0422261394404449 0.81192704569162 1745833659.82126
 0.0481360633533684  -0.881297601149798 -0.0638974610890915 0.884921142204874 1745833659.87387
-0.108174809807787   -0.5508118552112 0.0449462664030052 0.563130230214757 1745833659.8853
-0.142234078920876 -0.653761276688777 0.0695972424812309 0.672664936105042 1745833659.92115
 0.0992705090529718  -0.890407594357435 -0.0390359049024233 0.896774285943002 1745833659.97531
-0.0138260190888415  -0.548736645241049  0.0325627158300362 0.549875799700691 1745833659.98563
-0.105994788502376 -0.673963190456763 0.0693035379873378 0.685758162662235 1745833660.02103
 0.0765141034467081   -1.01289601040102 -0.0120191468161941 1.0158529400473 1745833660.07692
-0.00876949173907434   -0.699321954503816   0.0488310777881499 0.701079577647467 1745833660.08725
-0.0701578786723667  -0.771952839236666  0.0615586992519785 0.777574940053338 1745833660.12095
-0.00269510165512975    -1.06546359376353  0.00462312821931105 1.06547703237703 1745833660.17852
-0.00772542098977522   -0.809642435991439   0.0344223559319396 0.810410670509419 1745833660.18941
-0.0431090723167328  -0.806654719527581  0.0329053628569519 0.808475721068281 1745833660.22089
-0.0881788336181215  -0.894155117269152  0.0350337623943075 0.899175313798352 1745833660.27917
-0.0886501123164403  -0.727864501480102  0.0408252656572193 0.734378837688408 1745833660.28977
 -0.0576780370664529   -0.660939883198406 -0.00313307670770988 0.663459193418719 1745833660.32088
-0.0764033292260278  -0.641200346197101  0.0440517467836079 0.647237135117254 1745833660.37965
-0.0643179773355587  -0.537536491627132  0.0373081622309416 0.542654753050587 1745833660.39004
-0.0254066127502183  -0.479195181304659 -0.0110525925892302 0.479995497437203 1745833660.42087
-0.0321954865819579  -0.407079790689845   0.046508702506521 0.410990954588026 1745833660.48003
-0.019788223498569 -0.353398412369443 0.0351904015567425 0.35569702840507 1745833660.49031
  0.0366072549762479   -0.279237424955781 0.000264421815423261 0.281626881763314 1745833660.52086
-0.0367421884158081  -0.163078274099149  0.0646967874873099 0.179248950356531 1745833660.58018
-0.0198658774239877  -0.169377132470501  0.0401885689536109 0.175209552149115 1745833660.59046
 0.0194859303686045  -0.112176163305291 -0.0202682277657309 0.115645986324597 1745833660.62084
-0.0499106109615277  0.0448064654394986  0.0668650174443223 0.094708072462507 1745833660.68009
 -0.0332709513029626 -0.00234357570051039   0.0405947539451963 0.0525393433108862 1745833660.69036
0.0251399591819761 0.0509032199678443 -0.034944545888705 0.0666654081074584 1745833660.7208
-0.0520326860335987   0.240229808359044  0.0671604794121121 0.254810304412829 1745833660.7799
-0.0272718245009773   0.136395909159123  0.0361284346198728 0.14371103031792 1745833660.79018
 0.0493054218347965   0.187891582375869 -0.0643440520543277 0.204632422613781 1745833660.82078
-0.0726182141378305   0.468252270057906  0.0591950259198691 0.477532872724595 1745833660.87949
-0.0528416130186467   0.318921047941833  0.0126274774034849 0.323515570061635 1745833660.88988
 0.0617924691699774   0.406272415970587 -0.0640168154503928 0.415901115513183 1745833660.92076
-0.0735498306388643   0.704871630536257  0.0586603105686679 0.711122088784942 1745833660.97908
-0.0388064656991382    0.45766541673139  0.0102294380471535 0.459421611218645 1745833660.98968
  0.116315217093892   0.557197962968613 -0.0870864821026159 0.575832315026675 1745833661.02073
-0.0497360957588693   0.901157453295622  0.0503057231375427 0.903929809571505 1745833661.07794
 0.00731204437389936    0.572599616313955 -0.00205298672193978 0.57264998153348 1745833661.08811
 0.181133899213106  0.700232739127574 -0.105513028819536 0.730936644067679 1745833661.12071
-0.0279807232330141    1.01992207283393  0.0438682832845015 1.02124844274292 1745833661.17636
0.0458246209636003  0.607768043334168  -0.02202870299014 0.609891100230302 1745833661.18597
 0.224134610098894  0.765620859974564 -0.117554527144643 0.806368830948081 1745833661.22067
-0.0622956025520028    1.08611127606338  0.0556240412544211 1.08931743768969 1745833661.27525
  0.0465099810139717    0.637642923750997 0.000401826935349341 0.639337030062021 1745833661.28552
  0.242190744166039   0.858724152617756 -0.0905834196899552 0.896810393991678 1745833661.32059
-0.0479029017518932    1.11663606776651  0.0617380542782143 1.11936695644429 1745833661.37365
 0.0630233876153287   0.639271373529311 0.00114346699804572 0.642371499926124 1745833661.38508
  0.213448191948182   0.867606374313819 -0.0672920967372143 0.896007353585455 1745833661.42049
 0.120605040000331    0.8806748676368 -0.020288686391959 0.889126216549758 1745833661.46255
  -0.0119207100900555     0.779102389674485 -0.000108623463765774 0.779193588734277 1745833661.48464
-0.00155644314448406    0.947859488677149  -0.0100196330938038 0.947913722781721 1745833661.52038
 -0.0124578217498092    0.899063309286405 -0.00134794846062983 0.8991506260871 1745833661.55901
-0.0519946612518467   0.688491710580193  0.0040797494116739 0.690464281981042 1745833661.5831
-0.0288388146668934   0.808720741351326 0.00485783906634397 0.80924935175978 1745833661.62028
 0.0193047237405838   0.746669292157044 -0.0102987637598444 0.746989804979949 1745833661.65275
-0.0521448805022091   0.740761864843858 -0.0130404254721613 0.74270941940037 1745833661.67961
 -0.028862223333234   0.952523915617554 -0.0129993240396828 0.953049746962153 1745833661.72016
 0.0226366896300347    0.84260084501624 -0.0147792382062165 0.843034417815455 1745833661.74551
-0.0359646847189564   0.868378330814374  0.0338481005865339 0.86978162655244 1745833661.77552
-0.0636400953522475    1.08074230979921  0.0591176524422933 1.08422732798839 1745833661.82001
0.00471346222427017   0.888646733997455 0.00478986893324488 0.888672142814706 1745833661.84364
 0.0182984589789245   0.897964955340932 0.00884401992268669 0.898194918327775 1745833661.87381
-0.0659408503231243    1.09391851031132  0.0310086272168956 1.09634275566766 1745833661.91985
  -0.010586028201223    0.872429860394353 -0.00460995628083223 0.872506261867328 1745833661.9427
0.0240282816962034   0.85900184781388 0.0303801255686068 0.859874691393169 1745833661.97277
-0.0874566618627909    1.03036598900554  0.0425435042580368 1.03494574193921 1745833662.0197
-0.0271283085427847   0.818511700982043 -0.0125887739466393 0.819057889894475 1745833662.04167
  0.0611523562547921    0.809419492616401 -0.00555817237037428 0.811745291937689 1745833662.07163
 -0.0221662028306226    0.948413563751014 -0.00921716089758459 0.948717336465314 1745833662.11956
-0.00486659449327942    0.744689117202521  -0.0165934654992489 0.744889863079842 1745833662.14097
0.0439458771403276  0.745871557524496 0.0249601863461832 0.747581855948957 1745833662.17048
  -0.0593360858461  0.874286678835732 0.0159067198929497 0.876442235182047 1745833662.2194
-0.033122665688767  0.695351361482435 -0.016999010792961 0.6963473222938 1745833662.23993
 0.0491490664249632   0.694323906333707 0.00697769268787951 0.696096261900745 1745833662.26827
-0.00459371852743454    0.913482875799838  0.00338498740677767 0.913500697738757 1745833662.31924
-0.0240806214875323   0.771003409546623 -0.0155064374072385 0.771535212070588 1745833662.33783
-0.0294126876079789   0.767060033249119 -0.0135467505058749 0.767743261285785 1745833662.35491
 -0.143274870612537    1.14237572712901 -0.0179494251535598 1.15146522845717 1745833662.41909
-0.0739393190053721   0.883731947676402 -0.0017612184816686 0.886821447716193 1745833662.43656
-0.0451196959270995   0.909303092825773  0.0113379215268819 0.910492421740906 1745833662.45193
0.0686587517241683  0.928788221259013  0.085174371872871 0.935209205344847 1745833662.4947
0.0135140367191947  0.898306700491515 0.0155382717727435 0.898542706400805 1745833662.53592
 -0.0105499347584306    0.861820119578041 -0.00393113469877162 0.861893655535842 1745833662.55012
 -0.0479627332930216    0.983099249491801 -0.00871211205671549 0.984307095896788 1745833662.59411
-0.0374821777098009   0.792087280679656 -0.0132896511106988 0.793084982008237 1745833662.6356
-0.0642155142781752   0.735216126967518 -0.0296848239973296 0.738611924086581 1745833662.64914
0.0192757058377505  0.715312562825435 0.0587820006294536 0.717982547816753 1745833662.6848
0.00403743823144044   0.567639835892788  0.0119351861334609 0.56777965168532 1745833662.73545
-0.0466118864359826   0.492049805277993 -0.0223446780730679 0.494757479447679 1745833662.7486
0.0134068680184248  0.422113867910799 0.0509059623805224 0.42538368398255 1745833662.78138
 0.00563095495981582    0.272644496605958 -0.00253809237096569 0.272714449738475 1745833662.83543
-0.0540624316578379   0.202129697549435 -0.0479754349979532 0.21466439740075 1745833662.84841
0.0339720486805212 0.0886595852894324 0.0336841778606238 0.100743466256586 1745833662.88054
  0.0260463170358347  -0.0338044625602242 -0.00852067673437389 0.0435172868194757 1745833662.93537
-0.0244740950913385 -0.0837438355429476 -0.0507223941730939 0.1009196343267 1745833662.94842
0.0608664173383437 -0.240512768174516 0.0586771785649245 0.254939451044584 1745833662.98149
 0.0399252800812428  -0.328025549392452 0.00996618039751423 0.330596602819058 1745833663.03536
-1.15336618338041e-05    -0.349687502114854   -0.0154591294230436 0.350029047295892 1745833663.04868
0.0814134749777898 -0.574769316788404 0.0828878158739249 0.586394331017718 1745833663.09362
0.0374376614881871 -0.591933372131508 0.0344513099795502 0.594115803779019 1745833663.1355
-0.0191500518050233  -0.623356139695211   0.012490779339799 0.62377529684043 1745833663.14948
0.0559294393799098 -0.880176870900836   0.08796445085924 0.886327913851926 1745833663.19353
 0.048865908012532 -0.829056236405247 0.0465650471322344 0.831799509318651 1745833663.23613
0.00743540396962299  -0.846534248426963  0.0346885670931529 0.84727729562344 1745833663.25128
0.164796216856347 -1.36490535180159 0.135446307051554 1.38147389210245 1745833663.31788
0.0977573290866706  -1.00161597536821 0.0524737398135943 1.00774230380241 1745833663.3377
0.0772233339835555  -1.02448886311497 0.0638795020085942 1.02937916470803 1745833663.35541
-0.018289695919271   -1.4528318855468 0.0548578450336543 1.45398225016677 1745833663.41783
  0.0391776719068173    -1.01745221220827 0.000535741643980146 1.01820635488228 1745833663.4395
 -0.331872440272777  -0.817971967923461 -0.0948250667121506 0.887811494743198 1745833663.46867
-0.322776748156566 -0.905040813470538 -0.110917855396793 0.967257191156398 1745833663.51783
  -0.02333269094985  -0.804313194064768 -0.0459657495358072 0.805963385485978 1745833663.53973
 0.318194305226625 -0.839701152716147 0.0463290329536079 0.899161843633223 1745833663.56961
0.548403971420972 -1.03670428191382 0.063575281085957 1.17454012293064 1745833663.61782
 0.291137795014116 -0.623857568911193 -0.024189466267934 0.688871985387556 1745833663.63993
 -0.236051946214451  -0.453122803529826 -0.0474895922262628 0.513123823029273 1745833663.67015
 -0.433339312792824  -0.720164804956043 -0.0820266776126244 0.844481309532246 1745833663.71781
 -0.153141186674075  -0.771928905664653 -0.0339848484083965 0.787706435404659 1745833663.74014
   0.30985582281183  -0.935297173742271 0.00431929765540059 0.985296955477338 1745833663.77046
0.467702712058371  -1.2705185589392 0.004188061332527 1.3538762038434 1745833663.81777
  0.236444466213178  -0.931362524356848 -0.0191428128221788 0.961097593723935 1745833663.84092
 -0.215806214088633  -0.753098066097856 0.00214176409322217 0.78341151788382 1745833663.8713
 -0.365260323634079   -1.08287873022409 0.00114668676651085 1.14282227983337 1745833663.91773
-0.151016009246717  -1.14958195555928 -0.021987171129273 1.15966716918716 1745833663.9425
  0.171300618566657   -1.26200250810816 -0.0442030261612743 1.27434223814265 1745833663.97355
 0.270515825242754  -1.49796779879098 -0.074134215116075 1.52400204060636 1745833664.0177
  0.212148868646163   -1.43340390337637 -0.0629479778684527 1.45038489395063 1745833664.05102
-0.146362218198898  -1.03533147808614 0.0518045880447842 1.04690824993149 1745833664.07801
 -0.20234951881242  -1.14051441762627 0.0479835861514783 1.15931914894776 1745833664.11767
 -0.100275300027221   -1.22756280528234 0.00391697061875613 1.2316577931256 1745833664.15838
-0.0697702223491118   -1.16038056560826  0.0029132139046985 1.16247986123771 1745833664.18071
-0.0512769177642968   -1.31398605197979 -0.0167009262539353 1.31509223556015 1745833664.21764
 0.0747665941169455   -1.37926156206072 -0.0319517564239404 1.38165604073973 1745833664.27068
-0.138628112780293 -0.820977787897837 0.0927006068636276 0.837744402778996 1745833664.28173
 -0.14339709086571 -0.861394190226638  0.106095081808341 0.879669735189788 1745833664.3176
 0.0550930465334456   -1.00001681325305 -0.0104686940949877 1.00158797123427 1745833664.37241
-0.0785505590720171  -0.646893722088818  0.0455376692625536 0.65323453470428 1745833664.38246
-0.0802328018123169  -0.672192663528374  0.0731199499661709 0.680901466051498 1745833664.41756
0.0160784871385049 -0.767379224125628  0.033937232458832 0.768297551157934 1745833664.4737
-0.0390665959800336   -0.53029302104228  0.0441264944071416 0.533557901821609 1745833664.48403
-0.0117495033131567  -0.505948377438661   0.060435445679775 0.509680541668439 1745833664.5175
-0.0284471817376701  -0.511323168679663  0.0987200789956786 0.521542212073328 1745833664.57458
-0.030634369661927 -0.389540995684183 0.0882137498708015 0.400577480132716 1745833664.58513
 0.024830525070498 -0.322880348331606 0.0331463009897566 0.325525654262946 1745833664.61746
-0.061379172740764 -0.187199888753775 0.0789771606280619 0.212246538479752 1745833664.67484
-0.0436068334209743  -0.149807467595587  0.0594156002713675 0.166955224009356 1745833664.68545
 0.0520929318299574 -0.0536585585816739 -0.0171797836150143 0.076733691562196 1745833664.71745
-0.0902926545615189    0.18632294458851  0.0645011163389718 0.216862622775047 1745833664.77462
-0.0618886886572153  0.0911923885759077  0.0301330942748264 0.114255261972763 1745833664.78495
 0.0601548494719209   0.196761138619292 -0.0504231563832393 0.211839671179405 1745833664.81745
-0.0744001515210308    0.40810038802441   0.020069958598368 0.415312066391246 1745833664.87395
-0.0454038868984781   0.234100077788551 -0.0110195557557472 0.238716966249049 1745833664.884
 0.0901599873797126   0.345110544689451 -0.0939981420636544 0.368870928769913 1745833664.91744
-0.0461244981612337   0.530855988989513 -0.0181556682256978 0.533165245177685 1745833664.97314
0.00335401291910584   0.296028236588595 -0.0269107162472455 0.29726781344329 1745833664.98285
  0.121579935525875   0.384656925551369 -0.0950143821318108 0.414451883707864 1745833665.01739
-0.0555380618944256   0.551868417756952 -0.0396449263396359 0.556070990990382 1745833665.0723
-0.0129944530264553   0.306461097991521 -0.0296266925896086 0.308163919538651 1745833665.08218
  0.122610902780521   0.440410812194264 -0.0966344017345742 0.46726151625922 1745833665.11731
-0.0875498783430987   0.684219092151169 0.00538655462811227 0.689818644451441 1745833665.17158
-0.00781959240938512    0.422944904754401  -0.0181774662864949 0.423407556337573 1745833665.18195
 0.163956508648039  0.615918451414203 -0.105124075784568 0.645978596263131 1745833665.21718
-0.107702504024056  0.901043078531687 0.0178491149595782 0.907632662285659 1745833665.27021
0.0216472651324244   0.57520425085998 -0.037836722962056 0.576853665932367 1745833665.28153
 0.179130453088512  0.838036594318865 -0.116816460486293 0.864892558692583 1745833665.31702
 0.0737658990696929   0.881810568250892 -0.0612423976927661 0.887007281491917 1745833665.35946
 -0.019575453299185   0.821880586761449 -0.0161155182793526 0.822271614003928 1745833665.3811
 0.0225072374992791    1.01749813570599 -0.0144518612161036 1.01784963928747 1745833665.41688
  0.0158464795849267     0.97358086716461 -0.00855883583900269 0.97374743619439 1745833665.45555
-0.0214305681696458   0.778115753055308 -0.0135612441939281 0.778528934432748 1745833665.47946
 0.0070803781488588   0.925296280102005 -0.0328506208753026 0.925906313304554 1745833665.51674
 0.0399917158575339   0.865211049198394 -0.0390244173715226 0.867013495940751 1745833665.54858
-0.0490322577283529    0.86353034178174 -0.0083475860721354 0.864961557335851 1745833665.57553
 -0.0516210129441485     1.08643474905534 -0.00933192281542366 1.08770045403859 1745833665.61658
 0.0174987835399634   0.933737658395079 -0.0170020669552387 0.934056364686443 1745833665.64116
-0.0321546821664477      0.951293654101  0.0107697822601588 0.951897855932027 1745833665.67122
-0.0870631427682931    1.20173424712236   0.026123582194465 1.20516705608895 1745833665.71642
-0.000509637121999029     0.998794382374034  -0.00817917916886457 0.998828001691883 1745833665.73972
-0.00815240615482087     1.02300706757287   0.0245866008289042 1.02333495150438 1745833665.76956
-0.116625256620224   1.30702887872953 0.0450109504960909 1.31299349807197 1745833665.81627
-0.0406606299400727     1.0872794372954  -0.013459798779046 1.08812270805075 1745833665.83857
-0.00996765775653585     1.13213332263793   0.0213043314211344 1.13237762648581 1745833665.86847
-0.123547492860965   1.43332061485996 0.0236450310014061 1.43882975207834 1745833665.91612
 -0.073507958756775     1.1746881263056 -0.0130561948679809 1.17705823063618 1745833665.93731
0.0311310782777516   1.18013195991568 0.0268593647598258 1.18084800559786 1745833665.9666
-0.0836566013069241    1.56778799819936  0.0228702970165262 1.57018492055102 1745833666.01596
 -0.0550368728163235     1.25978319872053 -0.00207800995676183 1.26098655158305 1745833666.03438
  -0.0655625856091379      1.23306615832815 -0.000815781104326024 1.2348081911555 1745833666.05147
-0.249215377941773   1.83099858310478 -0.038202493919773 1.84827583073416 1745833666.11583
 -0.108731145943118    1.36157106011786 0.00032032385593931 1.36590567626609 1745833666.13298
-0.0476812041976592    1.40317138130584  0.0214920354022274 1.4041457652734 1745833666.14786
0.179806108226801  1.39328959602645 0.125366750915159 1.41042651605329 1745833666.19104
0.0639104174776166   1.24799714628137 0.0256180961790984 1.24989507777271 1745833666.23256
 0.0240158805958557    1.15905690585781 -0.0144487443431223 1.15939572180967 1745833666.24627
0.0364158130523004   1.18392720338048 0.0156880830636973 1.18459100549295 1745833666.28102
-0.0159966477820776   0.968761454076924 -0.0362120829102585 0.969569988497066 1745833666.33256
-0.0901447909143486   0.857564878396663 -0.0750941447283264 0.865553426751321 1745833666.34555
-0.0225563787332389   0.821188225580919 -0.0086744784188911 0.821543753326708 1745833666.37682
0.00522549052330289   0.623011826441003 -0.0319476346158148 0.623852300624201 1745833666.43267
-0.0752594490824798   0.525811695735812 -0.0697896557762289 0.53573549453264 1745833666.44533
0.0148970201827818  0.421731965599827 0.0305231697288041 0.423097430752437 1745833666.47487
0.0243847687242404  0.248563504672576 -0.012688210860043 0.250078834561579 1745833666.53271
-0.0497831721207573   0.172014850567057 -0.0629051922584299 0.18980130730604 1745833666.5452
0.00300457488116095  0.0376203422343712  0.0423615529653306 0.0567346348334263 1745833666.5745
 0.0167622970125226  -0.109989385657012 0.00232372102339568 0.111283598242228 1745833666.6326
-0.0484356526436675   -0.16092838916809 -0.0334140747459808 0.171348940114564 1745833666.64514
0.00434021695972224   -0.34639146324466   0.083367508932058 0.356308889641517 1745833666.67532
0.0116484724197515 -0.385857023722869 0.0171513821564346 0.386413637926848 1745833666.73241
-0.0448528684047458  -0.402687371311439 -0.0116830507426655 0.40534601576 1745833666.74517
0.0258228757618347 -0.562896356804764  0.060137388379622 0.56668830488886 1745833666.77712
0.0249127979832944 -0.532088721790485  0.011944350820787 0.532805520688852 1745833666.83226
 -0.0109377188855291   -0.531073531697228 -0.00777166861130006 0.53124300333914 1745833666.84546
0.0787258679245357 -0.759263089179217 0.0703466408793324 0.766568229679162 1745833666.89057
0.0394748570567685 -0.633364295288137 0.0276209497220364 0.635194074082117 1745833666.9323
0.00204685479372838  -0.625515342710917 0.00582949106437626 0.625545854871865 1745833666.94611
0.0315193236146582 -0.808184185744533  0.042619109022315 0.809920696304604 1745833666.99038
0.0252534414568234 -0.709700562450028 0.0225595052074061 0.710507956269669 1745833667.03262
-0.004549615162277 -0.717480889523216 0.0021324773625178 0.717498483126516 1745833667.04728
0.0270065422458646 -0.902370632962707 0.0388559525567953 0.903610478915938 1745833667.09086
 0.030719203193085 -0.785695895040905  0.016717267338997 0.786473887650588 1745833667.1334
0.0282557055047119  -0.77723178367447 0.0168245149316167 0.777927178307874 1745833667.1494
0.0494105850975038  -1.21523186213962 0.0512868115794227 1.21731681238739 1745833667.21484
0.0597191294537103 -0.837900240091026 0.0211080613125949 0.840290864534231 1745833667.23501
-0.0699305008720573  -0.828559645637194 -0.0178744423883855 0.831697575457176 1745833667.26195
 -0.138858333934677   -0.91762587023925 -0.0355702760631249 0.928754068187409 1745833667.31483
-0.0149091622380893  -0.671706828233759 -0.0245334804679901 0.672320041258901 1745833667.33617
-0.0710470556506796    -0.6037542722154 -0.0196378303885053 0.608237247887159 1745833667.36516
-0.0277554600128698  -0.711543949035278 -0.0131722331856122 0.712206897394528 1745833667.41481
 0.0383743229113944   -0.53115104172388 -0.0263967426951315 0.533189277656804 1745833667.43652
 0.0753923247528872  -0.514933684507859 0.00776990812505597 0.52048157848742 1745833667.46618
0.0939434978601781 -0.773686943801333 0.0107349836717696 0.779443460215868 1745833667.51476
 0.0709028961512505  -0.634456956280884 -0.0207406009214124 0.638743315098029 1745833667.5367
  0.0430380546877105   -0.644368131190559 -0.00243995700545615 0.645808420536233 1745833667.5669
-0.00490784492922273   -0.997643651042939 -0.00329368027937319 0.997661159782176 1745833667.61469
  0.0199180583647848    -0.84995514486681 -0.00899937469664911 0.850236123720649 1745833667.63696
  0.0345674694786363   -0.831129221725991 -0.00658040770173741 0.83187378544977 1745833667.66744
 0.0605849031335044    -1.1226111373996 -0.0233588761201279 1.12448740917581 1745833667.71463
0.0554294539694091 -0.916507186274855 -0.018899823637077 0.918376311864755 1745833667.73756
 -0.039768591807549  -0.798291284754724 -0.0133819579708422 0.799393265551341 1745833667.76798
0.00859993518950186  -0.989471373945695 -0.0288904956717652 0.989930411434766 1745833667.81456
 0.0543812899285724  -0.882064214866183 -0.0325907331562835 0.884339730945893 1745833667.83849
 0.0105600452326514  -0.797495174872541 -0.0224570319174233 0.797881185880981 1745833667.86929
 0.0401699310514013  -0.964765035606951 -0.0351077957390459 0.966238973863097 1745833667.91447
 0.0796771958194643  -0.918857601156808 -0.0413940973289084 0.923234107922239 1745833667.94099
 0.0100960238711431  -0.841368118418199 0.00873888790885807 0.841474068852077 1745833667.9714
0.0411443029873192  -1.03691059554055 0.0123520959085902 1.0378000824272 1745833668.01433
  0.0972655948766958    -1.07694868139298 -0.00878279051154421 1.08136774305042 1745833668.04956
-0.0288817734923958  -0.958933882327268  0.0286241291748295 0.959795649232861 1745833668.07557
-0.0243746465056123   -1.09515702936431  0.0309720362693664 1.09586600886651 1745833668.11418
  0.0470351185565632    -1.18389917788611 0.000512651888340737 1.18483324927561 1745833668.15511
-0.0246816708657099    -1.1010109942462  0.0207141824072358 1.10148239735392 1745833668.1773
-0.0292879283901009   -1.29271662919461  0.0105231859863847 1.29309118146748 1745833668.21402
  0.137739290433785   -1.45388090765253 -0.0726403186693749 1.46219643743997 1745833668.2674
-0.0984344555700695  -0.892126754829696   0.063928691895071 0.899814628895171 1745833668.27817
-0.19241240774797 -1.04973359912324 0.120287190090752 1.07397959565512 1745833668.31389
 0.0523801720925215   -1.34220793790339 -0.0272469574299946 1.34350594627955 1745833668.36954
-0.0719782265591209  -0.873620242712816  0.0470634346894714 0.877842901925491 1745833668.37975
-0.0872150868203214  -0.897503118992742  0.0681360844586942 0.904301302650914 1745833668.41376
-0.132532465710162  -0.77748035586696 0.0796113546158536 0.792703302635987 1745833668.47057
-0.130099966143923 -0.512276427463247 0.0734535773242408 0.533618372385065 1745833668.481
-0.00963758126845043   -0.383283422758694    0.019191797549743 0.383884605353635 1745833668.51363
 -0.101714717702303 -0.0955291455272214   0.111789834686777 0.178797842777023 1745833668.57073
-0.0924014767956508 -0.0805301177816362    0.07162992952455 0.141964712473323 1745833668.58111
  0.035654677704427  0.0347888247987633 -0.0239970912160545 0.0552935688838879 1745833668.61352
-0.0743237652958268   0.254691162717081  0.0395754751403779 0.268249564186999 1745833668.67036
-0.0642329078310052   0.133722790064259 0.00510432587344276 0.148437546374287 1745833668.68046
  0.067735820946555    0.23416735917281 -0.0652732797052158 0.252355096213148 1745833668.71343
-0.0905213708901252   0.521743661165648  0.0617378785659433 0.533124874869093 1745833668.7695
-0.0404633359183707   0.315249153194713  0.0132217082707561 0.318110238303051 1745833668.77922
 0.122521145336733  0.451329463514621 -0.082812545971395 0.474939610330918 1745833668.81336
-0.0977388573414494   0.731937469664605 0.00694487315991338 0.738467043947557 1745833668.86854
-0.0144437177909518   0.465499018324544 -0.0247138690813833 0.466378314643499 1745833668.87837
 0.170037310983464  0.616756791345299 -0.110471437636236 0.649234599609766 1745833668.91329
-0.0659811769009963    0.87778297104232 -0.0137254132396748 0.880366314056667 1745833668.96752
-0.00168879516576169    0.508122598210002  -0.0437519352103189 0.510005547690849 1745833668.97801
 0.171465274468095  0.689615192566493 -0.117611249183868 0.720279015452713 1745833669.0132
 -0.038208872568109   0.848554796762957 -0.0383041183340743 0.850277817265451 1745833669.06616
 0.0241172539302945   0.483693829296552 -0.0401783791781567 0.485958500892909 1745833669.07759
  0.147554663241005   0.652683674499657 -0.0997889151119816 0.676554643160304 1745833669.11311
 0.0381169215551982    0.68929853810268 -0.0482330506674126 0.692034537805753 1745833669.16272
-0.0167501221741845   0.467069325369868 -0.0242343646877664 0.467997463375746 1745833669.17726
 0.0354463714859929   0.621233712852228 -0.0561880427455507 0.624775853713364 1745833669.213
 0.0182464616467705    0.58898128713047 -0.0498989030696632 0.591372801606607 1745833669.25356
-0.0429753320535997   0.550437848172016 -0.0166444697367405 0.552363777087323 1745833669.27664
-0.000466267779351524     0.713967669384453   -0.0169175116604229 0.714168224253004 1745833669.31287
 0.0215514738637785   0.713781691819914 -0.0151756659146709 0.714268206235552 1745833669.34971
-0.0407620997398548   0.771191286153317 -0.0150311268357983 0.772414062137636 1745833669.37451
 0.0083713806025548    1.03710827836593 -0.0208852771492226 1.03735232966911 1745833669.41273
 0.0277401951107431   0.993259064079048 -0.0133464551045592 0.993735988411322 1745833669.44096
-0.0718131946132287    1.05544887720399  0.0179987144900813 1.0580422586244 1745833669.46969
-0.0637620024144458    1.33102419277126  0.0269834526121654 1.33282373231015 1745833669.51256
0.00536014911290714    1.11130988656585  0.0122448781941197 1.11139026998598 1745833669.53631
-0.00516373209954817     1.08980304831984   0.0438457410261427 1.09069693190296 1745833669.56653
-0.148657914684753   1.25339254757766 0.0836575200318687 1.26494689002326 1745833669.61241
-0.0525649283728341   0.954141797712629   0.016504432676164 0.95573115369077 1745833669.63521
0.0471991549646516  0.913191952133342 0.0213012951610084 0.914658978442796 1745833669.66535
-0.0660132502066171    1.04205794105348  0.0378546465387061 1.04483275024285 1745833669.7123
-0.0345236991292291    0.85953660211498 -0.0137328851607941 0.860339263495379 1745833669.73418
0.0149035466375507  0.871341294869171 0.0144864891449239 0.871589138421543 1745833669.76427
-0.092164100948319   1.04964936489878 0.0104786855794648 1.053739917431 1745833669.81225
-0.0484319825234728   0.847060599943511 -0.0245404638310302 0.848798887412594 1745833669.83347
  0.0335920984084123    0.860852076468401 -0.00190780800727483 0.861509353615404 1745833669.86296
-0.0439931257941678    1.12410026183444 -0.0137983143633963 1.12504541564004 1745833669.91222
-0.0233815131588452   0.914584071218687 -0.0248845471321417 0.915221262411728 1745833669.93171
-0.0331835385953514   0.903504042884923 -0.0128498404824175 0.904204523956573 1745833669.95053
  -0.121873319085814      1.4186959414158 -0.00999037147154871 1.42395613963942 1745833670.01216
-0.0529808669344858    1.08498020921866 0.00403089646976418 1.08628047703328 1745833670.02965
-0.0246839673368502    1.09495030259191 0.00866756987428027 1.09526279502096 1745833670.04536
-0.0500721585786102    1.48695029685472  0.0366650953166453 1.48824485068676 1745833670.1121
-0.0185813222675699    1.21893211764584   0.024908471852174 1.21932817770106 1745833670.12887
0.010265943346744  1.24228962070521 0.029729725604035 1.24268771132943 1745833670.14303
-0.0342987056801165    1.63426663572369  0.0456815804168105 1.63526470170439 1745833670.21208
-0.0308362894755693    1.18733243348741 -0.0036066118879957 1.1877382674685 1745833670.22874
 -0.0220223146700236     1.14150530209965 -0.00519118935912087 1.14172951503935 1745833670.24197
0.217942232503997 0.974013859596708 0.170889617104457 1.01262286989254 1745833670.27419
0.0788199832801718  0.853565232491287 0.0253681346015461 0.857572001720762 1745833670.32886
-0.0202866755340149   0.713860940403716 -0.0442073140398838 0.715516092099207 1745833670.34163
-0.0519536356444627   0.692362106549089 -0.0442180704325473 0.695715246774531 1745833670.37158
-0.0172011728204612   0.489476440086778 -0.0467537064011798 0.492005055673895 1745833670.42902
-0.0860726470831757   0.415545323729756 -0.0777123785240657 0.431422797758116 1745833670.44152
0.00225773979521812   0.305903847277342  0.0190447422299474 0.306504426354119 1745833670.4704
 0.0411238844889232   0.200098277151729 -0.0012699906665872 0.20428437843076 1745833670.5291
-0.0322601559732095   0.132693461175513 -0.0625809501577622 0.150215337515187 1745833670.54149
  0.0242531883780701 -0.00659764528805153    0.019023300358246 0.0315219292932579 1745833670.57036
  0.0378974231091422   -0.105588146170709 0.000384070895028595 0.112183861586829 1745833670.62903
-0.0170913090614546  -0.142669477023111 -0.0333660349343914 0.147512659818489 1745833670.64147
0.0321876228483723 -0.328300311903064 0.0861504722126246 0.340938472048457 1745833670.67094
0.0235554931773951  -0.41354539801035 0.0448150004600523 0.416632982060475 1745833670.72887
-0.0270922315330311  -0.445260043177843 0.00414367164780104 0.446102751700658 1745833670.74158
0.0472161732266795 -0.661767916892091  0.108887975037081 0.672326359701556 1745833670.77283
 0.027375031344843 -0.659062874144489 0.0582814158639113 0.662200866695165 1745833670.82887
-0.0127868564633264  -0.654920331387987  0.0410245508927894 0.656328544205964 1745833670.84202
0.0574934726719173  -0.91194397951736   0.14467530858694 0.925136890461385 1745833670.88708
 0.027632973687008 -0.726268355285572 0.0745226859079032 0.730604500286526 1745833670.92899
-0.00784730395298485   -0.716439839864301   0.0451080226596085 0.717901356756188 1745833670.94275
-0.0201329277036637   -0.86542800056957  0.0437123769652284 0.866765095540721 1745833670.987
-0.00514714743207988   -0.666641108538447   0.0246859666547336 0.667117873894664 1745833671.02925
-0.0232479623938949  -0.634586902191801  0.0141946767977737 0.635171231274094 1745833671.0438
-0.00693485540950087   -0.759765387771819   0.0113772654156846 0.759882213796291 1745833671.08739
 0.0167660728042044  -0.682213225186441 0.00360658840491643 0.682428745948238 1745833671.12992
 0.0199700311779893  -0.662464961857374 0.00245389238144783 0.662770434933364 1745833671.14563
 0.109092951657572  -1.08335254940035 0.0508449735522377 1.09001799514005 1745833671.21148
0.0697661943050216 -0.824195129070951 0.0190925743927833 0.827362954844505 1745833671.23152
0.0299139292715533 -0.859134614438264 0.0164864183985958 0.85981331164507 1745833671.25772
-0.064453573217264   -1.1697937173377  0.010826742115493 1.17161803612273 1745833671.3114
-0.000829925330342167    -0.919574804797841   -0.0117304984209692 0.919649995915971 1745833671.33305
 -0.127400065253588  -0.840298493200597 -0.0406408741923481 0.850872502174639 1745833671.36236
-0.0837278089860922   -1.02450167025311  -0.039919965246109 1.02869219010075 1745833671.41132
 0.0488817228080319  -0.863045684530699 -0.0301432292300293 0.864954270860696 1745833671.4332
   0.104147270625619   -0.831748865113207 -0.00319564048869966 0.838249987005074 1745833671.46318
  0.191718698673723   -1.09257716213115 0.00781686425600953 1.10929798431193 1745833671.51125
  0.148134847977111  -0.833616616246194 -0.0100252056678926 0.846735555421903 1745833671.53351
-0.0224978301047235  -0.724492827435052 0.00619454843041458 0.724868527247883 1745833671.56387
  -0.042087123554141   -0.998963263693545 -0.00578031024200638 0.999866161125985 1745833671.61117
0.0231424616499738 -0.905925211641092 -0.010178816992342 0.906277921464239 1745833671.63388
 0.0840223936861206  -0.906287053975634 -0.0299009756762077 0.910664622784353 1745833671.66414
  0.134675180646324   -1.22186440782278 -0.0478375591141312 1.23019448358714 1745833671.71111
 0.100123743419101  -1.05263070816447 -0.040455839893377 1.05815539820414 1745833671.73499
-0.0546585436031313  -0.976465934119121 0.00259644143503104 0.977997964411004 1745833671.76569
  -0.0824912365769018     -1.28451643845824 -0.000215272689660684 1.2871625115438 1745833671.81105
-0.00223484799953421    -1.26211971138253  -0.0263759770655977 1.26239726416531 1745833671.83892
 -0.0143899374670466    -1.18873334285513 -0.00519099348351304 1.18883176990236 1745833671.86867
 0.0404162368526856   -1.39591239047121 -0.0287888494734431 1.39679406926232 1745833671.91095
 0.0867007478945382   -1.42030645474254 -0.0384227860862557 1.42346891626035 1745833671.94908
-0.0982074449121413   -1.05630790962567  0.0506520723283598 1.06207190651343 1745833671.97316
-0.0861297722953223   -1.13563292291433   0.068163328058662 1.14093238738087 1745833672.01082
-0.0193649246749392   -1.18410678602345  0.0349203561080875 1.18477985815305 1745833672.05393
-0.0592481745964495   -1.01755642240392  0.0357600586648852 1.01990695691529 1745833672.07441
-0.046589492077158  -1.12239745391927 0.0284304733223925 1.12372368362948 1745833672.11069
0.0778707619375522  -1.17491930850657 0.0137544604690801 1.17757735297902 1745833672.16466
-0.0605718437092816  -0.666073419807264  0.0783617815212181 0.673396850027727 1745833672.17503
-0.0838004805505891  -0.729534394461691   0.113371383225231 0.743031643860138 1745833672.21054
0.0725071547188685 -0.867646787552754 0.0394901397769931 0.871566237629502 1745833672.26592
-0.0336066003872078  -0.599826389693116  0.0648223656265155 0.604254119098316 1745833672.2759
-0.0278496597932855  -0.613361496426736  0.0649766710821901 0.617421976151132 1745833672.31043
-0.00702650889149997   -0.675797133162291   0.0346333644150796 0.67672047918493 1745833672.367
-0.029369764707527 -0.484626573466827 0.0436672056734052 0.487475459526423 1745833672.37732
-0.0210368175585548  -0.466201468235331  0.0198395562484115 0.467097382426731 1745833672.41035
-0.0566020915474804  -0.530490873343658  0.0265424466520354 0.534161834037909 1745833672.46787
-0.0571198882124853   -0.42952652879895   0.033781355258911 0.434622710560103 1745833672.47853
 -0.0297690872268352   -0.380969618944074 -0.00720508269031823 0.382198851815761 1745833672.51029
-0.113417083110321 -0.288137461361205 0.0573381224536164 0.314919500297201 1745833672.56822
-0.0945970769483863  -0.237795047363908   0.047243403191964 0.260244175080137 1745833672.57894
0.00234419768355573  -0.130681328382874 -0.0348960583184631 0.135280596305818 1745833672.61025
-0.134722135182656    0.1328550028214 0.0498813450265233 0.195674868249612 1745833672.66793
-0.0975090500418712  0.0679188730025228  0.0200865986967921 0.120517465942522 1745833672.67848
0.0417415134669908  0.191427069802191 -0.068034317822962 0.207401411280646 1745833672.71017
-0.059412334236505  0.431887878284313 0.0385437539510915 0.437655784649304 1745833672.76724
-0.0248881846417807    0.25378091479413 0.00871661668623382 0.255147317945856 1745833672.77745
  0.121618262905146   0.350404127600932 -0.0717086642091479 0.377777959963913 1745833672.81008
-0.0460189765584848   0.561908435703706 0.00687463303346013 0.56383162105173 1745833672.86626
-0.00296802224108008    0.331205127228666  -0.0174218995433711 0.331676300091339 1745833672.87602
   0.13951813115043    0.45312968256122 -0.0852948349476173 0.481733356750892 1745833672.90999
-0.0586057340517552   0.679186275123352  -0.008814283107709 0.681767056967687 1745833672.96521
0.00500147865844058   0.417414574717572 -0.0292443111884626 0.418467647151259 1745833672.97492
0.169179305331406 0.570839026511436 -0.10896861920542 0.605271006667656 1745833673.00987
  -0.1092321875517  0.879764223533834 0.0271309935945818 0.886934524427169 1745833673.06424
-0.00918467750127833    0.538297282392233  -0.0235242093007179 0.538889330897254 1745833673.07461
 0.178160169365635  0.741079001141639 -0.111208295264747 0.770263861814361 1745833673.10972
-0.0799722452168641    1.00643739733515 0.00866283830545833 1.00964688853445 1745833673.1627
 0.0443610467468475   0.629551949698965 -0.0323325897628031 0.631940627115407 1745833673.17418
  0.203458558315677   0.883146846672572 -0.0977211183024505 0.911533408439802 1745833673.20957
 0.113747133643557  0.889100367321731 -0.052229888785186 0.897867381558254 1745833673.25179
-0.00483731751717337    0.754656796490983  -0.0198108431717559 0.754932281491506 1745833673.27371
 0.0276548448844376   0.895048783355763 -0.0366736489390271 0.896226573785177 1745833673.30944
  0.028521982609122   0.847129307761772 -0.0313158877576325 0.848187628055811 1745833673.34812
-0.0384249884393525    0.67619699778155 -0.0204177659192725 0.677595561312558 1745833673.3721
 0.0179625709981197   0.815557626856743 -0.0474284780354134 0.817133010720911 1745833673.40935
  0.055847447844072   0.786540974847861 -0.0440563676962359 0.789750977257962 1745833673.44172
-0.0334256153541018   0.828496603224156 -0.0343219696151984 0.829880648595948 1745833673.46843
0.000890096919571377     1.09547143260989  -0.0522436424147206 1.09671685047219 1745833673.50927
 0.0386795836411841   0.972817326196639 -0.0416527131632829 0.97447658199307 1745833673.53414
-0.0287458514438703   0.983291028417225  0.0065506678675654 0.983732932147008 1745833673.56412
-0.0676174706461013    1.20480060851769  0.0218561649403337 1.20689449438096 1745833673.60918
0.00263253060642843   0.989450212480936 -0.0176284221667048 0.989610738858492 1745833673.63255
  0.0174464314714593    0.987882578068333 -0.00421231758782149 0.988045600992932 1745833673.66246
-0.0873844580587416    1.18876097869151   0.018643258887725 1.19211420554902 1745833673.70908
-0.0346513185323801   0.974523549262431 -0.0275805408823772 0.975529368178346 1745833673.73162
 0.024421298644258  0.966919049689528 0.0239477119881139 0.967523819546288 1745833673.7616
-0.0887666593084076     1.1418581783385  0.0371730693181872 1.14590639073436 1745833673.809
-0.0533049237614237   0.942992495312639 -0.0216783288337384 0.944746638551412 1745833673.8306
 0.0148123152982815   0.929687855228545 0.00896786257074843 0.929849092811858 1745833673.86031
  -0.108957771632195     1.09037289660552 0.000217995076924037 1.09580331135329 1745833673.90895
-0.0726256481646942   0.848849899468584 -0.0173818335182007 0.85212837338961 1745833673.92978
0.0572574650031793  0.818925165669611 0.0243345846652277 0.821284978723232 1745833673.95872
-0.0291577090615803   0.949100669706268   0.023080781535881 0.94982891918014 1745833674.00892
 -0.0209676333898041    0.716760868313769 -0.00675063230897651 0.717099264420519 1745833674.02842
 -0.0264817663507019    0.709313941495771 -0.00781486554603758 0.709851127823871 1745833674.04675
 -0.116864541041961   0.863697390090874 -0.0244641160918315 0.871911116788225 1745833674.1089
 -0.0569343108143453    0.581500543157149 -0.00413316154461212 0.58429571320036 1745833674.12739
-0.0403102970752074   0.603936498084053  0.0158013004019971 0.605486494368549 1745833674.1441
0.0302639631975739  0.602947215701657  0.102793758671235 0.612395141401828 1745833674.20884
0.0238798574188021  0.355920603019778 0.0447829456771981 0.359520841492996 1745833674.2271
0.0297101392724671  0.353405183856619 0.0479552304916349 0.357879337883351 1745833674.24325
0.0886076654542824  0.282798613276778  0.122167231500214 0.320548290435238 1745833674.30876
0.0201018746625182 0.0987747952942785 0.0419026955962825 0.109162179570623 1745833674.32714
0.00224772736939512  0.0645705344988918  0.0325042347678108 0.0723251787529119 1745833674.34313
 0.0134984664120452 -0.0234850201374328  0.0493253543362935 0.056273842473512 1745833674.40871
0.00535909961880907  -0.153373834081462  0.0106858619972871 0.153839008629792 1745833674.42743
0.00127917109878179  -0.163753459309716 0.00895888459556475 0.164003333282575 1745833674.44382
  0.0410542169087607   -0.332498648932918 0.000571739122230931 0.335024069514164 1745833674.5087
 0.0468764235340088  -0.341631281670414 -0.0172053446122082 0.345261285959394 1745833674.52803
  0.0390976751911642   -0.338600923163062 -0.00554441586644249 0.340895810944535 1745833674.54536
  0.0383252450100991   -0.513941394821412 -0.00354417947523494 0.515380580662694 1745833674.60869
  0.058359095202947  -0.366048956379055 -0.0240987199048577 0.371454399301118 1745833674.62874
-0.0351801876866639  -0.356238438460795 -0.0373770480099737 0.359917371573803 1745833674.65602
-0.0788388279181799  -0.419520259226009 -0.0524849455351406 0.430078455861714 1745833674.70866
0.00801469530874991  -0.342260557105487 -0.0463490121505489 0.345477575565162 1745833674.72938
  0.049941159951985  -0.316931131529893 0.00710126303977737 0.320920378796561 1745833674.7578
0.0915061795089972 -0.427160694426551 0.0172630421837279 0.437192923520891 1745833674.80858
 0.0732863460534266  -0.332145338970073 0.00205316727164682 0.340140603593944 1745833674.82995
-0.00178345628145526   -0.318322104717689   0.0332964532174794 0.320063738753816 1745833674.85924
-0.0492268088293412  -0.524663391639074  0.0490859923192689 0.529248890292369 1745833674.90845
-0.00239072796074815   -0.447561511976819 0.000462080004699397 0.447568135707949 1745833674.92999
  0.0673959479625003   -0.464239543265908 -0.00101960778651317 0.469107244597161 1745833674.95973
  0.0991681586815022    -0.68348673477335 -0.00338531713113131 0.690651794089825 1745833675.00834
 0.0836022350057917  -0.574976624117949 -0.0150111140789476 0.581216642505983 1745833675.03016
 -0.030762490458642  -0.520342272091754 -0.0133265119874403 0.52142114156081 1745833675.06025
-0.0652369400856011  -0.757804988812745 -0.0251143971676454 0.761022333684309 1745833675.10825
-0.0189522884462647  -0.568636721771437 -0.0181403496366011 0.569241585681559 1745833675.13018
  -0.176691461987144   -0.383901301358736 -0.00967371402002503 0.42272173195499 1745833675.16044
-0.0981147346053321  -0.226967286277854 -0.0309512664792799 0.249195969236421 1745833675.2082
-0.0130820891227774 -0.0241002806387077 -0.0389017164276105 0.0475952531634719 1745833675.23002
 -0.120986302174332   0.210812984815736 -0.0277304277276691 0.24464009586063 1745833675.26016
 -0.027778740664303   0.600819638845844 -0.0198895235630347 0.601790237544038 1745833675.30811
0.000302181455693253    0.582681009675619 -0.00748927654892136 0.582729216371942 1745833675.32953
0.00862803627232988   0.629277668138827  0.0515486058804031 0.631444443634093 1745833675.35954
-0.112163601520094  0.708678862861053 0.0757629117140856 0.721489031769291 1745833675.40797
-0.0726445041186835   0.470923765898053 0.00124342250095907 0.476495501936555 1745833675.42922
  0.127249257412044   0.380203463450406 0.00603646450966922 0.400978161544214 1745833675.45891
  0.0233902448715504    0.219115680172579 -0.00695489515216467 0.220470305073542 1745833675.50786
-0.0102313327759907   0.160081571836809 -0.0219157381816593 0.161898392185234 1745833675.52906
   0.042288505531929    0.143748787401546 0.000288437872915645 0.149840297570265 1745833675.55864
-0.0234979504589569  0.0253410233553251  -0.013799737996007 0.0372122816987237 1745833675.60773
-0.00372722834642001  0.00396491974776354  -0.0118016119298254 0.012995801779604 1745833675.62904
0.00789823609348519  0.0183187417671048  0.0488754328342819 0.0527898320517949 1745833675.65849
-0.0257921804318808 -0.0565033620611391  0.0655687248479579 0.0903167989569498 1745833675.70757
0.00602554156277101 -0.0559713520011338  0.0170057274823086 0.0588072628436492 1745833675.72893
 -0.0447998972821605 -0.00189588955065006   0.0500032426630314 0.0671636022745832 1745833675.75838
-0.0658541626266285  0.0125544245627874  0.0734774738719826 0.0994651872665257 1745833675.80742
-0.00680259022256462 -0.00881523257101921   0.0293350750805636 0.0313772240486566 1745833675.82884
0.0406487708488524 0.0117877506153823 0.0432618643393914 0.0605215874065847 1745833675.85831
 0.0203063996842533 -0.0366245766891104  0.0520791010314477 0.0668277057068168 1745833675.90732
 -0.0207968237605514  -0.0590502308758699 -0.00225067386018567 0.0626458552327757 1745833675.92886
 -0.112200586887864 -0.0556889593132307  0.0213733279697972 0.127071047197528 1745833675.95846
 -0.25615617709071 -0.260069281411758 0.0188613310398295 0.365523963652658 1745833676.00727
  -0.15566608942996  -0.261400581126665 -0.0265041547160563 0.305392641412636 1745833676.02882
-0.0636457107161555  -0.239393542852076 -0.0125949824277759 0.248029591851838 1745833676.05865
 -0.0768443473959789    -0.29796755279928 -0.00778217393063643 0.307815331780261 1745833676.10725
 -0.132953612224243  -0.170648596181277 0.00228885621190133 0.216339652502434 1745833676.12879
  -0.37641348029775 -0.0685736980703245  0.0674753045846029 0.388513033173521 1745833676.15872
 -0.528609047266757 -0.0536326158647692  0.0898937459179355 0.538873703099274 1745833676.20723
 -0.314733202644427  -0.082668745912396 -0.0264504650890015 0.326482369357015 1745833676.22862
 -0.161372031976375 -0.0182198107635957  -0.131817263102321 0.209161863302639 1745833676.25856
-0.189770972343145  0.077898884394226 -0.157835586861922 0.258830698747221 1745833676.30722
 -0.176025312199122   0.108419864416454 -0.0613754764306862 0.215654182992063 1745833676.32828
  -0.303525911345967     0.17825414353642 -0.00979706488404317 0.352134208827607 1745833676.35828
 -0.498955458305303   0.146645434115768 -0.0334121664773967 0.521131274813142 1745833676.40719
 -0.350606250555668 0.00155540988248486 -0.0689701491209024 0.357329041218827 1745833676.42801
   -0.29475695872943  -0.0363403313047183 -0.00368090339054689 0.29701150389931 1745833676.45827
 -0.535899757406328  -0.311225520861423 -0.0356579901644206 0.620742593259228 1745833676.50712
 -0.421948908207134  -0.307373010467628 -0.0546396566706675 0.524885264398053 1745833676.52766
   -0.452810630518303    -0.292160076258586 -5.83579491152536e-05 0.538883086277029 1745833676.55869
 -0.679653489157725  -0.572202220175696 -0.0229584887486694 0.888747060925598 1745833676.60701
 -0.501962925549376  -0.532112838367192 -0.0339403908398831 0.732299666469705 1745833676.62716
-0.543893974641832 -0.505715318638985 0.0384926075267654 0.743673530517276 1745833676.65983
-0.693030839720749 -0.740396766529637 0.0270686595988969 1.01450077822743 1745833676.70688
-0.490668290619546 -0.603212048380064  -0.02011354594176 0.777833337843481 1745833676.72592
-0.608119576667733 -0.513676368404712 0.0158806549052785 0.796194088262539 1745833676.76238
-0.644272836021745  -0.54171775960833 0.0124138634392156 0.84184305088066 1745833676.80678
 -0.437651485905154  -0.349302559632605 0.00509832223956913 0.559979547993083 1745833676.82393
-0.580745876933933 -0.204037094472094 0.0726391669573641 0.619817197303073 1745833676.86549
 -0.569340537872112 -0.0789612502216439    0.09575824014918 0.582711907942114 1745833676.90667
-0.375362909701842 0.0155413915581269 0.0460948227189683 0.378501758929717 1745833676.92226
-0.489246290001858  0.217274550849282  0.104044104231863 0.545339654117276 1745833676.96712
-0.508997875286094  0.248390020351731 0.0700833064503567 0.570690905043269 1745833677.00661
  -0.30874651625409   0.123468695734022 0.00464853514966804 0.332551558415136 1745833677.02144
 -0.285365429349722   0.199021633463301 0.00331855465314378 0.347928227741495 1745833677.06805
  -0.393017560354718   0.0488605006850522 -0.00425989295130943 0.396066027276167 1745833677.10661
   -0.2361634001193 -0.0887120332060706  0.0103819792772531 0.252489132212016 1745833677.12105
  -0.218520402995202   -0.129967569973376 -0.00115186767716926 0.254251966696652 1745833677.16905
-0.212891417265979 -0.272122077220328 0.0134524237813149 0.345766030954192 1745833677.20661
  -0.114113622174747    -0.23001460056618 -0.00261905962548736 0.256779077638312 1745833677.22094
-0.0791028619533086  -0.298017192088525 -0.0172457563569184 0.308818596690444 1745833677.26972
0.00848897571493086   -0.33717903692996  0.0272899408469171 0.338388100448482 1745833677.3066
 0.0179004468340332  -0.186090094937979 -0.0211819619211521 0.188145223010613 1745833677.32094
 0.0530526214453668  -0.204720358239288 -0.0279340265367768 0.213319749574213 1745833677.36999
   0.133629841167231   -0.140368659749061 -0.00270759864082082 0.193823698707167 1745833677.40659
   0.106054142860461  -0.0198759977028197 -0.00852224248331483 0.108236616352757 1745833677.42108
  0.157307592677088  0.0310969791454643 -0.0131446500539498 0.160889659863134 1745833677.46961
  0.287773592631442   0.100176945713549 0.00464681544400994 0.304746868666887 1745833677.50654
  0.254599657842049   0.117101023254837 0.00339931039673298 0.280259149238329 1745833677.52159
  0.412359789836488   0.122931946048979 -0.0429355489436392 0.432430712364968 1745833677.56845
  0.509605181085432   0.134639688435968 -0.0156227415943482 0.527322819861017 1745833677.60649
  0.401224067758692  0.0679389279706809 -0.0108304696651056 0.407079537137159 1745833677.6227
   0.57766364082779 -0.0480396878973357 -0.0130236426761144 0.579804026215967 1745833677.66663
  0.682927150472094 -0.0518891456163603 -0.0272046478313349 0.685435678345063 1745833677.70643
  0.516460667448636 -0.0287998358499642   -0.03520903246088 0.518459957502319 1745833677.72465
 0.655221919630268 -0.132206939579321  -0.02421325171872 0.668865248309177 1745833677.76435
  0.801259371769902  -0.128812978962978 -0.0325213551990003 0.812198869084656 1745833677.80638
  0.595246199955608 -0.0839258076865381 -0.0314884605362786 0.60195772518041 1745833677.82676
   0.64721643298548  -0.108148780045666 -0.0221916752262808 0.656565107358868 1745833677.86229
  0.823183506038991  -0.104988704232273 -0.0374895154628904 0.830698005535501 1745833677.90633
  0.644164427459433 -0.0256224863698216 -0.0446439635349844 0.646217768938632 1745833677.92816
  0.578787602985546  0.0579705782159159 -0.0377830430092055 0.582909285950634 1745833677.96126
  0.714097800761785  0.0936904823038105 -0.0524923758662355 0.722128122324024 1745833678.00629
  0.600180490811989   0.136466789669073 -0.0545370598002213 0.617911075419073 1745833678.02856
  0.515487403049507   0.226134385244789 -0.0251985172467741 0.563470485619433 1745833678.06061
  0.635647746252971   0.249931396949005 -0.0362745811770241 0.683980705675921 1745833678.10624
   0.50937722022972   0.249020386441581 -0.0589592709307825 0.570046051631936 1745833678.12878
   0.374448098395043    0.317617717564875 -0.00418120987838051 0.491029403823062 1745833678.15991
   0.408455442205588    0.318106283220576 -0.00307634597778475 0.517722821204887 1745833678.20613
  0.376601957929644   0.215903853630808 -0.0301203343455427 0.435144508491331 1745833678.22877
    0.378850040518342     0.192327977222814 -0.000372276294821883 0.424873560736613 1745833678.25934
  0.391833310083621  0.0778168869089253 0.00444788057202994 0.399510443444057 1745833678.306
  0.329979126440604   0.031489971902257 -0.0178370791474299 0.331957834083519 1745833678.32874
 0.215648708333106 0.0603203828006943 0.0017714655783875 0.223933141980491 1745833678.35898
   0.203927092818778  -0.0477186324400102 -0.00428865150233686 0.209479640058818 1745833678.40586
  0.192816551619603 -0.0848354386205987 -0.0384369855344605 0.214132379806046 1745833678.42867
  0.123075577439847 -0.0405207863965396 -0.0372206609860364 0.134814351968117 1745833678.45875
  0.122499192451731 -0.0917795545383674 -0.0507405149458194 0.16125798783178 1745833678.50574
  0.126406326306403    -0.1109416701991 -0.0560372196271355 0.177276009376301 1745833678.5286
 0.0362379996446057 -0.0487970804223882  -0.015492469339334 0.0627245110162021 1745833678.55861
 0.0126052217924834  -0.114140326968857 -0.0240363565302743 0.117322854944149 1745833678.60559
 0.0368049179172106  -0.142923954393891 -0.0404759456131333 0.153036469169139 1745833678.62856
-0.00269589010178791  -0.0965547561594397 -0.00776297431822692 0.0969038313520947 1745833678.65857
-0.00882608024375911   -0.134924859281491  -0.0135806488859526 0.135893529532362 1745833678.70544
 0.0198274620220495  -0.137305719274914 -0.0166413307898631 0.139724452714244 1745833678.72851
-0.0434152606098688 -0.0696954821175776  0.0268536971629131 0.0863913545022988 1745833678.75858
-0.0460832456615535 -0.0589312533226962  0.0361736831394225 0.0830968922448861 1745833678.80528
-0.00656165381096589  -0.0578468763167794   0.0143166264760819 0.0599523326818847 1745833678.82841
-0.0538515620807798  0.0195800931218751   0.035023553420687 0.06715668305845 1745833678.85848
-0.0578287997565895  0.0668123888944941  0.0444935547796027 0.0989330167739888 1745833678.90514
-0.0142820182204116  0.0364907001329921  0.0116511356465887 0.0408814897294525 1745833678.92817
-0.0486186240872141   0.102448168140719   0.014519609700831 0.114325049002339 1745833678.95825
-0.0853201117695903   0.141403672801297  0.0281185629999951 0.167526635909805 1745833679.00503
 -0.0478572285041799   0.0751004892348442 -0.00266138462558338 0.0890925404932395 1745833679.02801
-0.0725359324127935  0.0987444709390792  0.0181526058697807 0.123860603631242 1745833679.0581
-0.153356640653531 0.0498348033261596 0.0341160393578246 0.164820117086956 1745833679.10494
  -0.121680941249957 -0.00534397980280033 -0.00189783606356078 0.121813018045415 1745833679.12792
-0.190204830714245   0.04400982430586 0.0250226461175028 0.196827018168719 1745833679.15807
-0.303423108479724 0.0183612464884418 0.0351378285470279 0.306002263271218 1745833679.20487
 -0.231855338289454   -0.03186800170916 0.00653975560731609 0.234126538072162 1745833679.22774
-0.267568486455704 0.0351800228635899  0.012753589766094 0.270172506011993 1745833679.25823
-0.386289754556425 0.0503986660092868  0.017817277380668 0.389970839145748 1745833679.30481
   -0.30077618946453 -0.00100168922883405  0.00213201689967001 0.300785413586122 1745833679.3274
-0.381428719742271 0.0933735696868954 0.0456284863543993 0.395333341026652 1745833679.35838
-0.538954208773951  0.111735836479975  0.069128897050892 0.554738984312901 1745833679.40472
-0.444609290281519 0.0401914940153872 0.0269949653698133 0.447237638567174 1745833679.42681
-0.521928008358204  0.119022601815907 0.0331796138611433 0.536354465281836 1745833679.45851
 -0.70055346380667  0.160746985759513 0.0566664618028769 0.720989484649776 1745833679.50464
-0.538137075513247 0.0715231974249201 0.0156413473534228 0.543094588040486 1745833679.52603
  -0.6152457421241  0.164835398786633 0.0272674874141461 0.637527683920364 1745833679.55846
-0.796803259051244  0.218143347125438 0.0439193592343086 0.82729128101614 1745833679.60461
  -0.574227476774123    0.113424493827918 -0.00990837039560744 0.585406257812805 1745833679.62528
-0.622558201019078  0.200397990359155 0.0263996238376246 0.654549469738435 1745833679.6585
-0.807156639919516  0.228666618527906 0.0270541306331173 0.839358201115271 1745833679.7046
 -0.566808180755811   0.113590321694017 -0.0073865490651487 0.578125277134078 1745833679.72332
-0.571168505030807  0.181123884744631 0.0375548146740467 0.600374622106327 1745833679.75959
-0.717899417744073  0.148066897234273 0.0220669775906257 0.733341892676157 1745833679.80457
  -0.48892686487466  0.0447542767154298 -0.0103123728132705 0.491079188638172 1745833679.82124
-0.504968685297634   0.12566474762707 0.0210699748125729 0.520796453296293 1745833679.86106
 -0.639707345459035  0.0498544034328444 0.00544890466681628 0.641670195612947 1745833679.90455
  -0.422899437019524  -0.0308675062458907 -0.00574627317995678 0.424063387276866 1745833679.91993
-0.426788349775112 0.0388630878154952 0.0131225137625843 0.4287549830215 1745833679.9627
 -0.482667651973631 -0.0540529449705964  0.0181153544913933 0.48602258094669 1745833680.00453
 -0.295109535243518 -0.0984599529175911 -0.0137668362487218 0.311405725542223 1745833680.01931
  -0.298998227274459    -0.07021308717042 -0.00663173275409109 0.307203185860095 1745833680.0648
   -0.319514162460664    -0.129577797161943 -0.000695478782395049 0.344790065432602 1745833680.10452
 -0.194507448279927 -0.0969497891714641 -0.0235500384247017 0.218602409333851 1745833680.11891
 -0.183515223029064 -0.0620435718055943 -0.0231563377623509 0.195098584988121 1745833680.1659
  -0.158021259982104  -0.0710791099437172 -0.00430452201305393 0.17332480314855 1745833680.2045
-0.0703282609611775 -0.0371757856498382 -0.0157941684626636 0.0811021521658531 1745833680.21878
-0.0416658913072809 0.00110243807458064 -0.0181542546396699 0.0454624991576618 1745833680.26621
 0.0372578740334283 -0.0153866997061012 0.00649186199378479 0.0408294498797485 1745833680.30448
  0.0765785501443008  -0.0166006142595394 -0.00919308536102209 0.0788946611276851 1745833680.31898
  0.122945991495892  -0.019300958391553 -0.0187943734886889 0.125862910718657 1745833680.36597
  0.228138563284621 -0.0527220108337723 -0.0166519912747417 0.234742632040585 1745833680.40447
  0.217367863340837 -0.0418593311496088 -0.0381970746997864 0.224633052183498 1745833680.41947
  0.329429676096851  -0.110284666047469 -0.0785365014355745 0.356166535649011 1745833680.46535
 0.424732163381332 -0.138294172200922 -0.049336184632646 0.449395981056164 1745833680.50445
  0.328521145509771 -0.0784663024128888 -0.0267685098113579 0.338820980429081 1745833680.52039
  0.420284836386754  -0.127524110272599 -0.0486559918023208 0.441892688257824 1745833680.56432
  0.555055388440413   -0.13916717507247 -0.0319405190468721 0.573126673268112 1745833680.60441
  0.431211271587686 -0.0867285370029032 -0.0282270349110926 0.440751364575091 1745833680.62185
  0.520427589846123  -0.118510456937151 -0.0225706547260853 0.534227516261809 1745833680.66238
  0.655134341811943  -0.074930315070071 -0.0201276543811262 0.659712574087196 1745833680.70434
  0.496200969913229 0.00417385134206665 -0.0142781918819506 0.49642390186339 1745833680.72377
  0.518336016582223  0.0247326485776865 0.00809149022647482 0.518988826667858 1745833680.76007
   0.640278036576153   0.0533912777944805 -0.00530264831832187 0.642522148058359 1745833680.80424
 0.513460532960339 0.0694358410635029  -0.02550527424883 0.51876157716876 1745833680.82517
  0.551144618418256  0.0586014058009371 -0.0113132528350717 0.554366760243578 1745833680.85857
   0.67498925424586  0.0262620951370043 -0.0249914414744672 0.675962101848424 1745833680.90413
  0.539948565782578  0.0434402708259731 -0.0298470128358493 0.542514843110601 1745833680.92566
  0.541935781132537  0.0363025579944405 0.00206641677222704 0.543154247582534 1745833680.95823
  0.650918401149077 -0.0221594836474747 -0.0110066069733684 0.651388480913701 1745833681.00401
  0.532103478118061  0.0126659222402344 -0.0404087719036914 0.533785917628311 1745833681.02604
  0.490397532448604  0.0326336753329993 -0.0268726165315177 0.492216247310742 1745833681.05789
  0.595322840071725 -0.0403112704325768 -0.0386641149933999 0.597937451764962 1745833681.10388
  0.497500262877782 -0.0182776373120645 -0.0360989669742891 0.499142984530269 1745833681.12624
   0.41777235565678  0.0261942932964828 0.00376052364407512 0.418609631626405 1745833681.15736
   0.503818432509323  -0.0520843724551334 -0.00708505727264302 0.506553050357761 1745833681.20373
  0.426972927327794 -0.0569956225134033 -0.0413863313964441 0.432743815765185 1745833681.22636
  0.284101163568495  0.0179063330895173 -0.0125334290910029 0.284940686372559 1745833681.25693
  0.339906564360937 -0.0486850852644173 -0.0185601499720899 0.343876706378676 1745833681.30358
   0.30704242119838 -0.0544544422604488 -0.0399651203776339 0.31438439138109 1745833681.32644
   0.21503809569818  0.0126483955318987 -0.0018077653946017 0.215417344999777 1745833681.35661
   0.264619450465917  -0.0230157139139642 -0.00834602393182824 0.265749567765075 1745833681.40343
  0.242326369257717 -0.0438586481501468 -0.0387221328137925 0.249289096883186 1745833681.4264
   0.114243457430572   0.0407496573175633 -0.00231647557086699 0.121315572768958 1745833681.45647
   0.112234228487145 -0.00262950815722398  -0.0035674539538901 0.112321694631833 1745833681.5033
  0.112196367196496 -0.0359711003086447 -0.0305014072843226 0.121705713571014 1745833681.52627
  0.0410525971185394   0.0180919844876424 -0.00771710417202868 0.0455213063265999 1745833681.55623
  0.0220625522232691  0.00797744100976614 -0.00985600717508782 0.0254467415026788 1745833681.60317
 0.0432525563700942 -0.0130208738175634  -0.027006719647842 0.0526278414307315 1745833681.62614
-0.00949021838173971   0.0582386034698409 -0.00494109302742959 0.059213288874679 1745833681.65611
 -0.0278903250049882   0.0523731025311479 -0.00739981767161146 0.0597960650811999 1745833681.70305
 0.0162312655672637 0.00141091405126673 -0.0266233126541544 0.0312129049762427 1745833681.72597
0.00841233804584248   0.047847370323963  0.0107263095399098 0.0497513014368664 1745833681.75594
-0.0463368416720474  0.0146173703828232  0.0100822160202181 0.0496227920710572 1745833681.80294
-0.0248232378791585 -0.0295484832175796 -0.0208541493784825 0.0438657217604468 1745833681.82586
 -0.0572856009310128  0.00992598662745102 -0.00178188329788342 0.0581664885706785 1745833681.85588
  -0.132792826450573  -0.0399919848195047 0.000583756863400299 0.138685379109015 1745833681.90283
-0.0840627746749596 -0.0729355516839271 -0.0109910246404857 0.111834464312839 1745833681.92575
 -0.126037917702019 -0.0138488293648927  0.0225376690976835 0.128783901563027 1745833681.95583
 -0.197954191660725 -0.0319481296542713  0.0252630589936758 0.202100883556147 1745833682.00272
 -0.150048926368377 -0.0648641762925194 -0.0114747116581362 0.163871018420119 1745833682.02565
  -0.187731276994579 -0.00496599744555348 -0.00186136839168452 0.187806171849953 1745833682.05585
 -0.261070785548799 0.00444827447747275 0.00539737411282149 0.261164457497968 1745833682.10264
 -0.204249871549987 -0.0221793026221387 -0.0150283330616407 0.205999471571172 1745833682.12551
-0.285151131867727 0.0539359479698151 0.0357291003490843 0.292398397910459 1745833682.15604
-0.409967610615544  0.072068375888925 0.0480421242851199 0.419017109749605 1745833682.20256
   -0.32868099928857   0.0253202771848057 0.000247060750749782 0.329654935908842 1745833682.22509
-0.420697139700106  0.131907331512771 0.0329533153496556 0.4421216444048 1745833682.25623
-0.606877862468395  0.168714963749015 0.0514688842374538 0.631992503904665 1745833682.30246
-0.475972721048059 0.0837092650295852 0.0242147590247436 0.483883898046125 1745833682.32439
-0.510834514489887  0.133446642489451 0.0402423709256223 0.529508598611525 1745833682.3562
-0.685007180193625  0.167450189228788  0.062162901492546 0.707911455700182 1745833682.40239
 -0.518958992619926  0.0722080085740272 0.00780960311761927 0.524016624186838 1745833682.42372
-0.520157930085287  0.121358910880178 0.0259513949984442 0.534757638919724 1745833682.45621
 -0.68441874072732   0.12625631091016 0.0230928242393755 0.696349730548353 1745833682.50236
 -0.490477835038292  0.0439718150355362 -0.0206146371390445 0.492876242525183 1745833682.52314
-0.532928550914282 0.0972414510972285 0.0120066095429282 0.541860589878806 1745833682.5563
   -0.685327757407494     0.075719998481816 -0.000198099150216308 0.689498145382963 1745833682.60235
  -0.491195580189324   0.0238195202717103 -0.00816000868013718 0.491840475444184 1745833682.62163
-0.553559774838094  0.121177837341521 0.0371768229085876 0.567886087823206 1745833682.65752
-0.661172515400367  0.114866019424202 0.0171202117108243 0.671294569610267 1745833682.70234
 -0.445522415168605  0.0535222534119406 -0.0176928935393906 0.449074484367298 1745833682.71978
-0.479573477914256  0.150164245932285 0.0272730818670984 0.50327312909564 1745833682.75905
 -0.590217311205823   0.111364167769416 0.00568883448077487 0.600658651105397 1745833682.8023
 -0.388923874990935  0.0273818088541685 -0.0107675306280983 0.390035233933959 1745833682.81818
 -0.429656479467901   0.134647359490566 0.00694773654768588 0.450314193435726 1745833682.86048
-0.498470919030394 0.0742016847336339 0.0144168593529538 0.504169607344511 1745833682.90222
  -0.307081831697267 0.000238851011855334   0.0013589596226749 0.307084931541113 1745833682.91726
-0.310221566635006 0.0736644176200873 0.0113452077045573 0.319049495480942 1745833682.96143
-0.391962435488836 0.0130983671886677 0.0263906997097672 0.393068171044821 1745833683.0021
 -0.240590608706028 -0.0176263884627656 -0.0173988680964804 0.24186204989377 1745833683.01664
 -0.238230818429891  0.0488058341029892 -0.0123259727157698 0.243490989352079 1745833683.06224
 -0.280984766701599 0.00838616871704106  0.0217478891955473 0.281949884959304 1745833683.10195
  -0.16412573261965 -0.0113505499604202 -0.0182562230256838 0.165527583113826 1745833683.11616
-0.158201317026893 0.0453582903246257 -0.014324299630732 0.165197508365373 1745833683.16266
-0.172249223004255 0.0066220024024241 0.0106094539235693 0.172702652712527 1745833683.20183
-0.0966499377534775  -0.017501373006967 -0.0175456473949866 0.0997765416688174 1745833683.21592
 -0.085363470457795  0.0235369478916186 -0.0153405623517826 0.0898679189584388 1745833683.26304
-0.077691081653329 -0.027274532187456 -0.013824781793262 0.0834920886440153 1745833683.30173
-0.0249385965906174 -0.0493159700907038 -0.0307564817090834 0.0632452343897778 1745833683.31583
-0.00674687022161159  -0.0640969695105754  -0.0519573018334078 0.0827858863094112 1745833683.3634
 0.0648753293679112    -0.1320797447066 -0.0418590792843403 0.152990358653375 1745833683.40163
 0.0966801133310461 -0.0980697017815285 -0.0298583632283419 0.140912144884312 1745833683.41589
  0.139313578279949  -0.130432137134142 -0.0452531946291676 0.196134308866879 1745833683.46331
  0.25596691138458 -0.155061490386782 0.0003842904609795 0.299271236846928 1745833683.50147
  0.230024586280576 -0.0697320611583771   0.004851680411535 0.24041091790882 1745833683.51623
   0.316793249205316   -0.109658205145887 -0.00805095348469952 0.335332227126907 1745833683.56266
 0.440687561470706 -0.108620455268791 0.0340450153588207 0.455151615627781 1745833683.60133
   0.351585103849462  -0.0560908979310084 -0.00133715871883885 0.356033793442397 1745833683.61692
  0.476413232433946 -0.0970579722518517 -0.0294490262468381 0.487090405533397 1745833683.66144
  0.556457237332472 -0.0859779691865169 0.00823053288091217 0.56312042214488 1745833683.70123
   0.430197557368172  -0.0377257514828541 -0.00305472177016063 0.431859354437971 1745833683.71833
 0.556513106791256  -0.10008688631702 0.0240204912455146 0.565951594080949 1745833683.75937
  0.715360354552144 -0.0638239123436775   0.008664085489019 0.718254129837889 1745833683.80118
  0.565282362979762 -0.0164026524245286  -0.029428365352244 0.566285462986512 1745833683.82057
  0.659293950670981 -0.0579476698999935 -0.0291720335630314 0.66247826634569 1745833683.85689
  0.811246716868621 -0.0513405922605999 -0.0328399259042374 0.813532760727669 1745833683.90116
  0.637750816283803 0.00323609409322294 -0.0126064476079718 0.637883608895016 1745833683.92215
   0.670203434225115 -0.00721542161818119     0.01755149025734 0.670472042941777 1745833683.95564
  0.837777381257602  -0.022379291551651 0.00863126695005339 0.838120678665288 1745833684.00113
  0.666020092711353  0.0349243080576517 -0.0167945931190804 0.667146557771664 1745833684.0229
  0.583956723346119   0.081476546494015 0.00933276624097623 0.58968719071677 1745833684.05545
  0.714384550369678  0.0469779131102504 0.00407681905016143 0.71593912491262 1745833684.10111
  0.592450945533669  0.0990923765644669 -0.0250577635761376 0.60120322144211 1745833684.12339
 0.49824703947157 0.157433666583493 0.012882334037901 0.522686738158115 1745833684.15505
   0.59809993062228   0.123968527894583 0.00704369397194413 0.610852958201478 1745833684.20111
  0.491234856539257   0.122506664195104 -0.0317391671280405 0.507274030265041 1745833684.22367
  0.360750399511047   0.177959369999462 -0.0313731733484525 0.403478207743538 1745833684.25461
0.402800920855363 0.130166157869386 -0.04738792997428 0.425954723419818 1745833684.3011
 0.338900673270465  0.115601404507057 -0.049471944873272 0.361475897393897 1745833684.32377
  0.191044087466174   0.184200484887272 -0.0177317276617601 0.265973826070086 1745833684.35438
  0.175455526544121   0.151912332957903 -0.0414787699796104 0.235759383818776 1745833684.40108
 0.197497477559412 0.0725939992411069 -0.049134837100863 0.216077242172971 1745833684.42373
 0.186948707491274 0.0861416739933362 -0.019225429227346 0.206736122533068 1745833684.45421
  0.191016994441715  0.0129504763462323 -0.0336828896502072 0.194395843726991 1745833684.50101
  0.160859043893341 -0.0100646282887486 -0.0454766614193879 0.167466580184597 1745833684.52365
 0.0488640095617976  0.0364726820516712 -0.0190466343179654 0.063880531035207 1745833684.55407
0.00934494268011717 -0.0462485397671983 -0.0383015670120203 0.0607722421823408 1745833684.60091
 0.0515703998188201 -0.0962487487929643 -0.0482501913026046 0.119379264290002 1745833684.62355
 0.0697679801971357 -0.0817800859793032 -0.0167021566948176 0.108786559656184 1745833684.65384
 0.0745057221601974  -0.170039901902238 -0.0297817845767394 0.188020279667142 1745833684.70077
 0.0629526731924885  -0.126371842086519 -0.0397515792172457 0.146673343129164 1745833684.72345
-0.0576461955515425 -0.0341286002353439  0.0263456268270848 0.0719856740504845 1745833684.75368
-0.0916334624613717 -0.0632686694778026  0.0219528832266378 0.11349689450427 1745833684.80061
-0.0284486148453386 -0.0949447944154558 -0.0150605013366866 0.100252961919955 1745833684.82335
-0.00515418760547688  -0.0581899623749223   0.0160000823950316 0.0605692992176327 1745833684.85353
-0.0143813269448707 -0.0772052174093249  0.0154726641662662 0.080042935330474 1745833684.90046
 -0.0175493414262234  -0.0584551659097811 -0.00200663224835799 0.0610656399214349 1745833684.92326
-0.141146859411912 0.0425755564294772 0.0460785964811091 0.154461487047078 1745833684.95343
-0.225414998304841 0.0449054070002796 0.0524438728918755 0.235751515037616 1745833685.0003
 -0.136534694980989 -0.0167530912769087 0.00826507663404629 0.137806750533676 1745833685.0231
-0.140944732080203 0.0269578919284259 0.0247239007388685 0.145613930329932 1745833685.05345
-0.212708665436916   0.01890196021481 0.0344731811502319 0.216311489917972 1745833685.10017
 -0.177281439449957 0.00398443240494934  0.0111596816347749 0.177677018686233 1745833685.12292
-0.288104769328244 0.0856926026934165 0.0117635049197434 0.300808843477131 1745833685.15344
-0.434024155089519 0.0640858079327717 0.0148839081227972 0.438982333016461 1745833685.20007
-0.332597631160726 -0.005335344934162 -0.013739815370426 0.33292406444369 1745833685.2225
 -0.379247092259781   0.036969979907499 -0.0142885015544798 0.381312598373739 1745833685.25353
 -0.548043770127385 0.00442455254598351 -0.0179319081945558 0.548354906946376 1745833685.3
 -0.457620802097767 -0.0228453206631799 -0.0177904826892782 0.458535940208753 1745833685.32187
-0.548755601569948 0.0532428815275851 0.0165213473735747 0.551579975712312 1745833685.3534
-0.723474097894009 0.0890948538623187 0.0186822371250003 0.729178777318905 1745833685.39992
 -0.536929182335194  0.0155611114121386 -0.0131690247791927 0.537316032000866 1745833685.42119
 -0.552117597525472  0.0739972231125861 0.00172152393091372 0.557056903888927 1745833685.45338
-0.714034140356469  0.126519173633189 0.0118815775603267 0.725253767157916 1745833685.49983
  -0.533528164517635   0.0755272168634406 -0.00149058347978537 0.538849593727047 1745833685.52043
-0.643809565401116  0.187617172701219 0.0483463695125528 0.67233052246601 1745833685.55334
-0.814571533285107  0.232857992049835 0.0446850098448627 0.848378675713132 1745833685.59974
  -0.574680399205648    0.128438099789574 -0.00835303643825398 0.588917379541866 1745833685.61845
-0.592055271063451  0.210691484294428 0.0223292891773264 0.628823459091159 1745833685.65387
  -0.782447177958219    0.179715764053662 -0.00588372928757293 0.802842425644348 1745833685.69967
  -0.52133869089143  0.0646432018142253 -0.0240923185086853 0.525883270291334 1745833685.71621
 -0.50809451170632  0.140254704713841 0.0127632693924823 0.5272516629334 1745833685.75302
 -0.677249345550961   0.100355419997435 0.00705315733398285 0.684680679879639 1745833685.79961
 -0.440686010163923  0.0108336815570909 -0.0226479178840948 0.441400562295476 1745833685.81483
 -0.401898784886011  0.0800716027340399 -0.0126980957229258 0.409994312755968 1745833685.84932
  -0.577063227579845   0.0251737034259256 -0.00929991276724086 0.577686915505729 1745833685.89959
 -0.326739140928417 -0.0409844655902498  -0.031335856440325 0.330787134775836 1745833685.91414
   -0.2823553986588  0.0145668643432683 -0.0259953013263294 0.283923441053414 1745833685.95002
 -0.340762051487286 -0.0429322274585338 -0.0215842828657347 0.344133452537244 1745833685.99956
 -0.188757696181235  -0.051286334620315 -0.0305504176305272 0.197972432433998 1745833686.01372
 -0.162242076030229 0.00171400354678911  -0.030931880783114 0.165173273538844 1745833686.05397
  -0.155873612669635  -0.0250428186179061 -0.00734434991895449 0.158043238915003 1745833686.09948
-0.0572961135808379 -0.0120287834590567 -0.0156200862642496 0.0605930966189693 1745833686.11346
 -0.0239196508116518   0.0358652433785682 -0.00642698921532549 0.043586369061086 1745833686.15358
0.0213388914205621 0.0347039378686449 0.0331685874866608 0.0525344342932288 1745833686.19934
0.0552215494378439 0.0382743867740129 0.0181295581319486 0.0695918751242031 1745833686.21343
0.0910556676584065 0.0751126556375263 0.0216687267544651 0.120010746888766 1745833686.24943
 0.199400122113018 0.0342862171520112 0.0422298970523518 0.206686520098273 1745833686.29922
  0.201007971577759  0.0066220374212962 0.00813506973820428 0.201281482946295 1745833686.31393
  0.283131587647924 -0.0265303999723813 -0.0046436850292401 0.284409778062182 1745833686.3547
  0.462813189189295  -0.162760747584615 -0.0158549707139194 0.490854855469729 1745833686.3992
  0.368956657140196  -0.105735674865099 -0.0276803204796252 0.384805467644498 1745833686.41497
  0.534397771863624  -0.198261066675689 -0.0423981211374697 0.571564545618581 1745833686.45708
  0.615983354808636  -0.274941098691666 -0.0281855088033054 0.67514629826252 1745833686.49917
  0.458652880921719  -0.161324042392626 -0.0281490304317211 0.487011580710291 1745833686.51667
  0.52711804273547 -0.208212357903988 0.0156240019133025 0.566965542512945 1745833686.55576
   0.685643783499141   -0.208185682494153 -0.00909574016163498 0.716611058200794 1745833686.59912
   0.52458174725479 -0.0910340783281513 -0.0318165276146579 0.533371825652048 1745833686.61866
  0.527076252025546 -0.0434631375731867 -0.0214858892261427 0.529301486123779 1745833686.65391
  0.702886230376473  0.0096953908144935 -0.0283127360392362 0.703523037631265 1745833686.69904
  0.566298850471821  0.0680383347590779 -0.0160175363707227 0.570596323607051 1745833686.71985
 0.569586169233684 0.0981212554683307 0.0169967413962751 0.578225798607323 1745833686.7527
 0.703925054813715  0.117896976209581 0.0142936219051249 0.713872879034511 1745833686.79891
   0.572680879076808    0.134298559570124 -0.00224204341128581 0.588221488150046 1745833686.82021
  0.56730474245236  0.123909007770381 0.0479949837059046 0.582659104002081 1745833686.85222
 0.669924137511351 0.0683932632537209  0.044972990815094 0.674906333043094 1745833686.89876
  0.545159823306377   0.083559111890102 0.00469461531532436 0.551546369347366 1745833686.92051
 0.457536124258862  0.101687519159794 0.0268989348905497 0.469471201729073 1745833686.95191
  0.522102024818014 0.00317090867087255  0.0127268041892974 0.522266742695476 1745833686.99864
  0.451673834707435 -0.0142868351542915 -0.0106891995210724 0.452026133762691 1745833687.0209
   0.405566095361869  0.00996604893640033 -0.00533315587906239 0.405723578794856 1745833687.05177
  0.472058506549199  -0.113185336160805 -0.0161261510681527 0.48570588495052 1745833687.09857
  0.390258333300511 -0.0891105698080536 -0.0362296389847346 0.401938859906544 1745833687.12105
   0.259641229755622  -0.0379349216116346 -0.00614221281354256 0.262469718719968 1745833687.15164
   0.29824037606457   -0.14000713515646 -0.0189000813748437 0.330009898163421 1745833687.19849
  0.270019233640873  -0.125994307270428 -0.0423091015295695 0.300956827589605 1745833687.2212
  0.165686419353085 -0.0550309666659304 -0.0109278232322409 0.174928025687219 1745833687.25145
    0.2002583447989  -0.116762316925327 -0.0240045530437072 0.233051629220209 1745833687.2984
  0.189295112562051 -0.0991946782477047 -0.0425995903812171 0.217915003919401 1745833687.32116
  0.043259848516463 -0.0156767254221885 0.00228748363339259 0.0460695864427179 1745833687.35124
  0.0466132241843758   -0.026263167575282 -0.00259591693313142 0.0535657112775882 1745833687.39829
 0.0739955740257291 -0.0310385916378615 -0.0316186172726563 0.0862466005387679 1745833687.4211
 0.0154929571875366  0.0374473378362253 0.00676465776117855 0.0410864384932682 1745833687.45106
0.00225153778719407  0.0435999597380733 0.00656233753172702 0.0441485015085347 1745833687.49815
  0.041415045306063  0.0164635929463711 -0.0131684431338898 0.0464721827008108 1745833687.52095
0.0151955737791527 0.0577350060919428 0.0100002782930208 0.0605329823885476 1745833687.55085
-0.00716304945644625   0.0463816565899163  0.00928520332513716 0.047841220159289 1745833687.598
 0.0204677989033951  0.0209218592357517 -0.0110534827459893 0.031286330348034 1745833687.6208
-0.0230601294014771  0.0671068498089142  0.0144183218705274 0.0724084723278372 1745833687.65069
-0.0815509018425322  0.0393680819511829  0.0202262461346952 0.0927873725274439 1745833687.69784
  -0.042949922932866 -0.00538107727651685 -0.00592321376143642 0.0436890871254899 1745833687.72064
-0.0541389821834311  0.0275929614353735  0.0165873008506563 0.0629884073631177 1745833687.75055
  -0.108371432847288 -0.00608880134530366   0.0193477072289427 0.110253230039821 1745833687.7977
-0.0827420319046008 -0.0276508684184187 -0.0139753432425372 0.0883522755040379 1745833687.82051
-0.157239984769202 0.0333134841996571 0.0210901706211294 0.162107977399534 1745833687.85058
 -0.266926210923923 -0.0133622581149078  0.0256106758468471 0.268484745818947 1745833687.89758
 -0.181437952255895 -0.0567286633278505 -0.0068157964027653 0.190221783301443 1745833687.92033
 -0.233659989578494  0.0217516880619993 0.00563236337084103 0.234737832870012 1745833687.95058
 -0.327217160901317  0.0286060397804362 0.00928940008137973 0.328596513758302 1745833687.99746
 -0.260116695451228  0.0124915022711195 -0.0065726024796595 0.26049938960545 1745833688.02006
-0.356358959217411 0.0997056105686492 0.0237919385768286 0.370808539457531 1745833688.05064
-0.534619714836104   0.12507013058902 0.0351851120990891 0.550180669571748 1745833688.09736
 -0.43358083847351 0.0593809183802097 0.0101754142376222 0.437746474587719 1745833688.11929
-0.483672301096376  0.115442252018858 0.0212916045890478 0.497713914638746 1745833688.15048
-0.651841059008726     0.135736051292 0.0392740039713123 0.666980876201036 1745833688.19726
-0.502206789765971 0.0672503676074125 0.0101928371976577 0.506792033836871 1745833688.21857
-0.568704249346331   0.12811905498695 0.0272211602651349 0.583592329491661 1745833688.25037
 -0.75000672316347   0.15366631987436 0.0355117113926544 0.766410141047318 1745833688.29716
  -0.551724930576637   0.0683798151658304 -0.00362167821007663 0.555958015226838 1745833688.31787
   -0.5777038799964   0.138717178386151 0.00859114126616414 0.594186869806601 1745833688.35035
   -0.769160356474571     0.144413491534332 -0.000456478086752284 0.782600229287897 1745833688.39709
 -0.541750119537345  0.0573038848220479 -0.0148986191927913 0.544976050930936 1745833688.41646
-0.552380335056385  0.115898191919153 0.0565943642515422 0.56723835158791 1745833688.45064
-0.709500601083357 0.0849627898810138 0.0438901899802252 0.715916285174818 1745833688.49698
 -0.500764445337208  0.0272060381021889 -0.0022141336379949 0.501507827068398 1745833688.5143
-0.511733779248589  0.106103491893751 0.0349063315667522 0.523782267549732 1745833688.55055
 -0.681692310204304  0.0315398823310089 0.00519320564769971 0.68244130835848 1745833688.5969
  -0.44379617601236 -0.0489156416507791 -0.0285417394766454 0.447395146077439 1745833688.61267
 -0.439348605741691  0.0139774994563184 -0.0120616069946282 0.439736341711158 1745833688.65122
 -0.558510554183256 -0.0732936817760366  -0.022740296941507 0.563758036774078 1745833688.69686
 -0.353132533105572  -0.101517201763168 -0.0447589800203968 0.370150907717174 1745833688.7118
 -0.357268838413878 -0.0532401050004064 -0.0489010058033859 0.36450903973789 1745833688.75539
 -0.400795446198311  -0.155930788781409 -0.0230741439529296 0.430678321607271 1745833688.7968
 -0.229934570812777  -0.139956078906477 -0.0275672549627265 0.270587443211824 1745833688.81129
 -0.213040698008904  -0.121631608201193 -0.0236257929973559 0.24645235891848 1745833688.85758
 -0.163056453693442  -0.155138155138698 0.00985565474761019 0.225282907033411 1745833688.89671
-0.0652302191036688 -0.0958875552351873 -0.0154444353665806 0.116995449984545 1745833688.91109
-0.0293393215304957 -0.0765989265314169 -0.0212042659743887 0.0847219701680021 1745833688.9581
   0.10648443786217 -0.0751054079621717 0.00604539612335286 0.130446558506826 1745833688.99662
   0.132718488744638 -0.00210381168635097  -0.0108581915231379 0.133178540318722 1745833689.01128
  0.215875322815173  0.0123167017529652 -0.0243503885814068 0.217593192831698 1745833689.05754
  0.337981996282436  0.0386270157374346 -0.0253348304497809 0.341124214604826 1745833689.09659
 0.288592935233606 0.0663265691000979  -0.03551903472763 0.298239329839847 1745833689.11198
   0.43227309510651  0.0372237636901694 -0.0549678239452973 0.437340941378125 1745833689.1562
  0.523562000233318  0.0468191978229878 -0.0578103785073905 0.528820617257184 1745833689.19658
  0.411858191643726  0.0372509349496924 -0.0361606400639468 0.415117325666492 1745833689.21335
  0.520535708078153 -0.0269069382921409 -0.0103052096613608 0.521332527336293 1745833689.25421
   0.660399777068142  -0.0519345673424391 -0.00569805232824899 0.662463231158555 1745833689.29651
   0.518292900546669  -0.0135633863825632 -0.00856210593193515 0.518541035854667 1745833689.31544
  0.613970259408473 -0.0633350005115589  0.0224268933600511 0.617635626622761 1745833689.35185
  0.737473299105766 -0.0890177748258885  0.0238717480332876 0.743209856960374 1745833689.39642
  0.590791171585906  -0.041114498802881 -0.0021783285534838 0.592224075457041 1745833689.41712
 0.634171049072359 -0.042680132804143 0.0278250471551462 0.636214387189493 1745833689.45036
  0.796632467042318 -0.0673209511966661  0.0291339083193954 0.800002614139427 1745833689.49632
   0.636029384394467 -0.00451130492787733 -0.00923729908980797 0.63611245655138 1745833689.51776
   0.611047137700681   0.0284828378901636 -0.00778843831900469 0.611760195107463 1745833689.55025
  0.755486965188869 -0.0162440207801455 -0.0199342649557075 0.755924465605339 1745833689.59629
  0.621618433457057 0.00667136492882139 -0.0313799491638412 0.622445728664873 1745833689.61829
  0.557438533038448  0.0231902003506535 0.00731190793799819 0.557968607993366 1745833689.65013
  0.671486998056686 -0.0632393446865335  -0.013929179915554 0.674602123720851 1745833689.69629
  0.526524637188001  -0.010464713634194 -0.0479689998115909 0.52880878277533 1745833689.71862
  0.362049548682784  0.0596835913504396 -0.0274367184462127 0.367960297174832 1745833689.74984
  0.406076447631335 -0.0157628821344563 -0.0430351570168306 0.408654590716331 1745833689.79626
  0.351478441501346 -0.0108522420678533 -0.0529953930616663 0.355616897354267 1745833689.81876
  0.209848725072858  0.0735116931867887 -0.0164995946676907 0.222963434387997 1745833689.84957
  0.211884152146148  0.0229858968026427 -0.0284840675483468 0.215022295324491 1745833689.8962
    0.19634240542216 0.000117503877267181  -0.0434642927705358 0.201095745156788 1745833689.91879
  0.0973141744523767   0.0654699801399532 -0.00985326765117882 0.117700695547134 1745833689.94942
 0.0858226166735447  0.0364610459766819 -0.0181107711146622 0.0949891016736951 1745833689.99608
   0.114747776400972 -0.00459698993721222  -0.0284612588256924 0.118314106341524 1745833690.01872
 0.048113020829583 0.0359011412721036 0.0279388737324162 0.0662143140372483 1745833690.04912
0.0334958445084787 0.0123975077343255 0.0301863454941842 0.0467641449366189 1745833690.09594
  0.0618244828413598  -0.0142333733083501 -0.00854873924577371 0.064015127407736 1745833690.11857
0.0144359900799238 0.0356751001468261 0.0236838633197376 0.0451888920180805 1745833690.14892
2.68302507466928e-05   0.0188780214994412   0.0280012241406171 0.0337705340344034 1745833690.1958
  0.0266983472151726 -0.00416815144361523  -0.0162513644260914 0.0315322386802532 1745833690.2185
-0.0166404411691907  0.0328053203222308 0.00484332254626208 0.037101901528582 1745833690.2488
 -0.0579835728870915 -0.00524791451395346 -0.00284577854067991 0.0582900830931044 1745833690.29568
-0.0266138099293731 -0.0279953979807965 -0.0292474069732299 0.0484504695716948 1745833690.31838
-0.0752202826601145  0.0289486605563749  0.0122764467448577 0.0815280750180885 1745833690.34867
   -0.1406422027487 -0.0131973634424891  0.0117479499870857 0.141747712238113 1745833690.39554
-0.0837219358300328 -0.0491476219836028 -0.0187843517802783 0.0988822691769181 1745833690.41818
 -0.153336735305563 0.00778818235159003  0.0174704458658465 0.154525165126142 1745833690.44857
 -0.254653437863177 -0.0371060874781198   0.016122315701659 0.257847172191306 1745833690.49539
  -0.200159959146506  -0.0653071478629867 -0.00750316080727485 0.210678262356677 1745833690.51797
  -0.260403564784465 -0.00981793259232685   0.0323891658950221 0.262593728828812 1745833690.5486
 -0.354449492080933 -0.0247342325004278  0.0402905409545814 0.357588523843019 1745833690.59526
  -0.296423436611648  -0.0303138969644894 -0.00581581559330888 0.298026189843861 1745833690.61757
 -0.401682849995966   0.063689509966961 0.00585955069398668 0.406742916342803 1745833690.6487
-0.539365943268719 0.0972749030949305 0.0242760234455716 0.54860491507515 1745833690.69515
 -0.440036991079774  0.0479605250560137 0.00276885806057418 0.442651592177357 1745833690.71685
-0.519402917812022  0.115192572491613 0.0437801039158489 0.533821521941332 1745833690.74849
-0.704750425171347  0.126005224473021 0.0644699566799083 0.718823242312044 1745833690.79504
-0.533685463962089 0.0507871640036737 0.0150219806737621 0.536306974013325 1745833690.81618
-0.548332181365738  0.111175260507236 0.0396330831702841 0.560891166762094 1745833690.84849
-0.697111878341352  0.145087513759127 0.0558598357459961 0.714237830713959 1745833690.89494
 -0.524991523402372  0.0942757643508604 0.00503546082660562 0.533412950024667 1745833690.91543
-0.591397674604618  0.184245996187516  0.021869000921436 0.619819368719776 1745833690.94847
 -0.778378950673628   0.196297520926096 0.00466423050832902 0.802762893150738 1745833690.9949
  -0.55519311046768   0.105355633353032 -0.0207644955710079 0.565482416761401 1745833691.01345
-0.596950871012919  0.202978678904922 0.0170370866221672 0.630746342687487 1745833691.04883
  -0.783293500529442    0.182286017005662 -0.00902513007525762 0.804275048065232 1745833691.09487
 -0.521052832276126  0.0613972488662566 -0.0238990082220058 0.525201712473706 1745833691.11131
   -0.502497083129009     0.140786379142919 -0.000814558273254742 0.521847474469807 1745833691.14741
  -0.684932513762969   0.0594268301070211 0.000284867293051288 0.687505765572626 1745833691.19484
 -0.432141745065165 -0.0322677549963439  -0.019243441854399 0.433771836216776 1745833691.21012
  -0.411245429062943   0.0276724202505203 -0.00586511852884416 0.412217133781509 1745833691.24812
 -0.541502051262316  -0.105152286212274 0.00523062854923979 0.551641943920134 1745833691.29484
 -0.308823034099079  -0.133334603214221 -0.0294145483031392 0.337661070389129 1745833691.3095
 -0.279166714865071  -0.104528716343032 -0.0301936726872808 0.299619700786221 1745833691.35372
 -0.247659878312747  -0.183470984744539 -0.0125644157060817 0.308471849787061 1745833691.39481
 -0.122298646832108  -0.135371549380885 -0.0202729718432477 0.183557644313995 1745833691.4093
 -0.083835853983955  -0.129139769775194 -0.0278901983585558 0.156471702602383 1745833691.45555
  0.0476283426427592   -0.165307658937629 0.000274286726003058 0.172032428220797 1745833691.49474
 0.0976700591325777 -0.0894270985725949 -0.0194451143573023 0.133846026771221 1745833691.50945
  0.176385759403606 -0.0972639562569767 -0.0319435465122091 0.203942647503958 1745833691.55547
  0.313727688995043 -0.0913723977296847 -0.0104958740729495 0.326931401492113 1745833691.59466
  0.267865546525614 -0.0173251706732679 -0.0230237030980322 0.269410845102179 1745833691.60998
  0.372353303795548 -0.0280329299863865 -0.0320504064954053 0.374780010896528 1745833691.65455
  0.488399811710622 -0.0257737510922137 -0.0135067246175621 0.48926587243975 1745833691.69456
   0.377184558788679    0.008869669428004 -0.00673619191441761 0.377348961447995 1745833691.71104
  0.476395795112821 -0.0442000446527436  0.0269289474882237 0.479199087813515 1745833691.75277
  0.601736760756816 -0.0412505821003962  0.0142864159159291 0.603318192539765 1745833691.79444
   0.47414041590072 -0.0137650310038496 -0.0294389696683807 0.47525284113215 1745833691.81297
   0.569795356705632  -0.0643837009787258 -0.00865797587892215 0.573486678155069 1745833691.85035
     0.6730149131537  -0.0549404012843145 -0.00303459172139664 0.675260490305392 1745833691.89429
   0.53900496249568 -0.0175310489982669 -0.0176254658777542 0.539577931647836 1745833691.91459
  0.577341482302918 -0.0288711818006799  0.0169138772385591 0.578310307334687 1745833691.9486
  0.707642856737601 -0.0325654636227198  0.0123530125039563 0.708499484142817 1745833691.99414
  0.568748871184966  0.0259569735262425 -0.0154779740689866 0.569551236176426 1745833692.01523
 0.546092359012834 0.0577057020559578 0.0223540080275377 0.549587585646609 1745833692.04807
 0.675024358230685 0.0441464235796132 0.0152661454564709 0.676638637765179 1745833692.094
   0.554861900518443   0.0757682459848439 -0.00923776492310924 0.560087396793869 1745833692.11564
 0.502421585955791  0.108831861139811 0.0189240159188999 0.514421949776627 1745833692.14771
0.608091069742188 0.063451649307956 0.024568338397949 0.611885989504364 1745833692.19387
 0.497174539415128 0.0770630090831329  -0.01681419515989 0.503392438531278 1745833692.21591
   0.421592011356494    0.109071218111968 -0.00118913304406818 0.43547418832514 1745833692.24738
  0.471767847504887  0.0269122730145211 -0.0109478263538272 0.472661641430819 1745833692.29379
  0.388893344959068  0.0169013899396894 -0.0409874275803901 0.391412391161808 1745833692.31617
  0.298480976440828  0.0585055905815362 -0.0353507332471684 0.306208216361803 1745833692.34716
  0.320253639945284    -0.0384268577585 -0.0553151384529623 0.327259502287506 1745833692.39376
   0.26985373384989 -0.0454612679329385 -0.0607624931544159 0.280320968051157 1745833692.41621
  0.154922986683113  0.0142492400852686 -0.0295423705456657 0.158356952178555 1745833692.44698
  0.142567405797866  -0.048572087036857 -0.0487657636504537 0.158312389090246 1745833692.49375
   0.14832745042077 -0.0578728075683574 -0.0577077218462176 0.169353109108899 1745833692.51629
  0.0692169905895824  0.00298993262747074 -0.00101367207519127 0.069288953047879 1745833692.54682
  0.075902407288756 -0.0198842355000083 -0.0017397196646437 0.0784830228658373 1745833692.59366
 0.0902789171584501 -0.0255696030020164 -0.0261150390032189 0.097396523259933 1745833692.61625
 0.0153310720963301  0.0211626233819418 0.00371133467853295 0.026394552565347 1745833692.64661
-0.00967337006992529 -0.00476262355056694  0.00322211306445417 0.0112533854547984 1745833692.69354
 0.0285524203054953 -0.0234479261078728 -0.0160204683578146 0.0402703532448582 1745833692.71618
 0.0132383010933516 0.00739065949851839  0.0196630559648169 0.0248296241118708 1745833692.74647
-0.0158484157412673 -0.0175206706884173  0.0217782507865677 0.0321315793294176 1745833692.7934
0.00920919192985953 -0.0199732876286018 -0.0195928070625147 0.0294553819069584 1745833692.81603
 -0.0354650146066019   0.0270871599284155 -0.00758331551659439 0.045265750499227 1745833692.84638
-0.0655253975243379  0.0226571165271033 -0.0144356120000332 0.0708188502014876 1745833692.89325
-0.0275353009531471 0.00702695621490112 -0.0269371237118395 0.0391558366797782 1745833692.91589
  -0.057020017389808   0.0613513480741323 0.000802129065624688 0.0837610512391366 1745833692.94623
 -0.112647386067056  0.0538126300140447 -0.0023060632321399 0.124862126621324 1745833692.9931
-0.0629746875294656  0.0229363826694904 -0.0263362525890041 0.0720103264804914 1745833693.01562
-0.0898223228827222   0.058040868565562 0.00968754152771854 0.107380820320689 1745833693.04614
-0.157755331956191 0.0152461964592163  0.013185288867533 0.159037866904714 1745833693.09296
 -0.111800240196372 -0.0107270096897186 -0.0147245565357891 0.113274776583427 1745833693.11538
  -0.176427564499275   0.0447807822134581 -0.00450390247634545 0.182077700744246 1745833693.14607
  -0.278475641665645   0.0229277532278426 -0.00232003809052631 0.279427535232144 1745833693.19285
 -0.222389751454772 0.00165434974510435 -0.0190884738222958 0.223213593354121 1745833693.215
-0.309599891901451 0.0700196002310581 0.0122212516958514 0.31765420896774 1745833693.24593
-0.452765327008551 0.0751543962205742 0.0163102379982626 0.45925009360478 1745833693.29279
 -0.356471445142772   0.034984884842706 -0.0132543817847386 0.358429228727414 1745833693.31445
 -0.452698866022525    0.10989401261758 0.00931334012454715 0.465939583649584 1745833693.34582
-0.617494212569915  0.138700514605365    0.0211127784836 0.633231935963775 1745833693.39275
 -0.465308848973085  0.0768663467078049 -0.0118682590532319 0.471764364658689 1745833693.41392
 -0.508815587638573   0.132259167887101 0.00805742294052589 0.525785804086243 1745833693.44575
 -0.69922411917617  0.160820454444346 0.0149404016110828 0.717635564200714 1745833693.49275
 -0.512193631073338  0.0911960919868822 -0.0181009234533554 0.520563815814771 1745833693.51331
 -0.585225189987413    0.17947764263683 0.00290784068663571 0.612134954678898 1745833693.54563
  -0.775069555024011     0.18660932215783 -0.00324035363964256 0.79722415551276 1745833693.59272
 -0.540268261342287    0.10122548778419 -0.0237465339605551 0.55018205302073 1745833693.61182
-0.559902648696332  0.176868707591972 0.0202265385480436 0.587522449446877 1745833693.64537
 -0.770502799774166   0.153315191234486 -0.0189952641438627 0.785837726495102 1745833693.69269
 -0.537552693595146  0.0737144156706332 -0.0434442617690496 0.544319866760086 1745833693.70963
   -0.4890046160072   0.138133500683166 -0.0271491314303552 0.508864867941144 1745833693.73102
 -0.839066979032643  0.0846922645027084 -0.0442636909389409 0.844491236961699 1745833693.79268
 -0.501899168345046 -0.0192892342231414 -0.0385434036198989 0.503746408131085 1745833693.80828
  -0.442004169511643    0.093768748845303 -0.00686465098057486 0.451893115192936 1745833693.82816
  -0.69490373900766 -0.0462533575388536  0.0219832157634741 0.696788232783639 1745833693.89263
  -0.35135809682747 -0.0924338239507425 -0.0119541002458269 0.363509868544261 1745833693.90746
 -0.285834654484595  0.0175704597858804 0.00949072420318654 0.28653140248028 1745833693.92845
-0.437099069956584  -0.14098401654879 0.0326546863085675 0.460432859836319 1745833693.99257
 -0.21503884920261 -0.120447386805202 -0.012696657802402 0.246800495894834 1745833694.00696
  -0.190750439179767  -0.0596324119770786 -0.00434824816659121 0.199901630477583 1745833694.04593
 -0.147755499361978 -0.0868260163821038 0.00957840653399887 0.171645537618149 1745833694.0925
-0.0560885883349258  -0.041809237817382 -0.0194034746992397 0.0725977750256798 1745833694.10671
 -0.0271220532777508 -0.00259149716870295  -0.0195603610484621 0.0335399665462376 1745833694.14922
 0.0593665746285377 -0.0117895069312561 0.00536820753948162 0.0607634784142154 1745833694.1924
  0.0959229563784289   0.0121628824855217 -0.00987020668088537 0.0971934681481116 1745833694.20683
   0.144855368245283   0.0399567177503661 -0.00934928624630002 0.150555724421804 1745833694.24883
  0.291058405482643  0.0176492946285834 0.00213970452751314 0.291600876779289 1745833694.29228
  0.265675799541561  0.0369769241952107 -0.0130391457156044 0.268553426166897 1745833694.30744
  0.369808396474204  0.0265439652046817 -0.0340534930449892 0.372320389691694 1745833694.34862
   0.50135654406124 -0.0218953179785991 -0.0213652695892275 0.50228902433463 1745833694.39217
   0.392555721796289 0.000998589475640584 -0.00906161747215134 0.392661565227816 1745833694.4086
  0.458752676772943 -0.0228352319983465 0.00852270814979842 0.459399720092389 1745833694.44814
  0.633109190955428 -0.0937954892201802  0.0316493509244056 0.640801469165159 1745833694.49202
   0.50194851913106   -0.04986885543756 0.00520716891049944 0.504446561301174 1745833694.51049
 0.604118133940969 -0.115814540075343 0.0504694094349695 0.617186267457318 1745833694.54667
 0.755331312567879  -0.17292608180328 0.0423583670486902 0.776030316915764 1745833694.59188
   0.599131435014846  -0.0922645936299982 -0.00248061881370014 0.606199129932035 1745833694.61224
  0.625350877832426 -0.0855661051985546  0.0115102875400567 0.631282635183236 1745833694.64548
  0.802008905835674 -0.0806495462685474 0.00682801182817981 0.806082660834845 1745833694.69176
   0.643449550875615  -0.0089339446649723 6.45424826831399e-05 0.643511572588279 1745833694.71285
 0.617955786687117 0.0195444457227786 0.0142282171351529 0.618428477531193 1745833694.74532
  0.752932955187834 0.00268457707879456 0.00567598222386485 0.752959134838128 1745833694.79166
  0.613473293008953  0.0477591764607469 -0.0145481570229828 0.61550147769459 1745833694.81331
 0.493999011383784 0.0886462486630762 0.0118766511358945 0.502030114129019 1745833694.84512
  0.577580229533593  0.0293402886926995 0.00288911773329953 0.578332189221667 1745833694.89159
  0.486505551943354  0.0459781531267234 -0.0258535051815125 0.489356767978969 1745833694.91369
    0.40807062937613   0.0797720626842798 -0.00127342540820771 0.415796635576343 1745833694.9449
  0.457741811891656 -0.0153168825886314   -0.01565641897257 0.458265530780065 1745833694.99155
  0.392504398117017 -0.0200104837033293 -0.0390528687243997 0.394949678509615 1745833695.01393
 0.270127475200618 0.0192795840659156 -0.010337037471912 0.271011825505293 1745833695.04487
  0.300188132409374 -0.0689796319776105 -0.0212216965343619 0.308741744619983 1745833695.09152
  0.254270255041338 -0.0609015497508872 -0.0318447827496956 0.263394099306006 1745833695.11401
  0.11433014016761 0.0233884759491195 0.0163600103024772 0.117839092389007 1745833695.14471
  0.100782122201167 -0.0328093260789435  0.0154557489108823 0.107109141568409 1745833695.19145
  0.117938266285433 -0.0633119206157955 -0.0141964239704063 0.13460821817416 1745833695.21399
 0.073483479799969 -0.013804986383796 0.0105009507107949 0.0755027775542051 1745833695.24453
 0.0770089727052172 -0.0532828512334006 0.00255035048811566 0.0936800320254312 1745833695.29139
 0.0874198102293458  -0.059603135675563 -0.0294434413366792 0.109825649283949 1745833695.314
   0.033002611719127 -0.00078676098344041  -0.0237204003696732 0.0406503230839082 1745833695.34444
0.00959203196008996 -0.0424996496839677 -0.0420751221854681 0.0605685001242844 1745833695.39137
 0.0391190927009303 -0.0585867136727216 -0.0457998191851217 0.0840257690836763 1745833695.41398
  0.0111962216655574  -0.0123717570251733 -0.00588928960714187 0.0176946173609663 1745833695.4443
-0.00765978061350856  -0.0508770349171145  -0.0126530727534027 0.0529834424240939 1745833695.49133
 0.0207921258526896 -0.0500163213889921 -0.0326962275846358 0.0632691725963548 1745833695.51399
-0.0189762302479549 0.00817085381096613 0.00402870928684134 0.0210497188803428 1745833695.54425
 -0.0599001793277703  -0.0115710674919006 0.000404896220699935 0.0610088930185649 1745833695.59126
-0.0218794362596406 -0.0260536891364051 -0.0173115006977939 0.0381731909206687 1745833695.61391
-0.0716875310663301  0.0317596207327827  0.0354677023572259 0.0860565716838465 1745833695.64421
-0.123766265902589 0.0125516788240898 0.0428510325491445 0.131574481596171 1745833695.69115
 -0.080101888632618 -0.0096722272025246  0.0040494306074139 0.0807852859734608 1745833695.71379
-0.131358725830199  0.034668448928454 0.0236259415273352 0.137895617464411 1745833695.7442
  -0.220746656584286 -0.00596964511552929   0.0361144123985192 0.223760974789699 1745833695.79103
 -0.166219876335113 -0.0327269439770452 0.00173736791060243 0.169419947462492 1745833695.81362
-0.220897484620795 0.0312532348374933 0.0314987579717495 0.225310086665832 1745833695.84425
 -0.335966494808533 0.00380736345400231  0.0403475809526005 0.338401993107502 1745833695.89093
  -0.263845566172244  -0.0296441045226986 -0.00429173573863151 0.265540344801604 1745833695.9133
 -0.332952301208344   0.043282858115168 -0.0061876830418492 0.335810851682872 1745833695.94438
  -0.474401845721739    0.048713836848774 -0.00747977366879078 0.476955025278965 1745833695.99084
 -0.386165706782505  0.0281046785124949 -0.0161670153381091 0.387524448821058 1745833696.01266
-0.459963091641016  0.100566875053158 0.0255711708673059 0.471522668394049 1745833696.04424
-0.585773443796299  0.119473148684866 0.0340426720877621 0.598801523241656 1745833696.09076
 -0.461238533068516  0.0707315482883351 0.00213534164744713 0.466635292272683 1745833696.11196
-0.534938806908287  0.140704549508999 0.0200400401428968 0.553496974334929 1745833696.14404
-0.708077493724233  0.161068995812337 0.0355177906710551 0.727034023952758 1745833696.19066
-0.510815246730593 0.0855232223421683 0.0173515796445082 0.518215703320908 1745833696.21125
 -0.57542680143013  0.162495266983503 0.0510265694877741 0.6001036797003 1745833696.24404
-0.764565902318164  0.161308261212946 0.0588561056313641 0.783610499733907 1745833696.29055
 -0.540646992027899  0.0760009845603236 0.00480621349890594 0.545983900249037 1745833696.30987
-0.559697032696863  0.146831043726566 0.0413832818558127 0.580114385124747 1745833696.34435
-0.714363379210191  0.106500512462167 0.0186452289765764 0.722499163511555 1745833696.39049
 -0.481913045708113  0.0225704436369518 -0.0276366366663862 0.483232234268233 1745833696.40799
  -0.481260696533336   0.0968317471801197 -0.00461688293288848 0.49092724603318 1745833696.44477
 -0.623822362208296   0.027328562230272 -0.0447901340750658 0.626025036252684 1745833696.49048
  -0.39912398469545 -0.0449080046146226 -0.0489685265958486 0.404616609439861 1745833696.50648
 -0.418826448020028  0.0217992403881118 -0.0284842178072677 0.420359549798341 1745833696.54607
 -0.498780007719895 -0.0594490726813403 -0.0260543234738221 0.502985602294348 1745833696.59043
 -0.314640071136606 -0.0730775505925165 -0.0327709673038015 0.324673126487976 1745833696.60552
   -0.32026366088668 -0.00255920704353286  -0.0171206856944903 0.320731164534847 1745833696.64771
 -0.346568780474569 -0.0450208619696083  0.0100351255430439 0.349624800831951 1745833696.69033
 -0.192325758501368  -0.040763364155659 -0.0205483893649416 0.197669131494795 1745833696.70492
  -0.178413854422955   0.0207698239098963 -0.00752613127511358 0.179776337951561 1745833696.7486
  -0.130826464666491 -0.00596842195070963   0.0160293778140574 0.131939860810978 1745833696.79021
  -0.0375917205375346 -0.000485033752468823  -0.00876924697076882 0.0386040464607983 1745833696.80474
-0.00401772240778531   0.0462397968340052 -0.00234864158851232 0.0464734012302456 1745833696.84851
 0.074646756879932 0.0160603065097553 0.0280418151588385 0.0813413496032702 1745833696.89005
  0.106465870098471  0.0169662607616753 0.00880349185293547 0.108168095891822 1745833696.90487
  0.179352529616029  0.0259593841201511 0.00268538729944171 0.181241360645174 1745833696.94787
  0.299828508308575 -0.0136674666069035  0.0214193491357418 0.300903178041368 1745833696.98994
   0.258274488201193  0.00316472189881275 -0.00951408750855473 0.258469039889511 1745833697.00559
  0.385657630641126 -0.0288468506437611 -0.0175997821014227 0.387135249226686 1745833697.04734
  0.524859649745106 -0.0789982740894477 -0.0057228512393788 0.53080234576156 1745833697.08985
  0.419282699573667 -0.0426895371456092 -0.0115318879726817 0.421608068214666 1745833697.10712
 0.543730521199643 -0.108663037314778  0.017451332728307 0.55475677947773 1745833697.1457
   0.714763406596113   -0.122570518980127 -0.00232670995224374 0.725200436507826 1745833697.18976
  0.554282016505193 -0.0515028576382609 -0.0237119322808476 0.55717443758527 1745833697.20919
   0.620297205162652  -0.0703543257955913 -0.00842072216868101 0.624331051968898 1745833697.2441
   0.79260778603145 -0.0867859696744686 -0.0232516953285275 0.797683864914958 1745833697.28965
  0.643390141404555 -0.0294053585526985 -0.0158125145921948 0.644255837991333 1745833697.31035
  0.647284591045902 -0.0207601160308067  0.0334792947042419 0.648482218258116 1745833697.34324
  0.790448697025339 -0.0440034380791946  0.0271801437256263 0.792139006364913 1745833697.38951
   0.627010330515428   0.0153981064486571 -0.00581629513099753 0.627226343152391 1745833697.41087
 0.550004291797492 0.0477572481918875 0.0109487894939421 0.552182353703833 1745833697.44306
  0.657801348401487 0.00172761344921141  0.0132323626247668 0.657936694544147 1745833697.48941
  0.535601627458298  0.0405576516253963 -0.0155756424623031 0.537360797862533 1745833697.51118
  0.410382187909732   0.096621346132352 0.00510375446748398 0.42163405103439 1745833697.54283
   0.476437773526532   0.0244931886402251 -0.00332077749896636 0.47707850076888 1745833697.58937
  0.395837831816474  0.0234280884006629 -0.0340024463418826 0.397985716804647 1745833697.6116
    0.300079418820364    0.0579019116579748 -0.000744828681123411 0.305615516201288 1745833697.6427
   0.30777500778075 -0.0436217245627581 -0.0196003760919417 0.311468272880586 1745833697.68936
  0.249690151952821 -0.0517787043551858 -0.0421297711524418 0.258459133760604 1745833697.71163
    0.131045959829739  -0.00637970766669747 -0.000697844579764774 0.131203015379478 1745833697.74262
   0.133311096931482  -0.0833210356914683 -0.00511838368328856 0.157290945083636 1745833697.78932
   0.15515666987657 -0.0937418080949525 -0.0275875221405482 0.183363546458812 1745833697.81175
 0.0826229680763939 -0.0335825606160705  0.0133206200134702 0.0901763946320106 1745833697.84251
 0.0962457226518276 -0.0729054848918047  0.0158375652023797 0.121775520231372 1745833697.88925
 0.0966541143721363 -0.0649503530563683 -0.0124402249333448 0.117112447603152 1745833697.91173
-0.0064457348369088  0.0145354717234694  0.0181771923927971 0.024150315921252 1745833697.94237
-0.0261445432462137 -0.0085064031011205  0.0275614898269254 0.038929831193464 1745833697.98915
  0.0328072872044028  -0.0417079962769298 -0.00673189159528009 0.0534901244305821 1745833698.01169
  0.0284446264763438 -0.00736931054282956  0.00490431556462205 0.0297901967837202 1745833698.04222
 0.0120073988328167 -0.0415340366875899 0.00311297023221675 0.0433467924299256 1745833698.08906
 0.0341627510568286 -0.0475898701012141 -0.0191587270000294 0.0616355913112134 1745833698.11165
-0.0285248445944601 0.00590154267527554 0.00711803253123158 0.0299860192790218 1745833698.14212
-0.0588735440076248 -0.0284069450782287 0.00509163615685251 0.0655665575690001 1745833698.18896
-0.0050726850735926 -0.0421786253319157 -0.0169981234090201 0.0457570187859114 1745833698.2116
 -0.0189554357244947 -0.00375585638837471  0.00835903756358232 0.0210544178191876 1745833698.24207
-0.0433901221045021 -0.0457230851808243  0.0107840747970562 0.0639499764184868 1745833698.28883
-0.00543276678552146  -0.0661775596306894  -0.0167325366212695 0.0684759967828249 1745833698.31147
-0.0627652802166226 -0.0177483976384216 0.00587149265013543 0.0654901553314945 1745833698.34198
  -0.10487334602096 -0.0500837133289926  0.0119086196907595 0.11682727536578 1745833698.38868
-0.0804913238323673 -0.0454780164859674 -0.0190714813366749 0.0943971641319806 1745833698.41137
-0.184367289537417 0.0342182540926762 0.0250842434865789 0.18918616660797 1745833698.44194
-0.269797132713572 0.0466638277664823 0.0382461323928702 0.276461158728125 1745833698.48853
  -0.200033374823449  0.00969578077774326 -0.00109432936114699 0.200271208027762 1745833698.511
-0.264942386407068  0.078130316629039 0.0152784638319345 0.276644620314023 1745833698.5419
-0.376378399834339 0.0787794181086727 0.0275648719524864 0.385521359648406 1745833698.58839
 -0.316787542842904  0.0465219341678931 0.00150244041202055 0.320188842694991 1745833698.61042
-0.414893205618888   0.12410228636201 0.0419881719261324 0.435087067298827 1745833698.64187
-0.570110563104753  0.133956541600996 0.0608778202025674 0.588792423689312 1745833698.68825
-0.432592785221061 0.0613051126418948 0.0190025925938873 0.43732817561488 1745833698.70967
-0.450899262511284 0.0989595825680953 0.0348801924984636 0.462946834684071 1745833698.74156
-0.592501607069978  0.129558563443159  0.054077814681007 0.608907206216707 1745833698.78812
-0.441142296886003 0.0761324966495551 0.0167386252378402 0.447976410899955 1745833698.80904
-0.474996424637072  0.135292170969308 0.0200929031020082 0.494296772899295 1745833698.84156
-0.636636500580313  0.126209410467959 0.0226497278388403 0.649421172532117 1745833698.88802
  -0.450187474891383   0.0333260860889857 -0.00390252376004679 0.451436175172956 1745833698.90833
-0.477913846748429 0.0821347049050798 0.0420316118911369 0.48673854486972 1745833698.94164
-0.635283264253853 0.0211951437290687 0.0203431186734533 0.63596218632564 1745833698.98793
 -0.471574387960051 -0.0140718242994913 -0.0237386650969162 0.472381142552913 1745833699.00675
-0.514270827293714 0.0557802224348388 0.0185593849298106 0.517619906677877 1745833699.04267
  -0.614582062189773 -0.00622317190421991 -0.00796552647450544 0.614665184182413 1745833699.08786
 -0.441520510972902 -0.0252759531967465 -0.0316772931927937 0.443376461174699 1745833699.10485
-0.485985836131442 0.0704472675199992 0.0146070286811733 0.491282419498504 1745833699.14428
  -0.565958975250953   0.0400246423379028 -0.00416660875078827 0.567387781230675 1745833699.18781
-0.354044250038114 -0.014377685310443 -0.039704208249885 0.356553604627252 1745833699.20353
 -0.380219694185649  0.0697648565950718 -0.0270933350822497 0.38751541887806 1745833699.24568
 -0.404416015178219  0.0186550379025274 -0.0358545288150856 0.406430647230651 1745833699.28778
 -0.233769364883005 -0.0184614375334064 -0.0354202953908351 0.237157200943124 1745833699.30282
-0.235462790083546 0.0422993344273902 -0.028723322415747 0.24095017837206 1745833699.34681
 -0.267481917358235 -0.0114687158605101 -0.0248056074166503 0.268874367905228 1745833699.38772
 -0.156366474288669 -0.0283764627683748 -0.0303247145253151 0.161787781466203 1745833699.40238
 -0.144027499281522  0.0149441436955902 -0.0322519221154281 0.148349029185307 1745833699.44751
  -0.093251934941195  -0.0264886815335819 -0.00724257386628011 0.0972112570429624 1745833699.48763
-0.0137289668651649 -0.0288894003387329 -0.0140623132707281 0.0349403869131478 1745833699.5024
 0.0519606077130699 -0.0172033167307889 -0.0246706435567317 0.0600374842407199 1745833699.54757
  0.169943081902509 -0.0584662420910581 0.00791924680787293 0.179893487988802 1745833699.58752
   0.170170764355467  -0.0297450440074657 -0.00734976097287255 0.172907130190425 1745833699.60273
  0.276567311170096 -0.0564632391041334 -0.0178921113481732 0.28283865122448 1745833699.64708
    0.361449152136805   -0.0822153773440584 -8.39380350180045e-06 0.370681612603993 1745833699.68743
  0.294028674110726 -0.0485285270431905 -0.0140299643837012 0.298336586822504 1745833699.70359
   0.371910452916657  -0.0814691377881583 -0.00677954804311208 0.380789400682697 1745833699.74584
  0.531094217672846 -0.0792709657130951 -0.0161183194519887 0.537219465649353 1745833699.78736
  0.426072672786916 -0.0162401306407369  -0.014114704267393 0.426615622329482 1745833699.80524
  0.507002972599217  -0.040990504369624 0.00700159253926113 0.508705472715799 1745833699.8437
  0.664132153317682 -0.0422845460147864  0.0210487151385801 0.665809693764699 1745833699.88726
  0.521464411836986 -0.0160227269876665  0.0114334802320811 0.521835783616678 1745833699.90707
  0.592458350728558 -0.0433313109736308  0.0385074007256328 0.595287594167173 1745833699.94182
  0.727490690367838 -0.0726837593318998  0.0338241740745246 0.731894601834386 1745833699.98717
   0.594235209432993  -0.0164108250173878 -0.00393380278320288 0.594474788457813 1745833700.0081
   0.610844722742973 -0.00339052010038952  0.00652499108399808 0.610888980452371 1745833700.04114
   0.767985685282415  -0.0398698065889359 -0.00591491052283989 0.769042651900811 1745833700.08712
  0.615951239156611  0.0109100648838323 -0.0222730864080934 0.616450362083174 1745833700.10867
    0.534484275421052    0.0362075773888726 -0.000813452220606595 0.535709894473916 1745833700.14106
  0.654366333806755 -0.0234084923084525 -0.0193043931225215 0.655069397793606 1745833700.18711
  0.533318026934936  0.0256506585407395 -0.0473831360453611 0.536032868132953 1745833700.20911
   0.44455659720971  0.0681014217114363 -0.0245971086378036 0.450414686167242 1745833700.24089
  0.510186029417066  0.0056167482873554 -0.0333450193363952 0.511305410482052 1745833700.28709
  0.430028746634114  0.0145100126414946 -0.0418824591039074 0.432307071164877 1745833700.30941
  0.301684381596825  0.0743130789457637 0.00159157520936363 0.310706345145227 1745833700.3405
   0.346049221979067   0.0289241042394355 -0.00210688356888608 0.347262302585155 1745833700.38703
  0.302657586647735  0.0156637538707571 -0.0409534893464971 0.305817194137949 1745833700.40945
  0.154382213388331  0.0911987441846779 -0.0104417669793738 0.179610994232519 1745833700.44026
  0.12746235465864  0.033217246557042 -0.016397198554236 0.132736225064537 1745833700.48692
   0.141074576108543 -0.00256821597440588  -0.0342161641802558 0.145187388049742 1745833700.50939
0.0731224687129536 0.0465596971990251 0.0235749349702971 0.0898358413596462 1745833700.54008
0.0612764018441672 0.0106818212045159 0.0189188498477527 0.0650140108497769 1745833700.58679
 0.0716566226618372 -0.0179021753143193 -0.0232098461319053 0.0774200000629828 1745833700.60931
 0.0122897473173546  0.0337600429426076 -0.0188484612004775 0.0405714539822896 1745833700.63989
-0.0326410113911683   -0.01849094950326 -0.0276944820546331 0.0466297670425758 1745833700.68666
 0.0205463553912638 -0.0665873619846856  -0.037624186291693 0.0791934901999886 1745833700.70914
 0.0171623038223163 -0.0453627146119848 0.00747131224555116 0.0490728138191442 1745833700.73966
-0.0237432620658645  -0.126635658132083 0.00569912248757239 0.128968261216481 1745833700.78655
-0.00141006724234486   -0.138835003705352  -0.0227924048709119 0.14070053398368 1745833700.80913
-0.0576972726446956 -0.0721008809508858  0.0057007702481362 0.0925203279606821 1745833700.83953
-0.0987608203238901  -0.132465338950268  0.0116199155835012 0.165637520183154 1745833700.88641
 -0.052902004386107  -0.138836222290788 -0.0131389687527635 0.149153448461411 1745833700.90904
 -0.102277117548669 -0.0769790744836878  0.0218790193776036 0.129865615816331 1745833700.9395
 -0.145010671459525 -0.0779874902277166  0.0284291984131652 0.167087889422231 1745833700.98625
 -0.0937236849148499  -0.0739386520162919 -0.00137976878702849 0.119385749308324 1745833701.00895
-0.0946167279236678 -0.0192882403246875  0.0242951338432884 0.0995721594938443 1745833701.03946
-0.0958277198195686  0.0146617632867754  0.0249701922555815 0.100107091106354 1745833701.08613
-0.0610814584083473  0.0156600174550774 -0.0113759539153638 0.0640749017593353 1745833701.10878
-0.153223243014034  0.111440530006013 0.0232277873161796 0.190881858832537 1745833701.13941
-0.243804863458012   0.14600731848851  0.032646494216186 0.286050243982754 1745833701.18603
   -0.17539855614019    0.080131273363996 -0.00109670369059058 0.192838993012264 1745833701.20851
 -0.27484071636126  0.143068371259325 0.0560353228628574 0.314874475994977 1745833701.23949
-0.430528257061723  0.124877432425159 0.0806125813818519 0.455463875114976 1745833701.28594
-0.353072622538776 0.0526679338610843 0.0219086180116346 0.357650913023837 1745833701.30792
-0.404375725947613  0.106658468518457 0.0388772550364275 0.420008568485846 1745833701.33946
-0.558510105456426  0.093377752724438 0.0625243924560825 0.5697036442334 1745833701.38586
-0.454027710067511 0.0637554884888022 0.0290130284930533 0.45939925951609 1745833701.40724
-0.572325965731511  0.177827123759248 0.0418937513325381 0.600778314684964 1745833701.43928
-0.736720962280513  0.257348223352305 0.0676615397720082 0.783303241593211 1745833701.48582
 -0.536444738395651   0.170650058424667 0.00735652648960002 0.562981809896832 1745833701.50654
 -0.553453774115423   0.243718688274436 0.00478950127976515 0.604758479410852 1745833701.5392
-0.734007930360588  0.288397101344524  0.001439916066451 0.788633376959431 1745833701.58581
 -0.534000620518224   0.179849899788257 -0.0273757227956119 0.564138351263479 1745833701.6052
-0.601651692811686  0.270722766349076 0.0358188211701963 0.660725785506276 1745833701.63914
-0.825895855810426  0.262314823671805 0.0124820367191738 0.866642274876702 1745833701.68579
 -0.555024405591515   0.143794376954881 -0.0325270215466965 0.574270773047659 1745833701.70284
   -0.5047429698141   0.214534187993781 -0.0191595809340411 0.548778163684085 1745833701.72406
 -0.904127467522898   0.281424954131691 -0.0150757695400755 0.947034192183481 1745833701.78575
 -0.574732122588121   0.144815174641502 -0.0238493260257525 0.593175554025095 1745833701.80114
  -0.515742648935919    0.244822041590634 -0.00383311809635088 0.570914183371183 1745833701.81903
 -0.926153307308211   0.201829414439192 -0.0297161765631358 0.948355477824816 1745833701.88574
  -0.49993871775052  0.0239479058463135 -0.0582597362898799 0.503891278524469 1745833701.90024
 -0.415117214846604   0.140019420572563 -0.0275937775442514 0.438963730573085 1745833701.91674
 -0.622709750147682  0.0141113523219047 -0.0457751310314309 0.624549378203427 1745833701.9857
 -0.290295252205587 -0.0606409634120216 -0.0465474378769689 0.300192144916475 1745833701.99975
 -0.220049355905866  0.0350109661910278 -0.0225049436237622 0.22395079655077 1745833702.0159
 -0.320522557745301 -0.0651275750494874  0.0156888684144797 0.327448395396195 1745833702.0856
  -0.125470433956078  -0.0682756405579012 -0.00950468872313526 0.143159812791306 1745833702.09942
-0.0766975899509557 -0.0166409139719812 -0.0113881082879652 0.0793040309977131 1745833702.11568
-0.0610720772825423 -0.0403005521888872  0.0389358798980329 0.0828850763030842 1745833702.18546
0.00196644506127307 -0.0246132043565787  0.0196228340858976 0.0315393778068049 1745833702.19928
  0.034837666079058 0.00209957499385195  0.0114991562474674 0.03674645271852 1745833702.2157
  0.155105504391551 -0.0371018087238008  0.0374837684421752 0.163827026463162 1745833702.28533
  0.129739321791601 -0.0184921925713717  0.0159798890280428 0.132021246996042 1745833702.29943
  0.166464862796651 -0.0165887800688061  0.0219890609447978 0.168728352600602 1745833702.31718
 0.465005170765712 -0.176933530058641 0.0269797276059734 0.498260161561762 1745833702.3852
  0.319283762580726 -0.0761244566988606  0.0146696741596494 0.328560882174601 1745833702.40012
  0.355034532316638 -0.0848887072702555  0.0176772779212854 0.365469694932447 1745833702.43618
 0.606578367582112 -0.230968827948284 0.0267144707464958 0.649613406919569 1745833702.48505
  0.463140825883643  -0.114795881654146 0.00512100010451923 0.477183134327908 1745833702.50136
 0.569516936893115 -0.167562311970835 -0.010386949848763 0.593746207169602 1745833702.54152
 0.724875789235772 -0.241324137328137  0.023107282760361 0.764340366325056 1745833702.5849
  0.556633793987581   -0.13109301414878 0.00494201204918949 0.571883714098168 1745833702.60343
 0.648907189851779 -0.174935673070065 0.0404551800875718 0.673290169503259 1745833702.64009
  0.80462213764903 -0.168710190206426 0.0332719695979167 0.82279215883193 1745833702.68474
   0.643564180262879  -0.0777526586314651 -0.00796048896181964 0.648292911750702 1745833702.70521
  0.667146533721488 -0.0585201583198253  0.0165278942410246 0.669912141757721 1745833702.73867
  0.864614829058919 -0.0438684046641903   0.026222284790151 0.866124037177112 1745833702.7846
 0.685017239636017 0.0238765883669388 0.0128031769011931 0.68555279257644 1745833702.80591
 0.647431606168557 0.0446881761095354 0.0441368561293629 0.650471198300877 1745833702.83843
  0.736567701584881 -0.0319880959777085  0.0284931687502049 0.737812359592696 1745833702.88451
  0.592391525871799   -0.01882378825671 -0.0137157073244256 0.592849201362759 1745833702.90644
  0.494879067881332 0.00116512723580621 -0.0269066958327429 0.495611359463448 1745833702.93833
  0.559440860817975  -0.132521489701987 -0.0514745693881698 0.577222360342431 1745833702.98449
  0.445292922368444 -0.0953864302533536 -0.0464050634721001 0.45775297672845 1745833703.00694
  0.297059045188271 -0.0307867979109001 -0.0244807348255394 0.299651813996465 1745833703.03816
  0.319373235109641  -0.126744424633736 -0.0561542459848162 0.348161904610855 1745833703.08449
   0.25925024051537  -0.101483232367899 -0.0721090173856163 0.287592148793101 1745833703.10715
  0.0798183625550413 -0.00495064186852984  -0.0408048461563042 0.0897803727198663 1745833703.13792
 0.0662959073728672 -0.0225758959028079  -0.056564959893339 0.0900245138722851 1745833703.18445
  0.0706276532782904 -0.00898585747048694  -0.0447141345089747 0.0840735681826637 1745833703.2071
-0.0535453249634958  0.0883566405180388  0.0090934410919794 0.103714456176435 1745833703.23768
-0.0745766211175994   0.137601216500409   0.012005368943567 0.156971003956723 1745833703.28434
-0.00293148049763289   0.0898930003732808  -0.0162474118839957 0.0913965179147809 1745833703.30698
 0.0434498523163556   0.127462502130505 -0.0141697522963726 0.135408127510215 1745833703.33739
0.0582870951211057  0.173669997764568 -0.027228454220451 0.185202705974931 1745833703.38423
 0.0621240824528954   0.159083549243155 -0.0404887383595274 0.17551727890541 1745833703.40677
 0.0026711739293787   0.202424735096671 -0.0309547046010482 0.204795269198428 1745833703.43713
-0.0597203967106716   0.182778767429996 -0.0600468502159248 0.20144534699854 1745833703.48415
0.00998872966877078   0.096924015254237 -0.0671336805570513 0.118325696780266 1745833703.50658
  0.111713703788872  0.0717457413908569 -0.0307818924116792 0.13628986727705 1745833703.53683
    0.130758965876636 -0.000804553213585406   -0.0522778213140057 0.140824447679868 1745833703.58405
  0.107167818967714 0.00836780625482704 -0.0542903459899602 0.120425924416317 1745833703.60652
0.0509885708769306 0.0331096418772595  0.019163507355211 0.0637441978494151 1745833703.63658
 0.0289390732605526 -0.0445458980821806  0.0273449602218553 0.0597457433350904 1745833703.68389
 0.0894283541038947 -0.0961162197138043 -0.0077732959309765 0.131514951011033 1745833703.70647
 0.210515053505294 -0.122381455200534 0.0268054232618743 0.244974159954852 1745833703.73654
 0.268533001449956 -0.233263153205688 0.0317771281496992 0.357115467859661 1745833703.78376
    0.243752597645094    -0.191740117143321 -0.000572988473891704 0.310128892070147 1745833703.80662
  0.17306152176702 -0.144165756996862 0.0476882978765976 0.230235161435351 1745833703.83659
 0.235110744227981 -0.231246580348002 0.0531951448268891 0.334038570238878 1745833703.88367
   0.257336185897833   -0.220326690232374 0.000558227567992155 0.338771419424977 1745833703.90677
   0.278392254893269   -0.183709197141195 -0.00111757532176205 0.33354544768805 1745833703.93649
  0.402662319363382  -0.231683920296435 -0.0116525744776472 0.464704384368149 1745833703.98365
   0.36879746033572  -0.161229588940125 -0.0347070043825011 0.403993964377051 1745833704.00721
   0.255032435022356  -0.0743955292752274 -0.00301184135726748 0.265678958289765 1745833704.03665
   0.363033218322926    -0.10931352116089 -0.00775070961633154 0.379213181487736 1745833704.08363
  0.361848318873357 -0.0873140513719677 -0.0196833644015778 0.372753785054728 1745833704.10756
  0.342558962053405 -0.0468526159929337 0.00763093983638771 0.345832389100955 1745833704.13682
  0.468867774241688 -0.0886188702252859  0.0049304926667746 0.477194513422249 1745833704.18357
  0.421544691932488 -0.0503279392060555  -0.023578810528159 0.425192649356862 1745833704.20778
  0.307779304831409 0.00707236509819225 -0.0188550389762168 0.308437402604454 1745833704.23687
   0.412764682262214 0.000352828214101012  -0.0408122847844737 0.414777591005232 1745833704.28351
  0.410606381229527 0.00786831232562151 -0.0331560013713036 0.412017998480885 1745833704.30827
  0.347016064866123   0.056773108617899 -0.0158682598846913 0.351987410015013 1745833704.3368
  0.461960051363762  0.0603697847042805 -0.0269386358476673 0.466666144114381 1745833704.38344
  0.444698773587791  0.0701209861161143 -0.0484310914290462 0.452790815434004 1745833704.40909
  0.319923782020539   0.137754648002311 -0.0533277441800227 0.352379649877651 1745833704.43684
   0.39555717192972   0.126187114914525 -0.0623248785614665 0.419848847471552 1745833704.48335
  0.416876930684354  0.0822063212428889 -0.0502279528940621 0.427863414936385 1745833704.50993
  0.344284246720473   0.106727455886125 -0.0206625356261273 0.361039239914873 1745833704.53696
   0.425316756341597   0.0680967334219568 -0.00682950829972528 0.430787825398182 1745833704.58322
  0.410677741448857  0.0557084233115525 -0.0237473885082057 0.415118747119849 1745833704.61073
  0.289894464361917  0.0720161056911911 -0.0223407055494289 0.299540025824686 1745833704.63714
 0.362285769630775 0.0123646967887718 -0.017169042912847 0.362903073338026 1745833704.68306
  0.399017411613385 -0.0139031808916997 -0.0191339535625659 0.399717777173455 1745833704.71153
  0.323553783741581  0.0167245736027721 -0.0163274445694061 0.324396898539205 1745833704.73739
  0.399969768768588 -0.0561588857135467 -0.0174044057229325 0.404267918232394 1745833704.78295
  0.412727397871427 -0.0632947188585261 -0.0291312696904946 0.418567506219581 1745833704.81226
  0.250393738608614 0.00226743456695074 -0.0282988041028493 0.251997991872089 1745833704.83769
  0.223964171674195  -0.040110048776914 -0.0206906881053818 0.228466344963254 1745833704.86067
  0.290017116889797 -0.0661621758305235 -0.0284563202706652 0.298826243430938 1745833704.91287
  0.230681710903057 -0.0250519999105761 -0.0302859296519476 0.234006179361921 1745833704.93796
  0.218816346440093 -0.0258397475683507 -0.0329377689376775 0.222785059297922 1745833704.95851
  0.254243881483506 -0.0413797147099675 -0.0405392360450043 0.260759777803997 1745833705.0132
   0.112420664436499 -0.00867110532664803  -0.0166293137482658 0.113974242421997 1745833705.03813
   0.108310626594762  -0.0112741001952544 -0.00783487656936453 0.109177298278625 1745833705.05867
  0.147056171926144 -0.0182097527142343 -0.0140835472861142 0.148847099735418 1745833705.1134
 0.0392916395236064 0.00926533926240646  0.0170311384506389 0.0438148276845333 1745833705.13821
 0.0472346265177869 0.00585052770096876  0.0269164779691619 0.0546793873678098 1745833705.15881
0.0653745105770372 0.0183379651901058 0.0170208272230216 0.0699986868438018 1745833705.21332
-0.0924700696896084  0.0617110465390177  0.0242275287358227 0.113780227640777 1745833705.23819
-0.0873863609792015  0.0508725912650324  0.0229137737921628 0.103679494870513 1745833705.2589
-0.074770212604869 0.0594912035878977 0.0107316879281574 0.0961507000655813 1745833705.31304
 -0.218737887278317  0.0973058083478262 0.00740126821268893 0.239519231879951 1745833705.33797
-0.226809591441189 0.0490514308296965 0.0285891640545826 0.233807557485851 1745833705.35874
-0.218549449711668 0.0593442857870209   0.01139731360956 0.226749873169444 1745833705.41245
  -0.331996837452512    0.098316601319742 -0.00295641293886887 0.346261165236588 1745833705.43767
-0.461943482758558 0.0986284726213558 0.0203047829583141 0.472791329325858 1745833705.48254
-0.396820660365336 0.0462239161124015 0.0102403541846571 0.399635023199137 1745833705.51165
 -0.392161974511206  0.0118199483932082 0.00370437827465051 0.392357551030877 1745833705.5373
 -0.540999802659511 -0.0195361613209111  0.0305459439707515 0.542213521382353 1745833705.58251
-0.472634901038383 -0.036689639338396 0.0210422285674138 0.47452360815604 1745833705.61067
  -0.488629596538412 0.000743606270676076   0.0137450496533524 0.488823446607822 1745833705.63689
-0.647574310295268 0.0251956495193288 0.0258129083784509 0.648578148219663 1745833705.68248
  -0.546540745541039 -0.00992266002162788  0.00849364507168335 0.54669679688568 1745833705.70909
 -0.528687637558098   0.018894645373177 0.00494706311699047 0.529048295681996 1745833705.73636
-0.705404362875688  0.033759015909124 0.0121262273556191 0.706315815842381 1745833705.78245
 -0.576256553555299 -0.0265917652263148 0.00845564096275143 0.576931742372851 1745833705.80732
 -0.514285541179017 -0.0168051960343849   0.010353560167709 0.514664190213089 1745833705.83575
-0.681418859657081 0.0029890586505529 0.0223513275906925 0.681791888051654 1745833705.88238
 -0.544411484770535 -0.0677055189428757  0.0254487837909404 0.549195359268285 1745833705.90625
 -0.449034674481031 -0.0506656455756031  0.0419106330452599 0.453823366179103 1745833705.93528
-0.594242379691383 -0.024890058969073  0.054430079131631 0.597248821155 1745833705.98229
-0.459694518812217 -0.109316325946637 0.0325563499767337 0.473633851902791 1745833706.00593
 -0.392857445390441 -0.0772635712946015  0.0377056821577623 0.402154634829541 1745833706.03523
 -0.526119103945077 -0.0721266630922684  0.0525894997562077 0.533637725942802 1745833706.08219
-0.396015065026897 -0.136461959789724 0.0291810755132403 0.419882523291955 1745833706.10566
 -0.353468469251589 -0.0911912976281939  0.0471844619070694 0.368079047167364 1745833706.1353
 -0.428452199575229 -0.0568813720335774  0.0555295035161615 0.435764045747266 1745833706.1821
 -0.326637314193795 -0.0692897941307005  0.0173054924569193 0.334353840509702 1745833706.20542
 -0.320584367606792 0.00787849606168234 0.00482165871760195 0.32071740808199 1745833706.23539
 -0.383039583351729  0.0767712109086303 0.00443555710140154 0.390682499487043 1745833706.28202
  -0.261960825752919   0.0250379250118707 -0.00618944611587213 0.263227432387417 1745833706.30518
-0.206501304098684 0.0691299295795898 0.0265280454040765 0.219375187637747 1745833706.33549
-0.248733233033529  0.136705291137932 0.0244306838063466 0.284874386619198 1745833706.38195
 -0.175135389959278  0.0927309360567936 -0.0175227337485638 0.198943402796324 1745833706.40477
 -0.187488290663657   0.133830410209224 -0.0158214016619806 0.230895549076414 1745833706.43541
 -0.285530431354045   0.128594521833611 -0.0148892612148538 0.313505770878889 1745833706.48187
  -0.19758143134406  0.0461463895376139 -0.0279950970389922 0.204820987053445 1745833706.50442
  -0.135188921960934   0.0458890494858958 0.000630409635373013 0.142766406762889 1745833706.53528
  -0.198264251724312 -0.00393413643552235 -0.00611710307006825 0.198397605558294 1745833706.5818
 -0.134872957871825 -0.0372095235954017 -0.0300316455470132 0.14309843865519 1745833706.60417
-0.0755785140148462 -0.0281879600222623 -0.0165171957059871 0.0823376622506302 1745833706.63531
-0.0881311327328471 -0.0522170147563023  -0.020227866757078 0.10441685582499 1745833706.6817
-0.0362655865537898  -0.071467429996738 -0.0363326296438068 0.0879934446152842 1745833706.70402
-0.0572296715977531 -0.0331132065394222 -0.0170567487952775 0.06828361763977 1745833706.73521
-0.0513025378568725 -0.0393667463202761 -0.0173597403599864 0.0669555949250468 1745833706.78159
0.00756424378544542 -0.0470370686992177 -0.0303086636745562 0.0564651991017293 1745833706.80389
-0.00708858657573259  0.00294579831056454 -0.00035207149927995 0.00768438297254805 1745833706.83508
 0.00142448205684772   0.0198413711636045 -0.00777664103099734 0.0213584949026655 1745833706.88146
 0.0242060344234738  0.0244646597114774 -0.0374037533148162 0.0508280674366477 1745833706.90371
 -0.0210678997390455   0.0737662344314846 -0.00407618296121264 0.0768240132325076 1745833706.93494
  -0.028127344297957   0.0685945528871488 -0.00896853538588233 0.0746779405849645 1745833706.98132
 0.0192788872144869  0.0523717786824873 -0.0283965775211463 0.0626166456264691 1745833707.00357
 0.0648229727737321  0.0560822662775743 0.00957090816324557 0.0862487140374976 1745833707.03475
  0.0734016414302297   0.0208065405337414 0.000948995138285053 0.0762994999027302 1745833707.08118
 0.0783399368177069  0.0330751487968532 -0.0197346902165723 0.0872958714171545 1745833707.10343
 0.0520321680875537   0.057009118319291 0.00580205298366477 0.0774018727567984 1745833707.13455
   0.0496752725824221   0.00817450456805208 -0.000902332316329804 0.0503514591117292 1745833707.18103
 0.0857690429959773 -0.0208667023350836 -0.0195742055947793 0.0904151399238727 1745833707.20333
   0.1258132322214 -0.017356203096588 0.0112719371460882 0.127503975447636 1745833707.23434
  0.171366150010122 -0.0501741696716861  0.0065305084626441 0.178679747627747 1745833707.28087
   0.16479816615574  -0.036470233580444 -0.0182653035532009 0.169770830296602 1745833707.30334
  0.151919480419495 0.00431680200801184  0.0373615431745652 0.156505745002829 1745833707.33412
  0.221726457768904 -0.0256401432894692  0.0468106776696639 0.228059813572105 1745833707.38071
  0.235025396230809 -0.0291075630462315 0.00377976223483001 0.236851163608058 1745833707.40335
 0.254882945510282 0.0119568667507309 0.0345427263159211 0.257490742582775 1745833707.43381
   0.356416140120358 -0.00620557364418111   0.0402384430642757 0.358734032930784 1745833707.48058
   0.326768900758211 -0.00203582657579405  0.00614714125171696 0.326833055914094 1745833707.50361
 0.289797447480727 0.0416201165165332 0.0248289302423944 0.293821834522515 1745833707.53375
 0.369386853718561 0.0180029566571645 0.0191263213885065 0.370319551628528 1745833707.58049
   0.35225408791024  0.0174835951593629 -0.0107204663573651 0.352850601456326 1745833707.60375
 0.329518413596357 0.0542311861628529 0.0116407858703831 0.334154027878417 1745833707.63362
 0.425244988456669 0.0363075436141494  0.016582792307031 0.427114184886787 1745833707.68043
   0.380201068751496   0.0428725106362937 -0.00430213739267502 0.382634830137279 1745833707.70392
 0.354561716771318  0.070750873439382 0.0172700158837799 0.36196401829586 1745833707.73346
 0.457443142386206 0.0395804224807722 0.0229400201003871 0.459725007892902 1745833707.78038
   0.430199286846931   0.0181617004730838 0.000258716039538354 0.430582559681266 1745833707.80409
 0.391984887612066 0.0402810937940451 0.0263703272897707 0.394930516413784 1745833707.83342
   0.527894405635469 -0.00389978022776508   0.0302931371120601 0.528777255508536 1745833707.88035
   0.501187960259118 -0.00431533271960407 0.000483868838670486 0.501206771436928 1745833707.90429
   0.426421997420866   0.0359038874036886 -0.00590574935509062 0.427971595892231 1745833707.93329
   0.568601157411449   0.0100951159709852 -0.00904094590820774 0.568762627357865 1745833707.98034
  0.545016195796962   0.012031859164743 -0.0132289686582934 0.54530947628637 1745833708.00507
   0.441913659522575   0.0678200112242963 -0.00513457223182961 0.44711698718244 1745833708.03345
   0.572819192019708   0.0242931338142427 0.000329013395561825 0.573334188189089 1745833708.08034
  0.552502948088408 0.00705198482570032 -0.0186741318430445 0.552863420146835 1745833708.10651
  0.427624882324716  0.0473778675245701 -0.0256850986063129 0.431007455393546 1745833708.13389
  0.539170892854873  -0.019041277097884 -0.0310946369133828 0.540402348607234 1745833708.18032
  0.520493094215294 0.00518247171771761 -0.0405142728837888 0.522093215284606 1745833708.20798
  0.351304635818942  0.0682104798111618 -0.0101757967942771 0.358010004810406 1745833708.23453
  0.450599521160519  0.0557788550631465 -0.0270493042803604 0.454843790772499 1745833708.2803
  0.462730216110296  0.0532191155767258 -0.0413203710940386 0.467609773456029 1745833708.3089
  0.34271589868951 0.0776260717852599 -0.048495726573502 0.354727824861908 1745833708.33489
  0.297271078158456 0.00296404482032066 -0.0270226943451281 0.298511482996647 1745833708.35688
   0.358484919630635 -0.00189956422400056  -0.0281085804911955 0.359590236580547 1745833708.40952
  0.297497967018569  0.0586016111850796 -0.0201213946208134 0.303881654160226 1745833708.43511
   0.271416676142464   0.0288496813153291 -0.00138012448159037 0.272949117865956 1745833708.45681
  0.304233715635971   0.021526756153842 -0.0209073888472486 0.305710114109079 1745833708.50982
  0.163633956756289  0.0810068289375956 -0.0244689251622585 0.184219723256876 1745833708.53513
   0.136028457653957   0.0376240962187626 -0.00446912192070481 0.14120654007069 1745833708.55667
  0.172972359077845  0.0362729038433511 -0.0291832302744784 0.179127947254015 1745833708.60983
 0.0720686312834787  0.0724195267538401 -0.0303389276284271 0.10657826232383 1745833708.63508
 0.0460774835931594  0.0193523219708703 -0.0031521196871063 0.0500757697740528 1745833708.65649
 0.0707782442054145  0.0259981118556151 -0.0115723194989366 0.0762848625314606 1745833708.70975
  -0.0662637289093878    0.0659452055705089 -3.98686752467875e-05 0.0934861139219337 1745833708.73493
  -0.105527831889509 -0.00355797933360989    0.026646522354873 0.108898207854159 1745833708.75635
  -0.107652033835666 -0.00483595741750148 0.000934490770837043 0.107764651653963 1745833708.8094
 -0.282261094412183  0.0336679083553131 -0.0145186454201255 0.284632472737424 1745833708.83477
  -0.31435867077332 -0.0406870300079547  0.0148790594973355 0.317329788568237 1745833708.85614
 -0.329874538632878 -0.0195040310766764 -0.0116577289706064 0.330656197751148 1745833708.90878
  -0.465667172151122   0.0171068477277604 0.000201676520536972 0.465981330239552 1745833708.93448
 -0.656229527004094 -0.0164664830634806  0.0265870030427681 0.656974281009 1745833708.97968
 -0.575915769532262 -0.0257383414128761 0.00890322582306185 0.576559366626438 1745833709.00777
  -0.525858594750616   -0.021909431296269 -0.00197756834586194 0.526318530577616 1745833709.03404
 -0.702984390982074 -0.0216961528250853   0.012033374540783 0.703422049067759 1745833709.07964
 -0.603383227602889 -0.0407403293314168   0.002662243756945 0.60476291332086 1745833709.10613
  -0.594189918835606   0.0047610567143976 -0.00249214010574852 0.594214219006251 1745833709.13347
  -0.78940298081746  0.0340857770570827 -0.0105249305531202 0.790208630985656 1745833709.17963
  -0.644976220162224  -0.0360619544912139 -0.00806848102558361 0.646033969325558 1745833709.2043
 -0.548482335045619 -0.0250728033743202    -0.0116158798261 0.549177972965301 1745833709.23279
 -0.731997555066655  0.0171374259031978 -0.0212260518226644 0.73250573872573 1745833709.2796
 -0.576169594506308 -0.0693704942737632 -0.0156332022752072 0.58054118210746 1745833709.30342
  -0.496455714956634  -0.0483430992759764 -0.00167787952951236 0.498806723531696 1745833709.33251
  -0.665433375227354  -0.0429974007269903 -0.00177280554199365 0.66682343703205 1745833709.37952
 -0.509316295321157  -0.136608631619456 0.00542265520861508 0.527346576837396 1745833709.4031
-0.425025955759707 -0.117309825122016  0.019766987971101 0.441360840982817 1745833709.4325
-0.556731557085431 -0.131964058286317 0.0239206488422086 0.572657608676594 1745833709.47937
 -0.42624979356364 -0.174328503298956 0.0142091138251877 0.460739853378452 1745833709.50272
  -0.3858013945695 -0.120748312435673 0.0264052240169762 0.405117398865095 1745833709.53245
 -0.461088365017894 -0.0804413777551098  0.0267250535035533 0.468815021191496 1745833709.57921
-0.344018330083224 -0.105625497909521 0.0193480052205933 0.360388266384882 1745833709.60235
-0.312660902477825 -0.038975224547332 0.0141532874512232 0.315398515552055 1745833709.63252
-0.348974845957156 0.0226396249964823 0.0132453802245811 0.349959191661108 1745833709.67906
 -0.235786068059643 -0.0215656098975519 0.00595838295714616 0.236845197858736 1745833709.70203
 -0.20129204284794 0.0199144036336982 0.0161333584322885 0.202917114212399 1745833709.73248
-0.242240471144237 0.0511436346960815 0.0223765753686671 0.248589678698328 1745833709.77892
 -0.158758743504315 0.00133142783513237 -0.0140680399149913 0.159386389275241 1745833709.80167
   -0.13187368435936   0.0548868050746263 -0.00439200138358639 0.142907381453743 1745833709.83241
   -0.18092337603177   0.0848312376891149 -0.00982574269170507 0.200065369572157 1745833709.87879
 -0.108107736617266  0.0394209626600123 -0.0296265768207974 0.118823520683696 1745833709.90133
-0.0927089920640208  0.0809019662289595 -0.0227450208521394 0.125129618087816 1745833709.93224
 -0.117769631308698    0.11328610178798 -0.0322530209762363 0.166564354767149 1745833709.97869
  -0.05028576438931  0.0817678030528695 -0.0410730701409046 0.10441086536903 1745833710.00105
-0.0607226521391657     0.1268261519471 -0.0126877335905241 0.141184602149764 1745833710.03207
-0.0907907708475375   0.153178828430796 -0.0240218591420227 0.17967684120988 1745833710.07857
-0.0276301186704475  0.0979346712610932 -0.0402254923735262 0.10941989549188 1745833710.10082
 -0.0070990022748348   0.0964811982103445 -0.00244059791951762 0.0967727955553969 1745833710.13189
 -0.0449934499262534   0.0727826394814061 -0.00555630490872673 0.0857472779182252 1745833710.17843
-0.00201311140861371   0.0373301048504326  -0.0329850110615559 0.0498557950535216 1745833710.20061
0.00141622740570134  0.0347731786237345 0.00718296220608879 0.0355355399243758 1745833710.23167
 -0.045151865118669 -0.0341577371766404  0.0050786353540727 0.0568439484007098 1745833710.27827
0.00794847789349228 -0.0482657188748505 -0.0149952106417622 0.0511626256316098 1745833710.30046
 0.0243104979334186 -0.0353306388067251 0.00268321123175103 0.0429703848106601 1745833710.33159
  0.0283889375470335  -0.0747373166157069 -0.00184991760279292 0.0799688718508828 1745833710.37814
 0.0505701564158944  -0.052101777159342 -0.0181965700942743 0.0748535307536364 1745833710.40038
  0.019960587836554 -0.0051012568199955 0.00740995748820696 0.0218941854815696 1745833710.43145
  0.0438529536238572 -0.00536108561981503   0.0027401984902055 0.0442643363027718 1745833710.478
 0.0721249893670421 0.00515597775304171 -0.0136464280005026 0.0735854822295723 1745833710.50025
 0.0683261874821172  0.0461925913472024 0.00685773193787864 0.0827602070958191 1745833710.53126
0.0975001686964807 0.0369864398052328 0.0129054490397006 0.105075355056381 1745833710.57785
   0.117919812245946   0.0378685486119133 -0.00563951801240494 0.123979487244883 1745833710.6002
 0.127043560195952 0.0592496414348788 0.0286135269302604 0.143071031731839 1745833710.63099
 0.156347982928161 0.0224794036008883 0.0327605629551751 0.161317295529947 1745833710.6777
   0.160073116156201   0.0190092525540633 -0.00556091722234406 0.16129376305045 1745833710.70017
 0.152889660334253 0.0438223951927864 0.0324999395695988 0.162332672711268 1745833710.73074
   0.181579753562682 -0.00898082562259718   0.0399431039076505 0.186137888895638 1745833710.77755
 0.214812581109297  -0.04571217935983 0.0167778131549073 0.220262442007085 1745833710.80019
 0.269092570568762 -0.047844736153997   0.04970579775698 0.277795962252167 1745833710.83064
  0.35301067076577 -0.133355308534066 0.0622845439437325 0.382465078671234 1745833710.87741
  0.320775070353002 -0.0981111917176883  0.0211870901002749 0.33611210107218 1745833710.90043
  0.249485825630823 -0.0403628013406519  0.0312344262703947 0.254652552131721 1745833710.93057
  0.330030760914382 -0.0774706911339064  0.0258052978697614 0.339982241495991 1745833710.9773
   0.329198033012734  -0.0692315373513296 -0.00752188957734317 0.336483178667664 1745833711.00062
    0.33568913817538  -0.0220848806117396 -0.00899652157222599 0.336535104916209 1745833711.03044
  0.459249568569759 -0.0226085424400443 -0.0210770472020573 0.460288555518743 1745833711.07725
  0.419444507527894 0.00530886576007192 -0.0386626774517865 0.421256076014004 1745833711.10079
   0.366975138867693   0.0510968074433606 -0.00350696906623423 0.370531962332398 1745833711.13033
  0.492181433106954  0.0375670712722484 -0.0126842988205978 0.493776001214882 1745833711.17718
   0.47837866036935  0.0241771950474424 -0.0353458641332806 0.480291588067565 1745833711.201
  0.432911019364798  0.0474859042481912 -0.0067477263941259 0.43555986224769 1745833711.23014
  0.592231299607434 0.00712566602574695 -0.0159504293742255 0.592488905844019 1745833711.27711
 0.554929476520396 0.0196182191049241 -0.030970014362391 0.556139137466207 1745833711.3011
  0.445822524816614  0.0658904691874013 -0.0259843471917657 0.451413849878998 1745833711.32992
  0.613579121155682  0.0749121662461174 -0.0453399386193217 0.619795837840066 1745833711.37706
 0.587582036819507  0.088516403512446 -0.050851604771714 0.596383844006188 1745833711.40206
   0.470863443534233    0.134102324375048 -0.00363264290794509 0.489600870050496 1745833711.43005
   0.627401623525385    0.148917785208051 -0.00762642307392114 0.644877869276394 1745833711.47702
  0.599117379410772   0.141964417642767 -0.0234947369765719 0.616155445366085 1745833711.5034
   0.447058783050355     0.18943427683509 -0.00309883309183718 0.485547632585135 1745833711.53049
 0.388238445167693  0.117866846759098 0.0105419700948842 0.405872907453358 1745833711.55342
  0.475758920171429   0.105341230075378 0.00236787237690121 0.487287319449287 1745833711.60445
  0.463218623573162   0.111670219375976 -0.0181190256349479 0.476833335884199 1745833711.63089
 0.424073140584281 0.0910477004758341 -0.023268801607177 0.434360621437058 1745833711.65339
  0.474741007642493  0.0653557063518741 -0.0313016956509504 0.480239720182314 1745833711.70517
  0.365080480710448   0.109963585890236 -0.0428663079509182 0.383683812500546 1745833711.73105
  0.305512498553592    0.03673005589814 -0.0121420720665139 0.307951966535055 1745833711.75331
  0.350837915982349  0.0254282651223948 -0.0320626011602325 0.353216435562011 1745833711.80567
 0.238705215483144 0.0750210604187042 -0.022907347148569 0.251262981671766 1745833711.83115
   0.19435619990685  0.0325639043443768 0.00454264403557565 0.197117670246011 1745833711.85302
  0.224736523586281  0.0471611585282877 -0.0135421550807977 0.230030584643889 1745833711.90578
 0.0963972569523862   0.109826500200491 -0.0015515307520492 0.146139312102895 1745833711.93108
0.0649076419149007 0.0424886381549526   0.02218166211704 0.0806865074562656 1745833711.95294
0.0916589670461193 0.0546236032067057 0.0101635595943347 0.107183964336429 1745833712.00564
-0.0247640943310192  0.0922870804274865 0.00855604476365962 0.0959342039309377 1745833712.03095
-0.0458018880351727  0.0318097413696523  0.0192197944960435 0.0589836680281992 1745833712.05292
 -0.0403564661307176   0.0333950753821058 -0.00965492636080238 0.0532643691539551 1745833712.10542
 -0.194240116528434   0.074161312665104 -0.0235693639657377 0.209247791106478 1745833712.13089
 -0.247346130089868 -0.0288394759468212 0.00968730686353478 0.249210086789419 1745833712.15258
 -0.247861470032091  -0.041002301347187 -0.0212665400764469 0.252128464813194 1745833712.20503
 -0.421596478445242 -0.0140095706193016 -0.0344066797051231 0.4232300536525 1745833712.23078
 -0.468792392213001  -0.113823247297009 0.00354590880806018 0.482425758113411 1745833712.25276
 -0.486509874927404 -0.0877987341452612 -0.0315324715165812 0.495373367147784 1745833712.30409
 -0.639285814564669 -0.0283043183490253  -0.017732842080952 0.640157746832047 1745833712.33045
 -0.882471146432449 -0.0830112521546332 0.00321622128913234 0.886372684794303 1745833712.37622
  -0.747933237873611  -0.0820193674004277 -0.00609403636424057 0.752441653700856 1745833712.4024
 -0.655515338835396 -0.0691700375210911  0.0175040940916626 0.659387023567437 1745833712.42975
 -0.857328920324063 -0.0422233379141279  0.0309905478785145 0.858927297241417 1745833712.47606
 -0.709358131226925 -0.0686146293271283  0.0166015921859052 0.712862215690074 1745833712.50042
 -0.667924177816537 -0.0253699321064849  0.0114462544593803 0.66850382011484 1745833712.529
-0.890780680973857 0.0419155112232757 0.0103195085373755 0.891826005414627 1745833712.57595
 -0.679257368708645 -0.0579062682668784 0.00849133597569256 0.681774018012009 1745833712.59954
 -0.540247872317594 -0.0361680085995837  0.0072359158668042 0.541505537246092 1745833712.62879
 -0.679843841542325 0.00762542326014178 0.00338875817725753 0.679895050463604 1745833712.67587
 -0.540744398831348 -0.0565559368119376 -0.0113912380482206 0.543813239228711 1745833712.69925
  -0.524601237677626 -0.00543818847972182  -0.0125529294768384 0.524779580876856 1745833712.7289
 -0.675873373931482  0.0190847020130459 -0.0252688063636649 0.676614776675396 1745833712.77582
 -0.512006954972369 -0.0554355166638628 -0.0264374086313173 0.515677374938058 1745833712.79881
 -0.418597018944165 -0.0316028000269866 -0.0219342511105549 0.420360931355743 1745833712.82885
 -0.518136639764573 -0.0233724690184128 -0.0259971486008654 0.519314645961305 1745833712.87577
 -0.374200789153636 -0.0662353560596233 -0.0366161770469737 0.381777549650427 1745833712.89831
 -0.303190314284174 -0.0435332527199135  0.0104878977681312 0.306479210987804 1745833712.92889
  -0.38629206774371 -0.0548758276226812  0.0167151308487246 0.390528249500948 1745833712.97568
  -0.265143773089565  -0.0982149739197038 -0.00702088901331093 0.282836868871008 1745833712.9981
 -0.206636999296532 -0.0777282176868477  0.0196100690208317 0.221641783312738 1745833713.02895
-0.223941604746205 -0.100922306964773 0.0253823803399082 0.246940113410351 1745833713.07556
-0.140670125956307 -0.110555549710533 0.0123676812342426 0.179342057107286 1745833713.09782
 -0.116173728949119 -0.0871599713643567  0.0127833326071756 0.145796466002179 1745833713.12901
 -0.101840070532528 -0.0977143701251604 0.00953222976830377 0.141457984926206 1745833713.17547
-0.0368868882303932 -0.0709855115671518 -0.0104685684905914 0.0806794664212274 1745833713.19773
 -0.0687417577160141 -0.00826835362712461  -0.0191936595665184 0.0718483924186601 1745833713.22898
-0.0568673082988403  0.0132891221959131 -0.0208615816704124 0.0620136848742642 1745833713.27538
0.00133416748147637  0.0163669510492617 -0.0267963422356512 0.0314277114459151 1745833713.29765
 -0.0158703295023015   0.0635727392713167 -0.00192947336175526 0.0655521426379349 1745833713.32889
 -0.0336995056661502   0.0716870191374229 -0.00482075925362728 0.0793594677069696 1745833713.37529
 0.0211492854321514  0.0574510643620565 -0.0363722261684052 0.0712099424734312 1745833713.39749
 0.00902459128579315   0.0921279061665769 -0.00772152883865239 0.0928903458391632 1745833713.42869
 -0.0121831930297673   0.0691770635215754 -0.00943866960209578 0.0708730187993018 1745833713.47519
  0.036712258179258   0.029469218636558 -0.0325634030398341 0.0572415929652942 1745833713.49733
 0.035730662856156  0.036973715209924 0.0234089878433608 0.0564952794170935 1745833713.52856
0.00943572610868626 -0.0224962999776299  0.0262239851877989 0.0358163906474613 1745833713.57505
  0.043143417989812 -0.0249706141564199 -0.0161356892175375 0.0523951004743515 1745833713.59724
 0.0214946786078164 0.00685044535989888 0.00164414647760374 0.0226197486219917 1745833713.62842
-0.00178203347117672  -0.0209404165616988 0.000744457286738751 0.0210292868571818 1745833713.6749
 0.0421091729072617 -0.0198738611161264 -0.0244119994223759 0.0525746946200815 1745833713.6971
  0.0431527572055806  0.00739502595647613 -0.00294354503584943 0.0438806485904529 1745833713.72828
  0.0519747198799159   0.0015752966815919 -0.00531883503437899 0.0522699059914373 1745833713.77477
 0.0774328623414839  0.0111162888209783 -0.0174024927084231 0.0801390466627432 1745833713.79701
  0.079746229170868  0.0466731873483202 0.00232364966066685 0.0924296858805087 1745833713.82814
  0.111307844260105  0.0474931281448826 0.00236583594770715 0.121039789303144 1745833713.87462
  0.134457445347902  0.0224962848832032 -0.0159012688249789 0.137250638589678 1745833713.89698
 0.156385896118541 0.0254565501558746  0.043146343876542 0.164213858856524 1745833713.92782
  0.198817417776591 -0.0187651445906282  0.0526142944940049 0.206515762710648 1745833713.97447
  0.206475274312838 -0.0234206255032808 0.00395846883353804 0.207837037308158 1745833713.99694
   0.211682272400607 -0.00244850187767542     0.03319116188385 0.214282600407335 1745833714.0275
   0.26739847913376 -0.0693402751518644   0.044089344124987 0.279738968802266 1745833714.07433
  0.265714114447651 -0.0590872074108239   0.011595579292583 0.27245136475239 1745833714.09714
 0.252693581636245 -0.019790072418338 0.0115602918897341 0.253730828862108 1745833714.12749
  0.340874513270613 -0.0375113124594205 0.00427293423300466 0.342958875562166 1745833714.17422
   0.346278796376298  -0.0201564831684678 -0.00674997448916162 0.346930613796394 1745833714.19737
  0.35021816506668 0.0338033468785594 0.0110582110201696 0.352019478770467 1745833714.2274
  0.500031937196717   0.029575515517885 0.00415120892404083 0.500923029886211 1745833714.27414
  0.467621118341299  0.0415278635048157 -0.0164199220007963 0.469748536564568 1745833714.29745
 0.449658263705913  0.067871061082587 0.0201133140129108 0.455196199953465 1745833714.32715
 0.604607422300384 0.0692023335373373 0.0201742928485672 0.608889234721446 1745833714.37404
     0.55961127130041    0.0691373079421608 -0.000996987683822254 0.563866771764743 1745833714.39758
 0.480889447924077  0.110645215005349 0.0148960519162554 0.493678961564087 1745833714.42688
 0.623231453525993  0.100402183133394 0.0153699478568246 0.631454098362815 1745833714.47394
   0.593964615781701   0.0738528715629957 -0.00799533585907081 0.598591794827079 1745833714.4977
  0.524839855297663  0.0958800378930497 0.00180664598861481 0.533528930185583 1745833714.52657
 0.678507225442531 0.0426474835848627 0.0060347073556041 0.679872988525585 1745833714.57387
  0.623580471630347  0.0227688934109841 -0.0235715424867699 0.624441065850968 1745833714.59847
  0.460984617134739  0.0405997790551104 -0.0351583607102569 0.4641026498761 1745833714.62668
  0.572635080137168 -0.0521366410649563 -0.0281945092396667 0.575694445601573 1745833714.67382
  0.565477365233727 -0.0559715281483158 -0.0262371586626316 0.568846069732071 1745833714.70015
    0.43767789067391 -0.00680813530675267   0.0197995302211567 0.438178397559826 1745833714.72735
  0.565390322463851 -0.0674974089226297  0.0307482427358325 0.570234663431107 1745833714.77377
  0.539179057416287 -0.0445433522504547  -0.010916546435757 0.541125990109612 1745833714.8016
  0.327612386739556  0.0314100903128228 -0.0186923303920154 0.329645071150977 1745833714.82798
  0.408876624848907  0.0010313215245196 -0.0251216244851238 0.409648939933563 1745833714.87374
  0.424461739057814 0.00678598137713153 -0.0312325776228559 0.425663354509408 1745833714.90257
  0.298271025752929  0.0483802923605833 -0.0144318981836126 0.302513697504398 1745833714.92835
  0.248228877039215 0.00441349288371597  0.0123391172453119 0.248574552458569 1745833714.95023
  0.293320707085562 0.00917921125023964 -0.0184058302226098 0.294040932032487 1745833715.00306
  0.225263474165564  0.0240836032993614 -0.0565382807330809 0.233495674326685 1745833715.02856
   0.198904390523864 -0.00897610446536258  -0.0467007378129541 0.204510356542932 1745833715.05016
  0.241453393084929 -0.0271565948295797 -0.0680320563480025 0.252320396254249 1745833715.10336
  0.148615390236447 0.00225858782629236 -0.0472859017998634 0.155973048771661 1745833715.12867
  0.117519600364128 -0.0412174057868829 -0.0149839270952374 0.125436235118646 1745833715.15171
  0.150513259066122   -0.04140261457779 -0.0271887976932953 0.158453931376251 1745833715.20347
0.0205546078054382 0.0348408098630184 0.0305772885387197 0.0507084264035722 1745833715.2286
 0.018028250467465 0.0254813891870165 0.0381252775699659 0.0492732767289207 1745833715.2499
 0.039111038118658 0.0503138170475985 0.0117163492965686 0.0647952647147732 1745833715.30327
   -0.10936185826631    0.100330026546786 -0.00311392783066961 0.148444692787833 1745833715.32846
 -0.138051897141137  0.0731103962679424 0.00506279257725607 0.156298074893464 1745833715.3516
 -0.131542789315914  0.0715010745314402 -0.0304839547549694 0.15279129745396 1745833715.40278
 -0.276939738653612  0.0973107287842609 -0.0632667080542387 0.300279325179199 1745833715.42815
 -0.422417407371692   0.051199260770895 -0.0487381223333869 0.428291063323404 1745833715.47321
  -0.368765486695114 -0.00018095956001531  -0.0444983502103634 0.371440601032374 1745833715.50205
  -0.367248638851404  -0.0401297178818117 -0.00188672884631545 0.369439462891043 1745833715.52779
-0.546801497466958 -0.167895407214882  0.038375045507554 0.573282992520854 1745833715.5731
-0.489352682247028  -0.15735929942396 0.0334762935817778 0.51512004326131 1745833715.60122
-0.545640391611622   -0.1037819057134 0.0446910012869703 0.557217557608894 1745833715.6274
-0.727319879668827 -0.123097128893217 0.0831554785736101 0.742335466025999 1745833715.67295
-0.630752837204937 -0.124643275488269 0.0594051866404007 0.645688829054912 1745833715.69986
-0.635093105198276 -0.084573779881639 0.0421017505825108 0.642081407545779 1745833715.72705
 -0.811198601345733 -0.0368010323376991  0.0491679218334762 0.813520111210421 1745833715.77283
 -0.684919889486806 -0.0472303014247384  0.0248283987563285 0.686995200690728 1745833715.79776
 -0.665349143253156 0.00255689721235841  0.0180140862102945 0.665597872181887 1745833715.82618
-0.859042612599118  0.100701917036068 0.0153649630876923 0.865061366867429 1745833715.87276
 -0.677477796137255  0.0170184434603908 0.00739210398272351 0.677731831094053 1745833715.89663
-0.598338417053452 0.0452909878968106 0.0184334498981971 0.60033317997746 1745833715.92584
-0.752404627173547  0.136122607773802 0.0235522677504024 0.764981566219403 1745833715.97269
 -0.570666168947004  0.0329977505693689 0.00422796713283497 0.571635026594212 1745833715.99618
  -0.490904639813496   0.0529665171477842 -0.00171420573455684 0.493756778009665 1745833716.02589
 -0.632180726947804   0.121843031424148 0.00452549384242644 0.643831248018763 1745833716.07264
 -0.465966467238775  0.0359820343814125 0.00143666739089087 0.467355880889929 1745833716.09569
-0.372521276272655 0.0768953374281074 0.0292858292279563 0.381500529472188 1745833716.1259
-0.446018576843477  0.121238916718256  0.029580780384899 0.463148430186993 1745833716.17259
  -0.319620177389386   0.0487152075800768 -0.00596436154850792 0.323366360112912 1745833716.1952
 -0.281674576430938  0.0848186076198518 -0.0157161374461734 0.294587440639186 1745833716.22585
  -0.37047350538296   0.108859155253203 -0.0102685798208579 0.386272413724713 1745833716.27255
  -0.236565732154489   0.0246568152391894 -0.00763267362198575 0.237969665869725 1745833716.29492
 -0.120281082939251 0.00718314641159004   0.038181422251151 0.126399990152413 1745833716.3258
   -0.15716578100004 -0.00617812418137595   0.0445938988019098 0.163486598062679 1745833716.37249
-0.0852934150439285 -0.0235016367549457 0.00361310395128516 0.0885457401582937 1745833716.39475
 -0.117513918294511  0.0252480213238617 -0.0138079924333648 0.120986132381935 1745833716.42574
  -0.14947621907743  0.0189568705258552 -0.0274850160001697 0.153159815599091 1745833716.47244
-0.0584619430189037 -0.0210978310193167 -0.0311374397164766 0.0695158788145729 1745833716.49465
 -0.0280998096714646   -0.009153474419292 -0.00835029601434776 0.0307101423155999 1745833716.5257
-0.0372339036616113 -0.0259519604002924 -0.0162368998554435 0.0482027462642555 1745833716.5724
2.57841732679773e-05  -0.0266371201852833  -0.0347357665698134 0.0437733973525175 1745833716.59461
-0.0181325360866856   0.015127818897963 -0.0156496406835403 0.0283293314970269 1745833716.62565
 -0.031616011715958 -0.0129031704958072 -0.0208054605613275 0.0399866377035681 1745833716.67235
 0.0105087472282578 -0.0117302334816184 -0.0320919947352759 0.0357481226350374 1745833716.69451
-0.000521176427698984    0.0212758604029899   -0.0133135238588726 0.025103461480383 1745833716.7256
-0.00735252914195834   0.0174233096776577  -0.0189555313474854 0.0267758020154843 1745833716.77229
 0.0242276663877165  0.0178729558864803 -0.0288713064864265 0.0417130040748413 1745833716.79444
 0.018704943487122 0.0332174171781179 0.0157920413817686 0.0412633043495676 1745833716.82552
0.00312940757348001 0.00843440398794602  0.0207798978906559 0.0226436860678406 1745833716.87218
 0.0346343421626843 -0.0047208522052994 -0.0166546254553165 0.0387195125439751 1745833716.89438
 0.0235921851213765 0.00549409942275171  0.0177518396557955 0.030031718872443 1745833716.9254
 0.018950540197345 -0.035071951168068 0.0224393328953922 0.0457459112194387 1745833716.97205
  0.0505822033975156  -0.0245630835129903 -0.00351652348373379 0.0563406630208185 1745833716.9943
  0.0571746517850395 -0.00172747857493623   0.0183004350669632 0.0600568972942119 1745833717.02526
  0.074998619907117 -0.0266253227372726  0.0191984774753995 0.0818674681189638 1745833717.07192
   0.104756684866467  -0.0311898624103519 -0.00984638965368684 0.109743892452388 1745833717.09429
 0.0987613549878625  0.0154011308331545 0.00883032834175765 0.100344281195302 1745833717.1252
   0.127800485359787 0.000390298140732659  0.00228939018280988 0.127821585415942 1745833717.17182
  0.157984180128866 0.00369516049693249 -0.0153514323949888 0.158771287891312 1745833717.1943
 0.204955531909367 0.0187728896388617  0.010420130711714 0.206077098605579 1745833717.22505
  0.287869564471273 0.00141239389713808 0.00112671025722014 0.287875234227268 1745833717.27173
  0.268302281630746  0.0195919276098141 -0.0159470923029041 0.269488900900668 1745833717.29433
  0.273859523498537   0.050285694888723 0.00917295794079831 0.278589003513547 1745833717.32481
  0.379274372321063  0.0302757883972735 0.00382806574075732 0.380500101116844 1745833717.37166
   0.386699779372013   0.0299212750221253 -0.00926790232023773 0.387966359467842 1745833717.39459
 0.411647769628385 0.0493096230248108 0.0170096708537365 0.414939337813885 1745833717.42469
 0.561169798797787 0.0358645567909331 0.0052876196970719 0.562339549061437 1745833717.4716
  0.521263383798251   0.038730400515717 -0.0106863119073779 0.522809483918465 1745833717.49475
 0.498742781179169 0.0718091855038897 0.0246899192694476 0.504490349773508 1745833717.52456
 0.662274608877072 0.0211373126164199 0.0328975665091988 0.663427986619611 1745833717.57152
  0.622669230688192 0.00189750517127994 0.00712185866167908 0.622712848946043 1745833717.59495
 0.569084008050605 0.0310579015278877 0.0213695715729106 0.570331359873773 1745833717.62427
  0.750421957899821 0.00114285812238837  0.0234132268639041 0.750787986195217 1745833717.67147
   0.684709864013759   0.0204516194630384 -0.00589095510316285 0.685040560819889 1745833717.69513
 0.511947127041691 0.0768977831976914 0.0169631207169045 0.517968027402674 1745833717.72395
 0.674212017801415 0.0390295128999694 0.0246048151836188 0.675788831481613 1745833717.77144
   0.636470355970249   0.0308205781398942 -0.00659961162290423 0.637250325177905 1745833717.79639
   0.497079671110952   0.0750171668996656 -0.00203007310758258 0.502712538095328 1745833717.82433
  0.621967408443403  0.0238206852769697 0.00417903633277828 0.622437423808641 1745833717.87144
  0.581617501393932  0.0480780975975355 -0.0224802866762516 0.584034061237326 1745833717.89782
  0.387202155569792  0.0959228839701264 -0.0201437272864403 0.399415170838603 1745833717.92493
    0.32404156319924   0.0167926342090561 -0.00105071972675421 0.324478090564264 1745833717.94803
   0.40714339596132  0.0159573554537476 -0.0157759701362162 0.40776128224947 1745833717.9989
   0.402179621661307   0.0540976370846793 -0.00306547544292501 0.405813257000642 1745833718.02527
 0.357381795508197 0.0262189060664033 0.0026348653090091 0.358351951733457 1745833718.04793
 0.398327214239931 0.0156914812617002 -0.019835620745363 0.399129357525457 1745833718.09952
  0.278630262487714  0.0702075547037061 -0.0217159786570522 0.288158823638076 1745833718.12546
  0.211919780283725  0.0110221930259347 0.00504040831227175 0.212266077672711 1745833718.14761
  0.249442166161528  0.0123362118123915 -0.0104371460283864 0.249965018349475 1745833718.19992
   0.142056393517363   0.0712894703434286 -0.00038376297250043 0.158941356465287 1745833718.22556
0.0851174531462043 0.0177674929963584 0.0307490921203235 0.0922289070936877 1745833718.24766
  0.11236382536072 0.0334361752892576 0.0174190172993527 0.118520163817569 1745833718.29995
-0.0193587463821744   0.109666648875834  0.0121271853077304 0.11202054972474 1745833718.32549
-0.0460617566598009  0.0726296168542518  0.0190066068155066 0.0880794968969589 1745833718.34759
-0.0384415160086672  0.0908787559490568 -0.0104276143085293 0.0992241582280258 1745833718.39968
-0.166417217684883  0.110847647209396 -0.023068546111437 0.201281020102572 1745833718.42545
  -0.238112436124094 -0.00821962851954015   0.0052387704311995 0.23831185292717 1745833718.44755
  -0.223143673846631  -0.0218090399685145 -0.00953181759696503 0.224409422593665 1745833718.49936
 -0.334076665695421 0.00686968246608083 -0.0144588734836304 0.334459967891182 1745833718.52546
 -0.390457112211287 -0.0940713525826019  0.0228153003780513 0.402276911821246 1745833718.54779
  -0.385788877018609  -0.0754827049044112 -0.00837741086056126 0.393193180744138 1745833718.59867
  -0.512787901397789  -0.0277935019824842 -0.00981640287320444 0.513634376125438 1745833718.62527
 -0.718747821753212 -0.0843593198425801   0.013554084387071 0.723808427225645 1745833718.67109
 -0.599424747024654 -0.0884917873996393 0.00342705496936888 0.605931158209014 1745833718.69748
 -0.543777924175746 -0.0630357886223247  0.0139985836773705 0.547598303332921 1745833718.72486
 -0.715262718981778 -0.0529362358939995  0.0164503371861857 0.717407566052498 1745833718.77107
 -0.603828712031551 -0.0589715925136052   0.010016970727622 0.606784230101467 1745833718.79584
 -0.601525507228625 -0.0186187633976607  0.0116568671246806 0.601926471214114 1745833718.82434
-0.807361620444453 0.0115631196360738 0.0101125873063521 0.807507743817011 1745833718.87105
 -0.637302183015367 -0.0607926943369475 0.00300832663805146 0.640202213515432 1745833718.89482
 -0.550641696621017  -0.031984337038506 0.00998468496370552 0.551660194147892 1745833718.92404
   -0.72092590100995 -0.00476633395375904  0.00831581403041354 0.720989615354725 1745833718.97103
 -0.572679605968835 -0.0641543370143236 -0.0067759639764465 0.576301677715914 1745833718.99464
 -0.531483182440527 -0.0133607638326885  0.0094060636192439 0.53173429197308 1745833719.02431
 -0.684223458225585  0.0221703348703741 0.00552441209261758 0.684604837598605 1745833719.07102
  -0.514477513255816  -0.0508809073569981 -0.00984371334667115 0.517081112662038 1745833719.09424
 -0.433495954090672 -0.0248315755287447 -0.0194303786829111 0.434641103638374 1745833719.12429
 -0.535769728646887 0.00496147699865483 -0.0276671353183366 0.536506559852804 1745833719.171
 -0.387476154878084 -0.0488814571871889 -0.0264357460274341 0.391440948450562 1745833719.19388
  -0.33081672432798 -0.0149568375189434 0.00742464001060613 0.33123788636409 1745833719.22431
  -0.408153411650449  -0.0070205157342527 -0.00422761232341504 0.408235676771437 1745833719.27094
 -0.283818730099703 -0.0653104012611317 -0.0218065830331719 0.292051446036278 1745833719.29359
  -0.200320932322079  -0.0473424131180914 -0.00585624104697319 0.205922498929649 1745833719.32433
 -0.232309123489265 -0.0536933684926017  -0.011419402280208 0.238706743568066 1745833719.37083
 -0.143283791013958  -0.078266351268667 -0.0116508844691128 0.163681427221156 1745833719.3933
 -0.108709559985905 -0.0601284843756938  0.0303467697709493 0.127883265133395 1745833719.42431
 -0.126131175206626 -0.0753956923264639  0.0359559134150483 0.151282555140709 1745833719.47068
-0.0770959362724758  -0.105090562310254 0.00648825645801589 0.130498686385266 1745833719.4931
-0.0896097080943318 -0.0922214415035238   0.017630379984182 0.129790309176478 1745833719.52434
-0.099003298293661 -0.125830903038749 0.0129798461860763 0.160634820756849 1745833719.57057
-0.0470925040573163  -0.106845717902687 -0.0243204136198181 0.119269417250056 1745833719.59305
-0.0634254292896095 -0.0408781669121169 -0.0469085598568437 0.0888494378063769 1745833719.62436
  -0.049901355379889 -0.00511204410430841  -0.0586736561756195 0.07719375747228 1745833719.67049
-0.00480468711556027  0.00628612647770721  -0.0458289690742373 0.0465069329324087 1745833719.69292
-0.00766987449773714    0.048567167123262  -0.0126386451314604 0.0507674309764527 1745833719.72428
-0.0122692094042826  0.0537901836154212 -0.0204935116803599 0.0588549180084376 1745833719.7704
 0.0217501686969618  0.0452911519449581 -0.0360863237580672 0.0618593650567125 1745833719.79277
  0.0114299174009783   0.0674873959343471 -0.00586934288616945 0.068699641976563 1745833719.82412
 -0.0281567204461614   0.0342889712756706 -0.00832283814243589 0.0451420435090419 1745833719.87029
 0.0182449827965959 0.00922530822267825 -0.0149186451166731 0.0253091224891091 1745833719.89265
0.0355208813356949 0.0131436064062781 0.0166475237284624 0.0413718194731316 1745833719.924
-0.00150753555563138  -0.0324369951198266   0.0191096960645804 0.0376777361254068 1745833719.97016
 0.0222542928870197 -0.0321446909329837 -0.0141901735802752 0.0415920152591412 1745833719.99252
 0.00827278442628082 -0.00399876175760345 -0.00359549138661946 0.00986694563018572 1745833720.02387
 0.00115880121085469  -0.0234126850642935 -0.00271577104597796 0.023598136675175 1745833720.07002
 0.0317054379330747 -0.0183511733367328 -0.0145686307914195 0.0394239186344985 1745833720.09244
 0.0388827153198357 0.00345149130219593  0.0188927717849129 0.0433672130597451 1745833720.12373
  0.055637094418669 -0.0330287092374894  0.0207301323282515 0.0679420362926614 1745833720.16988
 0.0802396130659438 -0.0300440700020203 -0.0161362569356037 0.0871861252445049 1745833720.19235
  0.0742182578101288 -0.00203424288745801 -0.00783909442761489 0.0746588195589844 1745833720.22353
  0.107336013232491  -0.020761456114527 -0.0134524493604673 0.110150016751868 1745833720.26974
   0.125774745491714 -0.00267943037480815  -0.0240526307705342 0.128081985453157 1745833720.29227
  0.131407266761279  0.0286941046094618 0.00349006310231224 0.134548883077738 1745833720.32334
   0.184558486758195   0.0227809774471954 -0.00425443884491055 0.186007817625522 1745833720.36961
 0.181029365691606 0.0244073768729529 -0.013476687298156 0.183163785692084 1745833720.39224
 0.188467395927892 0.0379776163038456 0.0234259510959629 0.193677654500238 1745833720.42309
 0.251081595551602 0.0120597756689088 0.0272628833055884 0.25284515146638 1745833720.46946
   0.252814860605343  0.00374287340064254 -0.00943593509010274 0.253018575830346 1745833720.49237
 0.248867683243584 0.0194343627139427 0.0266738132711044 0.251046431027305 1745833720.52288
  0.327364164653897 -0.0105894323672121  0.0293191761309984 0.32884501891682 1745833720.56931
   0.314445824354086  -0.0206091857461726 -0.00839454676730526 0.315232268979985 1745833720.59256
   0.325284126485756 0.000854482500635499   0.0176774037967234 0.325765227869608 1745833720.62275
  0.431090179567403 -0.0522623161637919  0.0223952924713985 0.434823690402374 1745833720.66919
   0.406634663685153  -0.0464797065708757 -0.00518509039783947 0.409315279455441 1745833720.69266
  0.387661092903924 -0.0157290705311423  0.0390286398803539 0.389938150662575 1745833720.72252
  0.510800046312228 -0.0648526115398236  0.0456266629196312 0.516918118182456 1745833720.76907
  0.466368539433531 -0.0334847576499707   0.011927908501827 0.467721197477161 1745833720.79288
 0.381102726728778  0.051266854680688 0.0175440423083222 0.384935542824349 1745833720.82235
 0.539185345810177 0.0880980918729887 0.0210080729353267 0.546738923121958 1745833720.86897
 0.515897897031874 0.0942137558787518 0.0115857884394599 0.524558006756598 1745833720.89296
  0.46144177595401  0.128112843547661 0.0198400630560102 0.479306834271665 1745833720.9221
 0.608950619068854  0.119518743452877 0.0263516290785863 0.62112800198992 1745833720.96891
  0.571283856564298  0.0720133678839665 -0.0096699536680806 0.57588599386416 1745833720.99335
  0.470182604042538  0.0760441385908171 -0.0405286999564939 0.478013564324701 1745833721.02201
   0.593059653865048 -0.00398812093113454  -0.0456561851904433 0.594827828364844 1745833721.0689
   0.569524792231853 -0.00594632108100023  -0.0501555533110152 0.571759938461123 1745833721.09473
   0.44950707761092  0.0427687003942085 -0.0326540662065933 0.452716315804438 1745833721.12245
  0.570135121535096 -0.0312305102182662 -0.0405994430310018 0.572431407550948 1745833721.16887
  0.556395290112908 -0.0307976471788461 -0.0549722510339322 0.559951928575406 1745833721.19636
 0.405611205192902 0.0301287215842546 -0.028315223083284 0.407713062705374 1745833721.22312
  0.519021383775911  -0.024981834114842 -0.0349470638832135 0.520796108017773 1745833721.2688
   0.519439468528643 -0.00357058240017365  -0.0345965884580312 0.520602568623062 1745833721.29744
   0.346144355108116   0.0801560343384504 -0.00443094670500986 0.355331588382997 1745833721.32346
  0.319176478844969  0.0353458061288064 0.00985359793707891 0.321278763772326 1745833721.34565
  0.368999300457393  0.0465922834153143 -0.0108487291709501 0.37208738158734 1745833721.39791
  0.289667775767028   0.100874086854748 -0.0150266201477961 0.307097380369261 1745833721.42348
  0.273558476107788  0.0843342997738337 0.00712283466543102 0.286351617321134 1745833721.44556
  0.302934998879085  0.0971582235445019 -0.0179580862682492 0.318640591906638 1745833721.49798
  0.157767761582726   0.169395580181105 -0.0314435866899432 0.23361127610551 1745833721.52333
  0.110625890866248  0.0953363620997528 0.00415905623039508 0.146097253283879 1745833721.54496
  0.138580272489416  0.0825819766500017 -0.0156376239656642 0.162076556213271 1745833721.59783
 0.0158748929353144   0.121453748980523 -0.0149790997463771 0.123399346823002 1745833721.62313
-0.047423061999589 0.0267168509362664 0.0210311238118763 0.0583527643060551 1745833721.64488
-0.0422335590993992   0.042711148640785 -0.0197216276635254 0.0632207112433607 1745833721.69751
 -0.193733714073651   0.108182258500809 -0.0428509590780288 0.225991941708136 1745833721.72299
 -0.240458908530864  0.0446188966782613 -0.0202712570844699 0.245402234090125 1745833721.74715
 -0.239037346755439  0.0635804076753083 -0.0529342209058686 0.252949309402002 1745833721.7969
 -0.373012033083047  0.0986489766283638 -0.0530547921275308 0.389466825778868 1745833721.82277
 -0.550865054973335  0.0461916797464907 -0.0305670860044551 0.553642779069122 1745833721.86811
 -0.473084657064942 0.00543211597151791 -0.0312502656984065 0.474146791342515 1745833721.89597
 -0.426091599662996 -0.0193896091346797 -0.0053100248004794 0.426565592387792 1745833721.92239
-0.600417852469794 -0.114481836574798 0.0350122154513028 0.612236509611103 1745833721.968
 -0.528715495163367 -0.0977533043540313  0.0133271197111062 0.537841422221988 1745833721.9947
  -0.571749911640971  -0.0359332394360484 -0.00444346960519769 0.572895194237095 1745833722.0219
  -0.744569982106891  -0.0119801349115269 -0.00730666564519949 0.744702201722276 1745833722.06791
 -0.613376785515977 -0.0351546204933788 -0.0197100783231111 0.614699451390229 1745833722.0929
  -0.58749406670574 0.00371943609682632 -0.0137903861561653 0.587667667453012 1745833722.12115
 -0.762695116719526  0.0559098470118976 -0.0140837886088669 0.764871299737599 1745833722.16784
 -0.597763255178962  0.0012606010146391 -0.0184040808950849 0.598047831323432 1745833722.19166
 -0.533516587797469  0.0505024143575797 -0.0137926533869983 0.536078987275619 1745833722.22074
 -0.717395446818248   0.109621456580963 -0.0191006853453861 0.725973778479051 1745833722.26776
 -0.550155559255376  0.0130390886517314 -0.0233418553366666 0.550804865104713 1745833722.29123
  -0.471906547469362   0.0368851922438403 0.000276363715089729 0.473345944662275 1745833722.32076
 -0.637692851199614  0.0487751643813723 0.00556189732893208 0.639579646200081 1745833722.36765
  -0.480109039349517  -0.0380577044599804 -0.00512274942121005 0.481642316554009 1745833722.39073
 -0.410630079072015 -0.0215305162032529  0.0234082740511341 0.411859893969686 1745833722.4207
 -0.525745862760058 -0.0405929532205523   0.026457913153072 0.527973977795213 1745833722.46753
 -0.388096113375211 -0.0919655060833011 -0.0184223334092656 0.399268869177581 1745833722.49034
  -0.35588119120033 -0.0432987743799501 -0.0189347327878512 0.359005195253103 1745833722.52064
 -0.445086781769867 -0.0523434401269741 -0.0203566689456862 0.448616175590167 1745833722.56743
 -0.308308208629603 -0.0957837448752898 -0.0307259376160407 0.324303192295596 1745833722.59002
  -0.238356617601002   -0.064209722972259 -0.00554503530156722 0.246916004128652 1745833722.62071
 -0.290838691044698 -0.0632664588060469 -0.0110237501959916 0.297844442766412 1745833722.66732
 -0.199344034257441 -0.0868169744906593 -0.0209131781390787 0.218432122348386 1745833722.6898
 -0.187551754922572 -0.0282237286585445 -0.0219748407136417 0.190932274009182 1745833722.72065
 -0.206616419301305 -0.0111523897227615 -0.0304518544187869 0.209145968067673 1745833722.76721
 -0.113131452071666 -0.0470826095002077 -0.0224148472627587 0.124570955455136 1745833722.78957
-0.0832507925942025 -0.0243097211719753  -0.013274771888439 0.0877375437296497 1745833722.82058
-0.0821015348034248  -0.037007044754535 -0.0198648214823638 0.0922214427943323 1745833722.86707
-0.0276815411177374 -0.0376942082521973 -0.0299013451142372 0.0555086614327325 1745833722.88938
  -0.065066546691008 0.000207375870154673  -0.0047494103197453 0.0652399831501354 1745833722.9205
 -0.0891464041893672  -0.0175424027700395 -0.00600510088383945 0.0910542613580792 1745833722.96692
-0.0160094401184979 -0.0395787890138463  -0.028832523600759 0.0515179301787121 1745833722.98917
-0.0231914161395824  -0.017591372956683 0.00767924932947994 0.0301043029370341 1745833723.0204
-0.0137839309039286  -0.032358949303831 0.00700507658095901 0.0358632046688146 1745833723.06677
  0.010488244962344  -0.014100784123407 -0.0212604612997709 0.027583375608582 1745833723.08902
-0.0317116199545346  0.0290471164300708  0.0086863026850542 0.0438726984282858 1745833723.12025
 -0.045625704761047  0.0137407476529837 0.00631931220455386 0.0480671071289278 1745833723.16662
 0.0126435036273587  -0.011959838980239 -0.0190333307091282 0.0257907659888442 1745833723.18886
   0.019665914912773 -0.00818248040242293   0.0191306332268166 0.0286300947003575 1745833723.22015
0.0161614577221536 -0.041013085003399 0.0267623116955293 0.0515702160601413 1745833723.26647
 0.0353110263405332 -0.0212866692403451 -0.0123332124230905 0.0430360197653403 1745833723.28877
-0.00795581010384323  0.00988385534198676   0.0028798341989339 0.0130107246471164 1745833723.32006
-0.00628799173635348  -0.0126473048616251   0.0068314603700699 0.0156895510173864 1745833723.36633
  0.0300099237472403 -0.00977198018726087  -0.0137953808084609 0.034444152649555 1745833723.38863
  0.0309531241666629 -0.00491925844826477  0.00610424684773058 0.0319304999794195 1745833723.41997
 0.0359869944426801 -0.0184265156957547  0.0130874024387303 0.0424956509809729 1745833723.46618
 0.0592402194252058 -0.0170636642295792 -0.0110991265987671 0.0626399460866771 1745833723.48854
   0.0518618913241352 -0.000113283140043006    0.0095832381874909 0.0527399948705384 1745833723.51983
 0.0767349102800627 -0.0345626224433622  0.0178049467300188 0.0860223078852834 1745833723.56603
  0.101253756342186 -0.0356577429793162 0.00839541055617735 0.10767674180708 1745833723.5885
   0.12074739510827 -0.0317506540236514   0.044621944613437 0.132586407287651 1745833723.61962
  0.167934594890089 -0.0705516223483293   0.052448760456116 0.189553243312433 1745833723.66588
  0.169765797354247 -0.0519564309308787  0.0123739354442805 0.177969129190368 1745833723.68852
  0.175418116608951 -0.0234937460805493  0.0173462727461428 0.177832406826519 1745833723.71948
  0.274948149067853 -0.0288238916955352  0.0157720278097456 0.276904420819795 1745833723.76575
   0.269711777053616  0.00117584576194049 -0.00459742722305438 0.26975352014709 1745833723.78867
 0.269081854569416 0.0455172167975979 0.0285735329238777 0.27439626139448 1745833723.81924
 0.385333686537702 0.0608351165504509 0.0328191235853933 0.391484426585983 1745833723.86562
   0.374374131631019   0.0474831584407539 0.000716347336814863 0.377374023911949 1745833723.88888
  0.402923062271666  0.0605025679676315 0.00841540456047096 0.407527144954752 1745833723.91907
  0.539306691400818  0.0465318817140022 0.00521067628808907 0.54133545473479 1745833723.96553
  0.491652455807274  0.0443868706917999 -0.0134595067563178 0.493835488713861 1745833723.98902
 0.455101436308514 0.0599148561201852  0.018254888711071 0.459391280147793 1745833724.01877
 0.585221969731939 0.0106802134378929 0.0109673545448038 0.58542215851616 1745833724.06545
  0.538115093302508 0.00954188602742142 -0.0164845870648337 0.538452080355926 1745833724.08916
   0.476869510558502   0.0409695307294426 -0.00456365928644363 0.478647949472865 1745833724.11859
   0.638446198146267   0.0332684548596703 -0.00787555620787128 0.639360901527264 1745833724.16539
  0.590137659440339  0.0445085783157009 -0.0210015761060712 0.592186234923056 1745833724.18926
 0.458597007854414 0.0875652621167835 0.0190729750045302 0.467271515414888 1745833724.21824
 0.584387175358637 0.0561130330434097 0.0273280416413955 0.587710698440084 1745833724.26532
   0.561020649097652    0.032043009155571 -0.00852530971354042 0.561999647736016 1745833724.29009
   0.461007054065039   0.0674633799653182 -0.00810334553339776 0.465987634753224 1745833724.31841
  0.588995737824135  0.0278446697648777 0.00333265098327092 0.589662964219298 1745833724.36527
  0.552295752807217  0.0376391011620464 -0.0176212344487966 0.553857209403901 1745833724.39149
    0.362975351578944     0.136319248405453 -0.000842285701129618 0.387730257762904 1745833724.41893
 0.454467913455083  0.135191182718653 0.0111194854042605 0.474279857468921 1745833724.46526
  0.461964681289267   0.137535587453958 -0.0183642304121784 0.482353241446174 1745833724.49249
  0.362884002134581     0.1795639063936 -0.0253085544402317 0.405670455434451 1745833724.51931
   0.42936047624747   0.172082733043866 -0.0140827709849481 0.462775550363148 1745833724.56525
  0.420033763438096   0.164020734633526 -0.0272138380586257 0.451743020753584 1745833724.59297
  0.296610335735959   0.186572091686967 -0.0156818624285451 0.350760256401828 1745833724.61936
 0.206282765805388 0.0493593026782274 0.0209898651616558 0.213141958958592 1745833724.64197
   0.265461970450272   0.0448263072228453 -0.00342226447017861 0.26924183825825 1745833724.6933
  0.230323650944773  0.0730864723808534 -0.0307446105619493 0.243589506564246 1745833724.71935
  0.204387367662431  0.0359937416591444 -0.0063414308336507 0.207629379529057 1745833724.74213
   0.23333714870006  0.0241974797531894 -0.0191630634689306 0.235369849367744 1745833724.79356
  0.104154736928135    0.07286579648019 -0.0106411889889504 0.127557314272291 1745833724.81938
 0.0412716273799017 0.00424160673727691  0.0272635428039727 0.0496451328986359 1745833724.84209
 0.070227019077376 0.0142627621117145 0.0134514220698142 0.0729122852971279 1745833724.89362
-0.0866898419358635   0.082476756117189  0.0078631112468345 0.119914021335953 1745833724.91944
-0.126292276247013 0.0294385137821257 0.0325916707450889 0.133710815326616 1745833724.94205
  -0.121045621042348    0.046725081269662 -0.00665604910915177 0.129921432346352 1745833724.99332
 -0.282942265770377   0.111066079891209 -0.0464816829411833 0.307493978332454 1745833725.01937
 -0.341425502000395  0.0129264637206611 -0.0120416121948929 0.341882241868154 1745833725.04181
 -0.356417573356675  0.0462097490794537 -0.0465368803924715 0.362401033034 1745833725.09258
 -0.520407545928168  0.0954711685768357 -0.0563002057225361 0.532079384164436 1745833725.11925
  -0.76068068011864  0.0632164527304044 -0.0405932480596437 0.764381598934461 1745833725.16512
 -0.639938043273829  0.0376920753313933 -0.0476770081382091 0.642817617117745 1745833725.19105
 -0.586502371171449  0.0246734938141184 -0.0211567739717668 0.587402265718834 1745833725.21876
   -0.809387437297576    0.0135167316502705 -0.000227499445094898 0.809500325784765 1745833725.26506
   -0.69099295263321 -0.00163673011343909  -0.0205303623324613 0.691299815746922 1745833725.28927
  -0.67363828797379  0.0333732372651499 -0.0467099047076608 0.676079973958417 1745833725.31804
 -0.934927857382157   0.066644700916261 -0.0490184318453306 0.938581068064972 1745833725.36501
 -0.720621849841492 -0.0164082195206516 -0.0419690180860341 0.722029416724774 1745833725.38838
  -0.588552479236665 -0.00742511523487607  -0.0268806764993493 0.5892128002012 1745833725.4177
 -0.799649954306222 0.00389749878047961 -0.0373397127717773 0.800530757728 1745833725.46494
  -0.62482578840981 -0.0653981501813359 -0.0406794044278367 0.629554602757921 1745833725.48792
 -0.537101927144598 -0.0303190503875194 -0.0226003729562623 0.538431520080877 1745833725.51756
 -0.712258134864992 -0.0268211628467002 -0.0295086200915247 0.713373523560773 1745833725.56485
 -0.508033443573681 -0.0992658120433818 -0.0436351250112736 0.519476376137274 1745833725.58755
 -0.401301730215997 -0.0764007479755015 -0.0244710197274727 0.409241962379313 1745833725.61762
 -0.497823660408917 -0.0723855777253629 -0.0304830725379821 0.503981434615327 1745833725.66473
  -0.35610014349078  -0.117825934948098 -0.0446162046263407 0.377731212445843 1745833725.68714
  -0.276073605358053  -0.0988116130186351 -0.00717337489213087 0.293311826815902 1745833725.71759
  -0.335850735620375   -0.121275077752485 -0.00733856513053046 0.357151530360425 1745833725.76457
 -0.198007769512409  -0.179952054124624 -0.0250284875290182 0.268730801656492 1745833725.78698
 -0.130012101295133  -0.165701940735147 0.00611462393170302 0.210707542039663 1745833725.81771
 -0.13311029638156  -0.21175229429733 0.0058489453896159 0.250183123541818 1745833725.86441
-0.0571283530583504  -0.207641986963133 0.00406946140106485 0.215395923799064 1745833725.88687
-0.0736716668175616  -0.156014970962088  0.0313054776590538 0.17535169969932 1745833725.91782
-0.0642237290942397  -0.176878936201938  0.0345094752702279 0.191315836600439 1745833725.96425
 -0.0137219741814066   -0.136212198991423 -0.00786632099681641 0.137127439761483 1745833725.98678
-0.0534255008887141 -0.0659826137032149 -0.0214829356177073 0.0875757156926065 1745833726.01792
-0.0380610642180144 -0.0559990502344716 -0.0342803341258296 0.0758925526277065 1745833726.06415
-0.00474524566811164  -0.0236308068723179  -0.0327904986653812 0.0406958129616781 1745833726.08669
-0.0317310613047136    0.02337437189251 -0.0113168395181248 0.0410035653275645 1745833726.11789
-0.0486530907094859  0.0325341252339201 -0.0243142312848927 0.0633780276065539 1745833726.16406
-0.00714908682175347   0.0191807045197001  -0.0319997127513752 0.0379867145779618 1745833726.18654
  0.0186906878453326    0.012872183768129 -6.1418311106929e-05 0.0226944640672805 1745833726.21773
 0.00205916486555402   -0.035708931188479 -0.00662968803994928 0.03637747503709 1745833726.26395
 0.0217046794947426   -0.03068351334991 -0.0268049380884202 0.0461635766528943 1745833726.28643
 0.00659072501575077   -0.014426497300374 -0.00355421936185762 0.0162540442925182 1745833726.31761
 -0.00691626667941101   -0.0455631673251702 -0.000250952994265362 0.0460857889038207 1745833726.36382
 0.0224549002022816 -0.0341233114097207 -0.0250114802941931 0.0478977773092449 1745833726.38634
 0.0053630784009133 -0.0127001077353505 0.00742828282581038 0.0156599722912935 1745833726.41752
-0.00425495810395931  -0.0379872889529759   0.0121997999064343 0.0401244801613724 1745833726.46367
 0.0300160947504078 -0.0277735971046149 -0.0212433155290459 0.0460827201330557 1745833726.4862
 0.00976565527731211  0.00189648702385081 0.000884729533367103 0.00998736363482077 1745833726.51738
 0.0180173323914091 0.00646906756801537 0.00587201112596319 0.0200238262169223 1745833726.56353
  0.04378584563638 0.0226204944710871 -0.021124298385392 0.0536201737267277 1745833726.58605
0.0430453399511836 0.0427794025977135 0.0105818872927972 0.0616032054101707 1745833726.61722
0.0698257658856889 0.0438000598580212 0.0189121523437415 0.0845680337442119 1745833726.66336
 0.0904260022252035  0.0453536211123461 -0.0183537161607761 0.102813772050952 1745833726.68595
 0.101628600946037 0.0694336170655085 0.0018540662798323 0.123096861336179 1745833726.7169
 0.120650156704987 0.0495030652495445 0.0131240373414058 0.131069653765382 1745833726.76322
   0.142007859591393   0.0242931081311327 -0.00855976334686435 0.144324830978436 1745833726.78585
 0.170432518091995 0.0231455865071526 0.0195103402310797 0.173100013789343 1745833726.81664
  0.226390785554508 -0.0301003214605521  0.0282994428328515 0.230129693000851 1745833726.86307
   0.219043479339124  -0.0270202611001028 -0.00676917072238208 0.220807522569264 1745833726.88592
   0.214094813002652 -0.00347004184441219   0.0203354133337337 0.215086399338722 1745833726.91654
  0.261711229736769 -0.0569535219702468  0.0154145551806242 0.268279853784372 1745833726.96292
  0.273520430315435 -0.0749866933798976 -0.0124300862223544 0.283885429403284 1745833726.9861
  0.334839624169787 -0.0815221327547643  0.0258450994119828 0.345588485350228 1745833727.01639
  0.47083086307951 -0.134442274481889 0.0297828592995659 0.490554222797152 1745833727.06277
   0.428178267621531  -0.0974536768239783 -0.00716683251520065 0.439186989195022 1745833727.08625
  0.360426424203778 -0.0435402004737653 -0.0185094405483707 0.363518301755264 1745833727.11617
  0.499578063753213 -0.0490531490332425 -0.0423716981150207 0.503765634015102 1745833727.16268
  0.476407975059531 -0.0321405920165128 -0.0449950068534412 0.479606220765782 1745833727.18651
   0.40975476187755  0.0232295819742086 -0.0291245360809251 0.411444792119129 1745833727.21604
  0.562643068808776  0.0315927088187309 -0.0431419228238559 0.565178332594236 1745833727.26262
  0.531223591406774  0.0409429435065545 -0.0502727410918072 0.535165560538957 1745833727.28667
  0.435125945211366  0.0816848572998502 -0.0146416064117169 0.442968825930784 1745833727.31588
   0.57072564178897  0.0641419904689206 -0.0179656635400414 0.574599615561289 1745833727.36256
  0.537475029728698  0.0615818495666969 -0.0375366551386957 0.542292109712949 1745833727.38705
  0.458338278891872  0.0771693160218037 -0.0039467392860131 0.464806043402867 1745833727.41574
  0.586615208379744  0.0315716882112596 0.00944629357577622 0.587540131958013 1745833727.46249
  0.561648675852101  0.0424866246481161 -0.0177301360503048 0.563532346972887 1745833727.48831
   0.45304136836312  0.0926054633645997 -0.0267044023759118 0.463179639448405 1745833727.51602
  0.598491276784644  0.0742995186762093 -0.0310040880459901 0.603882008622871 1745833727.56244
  0.585474686284418  0.0826245653786644 -0.0284030716036801 0.591957905226693 1745833727.58982
   0.427676807277478    0.146112014058832 -0.00376704070435297 0.451962789100003 1745833727.61659
  0.544066925406092   0.121512846339843 0.00694690863069653 0.557514529573868 1745833727.66242
  0.518013903826359    0.13468441887188 -0.0158564572220182 0.535471497355288 1745833727.69063
  0.330887418907585   0.177765708381951 -0.0206489347115684 0.3761828140314 1745833727.71679
  0.378640098192721   0.135864766819152 0.00345839445643244 0.402292827818782 1745833727.7624
  0.391006834058331   0.121477973112307 -0.0162490963309772 0.409764902551899 1745833727.79101
  0.265727791655003    0.13283803115571 -0.0337883767971444 0.298996415004856 1745833727.81678
  0.207506721610903  0.0300020113471504 0.00407082297421958 0.209703914599291 1745833727.83894
  0.256968102261781  0.0527485795746055 -0.0204731833145182 0.263123867146615 1745833727.89125
    0.16822935854816    0.110055444030759 -0.00889809017168757 0.20122746792383 1745833727.91679
 0.125723804767324 0.0516781986893221 0.0322447143171548 0.139702658909343 1745833727.93887
 0.154585848199133  0.037277372916097 0.0191028353112293 0.16016024885064 1745833727.99132
-0.00102173876006315    0.115240341166431   0.0192921887740347 0.116848486211599 1745833728.01674
-0.0314150415217509   0.043517860549599    0.05666698909546 0.078050347044537 1745833728.03889
-0.0368853676613016  0.0851780043608739  0.0222449879795628 0.0954497892329854 1745833728.09103
 -0.218707402046755   0.162203043277091 -0.0137168770908304 0.272636952146102 1745833728.11663
 -0.351821165841266   0.168910909333348 0.00467542518895986 0.390295897527022 1745833728.16218
 -0.315381029438493   0.109664341771541 -0.0327288620438255 0.335503561823943 1745833728.1904
 -0.343592760470769  0.0537784422359135 -0.0608364227860961 0.353056902261736 1745833728.2165
 -0.553743156925884 -0.0680559793657256 -0.0184889978437656 0.558215857183347 1745833728.26216
 -0.493355311918131 -0.0697540011175016 -0.0210684020894859 0.498707290939626 1745833728.28954
 -0.517981015747499 -0.0599147110492442 0.00365924425243146 0.521447500083589 1745833728.3163
-0.725306469491592 -0.138247745621672 0.0223755428897147 0.738703309032416 1745833728.36212
 -0.632086157182902  -0.133706902780183 -0.0033577029304924 0.646081821538331 1745833728.38811
 -0.667143002912423 -0.0977502123655669 -0.0170836604444519 0.674482573389928 1745833728.41576
 -0.871574930222957 -0.0976331090663017 -0.0210673112819339 0.87727926829702 1745833728.46208
 -0.725622671722363 -0.0963286831762111 -0.0192514689040061 0.732241828889148 1745833728.48641
 -0.705716492100703 -0.0334045736673332 -0.0175208723652709 0.706723859603776 1745833728.51523
 -0.931355523559401  0.0288430564419699 -0.0271712333803922 0.932198106141035 1745833728.56204
 -0.727419669819196 -0.0392892811654589 -0.0212591141695652 0.728790075117411 1745833728.58576
   -0.623603539914133 -0.000800337323611471  -0.00815164655221232 0.623657329688974 1745833728.61524
  -0.78978055116376   0.062738047505952 -0.0132245000720608 0.792378867085404 1745833728.66198
 -0.614730078004649 -0.0125227839979227 -0.0165734281164586 0.615080943813245 1745833728.68518
  -0.529881311693146 -0.00246103184222284 -0.00431185400539455 0.529904569940986 1745833728.71505
  -0.660967656945973    0.025779931449945 -0.00266427563288762 0.661475582889392 1745833728.76188
  -0.468830938176445  -0.0658443328000037 -0.00673440419957483 0.473479964679823 1745833728.78469
 -0.351945521369765 -0.0608063012468055 0.00999705496570466 0.357299590528089 1745833728.81505
 -0.410236062155486 -0.0630747179168496  0.0107719222415796 0.41519643669221 1745833728.86178
  -0.28783464854663 -0.0915810782958259 -0.0112638569274037 0.302262722277606 1745833728.88437
 -0.244951161593743 -0.0562123500745578 0.00435095986730706 0.251355984052092 1745833728.91511
 -0.275009067763278 -0.0350584968328757  0.0146180780083375 0.277619836749584 1745833728.96166
  -0.159733538806782  -0.0735206603933049 -0.00407728303116828 0.175888359936983 1745833728.98414
 -0.108253608377132 -0.0546784170854433  0.0184723759850819 0.122677633235131 1745833729.0151
 -0.110158724037089 -0.0457448278915925  0.0175738083703236 0.120566879784408 1745833729.06155
 -0.0543844316587123  -0.0553752008703853 -0.00530090694718094 0.0777957511226632 1745833729.08392
-0.0874293323823067  -0.013938479409937  -0.011774071457926 0.0893129225127778 1745833729.11505
-0.0956281018236363 -0.0186717914226185 -0.0110936302143613 0.0980634401020815 1745833729.16144
-0.0200915288754066 -0.0401801538267502 -0.0175374890343293 0.0482252819143842 1745833729.18381
 -0.0168934101325582  -0.0315436970776164 -0.00479256225105498 0.036102088362884 1745833729.215
 -0.0130766973118562   -0.054059972674143 -0.00902707625927919 0.0563468611717267 1745833729.26133
 0.0164357081239982 -0.0298723334001805 -0.0220758578627751 0.0406181277841095 1745833729.28365
 -0.010290269184903 0.00354556720213296 -0.0151774167951826 0.0186765807164292 1745833729.31495
-0.0116966400757888  -0.008947073839746  -0.018984744888754 0.0240266946925183 1745833729.36123
  0.0175519360957625 0.000777397874883907   -0.021999087660371 0.0281537682389817 1745833729.38353
 -0.0100971373996066   0.0364884408966009 -0.00634399199587084 0.0383875596668367 1745833729.41478
 -0.0135573708562969   0.0258172591484949 -0.00171514011097946 0.0292108692112372 1745833729.4611
 0.0240169212408347  0.0205405386317452 -0.0136475511528301 0.0344235658472476 1745833729.4834
0.0191466206679149 0.0207267927649657 0.0208742961919905 0.0350988498790745 1745833729.51469
0.00963234589899891 -0.0187703541481226  0.0304904994264785 0.0370780101628983 1745833729.56095
  0.0287905256061395   -0.027142123455595 -0.00127141518678335 0.0395879492640591 1745833729.5833
 0.0179824201925076 -0.0137075064272873  0.0106291861738346 0.0249848507530476 1745833729.61459
-0.00218848141609365  -0.0528880385456611   0.0168426163400877 0.0555482474727629 1745833729.6608
  0.0316630811414539  -0.0447449325516776 -0.00805917384046937 0.0554040610372144 1745833729.68322
  0.0352773375612059  -0.0252885669477768 -0.00523330565463928 0.0437194424913486 1745833729.71446
  0.0584451522294728  -0.0318429418279787 -0.00819974130645186 0.0670600068660824 1745833729.76068
  0.0727941782432049 -0.00502686716294299  -0.0151857128764463 0.0745309845308864 1745833729.7831
0.0594135381231402 0.0260932918228966 0.0150033151592469 0.0666027616261696 1745833729.81429
0.0974389308159374 0.0338399573723611  0.017558927120544 0.10463175366561 1745833729.86057
  0.118548581224397  0.0269803820455323 -0.0084893765839639 0.121876070827807 1745833729.88311
 0.121870576453672 0.0423968018165898  0.010427304271505 0.129455223470496 1745833729.91407
 0.161392182635352 0.0222560680729249 0.0175010677179115 0.163856817231192 1745833729.96046
    0.176914265560707   0.00650858727569696 -0.000483015852191656 0.177034607835652 1745833729.9831
 0.195941763669756 0.0288833517613426 0.0252276939597593 0.199659358161623 1745833730.01385
 0.270390867634596 0.0242831292530644 0.0307267881943514 0.273212421348758 1745833730.06035
   0.273139174480943   0.0347106194329464 -0.00419037374170586 0.275367744969605 1745833730.08327
 0.253605881232043 0.0752857777512963 0.0392383194178808 0.267438847286325 1745833730.11374
 0.358108229608653   0.08607229971068 0.0494590886011241 0.371612898506205 1745833730.16026
 0.355843737863178 0.0633485889408814 0.0105510640954752 0.361592497780008 1745833730.18346
  0.378051844925887  0.0711462986158212 0.00599077566948345 0.384734821210299 1745833730.2136
 0.492074677929104 0.0391748524224183 0.0117768310633297 0.493772064288011 1745833730.26018
   0.450455590660142   0.0420915992164683 0.000865757089529007 0.452418712496417 1745833730.28355
 0.417719998125765 0.0609663330863943 0.0296953974394069 0.423188737129516 1745833730.31342
 0.543709934126847 0.0139438979943198 0.0248115910473982 0.544454350528857 1745833730.36011
   0.509338561967727   0.0193921307691656 -0.00490854100584295 0.509731222526075 1745833730.38365
   0.498020290372436   0.0386668518046455 -0.00234851391664488 0.499524624586961 1745833730.41308
     0.6737809980375    0.026173209735403 -0.00920680837359196 0.67435201159683 1745833730.46006
   0.62280278646691  0.0519538935199657 -0.0212444453972026 0.625326989936518 1745833730.48378
   0.503758349359982    0.103815238776287 -0.00726877293083539 0.514395677870636 1745833730.51277
   0.65308413606649  0.0772016489580373 -0.0109098809182696 0.657721832452902 1745833730.56003
  0.621916166104815  0.0519585508003757 -0.0262952092471047 0.6246365716904 1745833730.58463
   0.514194539708899   0.0875205392367313 -0.00035880373971529 0.521589875471964 1745833730.61284
 0.669617178768661 0.0371317138471121 0.0183542184821187 0.670897017143029 1745833730.65999
   0.629843481471661   0.0477139565951014 -0.00382134842484304 0.63165974662795 1745833730.68615
    0.426241656555779     0.106585568945843 -0.000210458042555626 0.439365995024093 1745833730.71342
 0.507651397860238 0.0538644846079663 0.0151462419850324 0.510725692615718 1745833730.75996
    0.513092918279524    0.0453453991377031 -0.000222160063608307 0.515092804615489 1745833730.78735
  0.411657904131495  0.0792753513167053 0.00280411042296686 0.419231051325622 1745833730.81385
  0.485152105679598 0.00213643752762144  0.0327661102792454 0.486262015783146 1745833730.85995
   0.464638115607038   0.0124249736029094 -0.00404129318853771 0.464821783584341 1745833730.88812
  0.273472802099396  0.0708275766915409 -0.0182040672008903 0.283081802966468 1745833730.914
  0.208338148704306 0.00749268683566799 0.00684100104694476 0.208585051853865 1745833730.93627
   0.264204193976934  0.00539321157803005 -0.00298760860147533 0.264276121984719 1745833730.98857
 0.206510582692525 0.0395313680394609 0.0264372315139131 0.21191573097153 1745833731.0141
  0.164714796646323 -0.0165432899248262  0.0534564556340551 0.17396044758718 1745833731.03625
  0.179578308817582 -0.0261069438993583  0.0318986552073827 0.184248380512792 1745833731.08888
0.00369639555580312  0.0604110775619448  0.0166304537230627 0.0627672974034664 1745833731.11426
-0.0309285304794666 0.00848853122537782  0.0260855973291967 0.04134111207992 1745833731.13632
-0.0298724773934161  0.0314322926834038 -0.0152361496614042 0.0459618775232259 1745833731.18876
 -0.164601261152929  0.0771234352877319 -0.0364559296567209 0.185393188253645 1745833731.21426
  -0.216320816116448 -0.00139082964434127  -0.0150884129387203 0.216850847582838 1745833731.23619
   -0.19796928664745 -0.00246566994871155  -0.0354442942823182 0.201132334499373 1745833731.28846
 -0.315087466203453  0.0346818923591014 -0.0313032517196498 0.318532319528716 1745833731.3143
 -0.353854893763999 -0.0677398387854158  0.0044536603403774 0.360307933148623 1745833731.33641
 -0.361350802878668 -0.0515080038146764 -0.0309115365807564 0.366309978422393 1745833731.38784
  -0.479480063441965 -0.00593466671405668  -0.0429773595033962 0.481438890137888 1745833731.41406
 -0.661846599921209 -0.0538743548347699 -0.0318473042942799 0.664798931051292 1745833731.45976
 -0.570989332088508 -0.0427534739893948 -0.0295305409434951 0.573348698215543 1745833731.48664
  -0.554582553040288  -0.0307287394605561 -0.00982100060852333 0.555520040699228 1745833731.51357
   -0.765583629565048   -0.0487869489143938 -0.000147464447588536 0.767136547159716 1745833731.55969
  -0.65316823523944 -0.0680730620152046 -0.0121395047394009 0.656818127698412 1745833731.58484
  -0.635815975468045  -0.0453739121020419 -0.00815651600113514 0.637485117718917 1745833731.61286
 -0.840088258746244 -0.0183890464839776 0.00061196230385312 0.840289720282087 1745833731.65959
  -0.686676815212739  -0.0531761630740019 -0.00662309913309395 0.688764559419334 1745833731.68335
 -0.618781397516976 -0.0131510258025202 -0.0156341158186712 0.619118561319359 1745833731.71237
  -0.80056884568895  0.0445435426750099 -0.0237891534568384 0.802159914047051 1745833731.75948
  -0.61534182766937 -0.0343002530364158 -0.0231441613687419 0.616731484880823 1745833731.78295
  -0.520518784156511  -0.0125479177506046 0.000838603477739244 0.52067068109837 1745833731.81242
   -0.638194532424612    0.0386236931354267 -0.000746018449434858 0.639362657207641 1745833731.85935
 -0.485930820239157 -0.0174178939295411 -0.0191125373100405 0.48661836604229 1745833731.88238
 -0.425519714501837  0.0202993594982202 -0.0168187357843376 0.426335503212137 1745833731.91217
 -0.519051821039253  0.0552874613552014 -0.0215673598260395 0.522433390316061 1745833731.9592
 -0.358752633405217 -0.0319420555324128 -0.0245525685719481 0.361007722230832 1745833731.98195
  -0.289476673124839 -0.00875429030250558   0.0160187089401955 0.29005168663229 1745833732.01208
  -0.354244917721669 -0.00926865802171817   0.0206996860239731 0.354970205446382 1745833732.05907
 -0.240498888663996 -0.0665134833561461 -0.0109236189947607 0.249766059280936 1745833732.08159
 -0.190932654881182 -0.0568715514649654  0.0252668011888536 0.200818483482785 1745833732.1121
 -0.240818365661506 -0.0844288495782046  0.0301575037689977 0.256965349637952 1745833732.15891
 -0.170512695176516 -0.0847806957920695 0.00107135202148241 0.190429759729147 1745833732.18138
 -0.166805380483008 -0.0330156796235243 0.00027606469126325 0.170041601588547 1745833732.21206
 -0.208727318861432 -0.0425247120898453 0.00574276642090202 0.213092524842076 1745833732.25877
 -0.114316955053293 -0.0712318229020024 0.00419248511702228 0.134758731583728 1745833732.28113
-0.0842880600190135 -0.0337402836437904  0.0180371298504607 0.0925646901111576 1745833732.31203
 -0.095224973949617 -0.0437962652872213  0.0174149449179659 0.106250594460971 1745833732.35863
-0.0443788241254587 -0.0329157696899169 -0.0111670483987293 0.0563704789315969 1745833732.38094
 -0.0685247604339892   0.0216821540872698 -0.00137082334134701 0.071886283497152 1745833732.4119
 -0.080554723673314  0.0326842906408488 0.00306310341402156 0.0869868321259284 1745833732.4585
 -0.0132026793890786   0.0116480946104328 -0.00883640486749832 0.019699515275426 1745833732.48075
-0.010469171751557 0.0434782091431669 0.0306752494670313 0.0542303342911065 1745833732.51176
-0.0294956187094806  0.0119955370130723  0.0339729349429279 0.0465622673408787 1745833732.55836
 0.00779733875919316 -0.00434199774602362  0.00476585665207132 0.0101175503843659 1745833732.58066
-0.011157116015481 0.0276456343328539 0.0282683987782063 0.0410836306201444 1745833732.61167
-0.0412171191349469  -0.010043862006769  0.0224755000512921 0.0480091467988243 1745833732.65821
 0.0118709186997657 -0.0119412459732869 -0.0106684508801171 0.0199330858211281 1745833732.68046
0.0132915673555294 0.0221857783515644 0.0174399251504562 0.0311933568742582 1745833732.71148
0.0119767279562346 0.0315572175918101 0.0134423015137202 0.0363317418335574 1745833732.75808
  0.044396402330354  0.0214500175392216 -0.0259477528119269 0.0557174090235758 1745833732.78033
 0.0257400151202874  0.0627128882366415 0.00305781413471013 0.0678587131962915 1745833732.8113
 0.0187410297504114  0.0380247626627699 -0.0110056384518308 0.0437976352032642 1745833732.85795
  0.058926816919003  0.0149001669362241 -0.0261661071399272 0.0661743899842771 1745833732.88025
0.0590268421269786 0.0429568377880352 0.0216008026570246 0.0761318112201368 1745833732.91115
0.0476613871437743 0.0179522746110068 0.0241522806450319 0.056366875454775 1745833732.9578
  0.0710053358221175  0.00189942997966954 -0.00808610703754038 0.0714895144512949 1745833732.98015
0.0815674265690501 0.0263844547545265 0.0146542571587461 0.0869720172392574 1745833733.01099
  0.103047846148274 0.00357507222533856  0.0171327621931069 0.104523544130403 1745833733.05764
   0.120907592150789 -0.00578264762081562 -0.00656705346561311 0.121223805601162 1745833733.08011
 0.107134971308346 0.0119894478776889 0.0293173040959105 0.111719081884449 1745833733.11085
  0.119858792280199 -0.0448426217488669  0.0243107810857195 0.13026129467028 1745833733.1575
   0.12831127175003 -0.0451418589853368 -0.0104175387311781 0.136418822029725 1745833733.18009
  0.143359888101879 -0.0382604457565494 0.00139982582370199 0.148384226717026 1745833733.21078
    0.18717744894389   -0.084513556899475 -0.00328962315504913 0.205399027050873 1745833733.25739
   0.19715141945549 -0.0713512395603945 -0.0284137834149485 0.211582193646041 1745833733.28014
  0.176708627256166 -0.0305206487413847    0.00272824813784 0.179345733944957 1745833733.31067
  0.241939102927127 -0.0716269347841999 -0.0119634147992237 0.252602594217521 1745833733.35728
  0.274585051601805 -0.0685240899736706 -0.0278115292715191 0.284369447427648 1745833733.38031
  0.294330066205417 -0.0358194184050131  0.0130275203808011 0.296787693300498 1745833733.41056
  0.401616503386427  -0.071367864927397 0.00120069613282878 0.407910075393877 1745833733.45718
  0.362904584079693 -0.0330216321546494  -0.022866310658784 0.36512057391957 1745833733.48043
   0.316338029605057   0.0233987383895084 -0.00251530263253855 0.317212195036641 1745833733.51035
  0.446323364544715  0.0484184337589847 -0.0190242246591872 0.449344869326524 1745833733.55708
  0.433704400480788  0.0540593250455755 -0.0261479960350776 0.437842020958968 1745833733.5805
 0.426674388990023 0.0805043787405796 0.0120613069050238 0.434370192739642 1745833733.61008
  0.565710702276115  0.0935390708005446 0.00567747983417557 0.573419907409249 1745833733.65697
 0.526295495459447 0.0858455980466596 -0.013694800730502 0.533426623643722 1745833733.68062
    0.457695696102198     0.106267956233846 -0.000646307707970016 0.469870882760624 1745833733.70981
   0.575297457510028   0.0732755946164974 0.000888394710605465 0.579945916986287 1745833733.75688
  0.548973475360189  0.0627609186696662 -0.0222415759528944 0.552996832958537 1745833733.78065
  0.461150420284828  0.0986774111446311 -0.0201882839040241 0.472021724506478 1745833733.80946
   0.61216595916354  0.0826920541300844 -0.0218293949752384 0.618111365256986 1745833733.85682
  0.585787203120954   0.069274493820336 -0.0330435855225981 0.590793941555364 1745833733.88159
  0.454615069928502   0.127863754315627 -0.0320234864824879 0.473338679129731 1745833733.90963
  0.565182447688376  0.0879404065300869 -0.0366650357761728 0.573157080671755 1745833733.95675
  0.565636766389924  0.0469550953245707 -0.0375994447028683 0.568826380111677 1745833733.9829
  0.482111365696874  0.0540398953713699 -0.0279827088290754 0.485936941607928 1745833734.0101
    0.408902325674746   -0.0209695097772331 -0.000599025353112168 0.409440094658409 1745833734.03313
  0.479394180387053   -0.01536870899804 -0.0096405114193352 0.479737341537707 1745833734.08408
   0.414218416924786   0.0577582233265389 -0.00232175189579824 0.418232351466718 1745833734.11044
   0.396961132703955   0.0799591002697237 -0.00698136658148803 0.404994244493543 1745833734.13307
  0.442615308444287  0.0808488117844799 -0.0151482974937661 0.450193638952344 1745833734.18462
  0.331349263996311   0.136529903896944 0.00127978275832396 0.358377436863587 1745833734.21048
 0.281371693357581  0.104454751700873 0.0194884448088635 0.300766727642656 1745833734.23263
  0.318632605058682   0.107089291930185 0.00143349916048692 0.336150127729313 1745833734.28484
 0.198987877908003    0.1661436013127 0.0112913060612443 0.259475173001295 1745833734.31041
 0.145443516999744  0.104567618369386 0.0360171310194629 0.182716822366124 1745833734.33272
 0.159697512050014  0.108523678853458 0.0191239043672165 0.194026822746494 1745833734.38476
 0.0313835886325591    0.14597402097803 0.00950673689520736 0.149611906218545 1745833734.4103
-0.0320234656452745  0.0471560288762295  0.0374272209720387 0.0681908372217242 1745833734.43278
 -0.0150276372952478   0.0385204046202958 -0.00187036523290019 0.0413902128635898 1745833734.48465
 -0.128486304702551  0.0523078988237239 -0.0269502257690371 0.141319359765291 1745833734.51031
 -0.194728810367703 -0.0496415591642501 0.00430613748035691 0.201002827849457 1745833734.53253
 -0.183344749891214 -0.0487761904168879  -0.022492712385161 0.191050611552798 1745833734.58447
 -0.330799016727804 -0.0216246939875941 -0.0291660930047118 0.332785633462893 1745833734.61035
 -0.361530444791909  -0.109115177249307 0.00661977787138606 0.377695917209399 1745833734.63229
 -0.353723986769215 -0.0806226984951881 -0.0226019705257538 0.363499006051187 1745833734.68396
  -0.467809006932784 -0.00847311941493525  -0.0303311299238118 0.468867825898208 1745833734.71028
 -0.469456729151568 -0.0621011203938289  -0.011061343224794 0.473675546142921 1745833734.7326
 -0.439221478706656 -0.0334774657733369 -0.0198422548130867 0.440942131291549 1745833734.78285
-0.543261060394475 0.0190043431845411 0.0196198323140848 0.543947316034226 1745833734.80983
-0.751646952167358 0.0304682382815765 0.0313470332651741 0.75291705435658 1745833734.85606
   -0.58765948962073 -0.00467024560187232   0.0168189341249774 0.587918670804372 1745833734.88127
 -0.469469810465864 0.00447179841880485 0.00275181359326617 0.469499171882129 1745833734.90919
  -0.5952615188726 0.0532194347403278 0.0176781557385317 0.597897233038347 1745833734.95599
  -0.485211076847046   0.0247034764646218 -0.00730426099126692 0.485894436141367 1745833734.97981
 -0.531009539695535  0.0759470029258518 -0.0245400147144986 0.536974199401862 1745833735.00874
 -0.733225483942425   0.141724378121269 -0.0288476654254581 0.747353729807353 1745833735.05595
  -0.53535937068383  0.0395845411053734 -0.0303028244341567 0.537675415880433 1745833735.07922
 -0.427673549825954  0.0557583103124392 -0.0359651627755036 0.432789957511839 1745833735.10861
 -0.581387354167866  0.0883972964271218 -0.0490343619531203 0.590109910316787 1745833735.15593
 -0.462201331742469   0.036234026777007 -0.0425345076691249 0.465566493751047 1745833735.17876
 -0.472365413425208  0.0679690177257933 -0.0288182635858498 0.478099742195162 1745833735.20847
 -0.642905183136683  0.0844542569069383 -0.0390983730295053 0.649606249036499 1745833735.25589
 -0.463262196285628 0.00634095898611832 -0.0428424044066629 0.465282217459029 1745833735.27838
 -0.343543284473759  0.0234700194291656 -0.0223979923062179 0.345071731931744 1745833735.30842
 -0.456071498823189 0.00809897722031423 -0.0419215323885375 0.458065738020918 1745833735.35584
 -0.332397085721978 -0.0362056746203573 -0.0506212612012191 0.338173306984423 1745833735.37805
  -0.281946419336386 -0.00387062232815802  -0.0282004124059105 0.283379654092668 1745833735.40842
 -0.382838674614724 -0.0156349236622148  -0.045810251808545 0.385886616494333 1745833735.45578
 -0.264516113025733 -0.0616610760093889 -0.0545460768369283 0.277030931202958 1745833735.47776
 -0.206385423686861 -0.0374846478632621 -0.0330936535916274 0.212356379334082 1745833735.50834
 -0.228399458993319 -0.0165986632335041 -0.0485242004264607 0.234086365507706 1745833735.55569
 -0.121685426833963 -0.0449334964971904 -0.0499437778162109 0.13899907608967 1745833735.5775
   -0.118491716124916   -0.0137968798946794 -0.000547342005612753 0.119293504719775 1745833735.60824
  -0.138222928237596  -0.0110241058699973 -0.00128408609002581 0.138667796109606 1745833735.65556
 -0.0681525009980416   -0.036453071616895 -0.00755867297556755 0.0776577321311028 1745833735.67736
-0.0398555503760796 -0.0353832610876833  0.0559778384478769 0.0772913867017275 1745833735.70819
-0.0637060718016618  -0.104505252071205  0.0803421740426725 0.146405861306055 1745833735.75539
-0.0125961573074472  -0.123207450027106  0.0265554536913103 0.126664640061254 1745833735.77731
0.00755657945132195  -0.107670742343251  0.0621287992650927 0.124539465021627 1745833735.80821
-0.0126564184314943  -0.203415656652986  0.0815495196214303 0.219518651712251 1745833735.85527
 0.017717083250281 -0.174222318791901 0.0257588925884984 0.177005174928616 1745833735.87737
  -0.0427253051608045    -0.109093485309198 -0.000541028298866573 0.117162847992067 1745833735.90835
  -0.064822567222967   -0.159062063565163 -0.00800325388128104 0.17194986873991 1745833735.95523
-0.0113890576701784  -0.125514780051212 -0.0263088975646275 0.128747150403358 1745833735.9774
-0.0555381045967878 -0.0425324409227534   -0.02678260380377 0.0749052565549372 1745833736.00845
-0.0448075258290198 -0.0286172787820953 -0.0425955356450938 0.0681251985149613 1745833736.05522
 0.0112268581908338 -0.0110562658939207 -0.0548181277295339 0.0570377987664817 1745833736.07734
-0.0178970634505762  0.0521253360020643 -0.0311348129487427 0.0632987528379134 1745833736.10839
-0.0279272905656877  0.0737250779652792  -0.045729221558457 0.091139905550035 1745833736.15522
 0.0253058986161225  0.0545327859422777 -0.0441642661508926 0.074596887683352 1745833736.17721
 0.0306525812940685  0.0827343595665165 -0.0188427038159714 0.0902197455104343 1745833736.20826
  0.021805480149776  0.0794014963496572 -0.0292903519734396 0.0873956595367005 1745833736.25518
 0.049214155578585 0.0703283376471673 -0.039752264955607 0.0945957227078894 1745833736.27711
0.0221296796707955  0.101381081284662 0.0110929572751912 0.104359475208955 1745833736.30809
-0.00572950679198322   0.0737204930066753  0.00554501438334031 0.0741504249599292 1745833736.3551
 0.0377928708903796  0.0426412245797262 -0.0236413266259274 0.0616886330569038 1745833736.37698
  0.0656450377808138     0.05786195881426 -0.00390983213177896 0.0875931735374754 1745833736.4079
 0.0530456475801266  0.0214301594930995 -0.0158922461091589 0.0593772342694467 1745833736.45502
 0.0613804317978967  0.0359354299886846 -0.0239417687687244 0.0750474571717321 1745833736.4769
  0.029214854590903  0.0769445357346409 0.00312600641692112 0.0823634702055812 1745833736.50776
0.00355759419930613  0.0525576722400971   -0.01190833835426 0.0540071653592738 1745833736.55495
  0.056264830592143   0.033805700700985 -0.0397692612087561 0.0767473172074269 1745833736.57678
 0.0867487378862081  0.0466349735114465 -0.0487221476511161 0.109881809008591 1745833736.6076
  0.104279891226723  0.0373069727661688 -0.0751921583484765 0.133865479524541 1745833736.65493
  0.104797124671346  0.0525377095809378 -0.0732889603035529 0.138253101121705 1745833736.67677
 0.0550920622623278  0.0886008090951381 -0.0389579187763147 0.111368568869368 1745833736.70748
 0.0546355138662765  0.0662942612080327 -0.0609505215889148 0.105332495111963 1745833736.7549
 0.0834016025623104  0.0366872315210162 -0.0603850563392981 0.109307526253861 1745833736.77671
 0.126126430961727 0.0320102567059947 0.0475662647685785 0.138546319567001 1745833736.80734
  0.103579013600908 -0.0680452980767664   0.065865402251715 0.14034609315073 1745833736.85475
 0.0864251854117546 -0.0713810865813886  0.0375669611537682 0.118219494015685 1745833736.87671
 0.0321168145311017 -0.0650908949542382   0.140627857158462 0.15825456894052 1745833736.90738
-0.00641046196165344    -0.16840587170246    0.195177009048151 0.257867594915316 1745833736.95459
0.00587557965179483  -0.149334938055606  0.0893447872418916 0.174120467400059 1745833736.97673
0.00120067246892776  -0.106959083782732   0.067579621514749 0.126525461714612 1745833737.00753
-0.000143941410997114     -0.13984633703566    0.0978411223716665 0.170674848552353 1745833737.0545
0.0265189961118927 -0.115368186343684 0.0397480945741517 0.124871880730969 1745833737.07688
-0.00760002753412729  -0.0519884165622703   0.0199506366080655 0.0562012791334745 1745833737.10766
-0.0067826243251307   -0.06836806317668  0.0190490905820875 0.0712956093127125 1745833737.15449
0.00405951039805065 -0.0649540274565466 -0.0123044327572067 0.0662337102461754 1745833737.17688
-0.0364711464265525 -0.0111164377618153 0.00313633105259373 0.0382564541306537 1745833737.20765
-0.0743200446871799 -0.0709783720719851 0.00102587857235813 0.102773784454689 1745833737.25447
-0.0243054497739148  -0.072596971998799 -0.0174196257634301 0.078514448312681 1745833737.27679
-0.0229911102311822 -0.0294148899752101  0.0274424497234596 0.046334813571878 1745833737.30766
 -0.043027218364072 -0.0583370623179124  0.0399204811651802 0.0827538468984557 1745833737.3544
-0.00515286738883902  -0.0454860870935598   0.0100989197079113 0.0468777595526568 1745833737.37677
 -0.0328744205067886 -0.00167026699288406   0.0443084372327057 0.0551974177429461 1745833737.40763
-0.0589328761371573 -0.0239333086170268   0.064226918284234 0.0903934963559052 1745833737.45431
-0.00870664305888432   -0.033030051279578   0.0262317297769433 0.0430684753384299 1745833737.47668
-0.0223020109497649  0.0132752760585184  0.0431923359175457 0.0503903813127805 1745833737.50759
-0.0192367846172465   0.026106533134573  0.0674756845064978 0.0748636958367493 1745833737.5542
0.0100423840761394 0.0182934602933533 0.0250499305683389 0.0326036683352624 1745833737.57657
-0.00694035493392799   0.0637773609446508   0.0606192249909487 0.0882633034401978 1745833737.60748
-0.00685183123371602   0.0844131066400844   0.0898127003938004 0.12344570189323 1745833737.65408
0.0206844967379086 0.0591758628265974 0.0337473462845223 0.0711935006009698 1745833737.67655
0.0197683707792849 0.0796436557067694 0.0951378108946076 0.125638781590016 1745833737.70739
-0.00739890345791918   0.0594489833590117    0.137706573203948 0.150173318863152 1745833737.75393
-0.000877762349138461    0.0410696841582069    0.0799495942588561 0.0898856331443026 1745833737.77645
0.00723811171080299  0.0593437138858243   0.124504781441138 0.138114109491413 1745833737.80734
-0.0408108510203958  0.0239828223771151   0.175895296051679 0.182153387295677 1745833737.85377
0.00672339036818847 -0.0241692809845021   0.107234578880335 0.110129982425285 1745833737.8764
 0.0655790463138863 -0.0270770852041247    0.15764343927718 0.17287346183185 1745833737.90735
0.0359573206337721 -0.103511279227612  0.230553559905141 0.255269382847669 1745833737.95361
 0.046887369216382 -0.100511075346681  0.142526966947232 0.180595786126246 1745833737.97652
0.00666387163390032 -0.0588974002304836   0.186958227636049 0.196129268136797 1745833738.00758
-0.0214974281890702  -0.101629149986943   0.276848308298429 0.295695129066265 1745833738.05346
0.0129768252218655  -0.12286880859466  0.166058068812128 0.206979284799043 1745833738.07653
0.0151597495620134 -0.082251231937351  0.192717225876114 0.210083346106682 1745833738.1076
0.0131012659139624 -0.136545242884925  0.277836469823532 0.309853756612783 1745833738.15332
0.0355349001178447 -0.118937308196578  0.170747446053287 0.211100693369665 1745833738.17674
-0.00608004370761728  -0.0419138170865781    0.171710994307186 0.17685700596871 1745833738.20777
-0.00198627309427291  -0.0308808345767441    0.253598909615896 0.255479897806721 1745833738.25323
 0.0215722396172082 -0.0258344693657001   0.164138929970499 0.167554079811176 1745833738.27689
0.0226590134073829 0.0376100572447427  0.154089503548283 0.160223351601148 1745833738.30794
0.0324424075644838 0.0565444349508343  0.220744209300859 0.230169044122685 1745833738.35322
0.0515389047721554 0.0342962982682545  0.125378677086044 0.139829565714354 1745833738.37706
0.0373983445260786 0.0815627842414019  0.106828210596584 0.139511255910657 1745833738.40806
0.00362134931047317  0.0675413401774247   0.157637900095249 0.171536160474201 1745833738.45323
0.0309335679794752 0.0137769694688526 0.0956780030908407 0.101493698282886 1745833738.47711
0.035452068391251 0.025885974870241 0.147969800858183 0.154343755345693 1745833738.50817
-0.0116429395296372 -0.0224698400048311   0.211567505934064 0.213075717335161 1745833738.5532
 0.0155222479237663 -0.0393244901087902   0.141654429626835 0.147828729061124 1745833738.57735
 0.0247921933726927 0.00467175499570257   0.211694269924755 0.21319226549278 1745833738.60837
 0.0248336941980305 -0.0368687293502153   0.320219882148084 0.323290563571462 1745833738.6529
 0.0535918969756493 -0.0867116567048643   0.250807454907902 0.270731199286913 1745833738.67764
  0.105381213488463 -0.0601658985279168   0.293320448712724 0.317430340602479 1745833738.70864
 0.0693934859087261 -0.0842252625241993   0.422016893682055 0.435898622717353 1745833738.7529
 0.0510611181680756 -0.0797517893606976    0.29789502704131 0.312584441120715 1745833738.77804
 0.0283040295258152 -0.0137262044298745   0.268564361332494 0.270400338301156 1745833738.809
 0.0225312236021013 -0.0271221556680644   0.395701867755079 0.397269726394988 1745833738.85279
 0.0479352799940863 -0.0663112399255328   0.302045311180644 0.312931848195074 1745833738.87854
0.0517982196944074 0.0187626086226188  0.314307992884769 0.319099679468795 1745833738.90946
0.0719251974563555 0.0482568783450338   0.44701719428357 0.455331014012771 1745833738.95269
 0.052168048408533 0.0526695451462907  0.331648305263654 0.339832583259649 1745833738.97899
0.00216487367997688   0.169952555114748   0.361308812001772 0.399290139244903 1745833739.00995
0.0128646525568655  0.241282781626957   0.51862112198756 0.572145740320319 1745833739.05254
0.0390463647061193  0.219895044942298  0.420473973266546 0.476105882741953 1745833739.07928
0.026159570438657 0.340718578366311 0.484450503654635 0.592845480087961 1745833739.11056
0.0555352085841872  0.350617264460007  0.436596602698752 0.562701714070607 1745833739.13636
0.0597772449220441  0.418505676636663  0.485824196661672 0.644007352791519 1745833739.17937
0.0206033366196811  0.557105633331643  0.548741503075336 0.782245755096884 1745833739.21086
-0.0149579263105521   0.516788046086454   0.439254698370789 0.678408663106671 1745833739.2368
0.000341481538858968    0.472121035793526    0.383607523077508 0.608319916499578 1745833739.2796
0.0797469645288981  0.454646027203198  0.409074155001576 0.616769205370598 1745833739.31117
0.0137889152637229  0.350695107896754   0.32690674832562 0.479630289898059 1745833739.33713
0.0208336466096483  0.260045681317764  0.284068795975636 0.385684946621104 1745833739.37993
0.0803865830729447    0.1924219888035  0.333547867664436 0.393373111100301 1745833739.41155
-0.0365162231894048  0.0740243526505728   0.257168765212808 0.270090379581419 1745833739.4376
-0.0164114521073909 -0.0492442934489761   0.204851427611037 0.211325444733572 1745833739.48033
0.0728377207822166 -0.110332773669167  0.242405702457829 0.276114431166415 1745833739.51205
0.0165350243357274  -0.15840484139944  0.189748504826558 0.247729683107373 1745833739.53805
0.0365131173723444 -0.149255998944167  0.147846637666902 0.213235056288773 1745833739.58067
-0.00686376488984086  -0.0349053325466197    0.158360627539929 0.162307060424041 1745833739.61233
   -0.01757751808635 -0.00915479979402347    0.128572564563297 0.130091059876256 1745833739.63827
0.0053416142046746 0.0519817333992018 0.0957374883091833 0.109070161443212 1745833739.68077
-0.0167589013779109   0.172628707491249   0.103778280852625 0.202117448534806 1745833739.71243
-0.0161341705122608   0.171630487006603  0.0818755341339306 0.19084270648353 1745833739.73827
-0.0091117452058345   0.154375114271099  0.0353739454128031 0.158638002448905 1745833739.78071
0.0398094288896928  0.148982950895482   0.04671397574458 0.1611300897285 1745833739.81237
-0.021921366588615  0.101905962099528 0.0323351994370137 0.10913723721615 1745833739.8418
  -0.020593701375384   0.0265502461630043 0.000436105276183332 0.0336036649112345 1745833739.88072
  0.0225101480518442 -0.00554604200623542   0.0321442339879751 0.0396322737920065 1745833739.91237
 -0.045485682553223 -0.0564598351157883  0.0169417946158191 0.0744559245690978 1745833739.93836
-0.0360859286953028  -0.084598141026293 -0.0223255248016253 0.0946439050999853 1745833739.98072
-0.00338169825009466  -0.0734991135338804  -0.0332451736904094 0.0807390682818821 1745833740.01238
-0.0380789180902571 -0.0986953127784686 -0.0398078820258701 0.113028475344711 1745833740.03833
-0.0248989060218778  -0.122747753554957  -0.104799507400975 0.163309225934611 1745833740.08072
0.00898087286058032  -0.105335372034452  -0.151155966687916 0.18445683219749 1745833740.11228
-0.0279508966003445    -0.1200994786348  -0.141535698995349 0.18771651893005 1745833740.13828
  -0.0164567476166 -0.135597833144158 -0.218785267890503 0.257923613384712 1745833740.18056
0.0178670007842588 -0.110386464574144 -0.264085703530156 0.286785041602976 1745833740.212
-0.0179136747723486  -0.124408178537398  -0.220646359909767 0.253935249172447 1745833740.23795
-0.00344295875220101    -0.13079356632935   -0.286154851720101 0.314648073442493 1745833740.28034
0.0308170717424816 -0.105787891514524 -0.330138292895298 0.348040317115261 1745833740.31161
-0.0231695607945555   -0.12532339836825  -0.296644458527811 0.322863310862721 1745833740.33744
-0.000884972318107349    -0.147577912348876    -0.366816831259675 0.39539171853321 1745833740.37994
0.0593767783780918 -0.140646234579209  -0.44791673688475 0.473219154613751 1745833740.41111
0.0102622647453959  -0.16423448438523 -0.429416070921535 0.459865678111202 1745833740.44011
0.0196235300203753 -0.150086087797271 -0.468892108504519 0.492717694119629 1745833740.4795
0.00289135056274176 -0.0558224706075255  -0.542476071112699 0.545348325258889 1745833740.51039
-0.0178117502894097 -0.0338434602329901  -0.478116131938262 0.479643277726812 1745833740.5361
-0.00691445261420794  0.00265178331627609   -0.528127481306027 0.528179399560754 1745833740.57865
-0.0434284536190822   0.130876026302206  -0.607539052168845 0.622991384173666 1745833740.60942
-0.0355485287296525   0.201950587867284  -0.793207123928219 0.819283393756557 1745833740.65228
-0.00217602142653434    0.213904594014135   -0.532783449091748 0.574123779367916 1745833740.67759
0.0242055199943575   0.24953214655463 -0.452784789485233 0.517557982212182 1745833740.70824
0.0111292499537263  0.279504620230708 -0.642440455258104 0.700697103952261 1745833740.7522
0.0247743479761313  0.204568594419719 -0.579506302025403 0.615052544281917 1745833740.77652
 0.118780529185011  0.143681842539657 -0.642397470975647 0.668900438559409 1745833740.80711
 0.056885072653235 0.0235668230560529 -0.898906151913391 0.901012528540786 1745833740.85211
 0.0660948144033665 -0.0457209796941755  -0.618366162363594 0.623566871499352 1745833740.87552
 0.126448990815959 -0.109054038504996 -0.526372112775237 0.552222538203658 1745833740.9062
 0.065005781200933 -0.305062003007163 -0.787821332733069 0.847319909820131 1745833740.95197
0.0587068394675723 -0.275420553307133 -0.655605175150134 0.713527238350377 1745833740.97455
0.0263929203086405 -0.230081203169736 -0.690846795361276 0.728631073284277 1745833741.00539
0.000166962373133933   -0.359608607811072    -1.00093018601604 1.06356928122542 1745833741.05182
 0.043271016398547 -0.294907154167718 -0.678628293324099 0.741201032743105 1745833741.07368
-0.0103735449615098  -0.251369605435282  -0.642526638560375 0.690025195359888 1745833741.10468
0.0343506144060182 -0.264254169309354 -0.948834852258124 0.985544421914681 1745833741.15166
0.0596415542757506 -0.168363680823186 -0.677010661595787 0.70017632060155 1745833741.17301
-0.0259982682162403  -0.105435345413565  -0.638703482545249 0.647869323728289 1745833741.20412
 0.0317535221918684 -0.0912045924398136  -0.935835761448136 0.940805578352358 1745833741.25148
 0.0616087215094308 -0.0185853503766413  -0.629149460490756 0.632431888388353 1745833741.2725
0.00108059161505953  0.0205605237919283   -0.53799083021021 0.538384654505595 1745833741.30362
0.0226660721795051 0.0488861184682345 -0.801850927186419 0.803659450785379 1745833741.35131
0.0502134594197271 0.0913515941980716 -0.571813055823741 0.58123719433628 1745833741.37206
0.00114361498526063  0.0970168058770439   -0.55613007974433 0.564530100237581 1745833741.40306
0.00767236993269241   0.110148173953659  -0.813029098034513 0.820492412967069 1745833741.45114
0.0505044709158125  0.115008804114389 -0.553647574589973 0.56771767935803 1745833741.47161
0.0422605643788237 0.0981569851692016  -0.47724211216101 0.489061123643073 1745833741.50246
0.0457214343170959 0.0410130786153862 -0.702296945908233 0.704977675111458 1745833741.55099
0.0775087311476506 0.0292072488988376 -0.525340660941887 0.531830308304459 1745833741.57124
 0.0417461139109135 -0.0013291768388181  -0.492172069945229 0.493941141404422 1745833741.60202
0.0241517963852112 -0.175977576456127 -0.713714258497526 0.73548586625895 1745833741.65082
0.0516257863905963 -0.149712712538038 -0.477150762139708 0.502744435997505 1745833741.67095
0.0171719576780014 -0.177289201669764 -0.359285085782535 0.401013852659682 1745833741.70162
0.0458337240370539 -0.327357342801812 -0.491150424119093 0.592023900917634 1745833741.75065
 0.060501010056874 -0.234324874894117 -0.366070150399816 0.438834677556127 1745833741.77079
0.0119804479347185 -0.241128457705202 -0.351391504123538 0.426336080361735 1745833741.80152
0.0720214763882581 -0.276788924140376  -0.50928662376309 0.584099363748958 1745833741.8505
0.0723939649853531 -0.156677148838955  -0.36785665561098 0.406333771931278 1745833741.87063
-0.0431089441499831  -0.156586037394431  -0.315185276932398 0.354569213225808 1745833741.90141
-0.00167470325562163  -0.0366514482543113   -0.433653041769061 0.435202359742789 1745833741.95033
0.0392258491092298   0.04785702410827 -0.307172816866102 0.313343424083378 1745833741.97046
-0.0500257807972111  0.0483879290490035  -0.250627025060073 0.260111276403936 1745833742.00119
-0.0400609478164492   0.230504814483415   -0.32156624793428 0.397670970590659 1745833742.05016
0.00644667579998088   0.254946178929651  -0.210947129596613 0.330964960780971 1745833742.07013
-0.0589948442667199    0.23278255165103  -0.142349285070904 0.279162008452827 1745833742.10086
-0.0631941841802641   0.316945191974248  -0.181229554924504 0.370529231246248 1745833742.15
0.0128140519193027  0.263905203394528 -0.138306836928365 0.298226319171241 1745833742.1698
0.0232430671153984  0.193163502533341 -0.049063008943598 0.200647845058148 1745833742.20047
 0.0100464149279716  0.0698251557650647 -0.0373604255444054 0.0798265884738887 1745833742.24983
 0.0388390690797502   0.050108735125096 -0.0306076263302431 0.0704001804854961 1745833742.26958
0.00467164823925609 -0.0184831876621411  0.0433149622369248 0.0473248188270329 1745833742.30025
0.0185661067216173  -0.16837417205457 0.0933354092648044 0.193406465136223 1745833742.34967
0.0260780873071406 -0.135782913618234 0.0361057218106546 0.142900977658392 1745833742.36948
 -0.02763924275856 -0.169454878641423 0.0655299638996017 0.183774480829981 1745833742.4001
0.0283446289713367 -0.210807933132194  0.109391543459877 0.239185936968553 1745833742.44952
0.0290097272705003 -0.136842787669596 0.0898801306317788 0.166270715088017 1745833742.46932
-0.0582268607533734  -0.150096649047983   0.138806833180449 0.212571654521978 1745833742.49994
0.00570648189937276 -0.0688232048989784    0.28008523584896 0.288473459453036 1745833742.54935
 0.0306571800685351 0.00106926457527972   0.224926215348719 0.22700838831987 1745833742.56921
-0.0690287859848827  0.0105595787581284   0.296495991604998 0.304608520950953 1745833742.59965
-0.043190487993062  0.162316791340962  0.513280946828927 0.540064338187502 1745833742.64918
0.00176972012190739   0.165540855184567   0.363844728689815 0.399737280272822 1745833742.66904
-0.0537680840723746   0.168310190343571   0.441765965643738 0.475790390234447 1745833742.69937
-0.0790637082069804   0.300986973135041   0.708289921820751 0.773639994639159 1745833742.74902
-0.0307836167500286   0.255178052107189   0.477973720445218 0.542699130986659 1745833742.76893
-0.064605316451515  0.257422398962255  0.510854621700728 0.575684447344443 1745833742.79922
-0.10165244669497 0.265014358798788  0.81394397927383 0.862015447474535 1745833742.84886
-0.0452220752015022   0.200688499546465   0.564720003313927 0.601023786616323 1745833742.86894
-0.0386313816147186   0.186561741946004   0.619363805887266 0.648004005579092 1745833742.89939
-0.135315159784616  0.107647548639089  0.939178731731643 0.954963285855848 1745833742.94871
-0.0694766520465752  0.0493530229221772   0.625004861905998 0.630788239789943 1745833742.96908
-0.0686688335086221  0.0735543212288479   0.633419467562165 0.641362509625881 1745833742.99983
-0.110054871173197 0.0140953515918999   0.94344511575838 0.949947072238128 1745833743.04863
  -0.066620662423197 -0.00370044724434423    0.636794707303782 0.64028080185308 1745833743.06928
-0.0869826362729569   0.046958082078821   0.755124245435198 0.761566587062216 1745833743.10032
  -0.157488490158365 -0.00593498465852144     1.11141166910405 1.12253006498531 1745833743.14856
-0.0903942365664385 -0.0633138299747514   0.719778567875114 0.728190185214585 1745833743.16949
-0.0614018536646988 -0.0689960575484267   0.790121788883141 0.795501781807295 1745833743.20103
-0.116519014938728 -0.173232639854304   1.15114726778751 1.16992574998922 1745833743.2485
-0.0699211139544658  -0.193911156191579   0.776124915929655 0.803031994256146 1745833743.2701
0.00428621552841306  -0.189611239009027   0.843244185031051 0.864309868733879 1745833743.3021
-0.0109504135615433  -0.277989877380538    1.17131577319721 1.20390154249581 1745833743.3485
-0.0142407795459513  -0.271931917159714   0.777024272972156 0.823356841327101 1745833743.37112
0.00163695015231659  -0.237748560885398   0.744312421400672 0.781362936451564 1745833743.40362
0.00826006941108964  -0.311020037107915     1.0314577999519 1.07736107471493 1745833743.44852
0.0165996931179124 -0.290095561368421   0.72160326827182 0.777908902968619 1745833743.4723
0.0137365941131265 -0.211540725062214  0.759544335919227 0.788571981879052 1745833743.50497
0.0582300854592686  -0.23926551856653   1.01063786936818 1.04020557306167 1745833743.54853
0.0552489536200029   -0.2131536001099  0.707766415774885 0.741228846858204 1745833743.57365
 0.0235374816517266 -0.0740389658511558   0.674606825259346 0.679065644980887 1745833743.60628
 0.0730908978853351 -0.0378405609028648    0.87065575688306 0.874537383075613 1745833743.64859
0.0735322165892936 -0.045231973173929  0.625435246782167 0.63136531912294 1745833743.67499
 0.085932413992378 0.0458326140651382  0.615727085151418 0.623381786448451 1745833743.7074
0.0843719481175445 0.0579640005934661  0.558680002064716 0.567980453625809 1745833743.7344
 0.106070429787505 0.0629872578045936  0.631589517785156 0.643524397126584 1745833743.776
0.0756411123499263  0.168642571386767   0.82420383803553 0.844673819526788 1745833743.80851
0.0540101844762258  0.161289280568042  0.664447571781219 0.68587309883044 1745833743.83528
0.0756235626797321  0.151050997569931  0.612842011464131 0.635696986082716 1745833743.87697
0.0833231126311445   0.22008066285996  0.651313344845685 0.692522427389537 1745833743.90953
0.0407969918558168   0.17215726052833   0.51960443874621 0.548900072565004 1745833743.93598
0.0716322350634355  0.121283301398568   0.50011508937603 0.519572823500146 1745833743.97782
 0.12133330010259 0.108096157764826 0.549773622221153 0.573286651447136 1745833744.01032
0.0629190820445635  0.062106396491173  0.444521183099961 0.453227423701433 1745833744.03671
0.0788975970402389 0.0399660030325038  0.421671537801462 0.430846838225567 1745833744.0785
0.069325991249095 0.108891926134469 0.456206160834088 0.474117713044896 1745833744.111
0.0322671219822306 0.0887611431610584  0.357877091032323 0.370129328724477 1745833744.13739
0.0398435268305425  0.079918857970875  0.323706695214762 0.335798384475756 1745833744.17901
0.0457871162252426  0.138505305090439  0.339648806126823 0.369650498516904 1745833744.21151
-0.0132271469389385  0.0941084504714911    0.26684514824223 0.283262583139227 1745833744.23796
-0.00711405437859015   0.0613973928549246    0.231369663925553 0.23948313302633 1745833744.27935
 0.02525549317303 0.075849647838279  0.24131067810218 0.254208285425038 1745833744.31191
-0.0185894805896108  0.0531365688151078    0.18226931111536 0.190764686219704 1745833744.33836
-0.0134894718143081  0.0352434484371253   0.134563329286308 0.139754628174471 1745833744.37958
0.0269607434149637 0.0558286074725038  0.091750197810105 0.110733074986653 1745833744.41209
-0.0267578185560307  0.0226796643904493  0.0599458242800229 0.0694539407042701 1745833744.43853
 -0.0221721761570419 -0.00810725868819253   0.0100468154591133 0.0256568029934684 1745833744.47964
  0.0157693327667766 -0.00538610269913346  -0.0368837872052782 0.0404733951726216 1745833744.51209
-0.0462592938336338 -0.0302196868987774 -0.0463889861922289 0.0721463081674275 1745833744.53847
-0.0402408803025269 -0.0673170701452953 -0.0875029382935146 0.117506087461321 1745833744.57958
-0.00165512165529027  -0.0803355516393998   -0.144270368082016 0.165137758830078 1745833744.61197
-0.0493632848728902 -0.0963682744930708  -0.134167667354144 0.172408065894454 1745833744.63819
-0.0509189999495203  -0.117763771140033  -0.201967227292578 0.239273507203019 1745833744.67941
-0.0122620165175426 -0.0903071518005959  -0.253610520362991 0.269488468685024 1745833744.71157
-0.0286263820719148 -0.0966289455948072  -0.226287184967017 0.247714579622574 1745833744.73791
-0.0181132689451235  -0.123819493633109  -0.316947254364301 0.340756393284861 1745833744.77908
-0.00558936629441618  -0.0718130254635713   -0.437108087138301 0.443003195793788 1745833744.81097
-0.0213088305420441 -0.0697313070592987  -0.374937784705542 0.381961861765239 1745833744.83724
-0.0046473561635428 -0.0932363285887813  -0.453059955334831 0.462577489742016 1745833744.87851
 0.0161929955521088 -0.0256529320268947  -0.553418697966558 0.55424952980181 1745833744.91018
-0.00675243205747167  -0.0277347053907318   -0.467396535925949 0.468267371292703 1745833744.93639
-0.00437512701904944  -0.0294514227611746    -0.55569974763675 0.556496844162335 1745833744.97777
-0.0155981298410136  0.0382731588543274   -0.64869158228764 0.650006850174725 1745833745.00931
-0.0461578773153864  0.0195328733630622   -0.53952032845365 0.541843397666534 1745833745.03536
 -0.0268841809076651 0.000790599337596497   -0.619839165478307 0.620422416818761 1745833745.07674
-0.0307503664091101   0.074669732894118  -0.741814386627886 0.746196849532937 1745833745.10834
-0.0510206491849707  0.0620761370496016  -0.619501477445522 0.62469083072464 1745833745.13432
-0.0414056301665009  0.0706614155376176  -0.685306317029138 0.690182736683052 1745833745.17559
-0.0367540294822207   0.132856763032799  -0.826986215427622 0.83839607505882 1745833745.20724
-0.0549676472128255   0.147680455088035   -1.03310542628832 1.04505396075107 1745833745.24857
-0.0280655114510557   0.110147721957061  -0.759487209321432 0.767945971216853 1745833745.2743
-0.00453627156515806    0.120256549788597   -0.713913939149538 0.723985723642933 1745833745.30596
-0.0558599000833321  0.0995765383802164  -0.978814761759141 0.985451243477175 1745833745.34854
-0.0211710977543198  0.0673588130266504  -0.806888940960723 0.809972337871609 1745833745.37292
0.0156396560491793 0.0676457793744772 -0.842751292111234 0.845606463234329 1745833745.40451
-0.0151102692543207  0.0130759853378837    -1.1412006646403 1.14137559926825 1745833745.44846
0.0232370501152901 0.0191388508608675 -0.828649025801278 0.829195672969741 1745833745.47154
0.0323727701104215 0.0280377891734629 -0.829183763398659 0.830289002306017 1745833745.50317
0.00935521928896659 -0.0268639722531436   -1.16237034512557 1.16271837190289 1745833745.54832
  0.0297980263607438 -0.00787435086683081   -0.848156608512614 0.848716419271001 1745833745.57023
-0.00766217543722941  0.00215943817969438   -0.847967363686203 0.848004729929387 1745833745.60201
-0.0206600389185396 -0.0349321144551707   -1.17987098249751 1.18056877189263 1745833745.64815
0.0140514420054824 0.0226265747023417 -0.835144725705123 0.835569337504841 1745833745.66928
-0.000326200000768485    0.0536098180335016    -0.802614607712414 0.804403087705025 1745833745.70111
0.0202447641493601 0.0895407105242158  -1.13511303618015 1.13881912269806 1745833745.74797
0.0761202356500347  0.105445871534574 -0.769461888492414 0.780374730460575 1745833745.76865
0.0678929109865118  0.109854144965888 -0.723469659334309 0.73490525137987 1745833745.8002
0.088813579165382  0.10005930379228 -1.04415471806135 1.05269121368488 1745833745.84779
 0.120916638023093 0.0917713594442832 -0.731810322106513 0.747388227969037 1745833745.86808
0.0828093244831295 0.0685063683547905 -0.694315615826037 0.702584287545916 1745833745.89948
 0.0696384633923904 -0.0543185316854961  -0.969584629818096 0.973598671346472 1745833745.94761
 0.0972614955405565 -0.0428750840705475  -0.685545994593988 0.693737257218252 1745833745.96775
 0.051098240847865 -0.067503922907835 -0.608751394400025 0.614610502684154 1745833745.99886
0.0593514087498541 -0.176223850066302 -0.859042669735071 0.878937849610734 1745833746.04743
 0.0673502469293908 -0.0923216213846631  -0.607582362369171 0.61823592955978 1745833746.06745
-0.00696847322348831   -0.107408962769427   -0.486503544007223 0.498267943213146 1745833746.09844
 0.0180595184247643 -0.0773447547372372  -0.686553136224039 0.691132090233236 1745833746.14723
 0.0235017544614257 0.00933791323986637  -0.492691155114956 0.493339744410432 1745833746.16714
-0.0185324831437672  0.0131643524213146  -0.442250606215185 0.442834451916114 1745833746.19815
-0.00739335205357155    0.123881950507931   -0.614698342951571 0.627100830922464 1745833746.24707
 0.033785818157674  0.158001827810729 -0.429245442268282 0.45864769574065 1745833746.26683
0.0157472078189405  0.126110627314033 -0.404719479428981 0.424204811270331 1745833746.29772
0.0330601673796497  0.142165805014571  -0.55224248671431 0.571205615269157 1745833746.34691
0.0581322804461039  0.143940710974027 -0.368799162796372 0.400138866876086 1745833746.36649
0.0173756339102616 0.0874928680412096 -0.248364373923638 0.263897284651322 1745833746.39738
 0.0323897481398295 -0.0300923680653842  -0.311628875956687 0.314749428482995 1745833746.44673
   0.053594457145668 -0.00721390625689977    -0.21579577769364 0.22246847855511 1745833746.46619
 0.0164142276783922 -0.0572208424173262  -0.115298875078526 0.129759324411004 1745833746.49718
0.0370442086522157 -0.144731743662588  -0.11653908133089 0.189475350628334 1745833746.54653
 0.0356924208709757 -0.0926659297969796 -0.0799357968969035 0.127478057242463 1745833746.56599
-0.0332764418945867  -0.127272616500012 0.00409485374362636 0.13161462047624 1745833746.59705
-0.00488964148041331   -0.133502359638766   0.0312477977915861 0.137197716780379 1745833746.64637
0.00893764857345691  -0.074773209299439 0.00590273904551539 0.0755364595357751 1745833746.66584
-0.0452222765481943 -0.0872852787975697  0.0368043119366154 0.104968240759282 1745833746.6969
 -0.024152963585505 -0.0286235379105344  0.0749373493662082 0.0837751687704159 1745833746.74621
 0.00993600744051041 8.43972725609096e-05   0.0621086565648009 0.0628984625173134 1745833746.76573
 -0.010422685698938 -0.0261187682870236   0.122991903249231 0.126165885638227 1745833746.79674
 0.0202778239138519 0.00060512681001413   0.234078540537161 0.234955994733365 1745833746.84603
0.0333437075061212 0.0331743738008474  0.189377698569268 0.19513137785278 1745833746.86566
-0.00653012267492262   0.0105751182275707    0.257821058227525 0.258120463530572 1745833746.8965
-0.014086677174115 0.0280071472523067  0.456894301029528 0.4579685983605 1745833746.94585
-0.00123919745895204   0.0413938319726956    0.341192375452732 0.343696409644913 1745833746.96565
-0.0427957245277052  0.0139975939828257   0.403728919010842 0.40623201095042 1745833746.99637
-0.0130525792297935  0.0129767773712855   0.683060653239723 0.683308585179326 1745833747.04566
0.00973449448948323  0.0193131544642597   0.498387393984972 0.498856445083611 1745833747.06558
-0.00383194312299185 -0.00516373343970701    0.566349638706723 0.56638614142153 1745833747.09614
-0.00980489782539486  -0.0562497312367746    0.886389844662454 0.888226955798069 1745833747.14551
-0.00275980997903544  -0.0555395498256732    0.616873655195822 0.619374979007558 1745833747.16582
-0.0396253433297498 -0.0562739761255792    0.62994483324154 0.633693475704693 1745833747.19646
-0.0449048341155687  -0.105303589727653   0.965603213490021 0.972365597930496 1745833747.2454
-0.0164344015427004 -0.0974681971720328   0.693544659438452 0.700552877126081 1745833747.26604
-0.0288479857700465 -0.0770626421279214   0.711107408184654 0.715852361223891 1745833747.29713
-0.0393484098444884  -0.115712383560112     1.0738360744647 1.08076897063536 1745833747.34531
-0.0148234944591261  -0.117379857620117   0.733587997202682 0.7430673701642 1745833747.36635
-0.0757721568823128 -0.0750247270702432    0.78966110348595 0.796827953694654 1745833747.39773
-0.0715449172698921 -0.0746387621294016    1.16010156786751 1.16469964701979 1745833747.44526
-0.0294475241681898 -0.0825275372998561   0.790709831188555 0.795550116730963 1745833747.46648
-0.0347689066903954 -0.0361580161074462   0.862252910879362 0.863710808848196 1745833747.49826
-0.0454599766914891 -0.0344394199907709    1.24914638626352 1.25044767081445 1745833747.54525
-0.0243511996560316 -0.0505152905129813   0.873004971535309 0.874804238573216 1745833747.56686
 -0.0281489030669451 -0.00512638087606153    0.958343613218691 0.95877063029789 1745833747.59914
-0.0444207769454335  -0.013268903156412    1.34673220166792 1.34752992257119 1745833747.64526
-0.0132198708148562 -0.0780425964211901   0.921522789929446 0.924916030891384 1745833747.66781
 0.0536491600871146 -0.0692299031191426   0.941226470338589 0.945292695586916 1745833747.70042
0.0480102535307428 -0.121550706620318    1.2935905307987 1.30017538051451 1745833747.74527
0.0459898899176316 -0.180939585028345  0.918130244644006 0.93691907309806 1745833747.76933
0.0822751412943581 -0.156126955828235  0.889888525572858 0.907219054670609 1745833747.80208
0.0788396138971786  -0.22222373851049   1.17147832657891 1.19497303079239 1745833747.84534
 0.051192653276496 -0.232613712686975  0.835607796772828 0.868890221551057 1745833747.87099
0.0779317801015759 -0.184099456102173  0.757882717040153 0.783806216404973 1745833747.90371
 0.111829489673937 -0.211683161990394  0.977044085851686 1.00594768329608 1745833747.94549
0.0928779487059117 -0.171622654345169  0.754352694028461 0.779184596760162 1745833747.9727
  0.0371109182071941 -0.00185017245628483    0.712392960117099 0.713361320098519 1745833748.00531
0.0720950519477338 0.0446182862191723  0.637861384697256 0.643471548763722 1745833748.03342
0.0814587956342488 0.0575343481317001  0.661099996218847 0.66857979449104 1745833748.07393
0.056168774980322  0.19612280439157 0.771805453586318 0.798312434996966 1745833748.10652
0.0650081511081258  0.213542021960974  0.662090454113644 0.698705964109431 1745833748.13466
0.0720648449287124  0.249129894482188  0.616559883109543 0.6688834993176 1745833748.17493
0.0621465011475648  0.395286124812342  0.662741841335224 0.774170560232334 1745833748.20762
0.0586105823004252  0.381133467866936  0.562263829113503 0.68179068211237 1745833748.2358
0.0774149421404371  0.388552682160389  0.535461685108806 0.666097197336997 1745833748.27555
0.0814312876281814  0.444571684195753  0.536411580933324 0.701435970814742 1745833748.30842
0.0192827504762303  0.363075589817899  0.406246549978101 0.545189845610365 1745833748.33485
0.0294783809519873  0.282904314300125  0.360785448227256 0.459423514467551 1745833748.37603
0.112164689431016 0.229164226187589 0.315799208366184 0.405988054164185 1745833748.40891
-0.00219805908252912    0.155341118936752     0.22787615218598 0.275795640704019 1745833748.43546
-0.00241799954907139   0.0794068978417221    0.177669044717286 0.19462166271363 1745833748.47646
0.0414308852584094 0.0500458167230248  0.143475758181543 0.157500460985163 1745833748.50934
-0.0360660457892873  0.0135648815441711  0.0970026469468798 0.10437566375781 1745833748.53587
-0.0275639062170857  -0.042334599245222  0.0504900357428739 0.0714229019888896 1745833748.57673
-0.00138136559712282  -0.0141655740827741  0.00856831004856309 0.0166128744380911 1745833748.60952
  -0.042413198190881  -0.0226274132051265 -0.00459365134081082 0.0482905875070434 1745833748.63596
-0.0323510146024758 -0.0531016058715617  -0.041029285160314 0.0744967847139368 1745833748.67673
-0.0155257535480991 0.00195298122442678 -0.0715719663634094 0.0732626066150002 1745833748.70945
-0.0578653936600354 -0.0148356253821845 -0.0662204068014221 0.0891831925917503 1745833748.73601
-0.0451627421762373 -0.0368534105137542  -0.131825674956797 0.144138321501215 1745833748.77668
-0.00731354924933702 -0.00842031946970444   -0.202885385998961 0.203191706608665 1745833748.80923
-0.0497945811025852 -0.0171903691880264  -0.177635943475632 0.18528231840756 1745833748.83579
-0.0283009740671663 -0.0244741570658187  -0.261021322936154 0.26368932576912 1745833748.87641
0.00347966839204743  0.0311346018259616  -0.368743104025171 0.370071544824913 1745833748.9088
-0.0486489312608936 0.00724643755044315  -0.322585136369153 0.326313345691384 1745833748.9353
 -0.0266452823428981 0.000362282162219479   -0.412345880822076 0.413206035471932 1745833748.97586
-0.00151105010355388   0.0349050190525395   -0.531056375801087 0.532204394858271 1745833749.00814
-0.0656103189257374 0.00280265855552946  -0.468802935315583 0.473380144286832 1745833749.03453
-0.0465739085991106 -0.0484392249848323  -0.556822907965599 0.560862940757005 1745833749.07514
-0.0155067901054885 -0.0288642639888728   -0.67904776448405 0.679837828254489 1745833749.10724
-0.0589785597310977 -0.0623683612516321  -0.579088777440905 0.585416172608146 1745833749.13363
-0.0248721428074261 -0.0604061146441023  -0.659804103766193 0.663030148274525 1745833749.17418
-0.0186309377985809  0.0153331727338593  -0.807314454335463 0.807674963217449 1745833749.20612
-0.0396699451715542   0.010585642781695  -0.688041598717612 0.68926555256222 1745833749.23245
-0.0104928990299942  0.0369216347549831  -0.756012732902238 0.756986499452497 1745833749.27295
-0.00693754154485273    0.142288897904686   -0.962295339898466 0.972782905452148 1745833749.30473
-0.022055569049799  0.131654421000959 -0.833518717980443 0.844140265547717 1745833749.33094
-0.00741053083771927    0.152483971441001   -0.866305568858909 0.879654259439284 1745833749.37154
0.0101437916922096  0.206266418384549   -1.0339714640676 1.05439353202169 1745833749.40312
-0.00654719909265535    0.210890393094127    -1.29002671878006 1.30716737982624 1745833749.44618
0.0320541068970146  0.120791419183999 -0.862092610595374 0.871103726292453 1745833749.47009
0.0923191998721568 0.0313543857605291 -0.749637264423197 0.755951030413577 1745833749.50159
0.0410697118349425 -0.102766239523408  -1.05734268305009 1.06311860609038 1745833749.54602
0.0487930843627475 -0.104567063869772 -0.879712966183927 0.887248521441483 1745833749.5687
0.0311380056377198 -0.107501997890172 -0.949654398327855 0.956226819959006 1745833749.6002
0.00210355682165591  -0.211943420443153   -1.27177861876844 1.28931970184939 1745833749.64584
0.0585632713651858 -0.173295014490291 -0.880190415334072 0.898997211367281 1745833749.66746
0.0469821172047141 -0.173274750981204 -0.786422523685309 0.806654724416963 1745833749.69923
0.0631007968455125 -0.238056191029471  -1.12178184830043 1.14849770388379 1745833749.74564
0.0769108838197398 -0.150578593718981 -0.819617529886802 0.836876390056538 1745833749.76671
-0.000790639675609647    -0.101772556586253    -0.807457523040692 0.813846379791793 1745833749.79849
 0.0597980629564896 -0.0736386064602107    -1.1547223423609 1.15861216144239 1745833749.84545
 0.0840972919308133 -0.0013130089718251  -0.774032752817876 0.778588967901213 1745833749.86614
0.0276980501796178 0.0378950714987391 -0.726401243750231 0.727916193905266 1745833749.89774
0.0745443400532398 0.0827717877965104  -1.02729129792675 1.03331284627891 1745833749.94527
0.0900912265795517   0.11816953964236 -0.728622044509186 0.743619898167499 1745833749.96557
0.0694335086580722  0.124482971710856  -0.68113754260519 0.695891783481292 1745833749.99695
0.0717758079897995 0.0699508931144749 -0.961980710970326 0.967187563163979 1745833750.04509
 0.101448475518093  0.076033168586917 -0.672463061464101 0.684309436544596 1745833750.06512
0.0770208361063731 0.0632045901912912 -0.618099772624158 0.626078556040542 1745833750.09629
0.0729558398617563 -0.024332009398793 -0.875359965366029 0.878731853421129 1745833750.14493
0.0843319663567302 0.0161836862540729 -0.621829182474013 0.627730295928643 1745833750.16484
 0.0154810299779067 0.00393590517370658  -0.556568153383129 0.556797326680921 1745833750.19601
 0.0192346244654258 -0.0373973943266161   -0.79978412673579 0.800888996839934 1745833750.24477
 0.0421881572095591 0.00118972847111271  -0.584114140778754 0.585636905872807 1745833750.26452
-0.00282803549274078  -0.0146689172357394   -0.517154477384701 0.517370204395905 1745833750.2958
-0.0101245229794182 -0.0453232617789013  -0.740015425848806 0.741471196013729 1745833750.3446
  0.0226824422019798 -0.00297616884452239   -0.508738746351655 0.509252847615692 1745833750.36418
0.00162924563562114 -0.0290045391870476  -0.415763076730469 0.416776743241727 1745833750.39545
0.0353638845578718 0.0071974689970257 -0.546756835611367 0.547946571463625 1745833750.44438
0.0587419069641046 0.0519402693868327 -0.365594454742145 0.373908690131645 1745833750.46383
-0.00234506581810055   0.0138988801197137    -0.25849687091547 0.258880880860991 1745833750.49502
 0.012034706519714 0.0181279905696043 -0.287657250482551 0.288479032094689 1745833750.54409
0.0474992946869369 0.0325202957414781 -0.172825892778617 0.1821607582483 1745833750.56342
0.00212032941430795 -0.0267688071633869 -0.0717287005195695 0.0765902820989835 1745833750.59471
0.00506783546415614 -0.0953475740291966 -0.0695571607843634 0.118131458324727 1745833750.64378
 0.0332567041957587 -0.0678949387938213 -0.0447590052093113 0.0878584067412339 1745833750.66317
-0.0143104913086084  -0.125152166384281  0.0169833145075293 0.127107387211893 1745833750.69442
-0.00493243106801631   -0.191846923010132   0.0577262939727317 0.200404330693033 1745833750.74354
0.00491364980496689  -0.125857895627425  0.0497877219994602 0.135436963595856 1745833750.76301
-0.0391963095755381  -0.143332379696083  0.0839760407709322 0.17068244542789 1745833750.7944
-0.00296949440223145  -0.0944659970673808    0.137294059116521 0.16668023628382 1745833750.84338
 0.0266506783054337 -0.0350898199565866   0.100512875799365 0.109746946746522 1745833750.8629
-0.0260116023327019 -0.0542852509769598   0.164320147808933 0.174998865440595 1745833750.89429
0.000850767755544365   0.0276982893421318    0.302688893818542 0.303954742485369 1745833750.9432
0.0239594872783335 0.0630103734590237  0.241129050005059 0.250374884823595 1745833750.96279
-0.0317738522097495  0.0279707514865476   0.319694630060952 0.322485033936116 1745833750.99412
-0.0340708753176054  0.0904033111131789   0.511925902548505 0.520962295089803 1745833751.04302
-0.0103987806592868   0.105573692702895    0.36116175320881 0.376419647748344 1745833751.06282
-0.0715523594295463  0.0837314095410849    0.42740274938546 0.441365833822604 1745833751.094
-0.0686785706641464   0.120009439022304   0.706152571903172 0.719562691034202 1745833751.14286
-0.0241003355826026   0.112476273908518    0.52068216119351 0.533236956101771 1745833751.16283
-0.0394318949838801  0.0872226911416349   0.605292037808075 0.612814101686523 1745833751.19373
-0.0626507321328109  0.0701872100879096   0.940292302568247 0.94498728719798 1745833751.24271
-0.033671848406083 0.0404381811809784  0.645903192434757 0.648043188275071 1745833751.26291
-0.0495528775136096  0.0374770803194064   0.664633327021541 0.6675308821372 1745833751.29392
-0.0700683976543738  0.0138142167435806   0.988574424331166 0.991150748057926 1745833751.34259
 -0.0422588709278011 -0.00435012312332394    0.707731580988541 0.70900544883084 1745833751.36324
-0.0400823464063878  0.0141569557459565   0.730028611143273 0.731265196065839 1745833751.39438
-0.0499218076910549 0.00726649843880492    1.07668280967383 1.07786402738464 1745833751.44252
-0.0216309126337616 0.00526919903814668   0.748854193641765 0.749185066705638 1745833751.46352
-0.062959396924511 0.0387872340739437   0.78620683320046 0.789676845145722 1745833751.49496
-0.0905574775039801  0.0422621801506535    1.13504176409246 1.13943255826622 1745833751.54249
-0.0617391256063297 0.00708084981812697   0.783266260952968 0.785727620497094 1745833751.56371
-0.0455217542652892  0.0221333823868187    0.88966090755399 0.891099684186376 1745833751.59542
-0.0834262383198159 -0.0284150582492901    1.27562036799114 1.27866128275214 1745833751.64246
 -0.039634970343229 -0.0610314063831314   0.892472741729685 0.895434731384545 1745833751.66407
0.00519666233314883 -0.0417149690454088    0.94443442995838 0.94536952374861 1745833751.69629
-0.00468045788433914  -0.0940304526791299     1.32734979680996 1.33068445388398 1745833751.74246
-0.00214807365481659  -0.0898794712039034    0.923486530615118 0.927852523729858 1745833751.76496
 0.0249880402342943 -0.0543638510896492   0.933608771446469 0.935524007485555 1745833751.79758
0.00833938757363852   -0.10439666282574    1.26480249660171 1.26913102712217 1745833751.84247
0.0189967600615631  -0.14674249460548  0.906840496462667 0.918832913341992 1745833751.86642
0.0754579455353568 -0.146991682459819  0.912502015227115 0.927340489815004 1745833751.8992
 0.073284779589839 -0.210184011241366   1.18734699512192 1.20803181428557 1745833751.94249
0.0648888604582914 -0.197149098413559  0.870064971622625 0.894478275902514 1745833751.96789
 0.0552923135445615 -0.0939560164641789   0.827090195692679 0.834244067870957 1745833752.00069
0.0660265429431235 -0.105781994791193   1.05241845044475 1.05978013268392 1745833752.04255
 0.0628434952937646 -0.0968251405606037   0.804973131890932 0.813207326462086 1745833752.0694
 0.057275754239221 0.0318708702409015  0.779186028816259 0.781938061419213 1745833752.10221
0.0886033299624291 0.0630656724305674  0.690081754065409 0.698599067000195 1745833752.12911
0.104571294840429 0.133673415758085  0.75872913761544 0.777479029975541 1745833752.17064
0.0617969692417496  0.296918037549122  0.899005142759636 0.948783132827392 1745833752.20356
0.0842442294173786  0.293727150292289  0.755413528772265 0.814875652146462 1745833752.23168
0.0965848476022079  0.321184502009496  0.677478022129471 0.755952768091956 1745833752.27155
0.119971207470509 0.384685622950561 0.680737675104975 0.791062514238995 1745833752.30452
0.0726107323091229  0.326805496781105  0.552838676113542 0.646300822357349 1745833752.331
0.0832430270567236  0.278961524735318  0.548378070676737 0.620860243722659 1745833752.37227
0.136872342747117 0.246909945192081 0.570763742119368 0.636765112550888 1745833752.4052
0.0339551406338025  0.157297683139771  0.446213082650486 0.474343364900417 1745833752.43185
0.0315843867637122 0.0564921672353033   0.40701964155636 0.412133385033109 1745833752.47308
 0.106738827877246 -0.023432567968515  0.362364588540608 0.378484289827744 1745833752.50597
 0.0116948729793517 -0.0764982970248825   0.268800556025326 0.279718605783088 1745833752.53257
0.0142063003575793 -0.142469943590736  0.219961641740588 0.262455001159841 1745833752.57374
 0.063021196374928 -0.136818611122807  0.184565361356321 0.238233868613786 1745833752.60651
0.00946521935384913  -0.135861380097481   0.138943178397863 0.194558761824568 1745833752.63293
 0.014210928164506 -0.126796116968893 0.0899147442902725 0.156089291748252 1745833752.6742
 0.0256916762223335 -0.0184759689588749  0.0607101905210284 0.0684627700957396 1745833752.70678
 -0.0111674036631626 -0.00947185570395608   0.0346007226240035 0.0375717574935723 1745833752.73307
-0.000871705316878491    0.0143990709463856   -0.0275441538422744 0.0310929819278467 1745833752.77419
 0.0149367988365344   0.120646145414247 -0.0676868879519196 0.139140630886216 1745833752.80669
-0.0159610419737076   0.108527748922941 -0.0718255598485526 0.131118031539241 1745833752.83297
-0.0112701990612429   0.116411615515348  -0.132074501308619 0.176415292731933 1745833752.87397
0.0294610144155149  0.162891311108695 -0.198007612606632 0.258086313576058 1745833752.90636
-0.0401774570003511   0.118122924754529  -0.189603809967349 0.22697325427837 1745833752.93264
-0.0383873338725626  0.0493396109966007  -0.266645289520942 0.273875327546763 1745833752.97359
  0.0253051676346406 0.000388653441456374   -0.353297853172825 0.354203155854154 1745833753.00586
-0.0541022007175201 -0.0521148013852245  -0.325048435339406 0.333615775949664 1745833753.03215
-0.0503958690457563   -0.11969496964283  -0.417957791231329 0.437670360689008 1745833753.07315
-0.0162856391705652   -0.12415026301942  -0.526932347484999 0.541605214780136 1745833753.10532
-0.0991388746464432  -0.160309444285016  -0.468373308428978 0.504877401397449 1745833753.13143
-0.0988620813572805  -0.202742050746036  -0.563897924638907 0.607337566500762 1745833753.1725
-0.0666398038870761  -0.158286296607341  -0.703975551277068 0.724621964855902 1745833753.20449
-0.0935812702195437  -0.163622387771998  -0.584807943241473 0.614434756824868 1745833753.23065
-0.0883981046990357  -0.152544831804641  -0.668469763801031 0.691329137054771 1745833753.27176
 -0.070922263520872 -0.0741903436250362  -0.805573244282587 0.812085233490979 1745833753.30346
-0.0682613618580329 -0.0670494036975019  -0.671478530313191 0.67826149288491 1745833753.32961
 -0.056119113253211 -0.0565631332571715  -0.737511792640201 0.741803469390348 1745833753.3707
-0.0569674715347168  0.0365320520268125    -0.8965724859855 0.89912296504125 1745833753.40217
-0.047644092931045 0.0550944162147352 -0.762724600182901 0.766194603226511 1745833753.42815
-0.0274288748720998  0.0696777239275975  -0.821002530673704 0.824410385524774 1745833753.46932
0.0151628921659748   0.12022710915682 -0.983027774676745 0.990468614778356 1745833753.50061
-0.0157034910078825   0.130060574506448   -1.24639505321434 1.25326093904978 1745833753.54304
 0.028180055185788 0.0840187334483512  -0.83963167037516 0.844295330425036 1745833753.56777
0.0394892445006626 0.0577472335146588  -0.67235537791993 0.6759851312179 1745833753.59911
-0.0402218538696406 -0.0207049878641555  -0.964423804060193 0.965484214210206 1745833753.64286
-0.0120230660695125 -0.0289709307944749  -0.833034194057181 0.83362451824386 1745833753.66633
 0.0397810968451855 -0.0232418573382957  -0.893889791755298 0.895076353951477 1745833753.69772
 0.0343569103805127 -0.0660184037958838   -1.21095864860531 1.21324345271782 1745833753.7427
 0.0482096452545836 -0.0260688366399067  -0.843291634099356 0.845070727383982 1745833753.76505
-0.00794070849536131   0.0220322354287673   -0.770191459777023 0.770547441085141 1745833753.79644
-0.00783841614919496   0.0318798484332233    -1.08939696752193 1.08989151678038 1745833753.84253
0.0422500144331038 0.0539430423229222 -0.838328215337057 0.841123719891946 1745833753.86404
0.0353224412996131 0.0914814294078725 -0.846723965104211 0.852383716331835 1745833753.89538
0.060642403003655 0.121571603498912 -1.18771137005093 1.19545616999019 1745833753.94235
0.0862058637365939  0.131087983970852  -0.81704612216658 0.831973482889665 1745833753.96332
0.0183556303580979  0.133140664202977 -0.748945195376503 0.760908845597028 1745833753.99454
-0.0234254970659237  0.0403357616889377   -1.09112745554146 1.09212400935983 1745833754.04219
0.0509741445827901 0.0137439702868098 -0.788265758087927 0.79003174968423 1745833754.06282
 0.0612470686694825 -0.0134009377455618  -0.769001188417678 0.771552730758479 1745833754.09388
0.0794168513483518 -0.120952535325026  -1.10061326392908 1.11008382963461 1745833754.14202
 0.0880932598815586 -0.0772388524356846  -0.780523666220265 0.789267670877291 1745833754.16238
 0.0249093650603894 -0.0875574220075111  -0.685753279653055 0.691768992634994 1745833754.19332
0.0664867842085597 -0.177309711469651 -0.951625553088952 0.970283679934739 1745833754.24183
0.0876083622357385  -0.10029766526216 -0.681025581903827 0.693924124092912 1745833754.26201
 0.034893896555034 -0.114474578141114 -0.581173166681852 0.593366887118241 1745833754.29294
0.0851380426991985 -0.132493311752339 -0.790809075615583 0.80633861252561 1745833754.34161
 0.0854268164615523 -0.0544322374578379  -0.556487231604425 0.565631194670325 1745833754.36174
-0.016068413900105 -0.081761097414372  -0.48543207650279 0.492531594797205 1745833754.39279
-0.0190373327180257  -0.100358400504596  -0.674439941925379 0.682131559050867 1745833754.44143
 0.0229767887478666 -0.0344146792161338  -0.460857719659234 0.462711725306613 1745833754.46139
-0.0257973596180326 -0.0606991978668505  -0.413102533807965 0.41833431585695 1745833754.4925
  0.0081879129957086 -0.00824332412444378   -0.541209305259585 0.541334006331959 1745833754.54123
0.0403443053133204 0.0612555800431692 -0.346615093307536 0.354290744962709 1745833754.56103
-0.0110736585659695   0.021691119134734  -0.259089010728803 0.260231139650471 1745833754.59214
0.0208983555544749  0.111786822003464 -0.333485168210697 0.352342719883685 1745833754.64106
0.0408263310147287   0.14570327018019 -0.243591506631608 0.286763063082368 1745833754.66075
0.0114709590901941  0.121902499040678 -0.205939021852346 0.239588570045218 1745833754.69169
 0.033201252064087  0.178833111908791 -0.266090299903763 0.322316075857969 1745833754.74088
0.0679036237072285  0.180047937603884 -0.152163440772907 0.245319943453106 1745833754.76045
0.00773527159798572   0.111163675514212 -0.0336125229042339 0.116391575625177 1745833754.79134
0.00318602943775182  0.0627354470167176 -0.0025140181983318 0.0628665839971216 1745833754.8407
 0.0276488839863637  0.0530792982408097 -0.0124495392123926 0.0611298921480246 1745833754.86023
-0.00678006743586166 0.000251234149138083   0.0312524661571827 0.0319804483073389 1745833754.89107
0.00538714357065805 -0.0779892076367315  0.0599057308297258 0.0984887527076045 1745833754.94055
 0.0198105605967253 -0.0502422400189816  0.0362247578750437 0.0650305626331729 1745833754.96008
-0.0485467269714235  -0.089375762327581   0.105052840792215 0.146222128796529 1745833754.99098
-0.0230847132538291 -0.0796816169071896   0.184258963335012 0.202072832484352 1745833755.0404
-0.00337851355223148      -0.041494260449    0.117654155538493 0.124802597406897 1745833755.05998
-0.0456582105369578 -0.0499907648009443   0.158004935965319 0.171899123163049 1745833755.09088
-0.0163591500407788  0.0185631982021243    0.26344772263085 0.264607098689603 1745833755.14023
0.0230086222466233 0.0485864354147739  0.202356179860726 0.209375409090534 1745833755.15987
-0.0253019032843807  0.0172949087347708   0.272083430748209 0.273804115136481 1745833755.19076
0.00821336554286154  0.0675274126217544   0.479901394996943 0.484698627756404 1745833755.24007
0.0124470021823634 0.0611949973349743  0.356540839204333 0.36196840412208 1745833755.25987
-0.0347134484659926  0.0291952819414723   0.414883636874591 0.417355747700126 1745833755.29071
-0.0345252019590361  -0.014446951686604     0.6416209487107 0.642711557238367 1745833755.3399
 0.00191871404654087 -0.00565962441988297    0.462927960356886 0.46296653150347 1745833755.35982
-0.0444626277916944 -0.0142616429524401   0.491787301578921 0.493999058424327 1745833755.39055
-0.0364860227157174 0.00518247462047394   0.781226022227725 0.782094742152482 1745833755.43974
-0.00537974493844477   0.0467177784862684    0.583180953491613 0.585073941478923 1745833755.45989
-0.0326348142094669  0.0769251927517523    0.64157146860242 0.646990313453801 1745833755.49068
-0.0321170821178929   0.160615235019563   0.961971597610895 0.975816640201536 1745833755.53964
-0.00704195150989806    0.134360812556343    0.656114605318128 0.669767715214485 1745833755.56007
-0.00309901213015467    0.140358636583267    0.636533218754706 0.65183179526464 1745833755.59095
-0.00893538128441802    0.143785837286849    0.934233066317874 0.945275425600748 1745833755.63961
0.0286232161024726  0.098771556901506  0.673750302361671 0.681553063880751 1745833755.66028
0.0343910870576817  0.106238734809583  0.712035654027888 0.720738640735928 1745833755.69145
-0.00231242502491114   0.0371294003500511     1.02830155569711 1.02897426067368 1745833755.73961
    0.00142223099496 0.000458769531993589    0.708790216876996 0.708791792242987 1745833755.76055
  0.017283245167297 0.00596449821039671   0.774436544982981 0.774652340090438 1745833755.79199
-0.0390650156719791  -0.113010079169158    1.12279947681771 1.12914835986481 1745833755.83959
-0.00483942068691001   -0.137558153718765    0.807023879235283 0.818677718826563 1745833755.86103
0.0251921843109246   -0.1287072812787  0.876586162464538 0.886342772649959 1745833755.89269
0.0102763281541191 -0.189539572072963   1.24923438143076 1.26357326342821 1745833755.93958
0.0194642135867289 -0.187960502083446  0.864962953640236 0.885363720243863 1745833755.96186
0.0126382646679148 -0.119088878140233  0.832631890898122 0.841200185669914 1745833755.99386
0.0410194070518867 -0.113429049801923    1.1719556949172 1.1781463796756 1745833756.0396
 0.0437312338027779 -0.0899850300261538    0.83158589070389 0.837582724306384 1745833756.06299
0.0202496272902351 0.0228140837551651  0.815069591865343 0.81564022056696 1745833756.09523
0.0622121220327039 0.0958771282640534   1.09939645840066 1.10532137615984 1745833756.13963
0.0582226849311952 0.0955262645392449  0.788328924332305 0.796227129151191 1745833756.1643
0.0424980291698505  0.191936811348185  0.742587406708427 0.768167871389956 1745833756.19648
0.0209717526399787  0.229899384677102  0.974338988130997 1.00131413915706 1745833756.23966
0.0148265056473523  0.169388619863512  0.732252694745281 0.751735551088747 1745833756.26546
0.056753381916082 0.154755448034651 0.692017914742374 0.71137823229257 1745833756.29764
-0.0202026448599417  0.0690960310908764   0.614034105581758 0.618239671316422 1745833756.32371
0.00330671597961313  0.0381830128397175   0.678257220630732 0.679339189343448 1745833756.36658
0.0606760787012778 0.0286399341266731  0.787247777393844 0.790101825947068 1745833756.39883
 0.0104114615145521 -0.0156769251793025   0.634234530413285 0.634513675252556 1745833756.42502
 0.0219366614455358 -0.0633803805350524   0.588334038427129 0.592144602714673 1745833756.46766
 0.0270066336356555 -0.0206444986605545   0.612388785847868 0.61333154053701 1745833756.4999
-0.0266537400566544 -0.0604769757837351   0.500433864047121 0.504779098957243 1745833756.52626
-0.0198817505461991  -0.123244729335287   0.463787371565346 0.480294985750634 1745833756.56863
0.0329500917433612 -0.158719047614234  0.485344489736775 0.511699832264303 1745833756.60093
-0.00662955557155155   -0.170784030740585    0.386984569134197 0.423046324781409 1745833756.62733
0.00691953519453886  -0.213099120635466   0.354860699059084 0.413986993659968 1745833756.6694
0.011992466084899 -0.18461123618706 0.346107671965626 0.392448274760862 1745833756.70147
-0.0173316811418198  -0.181661773305765   0.276693014760127 0.331451974603931 1745833756.72791
-0.0150919486951578  -0.188197061480912    0.25122001348847 0.314256894980229 1745833756.76993
-0.0142064216034078 -0.0906117099034419   0.206225412633286 0.225701628709605 1745833756.80183
-0.00902556167335391  -0.0709030544202766    0.153784449383143 0.169582902327212 1745833756.82833
-0.00260356451003681  -0.0414336988957085     0.10244400848353 0.110536441169923 1745833756.87023
-0.0286892843560464  0.0823557443893444  0.0529418885899994 0.102021503803174 1745833756.90206
-0.0326230128660264  0.0900302785823379  0.0290783057488029 0.100076270390593 1745833756.92851
-0.0316929816915934  0.0815548516189538 -0.0212248923423966 0.0900340766934363 1745833756.97018
-0.0136623778586235    0.12782369670675 -0.0847959975937985 0.153999737715551 1745833757.00206
-0.0276851482772493  0.0934966115737405 -0.0780615894151738 0.12490674742754 1745833757.02845
-0.0107309591106318  0.0639004926444558  -0.116072569398871 0.132933320918775 1745833757.07
0.0115230106924382  0.102526952764201 -0.160662162231449 0.190936864411813 1745833757.10188
-0.0251975235086089  0.0792038216460613  -0.149477856336356 0.171031547058489 1745833757.12821
-0.021760108390511 0.0324229574210968 -0.219875706700787 0.223316091856963 1745833757.1696
0.0120810575778585 0.0323269904145586 -0.310201622121969 0.312115415557392 1745833757.20143
 -0.0411352521194154 -0.00489216985089597   -0.288817392615208 0.291773077184694 1745833757.22765
-0.0276955586671163  -0.040905367151018  -0.371882873763796 0.375149523297662 1745833757.26916
-0.00939522829582112  0.00188931460419827   -0.476230308202316 0.476326722192737 1745833757.30082
-0.0373703526400427 -0.0195137601977351  -0.412152089983081 0.414302637417285 1745833757.32699
-0.0340077669012048 -0.0432298105358289  -0.499351608676556 0.502371748624895 1745833757.36849
-0.0297894293427936  0.0171236362081725  -0.619539241734883 0.620491338430274 1745833757.39998
 -0.039381877492139 0.00233909543466473  -0.529400645211976 0.530868577703667 1745833757.42609
 -0.018116830500172 -0.0271090476964753  -0.599183242295758 0.600069727500428 1745833757.46758
-0.00713937438532211   0.0394784924428532   -0.731960159011839 0.733058794649386 1745833757.49896
-0.0279393760279782  0.0117528726818696   -0.62884416550517 0.629574239656455 1745833757.52495
-0.00864627766468467  -0.0108954736317841   -0.690168542155732 0.690308688953343 1745833757.5665
-0.00352170194753199   0.0316898585063078   -0.823645688420389 0.824262621723352 1745833757.59787
 -0.0489558650686633 -0.00177140244566128   -0.693770135047076 0.69549753045894 1745833757.62373
-0.0309703879447076 -0.0261431857988458   -0.73029704866303 0.731420816205754 1745833757.66518
-0.0219858158159947 0.00225549585301919  -0.879305295164603 0.879583006579338 1745833757.69664
-0.0657715939086862 -0.0568685478008651   -1.12742667851464 1.1307744468818 1745833757.73974
-0.0245284902371091 -0.0922677698844623  -0.783036529592477 0.788835340783484 1745833757.76382
-0.00669487947938734   -0.105758784512319   -0.703575173686621 0.711510904302194 1745833757.79521
-0.0444031991087583  -0.196967443709863   -1.00451370140146 1.02460509186513 1745833757.83957
0.0100870516901223 -0.188747537572837 -0.801468899401941 0.823455996553651 1745833757.86259
-0.00937818524081298   -0.162580361515647   -0.832763114324102 0.848536816459808 1745833757.89393
-0.000403596786287081    -0.205625612641745     -1.15563721278456 1.17378849161044 1745833757.9394
0.0298634843507132 -0.120877298689265 -0.817769942235979 0.827194552363962 1745833757.96164
-0.0694629054450421 -0.0380416943401088  -0.710029685199119 0.714432935694522 1745833757.99297
 -0.0533906904430781 -0.00643890567581948    -1.01948492180088 1.02090231222759 1745833758.03922
-0.000398099183675782    0.0294143319517173    -0.769196870430802 0.769759174604412 1745833758.0609
-0.0517221970852227   0.090105221385781  -0.735242135072161 0.742546384933475 1745833758.09224
-0.0486893479785943   0.134763346692627   -1.03519902418407 1.04506881682023 1745833758.13905
0.0223216762527567  0.129795563353754 -0.758225175752514 0.769578171885081 1745833758.16029
-0.00874082012750999    0.121934160530544   -0.692646496264118 0.703351626306323 1745833758.19157
-0.0270558585970711  0.0842761979468839  -0.975828484074493 0.979834540805706 1745833758.23888
0.0311946466408265 0.0649871224663168 -0.726162758432264 0.729731994501716 1745833758.25979
-0.00369873326601405   0.0404544485428368   -0.675717207109466 0.67693721054356 1745833758.29085
 -0.016692397732914 -0.0717959391687058  -0.937896796582192 0.940788867951959 1745833758.3387
 0.0448445439940757 -0.0444036443704217  -0.665148684281803 0.668135831220886 1745833758.35933
 0.0205122033274296 -0.0698863964249872  -0.604263552933409 0.60863724852684 1745833758.39033
 0.030006159935803 -0.152397940509797 -0.841375808066411 0.85559263221765 1745833758.43853
0.0627850886162851 -0.103139256290142 -0.618340637940385 0.630019696572385 1745833758.45905
-0.00525958945786276     -0.1349846005637   -0.544824184714578 0.561321563740884 1745833758.48994
0.0100335173011645 -0.149896187626007  -0.77706594946573 0.791455007156642 1745833758.53836
0.0379270204087747 -0.075430882827961 -0.560147761248749 0.56647488152016 1745833758.55877
-0.0460590424606393 -0.0773860857930474  -0.481731101157964 0.490076418010115 1745833758.58982
-0.00758015784710737    0.030286259095181   -0.644292677344358 0.645048657360458 1745833758.63816
 0.037701371940088 0.0855514860671168 -0.440215193210834 0.450033183829936 1745833758.65845
-0.0294854758060394  0.0593058218736498  -0.355684729588212 0.361798563642612 1745833758.68943
-0.00638846962521966    0.193078070420462   -0.449970252269496 0.489686820068618 1745833758.73792
0.0398844966160907  0.219629318250526 -0.296424321174236 0.37107302339178 1745833758.75798
-0.0224313414970938   0.182129119958211  -0.216411027459194 0.283739165826743 1745833758.78884
-0.0153647040622548   0.275305032383548  -0.276702283794344 0.390631653663183 1745833758.83766
0.0415331013352552  0.254282179972392 -0.183967656094561 0.316588888066153 1745833758.8575
 0.017285133312546  0.195766119460284 -0.114822773843363 0.227612431020924 1745833758.88821
0.0277037668643995  0.168364156743167 -0.122305183677285 0.209934622986893 1745833758.93744
 0.0722976571398237   0.154738533199578 -0.0774489684677902 0.187534817037768 1745833758.95719
 0.0373792775360936  0.0783337786593033 -0.0172684509502513 0.0884962748729361 1745833758.9878
  0.0404523565821213  0.00386236222881978 -0.00531294252834181 0.0409821711643389 1745833759.03728
 0.0579273232460897  0.0136933198361417 -0.0210381018163742 0.0631322699942586 1745833759.05698
0.00627711187605075 -0.0461648803255855  0.0356857018147054 0.0586861791479745 1745833759.08766
0.0118785854944243 -0.105192117609947 0.0675829282579312 0.12559432547902 1745833759.13714
 0.0299021369042553 -0.0712728111822635  0.0365716529836245 0.085506942450412 1745833759.15689
-0.044226750826741 -0.121612351100791  0.113665634922815 0.17223659887306 1745833759.18756
-0.0160046092247985 -0.0760733625027604   0.187142109430181 0.202646177168218 1745833759.23698
0.00371672012180977 -0.0259787368801282   0.143238250631269 0.145622474990151 1745833759.25678
-0.0505889695486573 -0.0535424679051583   0.197680156212171 0.210958488498184 1745833759.28746
-0.0200424153143726  0.0424944244429201   0.332187885502019 0.335494062234597 1745833759.33682
0.0160064921732654 0.0638655714007225  0.257737300622847 0.266014163409367 1745833759.35673
-0.0364305121078737  0.0244903181373614   0.309873469690392 0.312967290803486 1745833759.38741
-0.00194362105575743   0.0310080108238477     0.50422174117194 0.505178026707935 1745833759.43666
0.0296708674778187 0.0254697404106285  0.377093967151933 0.379115982406248 1745833759.45669
-0.00271137931699622  -0.0263221299926477    0.426400522475419 0.427220799672091 1745833759.48726
 0.0198835100564005 -0.0781064387712943   0.652733094334495 0.65769024790488 1745833759.53652
 0.0400755236982973 -0.0494073573617207   0.479172944103905 0.483377538702788 1745833759.55677
-0.0102258106943668 -0.0746803278063833   0.511060278990529 0.516589128154574 1745833759.58729
0.0226574033639474 -0.112038831327157  0.777444016834779 0.785802301450275 1745833759.63639
 0.0591153194237889 -0.0870689520445241   0.579098661678554 0.588583794678889 1745833759.65703
-0.0037381037377175 -0.0851531309731645   0.595739753146193 0.601806349761096 1745833759.68772
 0.0143490413895768 -0.0984536594082051   0.890954602182389 0.896492677711116 1745833759.73627
 0.0322159372970443 -0.0844365083721095   0.658845069858414 0.665014448443595 1745833759.75724
-0.0438053454745423 -0.0496619739776986    0.68100150713208 0.684213616254214 1745833759.78827
-0.0111736476432792 0.00914708776312425   0.996167080815509 0.996271736283177 1745833759.83616
0.0199599843356623 0.0117301467350992  0.722411940662527 0.722782823072675 1745833759.85747
-0.0438696058238832  0.0552540036437625   0.770607750906823 0.773830635857407 1745833759.88866
-0.0278118502257201   0.143285469766851    1.14011278202663 1.14941784421497 1745833759.93604
0.00683028615733947    0.09993266776713   0.800238697727586 0.806483207659521 1745833759.95758
-0.008780425347418  0.128464293700519  0.858221877334787 0.867827725623756 1745833759.98899
-0.0366675964502503   0.139280216317955    1.24882592251689 1.25710368547593 1745833760.03597
0.0146858480978757 0.0409242233296537  0.870976515961077 0.872061097369436 1745833760.05786
0.0887451277501483  0.010087252434777   0.86122766668374 0.865846720974672 1745833760.08981
 0.0482945851686283 -0.0883827035856771    1.22528325096202 1.22941568004389 1745833760.13599
0.0235522917619309 -0.149546114369554  0.844002278842799 0.857472213813432 1745833760.15884
0.0103908482944543 -0.128261856306308  0.759644072044538 0.770466215809509 1745833760.19098
-0.0383620701295613  -0.224032839004855    1.05636648754231 1.08054269576897 1745833760.23608
-0.018462203990069 -0.271144795235475  0.788207245460177 0.833745173752375 1745833760.26022
0.0401258108574144 -0.234908812367993  0.727122040384751 0.765178863036865 1745833760.29237
 0.122602744840064 -0.220037991050245  0.978481171053904 1.01038287428814 1745833760.33619
0.0887542927112457 -0.145264239685399  0.735013772912781 0.754469528992081 1745833760.36171
3.03118579114345e-05   0.0381715198466642     0.73095374655916 0.731949756100162 1745833760.39377
0.0380424209372654  0.113046723328001  0.963030544956641 0.97038890037214 1745833760.43622
0.045164100930816 0.066889330774374 0.740572768960252 0.744957720082011 1745833760.46294
0.0598814570422257  0.131869514037581  0.695734734854108 0.710649125034656 1745833760.49495
0.0582157758172575  0.135828334887172  0.654678860708416 0.671150373441524 1745833760.5234
0.064499917684585 0.118721072278287 0.671313909043291 0.68477536233367 1745833760.56392
0.0978786018291784  0.148590056813334  0.722896326443912 0.744471842627999 1745833760.5959
0.0517136607091452  0.118723322890621  0.577204326518479 0.591552503716941 1745833760.62242
0.0533629892847728 0.0937544632482558  0.548591425315655 0.559097540626174 1745833760.66479
0.0675475565994927   0.15062168702511  0.543914465017297 0.568412271383988 1745833760.69682
0.042876854909275 0.125314405506359 0.449093992143785 0.468217405372723 1745833760.72329
 0.050129571710773 0.0646844594316501  0.439022820794692 0.446584919618204 1745833760.76559
0.0824024355765786 0.0814307930224317  0.459117652173937 0.473508346261101 1745833760.79754
0.0249605362659219 0.0417999195521702  0.382362738409322 0.385449770228399 1745833760.82606
  0.014489476821473 -0.0193367992330766    0.31786703110704 0.318784105952515 1745833760.86613
 0.0491152673367213 -0.0193106107688443   0.267526989309102 0.272682781236029 1745833760.89797
0.00521920399828885 -0.0416764340045446   0.220671731996234 0.224633431492128 1745833760.92442
0.0066455283237799 -0.066412405623654  0.190606543613834 0.201954512541402 1745833760.96659
-0.000137276198081525    0.0239840022222979      0.16931991543794 0.171010189670864 1745833760.99826
-0.026796980863231 0.0299468138131752  0.122459971599711 0.128884966094372 1745833761.0247
-0.0290085855694929 0.00191681137026318  0.0664992141490716 0.0725762887244577 1745833761.06671
0.000994616429454271   0.0384142702397799   0.0126932117027285 0.040469285183048 1745833761.09838
 -0.0455016119682227   0.0296265843267118 -0.00722192723435502 0.0547748794937313 1745833761.12488
 -0.0528308596293824 -0.00829804574772269  -0.0701875554763194 0.0882397316187681 1745833761.16666
-0.0249332330055949  0.0133271696397095  -0.115292305719051 0.118708025494202 1745833761.19832
 -0.067098351539299 -0.0171477145933897  -0.109308781430096 0.129401091930479 1745833761.22472
-0.0767005313556169 -0.0848383576522528  -0.169209064114024 0.204235711416269 1745833761.2665
-0.0477632596757812 -0.0624326067017927  -0.260446674959925 0.272050785428231 1745833761.298
-0.0870459352246698 -0.0738986794518563  -0.231566637841007 0.258188143462967 1745833761.32444
-0.0830512987429014  -0.108250839168856  -0.298985866092121 0.328646178323285 1745833761.36616
-0.0719807080657282 -0.0358775351895921  -0.377276976553262 0.385754244178978 1745833761.3976
-0.0726394687307577 -0.0246487904676701  -0.330708702928962 0.339488293586041 1745833761.4241
-0.0663067488162647 -0.0407113948625186  -0.406360882213668 0.413742878130495 1745833761.46566
-0.0570454616158945  0.0154208207669029  -0.532964620878825 0.536230615978428 1745833761.49694
-0.0586913257879556  0.0170681993306158  -0.479840192143105 0.483717484847374 1745833761.52339
-0.0523170214417894 -0.0236809007569536  -0.559917391206401 0.562854635557516 1745833761.56489
-0.0599432247142101   0.038575315607063    -0.7184065661539 0.721934373372234 1745833761.59606
-0.0647594001003125  0.0274920800391256  -0.621304297689909 0.625274839326021 1745833761.62239
 -0.0401986974804259 -0.00743609191816894   -0.677003751488663 0.678236913085583 1745833761.66377
-0.0540441942559629  0.0495800630266241  -0.808059259628267 0.811380751961422 1745833761.69504
-0.0812840745569604  0.0399730111128608  -0.689106744450813 0.695034565789076 1745833761.72119
-0.061488465789818 0.0240466403099826 -0.730048039907092 0.73302742984664 1745833761.76261
-0.0461943250713267   0.092245225930226  -0.868144811061092 0.874253115721078 1745833761.79391
-0.0415983131679262   0.084029013378454  -0.728290730180889 0.734301492859157 1745833761.81976
-0.00783922317212011   0.0518331280374798   -0.741830727444557 0.743680680643926 1745833761.86114
-0.0168153869331496   0.106955725966786  -0.907185894861266 0.913623846224489 1745833761.89247
-0.0336501547992896   0.105552950676136   -1.17485137547778 1.18006335117081 1745833761.93618
0.0366163291135441 0.0891393420630318  -0.78141501001202 0.787334741855881 1745833761.95965
0.0280065008796791  0.106607221506155 -0.669498753229471 0.678511639063474 1745833761.9911
-0.0177135380109624   0.073818655116889  -0.963146014327626 0.966133121359227 1745833762.03602
 0.023402723551487 0.0446786662407974 -0.810487404817248 0.812055234607894 1745833762.05838
0.0316061872802058 0.0544365059044331 -0.913049934368511 0.915217169255372 1745833762.08984
  0.0302535938160151 -0.00614976742360736    -1.27022316259869 1.27059827734039 1745833762.13588
 0.067917729969958 0.0198212950292452 -0.887378263891485 0.890194296211773 1745833762.1573
-0.00201470302993176   0.0548869147001811   -0.802667384289768 0.804544319622096 1745833762.18885
-0.0123247947824994  0.0204142352439399   -1.15400957490165 1.15425592505809 1745833762.2357
0.0496410276680519 0.0333582581022449 -0.855334047535422 0.857422496721939 1745833762.25666
0.0175215109305411 0.0379199683010084 -0.787024225733867 0.788132006223089 1745833762.28803
  0.0318318750691463 -0.00391265717609783     -1.0972912690667 1.09775985822337 1745833762.33546
0.0774603662656715 0.0316526963216148 -0.760595093736028 0.765184224969227 1745833762.35601
0.0123449057848256 0.0482847218013158 -0.671964473943049 0.673810110713564 1745833762.3872
 0.0154920322783464 -0.0147514182895362  -0.934285333486661 0.934530198428037 1745833762.43518
 0.0753568838633972 -0.0055577569282306  -0.692930106585394 0.697037790381641 1745833762.45541
 0.0184926514193191 -0.0236747674215916   -0.63899604112979 0.639701815964694 1745833762.48644
0.00839709329845921  -0.126179409177083  -0.897739539190954 0.906602467845156 1745833762.53493
 0.0583926631398034 -0.0639485572753009  -0.631412032891042 0.637322741133367 1745833762.55499
-0.0195447812437364 -0.0867608829752425  -0.558993117992999 0.566023634888194 1745833762.58575
-0.00228137468524585  -0.0774497426279782   -0.737667185693227 0.741725383246495 1745833762.63466
 0.0431241645809932 -0.0049732458919754  -0.503955342763233 0.505821524102245 1745833762.65461
-0.0438828861388189 -0.0122118915393645  -0.410934827242387 0.413451654043822 1745833762.68542
-0.0165294699455887  0.0840091657250776  -0.545777746945765 0.552452814603837 1745833762.73442
0.0209203294273208  0.116314586854682 -0.410388217234234 0.427065840524873 1745833762.75422
-0.0389699829883681     0.1128249117563  -0.377709557042925 0.396121988494067 1745833762.785
-0.023245108288075  0.180587121746639 -0.543001728064749 0.5727153920416 1745833762.83424
0.0290541092339141  0.195316018670695 -0.354787451440791 0.406037712672849 1745833762.85388
0.00573067138200278   0.156706556111908  -0.266531739315458 0.309239314100691 1745833762.88454
0.00353010496004431   0.167488604000461  -0.326727009775169 0.367172211676858 1745833762.93405
0.0438964738724945  0.163330586276056 -0.199018084158731 0.261174230455324 1745833762.95357
 0.0185898624817574  0.0997340059824179 -0.0930824110747492 0.137683659843426 1745833762.98416
 0.0247274695625165  0.0221918466970394 -0.0954239146508753 0.101042809234936 1745833763.03382
 0.0527050120813377   0.022988014079582 -0.0492688918627495 0.0757211383643981 1745833763.05327
-0.00268233810133726   -0.043955355247529   0.0540844626326729 0.0697452313129102 1745833763.08381
-0.00117831555566993   -0.158529644788125    0.120220559077585 0.198962357065665 1745833763.13356
0.0290111570223691 -0.123433391669719  0.112985426618894 0.169832729587439 1745833763.15306
-0.0450368923978158  -0.156841465285235    0.17662772923934 0.240468130208387 1745833763.18361
-0.00613479609076572   -0.193575349330149    0.314049347874343 0.368966183398513 1745833763.23336
 0.017320656625428 -0.127839576812668  0.221486754512802 0.256318834599005 1745833763.25305
-0.0661925128614566  -0.130579718072874   0.251668239246255 0.29115187475992 1745833763.28356
-0.0311295709946816 -0.0274495105410543   0.419799189990291 0.421845808010179 1745833763.3332
0.00671607940954671  0.0305524705307533   0.338346571288606 0.339789584126594 1745833763.35305
-0.0650577434954687  0.0397508668830629     0.3768840490542 0.384518176212992 1745833763.3835
-0.0354409962774182   0.170013653088402   0.636717309629218 0.659976998716675 1745833763.43303
0.00784096077154454   0.155805027727853    0.48450450427812 0.509000296656972 1745833763.45312
-0.0466182404871293   0.145327706981831   0.520709326056411 0.542615522266765 1745833763.48341
-0.0546095142222239    0.12270123239381   0.807614067986417 0.818705242614285 1745833763.53289
-0.00730578969058099   0.0703776800530571    0.573654564099769 0.57800168799507 1745833763.55332
-0.00748876539651725   0.0396524273302626    0.551140677679167 0.552615999762038 1745833763.58384
-0.0323992166661317  -0.086727977680626   0.832793484156666 0.837923885926967 1745833763.63279
-0.0192426930708653 -0.0842953871023151    0.61980011531861 0.62580202658054 1745833763.65361
-0.0823361295051513 -0.0662718511180229   0.651245533496289 0.659766580974942 1745833763.68442
-0.0803859756745693 -0.0996205358548324   0.992822844763195 1.00104113668362 1745833763.7327
 -0.039511680583947 -0.0614368687321957    0.73089947527845 0.73454047179478 1745833763.75384
 -0.071950343555709 -0.0269212510454052   0.786298267305538 0.790042132334298 1745833763.78492
-0.0459295662123876   0.024229197482867    1.15673050980769 1.15789552697257 1745833763.83257
-0.0271963569435481 0.00276340984819207    0.84342233009126 0.843865217414227 1745833763.85404
-0.0460779274852815  0.0288330027753836   0.911980427010832 0.913598827002992 1745833763.88533
 -0.0583445452380582 -0.00483165511901647     1.32439367572408 1.32568700647934 1745833763.93246
-0.0102831435244122 -0.0720953458495403    0.92745097583001 0.930305753234896 1745833763.95433
 0.0527721812938185 -0.0777201624514348   0.881494043630145 0.886485801197859 1745833763.98616
0.0350967529903792 -0.167229069247791   1.25799481552047 1.26954649365367 1745833764.03244
0.0189727036497456  -0.16073692134023  0.923794825896055 0.937866302688202 1745833764.05528
 -0.018423543548728 -0.0791538396783206   0.934639807520837 0.938166470886325 1745833764.08751
-0.0352244742905379  -0.112969123156392    1.27118889894966 1.27668477048511 1745833764.13246
-0.00588378014256813   -0.130209523462931    0.931302261500957 0.940379200719586 1745833764.15675
 0.0249503455923282 -0.0571810722357714    0.83952971148304 0.841844600404377 1745833764.18916
 0.0620478716579015 -0.0113782344279958    1.11269452634047 1.11448127464933 1745833764.23252
  0.0562520219055699 -0.00701301234422383    0.858370604767214 0.860240412581877 1745833764.25827
0.0625134411214777 0.0939480578495945  0.801340206418057 0.809246745014581 1745833764.29069
0.0522979643900994 0.0780973994865029  0.716706939988627 0.722843771996248 1745833764.31732
0.0929948300942568 0.0692501068983988  0.804726882687626 0.813036881973901 1745833764.35958
0.0833967068432291  0.107072855573473  0.981657143212691 0.990994628609789 1745833764.39216
0.0263141077289497 0.0583099617786062  0.775511780436667 0.778145876750781 1745833764.41864
 0.0567195542302403 0.00212462994697898   0.710250026604276 0.712514366294368 1745833764.46083
0.0531965378200798 0.0802260397955013  0.700968236347325 0.70754685884766 1745833764.49339
 0.019301094983993 0.0578850646478965  0.548324120428196 0.551708758331991 1745833764.51989
0.0298507058140297  0.060452667077934  0.494380350718813 0.498956431736567 1745833764.56192
0.0362139678598237  0.146338321550488  0.441120299876621 0.466168933741413 1745833764.59437
0.014565721562654 0.117940631749996 0.338439271178512 0.358696658944673 1745833764.6208
0.0260495945851414  0.104007820057613  0.294008653698356 0.312949351270628 1745833764.66253
0.0283569742423123  0.155122949755994  0.273055193492237 0.315319498639495 1745833764.69496
0.00448556579423464   0.113305070962154   0.196123065436866 0.226544512629608 1745833764.72133
0.0122957487270689  0.076427855689358   0.13726279212611 0.157586410151028 1745833764.76284
0.0375953750857912 0.0708988297786766 0.0813285355594776 0.11425579629969 1745833764.79522
-0.0154620215313013  0.0297248038715374  0.0396064086877648 0.0518777956757806 1745833764.82147
 -0.0103674735084494  -0.0530556686907422 1.93518494926437e-05 0.0540591237596789 1745833764.863
 0.0327434379092833 -0.0804558168567898 -0.0380876856410088 0.0948469450731055 1745833764.89528
-0.0285901005422077   -0.11137706094617 -0.0398521655183766 0.121698145633056 1745833764.92161
-0.0267072597325173  -0.161335534608556 -0.0793424989144257 0.181762660037298 1745833764.96305
-0.00910585897528628     -0.1231656461134   -0.108254888431204 0.164230977344293 1745833764.99516
-0.0463941595492016  -0.129133466959601  -0.110412136946946 0.176121294324322 1745833765.02138
-0.0117593923276692  -0.156666026272696  -0.178800150524793 0.238016850083521 1745833765.06289
-0.0338434098193694 -0.0687711216055121  -0.242938246641314 0.25474268436255 1745833765.09484
-0.0886107593095172 -0.0642436510531786  -0.237308020331903 0.261331609033234 1745833765.12118
-0.0828656528071268  -0.105883580149072  -0.333987204917698 0.360035417714803 1745833765.16253
-0.0762587284438419 -0.0301378616050351  -0.472169617636865 0.479236718319182 1745833765.19431
 -0.077958137884757 -0.0289999986629193  -0.419622594247199 0.427786854388558 1745833765.22075
-0.0635309677963143 -0.0495381635788092  -0.496931264266197 0.503419203969314 1745833765.26186
-0.0778855464116901   0.062930364979744   -0.62740156818926 0.635341732410735 1745833765.29358
-0.0965131385603945  0.0599640783921233   -0.53274888739845 0.544730991991901 1745833765.31991
-0.0759116103322141  0.0661131907476279  -0.582266273338761 0.590904002052678 1745833765.36089
-0.0922206558678562   0.135221141094506  -0.710890768092967 0.729489609608941 1745833765.3926
-0.0721091215101834    0.11718761545311  -0.613613555980576 0.628851539477867 1745833765.41875
-0.0304012605959653   0.105158190633486    -0.6621449434261 0.671132183558415 1745833765.45978
0.00153007212056883   0.168430453179266  -0.793527500496187 0.811207157711638 1745833765.49141
-0.00871083996496826    0.156310979320558   -0.679709630985416 0.697505687033001 1745833765.51743
0.00452204175737984   0.157466625264834  -0.714244373126709 0.731410426147396 1745833765.55849
0.00393043759292999    0.21210672545177  -0.891174926529633 0.916077213446902 1745833765.59006
-0.0259503116071317   0.224330890129316   -1.13889782856156 1.1610710705383 1745833765.6331
0.0165909010865446  0.148623806229764 -0.792262514316149 0.806253176965915 1745833765.65701
0.0874183115530187 0.0836597686685399 -0.719956886474754 0.730053995585858 1745833765.68852
 0.0128930010211227 -0.0268911647290811   -1.03922943935045 1.03965724728319 1745833765.73295
 0.0376655798841636 -0.0558675347149574  -0.863988351463791 0.866611648207118 1745833765.75569
 0.0767634364185502 -0.0776868292462172  -0.962726363740555 0.968901398518046 1745833765.78725
0.0570181504352771 -0.183098036389465  -1.30707346305996 1.32106661385575 1745833765.83278
 0.0515469663304178 -0.0970663581500304   -0.92671598791917 0.93321031385609 1745833765.85453
-0.0364738974148955 -0.0289150569308259  -0.882738138577584 0.883964392387704 1745833765.88619
-0.0028530067701415 -0.0315663686644958   -1.24383899789089 1.24424275282298 1745833765.93261
0.0423757339685937 0.0233579733056758 -0.930630220739472 0.931887281542099 1745833765.9538
0.0187037448144493 0.0359688656580377  -0.90516570929058 0.906073148615678 1745833765.98541
0.0510781046234258 0.0385561249194382  -1.24814722683113 1.24978680077322 1745833766.03244
0.0798132227870121 0.0471121584581064  -0.91197492363356 0.916672224594303 1745833766.05318
0.0706334835137288 0.0356497789715412 -0.833558930366094 0.837305491518521 1745833766.08457
 0.0767965632389635 -0.0916519339826207   -1.12888431481272 1.13519935930138 1745833766.13224
  0.104112215775773 -0.0644141004869143  -0.845031829726533 0.8538543921924 1745833766.15252
 0.0579048781466691 -0.0881343010423455  -0.728069617866382 0.735667043161172 1745833766.18378
0.0801192834532642 -0.167567867845413  -1.00683621018472 1.02382481121257 1745833766.23199
 0.0823175429255296 -0.0786258600283443  -0.725607979735659 0.734482909259676 1745833766.25204
-0.0230829882020096 -0.0811849750223735  -0.662391818689993 0.667747516641697 1745833766.28318
0.00909453929428128 -0.0621702898010272  -0.884780589412753 0.88700876375631 1745833766.33169
0.0470902326064373 0.0129786636087809 -0.604213276923957 0.606184476646495 1745833766.35157
-0.0051441284076384  -0.017362264443177  -0.482271525546377 0.482611370189823 1745833766.38274
0.0222984263926786 0.0513064514094463  -0.61905246006428 0.621575031743921 1745833766.43136
0.0451735927043699  0.108469616603299 -0.431945010000594 0.447641377520332 1745833766.45114
-0.010093627035226 0.0803505637139178 -0.370913963853433 0.379651502008535 1745833766.48216
-0.00268376309640014    0.129557498134782   -0.496195655233745 0.512837670398877 1745833766.53109
0.0311755437268775  0.148365565219507 -0.327414167160315 0.360810604509974 1745833766.5507
0.0256820667076499  0.107535528255986 -0.257197315887416 0.279953420567353 1745833766.58155
0.0385476975538177 0.0981860924499541  -0.32023616911431 0.337161145072057 1745833766.63079
 0.063838596861986  0.122830351491922 -0.191997916627616 0.236697827802203 1745833766.65028
0.0244441591192335 0.0792369775823044 -0.096880489940141 0.127521938749639 1745833766.68102
 0.0197911839756622  0.0561003199465093 -0.0740259036074223 0.0949672115319524 1745833766.73048
 0.0474264876546546  0.0655611110354986 -0.0466434498001257 0.0933977645381458 1745833766.74992
-0.00023517182450461   0.0243876062539712   0.0106733360030978 0.0266219974085492 1745833766.78057
-0.00422267760668895  -0.0188365361805287   0.0569646355861977 0.0601466192642504 1745833766.83023
  0.0273892087887621 -0.00522784196105943     0.05296795465405 0.0598590286412812 1745833766.84969
-0.0328349638443117 -0.0404374681705737   0.121932558438437 0.132592882501462 1745833766.88035
-0.0216612785458365 -0.0434217670286742   0.238591682225747 0.243476182957275 1745833766.93005
  0.0113014209384524 -0.00602379370223178     0.19952490077517 0.19993547517921 1745833766.94957
-0.0416090559542955 -0.0206080705225296    0.25580970922799 0.259989641030903 1745833766.98024
-0.021150186148007 0.0605732024385951  0.432605837145263 0.437337688245498 1745833767.02988
-0.00343316167593478   0.0873534752375672     0.32183647576066 0.333498325880679 1745833767.04952
-0.0603057808502888  0.0760266253782438   0.357278630779501 0.370222709976093 1745833767.08024
-0.0551869158613824   0.192596331899712   0.617091526775677 0.648799580118431 1745833767.12971
-0.00503842779624289    0.168036269839586    0.500394118833947 0.527878629895038 1745833767.14951
-0.0335107995315289   0.124304433845688   0.547729152155719 0.56265601399093 1745833767.18013
-0.0379865683502451  0.0671338032193497   0.882246531966612 0.885612144269056 1745833767.22957
0.00428143294853169  0.0252106311306805    0.64219962637275 0.642708539466685 1745833767.2496
 0.00345100273574031 0.000877191726033612    0.636258199173052 0.636268162727117 1745833767.28036
-0.0338211256162171  -0.101467220223401   0.917018903355029 0.923235145793461 1745833767.32952
-0.0256269206183665 -0.0941490329862752   0.654501675970915 0.661735009895477 1745833767.34997
-0.0444576019540236 -0.0910009087030935   0.643112626437321 0.651038780749196 1745833767.38107
-0.0375652603190755  -0.106683828480219   0.923640603523081 0.930539925268399 1745833767.4295
-0.0178774346657084  -0.070824184392756   0.704162929683372 0.7079414518909 1745833767.45032
-0.0755837650613503 -0.0267314868122058   0.814004619620648 0.817943151259179 1745833767.48174
-0.0546732742321279  0.0110549149421476    1.19048157494807 1.19178763139684 1745833767.52941
-0.0224779796801823 -0.0119281469068797   0.850358863006272 0.85073952309297 1745833767.5505
