-0.526428  -1.57701 0.0611027 -0.00048083  0.00055566  0.00203307  0 -0  0 0 0 0 -2.75636e-13  3.18532e-13  1.16546e-12  -5.26337e-12  -1.5778e-11  5.33319e-13 0 0 0 0 0 0 0.00216179
-0.258684  -2.19413 -0.292207 -0.00594357 -0.00537076  -0.0083245  0 -0  0 0 0 0 -0.0546388 -0.0592766  -0.103597  0.0447169   -0.1073 -0.062364 0 0 0 0 0 0 0.0152859
-0.260769  -2.44269 -0.400917 0.00535508  0.0138356 -0.0184042  0 -0  0 0 0 0 0.245157 0.191368 -0.66457   -0.0109269 -0.00794016  -0.0258735 0 0 0 0 0 0 0.039743
-0.321949  -2.17688  -0.29528  0.0121367  0.0148392 -0.0235978  0 -0  0 0 0 0  0.0679201  0.0100513 -0.0520145  -0.00998581   0.0463389   0.0187196 0 0 0 0 0 0 0.0483436
-0.232466  -2.22355 -0.308915 0.000368523  0.00411922  0.00300394  0 -0  0 0 0 0 -0.0979896  -0.099252   0.241814    0.0151371 -0.00929067 -0.00276637 0 0 0 0 0 0 0.0793445
-0.387058  -2.13799  -0.23877  -0.00764556   0.00330489 -0.000352661  0 -0  0 0 0 0 -0.0828781 -0.0138295 -0.0137846  -0.0262264  0.0157276  0.0123868 0 0 0 0 0 0 0.0880712
-0.229121  -1.95936 -0.135743  -0.0111084  0.00755959 -0.00889523  0 -0  0 0 0 0 -0.0396493   0.038948 -0.0801937   0.028324 0.0313645 0.0183141 0 0 0 0 0 0 0.0982235
-0.0390972   -1.58926  -0.197627 -0.00904437 -0.00030992   -0.010455  0 -0  0 0 0 0  0.0154033 -0.0713594 -0.0201591   0.0328694  0.0643981 -0.0106194 0 0 0 0 0 0 0.106507
-0.248039  -1.28462 -0.189687  -0.00519279 -0.000873666  -0.00612495  0 -0  0 0 0 0  0.0362668 -0.0101192  0.0387287  -0.0365623  0.0530692 0.00136642 0 0 0 0 0 0 0.11233
-0.261545  -1.19115 -0.181596  -0.0062402  0.00184826 -0.00340099  0 -0  0 0 0 0 -0.00620747   0.0249925   0.0279515  -0.00232433   0.0163761  0.00144786 0 0 0 0 0 0 0.116321
-0.310535  -1.35823  -0.16267 -0.00658895  0.00129305 -0.00407869  0 -0  0 0 0 0 -0.00378148 -0.00354021 -0.00405777  -0.00844635  -0.0290332  0.00314772 0 0 0 0 0 0 0.117264
-0.295979  -1.27576 -0.166259 -0.00524083 -0.00065805  -0.0107046  0 -0  0 0 0 0  0.0117068 -0.0184326 -0.0618382   0.00260357    0.014511 -0.00052346 0 0 0 0 0 0 0.124301
-0.419947  -1.04897 -0.178772 -0.00569984 -0.00222341  -0.0112573  0 -0  0 0 0 0 -0.00284717  -0.0158582 -0.00974658   -0.021758  0.0394094 -0.0019824 0 0 0 0 0 0 0.126023
-0.413598 -0.836543 -0.224635 -0.00400327  0.00104851 -0.00988222  0 -0  0 0 0 0 0.0149564 0.0295584 0.0118708  0.000942691    0.037149 -0.00765515 0 0 0 0 0 0 0.129957
-0.338989 -0.463774  -0.25995 -0.00455851  0.00112153  -0.0130099  0 -0  0 0 0 0 -0.00361034  0.00268699  -0.0281536     0.013004   0.0651815 -0.00575349 0 0 0 0 0 0 0.133135
 -0.375289 -0.0652624  -0.356473 -0.00554513 -0.00661616  -0.0105063  0 -0  0 0 0 0 -0.00895654  -0.0723512   0.0211497  -0.00643922    0.069465  -0.0165017 0 0 0 0 0 0 0.141327
-0.349374 -0.104412 -0.510529 -0.00867837 -0.00744489 -0.00219574  0 -0  0 0 0 0 -0.0291836 -0.0126298  0.0784391   0.00448946 -0.00672323  -0.0269609 0 0 0 0 0 0 0.150247
-0.334388 -0.312497  -0.56947  -0.00658397 -0.000462158  -0.00624612  0 -0  0 0 0 0  0.0157012  0.0645618 -0.0317157  0.00274604 -0.0357961 -0.0104136 0 0 0 0 0 0 0.158587
-0.340967 -0.379197  -0.57833 0.00399789 0.00359456 -0.0141356  0 -0  0 0 0 0  0.0968988  0.0421242 -0.0751172  -0.00110065  -0.0114311  -0.0014629 0 0 0 0 0 0 0.172395
-0.290865 -0.213819 -0.579525 -0.00487351  0.00116223  -0.0176811  0 -0  0 0 0 0 -0.0531447 -0.0213774 -0.0623049     0.0137528    0.0480068 -0.000398425 0 0 0 0 0 0 0.182254
 -0.307368 -0.0557204  -0.550639 -0.00668848 -0.00410617   -0.011948  0 -0  0 0 0 0  -0.0632738  -0.0700662 0.000759953  0.00244667  0.0940457  0.0147547 0 0 0 0 0 0 0.190249
-0.276533 0.0201671 -0.531565 -0.00298286 -0.00386827 -0.00969894  0 -0  0 0 0 0 0.00690348 -0.0467961  0.0307267   0.022154  0.068126 0.0185133 0 0 0 0 0 0 0.19459
 -0.309328 -0.0343369  -0.520465 -0.00745304  -0.0089145  -0.0041145  0 -0  0 0 0 0 -0.0373335 -0.0698749  0.0594349  -0.00224747 0.000550213  0.00415712 0 0 0 0 0 0 0.203344
 -0.303752 -0.0774864  -0.491538 -0.00920605 -0.00539436 -0.00849887  0 -0  0 0 0 0 -0.0498767 -0.0183567 0.00140082  -0.000844173   -0.0127277    0.0211723 0 0 0 0 0 0 0.209234
-0.283182 -0.218024 -0.437871 -0.00519075 -0.00226103  -0.0116458  0 -0  0 0 0 0 0.0132288 0.0282944 -0.041371    0.01534 -0.077378 0.0441327 0 0 0 0 0 0 0.21522
-0.218399 -0.298158 -0.408066 -0.00775732 -0.00458035  -0.0165579  0 -0  0 0 0 0  -0.0175916 -0.00869863  -0.0599986   0.0174581 -0.0342221   0.012384 0 0 0 0 0 0 0.221228
-0.319748 -0.219927  -0.42999 -0.00779384 -0.00397114  -0.0112803  0 -0  0 0 0 0   -0.0114636 -0.000561354   0.00184651  -0.0384143   0.028826 -0.0107875 0 0 0 0 0 0 0.226541
-0.390246 -0.209916 -0.482783 -0.00433647 -0.00140846 -0.00990438  0 -0  0 0 0 0 0.0327319 0.0329126 0.0198056  -0.0568901  0.0130522  -0.038339 0 0 0 0 0 0 0.231059
-0.422267 -0.215892 -0.523582  -0.00707621 -0.000222645  -0.00858437  0 -0  0 0 0 0 -0.0089453  0.0230745  0.0201819   -0.0177858 -0.00130465  -0.0145357 0 0 0 0 0 0 0.234324
-0.354027 -0.254058 -0.459347 -0.00683956 -0.00357611  -0.0089216  0 -0  0 0 0 0  -0.005218 -0.0163604  0.0151285   0.0242572 -0.0251052  0.0352623 0 0 0 0 0 0 0.237702
-0.320282 -0.407919 -0.399877  0.00063635 -0.00105347  -0.0120495  0 -0  0 0 0 0  0.0882143  0.0200027 -0.0294672   0.0262779 -0.0876635  0.0502265 0 0 0 0 0 0 0.24619
-0.270718 -0.633477 -0.449701 -0.00531204 -0.00401308  -0.0159335  0 -0  0 0 0 0  -0.012265 -0.0158041 -0.0490907    0.015732 -0.0714831 -0.0100281 0 0 0 0 0 0 0.253886
-0.363886 -0.602254 -0.527338 -0.00628053 -0.00483341 -0.00989319  0 -0  0 0 0 0 -0.0180777 -0.0214587  0.0189498  -0.0343791 -0.0141398 -0.0528138 0 0 0 0 0 0 0.260058
-0.432201 -0.708818 -0.674907  -0.00239091 -0.000856581  -0.00806095  0 -0  0 0 0 0 0.0310784  0.037993 0.0363315  -0.0576951 -0.0654555  -0.112908 0 0 0 0 0 0 0.265915
-0.385008 -0.819304 -0.731295 -0.00448444  0.00368117 -0.00927991  0 -0  0 0 0 0 -0.00566991    0.053523  0.00758005  0.000916263  -0.0419171  -0.0258068 0 0 0 0 0 0 0.271059
-0.341715 -0.783413 -0.597171 -0.00455244 -0.00440851 -0.00585511  0 -0  0 0 0 0 -0.00518424  -0.0410253   0.0387713   0.0236634 0.00417547  0.0745155 0 0 0 0 0 0 0.279844
-0.294921 -0.800537 -0.434741 0.000832575 -0.00391093 -0.00766663  0 -0  0 0 0 0  0.0646584  -0.024016 0.00514306    0.0397201 -0.00401577    0.130617 0 0 0 0 0 0 0.285547
-0.285851 -0.858806 -0.428328 -0.00803952  -0.0120685  -0.0088182  0 -0  0 0 0 0 -0.0485765 -0.0808291 -0.0115715  0.00892888 -0.0145178  0.0135199 0 0 0 0 0 0 0.297654
-0.336766 -0.898185 -0.592395 -0.00736504  -0.0067269 -0.00852598  0 -0  0 0 0 0   -0.028432 -0.00903589 -0.00536179  -0.0216711 -0.0293073 -0.0984458 0 0 0 0 0 0 0.303046
-0.357743  -1.10048 -0.852831 -0.00426367 -0.00102246 -0.00836397  0 -0  0 0 0 0   0.0117235   0.0712755 -0.00562803  -0.0233326  -0.122481  -0.203176 0 0 0 0 0 0 0.309541
-0.258325  -1.34579 -0.922617 -0.00477142   0.0093447  -0.0111739  0 -0  0 0 0 0 -0.00101595    0.119502  -0.0257072   0.0204187 -0.0846289 -0.0387058 0 0 0 0 0 0 0.320294
 -0.27891  -1.28668 -0.685554 -0.00654266 -0.00141678 -0.00748034  0 -0  0 0 0 0  -0.020214  -0.014387 0.00980781  0.00867478  0.0056518   0.138223 0 0 0 0 0 0 0.331809
-0.292372  -1.18833 -0.389548  0.00132678 -0.00284782 -0.00968406  0 -0  0 0 0 0  0.0867223 -0.0342212 -0.0154142  -0.00259181   0.0627794    0.238077 0 0 0 0 0 0 0.340106
-0.184593 -0.908399  -0.39965 -0.0084008 -0.0153357 -0.0142872  0 -0  0 0 0 0 -0.0454919  -0.120637 -0.0479347  0.0230248 0.0785891 0.0205324 0 0 0 0 0 0 0.356591
-0.260415 -0.588129 -0.677165 -0.00833174  -0.0079869 -0.00804879  0 -0  0 0 0 0 -0.0287404 -0.0216402  0.0153234  -0.0273888   0.214642  -0.169915 0 0 0 0 0 0 0.366231
-0.392378 0.0061543   -1.0991 -0.00644934 -0.00374682 -0.00202594  0 -0  0 0 0 0 -0.00810525   0.0457041   0.0960659  -0.102565  0.393486  -0.32434 0 0 0 0 0 0 0.373833
-0.403076  0.932806  -1.12369 -0.00162466   0.0139453   0.0072554  0 -0  0 0 0 0 0.038067 0.166993 0.120651  -0.019222   0.29804 -0.034904 0 0 0 0 0 0 0.394386
-0.244389   1.24647 -0.700876 -0.000514078  0.000291888  -0.00209551  0 -0  0 0 0 0   0.0347182 -0.00620772 -0.00408003  0.0618503  0.306564  0.248545 0 0 0 0 0 0 0.410972
-0.242652   2.07754  -0.08087   0.0134089   4.353e-05 -0.00675048  0 -0  0 0 0 0   0.208665 -0.0107917 -0.0399148  -0.00095062    0.562365    0.496387 0 0 0 0 0 0 0.425655
-0.232705   3.61745  0.254711   0.0109873   -0.018406 -0.00614139  0 -0  0 0 0 0  0.0788552  -0.158389 -0.0220336  0.00268462   0.493411    0.13984 0 0 0 0 0 0 0.444272
-0.543749   4.46372 -0.296129  0.00742468 -0.00490221 -0.00499929  0 -0  0 0 0 0  0.0311906   0.012948 -0.0235272  -0.118139  0.646591 -0.276006 0 0 0 0 0 0 0.458285
-1.00225  6.32011 -0.94759  0.00743157 -0.00166945  0.00724793  0 -0  0 0 0 0 0.0164662  0.053514  0.155075  -0.299401   1.17415 -0.478959 0 0 0 0 0 0 0.470951
-1.56142  8.96822 -1.35158 0.00500731  0.0193913  0.0350836  0 -0  0 0 0 0 -0.00310323    0.205998    0.299934  -0.189012  0.913059 -0.142308 0 0 0 0 0 0 0.505941
-0.822208   9.38842 -0.569257  0.0339382 0.00531148 -0.0113955  0 -0  0 0 0 0  0.282366 0.0125926  -0.23385  0.176418 0.525767 0.324002 0 0 0 0 0 0 0.56247
-0.346729   10.7119  0.311265  0.0538631 0.00726908 -0.0184931  0 -0  0 0 0 0  0.450051 0.0436013   -0.2457  0.245921 0.876595 0.663421 0 0 0 0 0 0 0.583712
0.0202713   12.4029   1.04473  0.0680837 -0.0104619 -0.0149843  0 -0  0 0 0 0  0.361671 -0.132597 -0.109941  0.121174 0.644793 0.288803 0 0 0 0 0 0 0.60671
-0.228911   12.6623 0.0698573   0.0341164 -0.00383049  -0.0117156  0 -0  0 0 0 0 -0.0509304 -0.0371968 -0.0240085  0.0651443  0.299607 -0.298979 0 0 0 0 0 0 0.641472
-0.423652   12.9738    -1.098  0.0295521 0.00303901 -0.0119918  0 -0  0 0 0 0  -0.119332  0.0452313 -0.0149425  0.0484963  0.249116 -0.848628 0 0 0 0 0 0 0.649725
-0.595028   13.7398   -2.3928  0.0178513  0.0231417 -0.0135015  0 -0  0 0 0 0  -0.158407   0.193687 -0.0244686  0.0398329  0.273838 -0.492757 0 0 0 0 0 0 0.673034
-0.431853   14.3325  -1.83266  0.0364467  -0.037792 -0.0236202  0 -0  0 0 0 0 0.0265704 -0.465349 -0.120637   0.021376   0.34034 0.0700894 0 0 0 0 0 0 0.73754
-0.366793   14.9125  -0.60084  0.0418985 -0.0453846 -0.0233997  0 -0  0 0 0 0   0.119591  -0.432873 -0.0772844  -0.188125  0.431642  0.888176 0 0 0 0 0 0 0.74689
-0.247314   16.0757   1.25164  0.0453083 -0.0647581  -0.025145  0 -0  0 0 0 0  0.0986283  -0.410068 -0.0582755  -0.146702  0.436837  0.699749 0 0 0 0 0 0 0.766638
-0.198271   16.5345   1.45043  0.0507141 -0.0311637 -0.0190257  0 -0  0 0 0 0  0.147444 0.0483542  0.032021  -0.0395936   0.280953   0.283581 0 0 0 0 0 0 0.801211
-0.353519   17.0721    0.2152  0.0630315 0.00318156 -0.0167799  0 -0  0 0 0 0  0.192157  0.407405 0.0618323  0.147422 0.389998 -0.87494 0 0 0 0 0 0 0.837767
-0.583091   18.3917  -1.92951  0.0719592  0.0172435 -0.0260715  0 -0  0 0 0 0  0.197897    0.3639 -0.046773   0.160347  0.503539 -0.815959 0 0 0 0 0 0 0.85684
-0.51028  19.0778 -2.42379  0.0710745 -0.0276169 -0.0371855  0 -0  0 0 0 0  0.108074 -0.199066 -0.124311   0.132671  0.380789 -0.383447 0 0 0 0 0 0 0.903065
-0.468684   19.5941   -1.5674  0.0543633  -0.042478 -0.0351819  0 -0  0 0 0 0 -0.0234643  -0.330739 -0.0746679  -0.204277  0.446342  0.648152 0 0 0 0 0 0 0.925518
-0.360823   20.6884  0.233235  0.0438733   -0.04421 -0.0364636  0 -0  0 0 0 0  -0.093308  -0.212252 -0.0560901  -0.211856  0.450958   0.69457 0 0 0 0 0 0 0.936227
-0.346185   21.2622   1.45962  0.0460616 -0.0267405 -0.0249007  0 -0  0 0 0 0 -0.0327615   0.036619  0.0889123  -0.184974  0.292342  0.560414 0 0 0 0 0 0 0.95729
-0.574154   21.7423  0.680869   0.0539668 -0.00390986  -0.0258702  0 -0  0 0 0 0 0.0150344  0.277125 0.0739124  0.0470417  0.408699 -0.613125 0 0 0 0 0 0 0.98147
-0.975711   23.2119  -1.02094   0.0651295 -0.00284778  -0.0422856  0 -0  0 0 0 0 0.0973367  0.184095 -0.117035  0.0919641  0.600801 -0.668722 0 0 0 0 0 0 1.00135
-1.09385  24.2987  -2.2694  0.0744901 -0.0231899 -0.0412138  0 -0  0 0 0 0   0.130762 -0.0805495 -0.0431342   0.156398  0.498113 -0.516482 0 0 0 0 0 0 1.02377
-1.25117  24.9428 -1.79083  0.0550947 -0.0378476 -0.0379822  0 -0  0 0 0 0 -0.0263838  -0.234971 0.00570497  -0.310046  0.565374  0.335428 0 0 0 0 0 0 1.04829
 -1.32513    25.954 -0.828324  0.0489721 -0.0388473 -0.0229847  0 -0  0 0 0 0 -0.0629266  -0.157262   0.160848  -0.249153  0.486331  0.399436 0 0 0 0 0 0 1.06452
-0.758442   26.1924 -0.295868 0.0313033 -0.015044 -0.037126  0 -0  0 0 0 0  -0.179033   0.136839 -0.0305037  0.0298745  0.301999  0.371102 0 0 0 0 0 0 1.09737
-0.487277   26.6314 -0.039967   0.0411677 -0.00317292   -0.044878  0 -0  0 0 0 0 -0.0579643   0.202888 -0.0947635  0.0689892  0.216832  0.119794 0 0 0 0 0 0 1.11464
-0.490279   27.1433 -0.160147   0.0509845 -0.00242924  -0.0529229  0 -0  0 0 0 0 0.0305116  0.146475   -0.1397   0.0273851   0.246854 -0.0263831 0 0 0 0 0 0 1.12735
-0.766955   28.2085 -0.603262   0.0487722 -0.00886843  -0.0453178  0 -0  0 0 0 0 0.00189346  0.0560632 -0.0284004  -0.0352254   0.553411  -0.168342 0 0 0 0 0 0 1.13756
-1.20236  29.0555 -1.19076   0.0498577 -0.00917994  -0.0511431  0 -0  0 0 0 0 0.00757854  0.0274611 -0.0667239  -0.0549971   0.364475  -0.186391 0 0 0 0 0 0 1.14349
-1.12848  29.4966 -1.37264   0.0506531 -0.00697213  -0.0424654  0 -0  0 0 0 0 0.0117303 0.0383164 0.0393697   0.0723121   0.250258 -0.0852838 0 0 0 0 0 0 1.15248
-0.856094   29.9722  -1.08111   0.0542638 -0.00817557  -0.0505165  0 -0  0 0 0 0   0.041832   0.019751 -0.0402926   0.100659   0.32741 0.0493674 0 0 0 0 0 0 1.16139
-0.766281   30.4497 -0.958631   0.0542631 -0.00691035  -0.0602383  0 -0  0 0 0 0 0.0259768 0.0246378 -0.109336  0.0131813  0.199531 0.0390876 0 0 0 0 0 0 1.17119
-0.810531   30.7449 -0.923868   0.0555643 -0.00540346  -0.0627135  0 -0  0 0 0 0  0.0295225   0.031901 -0.0982316  -0.0259355   0.164643    0.01928 0 0 0 0 0 0 1.17437
-0.988057   31.4458   -1.1136   0.0580937 -0.00720457  -0.0572699  0 -0  0 0 0 0  0.0444968 0.00927459 -0.0136876  -0.0499602   0.378712  -0.044352 0 0 0 0 0 0 1.18064
 -1.2496  32.0412 -1.27064   0.0546492 -0.00943615   -0.059596  0 -0  0 0 0 0 0.00267181 -0.0185312   -0.02451  -0.0601018     0.2428 -0.0433897 0 0 0 0 0 0 1.18535
-1.26254  32.3842 -1.23238   0.0533189 -0.00861234   -0.054091  0 -0  0 0 0 0 -0.00789048 -0.00667121   0.0394539  -0.0215197   0.197413  0.0131736 0 0 0 0 0 0 1.19108
-1.11485  33.0263 -1.22409   0.0532871 -0.00929398  -0.0592722  0 -0  0 0 0 0 -0.00448255  -0.0112243 -0.00485465  0.0483478  0.365945 0.0215792 0 0 0 0 0 0 1.1963
-1.15752  33.4912 -1.24607  0.0504183  -0.010992 -0.0641127  0 -0  0 0 0 0 -0.0227573 -0.0226138 -0.0412502  -0.00778797     0.19889 -0.00332245 0 0 0 0 0 0 1.20218
-1.18538  33.6735 -1.16549   0.0456736 -0.00677792  -0.0611485  0 -0  0 0 0 0   -0.0508977    0.0251556 -0.000727012  -0.0293046   0.121829   0.030008 0 0 0 0 0 0 1.20918
-1.06514   33.699 -1.20565   0.0479531 -0.00603976  -0.0645825  0 -0  0 0 0 0 -0.0260892  0.0318866 -0.0359413   0.0392701  0.0871409 0.00931832 0 0 0 0 0 0 1.21337
-1.09929    33.64 -1.25047   0.0456326 -0.00530304  -0.0689024  0 -0  0 0 0 0 -0.0328994  0.0223025 -0.0531117  -0.00145806  0.00162666  -0.0126429 0 0 0 0 0 0 1.21833
-1.00917  33.5557 -1.17009   0.0450533 -0.00327467  -0.0662731  0 -0  0 0 0 0 -0.0284336  0.0344041 -0.0102417   0.0236899 -0.0348026  0.0298004 0 0 0 0 0 0 1.2217
-0.951012   33.5334  -1.17055   0.0485494 -0.00739849  -0.0631865  0 -0  0 0 0 0 -0.000492102   -0.0122385    0.0265796   0.0400741 -0.0257994  0.0245223 0 0 0 0 0 0 1.22793
-0.954932   33.2953  -1.15294   0.0454364 -0.00832685  -0.0633677  0 -0  0 0 0 0 -0.0215321  -0.016089  0.0157351  -0.00314615  -0.0694264  0.00337552 0 0 0 0 0 0 1.23118
-0.896078    33.146  -1.09912   0.0467756 -0.00773774  -0.0601972  0 -0  0 0 0 0 -0.00536315 -0.00422944   0.0428137   0.0132184 -0.0771078  0.0211487 0 0 0 0 0 0 1.23467
-0.867311   32.8969  -1.15501   0.0549928 -0.00843443  -0.0611348  0 -0  0 0 0 0    0.059028 -0.00562025   0.0185762   0.0275627  -0.146359 -0.0049475 0 0 0 0 0 0 1.24297
-0.940383   32.3442  -1.19665   0.0519056 -0.00838628   -0.061339  0 -0  0 0 0 0   0.0158762 -0.00346882   0.0109041  -0.0153752  -0.177994 -0.0154303 0 0 0 0 0 0 1.24607
-0.872186   32.0204  -1.13697   0.0521281 -0.00774121  -0.0571145  0 -0  0 0 0 0  0.0138946 0.00277347  0.0520398  0.0148262 -0.172131 0.0191115 0 0 0 0 0 0 1.25035
-0.73451  31.1873 -1.15154   0.0574021 -0.00980188  -0.0602299  0 -0  0 0 0 0  0.0526966 -0.0152104 -0.0065432    0.063106  -0.429727 0.00392953 0 0 0 0 0 0 1.25681
-0.67041  30.0391 -1.17281  0.0529591 -0.0115152 -0.0585793  0 -0  0 0 0 0 0.00262681 -0.0262349  0.0155468   0.0257423  -0.397853 -0.0116158 0 0 0 0 0 0 1.26185
-0.607246   29.4466  -1.19728  0.0532708 -0.0101778 -0.0569271  0 -0  0 0 0 0  0.00551314 -0.00308299   0.0318136   0.0332857  -0.315512 -0.0165797 0 0 0 0 0 0 1.264
-0.54648  28.5989 -1.16993   0.057686  -0.010321 -0.0564209  0 -0  0 0 0 0   0.0385635 -0.00235331   0.0222653    0.0446547   -0.518439 -0.00193819 0 0 0 0 0 0 1.26844
-0.571787   27.1555  -1.14273  0.0520916 -0.0115299 -0.0552554  0 -0  0 0 0 0    -0.0152 -0.0142464  0.0271657  -0.0117762  -0.510234 0.00270917 0 0 0 0 0 0 1.27428
-0.683123   26.2944  -1.15387  0.0503653 -0.0111179 -0.0544153  0 -0  0 0 0 0  -0.0240291 -0.00560333   0.0312597   -0.0516413   -0.423414 -0.00995997 0 0 0 0 0 0 1.27625
-0.752529   25.1128   -1.1321   0.0497425 -0.00999745  -0.0549966  0 -0  0 0 0 0 -0.0252774 0.00713734   0.012278   -0.0479301    -0.65656 -0.00137381 0 0 0 0 0 0 1.27766
-0.948531    23.229  -1.10135   0.0437014 -0.00735419  -0.0543741  0 -0  0 0 0 0 -0.0610308  0.0306151  0.0206315   -0.0825405    -0.73748 -0.00115421 0 0 0 0 0 0 1.28428
-0.993976   21.2567  -1.07937   0.0408857 -0.00680699  -0.0419371  0 -0  0 0 0 0 -0.0672013  0.0225645   0.133999   -0.0258409   -0.834674 -0.00664309 0 0 0 0 0 0 1.29704
-0.725119   20.0661  -1.01182  0.0426166 -0.0100645 -0.0412486  0 -0  0 0 0 0 -0.0330627 -0.0142717  0.0612815  0.0682997 -0.573775 0.0142608 0 0 0 0 0 0 1.30079
-0.667883   18.4105 -0.990536  0.0434514 -0.0108766 -0.0522585  0 -0  0 0 0 0 -0.0268708 -0.0189469 -0.0947367    0.0636717    -1.30294 -0.00445099 0 0 0 0 0 0 1.31187
-0.433495   15.1407 -0.923939   0.0395186 -0.00985267  -0.0536631  0 -0  0 0 0 0 -0.0478562 -0.0010697 -0.0608236    0.079247   -1.27772 0.00827568 0 0 0 0 0 0 1.31617
-0.516986   13.9811  -1.06062   0.0366123 -0.00872813  -0.0343909  0 -0  0 0 0 0 -0.0589802 0.00831232   0.117885  0.00134795    -0.7545 -0.0442099 0 0 0 0 0 0 1.33569
-0.572049   11.7249  -1.21265   0.0417022 -0.00841059  -0.0380682  0 -0  0 0 0 0 -0.00916641  0.00858237   0.0312686  -0.0233901   -1.63593  -0.156387 0 0 0 0 0 0 1.34198
-0.257717   8.42562  -1.36931   0.0324504 -0.00451174  -0.0693969  0 -0  0 0 0 0 -0.0797623  0.0375246  -0.258047   0.0861785   -1.21456 -0.0777665 0 0 0 0 0 0 1.37487
-0.523581   7.96924  -1.17065   0.0252805 -0.00493239  -0.0345565  0 -0  0 0 0 0  -0.12897 0.0152056  0.144647   -0.10864 -0.635887 0.0561448 0 0 0 0 0 0 1.41045
-0.703806   6.12517 -0.903361  0.0229638  -0.005739 -0.0321125  0 -0  0 0 0 0   -0.114459 0.000615618    0.129708  -0.169636  -1.18189  0.172079 0 0 0 0 0 0 1.41391
-0.780603    3.2894 -0.700889  0.0149086 -0.0113896 -0.0395443  0 -0  0 0 0 0  -0.136665 -0.0457063  0.0104769  -0.0645793  -0.972487  0.0648692 0 0 0 0 0 0 1.42624
-0.665591   2.12985  -0.89512   0.0073008 -0.00964764  -0.0298798  0 -0  0 0 0 0  -0.176968 -0.0224932   0.108075   0.0215045  -0.931356 -0.0843637 0 0 0 0 0 0 1.43866
 -0.31323 -0.336672  -1.13407 0.000900002 -0.00578379  -0.0331915  0 -0  0 0 0 0   -0.20551  0.0275023 0.00115569   0.240418  -1.57229 -0.195806 0 0 0 0 0 0 1.44684
 0.37417 -3.49746 -1.21997 -0.00060867  0.00330866  -0.0688765  0 -0  0 0 0 0  -0.12609 0.0918085 -0.267931    0.198954   -1.05332 -0.0422329 0 0 0 0 0 0 1.4837
-0.182567  -4.02519  -1.10921 -0.00409565 7.11278e-05    -0.01252  0 -0  0 0 0 0 -0.122446 0.0426872   0.32804  -0.132373 -0.751212 0.0462676 0 0 0 0 0 0 1.54025
-0.0897234   -5.85084   -1.07268   -0.0139455 -0.000602088  0.000205492  0 -0  0 0 0 0 -0.188186  0.018518  0.363841  0.0526475  -1.26163 0.0165539 0 0 0 0 0 0 1.55636
0.309174 -8.60273 -1.20283   -0.0269111 -0.000988359  9.48299e-05  0 -0  0 0 0 0  -0.212938 0.00918645    0.17117   0.0896948  -0.901844 -0.0269423 0 0 0 0 0 0 1.56933
-0.200121  -9.27321  -1.23454  -0.0298752 -0.00573127 -0.00336794  0 -0  0 0 0 0   -0.19803 -0.0374038  0.0735672   -0.196205  -0.656844 -0.0427684 0 0 0 0 0 0 1.57591
-0.188492  -10.6589  -1.37949   -0.036206 -0.00506703 0.000730589  0 -0  0 0 0 0  -0.216725 -0.0126868  0.0671651  -0.0294915  -0.989716  -0.118167 0 0 0 0 0 0 1.58348
0.264234 -12.5061  -1.5837   -0.034587 -0.00372355 -0.00920099  0 -0  0 0 0 0 -0.0958851 0.00398173 -0.0465771   0.081799 -0.635232 -0.068237 0 0 0 0 0 0 1.59363
0.126543 -13.1519   -1.532  -0.0343247 -0.00925987  -0.0150456  0 -0  0 0 0 0  -0.073796 -0.0490555  -0.100983  -0.0232769   -0.60556 0.00168472 0 0 0 0 0 0 1.60169
 0.35238 -14.2941   -1.461  -0.0435235 -0.00797072 -0.00902734  0 -0  0 0 0 0  -0.153297 -0.0168888 -0.0169376   0.172689 -0.834101 0.0525241 0 0 0 0 0 0 1.61275
0.700325 -16.1442 -1.34341  -0.0491678 -0.00732894  -0.0142042  0 -0  0 0 0 0   -0.122259 0.000113585  -0.0606456   0.118612 -0.603259 0.0419256 0 0 0 0 0 0 1.62044
0.165889 -16.4271 -1.14695  -0.0528267  -0.0108705 -0.00882354  0 -0  0 0 0 0  -0.130986  -0.032169 -0.0285278  -0.159436 -0.373719  0.116172 0 0 0 0 0 0 1.62785
-0.112254  -17.0625 -0.870738  -0.0578204 -0.00790987  -0.0113572  0 -0  0 0 0 0  -0.152483  0.0122319 -0.0592592  -0.162281  -0.46593  0.206552 0 0 0 0 0 0 1.63418
-0.452149  -18.4097  -0.55729 -0.0562222 -0.0117953  -0.021083  0 -0  0 0 0 0 -0.0561144 -0.0358539  -0.108148  -0.0912379  -0.408218   0.107145 0 0 0 0 0 0 1.64478
-0.460834  -18.8328 -0.584017  -0.0527236 -0.00866203  -0.0186487  0 -0  0 0 0 0 -0.00474947 -0.00323616  -0.0599593  -0.0583835   -0.42747  0.0258099 0 0 0 0 0 0 1.65007
-0.473868  -19.3827 -0.576033  -0.0532626 -0.00967359  -0.0179291  0 -0  0 0 0 0 -0.00829724  -0.0147286   -0.036512  -0.0107038  -0.439936 0.00280902 0 0 0 0 0 0 1.65142
-0.360016  -20.2271 -0.619177 -0.0534122 -0.0114808   -0.02468  0 -0  0 0 0 0 -0.00509907  -0.0229711  -0.0799965   0.0175311  -0.290041 -0.0101122 0 0 0 0 0 0 1.65841
-0.428556   -20.382 -0.644555 -0.0516857 -0.0087149 -0.0185962  0 -0  0 0 0 0  0.0194372 0.00719903 -0.0147981   -0.022018  -0.214561 -0.0177908 0 0 0 0 0 0 1.66531
-0.276093  -20.8381 -0.665204    -0.05459 -0.00832604  -0.0143961  0 -0  0 0 0 0 -0.0131797 0.00896517  0.0313225    0.105638   -0.32818 -0.0190084 0 0 0 0 0 0 1.67043
-0.308169  -22.0136 -0.620507 -0.0584382 -0.0128562 -0.0147153  0 -0  0 0 0 0 -0.0386457 -0.0390458 0.00168424   0.0176055    -0.3335 0.00525561 0 0 0 0 0 0 1.67639
-0.360652  -22.3829 -0.602732  -0.0571849 -0.00811023  -0.0159677  0 -0  0 0 0 0  -0.0191523   0.0144136 -0.00904641  -0.00929997    -0.35233   0.0172977 0 0 0 0 0 0 1.68145
  -0.1521  -23.0418 -0.594071  -0.0616558 -0.00697329  -0.0103832  0 -0  0 0 0 0 -0.0592098  0.0239553  0.0507688    0.155685  -0.483302 0.00270856 0 0 0 0 0 0 1.6887
-0.0606317    -24.557  -0.570226   -0.067288  -0.0090783 -0.00660688  0 -0  0 0 0 0  -0.0742207 -0.00973178   0.0473704   0.0541254  -0.446076 0.00630879 0 0 0 0 0 0 1.6958
 -0.27189  -25.0468 -0.518304  -0.0616954 -0.00532233  -0.0128778  0 -0  0 0 0 0 -0.00716628    0.028031  -0.0225145  -0.0514843    -0.4477  0.0260604 0 0 0 0 0 0 1.705
-0.0675732   -25.8738  -0.532277  -0.0666105 -0.00471379 -0.00681816  0 -0  0 0 0 0 -0.052457 0.0276849 0.0468823    0.143012  -0.602911 -0.0123103 0 0 0 0 0 0 1.71283
0.0861801  -27.6446 -0.556214  -0.0722582 -0.00631856 -0.00704645  0 -0  0 0 0 0  -0.0714766 -0.00286945  0.00781589    0.0602664   -0.530984 -0.00556086 0 0 0 0 0 0 1.7187
-0.0792342   -28.1729   -0.53226  -0.0686838 -0.00544754  -0.0103133  0 -0  0 0 0 0  -0.025796 0.00467534 -0.0284621  -0.0317536  -0.513498 0.00286525 0 0 0 0 0 0 1.72362
 0.201417  -29.1034 -0.630978  -0.0740021 -0.00603325 -0.00331039  0 -0  0 0 0 0  -0.0677437 -0.00289341   0.0519877    0.166136  -0.678102 -0.0676621 0 0 0 0 0 0 1.73244
 0.625695  -30.9573 -0.857123  -0.0818514 -0.00655219 -0.00148598  0 -0  0 0 0 0  -0.0968009 -0.00492887   0.0289156    0.103074  -0.569475 -0.0536107 0 0 0 0 0 0 1.74051
 0.273955  -31.4871 -0.765534  -0.0752772 -0.00814017 -0.00641088  0 -0  0 0 0 0 -0.0238504 -0.0204184 -0.0334207  -0.0598269  -0.521488 0.00409906 0 0 0 0 0 0 1.74888
 0.213661  -32.0772 -0.757585  -0.0776209 -0.00964538 -0.00750633  0 -0  0 0 0 0 -0.0405408 -0.0329384 -0.0396389   -0.042712  -0.479418 0.00545728 0 0 0 0 0 0 1.75187
 0.682807  -32.8047 -0.939451 -0.0825257 -0.0112642 -0.0144483  0 -0  0 0 0 0 -0.0596143 -0.0286838 -0.0797711   0.0716236  -0.281105 -0.0326313 0 0 0 0 0 0 1.76052
 0.394009  -32.7205 -0.864771  -0.0757266 -0.00996275  -0.0096381  0 -0  0 0 0 0  0.0113002  -0.013201 -0.0486117  -0.0430661 -0.0560907  0.0050648 0 0 0 0 0 0 1.76895
0.0792685  -32.3996 -0.744201 -0.0741035   -0.01121 -0.0154617  0 -0  0 0 0 0 0.0222804 -0.024032 -0.101507   -0.18233  0.166401 0.0733019 0 0 0 0 0 0 1.77513
0.0249659  -32.0439  -0.74386  -0.077471 -0.0129511 -0.0244093  0 -0  0 0 0 0  -0.015762 -0.0265242  -0.112702  -0.0489036   0.114472  0.0129925 0 0 0 0 0 0 1.78484
 0.273188  -31.7334 -0.872166  -0.0720259 -0.00898159  -0.0174739  0 -0  0 0 0 0  0.0357569  0.0135901 -0.0320603   0.0444406   0.221222 -0.0414276 0 0 0 0 0 0 1.79451
 0.055265  -30.8202 -0.909226 -0.0664462  -0.011696 -0.0239696  0 -0  0 0 0 0  0.0764426 -0.0217591 -0.0903728   -0.160873    0.57349 -0.0303491 0 0 0 0 0 0 1.8035
0.144359 -29.4396  -1.0961  -0.066599 -0.0127399 -0.0302271  0 -0  0 0 0 0  0.0337766 -0.0189474 -0.0818202  -0.0311199   0.438215 -0.0456011 0 0 0 0 0 0 1.80984
 0.56669 -28.8017 -1.30206   -0.063336 -0.00846351   -0.017764  0 -0  0 0 0 0 0.0648548 0.0239083 0.0516985  0.119673 0.534744 -0.10843 0 0 0 0 0 0 1.82342
0.372241 -27.5241 -1.34718 -0.0599303 -0.0118394 -0.0235962  0 -0  0 0 0 0   0.077617 -0.0248234 -0.0224971    -0.14518   0.868384 -0.0432454 0 0 0 0 0 0 1.83097
0.290335 -25.5645 -1.29019 -0.0630225 -0.0139462 -0.0247696  0 -0  0 0 0 0  0.00650325  -0.0288876 -0.00863046    -0.0393845      0.64022 -0.000426675 0 0 0 0 0 0 1.83489
0.617993 -24.7851 -1.35138  -0.062743 -0.0107968 -0.0135335  0 -0  0 0 0 0  0.0139173 0.00662489   0.101559    0.112786   0.706888 -0.0217433 0 0 0 0 0 0 1.84656
0.135134 -23.0258 -1.25314 -0.0558235 -0.0143751  -0.024039  0 -0  0 0 0 0  0.0684943 -0.0372206 -0.0299433  -0.311315   1.20558 0.0549691 0 0 0 0 0 0 1.85964
-0.160163  -20.1644   -1.1712 -0.0548277 -0.0179253 -0.0264336  0 -0  0 0 0 0  0.0401653 -0.0514546 -0.0140044  -0.119064  0.914136 0.0284704 0 0 0 0 0 0 1.86404
0.418186 -19.1905 -1.32364 -0.0511129 -0.0100703 -0.0182172  0 -0  0 0 0 0 0.0716606 0.0292587 0.0771986    0.160532   0.944638 -0.0480446 0 0 0 0 0 0 1.87599
0.135539 -17.2864 -1.39009 -0.0377316 -0.0130184 -0.0265838  0 -0  0 0 0 0   0.185934 -0.0182218 -0.0171723    -0.21066    1.37847 -0.0546151 0 0 0 0 0 0 1.89205
-0.14063 -14.0382 -1.46183 -0.0421769 -0.0154485 -0.0266712  0 -0  0 0 0 0   0.0500028  -0.0300929 -0.00547047  -0.108355   1.04252 -0.025839 0 0 0 0 0 0 1.89712
0.392201 -13.0442 -1.49674  -0.0405389 -0.00919197  -0.0233932  0 -0  0 0 0 0 0.0552545 0.0364335 0.0401203     0.194803     1.00343 -0.00927752 0 0 0 0 0 0 1.90437
0.418542 -11.4188  -1.5283 -0.0289071  -0.010109 -0.0281319  0 -0  0 0 0 0    0.171387  0.00948544 -0.00855809   0.0325149    1.22412 -0.0294016 0 0 0 0 0 0 1.91696
 0.24465 -8.85335 -1.65655 -0.0368135 -0.0114976 -0.0184854  0 -0  0 0 0 0   0.0155918 -0.00905302    0.070048  -0.0361268   0.858288  -0.040411 0 0 0 0 0 0 1.92951
0.390445 -7.86607  -1.6308 -0.0367668 -0.0105389 -0.0186691  0 -0  0 0 0 0  0.0118626 0.00281215  0.0482141   0.0497576   0.959781 0.00243094 0 0 0 0 0 0 1.93049
0.111422 -6.01677 -1.62815   -0.027819 -0.00981595  -0.0167638  0 -0  0 0 0 0   0.105785 0.00597995   0.102239    -0.199107     1.33147 0.000894665 0 0 0 0 0 0 1.93966
-0.509367  -3.24503  -1.68873 -0.0334317 -0.0126744 0.00571036  0 -0  0 0 0 0 0.00804044 -0.0247786   0.225643   -0.182365   0.922568 -0.0134394 0 0 0 0 0 0 1.963
0.0436944  -2.76463  -1.63665  -0.0272283 -0.00720874   -0.024806  0 -0  0 0 0 0  0.0560892  0.0297035 -0.0946923  0.0975494  0.718202 0.0346117 0 0 0 0 0 0 1.99462
-0.063683  -1.20223  -1.51378  -0.0193777 -0.00959665  -0.0229992  0 -0  0 0 0 0   0.127723 -0.0188187 -0.0138445  -0.0675805    1.10265   0.100483 0 0 0 0 0 0 2.00302
-0.288432   1.29638   -1.5142  -0.0212026  -0.0125484 -0.00771584  0 -0  0 0 0 0  0.0550148 -0.0307159   0.110496  -0.0620333   0.815123  0.0155688 0 0 0 0 0 0 2.01869
-0.0216844    2.05279   -1.55909  -0.0193003 -0.00965944  -0.0208218  0 -0  0 0 0 0  0.0610913 0.00187275 -0.0367677  0.0722911  0.771496 -0.019412 0 0 0 0 0 0 2.03225
-0.317882   4.00816  -1.54167  -0.0173213 -0.00925572  -0.0152026  0 -0  0 0 0 0  0.0674406 0.00797007  0.0659378  -0.211508   1.31363   0.02242 0 0 0 0 0 0 2.03822
-0.721118    7.4654  -1.31269    -0.01131 -0.00646696  0.00189502  0 -0  0 0 0 0 0.0926846 0.0245999  0.158448  -0.144968   1.11024 0.0732381 0 0 0 0 0 0 2.05656
-0.405025    8.4742 -0.922957 -0.00843506 -0.00867774   -0.025257  0 -0  0 0 0 0   0.095092 -0.0018898  -0.135508  0.0319067  0.959474  0.230266 0 0 0 0 0 0 2.08395
-0.606072   10.7203 -0.368501 -0.00182338 -0.00884005  -0.0223967  0 -0  0 0 0 0    0.157177 -0.00294632  -0.0188938  -0.220341   1.53484  0.449681 0 0 0 0 0 0 2.09116
-1.37142  14.1476 0.323131   0.0108104  -0.0180714 0.000888723  0 -0  0 0 0 0   0.196017 -0.0802671   0.178665  -0.286118   1.25851  0.283147 0 0 0 0 0 0 2.11921
-0.862199   14.5766   1.15106 -0.00597626  -0.0139033  -0.0341801  0 -0  0 0 0 0 -0.00943275  -0.0184698   -0.185441  -0.00439255    0.545323    0.429709 0 0 0 0 0 0 2.15831
-0.751323   15.5852  0.706043 0.00556117 0.00344023 -0.0339878  0 -0  0 0 0 0 0.0637121  0.183169 -0.124183  0.180569 0.755407 -0.29351 0 0 0 0 0 0 2.17914
-0.707632   17.6019 -0.505807   0.0228966 0.000896812  -0.0446263  0 -0  0 0 0 0  0.175748 0.0861685 -0.170681  0.158686 0.784377 -0.41224 0 0 0 0 0 0 2.19964
-0.671032   18.1772  -1.12547   0.0261537 -0.00784029  -0.0554083  0 -0  0 0 0 0   0.147596 -0.0263313  -0.192102   0.128975  0.409569 -0.319417 0 0 0 0 0 0 2.2139
-0.609938   18.7347  -1.30633  0.0226699 -0.0140594  -0.054063  0 -0  0 0 0 0   0.100162 -0.0920153  -0.132083   0.111089  0.491981 -0.170477 0 0 0 0 0 0 2.22115
-0.484599   19.8244  -1.47846  0.0222694 -0.0109688 -0.0517574  0 -0  0 0 0 0    0.06975 -0.0301121 -0.0514186   0.0808933    0.45739 -0.0841341 0 0 0 0 0 0 2.22503
-0.53222   20.396 -1.75661  0.0361653  -0.026261 -0.0499843  0 -0  0 0 0 0    0.150856   -0.159288 -0.00578266  0.0415887  0.313378  -0.10406 0 0 0 0 0 0 2.24577
-0.513894   20.8515  -1.18376  0.0350559 -0.0354413 -0.0480336  0 -0  0 0 0 0  0.128431 -0.227301 0.0218395  -0.164471  0.401721  0.470585 0 0 0 0 0 0 2.25522
-0.339084   22.2962  0.124978  0.0341691 -0.0388345  -0.058266  0 -0  0 0 0 0  0.0834445  -0.167735 -0.0835289  -0.138723  0.556943  0.508507 0 0 0 0 0 0 2.26603
-0.336994   23.4269   1.07194  0.0333069 -0.0231999 -0.0492484  0 -0  0 0 0 0 0.0579633 0.0404285 0.0384279  -0.151556  0.490533  0.410633 0 0 0 0 0 0 2.2841
-0.455287   24.3549  0.257697  0.0366277 0.00170696 -0.0423035  0 -0  0 0 0 0 0.0576819   0.30104  0.118646    0.18161   0.75699 -0.659056 0 0 0 0 0 0 2.31017
-0.758521   26.1848  -1.58983   0.047911 0.00432702 -0.0416323  0 -0  0 0 0 0  0.12466 0.211019  0.08252    0.20819    0.8114 -0.719903 0 0 0 0 0 0 2.32178
-0.677423   27.3559  -2.60576  0.0536052 -0.0203469 -0.0606366  0 -0  0 0 0 0  0.129417 -0.108875 -0.126667   0.236499  0.627856 -0.497331 0 0 0 0 0 0 2.35344
-0.751764    28.096  -2.13704  0.0456342 -0.0385972 -0.0651815  0 -0  0 0 0 0 0.0609011 -0.288516 -0.142019  -0.216048  0.615167  0.294093 0 0 0 0 0 0 2.37386
-0.744062   29.2159  -1.21583  0.0402879 -0.0394639 -0.0597849  0 -0  0 0 0 0 0.00965399  -0.194125 -0.0376165  -0.206456  0.544727  0.360859 0 0 0 0 0 0 2.38151
-0.674803   28.2701 -0.742224  0.0320897 -0.0216736 -0.0628345  0 -0  0 0 0 0 -0.0439083  0.0298941 -0.0913107  -0.117245 0.0145156  0.353196 0 0 0 0 0 0 2.40133
-0.596598   27.8967 -0.294108  0.0364763 -0.0105244 -0.0692233  0 -0  0 0 0 0 -0.00156316     0.12653   -0.116343  -0.0592532  -0.125605   0.174286 0 0 0 0 0 0 2.41491
-0.386775   27.6734 -0.146284  0.0487937  -0.013436 -0.0676574  0 -0  0 0 0 0  0.0828173  0.0596073 -0.0568375  0.0415146 -0.109203 0.0822093 0 0 0 0 0 0 2.42766
-0.0672435    27.3242   0.267182   0.0486378 -0.00874205  -0.0635709  0 -0  0 0 0 0   0.0712041   0.0908094 -0.00167883  0.0943132 -0.188136  0.190008 0 0 0 0 0 0 2.43389
0.0873643   26.5521 -0.453427   0.036891 0.00513383 -0.0681116  0 -0  0 0 0 0 -0.0329274   0.171217 -0.0384935   0.180701 -0.282995 -0.233213 0 0 0 0 0 0 2.45263
0.0752153   26.0264  -1.26262  0.0398694 0.00314231 -0.0691312  0 -0  0 0 0 0 -0.0071892  0.0914877 -0.0292892   0.155997 -0.244617 -0.319538 0 0 0 0 0 0 2.45635
-0.214983   25.3898  -1.63321  0.0411279 -0.0113329 -0.0581824  0 -0  0 0 0 0 -0.00588291  -0.0682566    0.077461  0.0490614 -0.326934 -0.286995 0 0 0 0 0 0 2.47455
-0.462902   24.3851  -2.08385    0.03646  -0.019645 -0.0572168  0 -0  0 0 0 0 -0.0383886  -0.125239  0.0624753  -0.0218182  -0.424407  -0.190627 0 0 0 0 0 0 2.48413
-0.676178   23.3513  -2.34953  0.0330754 -0.0192599 -0.0483389  0 -0  0 0 0 0 -0.0485455 -0.0776662   0.123784  -0.0426496  -0.442901  -0.122297 0 0 0 0 0 0 2.49364
-0.734948   22.7879  -2.53108   0.036109 -0.0298124 -0.0556689  0 -0  0 0 0 0 -0.0134428  -0.137536 -0.0022402  -0.00939983   -0.289981  -0.0867771 0 0 0 0 0 0 2.50684
-0.823634   22.0021  -2.25913  0.0419683 -0.0354538 -0.0649128  0 -0  0 0 0 0 0.0351064 -0.168817 -0.106295  -0.170898 -0.608023  0.218311 0 0 0 0 0 0 2.51915
-1.33379  19.6019 -1.78149  0.0386944   -0.03916 -0.0404491  0 -0  0 0 0 0 -0.00619202   -0.137233     0.17626  -0.255244 -0.896177  0.173661 0 0 0 0 0 0 2.54411
-0.971949   17.5866  -1.01666  0.0243543 -0.0289545 -0.0493984  0 -0  0 0 0 0  -0.103793 0.00362655  0.0136226  -0.0188188  -0.856454   0.258774 0 0 0 0 0 0 2.56386
-0.784126   15.4331  -1.53493  0.0366723 -0.0163513 -0.0588376  0 -0  0 0 0 0 -0.00994193    0.147897   -0.128914   0.320053  -1.78623 -0.471307 0 0 0 0 0 0 2.58385
-0.258914   10.7312  -2.99095  0.0345334 -0.0148819 -0.0687422  0 -0  0 0 0 0 -0.0252567  0.0928341  -0.156595   0.304418  -1.69101 -0.512533 0 0 0 0 0 0 2.59409
-0.832503   9.47686  -3.86918  0.0432563  -0.025986 -0.0258495  0 -0  0 0 0 0  0.0570906 -0.0444207   0.284091  -0.0526345   -1.06182  -0.517715 0 0 0 0 0 0 2.63924
-0.836428   6.81103  -4.09948  0.0194508 -0.0233355 -0.0347758  0 -0  0 0 0 0   -0.155396 -0.00205331   0.0621197   0.018922  -1.84191 -0.251063 0 0 0 0 0 0 2.66481
-0.602987   3.12152  -3.50005   0.0082657 -0.00678176  -0.0763614  0 -0  0 0 0 0 -0.175019   0.13203 -0.328825  0.0481039   -1.3203  0.121174 0 0 0 0 0 0 2.71094
-1.31572  2.74498 -3.13813  0.0131814 -0.0151048 -0.0247303  0 -0  0 0 0 0 -0.0760014  0.0242124   0.227635  -0.277064 -0.654424  0.215171 0 0 0 0 0 0 2.76347
-1.60407  1.68248 -2.43727 0.00957429 -0.0225284  -0.014623  0 -0  0 0 0 0 -0.0734271 -0.0746617   0.280182  -0.244345  -0.77743  0.488828 0 0 0 0 0 0 2.77652
 -1.59723 0.0926441  -2.27902 -0.00746028  -0.0335694  -0.0174145  0 -0  0 0 0 0 -0.194111 -0.116968   0.13502  -0.0609471  -0.552235  0.0924795 0 0 0 0 0 0 2.79701
 -1.37809 -0.619783  -2.59177 -0.0177757 -0.0346738 -0.0180914  0 -0  0 0 0 0 -0.259469  -0.11001  0.103565  0.0570597 -0.578245 -0.161327 0 0 0 0 0 0 2.80741
-1.10003  -1.8864 -3.20646 -0.0215863 -0.0249315 -0.0241307  0 -0  0 0 0 0  -0.254748  0.0510312 -0.0304291   0.195985 -0.871468 -0.489913 0 0 0 0 0 0 2.81949
-0.64487 -3.74801 -3.47595 -0.00953665  -0.0135878   -0.041958  0 -0  0 0 0 0 -0.0284918   0.116901  -0.148229   0.139596 -0.608092 -0.144076 0 0 0 0 0 0 2.84381
-1.29065 -3.82954 -3.37014 -0.00444519  -0.0146608 -0.00168052  0 -0  0 0 0 0 0.0514697  0.087723  0.262512  -0.181253 -0.345974  0.011245 0 0 0 0 0 0 2.88442
-1.41174 -4.50427 -3.00943 -0.0148237 -0.0146253 0.00504372  0 -0  0 0 0 0 -0.0638977  0.0597786   0.257632  -0.0862435  -0.504665   0.252933 0 0 0 0 0 0 2.89679
-1.40505 -6.04277 -2.61779 -0.0285449 -0.0149715  0.0113551  0 -0  0 0 0 0 -0.147734 0.0259925  0.177502  -0.0104044  -0.467795   0.127083 0 0 0 0 0 0 2.9119
-1.28273 -6.81024 -2.60271 -0.0281092 -0.0207826 -0.0107946  0 -0  0 0 0 0  -0.120291 -0.0388372 -0.0682379  0.0426078 -0.561293 0.0329084 0 0 0 0 0 0 2.9348
-0.987031  -7.85295  -2.54096 -0.0282915 -0.0204312 -0.0128751  0 -0  0 0 0 0 -0.0876848 -0.0239461  -0.101477   0.233763 -0.770008 0.0332577 0 0 0 0 0 0 2.93692
-0.510727  -9.31687   -2.5039 -0.0268441 -0.0217623  -0.027669  0 -0  0 0 0 0 -0.0304477 -0.0193251  -0.165918   0.155989 -0.500785 0.0084402 0 0 0 0 0 0 2.95184
-0.838267  -9.50732  -2.46008 -0.0281153 -0.0248461 -0.0125483  0 -0  0 0 0 0  -0.0292446  -0.0441465 -0.00317048  -0.0537887  -0.322482  0.0188199 0 0 0 0 0 0 2.96733
-0.636294  -10.2232   -2.4693  -0.0319349  -0.0241325 -0.00222501  0 -0  0 0 0 0 -0.0597092 -0.0190167   0.112145    0.143764  -0.523204 -0.0144945 0 0 0 0 0 0 2.97836
-0.410558   -12.039  -2.52196 -0.0331569 -0.0255306 0.00291981  0 -0  0 0 0 0 -0.0386334 -0.0212705  0.0935586   0.0796813  -0.526665 -0.0183796 0 0 0 0 0 0 2.98383
-0.366301  -12.7781  -2.48852  -0.0321129  -0.0248288 -0.00916666  0 -0  0 0 0 0  -0.0253838 -0.00859732  -0.0351142  0.0580349 -0.615647 0.0146269 0 0 0 0 0 0 2.99598
-0.0527246    -13.774   -2.46944  -0.0343681   -0.024108 -0.00221968  0 -0  0 0 0 0  -0.037173 0.00287749  0.0487705   0.240046 -0.759244 0.0101131 0 0 0 0 0 0 3.00332
0.196063  -15.798 -2.51427  -0.0392918  -0.0247495 -0.00243752  0 -0  0 0 0 0  -0.0603375 -0.00161078   0.0158158     0.103464   -0.627932 -0.00685278 0 0 0 0 0 0 3.00829
0.0416279  -16.5266  -2.54988  -0.0383719  -0.0239935 -0.00851959  0 -0  0 0 0 0 -0.0405722 0.00525541 -0.0455696  -0.0308345  -0.666026 -0.0261672 0 0 0 0 0 0 3.01448
0.477614   -17.77 -2.73834 -0.0402603 -0.0227697 0.00440245  0 -0  0 0 0 0 -0.0428815  0.0234561   0.109803   0.277506 -0.920798 -0.133471 0 0 0 0 0 0 3.0276
 1.05803 -20.3347 -3.06988 -0.0473087 -0.0217255 0.00855529  0 -0  0 0 0 0 -0.082361 0.0220059 0.0782807    0.165411  -0.787383 -0.0896713 0 0 0 0 0 0 3.03585
0.817601 -21.1397 -3.01324  -0.0470448  -0.0223296 -0.00191109  0 -0  0 0 0 0 -0.0669859  0.0158517  -0.047082   -0.0116606   -0.743099 -0.00329611 0 0 0 0 0 0 3.04634
 1.02682 -22.2406 -3.04348 -0.0529975  -0.021494  0.0026504  0 -0  0 0 0 0 -0.110231 0.0231799 0.0128258    0.143348  -0.838554 -0.0106499 0 0 0 0 0 0 3.05388
 1.53549 -24.0724 -3.13533  -0.0596961  -0.0190787 -0.00228186  0 -0  0 0 0 0  -0.110652  0.0337422 -0.0391972    0.137227  -0.611341 -0.0124828 0 0 0 0 0 0 3.06254
  1.1155 -24.3861 -3.00083 -0.0603471 -0.0220651 -0.0008337  0 -0  0 0 0 0   -0.093389 0.000327934  -0.0471004  -0.0658969  -0.398972  0.0454173 0 0 0 0 0 0 3.06593
 1.06111 -24.9368 -2.98072 -0.0600314 -0.0212172 -0.0011607  0 -0  0 0 0 0 -0.0679261   0.010663 -0.0381101  -0.0374811  -0.422854  0.0246852 0 0 0 0 0 0 3.06689
 1.24759 -25.8804 -2.98759 -0.0644379 -0.0207244 -0.0080078  0 -0  0 0 0 0 -0.0713056 0.00967117 -0.0764734   0.0329195  -0.313981 0.00742912 0 0 0 0 0 0 3.07505
 1.23598 -26.1105 -3.01656  -0.0621494  -0.0183491 -0.00873185  0 -0  0 0 0 0 -0.0351664  0.0295509 -0.0757277    0.0101204   -0.251107 -0.00893833 0 0 0 0 0 0 3.07842
 1.34914 -26.4667 -3.09069  -0.0614459  -0.0174223 -0.00761731  0 -0  0 0 0 0 -0.0178085  0.0339664 -0.0427474   0.0595424  -0.275613 -0.0431525 0 0 0 0 0 0 3.08003
1.68428 -27.097  -3.195 -0.0634287 -0.0176844 -0.0101666  0 -0  0 0 0 0 -0.0256058   0.012837  -0.043117    0.078244  -0.209396 -0.0266668 0 0 0 0 0 0 3.08327
 1.49112 -27.0539 -3.12813   -0.062332  -0.0188652 -0.00472884  0 -0  0 0 0 0 -0.00570243 0.000395582 -0.00386976  -0.0135596 -0.0488462 0.00835202 0 0 0 0 0 0 3.08894
 1.44236 -27.0438 -3.14315  -0.0591677  -0.0191165 -0.00524683  0 -0  0 0 0 0   0.0266761 -0.00248122 -0.00604679   -0.0392865 -0.00921241 -0.00855017 0 0 0 0 0 0 3.09216
 1.71358 -26.8381 -3.18575  -0.0614594  -0.0199175 -0.00878608  0 -0  0 0 0 0 -0.00694314 -0.00784703  -0.0313131   0.0486125  0.0400415 -0.0120715 0 0 0 0 0 0 3.09645
 1.85292 -26.7351 -3.23679  -0.0561679  -0.0174952 -0.00971977  0 -0  0 0 0 0  0.0440661  0.0156476 -0.0363367  0.0769345  0.090869 -0.027724 0 0 0 0 0 0 3.10235
 2.20793 -26.6141 -3.43614  -0.0540056    -0.02021 -0.00347431  0 -0  0 0 0 0  0.0604197 -0.0183222  0.0446792   0.202633 0.0760033 -0.134915 0 0 0 0 0 0 3.10949
 3.43505 -25.9552 -3.92198  -0.0580198  -0.0208992 -0.00640467  0 -0  0 0 0 0 -0.00379445  -0.0125817 -0.00517732   0.273949  0.155893 -0.135785 0 0 0 0 0 0 3.11451
 3.92271 -25.6729 -4.18606  -0.0537108  -0.0191448 -0.00642862  0 -0  0 0 0 0  0.0382228 0.00272629 -0.0093608   0.312123  0.243069 -0.199494 0 0 0 0 0 0 3.11916
  5.0429 -25.3039 -4.98701 -0.0425877 -0.0293113 0.00961707  0 -0  0 0 0 0  0.151664 -0.105112  0.177529   0.588293  0.217423 -0.548535 0 0 0 0 0 0 3.14117
 7.61528 -22.7676 -6.05912 -0.0471189 -0.0346015  0.0119085  0 -0  0 0 0 0  0.0334529 -0.0871653  0.0954461   0.609923  0.576365 -0.404816 0 0 0 0 0 0 3.14851
 7.86297 -21.8616 -6.12914 -0.0478534 -0.0315286 0.00613819  0 -0  0 0 0 0  0.0185581 -0.0366451 -0.0126087   0.450409  0.851741 -0.293035 0 0 0 0 0 0 3.15509
 8.99329 -20.5937 -6.63729 -0.0447711 -0.0402223   0.020025  0 -0  0 0 0 0 0.0582034 -0.117769  0.149995   0.703987  0.863805 -0.476529 0 0 0 0 0 0 3.17176
 10.7661 -18.3031 -7.16423 -0.0498311 -0.0466663  0.0322774  0 -0  0 0 0 0 -0.014825 -0.107614  0.155775   0.521623  0.709197 -0.308937 0 0 0 0 0 0 3.1865
 11.3733 -17.6567 -7.29055 -0.0496509 -0.0416158  0.0070358  0 -0  0 0 0 0 -0.0260551 -0.0425571  -0.115436   0.530642    0.7744 -0.275004 0 0 0 0 0 0 3.21224
 12.4458 -16.2402 -7.62427 -0.0491146 -0.0499333   0.016423  0 -0  0 0 0 0 -0.00567835   -0.113179   0.0174836    0.70232  0.873837 -0.410498 0 0 0 0 0 0 3.22479
 13.8722 -14.0471 -7.96732 -0.0468015 -0.0546278  0.0251908  0 -0  0 0 0 0  0.0157096 -0.0967115  0.0623886    0.47386  0.704268 -0.289661 0 0 0 0 0 0 3.235
  14.215 -13.2701 -8.05031 -0.0452456 -0.0549503 0.00612977  0 -0  0 0 0 0  0.0209629 -0.0858465  -0.141314   0.399716  0.847022 -0.306615 0 0 0 0 0 0 3.25413
 14.9731 -11.8201  -8.3262  -0.040366 -0.0614969 0.00645326  0 -0  0 0 0 0 0.0659946 -0.125475  -0.10265   0.455745  0.857707 -0.391734 0 0 0 0 0 0 3.2623
 15.8755 -10.6014 -8.53837 -0.0381424 -0.0649378   0.012562  0 -0  0 0 0 0  0.0535598 -0.0958529 -0.0147125   0.309746  0.509609 -0.225146 0 0 0 0 0 0 3.26966
 16.3006 -10.0654 -8.63178  -0.0363107  -0.0646749 -0.00457102  0 -0  0 0 0 0  0.0565041 -0.0835047  -0.167157   0.325285  0.576221 -0.249815 0 0 0 0 0 0 3.28689
 16.9084 -8.93195 -8.86569  -0.0317551  -0.0712504 -0.00605741  0 -0  0 0 0 0 0.0848075 -0.119608 -0.138872   0.346381  0.597936 -0.313708 0 0 0 0 0 0 3.29503
 17.7513 -7.72005 -9.04015  -0.0302483  -0.0700667 -0.00525094  0 -0  0 0 0 0  0.0605715 -0.0575874 -0.0762254    0.28736  0.440754 -0.212132 0 0 0 0 0 0 3.29711
 18.0587 -7.06394 -9.16748 -0.0300693  -0.067766 -0.0123733  0 -0  0 0 0 0 0.0542944 -0.032684 -0.139515   0.255687  0.581868 -0.291097 0 0 0 0 0 0 3.30459
 18.4309 -5.51116 -9.50353  -0.0260408  -0.0757349 -0.00998529  0 -0  0 0 0 0  0.0740986 -0.0908896 -0.0892777  0.225815 0.702437 -0.41235 0 0 0 0 0 0 3.31384
 18.8448 -3.93727 -9.79532  -0.0263768  -0.0764135 -0.00650741  0 -0  0 0 0 0   0.041629 -0.0596429 -0.0337036   0.154723   0.55566 -0.310457 0 0 0 0 0 0 3.31739
 18.9936 -3.00835 -9.88526 -0.0245681 -0.0774902 -0.0131959  0 -0  0 0 0 0  0.0513204 -0.0639278  -0.104007  0.0845257  0.776445 -0.386204 0 0 0 0 0 0 3.32441
  18.917 -1.11568 -9.99432 -0.0218755 -0.0850785 -0.0186198  0 -0  0 0 0 0 0.0644245 -0.110747 -0.124712  -0.00460329    0.866646    -0.37448 0 0 0 0 0 0 3.33411
 18.9455 0.308829 -10.0734 -0.0214219 -0.0852175 -0.0159556  0 -0  0 0 0 0   0.042709 -0.0719482 -0.0515125  -0.00577686    0.607575    -0.25054 0 0 0 0 0 0 3.33682
 19.1185  1.41526 -10.0095 -0.0183493 -0.0862067 -0.0234352  0 -0  0 0 0 0  0.0611364 -0.0755009  -0.116883  -0.0296834   0.872917  -0.311819 0 0 0 0 0 0 3.34497
 18.7912   3.5052 -10.0482 -0.0132238 -0.0894511  -0.030806  0 -0  0 0 0 0  0.0889523 -0.0796304  -0.143732  -0.115214  0.928435 -0.336021 0 0 0 0 0 0 3.35451
 18.7256  4.57092 -10.1572 -0.00785691  -0.0941799  -0.0211727  0 -0  0 0 0 0  0.0959613 -0.0848932 -0.0171169  -0.0561242   0.540216  -0.218884 0 0 0 0 0 0 3.36651
 18.6314  5.49192 -10.1638 -0.00705468  -0.0968397  -0.0194902  0 -0  0 0 0 0  0.0925085 -0.0985295 -0.0123252  -0.130481  0.724741 -0.285772 0 0 0 0 0 0 3.36976
 17.6357  7.24689 -10.2924 -0.00475011  -0.0999506  -0.0333905  0 -0  0 0 0 0   0.077007 -0.0959797  -0.118397  -0.355495  0.753376 -0.301914 0 0 0 0 0 0 3.38419
 17.2196  8.23914 -10.2665 0.00137898  -0.099849   -0.01994  0 -0  0 0 0 0   0.100331 -0.0613372  0.0270457  -0.203709  0.470824 -0.159077 0 0 0 0 0 0 3.39897
  16.971  9.07692 -10.2148 0.00239727  -0.104282 -0.0209621  0 -0  0 0 0 0  0.0968018 -0.0929722  0.0090041  -0.291599  0.643064  -0.19717 0 0 0 0 0 0 3.40363
 15.9087  10.4196 -10.2267 0.00378763  -0.101938 -0.0336571  0 -0  0 0 0 0  0.0726406 -0.0462664 -0.0889144  -0.416689  0.586962 -0.176073 0 0 0 0 0 0 3.41662
 15.5192  11.5501 -10.2713  0.0117528  -0.103782 -0.0217113  0 -0  0 0 0 0   0.112833 -0.0381115  0.0406932  -0.199959  0.451264 -0.143898 0 0 0 0 0 0 3.43109
 15.1386  12.0991 -10.3812 0.0106344  -0.10476 -0.022642  0 -0  0 0 0 0  0.0919905 -0.0427791  0.0189944  -0.310548  0.515018 -0.210132 0 0 0 0 0 0 3.43285
 14.1358  12.8182 -10.5556  0.0251815 -0.0972698  -0.041913  0 -0  0 0 0 0  0.187277 0.0340265 -0.130521  -0.376314  0.338273 -0.163661 0 0 0 0 0 0 3.45813
 13.965 13.3215 -10.666  0.0295126  -0.103939 -0.0295543  0 -0  0 0 0 0   0.14913 -0.029908 0.0222666   -0.116588   0.208319 -0.0973847 0 0 0 0 0 0 3.47282
 13.7784  13.1096 -10.7428  0.0276908  -0.106663 -0.0328833  0 -0  0 0 0 0   0.111805 -0.0501338 -0.0205174   -0.139212  0.0875485 -0.0751257 0 0 0 0 0 0 3.47749
13.1741 13.1087 -10.963   0.029261  -0.102819 -0.0457721  0 -0  0 0 0 0   0.0849422 -0.00484303   -0.117027   -0.208227   0.016049 -0.0814845 0 0 0 0 0 0 3.49103
 12.8241  13.1945 -11.0386   0.028267  -0.104138 -0.0449884  0 -0  0 0 0 0  0.0458207 -0.0175937 -0.0632069   -0.149247  0.0234254 -0.0422262 0 0 0 0 0 0 3.49286
 12.2419  13.5331 -11.0885  0.0231501  -0.106582 -0.0276834  0 -0  0 0 0 0 -0.00657066  -0.0320085   0.0897132    -0.35857   0.151784 -0.0709269 0 0 0 0 0 0 3.51107
 11.1216  14.1063 -11.0707  0.0249941  -0.101747 -0.0254969  0 -0  0 0 0 0 0.0129557 0.0209573 0.0724708   -0.443429   0.216883 -0.0496546 0 0 0 0 0 0 3.51669
 10.5517  14.6383 -11.1618 0.0272797 -0.103992 -0.014456  0 -0  0 0 0 0   0.0249188 0.000416646    0.143426   -0.264095   0.195077 -0.0682939 0 0 0 0 0 0 3.52819
 10.0851  15.1792 -11.1694   0.023074  -0.106616 -0.0218933  0 -0  0 0 0 0 -0.0158528 -0.0226065  0.0475066   -0.425539   0.331395 -0.0929775 0 0 0 0 0 0 3.53712
 8.65953  15.5489 -11.1983  0.0270483 -0.0966778 -0.0386835  0 -0  0 0 0 0 0.0278666 0.0686188 -0.107525   -0.549502   0.195176 -0.0501931 0 0 0 0 0 0 3.55703
 7.96185  15.4845 -11.2717  0.0305626 -0.0980845   -0.02153  0 -0  0 0 0 0 0.0421822 0.0362272  0.077898    -0.313143 -0.00778335  -0.0269702 0 0 0 0 0 0 3.5746
 6.96688  15.3478 -11.3551   0.0301102  -0.0995589 -0.00720347  0 -0  0 0 0 0 0.0263529 0.0304234  0.169775    -0.620679 -0.00730612  -0.0380719 0 0 0 0 0 0 3.58901
 5.17681  15.2098 -11.3823  0.0343344 -0.0924565  -0.012636  0 -0  0 0 0 0 0.0580246 0.0804679 0.0532952  -0.731699 -0.043476 -0.010706 0 0 0 0 0 0 3.5989
3.76446 15.6068 -11.415  0.0364375 -0.0876239 -0.0138583  0 -0  0 0 0 0 0.0539712 0.0929538 0.0267333   -0.600543    0.11181 -0.0197069 0 0 0 0 0 0 3.60431
2.91108 16.3281 -11.315  0.0356023 -0.0858926 -0.0242159  0 -0  0 0 0 0 0.0370904 0.0965913 -0.100871  -0.801877  0.376107  -0.00644 0 0 0 0 0 0 3.61484
0.861699  17.1217 -11.2555  0.0409453 -0.0778735 -0.0315354  0 -0  0 0 0 0 0.0748772  0.135344 -0.122335   -0.912277   0.355166 0.00992435 0 0 0 0 0 0 3.62695
-0.827696      17.5  -11.2294  0.0430047 -0.0757504 -0.0168216  0 -0  0 0 0 0 0.0603669  0.103981 0.0491476   -0.706539   0.173582 0.00903092 0 0 0 0 0 0 3.64195
-0.875871   17.3959  -11.0711  0.0366077 -0.0599876 -0.0574556  0 -0  0 0 0 0 0.00785389    0.20351   -0.30043  -0.324952 0.0197524 0.0527871 0 0 0 0 0 0 3.686
-1.49998  17.6559  -11.031  0.0344984 -0.0537051  -0.063794  0 -0  0 0 0 0 -0.00888624    0.214315   -0.272242  -0.440958  0.138156 0.0320065 0 0 0 0 0 0 3.69517
-3.03208  17.6554   -11.14  0.0331606 -0.0475544  -0.066855  0 -0  0 0 0 0 -0.0190603   0.184402    -0.1892   -0.561729  0.0497463 -0.0294369 0 0 0 0 0 0 3.70217
-3.61496  17.6204 -11.1954  0.0331253 -0.0481032 -0.0606059  0 -0  0 0 0 0 -0.0164856   0.111789 -0.0478162    -0.327514 -0.00559697  -0.0222663 0 0 0 0 0 0 3.70845
-4.21466  17.7011 -11.2745  0.0311671 -0.0468536 -0.0612902  0 -0  0 0 0 0 -0.028494  0.102036 -0.034471   -0.581963  0.0490375 -0.0713349 0 0 0 0 0 0 3.71087
-5.86749  17.2993 -11.4076  0.0295013 -0.0412887 -0.0488925  0 -0  0 0 0 0 -0.0335565   0.109954  0.0955629   -0.625437  -0.102669 -0.0673632 0 0 0 0 0 0 3.72456
-6.07953  16.7854 -11.1838  0.0276772 -0.0336301  -0.070509  0 -0  0 0 0 0 -0.0370032   0.140562  -0.152989  -0.246708 -0.154044 0.0407221 0 0 0 0 0 0 3.74757
-6.37954  16.7486 -11.0346  0.0276218 -0.0344508 -0.0699077  0 -0  0 0 0 0 -0.0308035   0.102225  -0.110295  -0.366646 -0.089915  0.140201 0 0 0 0 0 0 3.74858
-7.49315  16.5392 -10.7516  0.0266307 -0.0297582 -0.0695198  0 -0  0 0 0 0 -0.0288086   0.105273 -0.0502779   -0.452365 -0.0870209   0.106139 0 0 0 0 0 0 3.7534
-8.18194  16.9545 -10.6042  0.0216149 -0.0350768 -0.0479454  0 -0  0 0 0 0 -0.0636541 0.00983978   0.173793  -0.318137  0.106322 0.0936689 0 0 0 0 0 0 3.77618
-8.72617  17.3383 -10.5421  0.0236484 -0.0356576 -0.0420502  0 -0  0 0 0 0  -0.0369284 -0.00196427    0.224017  -0.606139  0.303033  0.122452 0 0 0 0 0 0 3.78244
-10.4085  18.0616 -10.3539  0.0245921 -0.0330219   -0.03614  0 -0  0 0 0 0 -0.0155441  0.0285547   0.186844  -0.684651  0.287847  0.121693 0 0 0 0 0 0 3.78898
 -10.807  18.0251 -10.0634  0.0319929 -0.0233171 -0.0487514  0 -0  0 0 0 0   0.0461061    0.110456 -0.00176656  -0.288664 0.0803346  0.115279 0 0 0 0 0 0 3.80653
-11.1789  18.3123 -9.98561  0.0359568 -0.0219531  -0.046316  0 -0  0 0 0 0 0.0744887  0.104461  0.036126  -0.452318  0.224891  0.144631 0 0 0 0 0 0 3.81138
-12.3337  18.8742 -9.67181  0.0383319 -0.0140721 -0.0441564  0 -0  0 0 0 0 0.0683167  0.142168 0.0442085  -0.509494  0.212297  0.164002 0 0 0 0 0 0 3.81989
-12.5897  18.8145 -9.33329   0.0423345 -0.00901086  -0.0527599  0 -0  0 0 0 0  0.0726988   0.129484 -0.0462878  -0.202756 0.0397926  0.123695 0 0 0 0 0 0 3.83064
-12.7906  18.9103 -9.22378   0.0431491 -0.00797306  -0.0533079  0 -0  0 0 0 0  0.0723724   0.120361 -0.0407202  -0.287118 0.0631019  0.146581 0 0 0 0 0 0 3.83207
 -13.696  18.5905 -8.83094  0.0457046 0.00244354  -0.040244  0 -0  0 0 0 0 0.0633247  0.175603  0.102185  -0.409539 -0.104323  0.127293 0 0 0 0 0 0 3.84897
-13.9138  18.3145 -8.44178  0.0468273 0.00284825 -0.0451822  0 -0  0 0 0 0 0.0497311  0.104738 0.0140991   -0.159772 -0.0970022   0.116209 0 0 0 0 0 0 3.85405
 -14.066  18.3161 -8.31156  0.0452971  0.0028102 -0.0452443  0 -0  0 0 0 0 0.0331663 0.0888832 0.0159534   -0.229136 -0.0680547   0.141153 0 0 0 0 0 0 3.85558
  -14.84  18.4249 -7.92632 0.0480479 0.0140126 -0.045631  0 -0  0 0 0 0 0.0431726  0.169909 0.0139022    -0.349919 -0.00521763    0.159753 0 0 0 0 0 0 3.86713
-15.3413   18.765 -7.64518  0.0466557  0.0165181 -0.0406561  0 -0  0 0 0 0 0.0160165  0.120925 0.0510201   -0.22645 0.0886732  0.134437 0 0 0 0 0 0 3.87287
-15.6689  19.0543  -7.5898   0.046261  0.0168984 -0.0413441  0 -0  0 0 0 0 0.0131201  0.106923 0.0493785  -0.393614  0.212034  0.144492 0 0 0 0 0 0 3.87375
-16.7311  19.5719 -7.26384  0.0494716  0.0287993 -0.0376681  0 -0  0 0 0 0  0.032601  0.183104 0.0676497  -0.485903  0.191495  0.182318 0 0 0 0 0 0 3.88661
 -17.022  19.5965 -6.82376  0.0507518  0.0292745 -0.0462213  0 -0  0 0 0 0  0.0321766   0.112055 -0.0212607  -0.214253 0.0425748  0.157417 0 0 0 0 0 0 3.89527
-17.2567  19.6984  -6.7243  0.0491209  0.0283356 -0.0480625  0 -0  0 0 0 0 0.0177465 0.0870015  -0.03234  -0.330503 0.0598102  0.146178 0 0 0 0 0 0 3.8979
-18.2632  19.8637 -6.38891  0.0492211   0.036225 -0.0449267  0 -0  0 0 0 0 0.0106455  0.130832 0.0174803  -0.459647 0.0414794  0.153255 0 0 0 0 0 0 3.90639
-18.5996  19.8738 -6.03816  0.0502375  0.0400604 -0.0469841  0 -0  0 0 0 0   0.0127506    0.107823 -0.00244757    -0.20456 0.00728962   0.123395 0 0 0 0 0 0 3.91086
-18.8434  19.9052 -5.96783   0.048386  0.0398644 -0.0495551  0 -0  0 0 0 0 -0.00214659   0.0921965  -0.0242361    -0.33675 0.00568162  0.0940854 0 0 0 0 0 0 3.91404
-19.5998  19.5836 -5.60322  0.0466325  0.0507501 -0.0401601  0 -0  0 0 0 0 -0.0197134   0.161757   0.069567  -0.381453 -0.135902 0.0938013 0 0 0 0 0 0 3.92852
-19.7274  19.2321 -5.17666   0.043902   0.055168 -0.0453359  0 -0  0 0 0 0  -0.0360814    0.133892 -0.00971327  -0.132562  -0.13267  0.102643 0 0 0 0 0 0 3.93586
-19.8753  19.0088 -5.06179  0.0462948  0.0569493 -0.0517641  0 -0  0 0 0 0 -0.0133468   0.134103 -0.0740662  -0.240823 -0.228392 0.0623805 0 0 0 0 0 0 3.94294
-20.6448  18.3854  -4.8147   0.042559  0.0641299 -0.0485922  0 -0  0 0 0 0  -0.0393868    0.145858 -0.00927202  -0.308672 -0.244072 0.0128503 0 0 0 0 0 0 3.95164
-20.8319  18.1488  -4.5593  0.0389627  0.0640245 -0.0429895  0 -0  0 0 0 0 -0.0554049  0.0895511     0.0386  -0.128305 -0.135981 0.0572965 0 0 0 0 0 0 3.9583
-20.9716  17.3969 -4.37189  0.0359796  0.0622621 -0.0323855  0 -0  0 0 0 0 -0.0732861  0.0596254    0.16184     -0.3585  -0.492165 -0.0438451 0 0 0 0 0 0 3.96945
-21.7766  15.9616 -3.64332  0.0265191   0.069846 -0.0297056  0 -0  0 0 0 0 -0.101175 0.0870621 0.0915078  -0.259825 -0.400701 0.0208469 0 0 0 0 0 0 3.98187
-21.8704  15.6152 -3.43759  0.0271617  0.0722177 -0.0309801  0 -0  0 0 0 0 -0.0822829  0.0962815   0.063494  -0.205691 -0.415926 0.0681479 0 0 0 0 0 0 3.98464
-21.9995  14.5869 -2.96622  0.0285797  0.0695961 -0.0439972  0 -0  0 0 0 0 -0.0688055  0.0517223  -0.104117  -0.347163 -0.868388  0.111925 0 0 0 0 0 0 3.99799
-22.2295  13.0618 -1.79862 -0.0356345  0.0748934  -0.115065  0 -0  0 0 0 0  -0.50664  0.115048 -0.620819  -0.141547  -0.51345  0.105234 0 0 0 0 0 0 4.09392
-22.2273  13.6784 -1.81593 -0.0439887  0.0681895  -0.060233  0 -0  0 0 0 0 -0.513877 0.0229515 0.0212374   0.129379 0.0733112  0.139252 0 0 0 0 0 0 4.14979
-22.0019  14.1182 -2.25954 -0.0171623  0.0942951 -0.0254968  0 -0  0 0 0 0 -0.172716  0.279145  0.478482   0.321773   0.32801 -0.117378 0 0 0 0 0 0 4.20085
 -21.859   13.777 -2.49868 0.0185525  0.117675 0.0409361  0 -0  0 0 0 0 0.195921 0.253379 0.697444     0.0814769 -0.000479204   -0.0847777 0 0 0 0 0 0 4.27982
-21.6324  12.7664 -2.31859   0.0265609    0.109047 7.43716e-05  0 -0  0 0 0 0 0.259605 0.139539 0.193288  0.00776889  -0.565021  -0.172132 0 0 0 0 0 0 4.32234
-21.3157  10.7557 -1.89203  0.0286502   0.102296 -0.0219168  0 -0  0 0 0 0   0.24062 0.0547357 -0.125929  0.163191 -1.55322  -0.2553 0 0 0 0 0 0 4.34544
  -19.0613    5.32941 -0.0647308  0.0659626   0.101431 -0.0753426  0 -0  0 0 0 0   0.41373 0.0115528 -0.478506    0.457689   -1.43472 -0.0837063 0 0 0 0 0 0 4.41061
  -18.5491    7.84358 -0.0508219  0.0528016  0.0934676 -0.0584029  0 -0  0 0 0 0   0.247141 -0.0415449  -0.303712   1.38237 0.686539 0.657262 0 0 0 0 0 0 4.43349
-16.6451   8.6357 0.756292 0.0555094 0.0887639 0.0103047  0 -0  0 0 0 0   0.22389 -0.110816  0.553701    2.0227 0.539017   1.0168 0 0 0 0 0 0 4.50241
-6.55306  9.93339   3.0465 -0.0121137  0.0922209  0.0841773  0 -0  0 0 0 0 -0.419117 0.0171597  0.879083   2.40721 0.198211 0.695073 0 0 0 0 0 0 4.60262
-4.28363  10.3458  3.52131 -0.0131008  0.0993729  0.0930067  0 -0  0 0 0 0 -0.370631 0.0784556  0.820113   2.44096 0.310272 0.630851 0 0 0 0 0 0 4.61403
-3.03984  8.87368  3.33029 -0.00962633    0.129142   0.0946719  0 -0  0 0 0 0 -0.30988 0.332707 0.798757    1.63467 -0.402893  0.140754 0 0 0 0 0 0 4.64405
2.52138 7.05572 3.97673 -0.0623691   0.143665   0.140749  0 -0  0 0 0 0 -0.587284  0.274253  0.762482    1.53186 -0.477772  0.167697 0 0 0 0 0 0 4.71557
3.78048 6.07019 4.36834 -0.0827669   0.098481   0.154181  0 -0  0 0 0 0 -0.686086 -0.130989  0.800124    1.31847 -0.806757   0.31256 0 0 0 0 0 0 4.76693
4.65981 4.88884 4.22106 -0.0749442   0.120151  0.0853898  0 -0  0 0 0 0 -0.463135 0.0853987 0.0990112     1.1231 -0.867878  0.111063 0 0 0 0 0 0 4.83948
6.63965 1.27793 3.23216 -0.0961111   0.120115   0.101488  0 -0  0 0 0 0 -0.390028 0.0604873  0.138902   0.671011 -0.992882 -0.119405 0 0 0 0 0 0 4.86607
  7.78404 -0.688611   2.95239 -0.100009  0.095412  0.127735  0 -0  0 0 0 0 -0.349916 -0.169418  0.405235        0.79    -1.6997 -0.0731921 0 0 0 0 0 0 4.90233
 8.13068 -2.31739   2.3106 -0.101211  0.105644  0.088004  0 -0  0 0 0 0   -0.296114 0.000139379  -0.0685683   0.354139  -1.47883 -0.301364 0 0 0 0 0 0 4.94337
 7.01397 -7.28001  1.27111 -0.0681266    0.10944  0.0815114  0 -0  0 0 0 0  0.139038 0.0302654 -0.140283  -0.205294  -1.44684 -0.124406 0 0 0 0 0 0 4.9773
 6.90716 -9.13619  1.34206 -0.0412291  0.0765323   0.114882  0 -0  0 0 0 0  0.414647 -0.293732  0.232483  -0.148128  -1.80613  0.107082 0 0 0 0 0 0 5.03134
 6.63413 -11.1584 0.947028 -0.0276913  0.0690473   0.111129  0 -0  0 0 0 0  0.448034 -0.308904  0.155532   -0.261877   -1.69882 -0.0933383 0 0 0 0 0 0 5.04726
 3.58262 -15.4122 0.561931 -0.00418575   0.0522805   0.0957775  0 -0  0 0 0 0   0.413963  -0.296184 -0.0414592    -0.768263     -1.3496 -0.00573636 0 0 0 0 0 0 5.07996
 2.13271 -16.5827 0.647701 -0.00478509   0.0656333    0.251073  0 -0  0 0 0 0  0.380441 -0.116471   1.37506  -1.07819 -1.77661 0.138729 0 0 0 0 0 0 5.23583
0.0945769  -18.6791  0.943852 -0.00474038   0.0494606    0.240889  0 -0  0 0 0 0  0.275307 -0.268923  0.938031  -1.46455 -1.62817 0.222203 0 0 0 0 0 0 5.25494
-4.59681 -22.6334  1.81029 -0.00311765  0.00607733    0.276604  0 -0  0 0 0 0  0.154215 -0.507636  0.769296  -1.32194 -1.28953 0.197114 0 0 0 0 0 0 5.31116
-5.04076 -23.7171  2.57513  0.0225332 -0.0348386   0.311109  0 -0  0 0 0 0  0.357117 -0.787192  0.973719  -0.927927   -1.2743  0.399088 0 0 0 0 0 0 5.37051
-6.01665 -25.3484  2.80847   0.025605 -0.0954983   0.363369  0 -0  0 0 0 0 0.30773 -1.1897 1.21361  -0.784068  -1.30094  0.102238 0 0 0 0 0 0 5.45063
-9.1656 -27.841 4.03317  0.056088 -0.188841   0.43143  0 -0  0 0 0 0 0.409704 -1.36203  1.15769  -0.765118 -0.927563  0.195813 0 0 0 0 0 0 5.57011
-9.78592 -27.8954  4.82787 0.0786626 -0.232028  0.492023  0 -0  0 0 0 0 0.555728 -1.51817  1.43231  -0.609554 -0.613664  0.403534 0 0 0 0 0 0 5.64787
-10.2347  -28.668  4.83123  0.104097 -0.258711  0.574169  0 -0  0 0 0 0 0.677052 -1.47686  1.77398  -0.422541 -0.670522 0.0507411 0 0 0 0 0 0 5.7379
-11.8468  -29.315  5.23038  0.100421 -0.363779  0.659708  0 -0  0 0 0 0 0.350994 -1.60209  1.59524   -0.42249 -0.338101 0.0531109 0 0 0 0 0 0 5.87344
-12.2393 -28.8307  5.64031 0.097838 -0.34671 0.696205  0 -0  0 0 0 0 0.292654 -1.25084  1.60542  -0.320679 0.0662897  0.323782 0 0 0 0 0 0 5.91381
-11.6162 -28.6215   5.1266  0.103783 -0.348235  0.824002  0 -0  0 0 0 0   0.3428 -1.05466  2.24261   0.112965 0.0173686  -0.11508 0 0 0 0 0 0 6.04176
-9.77645 -27.4341   3.5601 0.0605194 -0.423265  0.871612  0 -0  0 0 0 0 -0.195757  -1.12362   1.61484   0.273611  0.335685 -0.298065 0 0 0 0 0 0 6.14059
-9.08294 -27.4393  3.35514 0.0742796  -0.38559  0.765943  0 -0  0 0 0 0 -0.154607 -0.619356  0.562165  0.377543 0.618484 -0.11011 0 0 0 0 0 0 6.25362
-8.04537 -26.7303  2.67774 0.0782453 -0.370968  0.793936  0 -0  0 0 0 0 -0.0745882  -0.315823   0.681957   0.500155  0.546629 -0.305186 0 0 0 0 0 0 6.28545
-7.17348 -26.2962   1.6965 0.0499894 -0.392622  0.842932  0 -0  0 0 0 0 -0.261367 -0.340029  0.715795   0.212085  0.262944 -0.266812 0 0 0 0 0 0 6.34601
-7.15049 -26.3363  1.81081 0.0576843 -0.387292  0.781412  0 -0  0 0 0 0  -0.19228 -0.217603 0.0761699      0.1501   0.295352 -0.0586267 0 0 0 0 0 0 6.40824
 -6.7282 -26.3236  1.58388 0.0648831 -0.380053  0.781011  0 -0  0 0 0 0 -0.0729315 -0.0901408  0.0620891   0.187283  0.112979 -0.125564 0 0 0 0 0 0 6.41845
 -5.6575 -25.7378 0.667461 0.0583129  -0.39076  0.781831  0 -0  0 0 0 0 -0.0923385   -0.13185  0.0426531   0.201737  0.178571 -0.208268 0 0 0 0 0 0 6.43104
-5.24915 -25.6392 0.724474 0.0621218 -0.394277  0.761312  0 -0  0 0 0 0 -0.0607004   -0.13297  -0.129721    0.284392   0.188072 -0.0496051 0 0 0 0 0 0 6.45221
    -4.7 -25.2909 0.380393 0.0663783 -0.388561  0.762844  0 -0  0 0 0 0  -0.002803 -0.0424196 -0.0851278   0.274514  0.216094 -0.160592 0 0 0 0 0 0 6.4595
-3.81433 -24.5617 -0.51002 0.0611897 -0.395301  0.766225  0 -0  0 0 0 0 -0.0381848 -0.0755705 -0.0284896   0.188273  0.230811 -0.218696 0 0 0 0 0 0 6.46865
 -3.79433   -24.081 -0.397302 0.0591383 -0.404032  0.763148  0 -0  0 0 0 0  -0.059635  -0.140272 -0.0736833    0.145306   0.433605 -0.0432561 0 0 0 0 0 0 6.47813
 -3.36537  -23.4944 -0.657993 0.0640913 -0.395618  0.764316  0 -0  0 0 0 0 0.00332271 -0.0248108 -0.0444952   0.191436  0.389425 -0.108959 0 0 0 0 0 0 6.48797
-2.62883 -23.1874 -1.16566 0.0590719 -0.400346  0.775149  0 -0  0 0 0 0  -0.035437 -0.0455616  0.0544204   0.168884  0.184264 -0.138974 0 0 0 0 0 0 6.50081
-2.51865 -22.9118 -1.13613 0.0594277  -0.40466   0.76842  0 -0  0 0 0 0  -0.035041 -0.0755835 -0.0191907    0.147299   0.289181 -0.0494028 0 0 0 0 0 0 6.50881
-2.07016 -22.6436  -1.3904 0.0657751 -0.395547   0.76783  0 -0  0 0 0 0  0.0306522  0.0289275 -0.0160951   0.191117  0.202115 -0.121146 0 0 0 0 0 0 6.51993
-1.12594 -22.3909 -2.04216 0.0630851 -0.399933   0.76929  0 -0  0 0 0 0  -0.00531135   -0.0125937 -5.45105e-05    0.21241  0.119457 -0.177525 0 0 0 0 0 0 6.52528
-1.04461 -22.1191 -1.96263 0.0597798 -0.407939  0.769312  0 -0  0 0 0 0 -0.0417793 -0.0805837  -0.016568    0.175618    0.23867 -0.0519214 0 0 0 0 0 0 6.53394
-0.766446  -21.8396  -2.10041   0.06424 -0.402182   0.76159  0 -0  0 0 0 0  0.00421042 -0.00687816  -0.0716574    0.134213    0.19261 -0.0693372 0 0 0 0 0 0 6.54456
-0.130474  -21.2971   -2.6168 0.0640288 -0.407098  0.760988  0 -0  0 0 0 0 0.00179368  -0.036375 -0.0461836   0.143288  0.181476 -0.137269 0 0 0 0 0 0 6.54951
-0.201507  -20.8734  -2.45398  0.061781 -0.413477  0.766454  0 -0  0 0 0 0 -0.0220495 -0.0861125 -0.0156139   0.0852662   0.342786 0.00354971 0 0 0 0 0 0 6.55821
-0.0791111   -20.2707   -2.59224 0.0657496 -0.405235  0.764255  0 -0  0 0 0 0  0.0153784 0.00854216 -0.0274252   0.0532459   0.341071 -0.0548757 0 0 0 0 0 0 6.56762
0.385449 -19.6418 -3.07514 0.0630632 -0.411061  0.769565  0 -0  0 0 0 0 -0.0116413 -0.0304239  0.0215735  0.0829471  0.246715  -0.13217 0 0 0 0 0 0 6.57594
0.283392 -19.2303 -2.97499  0.061558 -0.418231  0.769866  0 -0  0 0 0 0 -0.0294487 -0.0896838 0.00188295   0.0144428   0.379473 -0.0300677 0 0 0 0 0 0 6.58328
0.272994  -18.615 -3.11904 0.0673183 -0.412585  0.764925  0 -0  0 0 0 0  0.0268464 -0.0182989 -0.0324392  -0.0249675    0.35373  -0.066387 0 0 0 0 0 0 6.59274
0.491946 -18.0252 -3.49096  0.069586 -0.417393  0.768092  0 -0  0 0 0 0  0.0342472 -0.0419678  0.0051956  0.0124175  0.246068 -0.111602 0 0 0 0 0 0 6.59892
 0.49152 -17.6056  -3.4208  0.069315 -0.422643  0.767211  0 -0  0 0 0 0  0.0189565 -0.0820677 -0.0135713  -0.0065436   0.368322 -0.0254373 0 0 0 0 0 0 6.60425
0.496448 -16.9375 -3.65131 0.0756162 -0.416027   0.76546  0 -0  0 0 0 0   0.0652733 -0.00529281  -0.0214865  -0.0257604   0.359689 -0.0989921 0 0 0 0 0 0 6.61355
0.831674 -16.2988 -4.11826 0.0795177 -0.420325  0.766145  0 -0  0 0 0 0    0.068163  -0.0293026 -0.00663582  0.0361639  0.264324 -0.147142 0 0 0 0 0 0 6.6194
0.761955 -15.8328 -4.11471 0.0781843 -0.426328  0.766567  0 -0  0 0 0 0  0.0405063 -0.0786742 -0.0203473  -0.0307568    0.41759 -0.0820492 0 0 0 0 0 0 6.62556
0.750855 -15.0162 -4.39734 0.0808006 -0.418055  0.765217  0 -0  0 0 0 0  0.0479128  0.0126452 -0.0262535  -0.0398058   0.419702   -0.13089 0 0 0 0 0 0 6.63434
 1.07532  -14.223 -4.85042 0.0810202 -0.419084  0.766053  0 -0  0 0 0 0   0.0286147  0.00525974 -0.00834588  0.0348257  0.322327 -0.155671 0 0 0 0 0 0 6.63569
 1.14221 -13.6365 -4.83474 0.0820799 -0.421994  0.764796  0 -0  0 0 0 0  0.0258692 -0.0214729 -0.0271342  0.00652671   0.490368 -0.0833477 0 0 0 0 0 0 6.63903
 1.17899 -12.4084  -5.0602 0.0891632 -0.411027  0.766533  0 -0  0 0 0 0  0.0919801  0.0755028 -0.0111197  0.00979741   0.586494  -0.105895 0 0 0 0 0 0 6.6522
 1.34504   -10.63 -5.65426 0.0903468  -0.41573  0.763225  0 -0  0 0 0 0  0.0625475  0.0198998 -0.0349245  0.0175279  0.621639 -0.198351 0 0 0 0 0 0 6.65807
 1.30384 -9.50688 -5.75374 0.0944083 -0.419758  0.765313  0 -0  0 0 0 0  0.0852741 -0.0230142 -0.0340868  -0.101002  0.935879 -0.192901 0 0 0 0 0 0 6.66416
  1.5552 -7.71917 -5.91081  0.104521 -0.418978  0.747029  0 -0  0 0 0 0    0.147648 -0.00940449   -0.170314  0.0469302  0.904498 -0.121514 0 0 0 0 0 0 6.68507
  1.6719 -5.45112 -6.42981  0.111623 -0.427369  0.743313  0 -0  0 0 0 0   0.149429 -0.0613834  -0.146111  0.0277307  0.855458 -0.198249 0 0 0 0 0 0 6.69667
 1.08094 -4.36115 -6.70852  0.111925 -0.429704  0.757136  0 -0  0 0 0 0    0.13983 -0.0782651 -0.0461708  -0.253512   1.07503   -0.2849 0 0 0 0 0 0 6.71069
0.394335 -2.61924 -6.86903  0.127899 -0.418773  0.714221  0 -0  0 0 0 0  0.222317 0.0346388 -0.342775  -0.308942   0.88448 -0.141232 0 0 0 0 0 0 6.75777
 0.497045 -0.943337  -7.23511  0.128798 -0.425534  0.723215  0 -0  0 0 0 0   0.149398 -0.0175582   -0.16111  -0.0387912   0.694167  -0.135323 0 0 0 0 0 0 6.76906
-0.349403 -0.738222  -7.37833  0.119379 -0.430289   0.75456  0 -0  0 0 0 0  0.0576976 -0.0506708  0.0762166  -0.302264  0.638337 -0.140854 0 0 0 0 0 0 6.80213
-0.651297  0.117756  -7.27757  0.138482 -0.416963  0.725808  0 -0  0 0 0 0  0.198113 0.0754379 -0.157375    -0.171218    0.439901 -0.00105049 0 0 0 0 0 0 6.83914
-0.945845   1.29673  -7.62229  0.148394 -0.423245  0.720825  0 -0  0 0 0 0  0.201194 0.0115022 -0.143903  -0.130123  0.461978 -0.106678 0 0 0 0 0 0 6.85189
-1.85297   2.0151 -7.99301  0.140208 -0.425378  0.741162  0 -0  0 0 0 0    0.112638 -0.00175672   0.0299679  -0.457863  0.652044 -0.218014 0 0 0 0 0 0 6.87391
-2.66743  3.19517 -7.94155  0.153643 -0.410932  0.724333  0 -0  0 0 0 0   0.181824   0.125624 -0.0980318  -0.353465  0.514353 -0.020562 0 0 0 0 0 0 6.89984
-3.00172  4.35027 -8.27001  0.160029 -0.416706  0.733205  0 -0  0 0 0 0    0.16032  0.0498387 0.00311716   -0.173909    0.47433 -0.0928451 0 0 0 0 0 0 6.9122
-3.96216  4.95583 -8.64865  0.153787 -0.417113  0.749178  0 -0  0 0 0 0 0.0882366 0.0422704  0.125672  -0.505578  0.618027 -0.202317 0 0 0 0 0 0 6.92936
-5.03671  5.46616 -8.73729  0.168386 -0.403843  0.728077  0 -0  0 0 0 0  0.171405  0.144761 -0.060077  -0.405791  0.308186 -0.056226 0 0 0 0 0 0 6.95825
-5.42814  6.12692 -9.03357  0.175942 -0.406673  0.740826  0 -0  0 0 0 0  0.163801 0.0836116 0.0639551   -0.194988   0.285454 -0.0887999 0 0 0 0 0 0 6.97334
-6.34984  6.55296 -9.34756 0.175202 -0.41782 0.743977  0 -0  0 0 0 0  0.133608 -0.020681  0.066275  -0.508601  0.395375 -0.164718 0 0 0 0 0 0 6.98494
-7.14482  6.93773 -9.46915  0.182392 -0.404514  0.740881  0 -0  0 0 0 0  0.143429  0.106867 0.0369643   -0.307425   0.210255 -0.0454406 0 0 0 0 0 0 7.00038
-7.50903  7.45978  -9.6709  0.186356 -0.404736  0.750876  0 -0  0 0 0 0  0.122142 0.0738131  0.110832   -0.172885   0.230408 -0.0527838 0 0 0 0 0 0 7.01113
-8.44084  8.14969 -10.0905  0.185386 -0.416171  0.751954  0 -0  0 0 0 0 0.0929906 -0.035149 0.0977647   -0.49495  0.443817 -0.159487 0 0 0 0 0 0 7.02266
-9.4077 8.49887 -10.266  0.194566 -0.405546   0.74594  0 -0  0 0 0 0  0.133028 0.0771062 0.0317356  -0.351502  0.219158 -0.065634 0 0 0 0 0 0 7.03793
-9.92293  9.02949 -10.4945  0.197573 -0.402779    0.7529  0 -0  0 0 0 0  0.111568 0.0767188 0.0826398   -0.233858   0.239696 -0.0594104 0 0 0 0 0 0 7.04601
-11.0216  9.52543 -10.9005  0.191172 -0.409039  0.752517  0 -0  0 0 0 0  0.0418879 0.00422542   0.054843  -0.591061  0.387451 -0.162791 0 0 0 0 0 0 7.05497
-12.2278   9.7709 -11.1342  0.195456 -0.394361  0.749588  0 -0  0 0 0 0 0.0606492  0.138265 0.0191203   -0.438537    0.17815 -0.0799484 0 0 0 0 0 0 7.07054
-12.9081  10.1472 -11.4159  0.200096 -0.389932  0.759897  0 -0  0 0 0 0 0.0721221  0.134067   0.10236   -0.303039   0.186737 -0.0825078 0 0 0 0 0 0 7.08268
-14.1601  10.2927 -11.8052   0.1995 -0.39489 0.755722  0 -0  0 0 0 0  0.058113 0.0608287  0.025697  -0.686212  0.229158 -0.194061 0 0 0 0 0 0 7.08919
-15.6251   10.228 -11.9706  0.206951 -0.385716  0.757075  0 -0  0 0 0 0 0.0974427  0.125818 0.0260699   -0.547272  0.0531806 -0.0774472 0 0 0 0 0 0 7.10108
-16.5143   10.473 -12.1199  0.209354 -0.380014  0.762572  0 -0  0 0 0 0 0.0832313  0.132549 0.0671769   -0.405297   0.103479 -0.0360761 0 0 0 0 0 0 7.10936
-17.1501  10.5412 -12.3842  0.194452 -0.394473  0.753631  0 -0  0 0 0 0 -0.0547745 -0.0405198 -0.0206739  -0.479736  0.113573 -0.108632 0 0 0 0 0 0 7.13197
-18.1032  10.4717 -12.4649  0.203775 -0.386378  0.751507  0 -0  0 0 0 0   0.039715  0.0656695 -0.0447727   -0.392302  0.0153036 -0.0412314 0 0 0 0 0 0 7.14449
-19.2689  10.9277 -12.9643  0.202722 -0.391684  0.728286  0 -0  0 0 0 0    0.0227622 -0.000811251    -0.221958  -0.465298  0.214693 -0.133079 0 0 0 0 0 0 7.16834
-20.1994  11.2224 -13.2133  0.194525 -0.393187  0.731551  0 -0  0 0 0 0 -0.0527274 -0.0124061 -0.0970809   -0.376048   0.159039 -0.0745538 0 0 0 0 0 0 7.17729
-20.7331  11.5224 -13.2866  0.198203 -0.389505   0.73474  0 -0  0 0 0 0 -0.0144586  0.0352745 -0.0494125  -0.608214  0.260403 0.0383436 0 0 0 0 0 0 7.18339
-22.3803  12.2823 -13.7911  0.194466 -0.393068  0.715608  0 -0  0 0 0 0 -0.0408237 0.00394144  -0.202584   -0.661341   0.370616 -0.0545995 0 0 0 0 0 0 7.20321
-23.2944   12.745 -14.1337  0.192566 -0.390858  0.724699  0 -0  0 0 0 0 -0.0417523  0.0157832 -0.0388706   -0.380158   0.272768 -0.0625853 0 0 0 0 0 0 7.21276
-23.8003  13.2151 -14.3297  0.197005 -0.386732  0.730303  0 -0  0 0 0 0 0.00367292  0.0633246  0.0323815   -0.607589   0.477273 0.00809853 0 0 0 0 0 0 7.22101
-25.6645  14.0194 -14.8858 0.196805 -0.38345 0.726867  0 -0  0 0 0 0 0.000542842   0.0782498  -0.0177486   -0.757492   0.461595 -0.0538046 0 0 0 0 0 0 7.22577
-26.3303   14.056 -14.9656 0.207561 -0.37768 0.724567  0 -0  0 0 0 0 0.0899732  0.092936 -0.045096   -0.341838   0.199265 -0.0359505 0 0 0 0 0 0 7.23819
-26.7238  14.2345 -15.0379  0.212081 -0.374916  0.725541  0 -0  0 0 0 0   0.120928   0.113264 -0.0277058    -0.5156  0.222098 0.0189443 0 0 0 0 0 0 7.24357
-28.7241  14.3726 -15.3642  0.206222 -0.366831  0.724446  0 -0  0 0 0 0  0.0256826   0.154783 -0.0228886   -0.811939   0.169285 -0.0758061 0 0 0 0 0 0 7.25362
-29.3827  14.2008 -15.3989  0.216004 -0.362105  0.722001  0 -0  0 0 0 0  0.0941021   0.116861 -0.0507323   -0.308358  0.0810948 -0.0476651 0 0 0 0 0 0 7.26475
-29.7066   14.096 -15.3484   0.21551 -0.363105  0.717167  0 -0  0 0 0 0 0.0848217 0.0917783 -0.089773    -0.473908  -0.0442838 -0.00791925 0 0 0 0 0 0 7.26972
-31.2323  13.3895 -15.2293   0.21126 -0.352208   0.72309  0 -0  0 0 0 0   0.0127521    0.163285 -0.00579548   -0.664143  -0.234064 -0.0969179 0 0 0 0 0 0 7.28283
-31.4169  12.6046 -14.8425  0.210537 -0.351395  0.720632  0 -0  0 0 0 0 0.00618914  0.0868757 -0.0312941   -0.151411   -0.21659 -0.0345035 0 0 0 0 0 0 7.28552
-31.4012  12.3766 -14.6438  0.210546 -0.350179  0.719128  0 -0  0 0 0 0 0.00804944  0.0874246 -0.0504199  -0.0610362  -0.311233  0.0725934 0 0 0 0 0 0 7.28745
-32.8666  11.9668  -14.336  0.201792 -0.341755  0.717087  0 -0  0 0 0 0 -0.0857811   0.136692 -0.0309209  -0.561951 -0.222411 0.0342405 0 0 0 0 0 0 7.29977
-33.5173  11.9134 -14.3348  0.201078 -0.337697  0.719887  0 -0  0 0 0 0 -0.0571036   0.100224 0.00195833  -0.232127 -0.026027 -0.010012 0 0 0 0 0 0 7.30475
-33.6777  11.8773 -14.2618  0.208427 -0.335956  0.720504  0 -0  0 0 0 0  0.0144872   0.102206 0.00635894   -0.262022 -0.0652881  0.0670861 0 0 0 0 0 0 7.31233
-34.6999  11.7886 -14.1464  0.192461 -0.333058  0.719179  0 -0  0 0 0 0  -0.135317  0.0930092 0.00284853   -0.432061 -0.0580194  0.0283887 0 0 0 0 0 0 7.32861
-34.9011   11.417 -13.9152  0.191367 -0.331766  0.722522  0 -0  0 0 0 0 -0.0905826  0.0552113   0.031831    -0.130325   -0.087514 -0.00821478 0 0 0 0 0 0 7.33236
-34.9113  11.1771 -13.7741  0.203479 -0.330678  0.719744  0 -0  0 0 0 0    0.025176   0.0564067 -0.00662756  -0.0800538  -0.213794  0.0203322 0 0 0 0 0 0 7.34483
-35.8208  10.9426 -13.5832  0.189922 -0.327471  0.714873  0 -0  0 0 0 0  -0.110524  0.0720491 -0.0356514  -0.354053 -0.147069 0.0111366 0 0 0 0 0 0 7.35959
-36.1448  10.7011 -13.4696  0.190779 -0.324361  0.718622  0 -0  0 0 0 0 -0.0595507  0.0596004  0.0122387   -0.137627 -0.0779301 -0.0171236 0 0 0 0 0 0 7.36453
-36.1691  10.5341 -13.3794  0.199976 -0.322697  0.716146  0 -0  0 0 0 0  0.0274314  0.0675423 -0.0200995  -0.0773228  -0.150892 0.00423962 0 0 0 0 0 0 7.3742
-37.3319   10.196 -13.1531  0.184279 -0.315783  0.714105  0 -0  0 0 0 0  -0.132294   0.109968 -0.0188548    -0.445773   -0.173136 -0.00775108 0 0 0 0 0 0 7.39148
-37.6057  9.77008 -12.8879  0.18465 -0.31295 0.715978  0 -0  0 0 0 0 -0.0774025  0.0785893 0.00485217   -0.144184  -0.137126 -0.0155488 0 0 0 0 0 0 7.39489
-37.6338  9.30557 -12.6137  0.192339 -0.313822  0.710235  0 -0  0 0 0 0 -0.000195346    0.0580949   -0.0525473    -0.140383   -0.376371 0.000461385 0 0 0 0 0 0 7.40453
 -38.609  8.59723 -12.1111  0.176794 -0.307375  0.706078  0 -0  0 0 0 0   -0.14644   0.101785 -0.0654007   -0.404742  -0.387037 -0.0171197 0 0 0 0 0 0 7.42186
-38.8194    8.009 -11.7139  0.176005 -0.302635  0.710377  0 -0  0 0 0 0  -0.0965895   0.0884726 -0.00680454   -0.116573  -0.245835 -0.0224162 0 0 0 0 0 0 7.42831
-38.8067  7.43359 -11.3408  0.183869 -0.305244  0.704644  0 -0  0 0 0 0 -0.0136325  0.0480352 -0.0592574  -0.0978995  -0.515692 0.00989409 0 0 0 0 0 0 7.43839
-39.4137   6.5164 -10.4426 0.168887 -0.29703 0.701465  0 -0  0 0 0 0  -0.148613   0.106758 -0.0626049  -0.263291 -0.539971 0.0406628 0 0 0 0 0 0 7.45577
-39.5003  5.89847 -9.92603  0.166757 -0.292381  0.710395  0 -0  0 0 0 0 -0.112241 0.0896889 0.0298282    -0.062921   -0.328519 -0.00217925 0 0 0 0 0 0 7.46606
-39.4254  4.83754 -9.12098  0.172504 -0.300617  0.701181  0 -0  0 0 0 0  -0.0418794 -0.00259302  -0.0508689  -0.0918503  -0.914289   0.112868 0 0 0 0 0 0 7.47968
-39.7327  3.91865 -7.94171    0.1572 -0.306712  0.677025  0 -0  0 0 0 0   -0.125685 -0.00587941   -0.186365  -0.0944139  -0.403546  0.0874447 0 0 0 0 0 0 7.50892
-40.1724  4.14125  -7.9505  0.154471 -0.293163  0.698214  0 -0  0 0 0 0 -0.132896  0.116435 0.0408592  -0.295448  -0.18086 0.0968952 0 0 0 0 0 0 7.53422
-40.6531  3.46777 -7.17822  0.157732 -0.303443  0.704782  0 -0  0 0 0 0  -0.109103 -0.0391047   0.142516   -0.67061 -0.633819  0.217668 0 0 0 0 0 0 7.54685
-42.9827  2.90886   -6.445  0.105867 -0.322366  0.650354  0 -0  0 0 0 0  -0.410685 -0.0821121  -0.396841  -0.580242 -0.269551 0.0649748 0 0 0 0 0 0 7.62438
-41.3347  2.13215 -5.88786  0.138602 -0.310999  0.633875  0 -0  0 0 0 0 -0.0643796  0.0122315  -0.562064   0.714624 -0.254177  0.109974 0 0 0 0 0 0 7.66275
-39.3457  1.76673 -5.21898 0.164306 -0.29217 0.645985  0 -0  0 0 0 0   0.23655  0.189392 -0.344851    2.19262 -0.915486   0.30926 0 0 0 0 0 0 7.69684
-31.3557 0.216663 -2.59543  0.163015 -0.226202  0.592962  0 -0  0 0 0 0 0.0805064  0.678787 -0.592851    1.97155 -0.690348  0.294845 0 0 0 0 0 0 7.78148
 -29.6864 -0.310536  -2.56496  0.206097 -0.106193  0.578894  0 -0  0 0 0 0  0.414306   1.73118 -0.654604     1.94155  -0.684519 -0.0164654 0 0 0 0 0 0 7.90976
-28.7921 -1.41353 -2.26667 0.237408  -0.1065 0.503646  0 -0  0 0 0 0 0.666235  1.47673 -1.34161    1.40907 -0.823524 -0.128137 0 0 0 0 0 0 7.99127
-24.2792 -4.22817 -1.03915   0.290138 0.00992526   0.429332  0 -0  0 0 0 0 0.677158   1.5452  -1.1674     1.15673  -0.744297 -0.0456054 0 0 0 0 0 0 8.13911
-22.7698 -5.45084 -1.05857  0.326188 0.0924058  0.437728  0 -0  0 0 0 0  0.894573   2.07836 -0.941806   1.25883 -1.01372 -0.37228 0 0 0 0 0 0 8.22951
 -22.0187   -6.4494 -0.535544  0.335407 0.0966846  0.403394  0 -0  0 0 0 0  0.82314  1.82135 -1.14195     1.09685   -1.17407 -0.0364541 0 0 0 0 0 0 8.26532
 -19.741 -9.73235 0.316583 0.372759 0.229508 0.339036  0 -0  0 0 0 0 0.660879  1.87629 -0.97362    0.654518  -0.847366 -0.0782337 0 0 0 0 0 0 8.41757
-18.8361 -10.2819 0.222733 0.374167 0.195762  0.37607  0 -0  0 0 0 0  0.625594   1.26956 -0.508023   0.806612 -0.718742 -0.343094 0 0 0 0 0 0 8.46769
-18.1424 -9.22605 0.495506 0.361435 0.193217 0.347724  0 -0  0 0 0 0  0.423148   1.06644 -0.732855  0.999749 0.087436 0.165808 0 0 0 0 0 0 8.49887
-14.9409 -8.54265 0.501527 0.367123  0.28723 0.330608  0 -0  0 0 0 0  0.248938   1.24819 -0.453725   0.816946  0.160163 0.0608895 0 0 0 0 0 0 8.5946
 -14.425 -7.58869 0.117657 0.371424 0.257906   0.3367  0 -0  0 0 0 0  0.270373  0.802949 -0.351701     0.8988  0.679883 -0.182189 0 0 0 0 0 0 8.62486
-14.3852 -7.32732 0.449201 0.325758 0.223222 0.335332  0 -0  0 0 0 0 -0.234242  0.318122 -0.372592  0.137232 0.531984 0.180744 0 0 0 0 0 0 8.68222
-13.3916 -5.31959 0.682738 0.283084 0.244779 0.314283  0 -0  0 0 0 0 -0.454406  0.315362 -0.334828   0.23711 0.478391 0.176557 0 0 0 0 0 0 8.73445
-13.2888 -5.70986 0.365318 0.302607 0.220695 0.316708  0 -0  0 0 0 0 -0.187688 0.0243649 -0.213248  -0.0448261 -0.0612001  -0.229807 0 0 0 0 0 0 8.76555
-13.3186 -6.50642  1.37722  0.29265 0.202406 0.301637  0 -0  0 0 0 0 -0.297657 -0.185869 -0.325254  0.0628907 -0.686066  0.604739 0 0 0 0 0 0 8.79126
-13.0396 -8.95464  2.60645 0.200367 0.209401 0.295216  0 -0  0 0 0 0 -0.866309 0.0564002 -0.207832  0.0953067 -0.680846  0.203165 0 0 0 0 0 0 8.88403
-12.5231 -11.3337  2.37425 0.212873 0.203975 0.256622  0 -0  0 0 0 0  -0.642675 -0.0176747  -0.451791  0.0241512  -1.68626 -0.437046 0 0 0 0 0 0 8.92496
-12.9323 -12.3253  2.81293 0.175686 0.180309  0.21007  0 -0  0 0 0 0 -0.933641 -0.255515 -0.843096   -0.254292   -1.33872 -0.0419481 0 0 0 0 0 0 8.98907
-14.3638 -17.2347   3.8486 0.166651 0.146486 0.182103  0 -0  0 0 0 0 -0.496567 -0.414284 -0.610596   -0.303066   -1.33009 -0.0385092 0 0 0 0 0 0 9.03388
-15.0643 -18.1927   4.0264 0.183249 0.123235 0.147478  0 -0  0 0 0 0  -0.25876 -0.567769 -0.833173   -0.373131   -1.05654 -0.0576702 0 0 0 0 0 0 9.07876
-15.5108 -19.3766  4.39814  0.24148 0.117573 0.107069  0 -0  0 0 0 0  0.361193 -0.545416   -1.0598  -0.275761  -1.12912 0.0863242 0 0 0 0 0 0 9.14987
-18.3687  -22.637  5.70278  0.308434 0.0658205 0.0331239  0 -0  0 0 0 0  0.723493 -0.683038  -1.08279  -0.587857  -0.94716 0.0796327 0 0 0 0 0 0 9.26225
-18.2311 -24.0351  5.67221  0.332253 0.0338758 0.0729668  0 -0  0 0 0 0 0.857879 -0.90913 -0.52299  -0.381479   -1.2705 -0.311108 0 0 0 0 0 0 9.3186
-18.3957 -25.2421  5.84933  0.329605 0.0157881 0.0919794  0 -0  0 0 0 0  0.684236 -0.930212 -0.259878  -0.150305  -1.23689 -0.261049 0 0 0 0 0 0 9.34497
-19.7042 -28.4417  6.82821   0.384546 -0.0472669  0.0493769  0 -0  0 0 0 0   0.76008 -0.965764 -0.425168    -0.21973  -0.961487 -0.0860299 0 0 0 0 0 0 9.43883
-19.5204 -29.5175  7.62257   0.396435 -0.0289409   0.033178  0 -0  0 0 0 0  0.741679 -0.621214 -0.514007  0.110867 -1.11893 0.240547 0 0 0 0 0 0 9.46603
-19.6865 -30.0561   8.5904   0.443245 -0.0647481  0.0116235  0 -0  0 0 0 0   1.09873 -0.917882 -0.562966   0.307746 -0.866304  0.507923 0 0 0 0 0 0 9.52878
-20.3903 -30.8884  10.2886   0.457028  -0.111843 -0.0580306  0 -0  0 0 0 0  0.633159 -0.786849 -0.855963  0.0803663 -0.451665  0.325966 0 0 0 0 0 0 9.61398
-19.7294 -32.3093  9.47367   0.511389 -0.0935161  -0.114392  0 -0  0 0 0 0  0.988019 -0.508923  -1.12248  0.0984707 -0.776221 -0.561401 0 0 0 0 0 0 9.6944
-19.4244 -32.7815  8.29597  0.514693 -0.103544 -0.151284  0 -0  0 0 0 0  0.783088 -0.477393  -1.28126   -0.24971 -0.345266 -0.956647 0 0 0 0 0 0 9.73278
-18.8758 -33.6188  5.33079  0.535079 -0.157475 -0.261731  0 -0  0 0 0 0   0.51963 -0.682746  -1.49794   -0.300556 -0.0588105   -0.77115 0 0 0 0 0 0 9.85737
-18.4125 -33.9413  5.38114  0.514058 -0.195559 -0.331029  0 -0  0 0 0 0 0.174898 -0.88636 -1.91122  0.0635357 -0.104394 -0.323388 0 0 0 0 0 0 9.93919
-18.2475 -34.3403  6.20949   0.49526 -0.190883 -0.337594  0 -0  0 0 0 0 0.0307939 -0.725006  -1.63146   0.442723 -0.452269  0.361017 0 0 0 0 0 0 9.95964
-17.6578 -34.5426  7.99663  0.525533 -0.231269 -0.421703  0 -0  0 0 0 0  0.265272 -0.682648  -1.46852   0.446149 -0.242499    0.3754 0 0 0 0 0 0 10.0577
-16.9505 -34.5745  8.81891  0.506726 -0.169388 -0.415997  0 -0  0 0 0 0   0.0873513 -0.00748064    -1.23566  0.721465 -0.38041 0.611107 0 0 0 0 0 0 10.1227
-16.1386 -34.5092  9.28187  0.527129 -0.168067 -0.375708  0 -0  0 0 0 0   0.328646 -0.0435641  -0.611055   0.877038 -0.242716  0.394257 0 0 0 0 0 0 10.1678
 -14.053 -34.2217  10.0822   0.55801 -0.160921 -0.419278  0 -0  0 0 0 0  0.399318 0.0620093 -0.631081    0.753383 -0.0180142   0.234369 0 0 0 0 0 0 10.2217
-12.8223 -34.1455  8.81078  0.592301  -0.16369 -0.383813  0 -0  0 0 0 0    0.69744 -0.0283741   -0.19386   0.613754  0.120374 -0.578842 0 0 0 0 0 0 10.2711
   -11.1 -34.1111  7.27873  0.578843 -0.163684 -0.344031  0 -0  0 0 0 0   0.430406 -0.0264552    0.17744  0.677468 0.132443 -1.00271 0 0 0 0 0 0 10.3131
-7.00138 -33.9179  3.36567   0.57923 -0.176208 -0.337435  0 -0  0 0 0 0  0.228624 -0.127273  0.139464   0.578075  0.185067 -0.942664 0 0 0 0 0 0 10.3273
-5.78353 -34.0892  1.94274  0.588854 -0.213213  -0.35105  0 -0  0 0 0 0  0.265166 -0.462766 0.0221467   0.509138 0.0990529  -1.10791 0 0 0 0 0 0 10.3679
-4.18173 -33.6731 0.948021  0.540207  -0.22635 -0.343574  0 -0  0 0 0 0 -0.260673 -0.495015 0.0773249   0.830036  0.291102 -0.698244 0 0 0 0 0 0 10.4188
 -1.01838  -32.6472 -0.523664  0.486488 -0.283042  -0.33921  0 -0  0 0 0 0   -0.5713 -0.744691 0.0551011    0.71728  0.309834 -0.421923 0 0 0 0 0 0 10.497
-1.08057 -32.3097 0.474492   0.46668 -0.248323 -0.352861  0 -0  0 0 0 0 -0.697916 -0.271416  -0.10771  0.614818 0.322386 0.377154 0 0 0 0 0 0 10.5393
-0.806963  -31.7175   1.77708  0.442066 -0.267319 -0.347166  0 -0  0 0 0 0   -0.737937   -0.438551 -0.00994668  0.750104 0.416636 0.842876 0 0 0 0 0 0 10.5709
0.152704 -30.5953  5.01289  0.433107 -0.285907 -0.321206  0 -0  0 0 0 0 -0.45499 -0.38377  0.20119  0.771208 0.344765 0.828839 0 0 0 0 0 0 10.604
0.393117 -30.2987  5.36158  0.435791 -0.259485 -0.297847  0 -0  0 0 0 0  -0.348882 -0.0921918   0.369226  0.666965 0.293728 0.568976 0 0 0 0 0 0 10.6394
0.805086  -30.313  5.55417   0.45712 -0.273486 -0.289828  0 -0  0 0 0 0 -0.0911112  -0.219408   0.388271    0.39003 0.0837973  0.173782 0 0 0 0 0 0 10.6662
 2.37973 -30.1548    5.348  0.481783 -0.278625 -0.258993  0 -0  0 0 0 0 0.136676 -0.15486 0.460547     0.431297   0.0549682 -0.00718888 0 0 0 0 0 0 10.706
 3.71301 -30.7954  4.35457  0.501979 -0.262844 -0.302685  0 -0  0 0 0 0   0.274682 -0.0148152  0.0701034   0.574149 -0.333095  -0.45381 0 0 0 0 0 0 10.7566
 4.76242 -30.5903  3.17808  0.510015 -0.250459  -0.29415  0 -0  0 0 0 0 0.278345 0.110536 0.115453    0.359507 -0.0989897  -0.638551 0 0 0 0 0 0 10.7737
 6.91724 -30.1803 0.817198  0.525833  -0.24651 -0.302725  0 -0  0 0 0 0  0.274135 0.0928212 0.0122167   0.314287 0.0257921 -0.648155 0 0 0 0 0 0 10.7921
   8.1248  -30.1611 -0.616505  0.543526 -0.246453 -0.320387  0 -0  0 0 0 0  0.383971 0.0733367 -0.119888     0.35718 -0.0375432  -0.975271 0 0 0 0 0 0 10.8171
 8.54841 -29.4508 -1.51755   0.52349 -0.267907 -0.325384  0 -0  0 0 0 0  0.139061 -0.130325 -0.135346  0.0459934  0.205825 -0.622267 0 0 0 0 0 0 10.8469
 9.31118 -28.9833 -2.32969  0.471261 -0.275973 -0.338178  0 -0  0 0 0 0  -0.31758 -0.163779 -0.210979   0.107728  0.130904 -0.327526 0 0 0 0 0 0 10.9013
 10.0437 -28.6263 -1.80808  0.501902 -0.274051 -0.363966  0 -0  0 0 0 0 -0.0617383  -0.127505  -0.357883   0.368412  0.244966 0.0345674 0 0 0 0 0 0 10.9414
  9.80148  -27.6925 -0.299049  0.479106 -0.311494  -0.36084  0 -0  0 0 0 0 -0.180393 -0.383791  -0.25059  0.323339 0.521247 0.538445 0 0 0 0 0 0 10.9853
 9.92708 -26.9576  1.77375  0.478698 -0.326121 -0.345605  0 -0  0 0 0 0 -0.0995811  -0.342037 -0.0505033  0.356745 0.382009 0.562478 0 0 0 0 0 0 11.0064
 10.3347 -26.5005   2.9673  0.492265 -0.335058  -0.35098  0 -0  0 0 0 0 0.00743239   -0.37243 -0.0673121  0.549482 0.464813 0.774647 0 0 0 0 0 0 11.0235
 10.4892 -25.8027  4.61939  0.495374 -0.318495 -0.353053  0 -0  0 0 0 0  0.0315885  -0.145975 -0.0611193  0.501853 0.501883 0.762829 0 0 0 0 0 0 11.0405
 10.8732 -24.8032  5.88745  0.525441  -0.37115 -0.345191  0 -0  0 0 0 0  0.236918 -0.434618 0.0115879  0.368052 0.429416 0.406605 0 0 0 0 0 0 11.1017
 11.0949 -24.6859  5.30991  0.490291 -0.354592 -0.360572  0 -0  0 0 0 0 -0.0376725  -0.264358  -0.116742    0.249903   0.282663 -0.0630178 0 0 0 0 0 0 11.1434
 12.1636 -24.4916  3.70733  0.508687 -0.310953 -0.377069  0 -0  0 0 0 0 0.0652957  0.139039 -0.201957   0.195757 0.0436888 -0.593125 0 0 0 0 0 0 11.1936
 13.0849 -24.2835  1.84895  0.513426 -0.304502 -0.373001  0 -0  0 0 0 0 0.0833581  0.143665 -0.109274   0.0968542 -0.0369221  -0.600694 0 0 0 0 0 0 11.2026
 13.2787 -24.1303  1.49541  0.526964 -0.309524 -0.363968  0 -0  0 0 0 0   0.178104  0.0862568 -0.0298183   0.0880425 0.00801607  -0.522619 0 0 0 0 0 0 11.2196
  13.8067  -23.8883 -0.314964 0.545704 -0.26643 -0.37312  0 -0  0 0 0 0   0.273921   0.371609 -0.0768002  -0.0368318 -0.0345589  -0.724263 0 0 0 0 0 0 11.2675
 14.4261 -23.9669 -1.98721  0.513922 -0.244578 -0.369892  0 -0  0 0 0 0 -0.0385205   0.387969 -0.0486287  -0.0150729  -0.135508  -0.558003 0 0 0 0 0 0 11.3062
 14.9329  -23.705 -2.22721  0.530071   -0.2471 -0.371231  0 -0  0 0 0 0  0.0759841   0.322056 -0.0402798    0.113117 -0.0383634  -0.462761 0 0 0 0 0 0 11.3226
  14.9592  -23.4791 -0.949334  0.535312 -0.292342 -0.369028  0 -0  0 0 0 0   0.106301 -0.0491132 -0.0268983  0.206578 0.155205 0.191183 0 0 0 0 0 0 11.3682
  15.1897  -23.3085 -0.368624   0.53644 -0.298367 -0.366136  0 -0  0 0 0 0   0.0777687  -0.0701361 -0.00206388  0.176864 0.118108 0.171646 0 0 0 0 0 0 11.375
 15.3945 -23.1608  -0.1271  0.541356 -0.300448 -0.366664  0 -0  0 0 0 0     0.104209   -0.0788507 -0.000545063  0.220412 0.146621 0.182746 0 0 0 0 0 0 11.3803
 15.4696 -23.0304 0.319866  0.549986 -0.295065 -0.372443  0 -0  0 0 0 0   0.141441 -0.0207592 -0.0385087  0.157266 0.133283   0.1809 0 0 0 0 0 0 11.392
 15.4877 -22.7187  0.87256  0.562181 -0.297964 -0.375081  0 -0  0 0 0 0   0.179792   -0.03288 -0.0424216  0.0989199  0.154155  0.152934 0 0 0 0 0 0 11.4048
 15.5352 -22.5236 0.980273  0.563484 -0.297448 -0.371892  0 -0  0 0 0 0   0.170112  -0.023878 -0.0121807  0.095606 0.188566 0.115667 0 0 0 0 0 0 11.4083
 16.0612 -22.4913 0.193041 0.564995 -0.26452 -0.39001  0 -0  0 0 0 0  0.129878  0.183609 -0.119882   0.094947 0.0288952 -0.164534 0 0 0 0 0 0 11.4459
  16.2641  -22.0714 -0.284866  0.565827 -0.261172 -0.402962  0 -0  0 0 0 0 0.0891651  0.144108 -0.166537  0.0252762 0.0905146 -0.186467 0 0 0 0 0 0 11.4593
 16.3906  -21.729 -0.40137  0.568982  -0.26122 -0.399223  0 -0  0 0 0 0  0.103174  0.129714 -0.118287  0.0295015  0.181313 -0.207655 0 0 0 0 0 0 11.4642
  16.6918   -21.087 -0.662416  0.567253 -0.259711 -0.407686  0 -0  0 0 0 0 0.0624537   0.10536 -0.158756  0.0714673  0.236038 -0.203902 0 0 0 0 0 0 11.473
 16.7268 -20.2295 -1.09001  0.570905 -0.257655 -0.417163  0 -0  0 0 0 0 0.0652584 0.0851365 -0.171577  -0.0159785   0.257106  -0.226473 0 0 0 0 0 0 11.4834
 16.6739 -19.7742 -1.14929  0.570304 -0.256507  -0.40918  0 -0  0 0 0 0  0.0532064  0.0870197 -0.0941429  -0.0458928   0.345113  -0.230543 0 0 0 0 0 0 11.4914
 15.6276 -18.5277 -1.31017  0.570524 -0.259962 -0.403708  0 -0  0 0 0 0  0.0476796  0.0466915 -0.0590821   -0.31432  0.487235 -0.236348 0 0 0 0 0 0 11.4979
 15.1105 -17.8629 -1.53186  0.562144 -0.260967 -0.371955  0 -0  0 0 0 0 -0.0220215  0.0328918    0.15795  -0.205348  0.264198  -0.16121 0 0 0 0 0 0 11.5308
 14.9199 -17.6309  -1.6244  0.557797 -0.259076 -0.367028  0 -0  0 0 0 0 -0.0517266  0.0447737   0.176882  -0.217448  0.261758 -0.165077 0 0 0 0 0 0 11.5376
 14.2255  -17.536 -2.26111  0.561568 -0.247729 -0.376705  0 -0  0 0 0 0 -0.0145332   0.100769  0.0777596  -0.334211 0.0880275 -0.236259 0 0 0 0 0 0 11.553
 13.7743 -17.5352  -2.7969  0.552235 -0.243967 -0.353038  0 -0  0 0 0 0 -0.0731894  0.0987054    0.20567   -0.232205 -0.0211018  -0.191903 0 0 0 0 0 0 11.5787
 13.9512 -17.2455 -2.87077  0.559883 -0.243098 -0.359607  0 -0  0 0 0 0 -0.0119663  0.0902178   0.147213  -0.144914 0.0609246 -0.182999 0 0 0 0 0 0 11.5888
 13.3076 -16.7541 -3.54532  0.559195 -0.227643 -0.353095  0 -0  0 0 0 0 -0.00460502    0.171449    0.144011  -0.290002  0.131433 -0.281944 0 0 0 0 0 0 11.6056
 12.3779 -15.8336 -4.27292  0.555376 -0.227441 -0.366413  0 -0  0 0 0 0 -0.0366489   0.109403  0.0092992  -0.404022  0.246977 -0.316623 0 0 0 0 0 0 11.6195
 11.7294  -15.014 -4.51748  0.554292 -0.232535  -0.33891  0 -0  0 0 0 0 -0.0377914  0.0675548   0.199493  -0.580249  0.502124 -0.383429 0 0 0 0 0 0 11.6475
 9.52692 -13.9154 -4.97468  0.570375 -0.238293 -0.355217  0 -0  0 0 0 0 0.0855535 0.0102616 0.0401403  -0.912282  0.492796 -0.327676 0 0 0 0 0 0 11.6711
 7.77117 -13.1939 -5.40476  0.553415 -0.235535 -0.316846  0 -0  0 0 0 0 -0.0624453  0.0264275   0.282959  -0.715313  0.276586 -0.211356 0 0 0 0 0 0 11.7131
 7.44434 -13.1379  -5.8901  0.557228 -0.251623 -0.327149  0 -0  0 0 0 0 -0.0248944  -0.101519   0.169163  -0.639655  0.170704 -0.336957 0 0 0 0 0 0 11.7326
 5.61847 -13.2126 -6.48863  0.576562 -0.260913 -0.336888  0 -0  0 0 0 0  0.126305 -0.138852  0.073575  -0.869776 0.0225092 -0.291837 0 0 0 0 0 0 11.7562
 3.55408 -13.1021 -7.12996  0.576047  -0.26578 -0.329403  0 -0  0 0 0 0 0.0773471 -0.130345  0.101417    -0.8055 0.0183008  -0.23254 0 0 0 0 0 0 11.7651
 3.34553 -12.2337 -7.43283  0.578127 -0.277281 -0.322145  0 -0  0 0 0 0 0.0804402 -0.202567  0.151711  -0.669114  0.287384 -0.278722 0 0 0 0 0 0 11.7789
 1.45957 -11.3922 -7.80599  0.592438 -0.274258 -0.325433  0 -0  0 0 0 0 0.181334 -0.11136  0.10985   -1.00614  0.373483 -0.215265 0 0 0 0 0 0 11.7939
-0.905737  -10.6801  -8.23741  0.585828 -0.276388 -0.301254  0 -0  0 0 0 0  0.0631291 -0.0927159   0.239131  -0.886966  0.265182 -0.160657 0 0 0 0 0 0 11.819
-1.04132 -9.84966 -8.51344   0.61646 -0.283595 -0.330305  0 -0  0 0 0 0   0.308304  -0.129692 -0.0163929  -0.596355  0.411408   -0.1923 0 0 0 0 0 0 11.8618
-1.79069 -9.69681 -8.81099  0.629653 -0.275505 -0.334886  0 -0  0 0 0 0   0.351127  -0.014434 -0.0640554  -0.513365  0.202479 -0.189397 0 0 0 0 0 0 11.878
-3.07327 -9.10274 -9.27009  0.636479  -0.27609 -0.344911  0 -0  0 0 0 0   0.270147 -0.0191888  -0.114216  -0.496407  0.215408 -0.159938 0 0 0 0 0 0 11.8901
-3.75104 -7.97721 -9.59941  0.638462 -0.272402 -0.309934  0 -0  0 0 0 0   0.21993 0.0108623  0.173198  -0.481374  0.463466 -0.156226 0 0 0 0 0 0 11.9253
-5.08903 -7.23603 -9.71808  0.636889 -0.270993 -0.317965  0 -0  0 0 0 0  0.174371 0.0283708 0.0986204    -1.03193   0.511219 -0.0668895 0 0 0 0 0 0 11.9337
-8.03632 -6.22683 -10.0404  0.632798 -0.266984 -0.306621  0 -0  0 0 0 0 0.0780897    0.0493  0.145105     -1.0939   0.417852 -0.0774403 0 0 0 0 0 0 11.9464
-9.30778 -5.01011 -10.2411   0.64412 -0.264261 -0.309056  0 -0  0 0 0 0  0.153926 0.0573955 0.0687708   -0.791991   0.570019 -0.0243503 0 0 0 0 0 0 11.9583
-9.62078 -5.60266 -9.96589  0.669213 -0.261582 -0.345095  0 -0  0 0 0 0  0.354002  0.106907 -0.257196  -0.306275 -0.142258   0.16279 0 0 0 0 0 0 12.0023
-10.4586 -6.55822 -9.35537  0.659621 -0.247094 -0.321344  0 -0  0 0 0 0    0.141808    0.178358 0.000930376  -0.302245 -0.338776  0.160274 0 0 0 0 0 0 12.0317
-10.5542 -7.66203 -9.35703   0.75978 -0.245682 -0.252086  0 -0  0 0 0 0 0.900033  0.12005 0.522694    -0.16321  -0.460292 -0.0124039 0 0 0 0 0 0 12.1535
-10.5622  -8.2831 -9.89337  0.753437 -0.235322 -0.256564  0 -0  0 0 0 0 0.701741 0.227838 0.403583  -0.0890444  -0.492538  -0.630097 0 0 0 0 0 0 12.1664
-11.1395 -9.21033 -10.9351  0.773853 -0.216518 -0.278095  0 -0  0 0 0 0 0.602621  0.32533 0.105302  -0.233284 -0.330139 -0.492651 0 0 0 0 0 0 12.2015
-12.4811 -8.25982 -11.5796  0.716592 -0.207086 -0.281222  0 -0  0 0 0 0 -0.0543044    0.29943  0.0451695  -0.450815  0.214007 -0.255629 0 0 0 0 0 0 12.2597
-13.5033 -7.69497  -11.378  0.686805 -0.216313 -0.274033  0 -0  0 0 0 0 -0.29132 0.129358  0.12397  -1.01469 0.375629 0.260863 0 0 0 0 0 0 12.2917
-15.8472   -6.739 -11.0719  0.659256 -0.212356 -0.268998  0 -0  0 0 0 0 -0.405927  0.113835  0.113608  -0.909981  0.330793  0.212006 0 0 0 0 0 0 12.3199
-17.1063 -5.46517 -11.0487  0.662327 -0.215788 -0.290525  0 -0  0 0 0 0  -0.243816  0.0430675 -0.0962569  -0.579035  0.543887  0.196432 0 0 0 0 0 0 12.342
-17.2692  -5.8373 -10.9673  0.679141 -0.215288 -0.314749  0 -0  0 0 0 0 -0.0707055   0.050282  -0.299677   -0.312588 0.00632328  0.0500599 0 0 0 0 0 0 12.3714
-18.1454 -6.51122 -10.9312  0.663105 -0.212741 -0.293458  0 -0  0 0 0 0  -0.165262  0.0311877 -0.0362565   -0.300114  -0.165049 -0.0402698 0 0 0 0 0 0 12.3982
-18.7413 -6.11651 -11.3304  0.673547 -0.213211 -0.310743  0 -0  0 0 0 0 -0.0265503  0.0151378  -0.177685  -0.258517  0.152539 -0.119529 0 0 0 0 0 0 12.4184
 -18.448 -7.05429 -11.5932  0.695776 -0.202617 -0.324571  0 -0  0 0 0 0   0.15429  0.139712 -0.288981   0.063807 -0.283203  -0.44159 0 0 0 0 0 0 12.4467
-18.3743 -8.87482 -12.1134  0.691535 -0.161388 -0.332367  0 -0  0 0 0 0 0.0375793  0.390367 -0.224763  0.00945791  -0.390461  -0.299058 0 0 0 0 0 0 12.4888
-18.4273 -9.21928 -11.9788  0.676485 -0.172479 -0.329289  0 -0  0 0 0 0 -0.0854913    0.21061  -0.156211  0.00144361  -0.383802 -0.0525544 0 0 0 0 0 0 12.5078
-18.5423 -9.85748 -11.1615  0.656255 -0.186609 -0.340814  0 -0  0 0 0 0  -0.225094 -0.0198974  -0.215261  0.0178196 -0.731346   0.41959 0 0 0 0 0 0 12.535
-19.5311 -11.4161 -9.16178  0.645635 -0.192418 -0.369731  0 -0  0 0 0 0  -0.184374 -0.0339601  -0.293235  -0.127376 -0.550758  0.352569 0 0 0 0 0 0 12.5664
-20.3553 -10.9709  -9.2952    0.6621 -0.198565 -0.345848  0 -0  0 0 0 0  -0.010625  -0.107957 -0.0507844  -0.458814 -0.160849 0.0658208 0 0 0 0 0 0 12.596
-20.8575 -10.4296 -9.78157  0.655174 -0.179365 -0.312832  0 -0  0 0 0 0 -0.0798356   0.113887   0.225543   -0.67097   0.35467 -0.248344 0 0 0 0 0 0 12.6348
-22.1301 -9.84729 -10.9524  0.641186 -0.157721 -0.294239  0 -0  0 0 0 0 -0.135865  0.228474  0.229248   -0.41086  0.236738 -0.224351 0 0 0 0 0 0 12.6666
-22.4556 -9.34362 -10.8182  0.632011 -0.166781 -0.294248  0 -0  0 0 0 0 -0.180278  0.115301  0.196019  -0.261913  0.387231  0.203119 0 0 0 0 0 0 12.6795
 -22.643 -9.42533 -10.3312  0.631646 -0.167309 -0.289598  0 -0  0 0 0 0 -0.159417 0.0673918  0.219096  -0.221787 0.0355243  0.449447 0 0 0 0 0 0 12.6842
-23.9496 -9.03211 -9.09531  0.625955 -0.155407  -0.24954  0 -0  0 0 0 0 -0.104284   0.12887  0.386286  -0.269436 -0.010522  0.335528 0 0 0 0 0 0 12.7264
-23.9867 -9.15274 -9.17584  0.646477 -0.151186 -0.251774  0 -0  0 0 0 0 0.0846659  0.140691  0.319989  -0.163687 0.0301535 0.0234427 0 0 0 0 0 0 12.7474
-24.0658 -10.3596  -9.1949  0.670721  -0.14966 -0.288044  0 -0  0 0 0 0   0.283678   0.178802 -0.0374362  -0.208652 -0.489868 -0.285506 0 0 0 0 0 0 12.7911
-23.9165  -12.426 -9.24609   0.68982 -0.136132 -0.330158  0 -0  0 0 0 0  0.274375  0.200917 -0.319708  0.00424363  -0.478246  -0.235047 0 0 0 0 0 0 12.8393
 -23.802 -12.7414 -9.20884  0.681577 -0.144492 -0.332907  0 -0  0 0 0 0  0.172191 0.0935274 -0.304185   0.133835 -0.385174 -0.170175 0 0 0 0 0 0 12.8513
-23.5612 -13.1102  -9.0718  0.675219 -0.139782 -0.339695  0 -0  0 0 0 0 0.0917042  0.139669 -0.327332    0.284943  -0.465974 -0.0910399 0 0 0 0 0 0 12.8618
-23.6112 -14.4038 -8.79336  0.687248 -0.126855 -0.361758  0 -0  0 0 0 0 0.127051 0.168497 -0.30865  0.0443483 -0.322155 -0.064575 0 0 0 0 0 0 12.89
-24.2411 -14.0693 -8.79747  0.669427 -0.135615 -0.340156  0 -0  0 0 0 0 -0.0358263  0.0588014 -0.0863987   -0.306827  -0.185292 -0.0175529 0 0 0 0 0 0 12.9194
-24.8281 -13.8904  -8.3498  0.642825 -0.141804 -0.330197  0 -0  0 0 0 0  -0.265901 -0.0300355  0.0186939  -0.505736 -0.137226  0.329338 0 0 0 0 0 0 12.9484
-26.2448 -13.8531  -7.0748   0.62495 -0.141901 -0.335408  0 -0  0 0 0 0  -0.250115 0.00136971 -0.0213823  -0.304397 -0.137875  0.278797 0 0 0 0 0 0 12.9671
-26.4059 -13.6941 -6.99469  0.631047 -0.145303 -0.332212  0 -0  0 0 0 0  -0.160761 -0.0415053 0.00685921  -0.154792  0.041275  0.200435 0 0 0 0 0 0 12.9747
-26.3332 -13.7964 -6.99091  0.633697 -0.137973 -0.317221  0 -0  0 0 0 0 -0.119344 0.0329137  0.130075  -0.0315918 -0.0286364  0.0583092 0 0 0 0 0 0 12.9916
-26.5857  -14.042 -6.78614  0.624468  -0.13622 -0.296013  0 -0  0 0 0 0 -0.120137 0.0241117  0.211985  -0.0478151 -0.0669084  0.0234782 0 0 0 0 0 0 13.0148
-26.6247 -14.2076 -6.77982  0.630402 -0.140209 -0.300393  0 -0  0 0 0 0 -0.0533134 -0.0165739    0.15747  -0.0646829  -0.105204 -0.0356155 0 0 0 0 0 0 13.0232
-26.4385 -14.8406 -7.00485  0.643684   -0.1334 -0.310858  0 -0  0 0 0 0 0.0589547  0.073797 0.0432316   0.026892 -0.247957 -0.322686 0 0 0 0 0 0 13.0414
-25.8193 -16.0338 -7.63296  0.652485 -0.122368 -0.324486  0 -0  0 0 0 0  0.0889432   0.128909 -0.0703604  0.0995364 -0.208477 -0.272419 0 0 0 0 0 0 13.0611
-25.6821 -16.1976 -7.73369  0.654568 -0.121019 -0.318168  0 -0  0 0 0 0   0.100314   0.120227 -0.0108137   0.133489 -0.175415 -0.219723 0 0 0 0 0 0 13.0678
-25.4456 -16.4268 -7.55831  0.638213 -0.123422 -0.318104  0 -0  0 0 0 0  -0.0564576   0.0820102 -0.00695875    0.278826  -0.283284 -0.0657293 0 0 0 0 0 0 13.0844
-24.6989 -17.6304 -6.84205  0.635701 -0.109913 -0.314697  0 -0  0 0 0 0 -0.0484238   0.132696   0.013644    0.24407 -0.331301 0.0135799 0 0 0 0 0 0 13.0985
-24.5204 -18.0165 -6.52886   0.63001 -0.119298 -0.313925  0 -0  0 0 0 0 -0.086498 0.0337749 0.0271991    0.24661  -0.44005 0.0910345 0 0 0 0 0 0 13.1095
-24.3048 -19.0368 -5.38683  0.616756 -0.137326 -0.318372  0 -0  0 0 0 0 -0.186408 -0.181541 0.0106127  0.495495 -1.03305 0.528808 0 0 0 0 0 0 13.1323
-23.2818 -21.0325 -1.82739  0.604014 -0.154063 -0.354763  0 -0  0 0 0 0 -0.193144 -0.192715 -0.231995   0.565831 -0.848344  0.560571 0 0 0 0 0 0 13.1744
-23.2335 -21.0269 -1.03704   0.59409 -0.130281 -0.353027  0 -0  0 0 0 0  -0.25136 0.0546421 -0.214528   0.562975 -0.606517  0.699024 0 0 0 0 0 0 13.2002
 -22.6029  -21.3394 -0.612865  0.609667  -0.11845 -0.342042  0 -0  0 0 0 0 -0.0721818   0.171223 -0.0816072   0.827295 -0.556182  0.389018 0 0 0 0 0 0 13.2226
-20.8973 -22.3076  1.09285  0.590582 -0.108461 -0.371144  0 -0  0 0 0 0 -0.186904  0.187981 -0.239906   0.652289 -0.404759  0.306818 0 0 0 0 0 0 13.2588
-20.9735 -22.2208  1.26081  0.580894 -0.108745 -0.361721  0 -0  0 0 0 0 -0.256782  0.154675 -0.119451   0.386071 -0.267352   0.17042 0 0 0 0 0 0 13.2724
-20.4648 -22.2485  1.06986   0.595293 -0.0980835  -0.333496  0 -0  0 0 0 0 -0.0511489   0.209321   0.151756    0.413166  -0.117405 -0.0753005 0 0 0 0 0 0 13.3058
-18.9647 -22.7832 0.942348   0.587783 -0.0855232  -0.323553  0 -0  0 0 0 0 -0.0840776   0.202099   0.151904    0.399011  -0.123874 -0.0790067 0 0 0 0 0 0 13.3235
 -18.912 -23.2629  1.11997  0.595314 -0.103123 -0.351156  0 -0  0 0 0 0  -0.018443  0.0231573 -0.0709261    0.299214  -0.302722 -0.0485412 0 0 0 0 0 0 13.3571
-18.3632 -23.7807  1.25235  0.597625 -0.103021  -0.34641  0 -0  0 0 0 0 0.00893524  0.0166343   -0.01285    0.539414  -0.423697 -0.0389268 0 0 0 0 0 0 13.3624
-16.6019  -24.851  1.52166  0.602039 -0.104782 -0.362727  0 -0  0 0 0 0  0.0341346 0.00132153  -0.115698     0.52618  -0.325037 -0.0278747 0 0 0 0 0 0 13.3794
-16.6813 -24.7085   1.9444  0.573923 -0.111302 -0.345406  0 -0  0 0 0 0 -0.206701 -0.054928 0.0335154   0.371872 -0.188002  0.187229 0 0 0 0 0 0 13.413
-16.4207 -24.4432  2.29892  0.566894 -0.110969 -0.334053  0 -0  0 0 0 0  -0.224028 -0.0541104   0.127019    0.375385 -0.0139666   0.318969 0 0 0 0 0 0 13.4264
-15.7643 -24.0308  3.45009  0.556811 -0.113404 -0.333299  0 -0  0 0 0 0  -0.198139 -0.0416383  0.0797551   0.333692 0.0234687  0.319438 0 0 0 0 0 0 13.4368
 -15.262 -24.3842  3.67176  0.570045 -0.122071 -0.337187  0 -0  0 0 0 0 -0.0596355  -0.112923   0.055797   0.398262 -0.174095  0.192611 0 0 0 0 0 0 13.4531
-14.7095 -24.5476  3.58803  0.576862 -0.121059 -0.321341  0 -0  0 0 0 0  0.0173903 -0.0843375   0.174406    0.438858  -0.145759 -0.0603079 0 0 0 0 0 0 13.4703
-13.0401 -24.8338  3.43262  0.578701 -0.127838 -0.322403  0 -0  0 0 0 0   0.019616 -0.0931298  0.0966403    0.461452 -0.0864234 -0.0608638 0 0 0 0 0 0 13.4774
-12.1127 -25.1522  3.69361  0.567491 -0.131862 -0.328081  0 -0  0 0 0 0 -0.0833904  -0.105938   0.038341   0.625978 -0.208133 0.0472718 0 0 0 0 0 0 13.4906
-11.0424 -25.6166  3.47294  0.573586 -0.133831  -0.32319  0 -0  0 0 0 0 -0.0143573 -0.0948755  0.0722885   0.817286 -0.304261 -0.221741 0 0 0 0 0 0 13.4987
-8.05577 -26.0875  2.69076  0.578185 -0.144912 -0.340574  0 -0  0 0 0 0  0.0224561  -0.134198 -0.0741026   0.784379 -0.142688 -0.228408 0 0 0 0 0 0 13.5198
-7.59532 -25.6034  2.42984  0.564797 -0.141461 -0.331069  0 -0  0 0 0 0  -0.0849164   -0.079815 -0.00974357   0.611977  0.195041 -0.190717 0 0 0 0 0 0 13.5366
-6.64334 -25.2861  2.14641  0.561422  -0.14439 -0.322295  0 -0  0 0 0 0 -0.0950496  -0.101553  0.0726509   0.667736  0.249517 -0.173661 0 0 0 0 0 0 13.5464
-3.96052 -24.6388  1.44843  0.556331 -0.149638 -0.310966  0 -0  0 0 0 0 -0.0906821 -0.0977118   0.123723    0.69773  0.216803 -0.168823 0 0 0 0 0 0 13.5599
-3.93452 -23.6241  1.91191  0.495665 -0.126504 -0.270001  0 -0  0 0 0 0 -0.569447  0.148398  0.397476  0.541241 0.495099 0.152058 0 0 0 0 0 0 13.6367
-3.32289  -23.418  2.24659  0.490094 -0.125729 -0.264057  0 -0  0 0 0 0 -0.499129   0.11303  0.375232  0.565261 0.272355  0.24149 0 0 0 0 0 0 13.6449
 -1.3951 -23.0383  2.87116  0.454677 -0.115304  -0.22755  0 -0  0 0 0 0 -0.540472  0.145606  0.473356  0.625279 0.142231 0.191083 0 0 0 0 0 0 13.6968
-1.14487 -23.4238  2.72574  0.459869 -0.146935 -0.217967  0 -0  0 0 0 0 -0.406247 -0.174699   0.50425    0.503424  -0.120983 0.00157835 0 0 0 0 0 0 13.7303
 -0.6101 -24.2262  2.56671 0.476288 -0.15156 -0.24046  0 -0  0 0 0 0 -0.198351 -0.181543  0.248064   0.358919 -0.389958 -0.126792 0 0 0 0 0 0 13.7585
0.779029 -25.1523  2.24672  0.474182 -0.159622 -0.238942  0 -0  0 0 0 0 -0.135596 -0.162897   0.16702    0.377132  -0.305482 -0.0963018 0 0 0 0 0 0 13.767
 1.65058 -25.6203  2.16334  0.490172 -0.174061  -0.27116  0 -0  0 0 0 0 -0.0010444  -0.261098 -0.0802408   0.493483 -0.340334 -0.095202 0 0 0 0 0 0 13.8057
 2.43728 -25.8492  1.97069  0.492079 -0.183952 -0.268953  0 -0  0 0 0 0   0.021565  -0.297368 -0.0516227   0.515371 -0.238126 -0.108044 0 0 0 0 0 0 13.816
 3.79773 -25.4019  1.45107  0.513943 -0.209851 -0.308247  0 -0  0 0 0 0  0.160057 -0.367722 -0.271469   0.402767 0.0433615 -0.151127 0 0 0 0 0 0 13.8679
 4.90293 -25.1968  1.52405  0.525742 -0.218276 -0.339033  0 -0  0 0 0 0  0.213962 -0.383137 -0.451966    0.599213   0.122293 -0.0582206 0 0 0 0 0 0 13.902
 6.01252 -24.6237  1.55205  0.525393 -0.230902   -0.3321  0 -0  0 0 0 0  0.181397 -0.400878  -0.31918    0.712548    0.26603 -0.0159117 0 0 0 0 0 0 13.9164
 7.74232 -23.9194  1.59643  0.539091 -0.254001 -0.343235  0 -0  0 0 0 0  0.216323 -0.416477 -0.287211    0.618226    0.23897 -0.0149957 0 0 0 0 0 0 13.9454
 8.04261 -23.7106  1.74958   0.53496  -0.25153 -0.340503  0 -0  0 0 0 0  0.159969 -0.338472 -0.241084   0.553064  0.245217 0.0499015 0 0 0 0 0 0 13.951
8.90423 -23.274 1.87575  0.541651 -0.258956 -0.351155  0 -0  0 0 0 0  0.171883 -0.315533 -0.263822   0.525474  0.252605 0.0353016 0 0 0 0 0 0 13.9656
 10.0055 -22.8121  2.14226  0.551996 -0.276016 -0.355705  0 -0  0 0 0 0  0.188834 -0.323868 -0.209971   0.449092  0.192135 0.0523882 0 0 0 0 0 0 13.986
   10.32 -22.5671   2.2234  0.552299 -0.278334 -0.345411  0 -0  0 0 0 0  0.172747 -0.297964  -0.11346   0.436139  0.211741 0.0452083 0 0 0 0 0 0 13.9966
 10.9703 -21.9784  2.19812  0.558669 -0.279269 -0.346934  0 -0  0 0 0 0  0.178123 -0.233278 -0.100266    0.367082   0.257931 -0.0295381 0 0 0 0 0 0 14.0032
 11.7482 -21.2753  2.26121    0.5673 -0.292436 -0.350443  0 -0  0 0 0 0   0.179717  -0.244551 -0.0944819    0.309659   0.247575 -0.0282651 0 0 0 0 0 0 14.0193
 12.0289 -21.0807  2.20854  0.568792 -0.295193 -0.351421  0 -0  0 0 0 0    0.17136   -0.23662 -0.0911288    0.308846   0.232033 -0.0530488 0 0 0 0 0 0 14.0226
 12.7708 -20.3382  2.05523  0.560388 -0.285313 -0.344573  0 -0  0 0 0 0  0.0675913   -0.10612 -0.0264895   0.335466  0.289893 -0.100976 0 0 0 0 0 0 14.0373
 13.5689 -19.5542  1.95678  0.566874 -0.289376 -0.344189  0 -0  0 0 0 0  0.0922526 -0.0983935 -0.0180241   0.294642  0.273126 -0.099511 0 0 0 0 0 0 14.045
  13.884 -19.2825  1.91635  0.570669 -0.291469 -0.345999  0 -0  0 0 0 0   0.109568  -0.103632 -0.0268167   0.306897  0.278431 -0.106456 0 0 0 0 0 0 14.0497
  14.097 -18.5697  1.85035  0.564388 -0.289747 -0.347506  0 -0  0 0 0 0  0.0332631 -0.0640004  -0.038737   0.186445  0.311126 -0.104775 0 0 0 0 0 0 14.0563
 14.8068 -18.0734  1.74669  0.565712 -0.290568 -0.332966  0 -0  0 0 0 0  0.0357572 -0.0440665  0.0603902    0.240634   0.204213 -0.0856904 0 0 0 0 0 0 14.071
 14.9839 -17.9085  1.75917  0.569741 -0.291019 -0.329044  0 -0  0 0 0 0  0.0613672 -0.0419127  0.0812219    0.239079   0.201563 -0.0713955 0 0 0 0 0 0 14.0766
 15.0539 -17.6494  2.14002  0.573596 -0.296482 -0.333709  0 -0  0 0 0 0  0.0656649 -0.0605227  0.0289199   0.149873  0.185589 0.0570879 0 0 0 0 0 0 14.0848
 15.4754 -17.3967  2.40135  0.578153 -0.296364 -0.327637  0 -0  0 0 0 0  0.0767173 -0.0384803  0.0588399   0.175385  0.134231 0.0597238 0 0 0 0 0 0 14.0924
 15.6124 -17.2813    2.489  0.580914  -0.29708 -0.326337  0 -0  0 0 0 0  0.0886127 -0.0397263  0.0628562   0.180812  0.141534 0.0594996 0 0 0 0 0 0 14.0955
 15.8694 -16.8864  2.67115  0.575793 -0.291115 -0.329183  0 -0  0 0 0 0 0.0267086 0.0084139 0.0239739   0.152843  0.177968 0.0427195 0 0 0 0 0 0 14.1038
 16.0427 -16.2576   2.8847  0.580121 -0.288399 -0.334641  0 -0  0 0 0 0  0.0469579  0.0224934 -0.0139667  0.104261 0.227673 0.017609 0 0 0 0 0 0 14.1113
 16.2153 -15.9794  2.90395  0.584479 -0.285737 -0.338854  0 -0  0 0 0 0  0.0729325  0.0374239 -0.0347276    0.120818   0.255318 -0.0131487 0 0 0 0 0 0 14.1179
16.1839 -15.146 2.80415  0.571656 -0.277739 -0.340167  0 -0  0 0 0 0 -0.0347916  0.0759103  -0.049817   0.0391662   0.316735 -0.0928446 0 0 0 0 0 0 14.1331
 16.3592 -14.3991  2.77902  0.570948 -0.272666 -0.340716  0 -0  0 0 0 0 -0.0277425  0.0879765 -0.0400524   0.0560594   0.281007 -0.0911521 0 0 0 0 0 0 14.1383
 16.3541 -14.1458  2.85218  0.576297 -0.270197 -0.338811  0 -0  0 0 0 0  0.0137551  0.0973307 -0.0231512    0.045181   0.297095 -0.0684334 0 0 0 0 0 0 14.1445
16.2444 -13.437 2.63552  0.573684 -0.262748 -0.341977  0 -0  0 0 0 0 -0.00595552    0.115181  -0.0422474  -0.0193314   0.287723  -0.135489 0 0 0 0 0 0 14.153
 16.4841 -12.9242  2.48652  0.573793 -0.257889 -0.331156  0 -0  0 0 0 0 -9.65056e-05       0.1186    0.0301947  0.0633712  0.199656 -0.116306 0 0 0 0 0 0 14.1648
 16.5809 -12.7356  2.47524  0.576904 -0.256213  -0.33378  0 -0  0 0 0 0 0.0212803  0.117417 0.0125077  0.0720228  0.205412 -0.107677 0 0 0 0 0 0 14.1692
16.4577 -12.332  2.1726  0.584141 -0.253774 -0.340932  0 -0  0 0 0 0  0.0669097  0.0955814 -0.0416914  -0.0170573   0.171891  -0.151176 0 0 0 0 0 0 14.1797
 16.5716 -11.9157  1.89469  0.585018 -0.253942 -0.340982  0 -0  0 0 0 0  0.0512526  0.0654417 -0.0360923  0.0142616  0.133265 -0.146051 0 0 0 0 0 0 14.1806
 16.6387 -11.8029  1.78681  0.590107 -0.255654 -0.342276  0 -0  0 0 0 0  0.0827747  0.0471188 -0.0415029  0.0249239   0.12381  -0.15516 0 0 0 0 0 0 14.1861
 16.2321 -11.1314  1.74005  0.586962 -0.263963 -0.329194  0 -0  0 0 0 0  0.0369918 -0.0100778  0.0281725  -0.0821863   0.219675  -0.119141 0 0 0 0 0 0 14.2019
 16.0605 -10.3883  1.51893  0.589267 -0.270571 -0.334436  0 -0  0 0 0 0  0.0383959 -0.0542176 -0.0135951  -0.0895114   0.244235  -0.152606 0 0 0 0 0 0 14.2107
 16.0294 -9.91395  1.45085  0.591316 -0.269027 -0.338924  0 -0  0 0 0 0  0.0483224 -0.0410631 -0.0371669  -0.105545  0.327481 -0.186279 0 0 0 0 0 0 14.2158
 15.1865 -8.60605  1.35803  0.586599 -0.275312 -0.321867  0 -0  0 0 0 0 0.00504279 -0.0606997  0.0543932  -0.243233  0.452333 -0.184379 0 0 0 0 0 0 14.2346
 14.5887 -7.41741  1.20577  0.587471 -0.274685 -0.318274  0 -0  0 0 0 0  0.0103978 -0.0372972  0.0633994  -0.24623 0.447853 -0.18347 0 0 0 0 0 0 14.2384
  14.389 -6.62081  1.20029  0.593031 -0.275125 -0.322748  0 -0  0 0 0 0 0.0478426 -0.040032 0.0371827  -0.280742   0.58976 -0.212377 0 0 0 0 0 0 14.2455
 13.3084 -5.26439 0.978218  0.597517 -0.276393  -0.33327  0 -0  0 0 0 0  0.0636075  -0.038619 -0.0432385  -0.378472  0.546344 -0.214839 0 0 0 0 0 0 14.257
 12.7368   -4.072 0.856301  0.598906 -0.275638 -0.320865  0 -0  0 0 0 0  0.0544779 -0.0164317  0.0469162  -0.265556  0.486306 -0.169496 0 0 0 0 0 0 14.2695
 12.5862 -3.69723 0.847314  0.602525 -0.273956 -0.322242  0 -0  0 0 0 0   0.0764757 -0.00326329   0.0352782   -0.25725  0.490853 -0.160495 0 0 0 0 0 0 14.2737
 11.4867 -3.36831 0.439239  0.611774 -0.274744 -0.353869  0 -0  0 0 0 0   0.113623 -0.0204947  -0.175503  -0.360656   0.26157  -0.17628 0 0 0 0 0 0 14.3067
 10.9817 -2.85528 0.234267  0.613069 -0.271479 -0.343453  0 -0  0 0 0 0  0.0892665  0.0142249 -0.0586938  -0.241408  0.212699 -0.136182 0 0 0 0 0 0 14.3177
 10.8224  -2.9321 0.163898  0.613137 -0.272063 -0.334601  0 -0  0 0 0 0  0.0800241   0.012147 0.00350033  -0.219516  0.141439 -0.118798 0 0 0 0 0 0 14.3266
  9.41902  -3.10706 -0.325355  0.625083 -0.270464 -0.353825  0 -0  0 0 0 0  0.138493 0.0168372 -0.119362  -0.442426 0.0062216 -0.172191 0 0 0 0 0 0 14.3493
  8.59578  -3.06747 -0.689284  0.629598 -0.270466 -0.349893  0 -0  0 0 0 0   0.127826  0.0143111 -0.0593799    -0.377619 -0.00299888   -0.158938 0 0 0 0 0 0 14.3553
  7.84939  -3.01782 -0.806521   0.62722 -0.264023 -0.328997  0 -0  0 0 0 0 0.0966238 0.0683585  0.096171  -0.539085 0.0385375 -0.168002 0 0 0 0 0 0 14.3772
 5.96809 -2.48896 -1.18296  0.627059 -0.266495 -0.324094  0 -0  0 0 0 0 0.0613693 0.0267927  0.103689  -0.688075  0.124805 -0.165843 0 0 0 0 0 0 14.3827
  4.6567  -2.1981 -1.45047  0.626168 -0.263398 -0.308892  0 -0  0 0 0 0 0.0332848 0.0438446  0.182863  -0.595802  0.119984 -0.132728 0 0 0 0 0 0 14.3983
 4.58571 -1.64719 -1.36485  0.627197 -0.249001  -0.32505  0 -0  0 0 0 0 0.0455802  0.146196 0.0660756  -0.471446  0.249731  -0.08642 0 0 0 0 0 0 14.4199
 3.04825 -1.35454 -1.76371   0.63573  -0.24157 -0.345544  0 -0  0 0 0 0  0.0939519   0.146867 -0.0914472  -0.560322  0.156151 -0.149089 0 0 0 0 0 0 14.4434
 1.98799 -1.15233 -1.96142  0.633958 -0.237411 -0.334139  0 -0  0 0 0 0 0.0484049  0.131236 0.0114303   -0.474545   0.105192 -0.0952329 0 0 0 0 0 0 14.4556
 1.36103 -1.33622   -2.147  0.626303 -0.230153 -0.325444  0 -0  0 0 0 0 -0.0133316   0.173162  0.0668965  -0.549996 0.0325969 -0.134734 0 0 0 0 0 0 14.4693
-0.358075  -1.90675  -2.67711  0.637915 -0.222089 -0.343965  0 -0  0 0 0 0  0.0738739   0.177902 -0.0760159  -0.654972 -0.144224 -0.204514 0 0 0 0 0 0 14.4926
-1.99182 -2.37154 -3.20467  0.640078 -0.220438 -0.339998  0 -0  0 0 0 0 0.0627224  0.129113 -0.026553  -0.687055 -0.171586 -0.220523 0 0 0 0 0 0 14.4974
-2.91875  -2.4246 -3.14575  0.619124 -0.204275 -0.338195  0 -0  0 0 0 0  -0.0987968    0.236217 -0.00321025  -0.771339 -0.126157 -0.136572 0 0 0 0 0 0 14.5239
-5.12959 -2.51339 -3.48975   0.61516 -0.195427 -0.348508  0 -0  0 0 0 0 -0.0974148   0.231054 -0.0669261   -0.934431 -0.0630463  -0.144953 0 0 0 0 0 0 14.5381
-7.30079 -2.46494 -3.84706  0.618764 -0.184849 -0.362456  0 -0  0 0 0 0 -0.036403  0.241917  -0.14349   -0.900102 0.00267489  -0.141736 0 0 0 0 0 0 14.556
-8.88464 -2.14826 -3.98857  0.627537 -0.157949 -0.381433  0 -0  0 0 0 0 0.0446112  0.382215 -0.237883   -0.756612   0.084015 -0.0750986 0 0 0 0 0 0 14.59
-9.77241  -1.8284 -4.07357  0.619489 -0.152408 -0.375453  0 -0  0 0 0 0 -0.021737  0.370652  -0.15886   -0.995521   0.225134 -0.0473104 0 0 0 0 0 0 14.6015
-11.9682 -1.33396 -4.33266  0.616196 -0.137969 -0.374396  0 -0  0 0 0 0 -0.0398022   0.350017  -0.102243  -0.917134  0.217486 -0.061401 0 0 0 0 0 0 14.6163
 -13.7834 -0.523714  -4.72451  0.700606 -0.148329  -0.48608  0 -0  0 0 0 0  0.623749  0.163789 -0.891103   -0.760493   0.318605 -0.0515553 0 0 0 0 0 0 14.7567
 -13.9952 -0.985737  -4.60692  0.704811 -0.145639 -0.491971  0 -0  0 0 0 0  0.583635  0.167136 -0.848066   -0.341363   -0.17324 0.00789156 0 0 0 0 0 0 14.7644
-14.5645 -1.95758 -4.57972  0.712727 -0.136265 -0.493418  0 -0  0 0 0 0  0.444354  0.168046 -0.581843   -0.265927   -0.32638 -0.0697324 0 0 0 0 0 0 14.7768
 -14.768 -3.53035 -4.40233  0.722635 -0.152878 -0.491373  0 -0  0 0 0 0   0.373211 -0.0652565  -0.361898  -0.158261 -0.529198 -0.100945 0 0 0 0 0 0 14.7962
-14.8585 -4.04744 -4.34404  0.716134 -0.151015    -0.488  0 -0  0 0 0 0   0.277183 -0.0362127  -0.295351  -0.130722 -0.572841  -0.10587 0 0 0 0 0 0 14.8038
-15.3015 -5.68701 -4.00421  0.719776 -0.149437 -0.486447  0 -0  0 0 0 0   0.210657 -0.0185263  -0.193992   -0.163654  -0.646109 -0.0553491 0 0 0 0 0 0 14.8081
-15.8338 -6.32724  -3.6847  0.685036 -0.144413 -0.430139  0 -0  0 0 0 0  -0.118666 0.00696249   0.257965  -0.189041 -0.427925 0.0185923 0 0 0 0 0 0 14.8744
-16.2142 -6.05306 -3.74775  0.659533 -0.141421 -0.406591  0 -0  0 0 0 0 -0.309667 0.0316315  0.414838   -0.380549 -0.0854864 -0.0364181 0 0 0 0 0 0 14.9092
 -17.401 -6.33792 -3.64754  0.642508  -0.13976 -0.387241  0 -0  0 0 0 0 -0.336898  0.031483  0.420456    -0.445963   -0.110335 -0.00442412 0 0 0 0 0 0 14.9351
-18.1464 -6.66988 -3.59049  0.635235  -0.13373 -0.363791  0 -0  0 0 0 0 -0.285314 0.0668575   0.45753   -0.351223  -0.116989 -0.0134541 0 0 0 0 0 0 14.9604
-18.6447 -6.50077 -3.78684   0.62737  -0.12787 -0.345344  0 -0  0 0 0 0 -0.319751   0.10772  0.541109  -0.567109  0.022924 -0.164548 0 0 0 0 0 0 14.9812
-20.6776  -6.5455 -4.06934  0.609646 -0.122628 -0.317555  0 -0  0 0 0 0 -0.311934 0.0943833  0.510963   -0.590327  0.0137223 -0.0943527 0 0 0 0 0 0 15.0146
-21.6003 -6.18152 -4.04215   0.60105   -0.1168 -0.343539  0 -0  0 0 0 0 -0.32329 0.154289 0.230004  -0.537572  0.154661 0.0794109 0 0 0 0 0 0 15.0426
-22.0628 -6.51884 -3.90764  0.604513  -0.11583 -0.345531  0 -0  0 0 0 0  -0.2598 0.142372 0.196397   -0.604039 -0.0539372  0.0707138 0 0 0 0 0 0 15.0467
-24.2534 -6.70866 -3.56106  0.586539 -0.107949 -0.329394  0 -0  0 0 0 0 -0.255081  0.124222  0.212464   -0.543442 -0.0742043  0.0606167 0 0 0 0 0 0 15.0721
-24.8212  -6.4253 -3.80291   0.618337 -0.0870676  -0.390115  0 -0  0 0 0 0 0.0163521  0.322364 -0.252823  -0.443867  0.175609  0.019597 0 0 0 0 0 0 15.1438
-25.1094 -6.96444 -3.75201    0.61838 -0.0808625  -0.396977  0 -0  0 0 0 0 0.00823244   0.348208  -0.277656  -0.437468 -0.156768 -0.106209 0 0 0 0 0 0 15.153
-26.3006 -7.89765 -3.65125   0.613618 -0.0613635  -0.409932  0 -0  0 0 0 0 -0.0330939   0.294417  -0.227396   -0.311003  -0.214869 -0.0842859 0 0 0 0 0 0 15.1769
-26.1953 -8.22535 -3.27086   0.620563 -0.0791836  -0.440341  0 -0  0 0 0 0 0.0376154 0.0984807 -0.429297  -0.0485359  -0.216645   0.142982 0 0 0 0 0 0 15.2128
-26.3072 -8.87458 -2.72393   0.618593 -0.0864856  -0.466653  0 -0  0 0 0 0 0.00976326   0.014159  -0.585646  -0.0687249  -0.569996   0.277801 0 0 0 0 0 0 15.2402
 -26.724 -10.8413 -1.25563    0.60563 -0.0897988   -0.49058  0 -0  0 0 0 0  -0.082655 -0.0168576  -0.459029  -0.0496836  -0.580989   0.125445 0 0 0 0 0 0 15.2676
-26.4621 -11.0933 -1.29002   0.611473 -0.0989931  -0.464813  0 -0  0 0 0 0 -0.013219 -0.132566 -0.209578    0.117155  -0.403925 -0.0720279 0 0 0 0 0 0 15.2956
-26.2917 -11.4962 -1.55737   0.623896 -0.0888804  -0.461926  0 -0  0 0 0 0    0.106735 -0.00480365   -0.169714   0.128167 -0.319909 -0.362161 0 0 0 0 0 0 15.3119
 -25.961 -13.4017 -2.21336   0.631367 -0.0911871  -0.456059  0 -0  0 0 0 0   0.107304 -0.0358903 -0.0498851  0.0559442 -0.340408 -0.345287 0 0 0 0 0 0 15.3217
-25.9742 -14.0628  -1.8974   0.617071 -0.0897932  -0.444261  0 -0  0 0 0 0 -0.0270811 -0.0126827  0.0410336  -0.0453082  -0.610039  -0.152024 0 0 0 0 0 0 15.3402
-26.0086 -14.5557  -1.6086   0.605036 -0.0929987  -0.436556  0 -0  0 0 0 0  -0.127837 -0.0503304  0.0955006   0.0165096  -0.675049 -0.0212555 0 0 0 0 0 0 15.3549
 -25.7813  -16.5083 -0.431579  0.604398 -0.100208 -0.443302  0 -0  0 0 0 0 -0.0722547 -0.0713331     0.0263   0.118243 -0.576279 0.0293388 0 0 0 0 0 0 15.3648
 -25.7846   -16.552 -0.361268   0.595866 -0.0988184  -0.409236  0 -0  0 0 0 0  -0.117809 -0.0695369   0.264499    0.11597 -0.415449 0.0197235 0 0 0 0 0 0 15.3999
 -25.7103  -16.5003 -0.399622    0.59179 -0.0929571  -0.385413  0 -0  0 0 0 0  -0.131145 -0.0111595   0.413263   0.0988576  -0.210818 -0.0419406 0 0 0 0 0 0 15.4248
 -25.5049  -17.3122 -0.124044   0.581536 -0.0945835  -0.358997  0 -0  0 0 0 0   -0.14111 -0.0186648   0.394777    0.075979  -0.210092 -0.0300517 0 0 0 0 0 0 15.4532
  -25.5419   -17.5981 -0.0210595  0.582127 -0.087466 -0.350883  0 -0  0 0 0 0 -0.119255 0.0470738  0.411991   0.0207548  -0.290871 -0.0207091 0 0 0 0 0 0 15.464
 -25.5754  -17.8973 0.0680689   0.583191 -0.0870295  -0.351204  0 -0  0 0 0 0 -0.0976742  0.0492393   0.362284  0.00041362  -0.309821 -0.0412907 0 0 0 0 0 0 15.4652
-25.3628 -18.9392 0.490112   0.573203 -0.0826678  -0.335666  0 -0  0 0 0 0 -0.126246  0.061346  0.299935  0.0745135 -0.290503 -0.027259 0 0 0 0 0 0 15.4842
 -25.234 -19.2256 0.614631  0.571533 -0.079035  -0.33126  0 -0  0 0 0 0 -0.124158 0.0852601  0.295668      0.1118  -0.303281 -0.0147763 0 0 0 0 0 0 15.4901
-25.1293 -19.3161 0.644284   0.575792 -0.0758152  -0.327682  0 -0  0 0 0 0 -0.0690631   0.105558   0.290193    0.148052  -0.213928 -0.0241656 0 0 0 0 0 0 15.4965
-24.6193  -19.568 0.918728   0.577299 -0.0747789  -0.328907  0 -0  0 0 0 0 -0.0334375  0.0647406   0.165112   0.155081 -0.107199 0.0231555 0 0 0 0 0 0 15.4987
-24.7332 -19.4935 0.883029   0.578419 -0.0833003  -0.334491  0 -0  0 0 0 0 -0.0218577 -0.0168041   0.110369    0.0838771  -0.0254159 -0.00036432 0 0 0 0 0 0 15.509
-24.6977 -19.1443 0.680185   0.576369 -0.0762711  -0.320445  0 -0  0 0 0 0 -0.0286043   0.053057   0.197817  -0.00768013    0.199085  -0.0604602 0 0 0 0 0 0 15.5248
 -24.503 -18.5821  0.27619   0.573776 -0.0764643  -0.306736  0 -0  0 0 0 0 -0.0338142  0.0171111   0.197693   0.0124822   0.174955 -0.0341487 0 0 0 0 0 0 15.5388
-24.4575 -18.5546 0.637545   0.563677 -0.0750755  -0.312651  0 -0  0 0 0 0 -0.113997 0.0424898  0.120787  0.0515264 0.0542893  0.204938 0 0 0 0 0 0 15.5506
-24.3429  -18.826 0.999337   0.561234 -0.0769417  -0.310657  0 -0  0 0 0 0 -0.12169 0.010476  0.12504   0.174555 -0.175045  0.254777 0 0 0 0 0 0 15.5542
-23.9364 -19.1105  2.16988   0.546355 -0.0750996  -0.302464  0 -0  0 0 0 0 -0.171879 0.0216227  0.120021  0.199251 -0.18557 0.235304 0 0 0 0 0 0 15.5713
-23.4574 -19.4675   2.4183   0.544202 -0.0761798   -0.29143  0 -0  0 0 0 0   -0.160512 -0.00068516    0.185907   0.299191 -0.275738  0.154593 0 0 0 0 0 0 15.5826
-23.2297  -19.744  2.62113   0.546664 -0.0752294  -0.277967  0 -0  0 0 0 0   -0.106767 -0.00313933    0.270422   0.292813 -0.309483  0.101903 0 0 0 0 0 0 15.5963
-22.1793 -20.7125  3.27195  0.528444 -0.075656 -0.265721  0 -0  0 0 0 0 -0.194124 0.0022085  0.227914   0.331614 -0.306618 0.0559589 0 0 0 0 0 0 15.6183
-21.6422  -21.038  3.20661   0.535799 -0.0783908  -0.268807  0 -0  0 0 0 0  -0.103205 -0.0248817   0.177005   0.418729 -0.255417 -0.075265 0 0 0 0 0 0 15.6267
-21.0565 -21.6874  3.01375   0.526635 -0.0749797  -0.252334  0 -0  0 0 0 0 -0.166828 0.0104395  0.275185   0.452954 -0.391879 -0.327417 0 0 0 0 0 0 15.6459
-19.0497 -23.3555  2.37614   0.522107 -0.0731508  -0.236925  0 -0  0 0 0 0 -0.120688 0.0211821  0.264597   0.481484 -0.381766 -0.313813 0 0 0 0 0 0 15.662
-18.4841   -23.64  2.49667   0.517554 -0.0750808  -0.266718  0 -0  0 0 0 0   -0.158986   0.0215836 -0.00603502   0.554739 -0.276975 -0.135535 0 0 0 0 0 0 15.6922
-17.8087 -24.1615  2.70171   0.512256 -0.0724235  -0.254227  0 -0  0 0 0 0 -0.166507 0.0304057  0.092013    0.668441  -0.429853 0.00452184 0 0 0 0 0 0 15.7061
-15.4243 -25.4414  3.13077   0.508339 -0.0725458  -0.256401  0 -0  0 0 0 0 -0.122256 0.0186984 0.0443955   0.719643 -0.393806  0.001634 0 0 0 0 0 0 15.7106
-14.5944 -25.5577  3.36993   0.509139 -0.0733875  -0.255403  0 -0  0 0 0 0 -0.0926492 0.00969834  0.0388203   0.772852 -0.258644  0.087637 0 0 0 0 0 0 15.7121
-13.8448 -25.7139  3.67638   0.509159 -0.0744421  -0.253379  0 -0  0 0 0 0 -0.0702761 -0.0120855  0.0537881   0.774998 -0.222292  0.190132 0 0 0 0 0 0 15.7144
-11.5962 -26.0959  4.49947   0.511957 -0.0776785  -0.260263  0 -0  0 0 0 0  -0.0232884  -0.0281496 -0.00659302  0.760802 -0.16837 0.185369 0 0 0 0 0 0 15.7225
 -11.264 -26.1727  4.81078  0.533789 -0.114671 -0.298005  0 -0  0 0 0 0  0.135991 -0.347987 -0.255391    0.673737 -0.0659749   0.180394 0 0 0 0 0 0 15.7797
-10.5866 -26.1357   4.8509  0.537983 -0.121802 -0.299957  0 -0  0 0 0 0  0.147507  -0.34653 -0.228816     0.587587 -0.00880426    0.045657 0 0 0 0 0 0 15.7882
 -8.6676 -26.0747  5.05594  0.545063 -0.141311 -0.315412  0 -0  0 0 0 0  0.133687 -0.334305 -0.241692    0.587782 0.00443459  0.0536281 0 0 0 0 0 0 15.814
-8.29229 -26.2154  5.05239  0.553723  -0.14738 -0.326723  0 -0  0 0 0 0  0.179835 -0.330664 -0.286602    0.512453 -0.0488032  0.0158401 0 0 0 0 0 0 15.8295
-7.62199 -26.2155  4.82331  0.555923 -0.152673 -0.324778  0 -0  0 0 0 0  0.164539 -0.307903 -0.223615    0.463202 -0.0107138  -0.155543 0 0 0 0 0 0 15.8356
-5.78782 -26.4052  4.18924  0.566073 -0.170168 -0.334711  0 -0  0 0 0 0  0.168793 -0.301192 -0.200403    0.457181 -0.0299419  -0.168466 0 0 0 0 0 0 15.8581
-5.17949 -26.7898  4.16944  0.567858 -0.160472 -0.344226  0 -0  0 0 0 0   0.14669 -0.152931 -0.242667    0.491072  -0.184962 -0.0916831 0 0 0 0 0 0 15.8718
-4.44184  -27.054  4.09765  0.568753 -0.164052    -0.344  0 -0  0 0 0 0   0.13132 -0.158667 -0.201464    0.552319  -0.198976 -0.0701889 0 0 0 0 0 0 15.8755
-2.62133 -27.5658   3.9353   0.57962 -0.173857 -0.359894  0 -0  0 0 0 0  0.151866 -0.161975 -0.226123    0.523251  -0.159623 -0.0558686 0 0 0 0 0 0 15.8971
-2.17778 -27.5846  4.08389  0.572886  -0.16648 -0.356166  0 -0  0 0 0 0  0.0783925 -0.0696759   -0.18162   0.513932 -0.109275 0.0303591 0 0 0 0 0 0 15.9078
-1.40463 -27.5522  4.17013  0.567651 -0.168555 -0.339788  0 -0  0 0 0 0    0.03678 -0.0824653 -0.0330056    0.613112 -0.0469196  0.0623295 0 0 0 0 0 0 15.9251
0.348341 -27.5665  4.34127  0.571479 -0.173342  -0.34432  0 -0  0 0 0 0  0.0487135 -0.0806723 -0.0484234    0.563336 -0.0150907  0.0485575 0 0 0 0 0 0 15.9327
0.720543 -27.4002  4.40915  0.568609 -0.174596 -0.331727  0 -0  0 0 0 0  0.0291972 -0.0803726  0.0402419   0.514716  0.057774 0.0541886 0 0 0 0 0 0 15.9457
 1.53441 -27.1619  4.29818  0.565552 -0.178946 -0.319321  0 -0  0 0 0 0 0.0030272 -0.103447  0.117006     0.55547   0.111355 -0.0476416 0 0 0 0 0 0 15.9592
  3.0338 -26.6536  4.16855  0.560998 -0.188733 -0.319238  0 -0  0 0 0 0 -0.0317409  -0.131843  0.0702598    0.472116   0.143182 -0.0438997 0 0 0 0 0 0 15.97
 3.54438 -26.5736  4.26196  0.558925 -0.197184 -0.321404  0 -0  0 0 0 0 -0.0479911  -0.179783  0.0481888   0.501201  0.113368 0.0114145 0 0 0 0 0 0 15.9789
 4.42232 -26.3914  4.04676  0.557232 -0.205512 -0.311471  0 -0  0 0 0 0 -0.0502619  -0.211676   0.108256   0.519721 0.0985062 -0.108716 0 0 0 0 0 0 15.992
 5.90061 -26.0334  3.70122  0.551828 -0.221351 -0.304226  0 -0  0 0 0 0 -0.0666053  -0.244042   0.113291   0.452053    0.1002 -0.109764 0 0 0 0 0 0 16.0103
 6.49495 -25.9022  3.53337  0.557542 -0.224983 -0.310711  0 -0  0 0 0 0 -0.0167031  -0.242855  0.0585501   0.467897  0.118604 -0.138782 0 0 0 0 0 0 16.0196
 7.39366 -25.3039  3.26315  0.552196 -0.235042 -0.294452  0 -0  0 0 0 0 -0.0413315  -0.267985   0.148508   0.486734  0.235795 -0.168418 0 0 0 0 0 0 16.0395
8.54643 -24.257 2.84029  0.553818 -0.252666 -0.292511  0 -0  0 0 0 0 -0.0122151  -0.296351   0.107983   0.377563  0.296552 -0.175762 0 0 0 0 0 0 16.0573
  9.2399 -23.8368  2.90696  0.559779 -0.260138 -0.299661  0 -0  0 0 0 0 0.0248919 -0.317813 0.0586401   0.474354   0.34243 -0.111285 0 0 0 0 0 0 16.0692
 9.89874 -22.8246   3.0236  0.557395 -0.272653 -0.293031  0 -0  0 0 0 0 0.0088387 -0.331676 0.0805385    0.427065   0.471006 -0.0492221 0 0 0 0 0 0 16.0836
 10.7519 -21.5471  3.02041  0.560831 -0.291105 -0.288501  0 -0  0 0 0 0 0.0333431 -0.341688 0.0793913    0.338267   0.445529 -0.0773726 0 0 0 0 0 0 16.1029
 11.1533 -21.0801  3.11594    0.5695 -0.301032 -0.290125  0 -0  0 0 0 0 0.0900616 -0.377356 0.0642991   0.370298  0.469162 -0.052369 0 0 0 0 0 0 16.1162
11.3544 -19.866 3.54652  0.568945 -0.311082 -0.288127  0 -0  0 0 0 0 0.0646307  -0.34651 0.0544043   0.253397  0.574681 0.0379842 0 0 0 0 0 0 16.1264
 11.8048 -18.5498  3.99332  0.578182 -0.321991 -0.277123  0 -0  0 0 0 0 0.112744 -0.30293 0.105609  0.228886 0.516878 0.046988 0 0 0 0 0 0 16.1445
 12.0934 -18.0571  4.11996  0.585985 -0.329596 -0.280279  0 -0  0 0 0 0  0.155713 -0.327999 0.0788271   0.260079   0.53598 0.0353365 0 0 0 0 0 0 16.1558
 12.3997 -16.9738  4.38361  0.585727 -0.321728 -0.283721  0 -0  0 0 0 0    0.1112 -0.189449 0.0386195   0.214425  0.536751 0.0270945 0 0 0 0 0 0 16.1644
 12.7068 -15.7198  4.78975  0.591411 -0.327283 -0.282311  0 -0  0 0 0 0  0.116381 -0.165881 0.0316335   0.173705  0.496969 0.0348718 0 0 0 0 0 0 16.1725
 12.9359 -15.2219  4.91312  0.596854 -0.329687  -0.28661  0 -0  0 0 0 0   0.141947  -0.168484 0.00601316   0.198988  0.529513 0.0254489 0 0 0 0 0 0 16.1798
 12.9807 -14.2155  4.87753  0.598306 -0.314976  -0.29911  0 -0  0 0 0 0    0.11163 -0.0288649 -0.0721412   0.0912895   0.487671 -0.0584921 0 0 0 0 0 0 16.1992
 13.3009 -13.2211  5.11942  0.600658   -0.3118 -0.292392  0 -0  0 0 0 0  0.0960154  0.0041368 -0.0133589    0.132574   0.414958 -0.0141011 0 0 0 0 0 0 16.207
 13.4829 -12.8423  5.14914  0.600295  -0.30846 -0.296138  0 -0  0 0 0 0  0.0824765   0.026079 -0.0323081    0.152492   0.426817 -0.0317057 0 0 0 0 0 0 16.212
 13.4877 -12.2391   4.9953  0.606763 -0.292327   -0.3207  0 -0  0 0 0 0   0.10192  0.117249 -0.170153  0.0524145  0.334959 -0.090017 0 0 0 0 0 0 16.2421
 13.6944 -11.5352  4.94503  0.613248 -0.282827 -0.318119  0 -0  0 0 0 0 0.118649 0.150569 -0.11106   0.0769419   0.277311 -0.0873244 0 0 0 0 0 0 16.2539
  13.752 -11.3888  4.92366  0.613912 -0.279217 -0.315969  0 -0  0 0 0 0   0.113209    0.16416 -0.0890488   0.0840003   0.255252 -0.0836143 0 0 0 0 0 0 16.2581
 13.4545 -10.7901  5.14046  0.616409 -0.280661 -0.326562  0 -0  0 0 0 0 0.0916682  0.110695 -0.144376  -0.0257347   0.275218  -0.014651 0 0 0 0 0 0 16.2691
 13.3125 -10.1144  5.27315  0.621162 -0.273472 -0.332931  0 -0  0 0 0 0 0.0968668  0.126144 -0.143663  -0.0396249   0.268715  -0.012914 0 0 0 0 0 0 16.2798
   13.27 -9.86481  5.30875  0.619887 -0.271845 -0.335373  0 -0  0 0 0 0 0.0776812  0.125269 -0.147051  -0.0444114   0.285736 -0.0172639 0 0 0 0 0 0 16.283
 12.4437 -9.11193  5.42806  0.618767 -0.265986   -0.3415  0 -0  0 0 0 0 0.0479868  0.132487 -0.163088  -0.206043  0.318726  -0.01907 0 0 0 0 0 0 16.2916
 11.9167 -8.35711   5.5116  0.621974 -0.263648 -0.346627  0 -0  0 0 0 0 0.0556652  0.109603 -0.152686   -0.201898   0.303735 -0.0290622 0 0 0 0 0 0 16.2981
 11.6654 -8.03959  5.54031  0.621698 -0.262279 -0.345574  0 -0  0 0 0 0 0.0480692   0.11029 -0.132107   -0.234656    0.33865 -0.0348023 0 0 0 0 0 0 16.2998
10.6881 -7.0053 5.27326   0.61224 -0.251784 -0.342475  0 -0  0 0 0 0 -0.0274137   0.149005 -0.0847414  -0.331883   0.37937 -0.128408 0 0 0 0 0 0 16.3143
 9.98607 -6.04246  5.02593 0.613904 -0.25221  -0.3428  0 -0  0 0 0 0 -0.0088225   0.105011 -0.0666726   -0.30463  0.371425 -0.163035 0 0 0 0 0 0 16.316
9.69848 -5.4405 4.90269  0.615139 -0.249886 -0.347382  0 -0  0 0 0 0 0.00182678   0.111467 -0.0862928  -0.346026  0.468897 -0.203105 0 0 0 0 0 0 16.3213
 8.73619 -4.02275  4.35306  0.611056 -0.246147 -0.348492  0 -0  0 0 0 0  -0.028054  0.0981931 -0.0699214  -0.384412  0.497042 -0.272321 0 0 0 0 0 0 16.327
 8.11101 -2.85589  3.97845  0.607925 -0.244527 -0.341021  0 -0  0 0 0 0  -0.0440813    0.082017 -0.00331699  -0.296498  0.473296 -0.233093 0 0 0 0 0 0 16.3352
 7.98727 -2.56205  3.88513  0.612205 -0.245622 -0.341049  0 -0  0 0 0 0 -0.00663342   0.0672809 -0.00486483  -0.262665  0.446231 -0.217373 0 0 0 0 0 0 16.3396
 6.93456 -1.60196  3.40633  0.618834 -0.249822 -0.352719  0 -0  0 0 0 0  0.0413956  0.0149916 -0.0809394  -0.356937  0.388409 -0.227954 0 0 0 0 0 0 16.3537
  6.21118 -0.697613     3.048  0.619716 -0.246683 -0.350702  0 -0  0 0 0 0  0.0368648  0.0349841 -0.0460614  -0.325211  0.379525 -0.204796 0 0 0 0 0 0 16.3575
  5.57334 -0.370801   2.85817  0.622595 -0.241707 -0.333289  0 -0  0 0 0 0 0.0585223 0.0787984 0.0739072  -0.462239  0.409646 -0.232993 0 0 0 0 0 0 16.3759
 4.09607 0.823834  2.18415   0.62667 -0.234787  -0.33685  0 -0  0 0 0 0 0.0684927  0.101885 0.0329624  -0.533902  0.415333 -0.274916 0 0 0 0 0 0 16.3847
3.03388 1.74051 1.66655   0.62957 -0.228662 -0.329305  0 -0  0 0 0 0   0.07032  0.120993 0.0737757  -0.483537  0.403522 -0.261731 0 0 0 0 0 0 16.3948
2.72924 2.13314 1.49931  0.631677 -0.224929 -0.333206  0 -0  0 0 0 0 0.0806257  0.137481 0.0428973   -0.45862  0.418705 -0.255898 0 0 0 0 0 0 16.4006
 1.53519  3.31398 0.889473  0.644361 -0.217878 -0.335746  0 -0  0 0 0 0   0.144175   0.144314 0.00899561  -0.429667  0.421706 -0.238807 0 0 0 0 0 0 16.4153
0.560318  4.25764 0.406353  0.649753 -0.213661 -0.337119  0 -0  0 0 0 0    0.143956    0.133542 -0.00185647  -0.438219  0.430359 -0.231985 0 0 0 0 0 0 16.4223
-0.125479   5.28803  0.268916  0.648704 -0.210949 -0.328688  0 -0  0 0 0 0  0.116566  0.139104 0.0677268  -0.572338   0.66797 -0.218264 0 0 0 0 0 0 16.4312
 -1.84756   6.88825 -0.412921  0.662567 -0.201517 -0.334113  0 -0  0 0 0 0 0.175539 0.164498 0.009422  -0.585394  0.610294 -0.231714 0 0 0 0 0 0 16.4488
 -2.97173   8.13528 -0.975742  0.672648 -0.203361 -0.325011  0 -0  0 0 0 0  0.196261 0.0964016 0.0691092  -0.515853  0.610252 -0.236116 0 0 0 0 0 0 16.4626
-3.29078  8.34187 -1.37532  0.686401 -0.195406 -0.341094  0 -0  0 0 0 0   0.288712    0.16428 -0.0544394   -0.45581  0.503107 -0.308497 0 0 0 0 0 0 16.4852
-4.03091  8.64566 -1.96842   0.70649 -0.182428 -0.347028  0 -0  0 0 0 0   0.330864   0.210926 -0.0902613  -0.228917  0.254591 -0.209578 0 0 0 0 0 0 16.5098
-4.37055  9.12057 -2.31776  0.715797  -0.17551 -0.342233  0 -0  0 0 0 0    0.31179   0.202137 -0.0365684    -0.1544  0.248951 -0.158326 0 0 0 0 0 0 16.5224
-4.50036  9.57266 -2.41799  0.712422 -0.178315 -0.343797  0 -0  0 0 0 0   0.249653   0.144793 -0.0338825  -0.155282  0.325848 -0.134807 0 0 0 0 0 0 16.527
-4.88412  9.68028 -2.64882  0.715326 -0.177258  -0.36356  0 -0  0 0 0 0  0.186255 0.0892525  -0.14414   -0.110834   0.142157 -0.0847383 0 0 0 0 0 0 16.547
-5.13486  9.90503 -2.89911  0.724373 -0.176324 -0.365778  0 -0  0 0 0 0  0.203326 0.0700755 -0.127379  -0.105779  0.132468 -0.108913 0 0 0 0 0 0 16.5564
-5.45014  9.26976 -2.67944  0.701364 -0.177602 -0.359258  0 -0  0 0 0 0  0.0125479  0.0291217 -0.0834216   -0.181491 -0.0806677 -0.0174591 0 0 0 0 0 0 16.5803
-6.19386  8.83378 -2.80648  0.697024 -0.179247  -0.37087  0 -0  0 0 0 0   -0.0208229 -0.000379184     -0.12555   -0.24773 -0.130687 -0.059309 0 0 0 0 0 0 16.5928
-6.59692  8.60811 -2.86322  0.697347   -0.1788 -0.374038  0 -0  0 0 0 0 -0.0133476 0.00427138  -0.116981   -0.210846  -0.117215 -0.0446039 0 0 0 0 0 0 16.596
-6.52151  8.24858 -2.67446   0.68342 -0.170992 -0.346663  0 -0  0 0 0 0 -0.123415 0.0638496 0.0817478  -0.124146 -0.160551 0.0170217 0 0 0 0 0 0 16.6277
-6.99644  7.13335 -2.61494  0.684611 -0.173201 -0.376174  0 -0  0 0 0 0 -0.0689259  0.0279592  -0.129162   -0.165942  -0.338265 -0.0239951 0 0 0 0 0 0 16.6574
-7.42233  6.46936 -2.55761  0.680847  -0.17292 -0.385954  0 -0  0 0 0 0 -0.0768933  0.0212152  -0.161602   -0.196856  -0.326069 -0.0129041 0 0 0 0 0 0 16.6678
-8.23506  5.09678 -2.47105  0.683382 -0.170412 -0.469881  0 -0  0 0 0 0 -0.0156103  0.0491044  -0.653594   -0.267964  -0.474978 -0.0329664 0 0 0 0 0 0 16.7518
-8.24222  4.37693 -2.23325  0.677763 -0.167601 -0.468306  0 -0  0 0 0 0 -0.0541278  0.0632345  -0.572459  -0.0396897  -0.587296   0.121683 0 0 0 0 0 0 16.7583
-8.21439  2.80963 -1.71394  0.671879 -0.164058 -0.474588  0 -0  0 0 0 0 -0.0850307  0.0631368  -0.461453  -0.0139004  -0.667099    0.12484 0 0 0 0 0 0 16.7676
-8.27983  1.08134 -1.19972  0.675234 -0.164107 -0.502506  0 -0  0 0 0 0 -0.0338969  0.0406287  -0.506112  -0.0244423  -0.672537   0.108966 0 0 0 0 0 0 16.7957
 -8.24386   0.51568 -0.965568  0.670144 -0.160828 -0.493159  0 -0  0 0 0 0 -0.0691951  0.0606832  -0.391983  0.0147444 -0.692696  0.176046 0 0 0 0 0 0 16.8069
 -8.23219  -1.42423 -0.283401   0.65975 -0.157992 -0.494931  0 -0  0 0 0 0 -0.128912  0.053515 -0.290891  0.00532205   -0.78402   0.164217 0 0 0 0 0 0 16.8178
-7.92578 -3.46395 0.579767  0.635253 -0.161864 -0.414307  0 -0  0 0 0 0  -0.280707 -0.0391753   0.350803  0.0775654  -0.82942  0.204615 0 0 0 0 0 0 16.9021
-7.79069 -4.40156 0.553311  0.640283 -0.158239 -0.417954  0 -0  0 0 0 0   -0.2159 0.0121523  0.276655   0.147867 -0.937483 -0.142106 0 0 0 0 0 0 16.9093
-7.23579 -7.10089  0.49744  0.624522 -0.156115 -0.400233  0 -0  0 0 0 0 -0.258848 0.0259757  0.307023    0.19003 -0.973859 -0.150346 0 0 0 0 0 0 16.9332
-7.02982 -9.49761 0.780513   0.60104  -0.15435 -0.372692  0 -0  0 0 0 0  -0.38196 0.0260873  0.432077    0.157808   -1.13988 -0.0690831 0 0 0 0 0 0 16.9694
-6.79924 -11.4404 0.979625  0.602202 -0.155176 -0.375978  0 -0  0 0 0 0 -0.311556 0.0227095   0.34839    0.232409   -1.43036 -0.0343527 0 0 0 0 0 0 16.973
-6.20301 -15.8424  1.41799  0.585352 -0.154297 -0.358894  0 -0  0 0 0 0 -0.311458 0.0196625  0.336471    0.226875   -1.42362 -0.0259221 0 0 0 0 0 0 16.997
-6.12972 -17.6136  1.62496  0.579298 -0.157709 -0.348411  0 -0  0 0 0 0  -0.303679 -0.0164515   0.357407    0.180097   -1.39563 -0.0102302 0 0 0 0 0 0 17.0096
-5.93357 -19.7639  1.90938  0.573189  -0.16046 -0.355497  0 -0  0 0 0 0  -0.298829 -0.0329312   0.247933   0.217216  -1.53226 0.0257279 0 0 0 0 0 0 17.0193
-5.72583 -24.2309  2.59329  0.567264 -0.164781 -0.355883  0 -0  0 0 0 0  -0.218488 -0.0491844   0.160976   0.157754  -1.39068 0.0485597 0 0 0 0 0 0 17.0267
-6.02088 -25.2357   2.8745   0.55718 -0.157873 -0.340218  0 -0  0 0 0 0 -0.254057 0.0197406  0.233379  0.0500194  -1.16404  0.101165 0 0 0 0 0 0 17.0465
-6.09253 -26.7378  3.20545  0.549498 -0.156665 -0.331862  0 -0  0 0 0 0 -0.270501 0.0275837  0.257268  0.0549425  -1.19206  0.107714 0 0 0 0 0 0 17.0579
-6.31126 -30.1618  4.01024  0.540024 -0.157529 -0.327119  0 -0  0 0 0 0   -0.22562 0.00807795   0.190781  0.050056 -1.06573 0.100053 0 0 0 0 0 0 17.0686
-6.12601 -31.4339  4.22861  0.543061   -0.1631 -0.333467  0 -0  0 0 0 0  -0.173791 -0.0421051   0.131966    0.12415  -1.12973 0.0680788 0 0 0 0 0 0 17.0775
-6.10836 -32.8872  4.45674  0.540378 -0.164115 -0.330004  0 -0  0 0 0 0  -0.164612 -0.0427465   0.136412   0.109179  -1.14656 0.0325265 0 0 0 0 0 0 17.082
-6.09101 -35.4586  4.81842  0.540444 -0.169346 -0.351113  0 -0  0 0 0 0  -0.102764 -0.0576976 -0.0553428  0.0746654 -0.852021 0.0140906 0 0 0 0 0 0 17.1038
-6.08427 -35.9755  4.91136  0.536109 -0.172277 -0.341726  0 -0  0 0 0 0   -0.10821 -0.0793661 0.00207455  0.0664453  -0.65375 0.0120244 0 0 0 0 0 0 17.1145
 -6.1056 -36.8275  5.04716  0.535323 -0.175028 -0.345447  0 -0  0 0 0 0 -0.0968604 -0.0895909 -0.0275624   0.048056 -0.664357 0.0137174 0 0 0 0 0 0 17.1192
-6.50513 -38.5694   5.4193  0.536743 -0.181253 -0.356093  0 -0  0 0 0 0 -0.0469665 -0.0950452 -0.0846291  -0.0259008  -0.552404  0.0267652 0 0 0 0 0 0 17.1316
-6.68747 -39.0127  5.52783  0.542279 -0.179293 -0.353511  0 -0  0 0 0 0  0.0107691 -0.0646489 -0.0547901  -0.0545681  -0.487175  0.0307661 0 0 0 0 0 0 17.1381
-6.86524 -39.6501  5.67482  0.543574 -0.180868 -0.355583  0 -0  0 0 0 0  0.0194531 -0.0664918 -0.0614271  -0.0674539  -0.502867  0.0302123 0 0 0 0 0 0 17.141
-7.51566 -41.1991  6.05121  0.548024 -0.184682 -0.357726  0 -0  0 0 0 0  0.0447662 -0.0659933 -0.0490966  -0.105914 -0.468273 0.0277507 0 0 0 0 0 0 17.1472
-7.42738 -41.8829  6.12429  0.551092 -0.181028 -0.359246  0 -0  0 0 0 0  0.0558867 -0.0208843 -0.0412426  -0.0293129   -0.58396  0.0100523 0 0 0 0 0 0 17.1522
-7.53547  -42.665  6.25702  0.551246 -0.182461  -0.35939  0 -0  0 0 0 0  0.0474659 -0.0324174 -0.0358642  -0.0175883  -0.614273 -0.0030935 0 0 0 0 0 0 17.1537
-7.96148 -44.3886  6.56159  0.556159 -0.185016 -0.368756  0 -0  0 0 0 0  0.0597759 -0.0353805 -0.0858434   -0.0519408   -0.530697 -0.00353234 0 0 0 0 0 0 17.1645
-7.71957 -44.9845  6.51817  0.553856 -0.186572 -0.363657  0 -0  0 0 0 0  0.0360518 -0.0459467 -0.0306397   0.0244458  -0.580812 -0.0453069 0 0 0 0 0 0 17.1704
-7.70289 -45.7779  6.56524  0.553666 -0.188249 -0.362381  0 -0  0 0 0 0  0.0293725 -0.0545924 -0.0152036   0.0371793  -0.615212 -0.0577914 0 0 0 0 0 0 17.1725
-7.75936 -47.3114   6.6222  0.554501 -0.192785 -0.369421  0 -0  0 0 0 0  0.0211347  -0.063683 -0.0590743  0.00495705   -0.48761 -0.0502894 0 0 0 0 0 0 17.1809
-7.77392 -47.6295  6.62558  0.548717  -0.18741 -0.361451  0 -0  0 0 0 0  -0.0181999 -0.00692623 -0.00221499  0.00194776  -0.423848 -0.0424535 0 0 0 0 0 0 17.1921
 -7.8069 -48.1497  6.64026  0.548001 -0.189523 -0.363568  0 -0  0 0 0 0 -0.0219554 -0.0286776 -0.0187876  -0.0161116  -0.413055 -0.0489292 0 0 0 0 0 0 17.1952
 -7.9796 -49.1733  6.60415  0.544363 -0.192253 -0.371012  0 -0  0 0 0 0  -0.039014 -0.0350714 -0.0657717  -0.0484547  -0.324209 -0.0475913 0 0 0 0 0 0 17.2039
-7.92511 -49.1915  6.54248  0.529424 -0.187476 -0.357916  0 -0  0 0 0 0 -0.134856  0.011572 0.0252641  -0.030537 -0.220455 -0.041167 0 0 0 0 0 0 17.2243
-8.17302 -49.1834  6.60739  0.529261 -0.190819 -0.372556  0 -0  0 0 0 0  -0.120283 -0.0227628  -0.101555   -0.146167 -0.0591836  0.0265945 0 0 0 0 0 0 17.2394
-8.64113 -49.0266  6.53281  0.528407  -0.19125 -0.377371  0 -0  0 0 0 0 -0.0737898 -0.0156435 -0.0906939  -0.150436  0.017657 0.0013823 0 0 0 0 0 0 17.2443
-8.83908 -48.2893  6.66642  0.513833 -0.184315  -0.38368  0 -0  0 0 0 0 -0.163471 0.0507701 -0.174348  -0.130005  0.373813 0.0859096 0 0 0 0 0 0 17.2616
-8.97656  -47.795  6.66576 0.509362 -0.18297 -0.38258  0 -0  0 0 0 0 -0.167353 0.0506839 -0.134534  -0.111474  0.375308 0.0632339 0 0 0 0 0 0 17.2664
-8.81229 -46.7909  6.58522  0.508106 -0.175525 -0.377089  0 -0  0 0 0 0  -0.103279  0.0834236 -0.0326257  -0.00205279     0.30833   0.0380818 0 0 0 0 0 0 17.2757
-8.67454 -45.8428  6.27924  0.520799 -0.174583  -0.38041  0 -0  0 0 0 0  0.0230211  0.0725725 -0.0716504   -0.0206412    0.659995 -0.00649244 0 0 0 0 0 0 17.2889
-8.55692 -44.8178  5.99224  0.520648 -0.177444 -0.384296  0 -0  0 0 0 0  0.0162228   0.021115 -0.0889197  -0.0598488    0.77188 -0.0373136 0 0 0 0 0 0 17.2937
-7.51434 -42.4747  4.98356  0.530116 -0.173487 -0.378529  0 -0  0 0 0 0   0.0784283   0.0407986 -0.00228147   0.0640151   0.714472 -0.0942157 0 0 0 0 0 0 17.3055
-7.26645 -41.0081  4.92903  0.523702 -0.176185 -0.385709  0 -0  0 0 0 0  0.0258221  0.0151754 -0.0974724    0.126115    1.10763 0.00526369 0 0 0 0 0 0 17.3155
-7.16909 -38.9546  4.60886  0.526805 -0.181751 -0.401082  0 -0  0 0 0 0   0.033598 -0.0460344  -0.198167   -0.0300799     1.46632 0.000193027 0 0 0 0 0 0 17.3321
-6.14064 -34.5776  3.72316  0.535582 -0.180762 -0.394225  0 -0  0 0 0 0  0.0890812 -0.0194844 -0.0583338    0.105818    1.32229 -0.0398206 0 0 0 0 0 0 17.3433
 -5.8933 -33.1203  3.56524  0.535697 -0.181096 -0.393856  0 -0  0 0 0 0  0.0790985 -0.0174498  -0.052471     0.119708     1.36852 -0.00296504 0 0 0 0 0 0 17.3438
-5.56722 -30.9072  3.39152  0.528009 -0.180424 -0.374762  0 -0  0 0 0 0  0.0205566 -0.0226013  0.0993114   0.209623    1.5946 0.0594879 0 0 0 0 0 0 17.3644
-4.01852 -25.9327  2.88963  0.525104   -0.1747 -0.348871  0 -0  0 0 0 0 0.00151129  0.0346231   0.226106   0.340178   1.48446 0.0116726 0 0 0 0 0 0 17.3911
-4.15099  -24.255  2.54997  0.514218 -0.180085  -0.29455  0 -0  0 0 0 0 -0.0482581 -0.0437249   0.583751   0.151481   1.47428 -0.110511 0 0 0 0 0 0 17.4467
-3.83212 -22.4826  2.13973  0.518981 -0.179794    -0.287  0 -0  0 0 0 0 -0.00088091  -0.0263689    0.542669   0.127638   1.45322 -0.193641 0 0 0 0 0 0 17.4557
-2.64158 -17.9313  1.06091   0.47625 -0.180984 -0.251179  0 -0  0 0 0 0  -0.325208 -0.0119125   0.549871  0.213259  1.37633  -0.2166 0 0 0 0 0 0 17.5114
-2.85065 -15.5541 0.995295   0.41943 -0.132646 -0.179017  0 -0  0 0 0 0 -0.733712  0.423722  0.948181   0.0795887    1.66803 -0.0402114 0 0 0 0 0 0 17.6152
-2.48111 -13.5581  1.07878  0.415702  -0.12318 -0.155684  0 -0  0 0 0 0 -0.60939  0.41805 0.970038   0.28961  1.63128 0.133713 0 0 0 0 0 0 17.6407
-1.23627 -8.69747  1.05387   0.332017  -0.101648 -0.0622537  0 -0  0 0 0 0 -0.971982   0.40345   1.19344   0.352014   1.49682 0.0559053 0 0 0 0 0 0 17.768
-0.887026  -7.86972  0.976684    0.32276 -0.0833459 -0.0759919  0 -0  0 0 0 0 -0.901973  0.502563  0.941159    0.341533    1.07481 0.00308544 0 0 0 0 0 0 17.7926
-0.157408   -7.0114   1.13469   0.315413  -0.070575 -0.0499243  0 -0  0 0 0 0 -0.777227  0.516656  0.985132  0.556946 0.844892 0.125002 0 0 0 0 0 0 17.8226
 1.63333 -4.42428  1.50329   0.276009 -0.0421625  0.0101097  0 -0  0 0 0 0 -0.746035  0.515859   1.02141  0.572675 0.823003 0.108956 0 0 0 0 0 0 17.8998
 2.19758 -2.64446  1.65633  0.233708 0.0145219 0.0796988  0 -0  0 0 0 0 -0.956849  0.914371   1.36645   0.497937   1.10867 0.0993219 0 0 0 0 0 0 17.999
 2.59642 -1.24411  2.05227  0.256749 0.0318498  0.109834  0 -0  0 0 0 0 -0.564091  0.873138   1.38102  0.325505  1.10119  0.27745 0 0 0 0 0 0 18.0407
3.44231  1.6773 2.81874  0.237578 0.0675518  0.167881  0 -0  0 0 0 0 -0.511291  0.834784   1.34405  0.323541  1.11808 0.241918 0 0 0 0 0 0 18.1115
3.72025 4.65411  2.6565  0.216154 0.0593948  0.336756  0 -0  0 0 0 0 -0.535289  0.527778   2.30366    0.252292    1.45299 -0.0149465 0 0 0 0 0 0 18.282
3.31328 6.26094  2.5034  0.229951 0.0704282  0.389122  0 -0  0 0 0 0 -0.326365  0.507576   2.31369  -0.261814   1.23528 -0.164784 0 0 0 0 0 0 18.3372
2.58731 9.28335 2.12597  0.219201 0.0823381  0.471779  0 -0  0 0 0 0 -0.30783 0.422797  2.22371  -0.277789   1.26071 -0.209261 0 0 0 0 0 0 18.4214
2.33062 10.9797 1.82987  0.218371 0.0486783  0.491272  0 -0  0 0 0 0 -0.274172 0.0215953    2.0473  -0.247524   1.32298 -0.246462 0 0 0 0 0 0 18.4603
1.70298 13.7603 1.43048  0.237224 0.0426988  0.564031  0 -0  0 0 0 0 -0.0555801 -0.0450484    1.99704  -0.240472    1.2654 -0.208899 0 0 0 0 0 0 18.5357
0.944476  16.5863 0.947949 0.236167 0.038277  0.63466  0 -0  0 0 0 0 -0.0482628 -0.0700543    1.94325  -0.271119   1.25282 -0.231399 0 0 0 0 0 0 18.6065
0.958208   17.685 0.789734  0.237612 0.0443479  0.668454  0 -0  0 0 0 0   -0.0277376 -0.000107429      1.95607  -0.158671   1.21588 -0.217421 0 0 0 0 0 0 18.6409
-0.555586   21.9158 -0.140902  0.213211 0.0359944  0.675477  0 -0  0 0 0 0  -0.186273 -0.0816895     1.4142   -0.44551   1.49949 -0.350876 0 0 0 0 0 0 18.6676
 -1.79631   25.0746 -0.971128  0.207028 0.0266953   0.73144  0 -0  0 0 0 0 -0.181681 -0.142879   1.42901  -0.422093   1.46446 -0.319227 0 0 0 0 0 0 18.7247
-2.21284  25.6754 -1.14713  0.185309 0.0695463  0.770237  0 -0  0 0 0 0 -0.310636  0.282234   1.52491  -0.37976  1.21965 -0.26872 0 0 0 0 0 0 18.7864
-3.98557   27.283 -1.97674  0.161539 0.0697747   0.79428  0 -0  0 0 0 0 -0.367407  0.168101   1.21527  -0.509546  0.794241 -0.259943 0 0 0 0 0 0 18.8202
-5.44363  28.9857 -2.70266 0.144664  0.06536 0.832356  0 -0  0 0 0 0  -0.39045 0.0631153    1.1655   -0.51896  0.803478 -0.227817 0 0 0 0 0 0 18.8621
-6.12599  29.0864 -3.24773  0.152738 0.0709163  0.792938  0 -0  0 0 0 0 -0.258606  0.123952  0.720146  -0.483922  0.561196 -0.316537 0 0 0 0 0 0 18.9027
-8.15674   29.011 -4.13993  0.122037 0.0651421  0.820691  0 -0  0 0 0 0 -0.385827 0.0139859  0.686692  -0.583648  0.190117 -0.302251 0 0 0 0 0 0 18.9445
-9.25819  29.3467 -4.77278  0.114941 0.0523846  0.862168  0 -0  0 0 0 0 -0.344036 -0.125869  0.807797  -0.407674  0.202505 -0.234242 0 0 0 0 0 0 18.9885
-9.12181  28.7941 -4.77236  0.117322 0.0398554  0.866603  0 -0  0 0 0 0 -0.284324 -0.227273  0.733319   -0.212895 -0.0517962  -0.179098 0 0 0 0 0 0 19.002
-9.31032  27.1118 -4.41053   0.12545 0.0283623   0.89907  0 -0  0 0 0 0 -0.128927 -0.223326  0.710057  -0.131396 -0.459596 0.0155153 0 0 0 0 0 0 19.0374
-9.31954  26.2241 -4.12993  0.119898 0.0166943  0.925777  0 -0  0 0 0 0 -0.136463 -0.258164  0.715184  -0.0746251  -0.440265  0.0460483 0 0 0 0 0 0 19.067
 -8.7769  27.4805 -4.42811  0.139483 0.0327006   0.92768  0 -0  0 0 0 0  0.0493068 -0.0483471    0.63432     0.16442   0.118423 -0.0062936 0 0 0 0 0 0 19.0924
-8.25974  26.8592 -4.03505  0.143938 0.0306214  0.927184  0 -0  0 0 0 0 0.0680162 -0.017181  0.410709  0.140477 -0.14355 0.097857 0 0 0 0 0 0 19.0973
-7.74428  26.6643 -3.65331  0.143789 0.0285343   0.93988  0 -0  0 0 0 0  0.0468935 -0.0321646   0.392488  0.153558 -0.12032 0.139013 0 0 0 0 0 0 19.1102
-7.38399  26.4994 -3.79607  0.181709 0.0575898   1.00698  0 -0  0 0 0 0 0.335815 0.239146 0.796046    0.238235 -0.0860177  0.0280124 0 0 0 0 0 0 19.1926
-7.32892    25.27 -3.60474  0.190584 0.0566493  0.985295  0 -0  0 0 0 0 0.297498 0.158903 0.408762  0.0104705 -0.369082 0.0090421 0 0 0 0 0 0 19.216
-7.35594   24.525 -3.47676  0.200308 0.0614081  0.989836  0 -0  0 0 0 0 0.287034 0.149341 0.328479  -0.0274359  -0.347363  0.0113884 0 0 0 0 0 0 19.2278
-7.35353  23.4484 -3.60502  0.218971 0.0598265   1.02004  0 -0  0 0 0 0  0.338903 0.0821213  0.449022  0.00789478  -0.418781 -0.0608607 0 0 0 0 0 0 19.2633
-7.58108  21.7853 -3.46885  0.200555 0.0534853  0.992047  0 -0  0 0 0 0  0.136753 0.0178539  0.185161   -0.17672  -0.88065 -0.079438 0 0 0 0 0 0 19.2974
-7.99565  19.5969 -3.29565  0.201632 0.0543604   1.00015  0 -0  0 0 0 0   0.10072 0.0156579  0.188027   -0.191208   -0.90279 -0.0607064 0 0 0 0 0 0 19.3056
-8.45637  18.2524 -3.39439 0.199542 0.034597 0.938569  0 -0  0 0 0 0 0.0683333 -0.141721 -0.289635  -0.198712 -0.721875 -0.100782 0 0 0 0 0 0 19.3703
-8.25087  16.1887 -2.86989  0.180428 0.0244382  0.918725  0 -0  0 0 0 0 -0.0939781  -0.212618  -0.391618  0.0695771  -1.30015  0.146422 0 0 0 0 0 0 19.3997
-7.70363  12.6849 -1.77714 0.160272 0.019104 0.909491  0 -0  0 0 0 0 -0.223015 -0.179001 -0.323946  0.0954215   -1.3419  0.194919 0 0 0 0 0 0 19.4225
-7.12945  10.7837 -1.82559  0.19934 0.033473 0.959021  0 -0  0 0 0 0   0.142716 0.00141303  0.0950935    0.202464   -1.16362 -0.0325953 0 0 0 0 0 0 19.4872
-6.85351  9.53781 -1.81676  0.186025 0.0342703  0.962907  0 -0  0 0 0 0 0.00125622 0.00516289   0.110354    0.22768  -1.09664 -0.123249 0 0 0 0 0 0 19.5011
-6.47658  6.21488 -1.57505 0.164549 0.035489 0.960936  0 -0  0 0 0 0  -0.170227 0.00993841  0.0603614    0.143598   -1.11247 -0.0599907 0 0 0 0 0 0 19.5227
-6.54846  5.30587 -1.28332 0.178213 0.038164 0.971437  0 -0  0 0 0 0 -0.0210677  0.0310039    0.12168  0.0354164  -0.85353 0.0468212 0 0 0 0 0 0 19.5401
-6.74634  4.84449 -1.09135  0.153869 0.0366266   1.00623  0 -0  0 0 0 0  -0.231198 -0.0231519    0.36367  -0.164341 -0.597747 0.0951793 0 0 0 0 0 0 19.5826
-7.50322  2.75069 -0.69449  0.125385 0.0281162   1.02646  0 -0  0 0 0 0  -0.359664 -0.0906966   0.365503  -0.231686 -0.669609 0.0478991 0 0 0 0 0 0 19.6186
 -7.76856   2.10243 -0.912261  0.148353 0.0231145   1.00402  0 -0  0 0 0 0 -0.0770952  -0.107304   0.126284  -0.229313 -0.519157 -0.136207 0 0 0 0 0 0 19.6511
-8.23144  1.98444 -1.06022  0.136779 0.0195933   1.02427  0 -0  0 0 0 0 -0.165062 -0.139546  0.257522  -0.338237 -0.281752 -0.122876 0 0 0 0 0 0 19.6747
-9.22181 0.759531 -1.17554 0.0986326 0.0100372   1.04002  0 -0  0 0 0 0  -0.40088 -0.163807  0.255458  -0.314709  -0.36328 -0.100769 0 0 0 0 0 0 19.717
 -8.99219  -1.48951 -0.631807   0.112148 -0.0109897   0.955839  0 -0  0 0 0 0 -0.201095  -0.28876  -0.38288  -0.071403  -1.14773 0.0398656 0 0 0 0 0 0 19.8048
-8.95686  -2.5112 0.117498   0.107506 -0.0243017   0.951334  0 -0  0 0 0 0 -0.171338  -0.37282 -0.341988   0.055894 -0.966059    0.4268 0 0 0 0 0 0 19.8196
 -8.8926 -5.18191  1.28155  0.0902119 -0.0636802   0.909307  0 -0  0 0 0 0 -0.236325 -0.510494 -0.479188  0.0431971 -0.886564   0.24893 0 0 0 0 0 0 19.8798
-8.69878 -6.70852 0.785566   0.130132 -0.0519834   0.848401  0 -0  0 0 0 0  0.155458   -0.2902 -0.852297  0.0796772  -1.02665   -0.2688 0 0 0 0 0 0 19.9535
-8.58222 -8.08819 0.370771   0.128998 -0.0605067   0.827737  0 -0  0 0 0 0  0.105262 -0.307293 -0.865634  0.0490174  -1.02493 -0.472551 0 0 0 0 0 0 19.9759
 -8.30143  -11.8279 -0.515539   0.115752 -0.0802383     0.7736  0 -0  0 0 0 0 -0.048773 -0.324639 -0.897827  0.0430211  -1.06017 -0.431825 0 0 0 0 0 0 20.035
-8.36841 -12.7838 -0.42294  0.100236 -0.143773  0.695802  0 -0  0 0 0 0 -0.196382 -0.839513  -1.34244  0.0176958  -0.87266 -0.241136 0 0 0 0 0 0 20.1367
-8.55188 -13.3651 0.573496 0.0945458 -0.169814  0.678061  0 -0  0 0 0 0 -0.158873 -0.953179  -1.22722  0.0466873 -0.653426  0.642302 0 0 0 0 0 0 20.1687
-8.98587  -15.219  2.83792 0.0902885 -0.228646  0.603342  0 -0  0 0 0 0 -0.118363  -0.96913  -1.24119  0.0372586 -0.642628  0.569942 0 0 0 0 0 0 20.2639
-8.95091 -15.3919  2.61773  0.118663 -0.160365  0.608311  0 -0  0 0 0 0  0.169008 -0.174534  -1.05771  -0.00921979   -0.415349    0.186982 0 0 0 0 0 0 20.338
-9.02999 -15.6551  2.62969  0.128626 -0.158827  0.591154  0 -0  0 0 0 0  0.221941 -0.116259  -1.01281    -0.055586   -0.286498 -0.00482603 0 0 0 0 0 0 20.3579
-9.38932 -16.7324  2.58193  0.132095 -0.168086  0.527788  0 -0  0 0 0 0  0.146873 -0.131592  -1.03948   -0.097483   -0.30443 -0.0542131 0 0 0 0 0 0 20.422
-9.08429 -17.5737  2.56749  0.129691 -0.130731   0.56471  0 -0  0 0 0 0  0.120465  0.223546 -0.600461   0.0174174  -0.702876 -0.0431594 0 0 0 0 0 0 20.4746
-9.06922 -18.5224  2.64643  0.131189 -0.125166  0.550152  0 -0  0 0 0 0  0.107378  0.235643 -0.614639   0.0303018    -0.7395 -0.0611085 0 0 0 0 0 0 20.4903
-9.02491 -20.9915  2.84227  0.132378 -0.111518  0.509747  0 -0  0 0 0 0 0.0655135  0.234665  -0.64192   0.0317804   -0.72477 -0.0607811 0 0 0 0 0 0 20.5329
-9.18119 -21.2476  3.03444  0.127389 -0.109851  0.534383  0 -0  0 0 0 0 0.0362133   0.19763 -0.385326  -0.00231919   -0.544853   0.0343156 0 0 0 0 0 0 20.5581
-9.19048 -21.9097  3.24671  0.125979 -0.108302  0.529452  0 -0  0 0 0 0 0.0212986  0.156738 -0.354776  0.0519703  -0.55043 0.0666147 0 0 0 0 0 0 20.5635
-9.21106 -23.7746  3.62612   0.123241 -0.0994449   0.504237  0 -0  0 0 0 0 -0.0100107   0.156598  -0.384096  0.0396898 -0.550969   0.02437 0 0 0 0 0 0 20.5903
-9.21654 -24.4585  3.79111  0.121451 -0.115687  0.536111  0 -0  0 0 0 0 -0.00165657  -0.0400574  -0.0750936   0.0415139  -0.708321 0.00218685 0 0 0 0 0 0 20.6262
-9.14019  -25.403  3.93309  0.116962 -0.117653  0.540589  0 -0  0 0 0 0  -0.039191 -0.0583451 -0.0275999     0.10127  -0.752475 -0.0201883 0 0 0 0 0 0 20.6328
-9.03714  -27.962  4.29778  0.110654 -0.118829  0.535012  0 -0  0 0 0 0 -0.0716423 -0.0336654 -0.0588033   0.0830652  -0.749361 -0.0231049 0 0 0 0 0 0 20.6413
-9.41053 -28.3976  4.53292  0.106649 -0.113164  0.559328  0 -0  0 0 0 0 -0.0754957  0.0155183    0.11246  -0.0123195   -0.64556  0.0478128 0 0 0 0 0 0 20.6666
-9.48926 -29.2473  4.74649  0.100433 -0.115353  0.561792  0 -0  0 0 0 0 -0.117814 -0.014232  0.110467  0.0155663 -0.677712 0.0323894 0 0 0 0 0 0 20.6736
-9.86538 -31.6761  5.26558 0.0873938 -0.116025  0.563913  0 -0  0 0 0 0   -0.164847 -0.00873503   0.0743474  -0.021727 -0.703897 0.0145842 0 0 0 0 0 0 20.6869
-9.87595 -32.6347  5.46234 0.0885242 -0.115021  0.574438  0 -0  0 0 0 0   -0.128641 -0.00017107    0.158558  0.00996743  -0.847331  0.0147596 0 0 0 0 0 0 20.6975
-9.97861 -33.6888  5.67141 0.0840074 -0.118623  0.574803  0 -0  0 0 0 0  -0.145341 -0.0414064   0.133849   0.00958422   -0.846121 -0.00916943 0 0 0 0 0 0 20.7033
-10.0853 -36.2888   6.1364 0.0767366  -0.12326  0.561966  0 -0  0 0 0 0  -0.140435 -0.0520096  -0.018576   0.0374667  -0.777566 -0.0201173 0 0 0 0 0 0 20.7187
-10.1454 -36.5552  6.22593 0.0780721 -0.114417  0.570883  0 -0  0 0 0 0 -0.0965075  0.0327112  0.0313392   0.0267168  -0.564672 0.00104102 0 0 0 0 0 0 20.7314
-10.2827 -37.1295  6.36106 0.0763629   -0.1182   0.56188  0 -0  0 0 0 0 -0.0994756 -0.0127945 -0.0505301   -0.0369934   -0.487924 0.000468193 0 0 0 0 0 0 20.7413
-10.4069 -38.3879   6.5717  0.069404 -0.120876  0.546298  0 -0  0 0 0 0  -0.111294 -0.0244919  -0.143686  -0.00796913   -0.397324  -0.0140974 0 0 0 0 0 0 20.7586
-10.4318 -38.3581  6.65543 0.0702555 -0.115322  0.560175  0 -0  0 0 0 0 -0.0737962   0.024159 -0.0316342  0.00841101  -0.257435  0.0262226 0 0 0 0 0 0 20.7735
-10.5644 -38.5788  6.73739 0.0716639 -0.118514  0.550167  0 -0  0 0 0 0 -0.0542964 -0.0141336  -0.108754   -0.05524 -0.193756 0.0166065 0 0 0 0 0 0 20.7841
-10.7833 -38.9819  6.86809 0.0716416 -0.120222  0.538653  0 -0  0 0 0 0 -0.0324569 -0.0207925  -0.144398   -0.043217  -0.138956 0.00965807 0 0 0 0 0 0 20.7958
-10.7183 -38.8391  6.90573 0.0751935 -0.117835  0.553251  0 -0  0 0 0 0   0.0146076 -0.00103273  -0.0178403  -0.00208033  -0.0499052   0.0338368 0 0 0 0 0 0 20.811
-10.8094 -38.8168  6.94629 0.0761294 -0.121284   0.54673  0 -0  0 0 0 0  0.0157992 -0.0373954 -0.0698746   -0.0475658 0.000414589   0.0262511 0 0 0 0 0 0 20.8184
 -11.113 -38.8769  7.10391 0.0754996 -0.121861   0.54308  0 -0  0 0 0 0 0.00422534 -0.0219644 -0.0669208  -0.0564527 -0.0172245  0.0302848 0 0 0 0 0 0 20.8222
-10.8982 -38.9849  7.13134 0.0764893 -0.121652  0.552552  0 -0  0 0 0 0  0.0163228 -0.0174113  0.0238363   0.0204653 -0.0833873  0.0303175 0 0 0 0 0 0 20.8317
-10.9743  -38.977  7.17096 0.0779421 -0.125575  0.546397  0 -0  0 0 0 0  0.0213552 -0.0548174  -0.033665  -0.0350638 -0.0184436  0.0231459 0 0 0 0 0 0 20.8391
-11.1401 -38.9202  7.20689 0.0800772 -0.129677  0.536702  0 -0  0 0 0 0  0.0252071 -0.0587963 -0.0905698  -0.0398509 0.00844365  0.0137309 0 0 0 0 0 0 20.8499
-10.8761 -38.6737  7.06026 0.0822661 -0.122918  0.553572  0 -0  0 0 0 0  0.0527962 0.00509191  0.0458184   0.0191007  0.0845687 -0.0039487 0 0 0 0 0 0 20.8682
-10.9256 -38.4404  7.02715 0.0821998 -0.127836  0.544532  0 -0  0 0 0 0  0.0364398  -0.046917 -0.0428411  -0.0498965    0.16566 0.00905529 0 0 0 0 0 0 20.8785
 -10.947 -37.5885   6.8729 0.0824142  -0.13234  0.528131  0 -0  0 0 0 0  0.0172441 -0.0563782  -0.147505  -0.0376239   0.230117  0.0112031 0 0 0 0 0 0 20.8955
-10.7292 -36.9081  6.72603 0.0809267 -0.124863  0.550031  0 -0  0 0 0 0 0.0220968 0.0113384 0.0270196  0.00958467    0.37932  0.0186356 0 0 0 0 0 0 20.9187
-10.7511 -36.2953  6.62409  0.078135 -0.130651  0.540247  0 -0  0 0 0 0 -0.0123545 -0.0529063 -0.0639319  -0.0589454   0.467112  0.0196581 0 0 0 0 0 0 20.9304
-10.5836 -34.4823  6.08002 0.0801998 -0.137358   0.52711  0 -0  0 0 0 0 0.00620747 -0.0816146   -0.13045   -0.046154   0.522059 -0.0180187 0 0 0 0 0 0 20.9453
-10.2014 -33.6335  5.83802 0.0837108 -0.128178  0.547663  0 -0  0 0 0 0  0.0526431 0.00754089    0.03687   0.0378742   0.636425 -0.0105699 0 0 0 0 0 0 20.9681
-10.1026   -32.79  5.62365 0.0861612 -0.131644  0.540584  0 -0  0 0 0 0  0.0584054 -0.0295245 -0.0296236  -0.00860058    0.684074  -0.0249206 0 0 0 0 0 0 20.9763
-9.89218 -30.3511  5.00528 0.0927676 -0.136061  0.531673  0 -0  0 0 0 0  0.0794037 -0.0510671 -0.0816694  -0.0270196   0.713874 -0.0273342 0 0 0 0 0 0 20.9882
-9.59027 -29.3125  4.81787 0.0980563 -0.124674  0.551254  0 -0  0 0 0 0  0.126047 0.0549596  0.071606  0.0463207   0.82323 0.0182044 0 0 0 0 0 0 21.0115
-9.47199  -28.263  4.61913  0.101652 -0.126216  0.547578  0 -0  0 0 0 0  0.130201 0.0264236 0.0291887    0.0226437    0.852766 0.000921175 0 0 0 0 0 0 21.0169
-9.31024 -25.3186  4.12395   0.10574 -0.125363  0.543798  0 -0  0 0 0 0   0.100545  0.0229306 -0.0129871  -0.00841692    0.861299  0.00928686 0 0 0 0 0 0 21.0225
-9.14553 -24.4335   3.9061  0.114224 -0.122664  0.549836  0 -0  0 0 0 0  0.161965 0.0388917 0.0389593   0.0155441   0.858626 -0.0216175 0 0 0 0 0 0 21.0333
-9.04916 -23.3522  3.63865  0.120504 -0.124284  0.547959  0 -0  0 0 0 0   0.18537 0.0106087 0.0208555  -0.00572989    0.885493  -0.0549613 0 0 0 0 0 0 21.04
 -8.7889 -20.4189  2.90201  0.121944 -0.124899  0.548866  0 -0  0 0 0 0   0.111576 0.00149686  0.0149165  -0.00464025    0.874656  -0.0625483 0 0 0 0 0 0 21.0418
-8.70291 -19.7171  2.81092  0.121346 -0.122464  0.556374  0 -0  0 0 0 0 0.0911481 0.0256614 0.0744588    0.0168348    0.749903 -0.00746728 0 0 0 0 0 0 21.0497
-8.72907 -18.4234  2.63264  0.119459 -0.122806  0.568605  0 -0  0 0 0 0  0.0617521 0.00360056   0.168116  -0.0603822   0.933458  0.0205919 0 0 0 0 0 0 21.0621
-8.68859 -15.3638  2.13819  0.118992 -0.121468  0.577768  0 -0  0 0 0 0 0.0301362 0.0156427  0.157722  -0.0368716   0.908974 0.00348046 0 0 0 0 0 0 21.0714
-8.47351 -14.8245  2.00049  0.126338 -0.121839  0.571067  0 -0  0 0 0 0 0.0823724 0.0120636  0.102492   0.0286866   0.719149 -0.0237748 0 0 0 0 0 0 21.0813
-8.44466 -13.7249  1.86189  0.132256 -0.122565  0.579012  0 -0  0 0 0 0   0.126616 -0.0121426   0.155842  0.00124206   0.823687  0.0234676 0 0 0 0 0 0 21.0913
-8.24619 -10.9635   1.5448  0.139358 -0.121036  0.587898  0 -0  0 0 0 0   0.123025 0.00855709   0.151528  0.0297272  0.816599 0.0273268 0 0 0 0 0 0 21.1028
-8.32863  -10.135  1.28015  0.146083 -0.118358  0.583306  0 -0  0 0 0 0  0.158123 0.0325592 0.0977218  -0.0152999   0.819707  -0.051878 0 0 0 0 0 0 21.1113
-8.51712 -8.85729  1.01645  0.153097 -0.120189  0.589447  0 -0  0 0 0 0    0.191539 -0.00590126    0.138272   -0.178423   0.966786 -0.0536601 0 0 0 0 0 0 21.1208
-9.13789 -5.97865 0.399478   0.15515 -0.121493  0.605549  0 -0  0 0 0 0   0.123555 -0.0184901   0.185172   -0.201332   0.894048 -0.0507673 0 0 0 0 0 0 21.1371
-8.55965  -5.7079 0.380802   0.162963 -0.0991182   0.630874  0 -0  0 0 0 0 0.171328 0.183467 0.348084    0.0264129    0.505782 -0.00771256 0 0 0 0 0 0 21.1718
-8.39606  -5.1859 0.526566  0.165174 -0.104913  0.629578  0 -0  0 0 0 0  0.169479 0.0761896  0.290457  0.140621 0.456025 0.160795 0 0 0 0 0 0 21.1781
-7.96017 -3.47432 0.639912   0.16965 -0.103788   0.63607  0 -0  0 0 0 0  0.128045 0.0579519  0.227443  0.137437 0.499635 0.116399 0 0 0 0 0 0 21.1861
-8.09874 -2.94324 0.271711  0.174645 -0.103068  0.634406  0 -0  0 0 0 0  0.151806 0.0560868  0.179435   0.0488065    0.51433 -0.0806056 0 0 0 0 0 0 21.1914
  -8.05061   -2.23189 -0.0195182   0.18218 -0.103203  0.636966  0 -0  0 0 0 0  0.185719 0.0400782  0.170001  0.0302434  0.561119 -0.141927 0 0 0 0 0 0 21.1994
 -8.09656 -0.425159  -0.67983  0.186025 -0.102805  0.638991  0 -0  0 0 0 0  0.134157 0.0262823  0.123936  -0.00787539    0.588497    -0.12919 0 0 0 0 0 0 21.2037
 -8.26196  0.263122 -0.669951  0.192841 -0.105862  0.610955  0 -0  0 0 0 0   0.156917 0.00514376  -0.100201   -0.0552932    0.582965 -0.00414669 0 0 0 0 0 0 21.2327
 -8.29378   1.55902 -0.496382  0.192453 -0.107958  0.620364  0 -0  0 0 0 0    0.14567 -0.0295073 -0.0134866  -0.0258904   0.815179   0.263264 0 0 0 0 0 0 21.2424
 -8.31765   3.95927 -0.149788  0.197981 -0.111665  0.621154  0 -0  0 0 0 0    0.130377  -0.0493353 -0.00366747  -0.0162243   0.806466   0.242053 0 0 0 0 0 0 21.2491
-8.21951  4.83488 -0.63608  0.219444 -0.107295    0.6262  0 -0  0 0 0 0   0.282336 0.00971622  0.0250535   0.0480769   0.708374 -0.0302506 0 0 0 0 0 0 21.2716
-8.06709  5.43854 -0.97813  0.234262 -0.105821  0.616192  0 -0  0 0 0 0   0.344969  0.0285066 -0.0547467   0.140695  0.596723 -0.181597 0 0 0 0 0 0 21.2895
-7.74897  6.94487 -1.57378  0.239659 -0.101783  0.614315  0 -0  0 0 0 0   0.259413  0.0492559 -0.0509692   0.141554  0.586827 -0.149096 0 0 0 0 0 0 21.2965
-7.54531  8.11052 -1.72663   0.233938 -0.0698411   0.664617  0 -0  0 0 0 0  0.15094 0.297634  0.30287   0.131884  0.649903 -0.061853 0 0 0 0 0 0 21.3564
-7.27646  8.90073  -1.5372    0.22281 -0.0758309    0.65293  0 -0  0 0 0 0 0.0437303  0.174189  0.174211  0.196796 0.618371  0.19618 0 0 0 0 0 0 21.3736
-6.69147  10.4163 -1.20382   0.219121 -0.0681895   0.667766  0 -0  0 0 0 0 -0.00172682    0.166988     0.22006  0.204241 0.584466 0.198366 0 0 0 0 0 0 21.3907
-6.28526  12.0736 -1.66161   0.246478 -0.0430897   0.718259  0 -0  0 0 0 0 0.219946 0.340327 0.504651   0.236518   0.80682 -0.019375 0 0 0 0 0 0 21.4534
-5.80151  12.7924 -1.55663    0.24243 -0.0358832   0.723303  0 -0  0 0 0 0 0.148928 0.332783 0.450009   0.32444 0.636201 0.106905 0 0 0 0 0 0 21.463
-4.95901   14.308 -1.39609   0.245158 -0.0217999   0.745734  0 -0  0 0 0 0 0.121881 0.329771  0.47207  0.330887 0.623182 0.119434 0 0 0 0 0 0 21.4897
-4.62397  14.8451 -1.62291   0.242291 -0.0224298   0.764589  0 -0  0 0 0 0 0.0792053  0.264596  0.541769  0.349189 0.597434 0.011998 0 0 0 0 0 0 21.5087
-3.68738  16.0806 -1.41293    0.23092 -0.0132664   0.795324  0 -0  0 0 0 0 -0.0255487   0.246089   0.600954  0.383853 0.568898 0.113057 0 0 0 0 0 0 21.5428
-2.76601  17.4435  -1.2536    0.228921 -0.00447573    0.815704  0 -0  0 0 0 0 -0.0323007    0.23697   0.576169  0.376203 0.572793 0.099424 0 0 0 0 0 0 21.5651
  -2.298  17.7139 -1.17797    0.215666 -0.00570644    0.842983  0 -0  0 0 0 0 -0.138036  0.178273  0.693464   0.417677  0.503149 0.0965204 0 0 0 0 0 0 21.5954
-1.30198  19.7614 -1.01187   0.179284 0.00448035   0.899624  0 -0  0 0 0 0 -0.362859  0.177378  0.854786   0.370257  0.697267 0.0881871 0 0 0 0 0 0 21.6635
-0.304878   21.2967 -0.875948   0.163966 0.00375866   0.931909  0 -0  0 0 0 0 -0.372391  0.107051  0.843967   0.407507  0.665979 0.0699506 0 0 0 0 0 0 21.6992
 0.062019   20.8132 -0.884742   0.146411 0.00575126   0.954916  0 -0  0 0 0 0 -0.473288 0.0996907   0.90384   0.449484  0.334411 0.0428069 0 0 0 0 0 0 21.7282
  1.41203   19.1964 -0.175582   0.149246 -0.0028246   0.931985  0 -0  0 0 0 0 -0.272126 0.0250436  0.528451    0.47823 -0.251941   0.21355 0 0 0 0 0 0 21.7529
 2.51365  18.6397 0.283052     0.13461 -0.00656428     0.94035  0 -0  0 0 0 0  -0.29582 -0.014788  0.441883  0.421253  -0.2405 0.199633 0 0 0 0 0 0 21.7702
 2.99638  17.7618 0.518175   0.104085 0.00373825   0.961714  0 -0  0 0 0 0 -0.504212  0.062281  0.544803   0.458644 -0.458593   0.22868 0 0 0 0 0 0 21.8088
4.42881  15.197 1.22531  0.111506 0.0019704  0.942728  0 -0  0 0 0 0 -0.271912 0.0486158  0.270093   0.484583 -0.779386  0.300456 0 0 0 0 0 0 21.8293
5.53903 13.2687 1.68024   0.0987465 -0.00765435    0.940066  0 -0  0 0 0 0 -0.279587 -0.044914  0.177453   0.420876 -0.770669  0.257647 0 0 0 0 0 0 21.8455
5.74169 12.5764 1.72062   0.0867097 -0.00829918    0.949125  0 -0  0 0 0 0   -0.34868 -0.0488482   0.222867   0.376489 -0.785855  0.220889 0 0 0 0 0 0 21.8606
6.45339  10.739 1.94815  0.0912921 -0.0109069   0.948025  0 -0  0 0 0 0  -0.190433 -0.0477674     0.1429   0.293688 -0.748944  0.182679 0 0 0 0 0 0 21.8659
7.12372  8.7267 2.23804  0.0766916 -0.0178087   0.944938  0 -0  0 0 0 0  -0.233862 -0.0870762  0.0801556   0.248913 -0.745677    0.1995 0 0 0 0 0 0 21.8824
7.13048 8.22169 2.45749  0.0805462 -0.0226675   0.941556  0 -0  0 0 0 0 -0.176237 -0.114933  0.044404   0.169996 -0.696016   0.24587 0 0 0 0 0 0 21.8895
7.48485 6.53244 2.86874 0.0874703 -0.028199  0.933633  0 -0  0 0 0 0 -0.0618366  -0.118388 -0.0200464   0.140484 -0.704496  0.266263 0 0 0 0 0 0 21.9013
7.87789 4.50021 3.23908  0.0820754 -0.0405232   0.927906  0 -0  0 0 0 0  -0.080489  -0.167154 -0.0517512   0.130434 -0.711881  0.236125 0 0 0 0 0 0 21.916
7.94158 4.09723 3.30288  0.0756647 -0.0427494   0.921234  0 -0  0 0 0 0  -0.119881  -0.165408 -0.0904884  0.0986303  -0.63551  0.207911 0 0 0 0 0 0 21.9255
8.22889 2.75139 3.39362 0.0779045 -0.049354  0.918817  0 -0  0 0 0 0  -0.066946  -0.172363 -0.0889576   0.123002 -0.628409  0.148834 0 0 0 0 0 0 21.9329
8.50257 0.83542 3.69308  0.0659517 -0.0610148   0.910529  0 -0  0 0 0 0 -0.131509 -0.198967 -0.116056   0.102935 -0.644087  0.194566 0 0 0 0 0 0 21.9515
 8.49475 0.607179  3.79046  0.0624209 -0.0648592   0.906128  0 -0  0 0 0 0 -0.142747 -0.206039 -0.136928  0.0473606 -0.502721  0.178562 0 0 0 0 0 0 21.9583
  8.37455 -0.365289   3.89783  0.0603988 -0.0632753   0.901421  0 -0  0 0 0 0 -0.116818 -0.141783 -0.138744  -0.0227324  -0.484774   0.145874 0 0 0 0 0 0 21.9637
 8.36008 -1.69005  4.14123  0.0464846 -0.0752282   0.885459  0 -0  0 0 0 0 -0.176184 -0.176167 -0.194108  -0.00941603   -0.442777    0.148749 0 0 0 0 0 0 21.988
 8.08395 -2.40124  4.06453  0.0437072 -0.0742648   0.872306  0 -0  0 0 0 0 -0.172439 -0.150073 -0.262457  -0.0791894  -0.540629  0.0913843 0 0 0 0 0 0 22.0015
 7.67571 -3.40998  4.03025  0.0395191 -0.0766633   0.847128  0 -0  0 0 0 0 -0.166063 -0.133956 -0.362092  -0.197425 -0.523353 0.0621529 0 0 0 0 0 0 22.0271
 7.04281 -4.99238  4.06099  0.0302384 -0.0854542   0.825507  0 -0  0 0 0 0 -0.167547 -0.145324  -0.37358  -0.200035 -0.506196 0.0721643 0 0 0 0 0 0 22.0522
 6.85073 -5.95095  4.21606   0.032618 -0.0807481   0.823941  0 -0  0 0 0 0  -0.124525 -0.0870291  -0.322034   -0.16434 -0.759436  0.176197 0 0 0 0 0 0 22.0577
 6.13847 -7.33251  4.39929  0.0341346 -0.0813843   0.772676  0 -0  0 0 0 0 -0.0887848 -0.0778507  -0.589821  -0.361005 -0.745859  0.195224 0 0 0 0 0 0 22.109
  5.2661 -9.39098  4.56499  0.0350891 -0.0828847   0.725278  0 -0  0 0 0 0  -0.046028 -0.0568847   -0.66816  -0.285313 -0.649374  0.132239 0 0 0 0 0 0 22.1565
4.73767 -10.347 4.49143 0.0283405  -0.07141  0.710162  0 -0  0 0 0 0 -0.0934811   0.031647  -0.681731  -0.351761 -0.814359 0.0921869 0 0 0 0 0 0 22.1766
  3.8216 -11.4331  4.46051  0.0352227 -0.0695442   0.653704  0 -0  0 0 0 0 -0.029962 0.0445124 -0.933581   -0.57948 -0.728112 0.0416637 0 0 0 0 0 0 22.2335
 2.31182 -13.3832  4.17253  0.0495698 -0.0627397   0.583979  0 -0  0 0 0 0 0.0892252 0.0772196  -1.01083   -0.490892  -0.615328 -0.0284041 0 0 0 0 0 0 22.305
2.00782 -13.808 3.83238  0.0313389 -0.0266352   0.654083  0 -0  0 0 0 0 -0.0443024   0.355238  -0.430822  -0.441513 -0.745154 -0.111722 0 0 0 0 0 0 22.386
  1.2186 -14.6254  3.54601  0.0338687 -0.0211644   0.619251  0 -0  0 0 0 0 -0.0264782   0.332534  -0.604491  -0.623038 -0.646945 -0.187303 0 0 0 0 0 0 22.4213
-0.724698  -16.9156   2.92232 0.0451417  0.002544  0.578613  0 -0  0 0 0 0  0.070933  0.359807 -0.629632  -0.614979  -0.65763 -0.174252 0 0 0 0 0 0 22.4697
-1.50428 -16.6512  2.80017  0.0399037 0.00351447   0.599759  0 -0  0 0 0 0 0.0319496   0.31235 -0.445136  -0.668316 -0.250285 -0.152707 0 0 0 0 0 0 22.4915
-2.37002 -16.9293  2.56269  0.0454208 0.00974438   0.582533  0 -0  0 0 0 0 0.0715978  0.304235 -0.495362  -0.732994 -0.218745 -0.183611 0 0 0 0 0 0 22.5106
-4.62162 -17.6191  2.04189 0.0668508  0.029172  0.548303  0 -0  0 0 0 0 0.199762 0.307308 -0.51809  -0.705058 -0.196974  -0.16104 0 0 0 0 0 0 22.5554
-5.02908 -17.0164  2.12021 0.0419722 0.0322424  0.608944  0 -0  0 0 0 0 -0.0036777    0.29051 -0.0816322  -0.582911 0.0725025 -0.010377 0 0 0 0 0 0 22.6211
-5.75867 -16.8927  2.06056 0.0431975 0.0371617  0.604505  0 -0  0 0 0 0 0.00686708    0.27468  -0.100137   -0.604362  0.0982836 -0.0353968 0 0 0 0 0 0 22.6278
 -7.8796 -16.6004  1.92441  0.055885 0.0536154  0.594965  0 -0  0 0 0 0 0.0984517  0.270472   -0.1207   -0.619359  0.0924562 -0.0284066 0 0 0 0 0 0 22.6507
-7.90738 -16.4542  1.71602 0.0490629 0.0465077  0.630797  0 -0  0 0 0 0 0.0455245  0.143248  0.152496  -0.451203 0.0577629  -0.13437 0 0 0 0 0 0 22.6878
-8.41325 -16.3625  1.49077  0.051366 0.0481307  0.627261  0 -0  0 0 0 0 0.0544728  0.129979 0.0993487  -0.464886 0.0954174 -0.164528 0 0 0 0 0 0 22.6923
-9.88045 -16.2282  1.03029 0.0606723 0.0568343  0.630946  0 -0  0 0 0 0 0.0998032  0.136418 0.0832522  -0.459548 0.0688799 -0.128633 0 0 0 0 0 0 22.7056
-10.3898 -16.3459   1.0771  0.058646 0.0583768   0.60869  0 -0  0 0 0 0  0.0515669   0.142328 -0.0867459   -0.464125   0.013252 -0.0382541 0 0 0 0 0 0 22.728
-11.0006 -16.2875 0.997102 0.0596955 0.0583262  0.595475  0 -0  0 0 0 0 0.0442709  0.113348 -0.171988   -0.515071  0.0583283 -0.0558981 0 0 0 0 0 0 22.7413
-12.4141 -15.9881 0.842125 0.0724085 0.0649897  0.581012  0 -0  0 0 0 0  0.12045  0.10965 -0.19486   -0.434806  0.0815373 -0.0301608 0 0 0 0 0 0 22.7616
-12.6342 -15.4925 0.772416 0.0676734 0.0691504   0.59873  0 -0  0 0 0 0  0.0735156   0.123799 -0.0688613  -0.356686  0.280822 0.0124338 0 0 0 0 0 0 22.7804
-13.0676 -15.0609 0.729018 0.0691734 0.0687012  0.591153  0 -0  0 0 0 0 0.0715358 0.0920513 -0.111639  -0.371362   0.34162 0.0374921 0 0 0 0 0 0 22.7882
-14.1646  -14.033  0.52981 0.0788797 0.0758635  0.586006  0 -0  0 0 0 0  0.112688  0.103233 -0.100157  -0.329407  0.301759 0.0205632 0 0 0 0 0 0 22.8013
-14.4575 -13.6125 0.429277 0.0695833 0.0775916  0.595403  0 -0  0 0 0 0 0.0149418 0.0990832 -0.029211   -0.324733   0.351575 0.00160178 0 0 0 0 0 0 22.8146
-14.8247 -12.9934  0.29817 0.0704827  0.077725  0.587445  0 -0  0 0 0 0  0.0179169  0.0846915 -0.0821097  -0.336968  0.485859 0.0145842 0 0 0 0 0 0 22.8226
  -15.746  -11.5095 -0.159132 0.0804099 0.0809271  0.585797  0 -0  0 0 0 0  0.0885659  0.0621796 -0.0586385    -0.288017     0.43274 -0.00476415 0 0 0 0 0 0 22.8332
 -15.9403  -11.0495 -0.229542 0.0760917 0.0772984  0.586694  0 -0  0 0 0 0  0.0387208  0.0226683 -0.0485846  -0.259133   0.46094  0.019904 0 0 0 0 0 0 22.8389
 -16.2841   -10.176 -0.428504 0.0812464  0.077291  0.578577  0 -0  0 0 0 0 0.0802855 0.0228815 -0.103877  -0.324712  0.680681 0.0294396 0 0 0 0 0 0 22.8485
 -17.3627  -7.93184 -0.864757 0.0957081  0.077019  0.575448  0 -0  0 0 0 0      0.151 0.00183858 -0.0801201  -0.307471   0.61647  0.057602 0 0 0 0 0 0 22.8633
 -17.4449  -7.45169 -0.743866 0.0875801 0.0845185  0.587404  0 -0  0 0 0 0 0.0616303 0.0767486 0.0138311  -0.254673  0.511492  0.192036 0 0 0 0 0 0 22.8796
 -17.8463  -6.57886 -0.679843 0.0966768 0.0888205  0.588298  0 -0  0 0 0 0  0.138843 0.0984107 0.0251172  -0.356657  0.664176   0.29187 0 0 0 0 0 0 22.8897
 -18.8469  -4.24513 -0.848959 0.0933454 0.0982211  0.599389  0 -0  0 0 0 0 0.0466399  0.126084 0.0755769  -0.277937   0.59143  0.170493 0 0 0 0 0 0 22.9046
 -18.7732  -4.16856 -0.999528 0.0905208 0.0969467  0.587823  0 -0  0 0 0 0 0.00777155  0.0975373 -0.0179254   -0.190802   0.434617 -0.0264279 0 0 0 0 0 0 22.9166
-18.8132 -3.79785 -1.29059 0.103304 0.103262 0.585327  0 -0  0 0 0 0   0.126684    0.14538 -0.0335113  -0.0748548   0.459539  -0.117502 0 0 0 0 0 0 22.9311
-19.2208 -2.39974 -1.93567 0.119448 0.107681 0.593633  0 -0  0 0 0 0  0.180381 0.0841957 0.0408147   -0.107918   0.403001 -0.0512321 0 0 0 0 0 0 22.9498
-19.4755 -2.44738 -1.47745 0.099974 0.100596 0.576282  0 -0  0 0 0 0 -0.00293063   0.0415033  -0.0833394  -0.222043  0.101058  0.241132 0 0 0 0 0 0 22.9768
-19.5813 -2.23828 -1.10445  0.110854 0.0971522  0.568284  0 -0  0 0 0 0  0.0970735 -0.0155562  -0.129537    -0.1003 0.0634834  0.427663 0 0 0 0 0 0 22.9907
 -19.8316  -1.83293 -0.803424 0.0869449  0.105768  0.560428  0 -0  0 0 0 0 -0.121868 0.0941335 -0.133341  -0.067953 0.0717887  0.156475 0 0 0 0 0 0 23.0173
-19.8197 -1.71106 -1.14778 0.0867468 0.0919134  0.573823  0 -0  0 0 0 0  -0.114361 -0.0618534 -0.0125168  -0.0344377   0.168441  -0.200533 0 0 0 0 0 0 23.0366
-19.7436 -1.88333 -1.67427 0.104071 0.102752 0.568251  0 -0  0 0 0 0  0.0677396  0.0549392 -0.0600866  0.0336388   0.12894 -0.452882 0 0 0 0 0 0 23.0578
-19.6059 -1.77916 -2.98186 0.123449 0.107567 0.557592  0 -0  0 0 0 0  0.168631 0.0531546 -0.101153  0.0268884  0.132841 -0.323516 0 0 0 0 0 0 23.0804
 -19.746 -1.56972 -2.44909 0.0849586  0.117465  0.556897  0 -0  0 0 0 0 -0.186733   0.18023 -0.108074  -0.0467522  0.0391885   0.246774 0 0 0 0 0 0 23.1202
-19.7888 -1.21672 -1.80949 0.0963543  0.109811  0.559566  0 -0  0 0 0 0 -0.0450798   0.022791 -0.0611765  -0.00787321   0.0151313    0.698644 0 0 0 0 0 0 23.1341
 -19.7297 -0.539893 -0.756313 0.0556403  0.124247  0.553101  0 -0  0 0 0 0  -0.316176   0.186554 -0.0893595  0.0145952 0.0619822  0.360604 0 0 0 0 0 0 23.1778
 -19.8099 -0.184638  -1.22533 0.0735142 0.0966405  0.567457  0 -0  0 0 0 0 -0.128188 -0.122357 0.0395093  0.0385143  0.298914 -0.173992 0 0 0 0 0 0 23.2137
  -19.736 -0.136612  -1.72324 0.0891068  0.105942  0.561778  0 -0  0 0 0 0   0.0498714 -0.00764496 -0.00937278  0.0761082  0.305102 -0.379919 0 0 0 0 0 0 23.2327
-19.7234 0.489855  -3.1806 0.103301 0.112597 0.565002  0 -0  0 0 0 0  0.117607 0.0440139 0.0135163  0.0149156  0.277511 -0.302319 0 0 0 0 0 0 23.2487
-19.6967 0.333658 -2.75891 0.0739756   0.10552  0.554366  0 -0  0 0 0 0  -0.138641 0.00771861 -0.0680297   -0.0613973 -0.00027403    0.119963 0 0 0 0 0 0 23.2807
-19.5964 0.237971 -2.38414 0.0805846 0.0962079  0.547181  0 -0  0 0 0 0 -0.0515676  -0.109326  -0.107003  0.0927083 -0.151347  0.323569 0 0 0 0 0 0 23.2942
-19.2449 0.325559 -1.17509  0.069307 0.0921469  0.531715  0 -0  0 0 0 0  -0.107177 -0.0684198  -0.158253   0.0885201 -0.0916792   0.294206 0 0 0 0 0 0 23.3138
-19.2802 0.776054 -1.43405 0.0763391 0.0745668  0.557515  0 -0  0 0 0 0   -0.0326 -0.247021 0.0557867    0.116668   0.173596 0.00270863 0 0 0 0 0 0 23.3458
-19.0979 0.878093 -1.55375 0.0918019 0.0761905  0.553728  0 -0  0 0 0 0  0.113323 -0.198615 0.0189244    0.205653   0.169709 -0.0429627 0 0 0 0 0 0 23.3618
-18.3423  1.32831 -1.81145  0.101107 0.0619499   0.56373  0 -0  0 0 0 0  0.122224 -0.206436 0.0760167    0.189894    0.13501 -0.0272331 0 0 0 0 0 0 23.3815
-18.7711  1.72178 -1.94019  0.103237 0.0760903  0.573915  0 -0  0 0 0 0   0.116151 -0.0517057   0.149992  -0.0329487   0.162133 0.00495542 0 0 0 0 0 0 23.3991
 -18.701  1.63076 -1.93525  0.111112 0.0766378  0.574088  0 -0  0 0 0 0   0.170732 -0.0410303   0.136066    0.050271  0.0338398 0.00693061 0 0 0 0 0 0 23.407
-18.6068  1.60387 -1.82491  0.123225 0.0734434  0.590801  0 -0  0 0 0 0  0.170516 -0.048406  0.183017    0.0260283 -0.00527492    0.021565 0 0 0 0 0 0 23.4279
-18.5916  1.27333 -1.65477  0.123201 0.0807307  0.577389  0 -0  0 0 0 0  0.144241 0.0349263 0.0660443  -0.0247405    -0.1709  0.0688323 0 0 0 0 0 0 23.4431
-18.4833 0.813983 -1.49278  0.130323 0.0772308  0.560175  0 -0  0 0 0 0    0.190283 -0.00180008   -0.076559   0.100221 -0.342243 0.0598894 0 0 0 0 0 0 23.4621
  -17.804 -0.161218 -0.911762  0.133493 0.0833201  0.540797  0 -0  0 0 0 0  0.113723 0.0605386 -0.174243   0.161765 -0.294622 0.0598911 0 0 0 0 0 0 23.4826
  -17.1577 -0.0396233   -1.04919  0.139904 0.0827503  0.561929  0 -0  0 0 0 0   0.152905  0.0247528 -0.0210386    0.431433 -0.0136164 -0.0490294 0 0 0 0 0 0 23.5047
 -16.6606 -0.155152  -1.14566  0.147904 0.0820077  0.546852  0 -0  0 0 0 0  0.204006 0.0195828 -0.134542    0.571168 -0.0480657  -0.107345 0 0 0 0 0 0 23.5218
 -14.2834 -0.293501  -1.36312  0.167848 0.0811784  0.531078  0 -0  0 0 0 0    0.250829 0.000671575   -0.175762    0.607248 -0.0270704 -0.0709817 0 0 0 0 0 0 23.5473
 -13.7374 0.0719136  -1.16533  0.150687 0.0877767  0.553368  0 -0  0 0 0 0   0.0746206   0.0667492 -0.00480406   0.614331 0.0955195  0.131309 0 0 0 0 0 0 23.5761
-13.3331  0.88286  -0.9003  0.144349 0.0838842   0.56212  0 -0  0 0 0 0   0.0147645 -0.00324344    0.072438  0.521529 0.427423 0.384589 0 0 0 0 0 0 23.5876
  -11.5818    2.79193 -0.0164587  0.141487 0.0826945   0.56308  0 -0  0 0 0 0  -0.0125052 -0.00533375   0.0508803  0.480697 0.453663 0.353203 0 0 0 0 0 0 23.5909
-11.1861  2.88364 0.198464  0.131832 0.0706408  0.592561  0 -0  0 0 0 0 -0.0856207  -0.122301    0.26425  0.333972 0.209426 0.242827 0 0 0 0 0 0 23.6242
-10.7972  3.18111 0.421177 0.128126 0.067004 0.602469  0 -0  0 0 0 0 -0.102984 -0.142672  0.306789  0.385815  0.22935 0.274478 0 0 0 0 0 0 23.6353
-9.42833  4.03643  1.01671  0.115293 0.0595342  0.620942  0 -0  0 0 0 0 -0.156073 -0.130905    0.3124  0.401279 0.224853 0.232484 0 0 0 0 0 0 23.659
-8.86456  4.13844 0.866748 0.124253 0.055368 0.610738  0 -0  0 0 0 0 -0.0511043  -0.139016   0.194926   0.414423   0.16155 0.0494118 0 0 0 0 0 0 23.6732
-8.32885   4.2891 0.781761  0.125554 0.0535105  0.605159  0 -0  0 0 0 0 -0.0315627  -0.124656   0.126283    0.508975   0.161016 -0.0469277 0 0 0 0 0 0 23.6793
-6.76269  4.71321 0.620732  0.129738 0.0460968  0.615143  0 -0  0 0 0 0  0.015255 -0.137229  0.147834    0.516979   0.149202 -0.0356977 0 0 0 0 0 0 23.6924
-5.40778  4.88636  0.90543  0.114707 0.0611344  0.642117  0 -0  0 0 0 0 -0.113743  0.037728  0.302787  0.657231 0.123176 0.077301 0 0 0 0 0 0 23.7267
-4.74041  5.15095  1.26651  0.113564 0.0568929  0.649655  0 -0  0 0 0 0 -0.0966866 -0.0254168    0.31592   0.54388 0.173837 0.311458 0 0 0 0 0 0 23.7355
-2.9816 5.68204 2.16297  0.111126 0.0555056  0.669857  0 -0  0 0 0 0  -0.076571 -0.0273882   0.339611  0.553516 0.160207 0.309046 0 0 0 0 0 0 23.7559
-2.40295  5.89858  2.56741  0.120035 0.0475708  0.640691  0 -0  0 0 0 0   0.011535 -0.0866081    0.07486  0.483052 0.155022 0.296095 0 0 0 0 0 0 23.7874
-1.8562 6.09003 3.04712  0.121959 0.0431788  0.640251  0 -0  0 0 0 0 0.0289742 -0.115469 0.0607555  0.402075 0.146935 0.381845 0 0 0 0 0 0 23.7922
-0.573603   6.47676   4.07509  0.128341 0.0372773   0.64598  0 -0  0 0 0 0 0.0662846 -0.115005 0.0772909  0.401311 0.129659 0.358687 0 0 0 0 0 0 23.8026
0.511827  6.78992   3.9682  0.147823 0.0281215  0.649414  0 -0  0 0 0 0  0.208219 -0.176486 0.0934452  0.566155 0.148554  0.12027 0 0 0 0 0 0 23.8244
1.20562 6.94539 3.79409   0.15425 0.0283406  0.643861  0 -0  0 0 0 0  0.209073 -0.127569 0.0401304   0.509194  0.117323 -0.092593 0 0 0 0 0 0 23.8329
2.57425 7.12113 3.63016  0.158638 0.0217558  0.651892  0 -0  0 0 0 0  0.164812 -0.134189 0.0761772    0.497978  0.0758832 -0.0660679 0 0 0 0 0 0 23.8442
3.37756 6.87521 3.75164  0.157189 0.0316182  0.640179  0 -0  0 0 0 0    0.131114  -0.0212467 -0.00770515    0.579045 -0.0489751  0.0165629 0 0 0 0 0 0 23.8595
4.30448 6.68079 3.95604  0.156628 0.0264541  0.635795  0 -0  0 0 0 0  0.0990738 -0.0596952 -0.0295196    0.506914 -0.0772015   0.102415 0 0 0 0 0 0 23.8663
5.69511 6.35118 4.21846  0.158857 0.0205066  0.635327  0 -0  0 0 0 0  0.0798849 -0.0860613 -0.0258415   0.503383 -0.104586  0.105891 0 0 0 0 0 0 23.8727
6.35568 6.18569 4.47105  0.158041 0.0240801  0.624816  0 -0  0 0 0 0  0.0633108 -0.0440042 -0.0896574    0.55811 -0.129167  0.174101 0 0 0 0 0 0 23.8838
7.60644 6.06612 4.87676  0.158904 0.0168844  0.635717  0 -0  0 0 0 0    0.0528359    -0.093367 -0.000161531      0.5649 -0.0708186   0.195645 0 0 0 0 0 0 23.8969
8.84749 5.93246 5.31108   0.158235 0.00397201   0.618313  0 -0  0 0 0 0 0.0281536 -0.160354 -0.105906    0.487768 -0.0363874   0.179318 0 0 0 0 0 0 23.9186
9.15609 6.05857 5.57401   0.157915 0.00595254   0.623813  0 -0  0 0 0 0  0.0235546  -0.127298 -0.0588222   0.44632 0.033075 0.214125 0 0 0 0 0 0 23.9245
9.99821 6.58482 6.03533    0.157816 -0.00698689     0.63305  0 -0  0 0 0 0 0.0139325 -0.188935 0.0111456  0.355418 0.162253 0.177267 0 0 0 0 0 0 23.9404
10.7936 6.99474 6.42929    0.16075 -0.0196278   0.622233  0 -0  0 0 0 0 0.0306044 -0.218847 -0.058416  0.308344 0.180611 0.129649 0 0 0 0 0 0 23.9573
11.1566  7.0988 6.54487   0.155574 -0.0190028   0.618844  0 -0  0 0 0 0 -0.0112211  -0.192248  -0.072621  0.343418 0.169494 0.126507 0 0 0 0 0 0 23.9635
 11.891 7.52932 6.71148   0.149489 -0.0239331    0.62205  0 -0  0 0 0 0 -0.0522322  -0.171923 -0.0330048   0.306951  0.177811 0.0588077 0 0 0 0 0 0 23.9719
  12.6 7.9775 6.9238   0.148249 -0.0311536   0.615512  0 -0  0 0 0 0  -0.043566  -0.168061 -0.0636562   0.277545  0.186868 0.0452884 0 0 0 0 0 0 23.9818
12.9346 7.84801 7.05615   0.144916 -0.0301519   0.612807  0 -0  0 0 0 0 -0.0642771  -0.144744 -0.0753664   0.318388  0.104059 0.0894874 0 0 0 0 0 0 23.9862
13.7554 7.88966 7.29911 0.139666 -0.02785 0.601651  0 -0  0 0 0 0  -0.080025 -0.0853106  -0.121852   0.328188 0.0674837  0.093215 0 0 0 0 0 0 23.9987
14.5882 7.93429 7.60726   0.134008 -0.0361545   0.592626  0 -0  0 0 0 0 -0.0961093  -0.119072  -0.145258   0.313069 0.0502888  0.110095 0 0 0 0 0 0 24.0122
14.7379 7.83571 7.57543  0.129345 -0.038306  0.593311  0 -0  0 0 0 0 -0.122145 -0.122969 -0.130591    0.293762 0.00968567  0.0776624 0 0 0 0 0 0 24.0174
15.5479 7.68538 7.51424  0.117229 -0.034492  0.573577  0 -0  0 0 0 0  -0.167414 -0.0678162  -0.215784    0.322602 -0.0330411  0.0242572 0 0 0 0 0 0 24.0409
16.1801 7.54837 7.62632   0.106133 -0.0355985   0.561798  0 -0  0 0 0 0  -0.192435 -0.0567664  -0.229319    0.263493 -0.0357688  0.0512248 0 0 0 0 0 0 24.0571
16.2786 7.42519 7.64672   0.110332 -0.0397636   0.563353  0 -0  0 0 0 0  -0.143992 -0.0791616   -0.20437    0.238666 -0.0570672  0.0551614 0 0 0 0 0 0 24.0632
16.3976 7.25609 7.44209   0.104245 -0.0424354   0.558801  0 -0  0 0 0 0  -0.142969 -0.0788898   -0.18333    0.137755 -0.0720239 -0.0210062 0 0 0 0 0 0 24.0713
16.4268 7.17036 7.37712   0.097987 -0.0383929   0.538617  0 -0  0 0 0 0 -0.138152 -0.028215 -0.255346   0.0450141 -0.0453513 -0.0171855 0 0 0 0 0 0 24.0928
16.3543 7.00678 7.34919   0.101302 -0.0391389   0.541756  0 -0  0 0 0 0  -0.100676 -0.0280481  -0.216357   0.0207511 -0.0805033 -0.0074057 0 0 0 0 0 0 24.0974
16.1293 7.11369 7.18585   0.103566 -0.0372832   0.538164  0 -0  0 0 0 0 -0.0521076 -0.0025623  -0.187192  -0.0465287 -0.0176505  -0.053303 0 0 0 0 0 0 24.102
15.8016  7.2059  6.9871   0.104639 -0.0366134    0.52191  0 -0  0 0 0 0 -0.0262599 0.00315316  -0.234423   -0.100798 0.00885688 -0.0801754 0 0 0 0 0 0 24.1183
15.8431 7.20007 6.87818    0.10739 -0.0377462   0.517577  0 -0  0 0 0 0 -0.00234209 -0.00437009   -0.241944  -0.0576754 -0.0102059 -0.0964757 0 0 0 0 0 0 24.1236
15.3887 8.02664 6.54068   0.100393 -0.0363129   0.516443  0 -0  0 0 0 0 -0.0520113  0.0040296  -0.195418  -0.145896  0.162104 -0.173711 0 0 0 0 0 0 24.1308
14.9849 8.58261 6.16298   0.100148 -0.0387332   0.507736  0 -0  0 0 0 0 -0.0381578 -0.0130128  -0.195903   -0.14233   0.17303 -0.198351 0 0 0 0 0 0 24.1399
15.3894 8.56121 6.22013   0.106385 -0.0392454   0.492134  0 -0  0 0 0 0  0.0149593 -0.0188508  -0.275358  0.0198171   0.10508 -0.123403 0 0 0 0 0 0 24.1567
15.3082 8.99068  7.0109   0.113135 -0.0523925    0.47874  0 -0  0 0 0 0  0.0417651 -0.0880025  -0.293433  -0.0549386   0.202622   0.133069 0 0 0 0 0 0 24.1766
14.9812 9.39914  7.5869   0.110126 -0.0472732   0.460971  0 -0  0 0 0 0 0.00940378 -0.0266505  -0.321735  -0.139868  0.219061  0.169272 0 0 0 0 0 0 24.1954
15.1175  9.3883 8.04794   0.104097 -0.0584736   0.462777  0 -0  0 0 0 0 -0.0434966  -0.114186  -0.280773  -0.077449  0.200487  0.288448 0 0 0 0 0 0 24.2082
14.6229 9.65754 10.0679   0.117155 -0.0675847   0.426541  0 -0  0 0 0 0 0.0564534  -0.12703 -0.434459  -0.289583  0.295134  0.636058 0 0 0 0 0 0 24.2478
 14.132 9.95454 11.9267   0.120546 -0.0625639   0.411887  0 -0  0 0 0 0   0.067474 -0.0485787  -0.403047  -0.30936  0.29319 0.655137 0 0 0 0 0 0 24.2636
14.5687 9.90278 12.7232   0.113424 -0.0564004    0.40424  0 -0  0 0 0 0  0.00895995 -0.00411473   -0.408714  -0.132962  0.246228  0.745056 0 0 0 0 0 0 24.2758
 14.103  9.5948 14.5209   0.119452 -0.0434764   0.337922  0 -0  0 0 0 0 0.0560183 0.0909629 -0.721206  -0.288698  0.144347  0.745788 0 0 0 0 0 0 24.3436
13.7979 9.32527 16.3202   0.126107 -0.0487505   0.318044  0 -0  0 0 0 0 0.0809293 0.0261726 -0.634835   -0.23658 0.0791389  0.685188 0 0 0 0 0 0 24.3652
13.6509 8.56037 16.8997   0.116414 -0.0467616   0.328856  0 -0  0 0 0 0 -0.0042452  0.0368089  -0.509412  -0.227252 -0.125491  0.742172 0 0 0 0 0 0 24.3799
13.2373 7.92586 18.3151   0.122249 -0.0300205    0.29475  0 -0  0 0 0 0 0.0450192  0.152264  -0.60601  -0.26368 -0.11913 0.684632 0 0 0 0 0 0 24.4183
12.6712 7.17463 19.9876   0.125638 -0.0283985   0.270124  0 -0  0 0 0 0 0.0523943  0.111073  -0.57919  -0.285168 -0.127377   0.66174 0 0 0 0 0 0 24.4432
12.5749 6.72125 20.6991   0.115942 -0.0206406   0.259328  0 -0  0 0 0 0 -0.0275933   0.155636  -0.593536  -0.260586 -0.187774  0.743622 0 0 0 0 0 0 24.4597
 12.176 6.80369 22.9175   0.129253 -0.0103217   0.251674  0 -0  0 0 0 0 0.0872535   0.20076  -0.51771  -0.30704 0.100305 0.949816 0 0 0 0 0 0 24.4782
11.5843  6.5574 25.2379   0.140085 -0.0116756    0.22835  0 -0  0 0 0 0  0.133042  0.115567 -0.511699  -0.316111 0.0886685  0.860202 0 0 0 0 0 0 24.5039
10.9785 6.65245 26.0064   0.133243 -0.0134028   0.220672  0 -0  0 0 0 0 0.0607913 0.0837579 -0.508896  -0.447904  0.155077  0.832184 0 0 0 0 0 0 24.5144
10.6507  7.4246 26.5589   0.127043 -0.0114395   0.264225  0 -0  0 0 0 0 -0.0175807  0.0576545  -0.105755  -0.247672  0.262827  0.350784 0 0 0 0 0 0 24.5584
 10.264 7.79107 27.2728   0.134799 -0.0204543   0.272428  0 -0  0 0 0 0  0.0412307 -0.0374607  -0.016638  -0.185904  0.194879  0.243596 0 0 0 0 0 0 24.5728
 10.689 7.67583 27.5015    0.11766 -0.0141224    0.25593  0 -0  0 0 0 0 -0.0967062   0.015192  -0.123624   0.010968 0.0820038  0.238589 0 0 0 0 0 0 24.5975
10.6203 7.51204 26.8239   0.104153 -0.0136849   0.276671  0 -0  0 0 0 0    -0.18676 -0.00506364   0.0705493  0.00898103 -0.0711268  -0.176259 0 0 0 0 0 0 24.6222
10.5213 7.41887 26.3733 0.0956401 -0.010627  0.280724  0 -0  0 0 0 0 -0.186295 0.0235639 0.0766985  -0.0133588 -0.0663542  -0.165298 0 0 0 0 0 0 24.6321
10.6847  7.7424 26.5805  0.0950497 -0.0144132   0.273447  0 -0  0 0 0 0  -0.164607 -0.0166202  0.0209203   0.0264536  0.0712192 -0.0470369 0 0 0 0 0 0 24.6404
10.7677 8.14577  27.745    0.117468 -0.00978174    0.278595  0 -0  0 0 0 0  0.067215 0.0426031 0.0448235  -0.021183  0.222784   0.40654 0 0 0 0 0 0 24.6638
10.7699 8.55749 28.8796    0.119021 -0.00622212    0.277256  0 -0  0 0 0 0 0.0575882 0.0569728 0.0208669  -0.0602326   0.243391   0.406869 0 0 0 0 0 0 24.6679
10.3188 8.73741 29.1672    0.111972 -0.00615716     0.27593  0 -0  0 0 0 0 -0.0103371  0.0453701 0.00152765  -0.205231  0.242014  0.337836 0 0 0 0 0 0 24.6751
9.82442 8.85053 29.6773   0.111001 0.00234342   0.279934  0 -0  0 0 0 0 -0.0138151  0.0979387  0.0415881  -0.256476  0.152486  0.238709 0 0 0 0 0 0 24.6845
9.32027 9.10176 30.1724   0.113795 0.00220773   0.285176  0 -0  0 0 0 0 0.00897375  0.0609341  0.0661159  -0.235332   0.13451  0.179221 0 0 0 0 0 0 24.6905
 9.4892 9.10044  30.031    0.108778 -0.00105335    0.267883  0 -0  0 0 0 0 -0.0330435  0.0179531 -0.0650362  -0.0897724   0.058622   0.057952 0 0 0 0 0 0 24.7088
9.23469 9.58857 28.7505  0.0940579 0.00615949   0.287542  0 -0  0 0 0 0 -0.143169 0.0470781 0.0918476  -0.0518295  0.0641294  -0.485044 0 0 0 0 0 0 24.7344
 8.8745 9.92228   27.54  0.0898738 0.00877416   0.292057  0 -0  0 0 0 0 -0.127437 0.0539763 0.0951474  -0.0617786  0.0589921    -0.5011 0 0 0 0 0 0 24.7411
8.87838 10.4249 27.0955   0.082781 0.00730427   0.274781  0 -0  0 0 0 0   -0.16267  0.0273605 -0.0400013  -0.0246904   0.171986  -0.490315 0 0 0 0 0 0 24.7598
8.40629 10.8105 24.8407 0.0760326 0.0169239  0.270519  0 -0  0 0 0 0  -0.165407  0.0806194 -0.0499907  -0.0140987  0.0721647  -0.909765 0 0 0 0 0 0 24.7723
7.96326 11.2844  22.649 0.0698414 0.0209954  0.270579  0 -0  0 0 0 0   -0.15792   0.086243 -0.0342188  -0.00965606   0.0676604   -0.893955 0 0 0 0 0 0 24.7797
7.86071 11.7908 21.6414 0.0719297 0.0132145  0.270428  0 -0  0 0 0 0   -0.120842 0.000708046  -0.0266306  0.0223324  0.163449 -0.918352 0 0 0 0 0 0 24.7878
7.07274 11.6081 19.4232 0.0759163 0.0160382  0.262726  0 -0  0 0 0 0 -0.0537849  0.0227828 -0.0438788   -0.119726 -0.0638167  -0.977645 0 0 0 0 0 0 24.7969
6.31012 11.7022 16.9976 0.0726842 0.0198641  0.265401  0 -0  0 0 0 0 -0.0608489  0.0477648 -0.0112128    -0.11084 -0.0715416   -0.95866 0 0 0 0 0 0 24.8026
6.04556 12.7483  15.943 0.0745915 0.0164438  0.254391  0 -0  0 0 0 0 -0.0357254 0.00794885 -0.0742739  -0.100117  0.255864 -0.976637 0 0 0 0 0 0 24.8143
5.23387 12.5655 13.6738 0.0791563 0.0282407  0.245093  0 -0  0 0 0 0  0.0104932   0.110557 -0.0942841   -0.121013 -0.0360905   -1.02758 0 0 0 0 0 0 24.83
4.35829 12.6357 11.0509 0.0787742 0.0337447  0.243399  0 -0  0 0 0 0 0.00353495   0.115992 -0.0783667   -0.119765 -0.0545473    -1.0199 0 0 0 0 0 0 24.8357
3.87256 13.4219 9.67021 0.0754866 0.0281471  0.211391  0 -0  0 0 0 0 -0.019882 0.0409041 -0.277996  -0.144334  0.182612  -1.06075 0 0 0 0 0 0 24.8684
3.39191 13.2451 7.10447 0.0731202 0.0333319  0.201181  0 -0  0 0 0 0 -0.0412997  0.0717041  -0.274636   0.0658632 -0.0556207   -1.25888 0 0 0 0 0 0 24.8801
2.72103 12.8778 3.78159 0.0734192 0.0398812  0.210851  0 -0  0 0 0 0 -0.0284348  0.0992416  -0.134929  0.0444702 -0.172701  -1.22445 0 0 0 0 0 0 24.8918
1.58458 13.9079 1.87774 0.0681391 0.0182631   0.11941  0 -0  0 0 0 0 -0.0511406  -0.107474  -0.709902  -0.201151  0.213231   -1.2172 0 0 0 0 0 0 24.9859
 0.854197   14.1233 0.0525857 0.0715617 0.0194783  0.103157  0 -0  0 0 0 0 -0.0113005 -0.0636997   -0.69036  -0.188123  0.151244  -1.15585 0 0 0 0 0 0 25.0025
-0.343022   14.9089  -2.86555 0.0641645  0.019184 0.0479093  0 -0  0 0 0 0 -0.0561864 -0.0412819  -0.838145  -0.18365 0.255675 -1.09131 0 0 0 0 0 0 25.0583
-1.29577  15.6153 -4.47309  0.0506329 0.00797376 -0.0157788  0 -0  0 0 0 0 -0.145469 -0.127682  -1.07649  -0.239874  0.335243  -0.93503 0 0 0 0 0 0 25.1243
-2.12301  16.0241 -5.69563  0.0522393  0.0055571 -0.0402001  0 -0  0 0 0 0 -0.105437 -0.121839  -1.08181  -0.388166  0.339419 -0.920505 0 0 0 0 0 0 25.1489
 -4.1523  16.1264 -8.12997  0.0487365  0.0037726 -0.0608593  0 -0  0 0 0 0  -0.100182 -0.0915735  -0.893877  -0.491682  0.163526 -0.914029 0 0 0 0 0 0 25.17
 -4.8478  16.5946 -9.66619 0.0346769 0.0151976 -0.043507  0 -0  0 0 0 0 -0.182236 0.0267785 -0.543083  -0.298321  0.218482 -0.780073 0 0 0 0 0 0 25.195
-5.40687  16.5842 -10.6367  0.0357841  0.0165527 -0.0593553  0 -0  0 0 0 0 -0.149193 0.0380992 -0.592093  -0.275433  0.130905 -0.869149 0 0 0 0 0 0 25.211
-7.14233   15.591  -12.934   0.037169  0.0201118 -0.0404135  0 -0  0 0 0 0 -0.100672 0.0452513 -0.283536  -0.396447 -0.170658 -0.894744 0 0 0 0 0 0 25.2303
-7.67816  15.1234 -14.4086  0.0223287  0.0216895 -0.0204979  0 -0  0 0 0 0  -0.189704  0.0379691 -0.0648451  -0.206045 -0.139114 -0.759589 0 0 0 0 0 0 25.2552
-8.11713  14.8989 -15.1033  0.0273605  0.0215896 -0.0240164  0 -0  0 0 0 0  -0.122299  0.0301626 -0.0866095  -0.255843  -0.13785 -0.692862 0 0 0 0 0 0 25.2613
-9.98665  14.6124 -16.7739 0.0337814 0.0202691 -0.047725  0 -0  0 0 0 0 -0.0268793 0.00684805  -0.230474    -0.49609 -0.0438672  -0.662139 0 0 0 0 0 0 25.2859
-11.6033  15.5014  -17.828 0.00362078  0.0295623 -0.0266589  0 -0  0 0 0 0  -0.248623  0.0917656 -0.0112768  -0.494456  0.318388 -0.392639 0 0 0 0 0 0 25.3239
-12.3099   15.874 -18.1223 0.00576359  0.0266364 -0.0191177  0 -0  0 0 0 0 -0.196849  0.034425 0.0587929  -0.667457   0.39306 -0.233646 0 0 0 0 0 0 25.3322
-14.1823  16.6585 -18.8336 -0.00181799    0.032975  -0.0168331  0 -0  0 0 0 0 -0.190023 0.0842504 0.0540996  -0.674193  0.376904 -0.204918 0 0 0 0 0 0 25.3424
-15.2134   17.268 -19.3142 -0.00266782   0.0499536  -0.0157434  0 -0  0 0 0 0 -0.142266  0.214815 0.0444902  -0.424525  0.353935 -0.115072 0 0 0 0 0 0 25.3594
-15.5761  17.3391 -19.6398  0.0107187  0.0562208 -0.0251847  0 -0  0 0 0 0 -0.0262477   0.251628  -0.041764  -0.362863  0.291237 -0.271619 0 0 0 0 0 0 25.377
-16.3946  17.1981 -20.5475    0.019327   0.0542666 -0.00584323  0 -0  0 0 0 0 0.0430263  0.111898 0.0938125  -0.256057  0.106184 -0.323731 0 0 0 0 0 0 25.3982
-16.7126  17.0634 -21.3967  0.0251588   0.066133 -0.0206004  0 -0  0 0 0 0  0.0724109   0.185841 -0.0449496  -0.0675513  0.0978793  -0.338071 0 0 0 0 0 0 25.418
-16.7942  16.7371 -21.9441  0.0410259  0.0741167 -0.0297041  0 -0  0 0 0 0  0.175298  0.248273 -0.113894  0.00880325  0.0286275  -0.612191 0 0 0 0 0 0 25.438
-17.2405   15.852 -23.3491  0.0594288     0.1014 -0.0188309  0 -0  0 0 0 0    0.224047    0.344781 -0.00676839  -0.0164361 -0.0951476  -0.473932 0 0 0 0 0 0 25.4727
-17.2454  15.4768  -23.607     0.0459  0.0771275 -0.0214055  0 -0  0 0 0 0   0.0978341 -0.00730201  -0.0101914  0.0230571 -0.154434 -0.261036 0 0 0 0 0 0 25.5006
-17.1837  15.0062 -23.5257  0.0465479  0.0684279 -0.0295302  0 -0  0 0 0 0   0.108661  -0.119933 -0.0729448  0.0157175 -0.320861 -0.137055 0 0 0 0 0 0 25.5125
-17.0753   13.491 -22.9981  0.0558192  0.0936305 -0.0209493  0 -0  0 0 0 0  0.126841  0.152639 0.0121297  -0.00335212   -0.389546  -0.0151502 0 0 0 0 0 0 25.5407
-17.0335  13.1242 -22.8121   0.043793  0.0749339 -0.0200278  0 -0  0 0 0 0  0.0267897 -0.0731011  0.0243492  -0.000667475    -0.397229    0.0394801 0 0 0 0 0 0 25.5629
-16.8825  12.3455 -22.2815  0.0303347  0.0641131 -0.0299008  0 -0  0 0 0 0 -0.0676543  -0.203729 -0.0588761  -0.000789471    -0.698623     0.200664 0 0 0 0 0 0 25.5828
-16.0774  9.95528 -20.4815  0.0229996  0.0654977 -0.0260109  0 -0  0 0 0 0 -0.0877781 -0.0769957 -0.0162909  0.0986661 -0.732711  0.249948 0 0 0 0 0 0 25.5912
-15.7256  9.19286 -19.9692  0.0228223  0.0702179 -0.0312882  0 -0  0 0 0 0 -0.0793201 -0.0127429 -0.0564276   0.193923 -0.785775  0.286246 0 0 0 0 0 0 25.5983
-15.1248  7.51362 -19.3842  0.0215722  0.0687692 -0.0274798  0 -0  0 0 0 0  -0.0845889  -0.0351692 -0.00851745  0.350297 -1.34119 0.208027 0 0 0 0 0 0 25.6026
-14.0649  3.84029 -17.7092  0.0181617  0.0617045 -0.0670031  0 -0  0 0 0 0 -0.0588971 -0.0624918  -0.281716   0.27646 -1.16634 0.198748 0 0 0 0 0 0 25.6429
-13.4041  3.16071 -17.3486  0.0196458  0.0698961 -0.0711833  0 -0  0 0 0 0 -0.0399117  0.0202426  -0.289124   0.541329 -0.760649   0.18221 0 0 0 0 0 0 25.6522
 -12.572  2.06953 -17.1657  0.0210882  0.0739709 -0.0640455  0 -0  0 0 0 0 -0.0238707  0.0666587  -0.194057     0.687252   -0.923249 -0.00607141 0 0 0 0 0 0 25.6605
 -10.6192 -0.334759   -16.407  0.0335496  0.0736054 -0.0985643  0 -0  0 0 0 0 0.0870719  0.028726 -0.337664    0.60179 -0.776231 0.0647135 0 0 0 0 0 0 25.6972
 -10.4408 -0.315341  -16.0337 0.0309094 0.0711403 -0.052706  0 -0  0 0 0 0    0.04404 -0.0121742  0.0473818   0.418001 -0.395565  0.216122 0 0 0 0 0 0 25.7432
 -9.79021 -0.858138  -15.4462  0.0227848  0.0650971 -0.0401461  0 -0  0 0 0 0 -0.0356578 -0.0848161   0.144138   0.517512 -0.494803  0.374618 0 0 0 0 0 0 25.7594
-8.22424 -2.02176 -13.8665 0.0239183 0.0594676 -0.042469  0 -0  0 0 0 0 -0.00970797  -0.0885373   0.0755529   0.488721 -0.432396  0.403458 0 0 0 0 0 0 25.7656
-7.88594 -2.15187 -13.4507  0.0261044  0.0662681 -0.0258611  0 -0  0 0 0 0   0.011153 -0.0151168   0.181384   0.423836 -0.297826  0.375686 0 0 0 0 0 0 25.7836
-7.37006 -2.44266 -12.9039  0.0274048   0.065707 -0.0216435  0 -0  0 0 0 0  0.0215645 -0.0195145   0.184264   0.435308 -0.294841  0.404546 0 0 0 0 0 0 25.7881
 -6.3141 -2.65976 -11.7006  0.0143247   0.068811 -0.0418491  0 -0  0 0 0 0 -0.0860537  0.0312108 -0.0121112   0.360101 -0.151848  0.356968 0 0 0 0 0 0 25.8124
-6.13373  -2.3083 -11.4025 0.0142375 0.0654168 -0.016843  0 -0  0 0 0 0 -0.0691948 -0.0142523   0.151009   0.297901 0.0599755  0.321666 0 0 0 0 0 0 25.8376
-5.75914 -2.19859 -11.1454   0.015968   0.064453 -0.0115687  0 -0  0 0 0 0 -0.0375828 -0.0221323   0.167506   0.307354 0.0662371  0.223573 0 0 0 0 0 0 25.8432
-4.82984 -2.03335 -10.7187   0.00260365     0.066363 -0.000834309  0 -0  0 0 0 0 -0.119844 0.0114287  0.169481   0.286992 0.0445043  0.149496 0 0 0 0 0 0 25.8605
 -4.7235 -2.28476 -10.6043 0.00469494  0.0611317 -0.0129351  0 -0  0 0 0 0 -0.0815505 -0.0377625  0.0713393   0.219222 -0.096957  0.112398 0 0 0 0 0 0 25.8738
-4.32805 -2.52459 -10.6298 0.00708998  0.0604253 -0.0088267  0 -0  0 0 0 0 -0.0414131 -0.0334976  0.0896934    0.302985  -0.160263 -0.0236231 0 0 0 0 0 0 25.8786
-3.29205 -2.99796 -10.7918  0.00451935   0.0583722 -0.00815616  0 -0  0 0 0 0 -0.0413485 -0.0325489  0.0581886    0.306019  -0.143273 -0.0505437 0 0 0 0 0 0 25.882
-3.08542  -3.2321 -10.9397  0.0100364  0.0552376 -0.0111827  0 -0  0 0 0 0  0.0142982 -0.0585115  0.0296041   0.264473 -0.172802 -0.100755 0 0 0 0 0 0 25.889
-2.57077 -3.63161 -11.0545 0.00814381  0.0538329 -0.0112404  0 -0  0 0 0 0 -0.00618227  -0.0577284   0.0184131   0.381749 -0.265563 -0.104533 0 0 0 0 0 0 25.8914
-1.39027 -4.56154 -11.1834  0.00864673   0.0487578 -0.00964311  0 -0  0 0 0 0 -0.00084472  -0.0749611   0.0213979    0.357546  -0.272773 -0.0601621 0 0 0 0 0 0 25.8967
-1.23193 -4.94754 -11.1555 0.00938525  0.0459653 -0.0174687  0 -0  0 0 0 0 0.00574994   -0.08427 -0.0363021    0.292018   -0.30729 -0.0180756 0 0 0 0 0 0 25.9051
-0.694275   -5.4925  -10.9786 -0.00242682   0.0450834  -0.0149047  0 -0  0 0 0 0  -0.105166 -0.0731361 -0.0126625   0.411172 -0.392075  0.114717 0 0 0 0 0 0 25.9172
 0.52328 -6.66186 -10.3311 0.00240495  0.0395709 -0.0206941  0 -0  0 0 0 0 -0.0242848  -0.088356 -0.0468832   0.391752 -0.359231  0.174869 0 0 0 0 0 0 25.9265
0.456666 -6.87926 -9.95271 -0.00245143   0.0389495  -0.0215578  0 -0  0 0 0 0 -0.0635769 -0.0741355 -0.0566734   0.263214 -0.274978  0.269731 0 0 0 0 0 0 25.9315
0.840377 -7.32734 -9.43666 -0.0106018  0.0380073 -0.0176684  0 -0  0 0 0 0  -0.120907 -0.0668158 -0.0161182   0.330053 -0.323338  0.381354 0 0 0 0 0 0 25.9406
 1.87811 -8.36732 -8.33157 -0.0129082   0.034153 -0.0216946  0 -0  0 0 0 0 -0.0842819 -0.0665583 -0.0362207    0.34851 -0.307466  0.344785 0 0 0 0 0 0 25.9466
 2.32505 -8.78501  -8.1199 -0.0086292  0.0263479 -0.0227561  0 -0  0 0 0 0 -0.0327116  -0.132313 -0.0325207   0.381601 -0.355089  0.274035 0 0 0 0 0 0 25.9556
 2.86306 -9.31346 -7.75606 -0.0118025  0.0221354 -0.0168973  0 -0  0 0 0 0 -0.0531199  -0.145787  0.0193743   0.437321 -0.380155  0.283248 0 0 0 0 0 0 25.9635
 4.39507  -9.9185 -7.10498  -0.013805  0.0130422 -0.0352733  0 -0  0 0 0 0 -0.0439241  -0.147168  -0.106979    0.47692 -0.221883  0.219687 0 0 0 0 0 0 25.9841
  4.7399 -9.84623 -6.95098 -0.0196803  0.0076733 -0.0302093  0 -0  0 0 0 0 -0.0861617  -0.173688 -0.0749828   0.443863 -0.062012  0.172282 0 0 0 0 0 0 25.9935
 5.32748    -9.96 -6.70468 -0.0212414 0.00536464 -0.0287251  0 -0  0 0 0 0 -0.0814596  -0.155129 -0.0499902    0.460583 -0.0687205   0.185424 0 0 0 0 0 0 25.9966
 6.89608 -9.76325 -6.19755  -0.0154676 -0.00185994  -0.0482744  0 -0  0 0 0 0 -0.00467884   -0.141635   -0.153301   0.489215 0.0364189  0.152091 0 0 0 0 0 0 26.0183
 6.87065 -9.42989 -6.05147  -0.0123224 -0.00405942  -0.0287598  0 -0  0 0 0 0  0.0322441  -0.140409 -0.0143051  0.349232 0.160938 0.129491 0 0 0 0 0 0 26.0382
 7.36138 -9.26844  -5.7231  -0.0141527 -0.00496577  -0.0249397  0 -0  0 0 0 0 0.0103192 -0.117857 0.0164361  0.383106   0.1482 0.208119 0 0 0 0 0 0 26.0425
 8.19469 -9.11626  -4.9234 -0.0144924 -0.0101217 -0.0212245  0 -0  0 0 0 0 0.00353077  -0.104143  0.0303662   0.311977 0.0981079   0.22429 0 0 0 0 0 0 26.0489
 8.28995 -9.12484 -4.66514 -0.00980549 -0.00900426  -0.0192586  0 -0  0 0 0 0  0.0439705 -0.0795984  0.0439634   0.265121 0.0598867  0.245341 0 0 0 0 0 0 26.0541
 8.71796 -9.19388 -4.16443  -0.0124914 -0.00999763  -0.0123494  0 -0  0 0 0 0    0.01424 -0.0718232  0.0856976   0.337438 0.0204171  0.335092 0 0 0 0 0 0 26.0615
 9.76934 -9.28233 -3.18221 -0.0130821 -0.0107433 -0.0114611  0 -0  0 0 0 0  0.0027175 -0.0438629  0.0608441   0.359668 0.0220286  0.305069 0 0 0 0 0 0 26.0628
 10.2315 -9.28608 -2.97846  -0.0133244 -0.00820148  -0.0157982  0 -0  0 0 0 0 -0.00113023  -0.0205457   0.0262241   0.397981 0.0353925  0.262156 0 0 0 0 0 0 26.0679
 10.8108 -9.28035  -2.5074  -0.0146288  -0.0104412 -0.00995328  0 -0  0 0 0 0 -0.00870992  -0.0364851    0.060794   0.435887 0.0477532  0.300643 0 0 0 0 0 0 26.0743
   12.12 -8.75448 -1.61463  -0.0122074 -0.00851454  -0.0210787  0 -0  0 0 0 0   0.0108958 -0.00592856  -0.0283867  0.448276 0.165804 0.251617 0 0 0 0 0 0 26.0858
 12.2254  -8.5027 -1.35013 -0.0126626 -0.0180675 -0.0181472  0 -0  0 0 0 0 0.00878251 -0.0798675 -0.0180612  0.367837 0.242945 0.219917 0 0 0 0 0 0 26.0958
  12.7227  -8.06657 -0.813243 -0.0159912 -0.0229588  -0.013695  0 -0  0 0 0 0 -0.0178154   -0.10263 0.00944487  0.379933 0.303546 0.264952 0 0 0 0 0 0 26.1032
 13.6045 -7.25771 0.108861 -0.0174108 -0.0277854 -0.0154483  0 -0  0 0 0 0  -0.0208166  -0.0945119 -0.00722954  0.334157  0.30874 0.233248 0 0 0 0 0 0 26.1086
 13.5424 -7.01749 0.383328 -0.0175469  -0.028217 -0.0202021  0 -0  0 0 0 0 -0.0197098  -0.086152 -0.0455208  0.235824 0.350341 0.226756 0 0 0 0 0 0 26.1133
 13.9098 -6.36693 0.935293 -0.0181804 -0.0322471 -0.0103094  0 -0  0 0 0 0 -0.0148838 -0.0972011  0.0203787  0.266319 0.412779 0.238096 0 0 0 0 0 0 26.124
 14.7256 -5.35678  1.68834 -0.0121706 -0.0370933 -0.0119063  0 -0  0 0 0 0  0.0356664 -0.0918886 0.00656782  0.279656 0.387687 0.175208 0 0 0 0 0 0 26.1319
  14.619 -5.13886  1.92226 -0.0168012 -0.0344078 -0.0146299  0 -0  0 0 0 0 -0.00767352  -0.0583136  -0.0173894  0.189206 0.383357 0.187581 0 0 0 0 0 0 26.1379
 14.8992 -4.54464  2.50468 -0.0189134 -0.0382784 -0.0129569  0 -0  0 0 0 0  -0.0208943  -0.0744453 -0.00536806  0.193493 0.407286 0.227854 0 0 0 0 0 0 26.1426
 15.4181 -3.82641  3.33791  -0.0160344  -0.0411042 -0.00942685  0 -0  0 0 0 0 0.00853481 -0.0642323  0.0188207  0.188604 0.334459 0.209278 0 0 0 0 0 0 26.148
 15.4547 -3.74318  3.55667 -0.0163386 -0.0392324 -0.0119855  0 -0  0 0 0 0 0.00464822 -0.0441342 0.00192455  0.163155 0.284847 0.210512 0 0 0 0 0 0 26.1512
 15.7398 -3.26403  4.18905  -0.0167281  -0.0496791 -0.00682127  0 -0  0 0 0 0 0.00374313  -0.108431  0.0278995  0.183335 0.322563 0.248669 0 0 0 0 0 0 26.1628
16.2645 -2.6496 5.02649 -0.00867604  -0.0531074  -0.0023286  0 -0  0 0 0 0 0.0611724 -0.091684 0.0483537  0.186355 0.291748 0.224346 0 0 0 0 0 0 26.1727
 16.5388 -2.45832  5.29081 -0.00894738  -0.0535117  -0.0103211  0 -0  0 0 0 0   0.0504434   -0.088123 -0.00350732  0.212991  0.29783 0.223235 0 0 0 0 0 0 26.1807
 16.8959 -2.04665  5.92062 -0.0105346 -0.0539084 -0.0105826  0 -0  0 0 0 0  0.0239676 -0.0697374 -0.0037764  0.205992 0.305499 0.251704 0 0 0 0 0 0 26.1823
 17.4433 -1.47431  6.72212  -0.0026912  -0.0580886 -0.00816167  0 -0  0 0 0 0  0.0732243 -0.0710025  0.0116269  0.198032 0.278757 0.217035 0 0 0 0 0 0 26.1916
 17.5094 -1.38265  6.92592 -0.00238596  -0.0623408  -0.0111815  0 -0  0 0 0 0  0.0667863 -0.0950041 -0.0106632  0.172932 0.253867 0.202842 0 0 0 0 0 0 26.1968
  17.701 -1.06206  7.54595 -0.0016435 -0.0628976 -0.0197981  0 -0  0 0 0 0  0.0546709 -0.0764707 -0.0593689  0.131444 0.265764 0.237701 0 0 0 0 0 0 26.2054
  17.9278 -0.523226   8.40449 0.00553162 -0.0653491 -0.0213902  0 -0  0 0 0 0  0.0869813 -0.0662178 -0.0516526   0.10004 0.265141   0.2288 0 0 0 0 0 0 26.2132
  17.8303 -0.313185   8.63099  0.0052047 -0.0681636  -0.024987  0 -0  0 0 0 0  0.0750226 -0.0791315 -0.0740207  0.0451818  0.290238  0.211117 0 0 0 0 0 0 26.2178
 17.8058 0.254644  9.37832 0.00532178 -0.0675781 -0.0249176  0 -0  0 0 0 0  0.0569186 -0.0513874 -0.0611253  0.0135049  0.352591  0.256466 0 0 0 0 0 0 26.2184
17.7016 1.16195 10.4245   0.011691 -0.0663371 -0.0318884  0 -0  0 0 0 0  0.0835022 -0.0272499 -0.0845544  -0.0197076   0.393447    0.25327 0 0 0 0 0 0 26.2279
 17.916 1.89007 10.8094  0.0166276  -0.068212 -0.0444108  0 -0  0 0 0 0   0.111976 -0.0424833  -0.152079   0.01163 0.541252 0.228893 0 0 0 0 0 0 26.2415
17.6652 2.96389 11.8263  0.0229594 -0.0609593  -0.042257  0 -0  0 0 0 0  0.133711 0.0269318 -0.103331  -0.0753147   0.604095    0.29629 0 0 0 0 0 0 26.2514
17.5337 4.34249 12.9302  0.0340668  -0.064416 -0.0446633  0 -0  0 0 0 0    0.164334 0.000954286  -0.0882274  -0.0730116   0.588003   0.239344 0 0 0 0 0 0 26.2632
17.0684 4.76005 13.2546  0.0322347 -0.0645238 -0.0357491  0 -0  0 0 0 0   0.131972 0.00485575 -0.0265432  -0.194674  0.610561  0.241337 0 0 0 0 0 0 26.2723
16.9957 5.51997 14.3963   0.037747 -0.0580031 -0.0284328  0 -0  0 0 0 0  0.137986 0.0576334 0.0377292  -0.126437  0.530869  0.359212 0 0 0 0 0 0 26.2836
16.7665 6.59829 15.5267   0.045512 -0.0659995  -0.024992  0 -0  0 0 0 0   0.140891 -0.0116404  0.0459067  -0.124324  0.497093  0.286099 0 0 0 0 0 0 26.2952
16.3619 6.89595 15.7098  0.0388968 -0.0604145 -0.0230906  0 -0  0 0 0 0  0.075932 0.0316203 0.0550835  -0.221396  0.495228  0.235044 0 0 0 0 0 0 26.3041
16.1399 7.52025  16.838  0.0475287 -0.0518541 -0.0106709  0 -0  0 0 0 0  0.119652 0.0952532  0.135348  -0.18677  0.44125 0.366716 0 0 0 0 0 0 26.3215
 15.756 8.40346 18.0148   0.0558873  -0.0520648 -0.00642611  0 -0  0 0 0 0  0.13845 0.063322 0.121491  -0.199057  0.438316  0.331564 0 0 0 0 0 0 26.3309
15.5649  8.8548 18.3914   0.050206  -0.049739 -0.0123401  0 -0  0 0 0 0 0.0814779  0.072115 0.0734582  -0.235817   0.49873  0.321441 0 0 0 0 0 0 26.3394
 15.683 9.25807 19.5572   0.0477294   -0.038545 -0.00159543  0 -0  0 0 0 0 0.0384011  0.134132  0.141582  -0.0819194   0.379463   0.410177 0 0 0 0 0 0 26.3551
15.5298 9.96294 20.6976   0.0533287  -0.0400419 -0.00046531  0 -0  0 0 0 0 0.0639199 0.0803746  0.107458  -0.118907  0.381353  0.349661 0 0 0 0 0 0 26.361
15.7896 10.3826 21.1632   0.051702 -0.0313546  0.0189728  0 -0  0 0 0 0 0.0449552   0.13782  0.237015  -0.0409165   0.444809   0.362092 0 0 0 0 0 0 26.3824
15.7705 10.8098 22.3823   0.055297 -0.0164015  0.0503727  0 -0  0 0 0 0 0.0589057  0.212795  0.398076  -0.100613  0.364476  0.429388 0 0 0 0 0 0 26.4173
15.7261 11.3167  23.546   0.0597641 -0.00880989   0.0716163  0 -0  0 0 0 0 0.0705497  0.203126  0.425088  -0.105109  0.330702  0.391313 0 0 0 0 0 0 26.4403
15.0801 12.0061 23.8384   0.0636366 -0.00928528    0.117383  0 -0  0 0 0 0 0.0802846  0.180153  0.712275  -0.313408  0.523851  0.293908 0 0 0 0 0 0 26.4863
 14.161 12.3689 24.7067    0.069874 -0.00534165    0.167917  0 -0  0 0 0 0 0.0968121  0.148149  0.875384  -0.444168  0.349112  0.286907 0 0 0 0 0 0 26.5373
13.1838  13.024 25.3612   0.0791553 -0.00846193    0.201343  0 -0  0 0 0 0 0.130943 0.073981 0.855787  -0.469991  0.338975  0.204497 0 0 0 0 0 0 26.5722
12.8102 13.2043  25.145  0.0833781 -0.0120812   0.218189  0 -0  0 0 0 0  0.141632 0.0350208  0.875604  -0.425252  0.272958 0.0417148 0 0 0 0 0 0 26.5899
11.5667 13.3909 25.1993   0.0888898 -0.00844954    0.236526  0 -0  0 0 0 0 0.143323 0.048801 0.754255   -0.484542   0.163401 0.00301672 0 0 0 0 0 0 26.6094
10.4074 13.7459  25.212   0.0964754 -0.00708817    0.266992  0 -0  0 0 0 0  0.156564 0.0450276  0.751221   -0.495278    0.15197 -0.0223846 0 0 0 0 0 0 26.6408
9.52768 13.8765 25.1173   0.103542 -0.0127544   0.284056  0 -0  0 0 0 0   0.186028 -0.0118411   0.771637   -0.620502    0.14836 -0.0538201 0 0 0 0 0 0 26.6601
7.83999 13.6382  24.421  0.109229 -0.009552  0.292937  0 -0  0 0 0 0  0.175759 0.0115642  0.627006   -0.609312 -0.0199966  -0.235282 0 0 0 0 0 0 26.6711
6.25841 13.6456 23.8029    0.117327 -0.00951274     0.32199  0 -0  0 0 0 0   0.180504 0.00791713   0.645946   -0.603899 -0.0253382  -0.250664 0 0 0 0 0 0 26.7013
6.08616 13.7497 23.5367    0.107146 -0.00678081    0.303772  0 -0  0 0 0 0 0.0821578 0.0251692   0.46127   -0.431169 -0.0189804  -0.250874 0 0 0 0 0 0 26.7224
4.57947 12.9198 22.3763   0.101222 -0.0034073   0.288332  0 -0  0 0 0 0 0.0197659 0.0421802  0.278768   -0.50011 -0.253381 -0.449188 0 0 0 0 0 0 26.7392
3.12813 12.3443 21.2727     0.101047 -0.000471888     0.305589  0 -0  0 0 0 0 0.0104887 0.0511777  0.312168  -0.492829 -0.259818 -0.423375 0 0 0 0 0 0 26.7567
2.48986 13.2568 20.8234   0.0904029 -0.00346293    0.278437  0 -0  0 0 0 0 -0.067486 0.0102115  0.105428   -0.46352  0.119496 -0.380792 0 0 0 0 0 0 26.7861
1.14154 13.5548  20.038   0.0930297 -0.00126763    0.254685  0 -0  0 0 0 0  -0.022096  0.0330744 -0.0673689  -0.620957  0.153139 -0.416503 0 0 0 0 0 0 26.8101
-0.750368   13.8088   18.9517   0.0900884 -0.00153138    0.259893  0 -0  0 0 0 0  -0.041118  0.0151637 -0.0148978  -0.645113  0.113686 -0.421581 0 0 0 0 0 0 26.816
-1.46992  14.0039  18.4165  0.0797132 0.00552059      0.264  0 -0  0 0 0 0 -0.113994 0.0703577 0.0193029  -0.464909 0.0991608 -0.332782 0 0 0 0 0 0 26.8292
-2.24553  13.2255  17.5369 0.0813674 0.0105177  0.219639  0 -0  0 0 0 0 -0.0767782   0.107455  -0.274378  -0.392161 -0.258283 -0.645119 0 0 0 0 0 0 26.8739
-3.56953  12.5947   15.868 0.0742193 0.0135491  0.199357  0 -0  0 0 0 0 -0.102957 0.0895461 -0.321783  -0.366913 -0.219985 -0.628705 0 0 0 0 0 0 26.8956
-3.93465  12.3674  14.7586 0.0843639 0.0139381  0.182968  0 -0  0 0 0 0  0.012979 0.0670813 -0.366543  -0.21654  -0.1515  -0.6033 0 0 0 0 0 0 26.9149
-4.30261  11.0353  14.1748 0.0920133 0.0197786  0.128889  0 -0  0 0 0 0 0.0871872  0.123203 -0.673087  -0.172354 -0.620108 -0.527474 0 0 0 0 0 0 26.9698
-4.9884 9.29331 13.0256 0.0720157 0.0279812 0.0810625  0 -0  0 0 0 0 -0.103442  0.146039 -0.755172  -0.167458 -0.587568 -0.460244 0 0 0 0 0 0 27.0223
-6.07401  8.23252  12.4035 0.0747892 0.0190733 0.0378414  0 -0  0 0 0 0 -0.0488705   0.027358  -0.888678   -0.37045 -0.587959 -0.435158 0 0 0 0 0 0 27.0665
-6.51189  6.88395  12.2519 0.0726227 0.0201256 0.0162665  0 -0  0 0 0 0 -0.0558459  0.0384522  -0.891343  -0.362785 -0.845769 -0.256472 0 0 0 0 0 0 27.0882
-7.49879  4.43363   11.753  0.0621541  0.0213576 -0.0504519  0 -0  0 0 0 0 -0.110035 0.0344491  -0.99223  -0.306424 -0.762673 -0.250827 0 0 0 0 0 0 27.1558
-8.45709  3.62685  11.4273 0.0626538 0.0184015 -0.071084  0 -0  0 0 0 0  -0.0846579 0.000649889   -0.967268  -0.462614 -0.651834 -0.294298 0 0 0 0 0 0 27.1766
-9.28086  2.94927  10.4785  0.0528317  0.0203752 -0.0801222  0 -0  0 0 0 0 -0.171808 0.0126109 -0.888697  -0.647843 -0.551902 -0.777238 0 0 0 0 0 0 27.1901
-11.3567 0.886972  8.34581 0.0363435 0.0199859 -0.145932  0 -0  0 0 0 0   -0.21644 0.00189362  -0.963719  -0.594453 -0.498913 -0.723943 0 0 0 0 0 0 27.258
-11.2965 0.783324  8.06272  0.0294086  0.0351259 -0.0997155  0 -0  0 0 0 0 -0.244738  0.123082 -0.545297  -0.406161 -0.326365 -0.458444 0 0 0 0 0 0 27.3071
-11.9305 0.610951  7.91296  0.0183906  0.0348284 -0.0925998  0 -0  0 0 0 0 -0.289597 0.0913998 -0.420031  -0.539963 -0.263905 -0.246781 0 0 0 0 0 0 27.3202
 -13.6135 -0.393548   7.40763 0.00911999  0.0383828  -0.113765  0 -0  0 0 0 0 -0.219892 0.0674937 -0.386848  -0.482398 -0.253113  -0.20184 0 0 0 0 0 0 27.3436
  -13.694 -0.522223   7.40832 0.00193276  0.0399993  -0.096818  0 -0  0 0 0 0 -0.247803 0.0638797  -0.23549  -0.357833 -0.203055 -0.107793 0 0 0 0 0 0 27.3621
 -14.0462 -0.911591   6.92236 0.00465541  0.0431664 -0.0763558  0 -0  0 0 0 0    -0.1852  0.0705223 -0.0487013  -0.374796 -0.226558 -0.419223 0 0 0 0 0 0 27.383
-15.0217 -2.03911  5.56209 -0.00362943   0.0461855  -0.0783637  0 -0  0 0 0 0  -0.155863  0.0578413 -0.0437808  -0.293021 -0.215645 -0.433511 0 0 0 0 0 0 27.392
-14.8769 -2.31924  5.02371 -0.00353038    0.040122  -0.0727606  0 -0  0 0 0 0  -0.130473 -0.0125913 -0.0110188  -0.139635 -0.143453 -0.531249 0 0 0 0 0 0 27.4003
-14.8367 -3.29097  3.60916 0.00127067  0.0519772 -0.0718639  0 -0  0 0 0 0 -0.0738151   0.103423  0.0062038  -0.100877 -0.277167  -1.23014 0 0 0 0 0 0 27.4131
 -14.7281  -5.11249 -0.418931  0.0014636  0.0547784 -0.0894836  0 -0  0 0 0 0 -0.0357551  0.0716997  -0.109791  -0.0582612  -0.214939    -1.1782 0 0 0 0 0 0 27.4309
 -14.6615  -5.07718 -0.483131 -0.0187612  0.0529685 -0.0621563  0 -0  0 0 0 0 -0.192027 0.0561168 0.0964093  0.00253707  -0.112133  -0.551716 0 0 0 0 0 0 27.465
 -14.6131  -5.28592 -0.884243 -0.0194687   0.054279 -0.0526769  0 -0  0 0 0 0 -0.163755 0.0488456  0.156558  0.00605409  -0.124366  -0.433203 0 0 0 0 0 0 27.4746
-14.5186 -6.11267 -2.18379 -0.0174221  0.0549251 -0.0392687  0 -0  0 0 0 0 -0.0661231  0.0241389   0.179775  -0.00688234   -0.126282   -0.396849 0 0 0 0 0 0 27.4881
 -14.456 -6.35213 -2.42019 -0.0230437  0.0548343 -0.0287947  0 -0  0 0 0 0 -0.104818 0.0210547  0.235983  -0.0053927  -0.174645  -0.356339 0 0 0 0 0 0 27.5
-14.2006 -7.03907  -2.9874 -0.0163037  0.0494967 -0.0171861  0 -0  0 0 0 0  -0.025159 -0.0390478   0.300066   0.103331  -0.33615 -0.584626 0 0 0 0 0 0 27.5145
 -13.624  -8.7329 -4.78756  -0.0108147   0.0420256 -0.00637975  0 -0  0 0 0 0   0.028133 -0.0783841   0.243121   0.092799 -0.327652 -0.578204 0 0 0 0 0 0 27.5287
-13.5779  -9.2012 -5.30077 -0.00992663   0.0437289 -0.00640689  0 -0  0 0 0 0  0.0290478 -0.0535803   0.217243  0.0482745 -0.348028 -0.611157 0 0 0 0 0 0 27.5306
-13.3067 -10.0894 -6.15491 -0.00433385   0.0431166  -0.0164394  0 -0  0 0 0 0  0.0698097 -0.0355952   0.108856  0.0884828  -0.45243 -0.855819 0 0 0 0 0 0 27.5421
-12.6694 -11.7947 -8.67791 0.00763142  0.0405926 -0.0376564  0 -0  0 0 0 0   0.123717 -0.0326258  -0.071571  0.0551038 -0.333208 -0.784178 0 0 0 0 0 0 27.5666
-12.8297  -12.213 -9.21981 0.00715468  0.0378509 -0.0314509  0 -0  0 0 0 0   0.106692 -0.0499186 -0.0134167  -0.0585312   -0.36822  -0.729265 0 0 0 0 0 0 27.5734
-12.7695 -12.7502 -9.92321 0.00305043  0.0380776  -0.032237  0 -0  0 0 0 0  0.0472933 -0.0333273 -0.0200776  -0.0752692  -0.349862  -0.717684 0 0 0 0 0 0 27.5776
-12.5723 -13.9724 -12.0051  0.0139009  0.0296258 -0.0674353  0 -0  0 0 0 0   0.105057 -0.0820814  -0.238888  -0.0738829  -0.235204  -0.639678 0 0 0 0 0 0 27.6154
-12.6065 -13.8056 -11.9678 -0.00426014   0.0417028  -0.0376601  0 -0  0 0 0 0 -0.0556632  0.0469401 -0.0285916  -0.0164281 -0.0941068  -0.244487 0 0 0 0 0 0 27.6523
 -12.478  -14.078 -12.1788 -0.00564193   0.0434152  -0.0323986  0 -0  0 0 0 0 -0.0565332   0.050751   0.015749  0.0450063  -0.16166  -0.22176 0 0 0 0 0 0 27.658
-11.8189 -14.8037 -12.8023 -0.00689123   0.0442385  -0.0384714  0 -0  0 0 0 0 -0.0406216  0.0328336 -0.0282129   0.120858 -0.162162 -0.210765 0 0 0 0 0 0 27.6643
-11.3676 -15.1451 -13.1279 -0.00506568   0.0582552  -0.0448355  0 -0  0 0 0 0 -0.0245555   0.147345 -0.0668168    0.19435 -0.206032 -0.271057 0 0 0 0 0 0 27.6798
-10.9476 -15.5044 -13.6942 0.000983839    0.052986  -0.0384314  0 -0  0 0 0 0   0.0406478   0.0593931 -0.00163994   0.218178 -0.207648 -0.474685 0 0 0 0 0 0 27.69
-9.46517 -15.9657 -15.5264 -0.00431456   0.0548542  -0.0772469  0 -0  0 0 0 0 -0.021682  0.055571 -0.258093    0.268466 -0.0748379  -0.510322 0 0 0 0 0 0 27.7293
-8.73982 -15.8764 -16.3057 -0.00366991   0.0583542  -0.0613604  0 -0  0 0 0 0 -0.0073495  0.0633928   -0.12241   0.349566  0.043202 -0.630345 0 0 0 0 0 0 27.7455
-8.02074 -15.9198 -17.2795 0.00141542  0.0549187 -0.0598625  0 -0  0 0 0 0  0.0455857  0.0138321 -0.0850252   0.371355 0.0653711 -0.748519 0 0 0 0 0 0 27.7519
-5.92514 -15.3768 -19.8122 0.00292646  0.0550708 -0.0968961  0 -0  0 0 0 0 0.0296466 0.0158134 -0.294387   0.403648  0.200306 -0.700885 0 0 0 0 0 0 27.7889
-5.67198 -14.2418 -20.4111 -0.0123973  0.0467202 -0.0467794  0 -0  0 0 0 0 -0.0887466 -0.0677508  0.0620671   0.333807  0.656359 -0.608201 0 0 0 0 0 0 27.842
-4.99436 -13.5772 -21.0659 -0.0333874  0.0485034 -0.0396526  0 -0  0 0 0 0  -0.264452 -0.0368825  0.0980496   0.388609  0.592014 -0.484013 0 0 0 0 0 0 27.8642
-3.36153 -12.2044 -22.4629  -0.0352238   0.0369339 -0.00945994  0 -0  0 0 0 0 -0.161596 -0.126632  0.264639   0.387444  0.474829 -0.395297 0 0 0 0 0 0 27.8966
-2.77548 -12.0693 -22.1401 -0.0588359  0.0287597 -0.0145599  0 -0  0 0 0 0  -0.34953 -0.153546  0.205561   0.480824  0.274763 0.0141906 0 0 0 0 0 0 27.9221
-2.08793 -11.7253 -21.7919  -0.0736201   0.0256821 -0.00571007  0 -0  0 0 0 0 -0.413756   -0.1666  0.236501  0.572895 0.253644 0.254182 0 0 0 0 0 0 27.9396
-0.0998126   -10.4735   -20.8189  -0.0647633   0.0132138 -0.00461794  0 -0  0 0 0 0  -0.15642 -0.189838  0.158553  0.636875 0.340013 0.286356 0 0 0 0 0 0 27.955
0.759615 -9.98001 -20.5998 -0.062665  0.036378  0.004886  0 -0  0 0 0 0 -0.112134 0.0564917  0.199368   0.70986 0.402781 0.282834 0 0 0 0 0 0 27.9801
 1.67881 -9.43466 -20.2512 -0.0604395  0.0375574  0.0119595  0 -0  0 0 0 0 -0.0649552   0.053456   0.219782   0.72455 0.406435 0.250307 0 0 0 0 0 0 27.9876
 3.90098 -7.79694  -19.729 -0.0645528  0.0475101 0.00958282  0 -0  0 0 0 0 -0.0693357   0.122536   0.120148  0.708407  0.47796 0.159194 0 0 0 0 0 0 27.9986
 4.40241 -6.98088 -19.6207 -0.0668126  0.0307514 -0.0026303  0 -0  0 0 0 0  -0.0772735  -0.0582954 0.000992351   0.633544  0.683484 0.0668413 0 0 0 0 0 0 28.0195
 5.31348 -5.99493 -19.7054 -0.0650168  0.0324747 0.00599561  0 -0  0 0 0 0 -0.037328  -0.01849 0.0673593  0.646174 0.682018 -0.10532 0 0 0 0 0 0 28.0285
  6.9773 -4.48974  -19.925 -0.0547582  0.0337424  0.0266238  0 -0  0 0 0 0   0.0611115 -0.00195147    0.172423   0.544429   0.51895 -0.113931 0 0 0 0 0 0 28.0515
 7.47721 -4.32809  -20.084 -0.0458076  0.0266483  0.0114564  0 -0  0 0 0 0  0.127166 -0.070596 0.0584267   0.526892  0.367001 -0.149426 0 0 0 0 0 0 28.0705
 8.32398 -3.72293  -20.124 -0.0421066  0.0227762  0.0184081  0 -0  0 0 0 0   0.135215 -0.0933119  0.0970368    0.561887   0.388963 -0.0884212 0 0 0 0 0 0 28.0793
   10.04 -2.23897 -20.0084 -0.0265979  0.0161015  0.0121971  0 -0  0 0 0 0  0.194195 -0.112198 0.0279414    0.560272   0.456296 -0.0519819 0 0 0 0 0 0 28.0973
 10.8739 -1.47774 -19.9662 -0.0180936 0.00414323  0.0113002  0 -0  0 0 0 0   0.24079 -0.199082 0.0192984    0.627956   0.577081 -0.0845916 0 0 0 0 0 0 28.112
  11.8246 -0.141845  -19.0352 -0.0273946 -0.0274617  0.0242509  0 -0  0 0 0 0  0.133402 -0.423034  0.093278  0.614592 0.786721 0.306206 0 0 0 0 0 0 28.1474
 13.3039  1.86504 -17.4917 -0.0180253 -0.0433257  0.0204447  0 -0  0 0 0 0  0.152198   -0.3896 0.0400923  0.547333 0.807318 0.360294 0 0 0 0 0 0 28.1662
 13.7075  2.72867 -17.0363 -0.0126537 -0.0391273  0.0194831  0 -0  0 0 0 0  0.178741 -0.306094 0.0257218  0.493498 0.891845 0.326446 0 0 0 0 0 0 28.1731
  14.813  4.37107 -15.4322 -0.00628349  -0.0616271     0.01853  0 -0  0 0 0 0  0.191124 -0.395819 0.0104162  0.504794 0.979225 0.527545 0 0 0 0 0 0 28.1965
 16.1877   6.5629 -13.3452   0.011547 -0.0710027  0.0147313  0 -0  0 0 0 0    0.25743  -0.334533 -0.0141031  0.468899  1.00451 0.535625 0 0 0 0 0 0 28.217
 16.0692  7.37561 -12.7589  0.0120854 -0.0729529  0.0176175  0 -0  0 0 0 0    0.234694   -0.306609 -0.00672899  0.284973  1.04914 0.493096 0 0 0 0 0 0 28.2205
 16.6636  9.15587 -11.5138   0.0152366  -0.0475692 -0.00346644  0 -0  0 0 0 0   0.183084 -0.0449211  -0.124111  0.202245 0.961782 0.361582 0 0 0 0 0 0 28.2537
17.2965  11.201 -10.072  0.0238913 -0.0540432 -0.0102422  0 -0  0 0 0 0   0.187389 -0.0726864  -0.132893  0.168635 0.937528 0.312999 0 0 0 0 0 0 28.2664
16.7009 11.0259 -9.8441  0.0211602 -0.0603815  0.0194742  0 -0  0 0 0 0   0.141873 -0.0959663  0.0513438  -0.0186363    0.71494   0.323484 0 0 0 0 0 0 28.2969
 16.5825    12.16 -8.92123  0.0204884 -0.0465166 0.00542669  0 -0  0 0 0 0  0.0919965  0.0230531 -0.0380553  -0.0842276   0.636493   0.267269 0 0 0 0 0 0 28.3167
 16.6198  13.3513 -7.84092  0.0249967 -0.0461346 0.00988577  0 -0  0 0 0 0  0.0950847   0.021419 -0.0028984  -0.0782013    0.59416   0.267108 0 0 0 0 0 0 28.323
 16.5729  13.3552 -7.46164  0.0211719 -0.0458655  0.0141703  0 -0  0 0 0 0 0.0542637 0.0239235 0.0184501  -0.0852355   0.497312   0.321022 0 0 0 0 0 0 28.3288
 16.7003   14.192 -6.00138  0.0193876 -0.0482938 0.00759098  0 -0  0 0 0 0  0.0207005 0.00393729  -0.026568  -0.0888217   0.495364   0.409522 0 0 0 0 0 0 28.336
16.7897 15.0167 -4.5877  0.0193756 -0.0472927 0.00881783  0 -0  0 0 0 0  0.0137442 0.00927458 -0.0121973  -0.100895  0.486115  0.429938 0 0 0 0 0 0 28.3376
 16.5746   15.042 -4.15731  0.011301 -0.052166 0.0144917  0 -0  0 0 0 0 -0.0531979 -0.0256393  0.0196472  -0.168759  0.435234  0.464283 0 0 0 0 0 0 28.3486
 16.5956  15.8531 -2.16592  0.0189641 -0.0565192   0.011475  0 -0  0 0 0 0   0.0164685  -0.0347744 -0.00914642  -0.195248  0.492759  0.577197 0 0 0 0 0 0 28.3579
  16.4359   16.5902 -0.434422  0.0201717 -0.0505745  0.0053104  0 -0  0 0 0 0  0.0242578  0.0169716 -0.0417684  -0.246082  0.496312  0.574608 0 0 0 0 0 0 28.3666
  16.126  16.9734 0.182098  0.0167548 -0.0535084 0.00821571  0 -0  0 0 0 0 -0.00680201 -0.00754035   -0.018363  -0.35269 0.564773 0.593519 0 0 0 0 0 0 28.3719
15.4782 17.9611 2.55825  0.0284999 -0.0519858 0.00877674  0 -0  0 0 0 0  0.0799595  0.0137234 -0.0108244  -0.483556  0.594913  0.692735 0 0 0 0 0 0 28.3838
14.9288 18.8547 4.42579   0.035402 -0.0530148 0.00707217  0 -0  0 0 0 0   0.107146 0.00634626 -0.0190822  -0.491403  0.584476  0.650956 0 0 0 0 0 0 28.391
14.4906 19.3762 4.97065  0.0300841 -0.0450665 0.00528821  0 -0  0 0 0 0 0.0593473  0.060754 -0.024649  -0.576153  0.653354  0.602507 0 0 0 0 0 0 28.4007
13.5558 20.6538  7.0557  0.0299905 -0.0335668 0.00626255  0 -0  0 0 0 0   0.042092   0.121805 -0.0104127  -0.605371  0.643813  0.592614 0 0 0 0 0 0 28.4122
12.9179 21.7223 8.54092  0.0354421 -0.0479553 0.00915251  0 -0  0 0 0 0  0.0586672 -0.0165704 0.00750042  -0.547031   0.61645  0.516125 0 0 0 0 0 0 28.4279
 12.483 22.2178 8.99404   0.036798 -0.0426109 0.00966669  0 -0  0 0 0 0 0.0651548  0.028417 0.0104877  -0.603231  0.650845  0.477176 0 0 0 0 0 0 28.4334
11.6385 23.0723 10.4833  0.0401608 -0.0344576 0.00988559  0 -0  0 0 0 0 0.0653171 0.0769734 0.0109993  -0.521168  0.508265  0.426866 0 0 0 0 0 0 28.4422
10.9327 23.9798 11.5593  0.0435997  -0.037444 0.00842379  0 -0  0 0 0 0    0.068756   0.0316312 0.000410682  -0.515559  0.496894  0.368515 0 0 0 0 0 0 28.447
10.3035 24.4613 12.0081  0.0438143 -0.0281243  0.0272146  0 -0  0 0 0 0 0.0597575  0.102633  0.109752  -0.647941  0.566731  0.370442 0 0 0 0 0 0 28.468
9.04202 25.2789  13.154  0.0422319 -0.0206503  0.0236298  0 -0  0 0 0 0 0.0308868  0.122332  0.061808  -0.631927  0.436104   0.32397 0 0 0 0 0 0 28.4764
8.03413 26.0994 14.0034  0.0439459 -0.0211457  0.0251863  0 -0  0 0 0 0 0.0318661 0.0781797 0.0572861  -0.627799  0.425018  0.294625 0 0 0 0 0 0 28.4788
7.33417 26.0726 14.1254  0.0489668 -0.0238763  0.0255378  0 -0  0 0 0 0  0.063893 0.0481463 0.0468973  -0.699944  0.308574  0.252287 0 0 0 0 0 0 28.4845
5.88591 26.1667 14.6519  0.0534875 -0.0193667  0.0184219  0 -0  0 0 0 0   0.0759515   0.0678964 -0.00118319  -0.600483  0.140523  0.171153 0 0 0 0 0 0 28.4941
4.88667 26.3667 15.0441  0.0617453 -0.0238776  0.0297008  0 -0  0 0 0 0   0.107976 0.00265085   0.066619  -0.535157  0.113803  0.151062 0 0 0 0 0 0 28.5088
4.96187 25.7824 15.2468  0.0698495 -0.0157088  0.0456154  0 -0  0 0 0 0  0.153498 0.0779629  0.151127  -0.368989 -0.104571  0.190579 0 0 0 0 0 0 28.5284
 4.3901 24.9956 15.3572   0.0742519 -0.00931765   0.0464204  0 -0  0 0 0 0 0.134944 0.101378 0.118235  -0.224593 -0.238516 0.0649538 0 0 0 0 0 0 28.5362
3.96871 24.4288 15.4384   0.0810147 -0.00590686   0.0524539  0 -0  0 0 0 0  0.144529 0.0955845  0.125987  -0.202534 -0.244783  0.051006 0 0 0 0 0 0 28.5459
4.19347  24.129 15.5964  0.0909228 0.00842106   0.176068  0 -0  0 0 0 0  0.16305 0.197995 0.909805  -0.0842191  -0.199776  0.0803472 0 0 0 0 0 0 28.6707
3.50833 23.2771 15.5678  0.101655 0.0159214  0.191403  0 -0  0 0 0 0 0.197483 0.190176 0.763862  -0.257142  -0.29237 0.0168462 0 0 0 0 0 0 28.6909
2.84114 22.5904 15.5262  0.110848 0.0232828  0.217838  0 -0  0 0 0 0 0.209471   0.1891 0.735432   -0.281357   -0.30189 0.00251473 0 0 0 0 0 0 28.7199
1.59046 22.6745 15.7773 0.0797729 0.0189873  0.236788  0 -0  0 0 0 0 -0.0801899  0.0730074   0.666765  -0.427696 -0.103427 0.0559297 0 0 0 0 0 0 28.7565
0.768938  22.9705  15.9526 0.0956276 0.0226575  0.267487  0 -0  0 0 0 0 0.0436299 0.0978481  0.807171  -1.04709 0.122712 0.166556 0 0 0 0 0 0 28.7912
-1.57943  23.2899  16.3413 0.0968344 0.0263175  0.290184  0 -0  0 0 0 0 0.0430791 0.0952657  0.739955  -1.07952 0.135735  0.16042 0 0 0 0 0 0 28.8143
-3.56577  23.8522  16.6215 0.0879494 0.0114878  0.309553  0 -0  0 0 0 0 -0.0389829 -0.0743173   0.639094  -0.88936 0.174264 0.112448 0 0 0 0 0 0 28.8402
-4.38708  23.6809  16.0986  0.102326 0.0201343  0.286499  0 -0  0 0 0 0 0.0673464 0.0117306  0.416058  -0.770427 0.0813562 -0.484893 0 0 0 0 0 0 28.8687
-6.66461  23.7136   14.884  0.107338 0.0213795  0.305766  0 -0  0 0 0 0 0.0859532 0.0178216  0.433227  -0.780815 0.0662781  -0.48269 0 0 0 0 0 0 28.8887
-9.63808   23.856  14.0347 0.0405003 0.0483935  0.318485  0 -0  0 0 0 0 -0.457698   0.25996  0.393334  -0.909682 0.0812542 -0.348076 0 0 0 0 0 0 28.9619
-10.165 22.9772 14.3095 0.0570001 0.0582334  0.334119  0 -0  0 0 0 0 -0.277104  0.318215  0.456677  -0.896566 -0.289377  0.117916 0 0 0 0 0 0 28.9867
-11.9142  22.4134  14.7778 0.0496967 0.0678968  0.346438  0 -0  0 0 0 0 -0.242636  0.287479  0.418256  -0.858407 -0.288856  0.135275 0 0 0 0 0 0 29.0039
-13.9584  21.3239  14.5229 0.0786553 0.0135876  0.371987  0 -0  0 0 0 0 0.0832954 -0.299672  0.471385   -0.780404  -0.344591 -0.0843605 0 0 0 0 0 0 29.0706
-14.1849  20.2979  14.4454 0.0920696   0.02365  0.392556  0 -0  0 0 0 0  0.164308 -0.189128  0.554551  -0.418405 -0.554165 -0.294086 0 0 0 0 0 0 29.0971
-15.1182  19.1498  14.0484 0.0965424 0.0127313  0.397036  0 -0  0 0 0 0 0.152276 -0.20912 0.445025  -0.361537 -0.473048 -0.288675 0 0 0 0 0 0 29.1097
-16.5302  17.9625  13.6393  0.0982504 0.00163966   0.424226  0 -0  0 0 0 0  0.108783 -0.223203   0.48857  -0.440288  -0.41884 -0.266452 0 0 0 0 0 0 29.1392
-16.7747  17.8076  13.2727  0.111425 0.0193605  0.449541  0 -0  0 0 0 0   0.184545 -0.0538586   0.591659  -0.276527 -0.313893 -0.425316 0 0 0 0 0 0 29.1727
-17.5227  16.8962  12.4728  0.113948 0.0169454  0.462727  0 -0  0 0 0 0   0.144455 -0.0445372   0.524314  -0.224934 -0.290243 -0.430199 0 0 0 0 0 0 29.1864
-18.5156  15.9379  11.7077  0.117488 0.0290009  0.503955  0 -0  0 0 0 0  0.115911 0.0676499  0.630838  -0.281289 -0.276613 -0.392848 0 0 0 0 0 0 29.2295
-18.7562  15.4214  10.9881  0.125247 0.0491753  0.519185  0 -0  0 0 0 0 0.145943 0.224461 0.668568  -0.151686  -0.22836  -0.83423 0 0 0 0 0 0 29.2559
-20.035 13.6474 8.41809  0.14206 0.061519  0.56452  0 -0  0 0 0 0 0.203238 0.202916 0.686655  -0.172116 -0.231136 -0.807285 0 0 0 0 0 0 29.3058
-20.6406  12.9691  8.14549  0.123361 0.0826081  0.583516  0 -0  0 0 0 0 0.00257531   0.367315   0.708042  -0.335115 -0.369386 -0.499555 0 0 0 0 0 0 29.3398
-21.0643  12.3285  7.43989   0.12159 0.0972854  0.574846  0 -0  0 0 0 0 -0.0198374   0.475007   0.585426  -0.321876 -0.327614 -0.871577 0 0 0 0 0 0 29.357
-23.0028  9.75209   4.6864 0.128558 0.129134 0.622704  0 -0  0 0 0 0 0.043767 0.451414 0.623568  -0.344632 -0.334502 -0.852322 0 0 0 0 0 0 29.4149
-23.0329  8.64159  4.82829 0.108158 0.117802 0.608993  0 -0  0 0 0 0 -0.118829  0.315037  0.477189  -0.312469 -0.653607 -0.567722 0 0 0 0 0 0 29.4419
-22.7605  6.97519  4.45668 0.110965 0.127881 0.597386  0 -0  0 0 0 0 -0.0880043    0.37962   0.351874   0.135554  -1.00471 -0.901523 0 0 0 0 0 0 29.4576
-22.2829  1.96104  2.72249 0.113269 0.151153 0.620245  0 -0  0 0 0 0 -0.020184  0.349444  0.345161   0.150591 -0.993809 -0.879846 0 0 0 0 0 0 29.4903
-22.3796  1.13127  2.39245 0.110043 0.119731 0.613664  0 -0  0 0 0 0 -0.0332001  0.0199691   0.282029   0.123925 -0.881592 -0.825492 0 0 0 0 0 0 29.5225
 -22.1701 -0.150763    1.1852  0.11456 0.135238 0.614584  0 -0  0 0 0 0 0.00998243   0.181322   0.252685   0.193634 -0.749248  -1.53965 0 0 0 0 0 0 29.5387
-20.7851 -5.18204 -2.43655 0.134529 0.146061 0.636254  0 -0  0 0 0 0 0.156204 0.127878 0.282483  0.300578 -0.84279 -1.34517 0 0 0 0 0 0 29.5701
-20.4882 -6.67463 -2.27466 0.0842394  0.170503  0.627542  0 -0  0 0 0 0 -0.282438  0.370944  0.178542   0.243773  -1.24674 -0.752453 0 0 0 0 0 0 29.6267
-20.4162 -7.10493 -2.37682 0.0764488  0.165319  0.657107  0 -0  0 0 0 0 -0.29818  0.23286 0.383001   0.172691  -0.93104 -0.504384 0 0 0 0 0 0 29.6577
-19.9319 -11.2791 -2.95434 0.0708932  0.169534  0.687937  0 -0  0 0 0 0 -0.185841  0.133527  0.418707    0.11273 -0.948869 -0.502821 0 0 0 0 0 0 29.6893
 -19.706 -11.6755 -3.57411 0.0835568  0.126223  0.696519  0 -0  0 0 0 0 -0.040526 -0.294259  0.449252   0.236988 -0.518387 -0.742432 0 0 0 0 0 0 29.7352
-19.3458 -13.2375 -4.78042 0.152248  0.15251 0.691905  0 -0  0 0 0 0    0.559332 -0.00222235     0.35423  0.0450874 -0.715104  -1.29303 0 0 0 0 0 0 29.8089
-18.9345 -17.1848 -8.42123 0.208899 0.141161 0.667516  0 -0  0 0 0 0    0.69731 -0.0950352  0.0248336  -0.104819 -0.671435  -1.20759 0 0 0 0 0 0 29.8716
-18.9913 -17.8672 -8.41991 0.161474 0.133938 0.657427  0 -0  0 0 0 0   0.197872  -0.123187 -0.0802851  -0.0665673   -0.67344  -0.694144 0 0 0 0 0 0 29.9207
-19.0411 -18.1509 -8.18419 0.169558 0.106015 0.663331  0 -0  0 0 0 0     0.249835     -0.42333 -0.000810753   0.0767655  -0.589758 -0.0923312 0 0 0 0 0 0 29.9503
  -19.24 -19.9911  -7.7921 0.187987 0.067327 0.621989  0 -0  0 0 0 0  0.255757 -0.505231 -0.291403    0.001873  -0.505526 -0.0704418 0 0 0 0 0 0 30.0099
-19.4978 -20.5983 -8.29044   0.246209 0.00756051   0.571093  0 -0  0 0 0 0  0.713003 -0.981422  -0.62687  -0.0898412  -0.383239  -0.437051 0 0 0 0 0 0 30.1076
-19.3734 -20.9129 -9.14932   0.266412 0.00259396   0.560262  0 -0  0 0 0 0  0.786195 -0.842748  -0.63283  -0.144845 -0.174162 -0.762168 0 0 0 0 0 0 30.1311
-18.3691 -22.1398 -11.6391    0.30774 -0.0467231   0.497963  0 -0  0 0 0 0  0.707999 -0.798262 -0.788284  -0.00242471   -0.136301   -0.717255 0 0 0 0 0 0 30.2206
-17.9154 -22.8189 -11.8502   0.319233 -0.0353192   0.489476  0 -0  0 0 0 0  0.709507 -0.564866 -0.761301  0.0908196 -0.415826 -0.494403 0 0 0 0 0 0 30.2389
-17.1507 -23.8662 -12.0593   0.335321 -0.0574358   0.459941  0 -0  0 0 0 0  0.726089 -0.689645 -0.868537   0.548906 -0.660857 -0.433466 0 0 0 0 0 0 30.2792
-14.2307 -25.6934 -13.0156  0.370535 -0.100769  0.348422  0 -0  0 0 0 0  0.626503 -0.660843   -1.2434   0.675781  -0.47716 -0.389408 0 0 0 0 0 0 30.4039
-13.1458 -26.6985 -13.4014   0.403278 -0.0668101   0.305334  0 -0  0 0 0 0  0.805048 -0.230334  -1.41577   0.759558 -0.713259 -0.414634 0 0 0 0 0 0 30.4678
 -12.149 -27.6718 -13.9218   0.417162 -0.0776373   0.261398  0 -0  0 0 0 0  0.779078 -0.279314  -1.55114   0.696388 -0.714815 -0.570826 0 0 0 0 0 0 30.5151
 -9.4049 -29.1802 -15.5415   0.472489 -0.0989618   0.114963  0 -0  0 0 0 0  0.811784 -0.288835  -1.87148   0.585125  -0.41344 -0.495127 0 0 0 0 0 0 30.6731
-9.12479 -29.6281 -15.6216   0.483321 -0.0771009   0.040584  0 -0  0 0 0 0    0.761899 -0.00973042    -2.22128   0.453992 -0.334618 -0.250847 0 0 0 0 0 0 30.7514
-8.42612 -30.1297 -15.9111     0.5011 -0.0806759 -0.0162721  0 -0  0 0 0 0   0.774567 -0.0381168   -2.31566   0.474056 -0.351906 -0.272275 0 0 0 0 0 0 30.811
-6.77218 -31.3336 -16.7334   0.550326 -0.0866825  -0.171052  0 -0  0 0 0 0  0.788082 -0.063698  -2.41343   0.381797 -0.319995  -0.25344 0 0 0 0 0 0 30.9736
-6.13976 -31.8535 -17.2396  0.563349 -0.100565 -0.227511  0 -0  0 0 0 0  0.762712 -0.178478  -2.50403   0.368716 -0.371733 -0.398802 0 0 0 0 0 0 31.0331
-5.28101 -32.4654 -18.1225  0.576978 -0.103259 -0.276005  0 -0  0 0 0 0  0.737851 -0.155067  -2.47175   0.307251 -0.414728 -0.626381 0 0 0 0 0 0 31.0836
-2.66623  -33.984 -20.4446  0.617152 -0.111352 -0.414682  0 -0  0 0 0 0  0.715485 -0.151084  -2.43143   0.378771 -0.415037 -0.611502 0 0 0 0 0 0 31.2282
-1.66817 -34.2065 -20.7794  0.599116 -0.140422 -0.472125  0 -0  0 0 0 0  0.441567 -0.381891  -2.54104   0.534708   -0.2812 -0.459017 0 0 0 0 0 0 31.2951
 -0.3125 -34.5384  -21.605   0.59386 -0.148737 -0.507182  0 -0  0 0 0 0  0.320497 -0.399671  -2.36681   0.659831 -0.268087 -0.523735 0 0 0 0 0 0 31.3315
  3.7562  -35.121 -23.7542  0.621089 -0.167922 -0.637835  0 -0  0 0 0 0  0.384779 -0.363643   -2.3158   0.815913 -0.215417 -0.529075 0 0 0 0 0 0 31.4663
 4.73013 -33.8527 -23.7048  0.515628 -0.160477 -0.629152  0 -0  0 0 0 0 -0.487733 -0.253949  -2.05702   0.928684  0.459993 -0.310254 0 0 0 0 0 0 31.5724
 6.47912 -33.0429 -24.2273  0.496417 -0.163513 -0.656047  0 -0  0 0 0 0 -0.540234  -0.23404  -1.87361    1.05641  0.518509 -0.364429 0 0 0 0 0 0 31.6056
 10.0741 -31.4739  -25.113  0.492683 -0.176007 -0.738841  0 -0  0 0 0 0 -0.332664 -0.241748  -1.70655   0.988184  0.466932 -0.312905 0 0 0 0 0 0 31.6894
 11.0796 -30.4593 -25.6351  0.475876 -0.225137 -0.663195  0 -0  0 0 0 0 -0.357349 -0.730531 -0.885383     0.9488  0.543341 -0.520841 0 0 0 0 0 0 31.7811
 12.7834 -29.3994  -25.957  0.462024 -0.243472 -0.666635  0 -0  0 0 0 0 -0.382221 -0.747578  -0.73016    1.05214  0.641907 -0.344477 0 0 0 0 0 0 31.8044
 16.5599 -27.2514 -26.3871  0.466139 -0.281355  -0.68719  0 -0  0 0 0 0 -0.196293 -0.734143 -0.582701    1.11058  0.635662 -0.299794 0 0 0 0 0 0 31.8477
 16.8802 -25.8016 -25.8604  0.433441  -0.25233 -0.617865  0 -0  0 0 0 0 -0.373738 -0.374706 -0.051883     0.94191   0.966949 -0.0822514 0 0 0 0 0 0 31.9296
 17.5779 -24.1294 -24.3303  0.413132 -0.283889 -0.620489  0 -0  0 0 0 0  -0.413816  -0.590691 -0.0476246  0.887794   1.2024  0.47034 0 0 0 0 0 0 31.9672
 19.1505 -21.2422 -21.7069  0.403018 -0.314145 -0.613678  0 -0  0 0 0 0  -0.32699 -0.587792 0.0195041  0.869106  1.17846 0.465331 0 0 0 0 0 0 31.9999
 19.0487 -20.0159 -19.8861  0.366052 -0.269036 -0.557014  0 -0  0 0 0 0  -0.55445 -0.119031  0.404903  0.782556  1.39885 0.892474 0 0 0 0 0 0 32.0812
 19.2924 -18.9106 -17.5104  0.384614 -0.252214 -0.594866  0 -0  0 0 0 0 -0.309407 0.0530764  0.067962  0.569841  1.14411 0.960584 0 0 0 0 0 0 32.1266
 18.9244 -16.6176  -14.159  0.387029 -0.247814 -0.589164  0 -0  0 0 0 0 -0.180907 0.0730092 0.0914971  0.348653  1.16487 0.866986 0 0 0 0 0 0 32.1342
 18.5013 -15.6457 -13.6454  0.360177 -0.233385 -0.550239  0 -0  0 0 0 0 -0.328193  0.181004  0.341165   0.16042  1.19135 0.595759 0 0 0 0 0 0 32.1836
 17.6224 -13.6742 -12.1579  0.378345 -0.195874 -0.571515  0 -0  0 0 0 0 -0.132337  0.402286  0.136707  -0.157477   1.14854  0.418982 0 0 0 0 0 0 32.2304
 17.1312 -11.2875 -10.5662  0.376249 -0.190781 -0.553676  0 -0  0 0 0 0 -0.097475  0.319538  0.209523  -0.081826    1.0792  0.321449 0 0 0 0 0 0 32.2491
 16.7991  -10.598 -10.3315  0.364283 -0.177915 -0.541702  0 -0  0 0 0 0 -0.166392  0.383983  0.265465  -0.135992   1.02367   0.21689 0 0 0 0 0 0 32.2703
  15.668 -9.21266 -9.57849  0.399087 -0.159885 -0.553053  0 -0  0 0 0 0 0.124296 0.403187 0.144994  -0.319618  0.834443  0.155915 0 0 0 0 0 0 32.3111
 14.9371 -7.29385 -8.88819   0.41042 -0.155455   -0.5351  0 -0  0 0 0 0 0.165278 0.317723 0.219293  -0.261722  0.813057  0.074265 0 0 0 0 0 0 32.3328
 14.2713 -6.79064 -8.79843  0.411865 -0.147325 -0.513014  0 -0  0 0 0 0 0.166427 0.351185 0.336503  -0.398877  0.797274 0.0344288 0 0 0 0 0 0 32.3564
 12.4743 -5.49626 -8.04113  0.450482 -0.164193 -0.508309  0 -0  0 0 0 0 0.380122 0.143395 0.277899  -0.582902  0.698848  0.115413 0 0 0 0 0 0 32.3988
 11.3745 -3.87038 -7.78191  0.469918 -0.184833 -0.478136  0 -0  0 0 0 0   0.392812 -0.0359237   0.383441    -0.457399    0.670982 -0.00965165 0 0 0 0 0 0 32.4402
  11.016 -3.25995 -7.27411  0.483644 -0.194153 -0.474848  0 -0  0 0 0 0   0.45147 -0.101602  0.371728  -0.462918  0.730936  0.146666 0 0 0 0 0 0 32.4571
 9.57212 -1.92524 -6.21263  0.511957 -0.234725 -0.494257  0 -0  0 0 0 0  0.494479 -0.361717  0.147977  -0.519037  0.670328  0.262843 0 0 0 0 0 0 32.5103
  8.76201 -0.482254  -5.55459  0.530928 -0.268341 -0.461851  0 -0  0 0 0 0  0.471557 -0.489279  0.305436  -0.363708  0.632667  0.185669 0 0 0 0 0 0 32.5607
  8.50096 -0.340761  -4.93134  0.503516 -0.269832 -0.453679  0 -0  0 0 0 0  0.204323 -0.467914  0.325358  -0.347153  0.556829  0.368157 0 0 0 0 0 0 32.5893
  6.94309 -0.255875  -3.42462  0.513016 -0.317811  -0.44909  0 -0  0 0 0 0   0.18045 -0.661043  0.285568  -0.512874  0.307748  0.513804 0 0 0 0 0 0 32.6384
 6.10056 0.273102 -2.37345  0.523052 -0.350801 -0.417573  0 -0  0 0 0 0   0.19751 -0.695893   0.40464  -0.395048   0.27275  0.421065 0 0 0 0 0 0 32.6852
 5.90983  0.42483 -1.99096  0.516048  -0.35079 -0.415596  0 -0  0 0 0 0 0.122793 -0.62924 0.382306  -0.359937  0.257943  0.431954 0 0 0 0 0 0 32.6924
  4.56593  0.800712 -0.763784 0.531608 -0.36263 -0.39408  0 -0  0 0 0 0 0.205053 -0.50557 0.412019  -0.481462  0.222322  0.452643 0 0 0 0 0 0 32.7215
  3.6122  1.23955 0.344453  0.538612  -0.37671 -0.368922  0 -0  0 0 0 0  0.200604 -0.459362  0.464987  -0.439286  0.224555  0.462324 0 0 0 0 0 0 32.7512
 3.44685  1.62443 0.944952  0.536552 -0.359981 -0.371207  0 -0  0 0 0 0  0.176553 -0.283355  0.414255   -0.3943 0.292899 0.530033 0 0 0 0 0 0 32.7682
2.46053 2.47456 2.43404  0.549206 -0.357531 -0.341564  0 -0  0 0 0 0   0.21949 -0.163356  0.477755  -0.398467  0.327427  0.544627 0 0 0 0 0 0 32.8005
1.66545 3.16647  3.6438   0.55842 -0.356489 -0.320308  0 -0  0 0 0 0 0.229911 -0.10346 0.493583  -0.386068  0.328724  0.524562 0 0 0 0 0 0 32.8237
1.51864 3.38718 4.14805  0.555317 -0.314538 -0.331179  0 -0  0 0 0 0 0.207948 0.241008  0.37978  -0.349153  0.300086  0.531889 0 0 0 0 0 0 32.8672
0.789787  3.99554  5.49838  0.581625   -0.2965 -0.339117  0 -0  0 0 0 0  0.32566 0.304464 0.226441  -0.298984  0.255366  0.503853 0 0 0 0 0 0 32.9
0.152587  4.55965  6.55436  0.596651 -0.284139 -0.334087  0 -0  0 0 0 0 0.343787 0.312332 0.204812  -0.316657  0.256937  0.475745 0 0 0 0 0 0 32.9201
-0.275818   4.99013   7.04499  0.588568 -0.246221 -0.322159  0 -0  0 0 0 0 0.263528 0.577176 0.252682  -0.394224  0.344832  0.498489 0 0 0 0 0 0 32.9607
-1.38594  6.26778  8.30285   0.61638 -0.217522 -0.320783  0 -0  0 0 0 0  0.36748  0.59608 0.194692  -0.453826  0.413251  0.477728 0 0 0 0 0 0 33.0007
-2.34283  7.18807   9.2405  0.633015 -0.197454 -0.318036  0 -0  0 0 0 0 0.384226 0.574427 0.165756  -0.477526  0.405152  0.442808 0 0 0 0 0 0 33.0269
-2.79762  7.49813  9.26491  0.644187 -0.158117  -0.32149  0 -0  0 0 0 0 0.443961 0.853946 0.125407  -0.502804  0.400263  0.321095 0 0 0 0 0 0 33.0679
-4.30886  9.62031  9.52136  0.658083  -0.14125 -0.341264  0 -0  0 0 0 0   0.391506   0.631245 -0.0297106  -0.576535  0.624006  0.152079 0 0 0 0 0 0 33.0974
-5.59383  10.9659  9.64924  0.675805 -0.120566 -0.348155  0 -0  0 0 0 0   0.413137   0.605838 -0.0683932  -0.604247  0.618189  0.117212 0 0 0 0 0 0 33.1255
-6.02464  11.4342  9.72292   0.67404 -0.130699 -0.319516  0 -0  0 0 0 0 0.348316 0.415844 0.137876  -0.584028  0.624587  0.131791 0 0 0 0 0 0 33.1559
-7.75697  12.4583   9.7637  0.684476  -0.12096 -0.328413  0 -0  0 0 0 0  0.300863  0.316809 0.0521301  -0.611118  0.446383  0.058979 0 0 0 0 0 0 33.1727
-9.16052  13.3154  9.63095  0.698774 -0.111207 -0.332277  0 -0  0 0 0 0   0.32553  0.303015 0.0107548   -0.650741   0.422975 0.00686356 0 0 0 0 0 0 33.1905
-9.93053  13.6609   9.4418  0.709278 -0.165207 -0.320099  0 -0  0 0 0 0  0.353875 -0.275229  0.115441   -0.710017   0.429224 -0.0165523 0 0 0 0 0 0 33.2468
-11.737 14.6685 8.67008  0.711376 -0.177653 -0.313525  0 -0  0 0 0 0   0.24937 -0.272941  0.122986  -0.583164  0.414164 -0.189406 0 0 0 0 0 0 33.261
-13.0589  15.4171  8.01113  0.718651 -0.184542 -0.312803  0 -0  0 0 0 0  0.237809  -0.24336 0.0972399  -0.570175  0.424792 -0.226955 0 0 0 0 0 0 33.2711
-14.6855  16.2541  6.96927  0.747866 -0.193506 -0.342899  0 -0  0 0 0 0  0.370326 -0.211889  -0.12018  -0.540591  0.396021 -0.278901 0 0 0 0 0 0 33.314
-15.5249  16.4383  6.58503  0.742287 -0.204351 -0.357966  0 -0  0 0 0 0  0.280103 -0.267793 -0.193577  -0.626706  0.324789 -0.281551 0 0 0 0 0 0 33.3334
-17.1203  16.7913  5.74122  0.751992 -0.213909 -0.366464  0 -0  0 0 0 0  0.280267 -0.267843 -0.206442  -0.662734  0.298127 -0.323541 0 0 0 0 0 0 33.3494
-19.0943  17.7548  4.74263  0.742565 -0.231684 -0.397441  0 -0  0 0 0 0  0.115418 -0.284717 -0.311624  -0.591834  0.355849 -0.238776 0 0 0 0 0 0 33.3864
-19.8786  17.9322  4.37643  0.728555 -0.253193 -0.451711  0 -0  0 0 0 0 0.00994661  -0.407086  -0.605368  -0.800952  0.311922  -0.35355 0 0 0 0 0 0 33.4464
-21.8129  17.8463  3.16814  0.720987 -0.265931 -0.467446  0 -0  0 0 0 0 -0.0532577    -0.3849  -0.577729  -0.775661  0.206724 -0.499866 0 0 0 0 0 0 33.468
-23.7781  17.3998  2.46983  0.691792 -0.323487 -0.489771  0 -0  0 0 0 0 -0.236814 -0.711439 -0.493199   -0.66012 0.0384931 -0.324419 0 0 0 0 0 0 33.5363
-24.2568  16.7885  2.40925 0.696097  -0.3249 -0.49332  0 -0  0 0 0 0 -0.189625 -0.642291 -0.483449  -0.722555 -0.179324 -0.369909 0 0 0 0 0 0 33.5421
-25.119 15.4619 1.12213  0.655641 -0.346774 -0.469594  0 -0  0 0 0 0 -0.455408 -0.621684 -0.194905  -0.367037 -0.260737 -0.711251 0 0 0 0 0 0 33.5938
-25.9118  13.7004 0.661031  0.586037 -0.357267 -0.478175  0 -0  0 0 0 0 -0.798502  -0.43724 -0.190043  -0.284738 -0.398833 -0.484588 0 0 0 0 0 0 33.6647
-26.1148  13.1565 0.561409  0.607402 -0.354382 -0.482852  0 -0  0 0 0 0 -0.560132  -0.36933 -0.217133  -0.295177   -0.4695  -0.40491 0 0 0 0 0 0 33.6868
  -26.5325    11.4887 0.00946234  0.565092 -0.362392 -0.463455  0 -0  0 0 0 0  -0.737595  -0.317655 -0.0219248  -0.183416 -0.536815 -0.537066 0 0 0 0 0 0 33.734
 -27.2562   9.35981 -0.473705  0.533565  -0.35052 -0.460027  0 -0  0 0 0 0    -0.70582  -0.0900703 -0.00678879  -0.223445 -0.577202 -0.491673 0 0 0 0 0 0 33.7679
  -27.514   8.92117 -0.770301  0.554615 -0.341312 -0.460292  0 -0  0 0 0 0   -0.480038 -0.00743521  -0.0150413  -0.268651 -0.512616  -0.59376 0 0 0 0 0 0 33.7908
-28.2407   7.1679 -1.34763  0.526632  -0.33799 -0.451876  0 -0  0 0 0 0 -0.557913 0.0197263 0.0424747   -0.28791 -0.556216 -0.594692 0 0 0 0 0 0 33.8203
-28.8548  4.70274 -1.54469  0.488737 -0.322768 -0.433596  0 -0  0 0 0 0 -0.642583  0.132918  0.147576  -0.256966 -0.689626 -0.518554 0 0 0 0 0 0 33.865
 -29.261  3.21549 -1.73021   0.49448 -0.330719 -0.472281  0 -0  0 0 0 0 -0.541053 0.0689131 -0.109439  -0.509268 -0.906643 -0.933901 0 0 0 0 0 0 33.9049
-31.0411 -1.32913  -2.3308  0.448227 -0.318286 -0.499994  0 -0  0 0 0 0   -0.5984  0.126494 -0.221869  -0.433373 -0.896021 -0.713357 0 0 0 0 0 0 33.9602
-30.7727 -2.61162 -1.76335  0.447159 -0.347473 -0.499726  0 -0  0 0 0 0 -0.514376 -0.152393 -0.185157  -0.121631  -1.04473 -0.337001 0 0 0 0 0 0 33.9894
-30.4888 -3.33663 -1.54565  0.487078 -0.331905 -0.443951  0 -0  0 0 0 0  -0.106247 -0.0775673   0.243437   0.198969  -1.07889 -0.241528 0 0 0 0 0 0 34.0598
-28.5972 -7.57605 -1.14866  0.488599 -0.342594 -0.412482  0 -0  0 0 0 0 -0.0216404 -0.0836528    0.36749    0.42583 -0.969104 -0.414565 0 0 0 0 0 0 34.0931
-28.2765  -8.3756 -1.91332  0.539485  -0.34042 -0.431366  0 -0  0 0 0 0   0.385631 -0.0549447   0.191725   0.516821 -0.685248 -0.984786 0 0 0 0 0 0 34.1474
-27.6395 -9.12397 -2.87991  0.545129 -0.318051 -0.378919  0 -0  0 0 0 0 0.440597 0.121147 0.582419  0.525107 -0.49281 -1.36055 0 0 0 0 0 0 34.2047
-23.7989 -12.7853 -6.70124  0.579924 -0.299078 -0.359431  0 -0  0 0 0 0 0.464896  0.23091 0.457739   0.756456 -0.446724   -1.2782 0 0 0 0 0 0 34.2488
 -22.391 -13.4983 -7.09475  0.530184 -0.232322 -0.323127  0 -0  0 0 0 0 -0.0186014   0.811608   0.608493   0.982706 -0.448891 -0.931899 0 0 0 0 0 0 34.3397
-21.4822 -14.4041 -6.91739 0.525513 -0.23283 -0.30475  0 -0  0 0 0 0 -0.036973  0.638832  0.702863     1.0168 -0.785318 -0.368536 0 0 0 0 0 0 34.3586
-17.1797 -17.2506 -7.18849  0.533422 -0.192678 -0.269407  0 -0  0 0 0 0 0.0367821  0.637662   0.64821    1.12637 -0.725617 -0.332194 0 0 0 0 0 0 34.4127
-15.7793 -18.6088 -7.07522   0.53104 -0.164703 -0.262283  0 -0  0 0 0 0 0.00703837   0.793374   0.610615     1.1536  -1.00669 -0.288915 0 0 0 0 0 0 34.4417
-14.8087 -19.5171  -6.5672  0.535343 -0.159177  -0.25411  0 -0  0 0 0 0 0.0499766  0.698274  0.607141   1.16008 -1.03142 0.138023 0 0 0 0 0 0 34.4524
-16.1582 -18.5043 -6.85339 0.802877 -0.21109 -0.17553    1.52249  -0.948297 0.00405958   -0.27394 0.00878024 0.00746203 0.0499768  0.698273  0.607141   -0.00169674 -0.000218907   -0.0014165   9.435e-05 -0.00102615 0.000977592 0.924589 -1.10317 -9.70383 34.7361
-16.1582 -18.5043 -6.85339  0.802877 -0.211089 -0.175527    1.53514  -0.946638 0.00913429  -0.270276 0.00522083 0.00627013 0.0499761  0.698276  0.607157    -0.0016909 -0.000230055  -0.00141962   9.435e-05 -0.00102615 0.000977592 0.924589 -1.10317 -9.70383 34.7361
-16.1582 -18.5043 -6.85339  0.802876 -0.211088 -0.175525   1.53532  -0.94603 0.0151351   -0.26762 0.00385677 0.00485372 0.0499737  0.698281  0.607174    -0.0016852 -0.000242975  -0.00141953   9.435e-05 -0.00102615 0.000977592 0.924589 -1.10317 -9.70383 34.7361
-14.1584 -18.3823 -5.34604  0.795673 -0.186632 -0.156297   1.71024 -0.960254 -0.305648  -0.437342  -0.122718 -0.0320593 -0.144258  0.681001  0.534444  -0.00227507  0.00561825 -0.00483989 9.68192e-05 -0.00102428 0.000978145 0.924563 -1.10319 -9.70383 34.768
-10.0469 -17.1358 -4.40484  0.788405 -0.143929 -0.119511    2.3808 -0.683103 -0.859104  -0.354392  -0.152854 -0.0167713 -0.232683  0.712255  0.533788  -0.00610857  0.00252607 -0.00719026 9.13859e-05 -0.00102232 0.000977392 0.924609 -1.10321 -9.70381 34.8248
-8.66451 -17.3566 -3.73757  0.772795 -0.122732 -0.108128   1.91102 -0.490742 -0.706023   -0.41579  -0.197843 -0.0484559 -0.352728  0.699105  0.470326  -0.00452735  0.00734953 -0.00806505 9.87624e-05 -0.00101711 0.000981856 0.924543 -1.10327 -9.70386 34.8535
 -5.2271 -16.6197 -2.81697   0.758369 -0.0851347 -0.0784021    2.2226 -0.513855  -1.47831   -0.34515  -0.229085 -0.0374761 -0.446487  0.720361  0.442802   -0.0062728  0.00640958 -0.00999748 8.67953e-05 -0.00101235 0.000981303 0.924647 -1.10332 -9.70381 34.9036
-3.82456  -15.839 -2.49213   0.731726 -0.0533332 -0.0513082   2.30022 -0.518663   -1.3684   -0.36321  -0.221724 0.00580308 -0.556529  0.755126  0.431513  -0.00456914  0.00213442  -0.0100664 9.04191e-05 -0.00101112 0.000971786 0.924584 -1.10331 -9.70373 34.9531
-0.784812  -15.5076   -1.6483   0.712621  -0.022998 -0.0388837   1.80778 -0.685469  -2.04952  -0.316059  -0.281319 -0.0205027 -0.602397  0.743173  0.334634  -0.00602185  0.00581793  -0.0119821  7.77115e-05 -0.000999456  0.000983292 0.924722 -1.10346 -9.70378 34.991
   0.6476  -14.8403 -0.749889   0.684473 0.00729556 -0.0168113   1.83539 -0.748215  -1.99375  -0.308413  -0.293259 0.00902302 -0.68447 0.757471 0.295889  -0.00557169  0.00375342  -0.0136638  7.36549e-05 -0.000993209  0.000975761 0.924732 -1.10351 -9.70369 35.0379
  2.42594  -14.2194 -0.334134    0.658144   0.0364589 -0.00728082  1.34705 -1.11036 -2.60576  -0.276673   -0.33532 0.00569416 -0.743076  0.754544  0.218961  -0.00589541  0.00548405  -0.0147134  6.11498e-05 -0.000980533  0.000982641 0.924856 -1.10365  -9.7037 35.0783
   3.72516   -13.6677 -0.0558973    0.621765   0.0749614 -0.00190353  1.37311 -1.07515 -2.65251   -0.276133   -0.332171 -0.00570378 -0.831067  0.801602  0.166688  -0.0062067 0.00604058 -0.0142175   6.1658e-05 -0.000983472  0.000986663 0.924865 -1.10363 -9.70374 35.1316
 5.33242 -12.5352 0.883236        0.6  0.0968111 0.00295915 0.681104 -1.77546 -3.14064  -0.235643  -0.383288 0.00121819 -0.853274  0.778383  0.134429  -0.00790859  0.00658264  -0.0163728  3.94653e-05 -0.000963223  0.000994882 0.925083 -1.10385 -9.70375 35.1628
 6.19376 -12.1387  1.19233    0.55994   0.130709 0.00717002 0.427211 -1.89117 -3.19836   -0.232858   -0.391383 0.000812152 -0.930939  0.812271  0.102376   -0.007902 0.00700119 -0.0164569  3.75178e-05 -0.000959406  0.000997177 0.925105 -1.10389 -9.70376 35.2155
7.76205 -10.946 1.96866  0.536614  0.153381 0.0094089 -0.232857  -2.66738  -3.45376  -0.202009  -0.427798 0.00425811 -0.930752  0.795395 0.0855901  -0.0103752 0.00637911 -0.0178457  1.62365e-05 -0.000942385   0.00100669 0.925324 -1.10407 -9.70379 35.2481
 8.01842 -10.6745  2.23562  0.498084  0.189368 0.0129197 -0.512768  -3.01782  -3.48225  -0.194773  -0.432606 0.00388668 -0.982566   0.83133 0.0684563  -0.00975806   0.0064659  -0.0179412  1.06932e-05 -0.000940229   0.00100882 0.925381 -1.10409  -9.7038 35.3009
9.97023 -9.4523 2.76513  0.482891  0.194337 0.0102295 -1.99103 -4.22381  -3.6287  -0.166404  -0.476241 0.00809958 -0.945323  0.743274 0.0524145  -0.0139022  0.0057403 -0.0191054 -1.29886e-05 -0.000913822   0.00102581 0.925642 -1.10437  -9.7039 35.3171
 10.1074 -9.17632  2.86916  0.446587  0.228775 0.0100735 -2.17352 -4.62788 -3.64736  -0.159119  -0.480111 0.00533622 -0.982353  0.770955 0.0282002  -0.0137155 0.00584336 -0.0190241 -1.90216e-05 -0.000912619   0.00103041  0.92571 -1.10438 -9.70393 35.3672
 11.5533 -7.62815  3.18377  0.439003  0.231713 0.0102712 -3.46458 -6.00154 -3.48731  -0.134657  -0.507774 0.00999654 -0.920647  0.680576 0.0246397   -0.017528 0.00383283  -0.019629 -4.23922e-05 -0.000891381   0.00104515 0.925967 -1.10459 -9.70403 35.3753
11.3163 -7.5588 3.24658   0.393723   0.260318 0.00992834 -3.73384 -6.04445 -3.48156  -0.134082  -0.510213 0.00902903  -0.982841   0.685305 -0.0034396  -0.0173899 0.00406714 -0.0196149 -4.24733e-05  -0.00088894   0.00104703 0.925973 -1.10461 -9.70405 35.4288
 12.2685 -5.69193  3.30563   0.39726  0.260524 0.0117618 -4.93586  -7.7129 -3.08533  -0.112678  -0.526815 0.00946976     -0.87632     0.592335 -0.000723435  -0.0208267 0.00136704 -0.0195966 -6.54325e-05 -0.000872236    0.0010625 0.926228 -1.10477 -9.70416 35.4328
 11.4916 -5.51508  3.42381   0.361902   0.293776 0.00174504 -4.83661  -7.9891  -2.9997  -0.108054  -0.528359 0.00326997  -0.908639   0.619125 -0.0404517  -0.0204612 0.00205812 -0.0196929 -6.77533e-05 -0.000872483   0.00107188 0.926269 -1.10477 -9.70424 35.4824
 11.8577 -3.57885  3.38804   0.36576  0.281941 0.0211222 -6.27695 -9.54384 -2.54914 -0.100058 -0.534402 0.0107027  -0.798424   0.489227 0.00371469   -0.0238799 -0.00152963  -0.0192163 -8.50892e-05 -0.000858618   0.00107191 0.926439  -1.1049 -9.70423 35.5054
 10.6737 -2.91687  3.40125   0.340913   0.318018 0.00946076 -5.66513 -9.82872  -2.4702 -0.0969735  -0.533365   0.010043  -0.791114    0.53108 -0.0194884   -0.0237239 -0.00170985  -0.0189786  -8.8047e-05 -0.000860596   0.00108074 0.926483 -1.10488  -9.7043 35.5508
  10.5249 -0.389962   2.84881  0.384966  0.306916 0.0107002 -6.92107 -12.0225 -1.63977 -0.0792043  -0.534315   0.011361 -0.560363  0.417756 0.0130866  -0.0268907  -0.005015 -0.0174388 -0.000110904 -0.000845912     0.001102 0.926746   -1.105 -9.70449 35.5962
 8.31715 0.557323  2.47559   0.383711    0.35426 0.00892566  -5.9698 -12.4433 -1.52474 -0.0891077  -0.537467  0.0242839   -0.50113   0.483095 0.00324074   -0.0250968 -0.00597596  -0.0166135 -0.000114937 -0.000853327   0.00109815 0.926777 -1.10494 -9.70444 35.6436
7.24735 2.10295 1.87619    0.402215    0.336423 -0.00201986 -7.18558 -13.7075 -1.10056 -0.0657587   -0.52569 0.00120714   -0.360076    0.363112 0.000315982   -0.0281719 -0.00778732  -0.0155423 -0.000125748 -0.000834449   0.00113142 0.926936 -1.10508 -9.70476 35.6715
 5.75377  4.18045 0.438179    0.479261    0.338239 -0.00805357  -7.50902  -15.5918 0.0244705 -0.0740258  -0.506319  0.0245581 -0.110103  0.322902 0.0227579   -0.0290329 -0.00988116  -0.0129294  -0.00014155 -0.000831881   0.00114442 0.927112  -1.1051 -9.70487 35.7488
   3.94587    4.98119 -0.0851296   0.503016   0.316412 -0.0112102 -8.49297 -16.4576 0.271913 -0.0575981  -0.492477 0.00825462 0.0224933  0.191419 0.0312209  -0.0317846 -0.0112172 -0.0120784 -0.000146778 -0.000818729   0.00116617 0.927193  -1.1052 -9.70509 35.7813
 3.64645  8.28021 -3.97207  0.676466  0.210934 -0.110044 -10.3194 -19.4013   3.8995 -0.0830587  -0.369766   0.112181    0.467149  -0.0061366 -0.00674969   -0.0355617 -0.00938391 -0.00588504 -0.000165891 -0.000792361    0.0012375 0.927511 -1.10544 -9.70577 36.007
0.340703  6.86099  -4.1938  0.689325   0.20498 -0.147563 -9.47575 -18.6149  3.13835 -0.0775765  -0.359948   0.103969   0.470974 -0.0282129 -0.0578895   -0.0343033  -0.0066726 -0.00648846 -0.000168005 -0.000778848   0.00126434 0.927564 -1.10555 -9.70602 36.0471
-0.902816    7.9192  -5.70908  0.769504  0.206157 -0.147977 -9.67369  -19.449  3.80642 -0.0884453   -0.35233   0.118685   0.651487 -0.0594702 -0.0473491   -0.0354751 -0.00841308 -0.00402764 -0.000180764 -0.000782235   0.00126759 0.927695 -1.10552 -9.70605 36.1273
-3.99293   7.6224 -6.71329 0.784097 0.196256 -0.17101 -9.53834 -18.2574  3.62655 -0.0864056   -0.34515   0.123494   0.613742  -0.110893 -0.0737908   -0.0353942  -0.0053801 -0.00365633  -0.00018011 -0.000779984   0.00127593 0.927697 -1.10554 -9.70611 36.1563
-4.99471  7.90833 -7.43108   0.79226  0.177067 -0.189338 -9.45196 -17.7428  3.27604 -0.082547  -0.33839    0.1189   0.608717  -0.164959 -0.0959337   -0.0363375 -0.00459558 -0.00312874 -0.000180321 -0.000772222   0.00129104 0.927711  -1.1056 -9.70625 36.1841
-7.29551  6.65557 -8.47804  0.791625   0.16495 -0.251742  -8.9066 -16.2868  3.12342 -0.081968 -0.316598  0.121229  0.537901 -0.194396 -0.139082   -0.0355262  0.00044648 -0.00311155 -0.000179482 -0.000765792   0.00133097 0.927733 -1.10564  -9.7066 36.2477
-7.04981  4.79145 -8.99598 0.756419   0.1584 -0.29147 -9.28324  -14.809  3.58834 -0.0635656  -0.327879   0.177627  0.409059 -0.259296 -0.158744   -0.0372239   0.0056501 -0.00268992 -0.000177711  -0.00077015   0.00132934 0.927734  -1.1056 -9.70658 36.3012
 -8.6621  3.50841 -9.79473  0.768821  0.139133 -0.336697 -9.02615 -13.9968  3.56877 -0.0721876  -0.319573   0.176282  0.352079 -0.327656 -0.192155   -0.0367772  0.00869723 -0.00245776 -0.000179256 -0.000766209   0.00135795 0.927766 -1.10563 -9.70683 36.3519
-9.54681   3.1992 -9.96624  0.771231  0.139152 -0.354316 -8.69694 -13.7016  3.57947 -0.0732897  -0.318889    0.18196   0.32339 -0.327652  -0.19649   -0.0357799  0.00958282 -0.00245727 -0.000179285 -0.000765619   0.00136531 0.927775 -1.10563 -9.70689 36.3696
-11.3593  1.77287 -10.3632  0.772373  0.101284 -0.409039 -8.50499 -12.8994  3.54134 -0.0793002  -0.295394   0.175445  0.233417 -0.412889 -0.236496   -0.0349965   0.0125854 -0.00241782 -0.000181653 -0.000759768   0.00140512 0.927813 -1.10568 -9.70725 36.4362
-12.2291  1.56003 -10.4156  0.772984  0.101346 -0.423962 -8.19527 -12.7837   3.5067 -0.0785596   -0.29686   0.181944     0.213 -0.412112   -0.2427   -0.0340392   0.0131802 -0.00242543 -0.000181278 -0.000759884   0.00140912 0.927817 -1.10568 -9.70729 36.4511
 -14.195 0.538175 -10.8787   0.76092 0.0838408 -0.444268 -7.66314   -11.99  3.70356 -0.0744685  -0.299556   0.186607   0.11293 -0.449381 -0.228089   -0.0330186   0.0153281 -0.00195918 -0.000179418  -0.00076026    0.0014066 0.927805 -1.10567 -9.70726 36.4805
-15.1178 0.352476 -11.0145  0.755104  0.106354 -0.439035 -7.00274 -11.7453  3.80304 -0.0658187  -0.324404   0.190499 0.0879158 -0.405529  -0.21289   -0.0316045   0.0155276 -0.00176586   -0.0001776 -0.000760596   0.00139004  0.92779 -1.10566 -9.70711 36.5044
 -16.5406 0.0180383  -11.2893  0.753702 0.0952159 -0.462299 -6.25301 -11.5576  3.72992 -0.0634967  -0.321844   0.186199 0.0453573 -0.392526 -0.215425   -0.0301723    0.016168 -0.00137586 -0.000177629 -0.000760995   0.00139791 0.927799 -1.10566  -9.7072 36.5302
 -15.821  1.11709 -11.1415  0.764093 0.0777869   -0.5054 -6.90409 -12.3587  3.35471 -0.0581579  -0.329811   0.205443  0.108174 -0.467161 -0.237425   -0.0320416   0.0143805 -0.00123733 -0.000176997 -0.000762581   0.00142405 0.927798 -1.10565 -9.70745 36.5778
-14.6864 0.903299 -11.1597  0.760776 0.0509654 -0.504058 -6.17206 -11.9909  3.51983 -0.0583357  -0.323569   0.197698 0.0596962 -0.475708 -0.211644   -0.0316545   0.0152058 -0.00116557 -0.000175436 -0.000762241   0.00140979 0.927785 -1.10565 -9.70732 36.6049
-14.7181 0.040099 -10.9731  0.738361  0.061667 -0.534116 -5.47016 -10.9857  4.03284 -0.0544992  -0.325244   0.216052 -0.0340208  -0.412041  -0.237088   -0.0300461   0.0179047 -0.00141642  -0.00017667 -0.000762411   0.00142231 0.927821 -1.10565 -9.70744 36.6439
 -12.6615 -0.355346   -10.482  0.737437  0.052722 -0.559829 -5.13745 -10.9015  4.08156 -0.0543471  -0.334561   0.198583 -0.0752132  -0.419257  -0.240355   -0.0301052    0.017864 -0.00138636 -0.000178906 -0.000764537   0.00144014 0.927842 -1.10564 -9.70761 36.6711
-13.3425 -2.08057 -8.38244  0.675687 0.0675692 -0.613855 -3.44222 -9.15814  2.73575 -0.0333937  -0.326722   0.243719 -0.217403 -0.302923  -0.27518   -0.0267172   0.0222396 -0.00398204 -0.000181178 -0.000761256   0.00145305 0.927901 -1.10567 -9.70776 36.7545
-10.7408 -3.38407 -7.09871  0.703536 0.0597514 -0.650631  -3.9784 -9.44717  2.65822 -0.0613512  -0.354551   0.228089 -0.200828 -0.364797 -0.271259   -0.0279366   0.0215424 -0.00432028 -0.000187903 -0.000765628   0.00148219 0.927963 -1.10565 -9.70802 36.8013
  -10.88 -5.02897 -7.88329  0.725549  0.114864 -0.668359 -2.68033 -8.81234  4.07845 -0.0987488  -0.375747   0.217165 -0.253312 -0.209379 -0.290515   -0.0250366   0.0233118 -0.00260653 -0.000190031 -0.000769477   0.00149571 0.928019 -1.10562 -9.70818 36.8632
-8.57646 -6.62014 -6.90509  0.712115   0.10018 -0.688253 -2.68067 -8.84285  3.95537 -0.100398  -0.37793  0.215906 -0.294916 -0.246599 -0.292011   -0.0253565   0.0229072 -0.00299075 -0.000190742  -0.00076986   0.00149703 0.928025 -1.10562 -9.70819 36.8914
-9.09644 -7.89952 -6.55891  0.688205  0.141517 -0.741484 -0.977462  -7.71298   3.96109 -0.107414 -0.379979  0.229037  -0.412292 -0.0819268  -0.353748   -0.0216712   0.0252191 -0.00279082 -0.000193125 -0.000771516    0.0015269 0.928085 -1.10563  -9.7085 36.9629
-8.24099 -4.56993 -6.60421  0.735167  0.134041 -0.749277 0.619262  -9.2974    4.206 -0.150493 -0.365385  0.271583  -0.347585 -0.0225155  -0.344799   -0.0196597   0.0219144 -0.00280009 -0.000184807 -0.000763697   0.00148108 0.928028 -1.10565 -9.70811 37.0111
-6.81917 -3.34253 -6.27335   0.66117  0.135798 -0.700863 0.0787416  -8.02376   4.45833 -0.139439 -0.356053  0.201005  -0.54122 -0.058031 -0.346394   -0.0206934   0.0225214 -0.00340797 -0.000178876 -0.000765283   0.00146923 0.927953 -1.10563 -9.70797 37.0995
-5.28693  2.19557 -6.25901  0.705001 0.0768817 -0.714383 -0.355342  -8.65741   4.40499 -0.204274 -0.325923  0.242845 -0.472162 -0.159438 -0.331839   -0.0211354   0.0192264 -0.00369989 -0.000176231 -0.000762005   0.00144742 0.927943 -1.10563 -9.70777 37.1742
-5.42456  2.15631 -5.57641 0.562169 0.120309 -0.73458 0.406325 -6.44771  4.46514 -0.125574 -0.322713  0.180214  -0.712945 -0.0477637  -0.409708   -0.0186338    0.023943 -0.00380637 -0.000178691 -0.000767104   0.00147771 0.927961 -1.10563 -9.70805 37.3248
 -5.0792  4.34785 -4.96206  0.584261  0.109242 -0.718001  0.43199 -7.08917  4.36542 -0.141241 -0.321119  0.215948  -0.619439 -0.0686681  -0.354379   -0.0176473   0.0233988 -0.00410545 -0.000188381 -0.000763179   0.00141651 0.928033 -1.10562 -9.70752 37.3546
-4.58354  6.85025 -4.73233   0.59878 0.0967295 -0.697638 0.485764 -7.52349  4.45583  -0.19164 -0.313266  0.225992  -0.581367 -0.0665372  -0.299947    -0.017079   0.0221328 -0.00407844   -0.0001843 -0.000759306   0.00137225    0.928 -1.10561 -9.70712 37.3826
-4.91625  10.9159 -5.36326  0.662613 0.0952419 -0.718713 0.958879 -9.40946  5.02457 -0.251285 -0.310973  0.260266   -0.404639 -0.00851237     -0.2808  -0.0146233  0.0187299 -0.0036052 -0.000179404 -0.000756333   0.00136322 0.927972 -1.10562 -9.70705 37.4498
-5.38665  14.1524 -6.53215  0.702247  0.138361 -0.699552  1.81391 -9.28287   6.0484 -0.320445 -0.335517  0.238988 -0.381711  0.105357 -0.273847   -0.0121198   0.0173517 -0.00222529 -0.000176676 -0.000752026   0.00133584 0.927958 -1.10562 -9.70681 37.5114
-5.40028  17.2851  -7.4496  0.673559  0.100592 -0.780006  1.12395 -11.2633  6.59249 -0.256349 -0.306962  0.284492 -0.235278 0.0741718 -0.333737  -0.0115728  0.0144404 -0.0016291 -0.000177412 -0.000755178   0.00139429 0.927952 -1.10565 -9.70734 37.6048
-5.29027   17.879 -7.41105  0.656577  0.107569 -0.796344  1.02749 -10.9853  6.59349 -0.262285 -0.310691  0.285916 -0.250378 0.0874671 -0.345756   -0.0114703   0.0153742 -0.00165295 -0.000176624 -0.000754589   0.00138729  0.92795 -1.10565 -9.70728 37.6294
-5.14164  19.4846 -7.48635  0.672492 0.0979331 -0.799222 0.567433 -12.1436   6.7506 -0.259249  -0.30527  0.287112 -0.147683 0.0711003 -0.324674   -0.0114707   0.0134997 -0.00182029 -0.000177762  -0.00075528   0.00138333 0.927954 -1.10564 -9.70725 37.6482
-4.72308  20.5328  -7.4228  0.667996 0.0910484 -0.811582 0.166863 -12.2889  6.71761 -0.260777  -0.30402  0.287937   -0.1211 0.0626638 -0.323253   -0.0120126   0.0131847 -0.00183277 -0.000177198 -0.000754682   0.00137843  0.92795 -1.10564 -9.70721 37.6631
-4.64141  21.7461  -7.7663  0.692664 0.0824883 -0.803364 -0.239116  -13.5987   6.94222 -0.256426 -0.297817  0.282288 0.00889534  0.0554479  -0.295344   -0.0120522    0.011216 -0.00175538 -0.000177401 -0.000755493   0.00136827 0.927949 -1.10563 -9.70713 37.6904
-4.36103  22.2901 -7.95064  0.707816 0.0729191 -0.803011 -0.633671  -14.2344   7.02887 -0.256358 -0.292807  0.281072 0.0914663 0.0477595 -0.269243   -0.0126181   0.0102428 -0.00173201 -0.00017582 -0.00075533   0.0013557  0.92794 -1.10563 -9.70703 37.7084
-4.64511  22.2886 -8.47419  0.736692  0.077292 -0.821652 -0.510975  -14.8157   7.42459 -0.248812 -0.288156  0.261783  0.192287 0.0972181 -0.279041   -0.0120365  0.00914839 -0.00141387 -0.000184532 -0.000757432   0.00138379 0.927982 -1.10565 -9.70729 37.743
-3.86277  21.2494 -8.49268  0.756461 0.0596305 -0.805167 -1.16982 -15.6333  7.48932 -0.234948   -0.2792  0.252783  0.302647 0.0510639 -0.234659   -0.0131501  0.00801402 -0.00151784 -0.000181505 -0.000756593   0.00136343 0.927961 -1.10564 -9.70712 37.7742
-3.59433  19.2554 -8.48961  0.793787 0.0691619 -0.838683 -0.941123  -15.3137   7.57037 -0.253818  -0.28558  0.238812  0.324679 0.0889401 -0.270298    -0.013341  0.00860101 -0.00152744 -0.000192204 -0.000757529   0.00139752  0.92802 -1.10566 -9.70741 37.8253
-3.00505  17.2318 -8.34806  0.791342 0.0519105 -0.823084  -1.6307 -15.7249  7.48632 -0.229581 -0.277247  0.247596  0.367746 0.0221857 -0.224602   -0.0146661  0.00824695 -0.00174905 -0.000183376 -0.000756675   0.00136328 0.927973 -1.10564 -9.70712 37.8487
-3.26957  14.5181 -8.17946  0.796041  0.061005 -0.840458 -1.19577 -15.5944  7.26825 -0.224358 -0.276803  0.261321  0.368556 0.0513941 -0.221222   -0.0143759   0.0088536 -0.00193313 -0.000181349 -0.000756612   0.00135742 0.927967 -1.10563 -9.70707 37.8688
-2.79931  12.3353 -7.97376   0.82302 0.0479282 -0.830343 -1.87513 -16.0255  7.21037 -0.218691 -0.278002  0.248266   0.426323 -0.0120271  -0.194037  -0.0156514 0.00834224 -0.0022462  -0.00018009 -0.000756379   0.00134869 0.927957 -1.10562   -9.707 37.9005
 -2.5881  9.10126 -7.76426  0.866264 0.0392355 -0.846773 -1.95344 -15.9368  7.01677 -0.233443  -0.27872  0.237385    0.46316 -0.0353083  -0.196014   -0.0165895  0.00804369 -0.00253362 -0.000185199  -0.00075634   0.00136336 0.927982 -1.10564 -9.70713 37.9475
-1.97238  5.76649 -7.29691  0.852059 0.0124023 -0.875352 -2.52642 -15.3026  6.71342 -0.228944 -0.267136  0.275879  0.397945 -0.103043 -0.192241   -0.0179391  0.00992889 -0.00310987 -0.000185562  -0.00075705   0.00136392 0.927998 -1.10563 -9.70714 37.9892
-1.97838  1.27512 -7.16895   0.864298 0.00612058  -0.881641 -2.47513  -15.284  6.54793 -0.216442 -0.266491  0.281478   0.39796 -0.116108 -0.167474   -0.0182506  0.00997976 -0.00322659 -0.000182694 -0.000757284   0.00135404 0.927985 -1.10562 -9.70706 38.0044
-1.65046 -1.84721 -7.02971    0.848964 -0.00607611    -0.89836 -2.66815 -14.8029  6.52095 -0.202127  -0.26217  0.306097  0.344661 -0.144388 -0.167077   -0.0188679   0.0111151 -0.00335054 -0.000182467 -0.000757391   0.00135204 0.927989 -1.10562 -9.70705 38.0301
 -1.2894 -7.09133 -7.15238   0.808651 -0.0215334  -0.887069 -2.97781 -14.2329  6.56746 -0.146727 -0.256572  0.326104  0.246549 -0.185699  -0.13916   -0.0192494   0.0122584 -0.00339007 -0.000174832  -0.00075731   0.00131606 0.927954 -1.10559 -9.70675 38.0748
 -1.0438 -8.83863 -7.33273   0.810211 -0.0351673  -0.878934  -3.1561 -14.3268  6.73125   -0.1332 -0.251087  0.322351  0.242039 -0.210022 -0.134226   -0.0196008   0.0119895 -0.00336065 -0.000172676 -0.000757169   0.00130355 0.927945 -1.10558 -9.70664 38.0907
-0.630925  -12.2072  -7.22828   0.795198 -0.0578552  -0.866872 -3.28809 -13.8456  6.69342  -0.11014 -0.244407  0.331622  0.166337 -0.248124 -0.136794  -0.0199485  0.0127275 -0.0037751 -0.000166567  -0.00075697   0.00127366 0.927921 -1.10556 -9.70639 38.1205
-1.39796 -15.0948 -5.85304   0.698984 -0.0222571  -0.851247 -2.38061 -11.6317  5.23403 -0.0245541  -0.256593   0.343091 -0.0518945  -0.173352  -0.143494   -0.0180576   0.0159947 -0.00520519 -0.000171166 -0.000759305   0.00123759 0.927961 -1.10553 -9.70611 38.2242
-1.27998 -17.2425 -5.77287   0.683172 -0.0361608  -0.849125 -2.47247 -11.4244  5.22238 -0.0141971  -0.257122   0.346021 -0.112572 -0.194878 -0.141027   -0.0181508   0.0162284 -0.00534189 -0.000168577 -0.000758844   0.00122072 0.927951 -1.10552 -9.70597 38.2454
-1.96188 -18.9138 -5.48086  0.657439 -0.022042   -0.8601  -1.6695 -10.7284  4.99082 -0.00658091   -0.257896    0.354201 -0.190903 -0.125491 -0.153342   -0.0168285   0.0173514 -0.00531414 -0.000169058 -0.000759336   0.00122179 0.927951 -1.10552 -9.70598 38.2767
-2.23624 -20.9318 -5.11442   0.644501 -0.0223102  -0.867933 -1.51477 -10.9457  4.96025 0.000661293   -0.261234     0.35876 -0.206841 -0.113588 -0.148913   -0.0163895   0.0170282 -0.00538089 -0.000167254 -0.000759643    0.0012118 0.927942 -1.10551  -9.7059 38.2919
-2.33644 -22.3612 -4.72589   0.613846 -0.0213499   -0.86354 -1.29519 -10.2915  4.88694 0.0116481 -0.260673  0.359661 -0.282161 -0.104195 -0.151662   -0.0163457   0.0179049 -0.00559353  -0.00016605 -0.000759754   0.00120085 0.927932 -1.10551 -9.70582 38.3228
-2.71423 -23.9263 -4.28663    0.60448 -0.0206701  -0.871866 -1.19239 -10.9279  4.87165 0.0216541 -0.265233  0.369269 -0.255568  -0.10157 -0.126079  -0.0160141  0.0171117 -0.0056166 -0.000164106 -0.000760347   0.00118598  0.92792 -1.10549 -9.70568 38.3354
-3.45009 -24.2514 -3.41416   0.598405 0.00742458  -0.871742 -0.679695   -11.255   4.02443 0.0330454 -0.286887  0.383218  -0.243151 -0.0568486  -0.103581    -0.014875   0.0162967 -0.00624203 -0.000161229  -0.00076068   0.00116311 0.927897 -1.10547 -9.70549 38.3641
-3.65133 -25.8471 -3.04215   0.598825 0.00657398  -0.892609 -0.557064   -11.733   3.99715 0.0309979 -0.287635   0.38775  -0.195975 -0.0454681  -0.106284   -0.0147162   0.0154384 -0.00620875 -0.000162743 -0.000760745   0.00117533  0.92791 -1.10548 -9.70558 38.385
-3.78334 -25.9643 -2.85142  0.591128 0.0125494 -0.883415 -0.491683  -11.6747   3.80404 0.0384385 -0.293907  0.392932  -0.196534 -0.0430048 -0.0927672   -0.0144926   0.0143702 -0.00632769 -0.000160965 -0.000761183   0.00115289 0.927891 -1.10546  -9.7054 38.3984
-4.33131 -26.2004 -2.41504  0.606136 0.0158288 -0.885167 -0.273085  -12.5375   3.69685 0.0406696 -0.298199  0.422962  -0.131317 -0.0334269 -0.0876403   -0.0138939   0.0130637 -0.00648359 -0.000159235 -0.000761988   0.00111985 0.927865 -1.10543 -9.70512 38.4139
-4.60411 -25.2945 -2.48967  0.627749 0.0142428  -0.91156 -0.120377   -13.164   3.62998 0.0413417 -0.298009  0.448435 -0.0532913 -0.0234499 -0.0984818   -0.0135649   0.0111457 -0.00622821 -0.000159683 -0.000761451   0.00112975 0.927862 -1.10544 -9.70519 38.448
 -4.8791 -24.8851 -2.25037    0.6457 0.0137232 -0.916583 -0.00845377    -13.6157     3.65936  0.038657 -0.300389  0.467324 -0.00159328  -0.0244502   -0.103633   -0.0136297   0.0100707 -0.00630781 -0.000159697 -0.000761898   0.00111251 0.927851 -1.10542 -9.70504 38.4667
-5.38559 -23.5409 -2.39763  0.697046 0.0240357 -0.934226 0.455689 -14.6261  3.44172 0.0186857   -0.3117  0.516721   0.106225 0.00188866 -0.0948462   -0.0126771  0.00812126 -0.00600058 -0.000157481 -0.000761209   0.00109604 0.927817 -1.10541 -9.70492 38.5219
-5.69543  -22.791 -2.05421  0.707511 0.0304864 -0.925894 0.584521 -14.4778  3.41748 0.0107986 -0.315918  0.521366  0.112713 0.0146112  -0.10905   -0.0124722  0.00819479 -0.00620331 -0.000156826  -0.00076199   0.00107228 0.927799 -1.10539 -9.70473 38.5368
-5.79001 -22.2142 -2.01538  0.711244 0.0284095 -0.929917 0.461577 -14.4372  3.49667 0.0114186 -0.315589  0.521479   0.126731 0.00921991  -0.119161   -0.0125194   0.0079563 -0.00613206 -0.000156805 -0.000761753    0.0010734   0.9278 -1.10539 -9.70474 38.5427
-6.42202 -20.1986 -1.59566  0.740495 0.0371559 -0.942416 0.607771 -14.8714  3.37946 0.0084818 -0.319805  0.534154  0.211067 0.0386064 -0.129628   -0.0120048  0.00751368 -0.00624731 -0.000158945 -0.000762573   0.00106995 0.927807 -1.10538  -9.7047 38.5757
-5.40689 -16.2424 -5.61383 0.835236 -0.15679 -1.05685 0.561858 -17.7634  6.60449 0.0183872 -0.155794  0.666975   0.513183 -0.0960024  -0.152981   -0.0135798  0.00231568 -0.00186481 -0.000154766 -0.000755995   0.00113727  0.92776 -1.10548 -9.70527 38.82
-4.68891 -12.3421 -5.46748 0.884807 -0.15622 -1.03557 0.261858 -17.3666  5.88825 -0.0144884  -0.157337   0.660578   0.576274 -0.0935805  -0.122987   -0.0136966   0.0028981 -0.00288518 -0.000153967 -0.000761267   0.00110565 0.927752 -1.10543 -9.70503 38.8739
-5.14163 -9.74891   -3.683 0.811336 -0.19783 -1.02211 0.613668 -17.4647  3.75658  0.0284947 -0.0963306   0.599085  0.547968 -0.039931  -0.14161   -0.0120749  0.00219888 -0.00571581 -0.000141198 -0.000760345   0.00111959 0.927655 -1.10544 -9.70514 38.9594
-4.21398 -6.37467 -2.50676  0.821907 -0.279098 -0.952609 0.462521 -16.2657  1.84177 -0.0250596  0.0023752    0.56425   0.509601 -0.0241606 -0.0946509  -0.0123625 0.00405833 -0.0080502 -0.000133503 -0.000766837   0.00104489 0.927568 -1.10536 -9.70457 39.0669
 -4.83232  -4.88503 -0.351789   0.77977 -0.330511 -0.960275   1.13504  -15.8987 -0.607737 0.00927901  0.0809625   0.557629  0.472888 0.0504249 -0.119235  -0.0107812 0.00500317 -0.0111633 -0.000133549  -0.00076965    0.0010446 0.927544 -1.10535 -9.70459 39.1338
 -4.03274  -2.34868 -0.196645  0.786972 -0.369666 -0.952757  0.787529  -14.6478 -0.778113 -0.00343222    0.118854    0.553071  0.416122 0.0228814 -0.103411  -0.0118136 0.00686598 -0.0116901 -0.000131391 -0.000769398   0.00102138 0.927521 -1.10535 -9.70442 39.1743
 -4.12433  -1.09136 -0.067319  0.792462 -0.369296 -0.946739  0.998968  -14.0567 -0.938146 -0.011316  0.130379  0.553164  0.385094 0.0494679 -0.102273  -0.0114319 0.00801487 -0.0119777 -0.000131188 -0.000771999   0.00100165 0.927505 -1.10532 -9.70428 39.1825
-3.36985 0.095307 -2.12487  0.738876 -0.299552 -0.965523 0.268299 -11.1102  1.13252 0.00342386   0.043127   0.552693   0.150179 0.00234151  -0.101957   -0.0124348   0.0117973 -0.00923474 -0.00012236 -0.00077232 0.000979161 0.927437  -1.1053 -9.70415 39.2724
-3.68184  2.57437 -2.29656  0.744392 -0.283616 -0.972834 0.687786 -10.9488  1.04318 0.00110627  0.0412411   0.548555  0.146219 0.0522351 -0.114528   -0.0116285   0.0120671 -0.00935629 -0.000121175 -0.000775465  0.000982227 0.927435 -1.10528 -9.70418 39.2908
-3.90692  4.53801 -4.15846  0.729961 -0.200902 -0.920237 0.736624 -9.21926  2.67024 -0.0348638 -0.0470281   0.518682  0.0115516  0.0710555 -0.0696435   -0.0110838   0.0141489 -0.00719078  -0.00011304 -0.000772173   0.00090391 0.927328 -1.10525 -9.70357 39.3898
-4.98435  7.07595 -6.05484  0.729608 -0.142592  -0.89617  1.27455 -8.46404  4.39015  -0.061325 -0.0960405   0.503969 -0.062151  0.135459 -0.060203  -0.00953184   0.0155216  -0.0052222 -0.000108537 -0.000772355  0.000865609 0.927277 -1.10522 -9.70327 39.4529
-5.04675  8.54392 -6.72647  0.699039 -0.128172 -0.891931 0.821095 -7.36453  5.05836 -0.0622762  -0.118186     0.5033 -0.174219  0.120297 -0.031035  -0.00984867   0.0175015 -0.00434866 -0.000106871 -0.000770543  0.000844298 0.927253 -1.10522  -9.7031 39.487
-5.34983  9.32321 -6.76694  0.683297 -0.117031  -0.90255    1.036 -7.16116  5.10444 -0.0622739  -0.117262   0.509259 -0.210302  0.157531 -0.035585  -0.00940155   0.0185461 -0.00446314 -0.000106949 -0.000771478  0.000847202 0.927256 -1.10522 -9.70313 39.509
-5.56261  9.13964 -6.56133  0.654985 -0.114805 -0.942306  1.30109 -6.30754   5.0703 -0.0601979   -0.11024   0.520971  -0.319335   0.198784 -0.0757647  -0.00920003   0.0200998 -0.00481595 -0.000105792 -0.000770611  0.000881089 0.927277 -1.10525 -9.70339 39.5579
-5.54086    9.836 -6.49597   0.63252 -0.106319 -0.930207 0.944227 -6.16884  4.93156 -0.0642741   -0.11321   0.532816   -0.37406   0.201291 -0.0506884  -0.00972972   0.0205074 -0.00474505 -0.000106863 -0.000771165  0.000847954 0.927261 -1.10523 -9.70314 39.5848
-5.56604  10.3441 -6.47794  0.603301 -0.101467 -0.948324  0.76712 -5.73851  4.83862 -0.0616322  -0.113839   0.537013  -0.450829   0.207547 -0.0711823   -0.0100444    0.021142 -0.00481549 -0.000106576 -0.000770021  0.000863089 0.927269 -1.10524 -9.70325 39.6195
-5.04728  10.9784 -6.24095  0.578967 -0.103614 -0.952187 0.126977 -5.75118  4.58939 -0.065445 -0.116086  0.542572  -0.499212      0.165 -0.0692463   -0.0112362    0.021292 -0.00491655 -0.000106146 -0.000768272  0.000860644 0.927267 -1.10525 -9.70324 39.6442
-4.97101  11.5347  -6.0515   0.560725 -0.0867225  -0.977306 -0.123137  -5.93248   4.43746 -0.0602182  -0.130281   0.534808 -0.532574  0.160826 -0.101621   -0.0114997   0.0209758 -0.00510311 -0.000107227 -0.000767878  0.000898202 0.927291 -1.10527 -9.70352 39.6796
-4.54233  12.0902  -5.6986   0.540647 -0.0811796   -0.99215 -0.697408  -6.21825   4.11847 -0.0611893   -0.14106   0.529972 -0.562506   0.12162 -0.117926   -0.0123339   0.0206806 -0.00527762 -0.000108129 -0.000766229  0.000918361 0.927306  -1.1053 -9.70367 39.7051
-4.50738  12.7032 -5.64848    0.52786 -0.0785362  -0.980816 -0.759749  -6.65348   4.09595 -0.0678972  -0.139598   0.528835 -0.564557  0.121704 -0.100921   -0.0125357   0.0202444 -0.00529116 -0.000106887 -0.000766377  0.000899249 0.927293 -1.10528 -9.70354 39.7224
-4.27558   13.415 -5.55863   0.518281 -0.0781412  -0.973168  -1.0938 -7.44444  3.98949 -0.0734178  -0.140836   0.525136  -0.539558  0.0989001 -0.0815813   -0.0130099   0.0194655 -0.00525815 -0.000106481 -0.000766141  0.000890565 0.927289 -1.10528 -9.70349 39.7347
-4.19391  13.9761 -5.64183   0.513279 -0.0762328   -0.96521 -1.21066  -8.1081  4.05343 -0.0767243  -0.140084   0.519264  -0.506431  0.0940533 -0.0686937   -0.0131489   0.0185762 -0.00514188 -0.00010642 -0.00076641 0.000884177 0.927287 -1.10528 -9.70345 39.7443
 -3.9759  14.2369 -5.65655   0.502164 -0.0767602  -0.954556 -1.40346 -8.73658   4.0595 -0.0791658  -0.138215   0.513562  -0.478829  0.0739252 -0.0524525   -0.0134278   0.0178601 -0.00504678 -0.000105896 -0.000766576  0.000874228 0.927281 -1.10527 -9.70339 39.7597
-4.04793  14.2944 -5.96248   0.507737 -0.0781833  -0.959583 -1.46599 -9.47071  4.34601 -0.0795368  -0.134109   0.497077 -0.424352 0.0758416 -0.064999   -0.0132093   0.0169866 -0.00471787 -0.000110947 -0.000765764  0.000897721 0.927311 -1.10529 -9.70358 39.7673
-3.63518  14.0183 -5.89052   0.499501 -0.0846665  -0.932741 -1.72971 -10.1972  4.37194 -0.0773551  -0.127393   0.489359  -0.375113   0.044951 -0.0249382   -0.0137255   0.0159633 -0.00463421 -0.000108473 -0.000766654  0.000869395  0.92729 -1.10527 -9.70338 39.7961
-3.91567  12.7867 -6.54967  0.542945 -0.089509 -0.946365 -1.50488 -10.3192  5.20191  -0.10215 -0.116135  0.446165  -0.318772  0.0839105 -0.0669709  -0.0131138  0.0155265 -0.0038714 -0.000122679 -0.000764263  0.000929172 0.927386 -1.10533 -9.70381 39.8419
-3.52354  11.4588 -6.29629    0.52487 -0.0981144  -0.911733 -1.95604 -11.0321  5.13871 -0.0851631   -0.10993   0.436847  -0.287076  0.0397084 -0.0177524   -0.0138532   0.0148562 -0.00391477 -0.000119549 -0.000765232  0.000892059 0.927355  -1.1053 -9.70355 39.8819
-3.72367  10.3798 -6.47656   0.547126 -0.0944015  -0.909927 -1.80667 -11.3871  5.39435 -0.098976 -0.108863  0.410652  -0.251835  0.0591285 -0.0223822   -0.0136635   0.0140902 -0.00361357 -0.000124926  -0.00076432  0.000913517 0.927386 -1.10532  -9.7037 39.9046
-3.07614  10.2271  -6.1284  0.551238 -0.108165 -0.885031 -2.42244 -12.3515  5.21242 -0.0976183  -0.106149     0.4131  -0.191614 -0.0146601  0.0152868   -0.0147627   0.0127829 -0.00388704  -0.00011969 -0.000765543   0.00088192 0.927356  -1.1053  -9.7035 39.9333
-3.50269  10.2252 -6.27078   0.561611 -0.0948824   -0.87469 -2.03241 -13.2402  5.34556 -0.0993135  -0.109695   0.417258 -0.116409  0.014222 0.0245434   -0.0140841   0.0116047 -0.00369031 -0.000115558 -0.000766121    0.0008637 0.927334 -1.10528 -9.70339 39.9531
-3.07737  9.99293 -5.87351   0.57206  -0.10289 -0.855911 -2.52018 -13.9256  5.13728 -0.102771 -0.113792  0.419694 -0.0587201 -0.0509475  0.0484535   -0.0148666   0.0106797 -0.00404703  -0.00011083 -0.000767098  0.000841271  0.92731 -1.10526 -9.70324 39.976
-3.60531  8.82072  -5.8588   0.561797 -0.0912591  -0.846437 -2.07755 -14.0558  5.19692 -0.0959814   -0.11582   0.426474 -0.0499338 -0.0160887  0.0608888   -0.0140777   0.0108285 -0.00387356 -0.000107392 -0.000767437  0.000823469 0.927294 -1.10525 -9.70312 39.9942
-3.38958  8.63898 -5.61676   0.590037 -0.0916826  -0.829843 -2.28136 -15.1941  5.08757 -0.0970341  -0.122437   0.417979  0.0574436 -0.0440125  0.0876482   -0.0144867  0.00954522 -0.00403937 -0.000106816 -0.000767878  0.000815606 0.927286 -1.10525 -9.70308 40.0269
-3.56014  7.25576 -5.52974   0.592925 -0.0885664   -0.81365 -2.13918 -15.4682  5.06472 -0.0903084  -0.123381   0.419421 0.0927946 -0.036679  0.108845   -0.0142392  0.00926601 -0.00395185 -0.000104093 -0.000768429  0.000799597 0.927272 -1.10523 -9.70297 40.0437
-3.46894  7.22225  -5.5162   0.633022 -0.0927775  -0.803832 -2.20159 -16.8069  5.04864 -0.094554 -0.123158  0.418181   0.231874 -0.0504709   0.133046   -0.0144498  0.00760773 -0.00391232 -0.00010408  -0.0007688 0.000795486 0.927269 -1.10523 -9.70296 40.0852
-3.02747  5.30923 -5.22941  0.664806 -0.105683 -0.803727 -2.58615 -16.8618  5.01044 -0.106243 -0.126155  0.412208  0.275818 -0.103948  0.129543   -0.0151143  0.00743588 -0.00412028 -0.000107929 -0.000768348  0.000813896 0.927287 -1.10524 -9.70309 40.1195
 -3.3981  4.15592 -4.82614   0.650285 -0.0879887  -0.771163 -2.02788  -17.353  4.67788 -0.0720869  -0.133747   0.416465   0.311234 -0.0757083   0.160196  -0.0145082 0.00730391 -0.0043838  -0.00010245 -0.000769631  0.000771019 0.927257 -1.10521 -9.70279 40.1593
-3.41533  1.57564 -4.56416   0.692091 -0.0951078  -0.769512 -1.98649 -17.4241   4.6775 -0.0892826  -0.133531   0.409727   0.358403 -0.0874139   0.162223   -0.0145266  0.00724681 -0.00441339 -0.000105231 -0.000769009  0.000789053 0.927271 -1.10523 -9.70292 40.2017
-3.87336 0.477401 -4.78773   0.713663 -0.0845109  -0.754629 -1.49324  -18.012  4.75133 -0.0830655  -0.131808   0.406477   0.426795 -0.0424929   0.179638   -0.0138704  0.00658419 -0.00390714 -0.000103305 -0.000769881  0.000777287 0.927261 -1.10522 -9.70283 40.23
-3.54707 -3.36015 -4.42801   0.725347 -0.0887319  -0.750341 -1.55993 -17.6287   4.7565 -0.0765123  -0.133329   0.419349   0.416684 -0.0598254   0.190949   -0.0141095  0.00712705 -0.00407421 -0.000103327 -0.000770002  0.000777348 0.927263 -1.10522 -9.70284 40.2431
-3.58244 -5.09198 -4.44094   0.760237 -0.0856472  -0.748064 -1.30245   -17.74  4.66695 -0.0947265  -0.134672   0.413786   0.448048 -0.0438263   0.188109   -0.0138303  0.00714243 -0.00391495 -0.000104302 -0.000769706  0.000786568 0.927271 -1.10523  -9.7029 40.2782
-3.06357 -8.59722  -4.1783   0.814401 -0.0920054  -0.751699 -1.53535 -17.5248  4.69453 -0.120453  -0.14222  0.414829    0.46589 -0.0848023   0.157493   -0.0143132  0.00735441 -0.00420396 -0.000107693 -0.000769209  0.000807809 0.927294 -1.10524 -9.70305 40.3329
-3.23249 -10.5647 -4.57438   0.874572 -0.0870754   -0.77102 -1.24442 -16.9029  5.15591 -0.168044 -0.146121  0.415807   0.470841 -0.0603037    0.12385   -0.0140647  0.00828552 -0.00352549 -0.000115359 -0.000768689  0.000839851 0.927354 -1.10526 -9.70329 40.3963
-3.03043 -13.4999 -4.33252   0.898577 -0.0935993  -0.765849 -1.29874 -16.5565  5.16217 -0.168688 -0.147561  0.418849   0.445954 -0.0890797    0.11401   -0.0144054  0.00874386 -0.00365858 -0.000115728 -0.000768608  0.000842771 0.927356 -1.10527 -9.70331 40.4217
-3.51228 -14.7565 -4.00421   0.912348 -0.0861389  -0.769316 -0.819887    -16.58   4.81913 -0.169026 -0.148029  0.422312   0.451611 -0.0559957   0.102801   -0.0136631  0.00892674 -0.00372597 -0.000116477 -0.000768572  0.000847299 0.927361 -1.10527 -9.70334 40.4377
 -3.3142 -17.6506 -3.76278   0.920279 -0.0935541  -0.747171 -0.920504  -16.2803   4.97938 -0.154573 -0.146931  0.419561   0.409219 -0.0853625   0.106847  -0.0141161 0.00953533 -0.0038265  -0.00011547 -0.000768912  0.000829979 0.927352 -1.10526 -9.70323 40.4624
-4.25536 -18.2515 -2.87259   0.936496 -0.0654705  -0.761892 -0.289714  -16.6973   3.87939 -0.146983 -0.163322  0.431571   0.456036 -0.0242566  0.0969217   -0.0126587  0.00898285 -0.00441137 -0.000116708 -0.000769381  0.000836395 0.927355 -1.10526 -9.70328 40.498
-4.08947 -21.4314 -2.95862   0.938067 -0.0755859  -0.730828 -0.78932 -16.4448   4.4873 -0.123399 -0.163408  0.425095   0.410501 -0.0722519   0.118486   -0.0131746  0.00955458 -0.00423063 -0.000116395 -0.000769474   0.00080937 0.927344 -1.10525 -9.70309 40.5307
 -4.2602 -22.7302 -2.85868    0.97002 -0.0796006  -0.745727 -0.779291  -16.4326   4.49817 -0.142327 -0.163098  0.432735   0.431907 -0.0726619   0.104366   -0.0129822  0.00956109 -0.00418818 -0.000116567 -0.000768763  0.000830423 0.927354 -1.10526 -9.70324 40.5662
-4.89839 -26.6717 -2.29189   0.967284 -0.0702533   -0.73559 -0.489244  -15.7945   4.18539 -0.127699 -0.166609  0.434402   0.357275 -0.0477479  0.0970912   -0.0122328   0.0106909 -0.00427605 -0.000117323 -0.000769379  0.000824468 0.927352 -1.10526 -9.70322 40.5803
-4.70835 -28.8752 -2.50475    0.89275 -0.0610944  -0.719831 -0.406574  -14.1548   4.56559 -0.0700634  -0.173255   0.433969   0.184269 -0.0548078   0.096514    -0.012625   0.0119746 -0.00392933 -0.000124031 -0.000769583  0.000803709 0.927363 -1.10525 -9.70311 40.657
-4.85592 -31.5959 -2.24551   0.869007 -0.0672322  -0.675133 -0.416688  -13.7907   4.68981 -0.0421082  -0.167709   0.416073    0.11165 -0.0700007   0.118048   -0.0127003   0.0124032 -0.00398032 -0.000127105 -0.000770697  0.000763512 0.927355 -1.10522 -9.70283 40.708
-4.65817 -32.7038 -2.33296  0.838188  -0.07047 -0.653315 -0.40134 -12.8683  4.89439 -0.0294586  -0.166394   0.406338  0.0189325 -0.0823689   0.121951   -0.0130676   0.0128297 -0.00388525 -0.000127828 -0.000770785  0.000748469  0.92735 -1.10521 -9.70274 40.7459
-5.04712  -34.291 -2.03287   0.838935 -0.0692369  -0.641301 -0.189174  -12.9561   4.65817 -0.0270483  -0.166515    0.40671 0.00791418 -0.0689398   0.117915   -0.0126036   0.0128285 -0.00394536 -0.000128313 -0.000771233  0.000740802 0.927346 -1.10521 -9.70268 40.758
-5.10974 -34.1782 -1.91781  0.848958 -0.068017  -0.64843 -0.0954792   -13.0561    4.51182 -0.024598 -0.168567   0.41613  0.0362275 -0.0649446   0.111043   -0.0125473    0.011864 -0.00403743 -0.000129199 -0.000771434   0.00074429 0.927349 -1.10521 -9.70271 40.7703
-4.91473 -34.0636 -1.58591   0.867017 -0.0644882  -0.685143 0.115016 -13.6242  4.23505 -0.0122113  -0.176339   0.432078   0.107802 -0.0630955  0.0621164   -0.0129056   0.0107934 -0.00429186 -0.000129785 -0.000770899  0.000784921  0.92737 -1.10523 -9.70298 40.8114
-4.90132 -33.4299 -1.69392   0.858528 -0.0674867  -0.723145 -0.0531731   -13.8757    4.31743 0.00889936  -0.176237   0.425768   0.152935 -0.0736779  0.0105099  -0.0128199 0.00989664 -0.0042242 -0.000127323 -0.000769753  0.000841861 0.927388 -1.10527 -9.70335 40.8505
-4.59026 -31.8582  -1.5105   0.867321 -0.0625385  -0.754837 0.244767 -14.1054  4.01521 0.0255583 -0.181598  0.426591   0.201581 -0.0636658 -0.0446446   -0.0131196  0.00894027 -0.00443668 -0.000126135 -0.000769573  0.000878706 0.927404 -1.10529 -9.70359 40.8837
-5.07724 -30.2901 -1.16254   0.883973 -0.0533516  -0.814576 0.411223    -14.9  3.33898 0.0537176  -0.18757  0.454305   0.295921 -0.0332213  -0.086181   -0.0122902  0.00774272 -0.00480208 -0.000126087 -0.000768227  0.000925255 0.927417 -1.10532 -9.70391 40.9464
 -4.4459 -27.7399 -1.51434   0.852382 -0.0473672  -0.804215 0.489251 -14.1704  3.31334 0.0648293 -0.189136  0.403488   0.246685 -0.0364397  -0.119589    -0.012651  0.00766982 -0.00477766 -0.000119696 -0.000768309  0.000941219 0.927405 -1.10532   -9.704 40.9802
 -4.4617 -25.9734 -1.48564   0.825035 -0.0442747  -0.836471 0.444769 -14.4172  2.94578   0.10106 -0.186949  0.383959   0.268402 -0.0241847  -0.154205   -0.0123019  0.00715562 -0.00500395 -0.000115658 -0.000767531  0.000987406 0.927414 -1.10535  -9.7043 41.0226
-3.56646 -22.6226 -1.94814     0.8523 -0.0604758  -0.814308 0.0536033  -13.9961   3.26242 0.0732134 -0.183126   0.38344    0.26292 -0.0805759  -0.130569   -0.0128675  0.00739475 -0.00510235 -0.000115824 -0.000768084  0.000950269 0.927388 -1.10533 -9.70406 41.0613
 -4.1585 -20.8372 -2.18042   0.878743 -0.0472342  -0.832709 0.926434 -14.3248  2.93167 0.0703841 -0.181806  0.398468   0.309022 -0.0124092   -0.14006   -0.0116921  0.00711348 -0.00496915 -0.000115836 -0.000768007  0.000956545 0.927389 -1.10533 -9.70411 41.0961
-3.76481 -18.6425 -2.44615   0.830695 -0.0224811  -0.828028  1.16345 -12.9395  2.87787 0.0797464 -0.195555  0.350435   0.177865 0.00926271  -0.153426   -0.0117698  0.00871061 -0.00487713 -0.000107818 -0.000769176  0.000957752 0.927364 -1.10533 -9.70414 41.1504
-4.18062 -17.4586 -2.91605  0.843817 0.0225834 -0.793801 1.60835 -12.156 3.10374 0.0422386  -0.23427  0.357644  0.117369 0.0420085 -0.120167   -0.0108847  0.00920836 -0.00446442 -0.000110446  -0.00076902  0.000891479 0.927299  -1.1053 -9.70374 41.2085
-4.65482 -15.7034 -5.64964  0.823904   0.17514 -0.759582  2.24641 -10.6334  5.28298 0.0239485 -0.406976  0.354446 -0.0358834  0.0448568 -0.0845781  -0.00944654   0.0109193 -0.00170071 -0.000116658 -0.000759342  0.000804369 0.927209  -1.1053 -9.70321 41.3661
-5.99617 -14.2615 -7.88505  0.855669  0.307656 -0.748444  4.14976 -10.7743  7.13443 -0.00138159   -0.543627    0.353912 -0.0228602   0.136867 -0.0788317  -0.00712499   0.0107705 0.000325774  -0.00011569 -0.000745926  0.000776326 0.927167 -1.10536 -9.70303 41.5028
-5.68044 -11.7288 -8.56874  0.843833  0.323303 -0.734477  3.70995 -10.1533  7.65539 -0.0116719  -0.572305   0.354911 -0.0884815   0.109444 -0.0609766  -0.00738584   0.0115854 0.000871411 -0.000119051 -0.000742331   0.00074298 0.927141 -1.10536 -9.70282 41.5269
-6.04204 -10.5037 -8.59592 0.838491 0.336192 -0.73136 4.08127 -9.8856 7.56526 -0.0183056  -0.572144   0.356367  -0.116284   0.162385 -0.0547217  -0.00680087   0.0118737 0.000657808 -0.000120546 -0.000743205  0.000730997 0.927134 -1.10535 -9.70274 41.5412
-5.60986 -8.16168 -8.55558  0.822859  0.328897 -0.725618   3.3975 -9.18031  7.36642 -0.035591 -0.568421  0.367296  -0.197833   0.144875 -0.0540568  -0.00722512   0.0128072 0.000390041 -0.000122167 -0.000742615  0.000706536 0.927115 -1.10534  -9.7026 41.5593
-5.84048 -7.13021 -8.19898  0.794291  0.321121 -0.729947   3.3352 -8.38775  7.02544 -0.0366957  -0.551638   0.369894   -0.28111    0.17156 -0.0634688    -0.0070516    0.0134914 -0.000141573 -0.000122507 -0.000742191  0.000700314 0.927109 -1.10534 -9.70257 41.5893
 -5.1862 -4.89547 -7.76795  0.767355  0.302794 -0.731755  2.04651 -7.56968  6.70945 -0.0551593  -0.549867   0.383323 -0.390733  0.104574  -0.05822   -0.00825512    0.0144453 -0.000446798 -0.000121661 -0.000739871  0.000687724 0.927095 -1.10534  -9.7025 41.6219
-5.68212 -3.87847 -7.36061  0.724798  0.298999 -0.750334  2.28638 -7.02702   6.3496 -0.0446418  -0.531798   0.388945  -0.479392   0.153034 -0.0803956   -0.0078401    0.015352 -0.00110682 -0.000120716 -0.000738735  0.000695166 0.927096 -1.10535 -9.70256 41.6685
-5.94231 -1.82057  -7.2199 0.693627 0.307944 -0.74483  2.21268 -6.72754  6.19895 -0.0544461   -0.52847   0.390202  -0.541192   0.183643 -0.0741949  -0.00759396   0.0158373 -0.00139852 -0.000122711 -0.000740061  0.000677748 0.927087 -1.10534 -9.70244 41.7014
 -5.59317 -0.158529  -7.20204  0.660461  0.313136 -0.754318  1.86693 -6.50148  6.10628 -0.0509278  -0.532801    0.39243   -0.59288    0.18051 -0.0815419  -0.00802231   0.0160892 -0.00147768 -0.000122008 -0.000738757  0.000683071 0.927088 -1.10535 -9.70248 41.7363
-5.66625  1.98729 -7.39832  0.630616  0.324961 -0.764183  1.71951 -6.66731  6.07852 -0.0460273  -0.535434   0.392547  -0.611771    0.20698 -0.0928923  -0.00777161   0.0158626 -0.00157098 -0.000121144 -0.000738405  0.000691867 0.927092 -1.10535 -9.70254 41.7699
-5.19293  3.86289  -7.5088  0.601145  0.331017 -0.775085  1.22576 -6.83868  6.08083 -0.0415621  -0.542316   0.395773  -0.638273   0.193003 -0.0976576  -0.00827173   0.0156325 -0.00154909 -0.000119976 -0.000737106  0.000702011 0.927095 -1.10537  -9.7026 41.8019
 -5.3339  5.77409 -7.72302  0.573476  0.343305 -0.792156  1.20233 -7.24393  6.16999 -0.0309714  -0.542789    0.39593 -0.632347  0.223336 -0.118345  -0.00785394   0.0151475 -0.00164705 -0.000118516 -0.000736769  0.000721114 0.927107 -1.10538 -9.70273 41.8366
-4.62223   7.3042 -7.59295   0.53379  0.355348 -0.816456 0.493231 -7.33834  5.90836 -0.0194771   -0.55841   0.401357 -0.663737  0.187733 -0.145697  -0.00866143   0.0149549 -0.00180994 -0.000116706 -0.000734634  0.000745048 0.927118 -1.10541 -9.70289 41.8847
 -4.6861  9.48299 -7.64721  0.529779  0.368723 -0.825116  0.12245 -8.32199  5.76942 -0.0180678  -0.569469    0.40082 -0.609461  0.176642 -0.154782  -0.00860869   0.0136946  -0.0019573 -0.000115869 -0.000734324  0.000759929 0.927132 -1.10542   -9.703 41.9011
-4.63153  11.0197 -7.59157  0.501116  0.373767 -0.823073 -0.161526  -8.28423   5.66985 -0.0250774  -0.572059   0.399082 -0.640532  0.156053 -0.152259  -0.00889337   0.0135185 -0.00202065  -0.00011597 -0.000734103  0.000750489 0.927125 -1.10541 -9.70294 41.9303
-5.10459  13.2553 -7.99759  0.472051  0.372892 -0.879452 -0.220702  -9.38665   5.89438 0.00861297  -0.564056   0.423514 -0.575446   0.18689 -0.185125  -0.00836183    0.011978 -0.00196208 -0.000114488 -0.000731315  0.000803876 0.927151 -1.10547 -9.70331 41.9937
-4.61472  14.0139 -7.79696  0.457455  0.374147 -0.861483 -0.712595  -9.78665   5.75116 -0.00323668   -0.567311    0.417666 -0.537578  0.142867 -0.141499  -0.00909102   0.0117801 -0.00197594 -0.000115104 -0.000732244  0.000779955 0.927137 -1.10545 -9.70317 42.0169
-4.27706  15.2878 -7.13003  0.471004  0.420496 -0.869998 -0.977326  -11.0399   5.04801 0.00744372  -0.608685   0.397725  -0.41094  0.145898 -0.134128  -0.00954661   0.0102863 -0.00277594 -0.000119673 -0.000734039  0.000817057 0.927193 -1.10547 -9.70341 42.0659
-3.91783  15.7834 -6.70137  0.481054  0.437168 -0.838252 -1.07501 -11.9929  4.60021 0.00268519  -0.623499   0.375394 -0.296717  0.120392 -0.070935  -0.00987702  0.00919275 -0.00315493 -0.000121078 -0.000733827   0.00079615 0.927186 -1.10546 -9.70329 42.1032
-1.67475  13.4192 -4.98706 0.604812 0.578687 -0.84166 -2.51238 -11.0002  3.40184 -0.0581224  -0.759577   0.269504 -0.209833  0.103488    -0.125   -0.0122587   0.0100583 -0.00474517 -0.000139998 -0.000754973  0.000922394 0.927447 -1.10541 -9.70397 42.2912
-1.21987  11.3902 -3.70917  0.579735  0.560497 -0.787154 -2.27244 -11.9055  2.16021 -0.0344798  -0.754356   0.250529  -0.140743   0.012701 -0.0366225   -0.0123446   0.0094122 -0.00584635 -0.000145636 -0.000745651   0.00086477 0.927414 -1.10543 -9.70362 42.3539
-0.44274  8.55653  -3.8073  0.603885  0.561363 -0.772693 -2.5005 -12.155 2.34021 -0.0481948  -0.758912   0.222735  -0.101453 -0.0131607 -0.0200785   -0.0126254  0.00909334 -0.00570938  -0.00014497 -0.000745516  0.000875292 0.927421 -1.10544 -9.70367 42.3821
0.855829   5.7531 -3.23043 0.588324 0.555311 -0.79432  -3.0832 -11.8847  1.97665 -0.0569068  -0.772013   0.246165   -0.165466  -0.0971265 -0.00891841   -0.0134348  0.00962847 -0.00621261 -0.000145185 -0.000745834  0.000888236 0.927436 -1.10544 -9.70376 42.4094
 2.31411  3.45805 -3.64626   0.60489  0.521784 -0.757298 -3.06704 -12.6024  2.44891 -0.0505606   -0.74191   0.216902 -0.0949342  -0.129593  0.0317911    -0.013669  0.00874141 -0.00602665 -0.000146049 -0.000746288  0.000869739 0.927424 -1.10543 -9.70365 42.462
3.37867 1.65902 -4.0556   0.60962    0.5063 -0.746397  -3.0363 -12.7642  2.67258 -0.0494023  -0.729274   0.209264 -0.082153 -0.148141 0.0416552   -0.0136073  0.00844638 -0.00589666 -0.000146264   -0.0007466  0.000864366 0.927422 -1.10543 -9.70362 42.4815
  5.55464 -0.577724  -4.60564  0.590664  0.416697 -0.691801 -3.56701 -13.1094  3.39671 -0.0151862   -0.64963    0.20707 -0.0697849  -0.258497   0.102414   -0.0142389  0.00785133 -0.00586789 -0.000149234 -0.000753358  0.000803628 0.927399 -1.10537 -9.70327 42.5882
 7.21612 -2.02976 -4.81386  0.571714  0.365756 -0.664973 -3.76134 -12.9549  3.50022 -0.00283966    -0.60671    0.209478 -0.0996516  -0.330056   0.126287   -0.0144958  0.00792481 -0.00612046 -0.000149542 -0.000758589   0.00077287  0.92739 -1.10533 -9.70308 42.6488
 9.67992 -1.82533 -6.83612  0.626125    0.2322 -0.624866 -4.02944 -13.7279  5.71446 -0.0152353  -0.478585   0.200711 0.0255421 -0.405516  0.158788   -0.0151036   0.0063146 -0.00474997 -0.000144111 -0.000764489  0.000742649 0.927369  -1.1053 -9.70292 42.7985
 11.7097 -2.35336 -6.95965   0.61808  0.164656 -0.564104 -4.06529  -13.181  5.60933 -0.0306321  -0.405439   0.173536 -0.0275736  -0.462721   0.184449   -0.0154327  0.00655488 -0.00509383 -0.000134285 -0.000781274  0.000689106 0.927321 -1.10519 -9.70257 42.8897
 13.3286 -1.65902 -7.16802  0.652749  0.119791 -0.551559 -3.91324 -14.0045  6.35057 -0.0376821  -0.371971    0.18286 0.0913578 -0.516088  0.188158   -0.0150866   0.0053088 -0.00512946 -0.000130625 -0.000785267  0.000670405 0.927308 -1.10517 -9.70248 42.9477
 13.3685 -1.82736 -7.80012  0.657842  0.118032 -0.560621 -2.52518 -14.0837    6.055 -0.0412125    -0.3479    0.19697  0.111643 -0.427119  0.166439  -0.0132387 0.00541043 -0.0044053 -0.000125426 -0.000788362  0.000659166 0.927297 -1.10516 -9.70242 42.9583
  14.3597 -0.627568  -7.06165  0.708379  0.115997 -0.554536  -1.7615 -15.7277     5.76 -0.0559294  -0.350103   0.235889  0.270616 -0.437814  0.201591   -0.0129505  0.00386405 -0.00499224 -0.000114331  -0.00079386  0.000614981 0.927246 -1.10513 -9.70221 43.0092
  15.4475 -0.373218  -6.87722  0.726607 0.0982354 -0.546288 -1.62399 -15.9434  5.75645 -0.0569104  -0.350258    0.23952  0.326134 -0.460862  0.198198   -0.0129345  0.00379632 -0.00512107 -0.000113657 -0.000794322  0.000611397 0.927243 -1.10513 -9.70219 43.036
   16.3496 -0.0529434   -6.92354   0.75194 0.0635849 -0.513555 -1.10315 -16.0132  5.66831 -0.0678368  -0.326196   0.241877   0.37444 -0.465122   0.23648   -0.0123672  0.00372085 -0.00516435 -0.000107614 -0.000798896  0.000570279 0.927217 -1.10512 -9.70195 43.0899
  17.6567 -0.456234  -7.34666  0.752571 0.0264791 -0.490053 -1.39744  -15.548  5.70456 -0.0668068     -0.318   0.242949  0.369124 -0.513662  0.231906   -0.0126143  0.00428778 -0.00522683 -0.000105572  -0.00080021  0.000551589 0.927204 -1.10511 -9.70185 43.1339
 18.1612 -1.15415 -8.01352   0.753695 0.00976708  -0.475532 -0.991886   -15.069   5.58751 -0.0661465  -0.312185   0.250568  0.339242 -0.489312   0.22647   -0.0119458  0.00509602 -0.00517973 -0.000102046 -0.000803848  0.000532855 0.927191  -1.1051 -9.70174 43.156
 19.1098 -1.18608 -8.31265   0.763365 -0.0249226   -0.46364  -1.4555 -14.8544  5.85264 -0.063859 -0.315655  0.246976   0.35168 -0.547414  0.207502   -0.0125441  0.00528614 -0.00530171 -0.000103297 -0.000801514  0.000539213 0.927193 -1.10511 -9.70177 43.194
 18.0672  -1.6026 -8.49507   0.765852 -0.0186436  -0.492365 0.138587 -14.3088   5.1439 -0.0661097  -0.297325   0.270476  0.326047 -0.403742  0.189072    -0.010594  0.00605708 -0.00540565 -0.000101254 -0.000802748  0.000557244 0.927207 -1.10511 -9.70188 43.2235
 18.4813 -1.78288 -8.90737   0.776566 -0.0396785  -0.485173 0.142008 -14.1655   5.1447 -0.0660952  -0.295614   0.270342  0.335918 -0.410336  0.182839   -0.0106307  0.00636591 -0.00549635 -0.000101308  -0.00080229  0.000559691 0.927209 -1.10512 -9.70189 43.2482
 17.4129 -2.70142 -9.40276   0.790096 -0.0449356  -0.537221 1.65829 -13.547 4.35629 -0.0813363  -0.263851   0.293034 0.315212 -0.25802 0.119251  -0.00883212  0.00737902 -0.00563925 -0.000102143 -0.000795333  0.000615324 0.927248 -1.10516 -9.70221 43.3022
 17.5164  -2.6454 -10.0375   0.807746 -0.0628846  -0.531664  1.48123 -13.6496  4.45476 -0.0814813  -0.262258    0.29042  0.322711 -0.261514  0.103294  -0.00881385   0.0073468  -0.0055898 -0.000102738 -0.000794158  0.000618441  0.92725 -1.10516 -9.70223 43.328
 16.2896 -2.77015 -9.64091   0.799217 -0.0819408  -0.580739  2.91074 -12.8987  3.26503 -0.0830201  -0.215096   0.286349   0.255721  -0.107685 0.00417719  -0.00726435  0.00772296 -0.00641178 -0.000105573 -0.000781552  0.000689832 0.927285 -1.10521 -9.70262 43.3813
  16.079 -2.16128  -9.3103   0.81337  -0.12396 -0.567905 2.08792  -12.79 3.28631 -0.0959186  -0.207937   0.267172   0.195404  -0.157312 -0.0230716  -0.00763135  0.00790119   -0.006825 -0.000104746 -0.000775714  0.000692804 0.927278 -1.10523 -9.70264 43.4275
  14.1471 -0.682735  -8.55336  0.807004 -0.107726  -0.56332  2.47759 -12.1138  3.22358 -0.0932032  -0.211653   0.272913    0.15265 -0.0853343 -0.0549061  -0.00659036  0.00771561 -0.00690606 -0.000100634 -0.000782297  0.000673827  0.92726 -1.10521 -9.70253 43.4455
 12.6192 0.436616 -7.60282  0.799075 -0.141081 -0.559698  2.19293 -11.8987  2.91448 -0.0929321  -0.190965   0.251904  0.122168  -0.08327 -0.069392  -0.00627337  0.00804908 -0.00723575 -0.000100637 -0.000777486  0.000681868 0.927257 -1.10523 -9.70257 43.48
  9.8075  1.16194 -5.51953  0.739708 -0.138892 -0.617003 3.69261 -11.665 1.18645 -0.0530399  -0.137129   0.272794 0.0489707 0.0845549  -0.10482  -0.00435131  0.00865845  -0.0087428 -0.000104261 -0.000769986  0.000724188 0.927277 -1.10527 -9.70281 43.5625
 8.50467  2.78808 -4.62312  0.770758  -0.11222 -0.600514  3.25344 -11.8599  1.26776 -0.0732487  -0.172652   0.278583  0.0742396  0.0948251 -0.0882998  -0.00450336  0.00815816 -0.00890774 -0.000100113 -0.000777533  0.000693299 0.927258 -1.10525 -9.70264 43.6066
 6.25555  2.92516 -4.42501   0.771289 -0.0529348  -0.579111 3.59894 -11.466 1.12413 -0.0803912  -0.219788   0.287975  0.0318225    0.17595 -0.0775578  -0.00358052  0.00925606 -0.00854766 -9.50354e-05 -0.000785549  0.000648694 0.927232 -1.10522  -9.7024 43.6697
 4.59537  3.96901 -3.68662   0.767603 -0.0482742  -0.593476  3.74512 -11.2642  1.08447 -0.0803448  -0.207864   0.287677 -0.00892437    0.232539  -0.0875826  -0.00328629  0.00943953 -0.00854629 -9.60118e-05 -0.000782752  0.000662604 0.927239 -1.10523 -9.70247 43.6852
 3.11968  4.87448 -3.35057  0.763758 -0.023621 -0.585218  3.64139  -11.122 0.817258 -0.0835551  -0.223372   0.289094 -0.0272847   0.263763 -0.0954499  -0.00308669  0.00985227 -0.00831885 -9.38252e-05 -0.000786493  0.000641997 0.927228 -1.10522 -9.70236 43.7115
 1.73414  6.34649 -3.10899   0.757881 -0.0419116   -0.60646  3.19337 -11.3638  1.15259 -0.070708 -0.202409  0.285301 -0.0226489   0.259586  -0.126046  -0.00321977  0.00954006 -0.00794909 -9.83682e-05 -0.000776809  0.000667482 0.927243 -1.10526 -9.70251 43.7401
0.763631  7.01856 -2.43018   0.754151 -0.0415464  -0.609071  2.66582 -11.3526 0.971574 -0.0738598  -0.203895   0.288498 -0.0715053    0.23776  -0.108343   -0.0039075  0.00971501 -0.00788056 -9.76068e-05 -0.000778383  0.000658189 0.927242 -1.10526 -9.70246 43.7447
-0.195787   7.89866  -1.21996   0.747736 -0.0650874  -0.631704  1.64836 -11.0642 0.780686 -0.0809293  -0.189943   0.294815 -0.116651   0.17418 -0.118669  -0.00460665  0.00971812 -0.00818435 -9.95116e-05 -0.000773638  0.000675064 0.927257 -1.10527 -9.70256 43.778
 -1.97378   8.93997 -0.510646   0.743168 -0.0694137  -0.642722  1.38873 -11.0707 0.673303 -0.0804743  -0.182894   0.292249 -0.139928  0.171145 -0.145716  -0.00458633  0.00966437 -0.00799183 -0.000102013 -0.000770008  0.000684795 0.927268 -1.10529 -9.70262 43.7907
-4.07817  10.2748   1.0759  0.734651 -0.106796  -0.65239 0.785608  -10.949 0.236674 -0.0882057  -0.153927   0.279314 -0.185559  0.124622 -0.163882  -0.00479951  0.00981855  -0.0084622 -0.000103942 -0.000764095  0.000696233 0.927278 -1.10532 -9.70268 43.8302
-6.68429  11.4223   2.0954   0.723965 -0.0549861  -0.644679 1.06957 -10.771 0.16503 -0.0935946  -0.190102   0.283383 -0.219672  0.201373 -0.136536  -0.00419332   0.0100497 -0.00832432 -9.87577e-05 -0.000770384  0.000668799 0.927258 -1.10529 -9.70253 43.8837
-7.5881 9.91968 3.46409   0.673519 -0.0844279  -0.706469 0.130914 -8.85011 0.848156 -0.107638  -0.16219  0.335387 -0.381184  0.170733 -0.129966  -0.00527196   0.0125827 -0.00859089 -9.98617e-05 -0.000772734  0.000686996 0.927289 -1.10531 -9.70265 43.9687
-8.97945  9.86677  4.69131   0.666985 -0.0803411  -0.720245 0.264994 -8.80096 0.996552 -0.119834 -0.154847  0.332967 -0.389064    0.2255 -0.119269  -0.00517843   0.0127801 -0.00876663  -0.00010141 -0.000769335   0.00070003 0.927297 -1.10532 -9.70272 43.9845
-10.952 8.49417 5.48941  0.762361 -0.148186 -0.752973  0.87559 -7.93128  1.30455  -0.190096 -0.0922838   0.282815 -0.361535  0.265462 -0.183061  -0.00404596   0.0139089 -0.00847059 -0.000141512 -0.000730464  0.000785271 0.927489 -1.10551 -9.70318 44.106
-12.8201  7.95128  7.50714   0.682735 -0.0557185   -0.72488   1.7175 -7.93692 0.675023 -0.129894 -0.159532  0.274265 -0.455295  0.370518 -0.181502  -0.00330575   0.0141945 -0.00916399 -0.000145183 -0.000733127   0.00073533  0.92749 -1.10549 -9.70291 44.2312
-15.0664  7.58566  9.07559  0.635005 0.0611816 -0.658069  2.90046 -7.94102 0.240497 -0.107782 -0.262738  0.256858 -0.531957  0.480485 -0.150604  -0.00212365   0.0147251 -0.00942018 -0.000136784 -0.000731362  0.000623383  0.92747  -1.1055 -9.70231 44.3741
-16.5709  8.13132  10.6778  0.624039 0.0793703  -0.66571    2.7202  -8.27987 -0.121637 -0.113337 -0.256038  0.248776 -0.541926  0.505246  -0.17698  -0.00205213    0.014027 -0.00951106 -0.000139597 -0.000729662  0.000632255 0.927483  -1.1055 -9.70235 44.3967
-15.4482  10.1457  12.1036   0.67697 0.0371374 -0.767389  0.211075   -10.278 -0.982485 -0.162707 -0.260038  0.351432 -0.367611  0.314224 -0.174175  -0.00465485   0.0108734 -0.00944449 -0.000136337 -0.000726165  0.000686203 0.927523 -1.10546  -9.7027 44.5188
-17.1645  10.1987  13.3049  0.657824 0.0507394 -0.778999 0.0274179  -10.5579  -1.21497 -0.160035 -0.255778  0.352152   -0.3764  0.323449 -0.208091   -0.0048273   0.0102188 -0.00914895  -0.00013659 -0.000726356  0.000685915 0.927525 -1.10546  -9.7027 44.545
-16.0668   10.748  12.5205   0.656811 -0.0205668   -0.81886  -2.18669  -11.6158 -0.234926 -0.143852 -0.230551  0.429526 -0.268855  0.168952 -0.166298  -0.00704847  0.00882289 -0.00764085 -0.000132428 -0.000733611  0.000677812 0.927547 -1.10541 -9.70268 44.6267
-18.0774  10.1663  12.8366    0.632202 -0.00361727   -0.844876  -2.22247  -11.2718 -0.360621 -0.145783 -0.236347  0.427975 -0.309374   0.17664 -0.194984  -0.00716557  0.00898627 -0.00721313 -0.000136998 -0.000730412  0.000697873 0.927563 -1.10543 -9.70278 44.6663
-17.5267  9.41944  11.1648   0.636056 -0.0403496   -0.83881 -3.61696  -11.172  1.32466 -0.143035 -0.229419  0.455996 -0.276484 0.0866297 -0.148093  -0.00866247  0.00925975 -0.00529251 -0.000132362 -0.000730969  0.000660307  0.92759 -1.10541 -9.70257 44.7038
-19.1409  7.98516  10.5112   0.667617 -0.0590273  -0.872171 -3.48368 -11.1931  1.08497 -0.172792 -0.196575  0.441217 -0.229267  0.107331 -0.148388  -0.00871195  0.00946091  -0.0046889 -0.000150095 -0.000723048  0.000714193 0.927662 -1.10547 -9.70285 44.7534
-18.0966  7.50777  9.61728  0.669658 -0.103743 -0.896054 -5.05875  -11.585  1.75119 -0.166632 -0.194028  0.468401  -0.174244 -0.0153431  -0.116216   -0.0103681  0.00897379 -0.00388436 -0.000151085 -0.000716165  0.000735535 0.927689 -1.10549 -9.70295 44.8041
-18.7202  5.10282  8.36283  0.760585 -0.141966 -0.903095 -4.95523 -12.0956  1.34206  -0.21262 -0.134872  0.424509  -0.0337257 -0.00847843  -0.0914151   -0.0104857  0.00835822 -0.00334841 -0.000178016  -0.00070958  0.000790652 0.927805 -1.10555 -9.70322 44.903
-18.2304  4.06317   8.6446  0.729107 -0.171544 -0.903872 -5.44125 -12.2536 0.798119 -0.182093 -0.137256  0.440686 -0.0254533  -0.092917 -0.0636207   -0.0111447  0.00815124 -0.00390518 -0.000175241 -0.000704553  0.000783274 0.927804 -1.10557 -9.70317 44.9462
-18.6539 0.129642   7.3824  0.801297 -0.175424 -0.901512 -5.20236 -12.6674 0.317643 -0.231636 -0.112475  0.406359  0.0659436 -0.0827973 -0.0610456   -0.0108931  0.00764396 -0.00382323 -0.000183958  -0.00070485  0.000807018 0.927842 -1.10558 -9.70328 45.0185
-18.1461  -1.3104  7.59761  0.798927 -0.200891 -0.885804  -5.57904  -13.2174 -0.477646 -0.213274 -0.106101  0.403881   0.119564  -0.148899 -0.0333751   -0.0114172  0.00709391 -0.00455877 -0.00018211 -0.00070047 0.000792421 0.927845 -1.10559 -9.70319 45.0485
-17.8773 -6.26043  6.54656  0.865422 -0.176938 -0.858851 -4.22091 -13.4501 -1.76013  -0.257859 -0.0869856   0.363328   0.189001 -0.0802299 -0.0163715   -0.0111193   0.0063584 -0.00523771 -0.000184021 -0.000709259  0.000775838 0.927852 -1.10555 -9.70311 45.1242
-15.8402 -8.37142   4.8316  0.836897 -0.266753  -0.86689  -5.50883  -13.6508 -0.942263 -0.206628 -0.041912   0.42004  0.181547 -0.239882 0.0190052   -0.0129923  0.00653371 -0.00490535 -0.000178875 -0.000713235  0.000750904 0.927843 -1.10552   -9.703 45.2187
-14.0965 -12.2195  1.19623  0.859933 -0.278494 -0.846682 -4.92315  -13.598 -1.40586  -0.218626 -0.0277655   0.414969  0.168243 -0.255375 0.0366976   -0.0125636  0.00639519 -0.00485245 -0.000172917 -0.000717166  0.000721033 0.927823  -1.1055 -9.70285 45.2516
 -12.187 -17.2497   -11.52  0.590167 -0.133189 -0.909654 -2.09066 -12.2602   9.8802 0.0345444 -0.254069  0.416052  -0.206196  -0.119855 -0.0676057  -0.0127242  0.0102884 0.00626602  -0.00022813 -0.000650934  0.000768678 0.928003 -1.10573 -9.70308 45.5644
-8.93443 -18.1131 -16.1049  0.611574 -0.218396  -0.95271 -2.01971 -13.2652  10.4188 0.0256221 -0.192977  0.459432 -0.175377 -0.194891 -0.109106   -0.013341 0.00905841 0.00660014 -0.000227235 -0.000647753  0.000796904 0.928005 -1.10579 -9.70323 45.6622
-8.25319 -19.2259 -16.8692  0.599606 -0.197361 -0.977936 -1.79461 -12.5071  9.95764 0.0100191 -0.219366  0.428194 -0.223339 -0.171933 -0.171321   -0.012951 0.00941812 0.00595574 -0.000238424 -0.000651982  0.000866644 0.928043 -1.10582 -9.70358 45.6972
-6.16236 -19.2822 -20.6122  0.591284 -0.209845 -0.982075 -1.18725 -12.8595  9.78219  0.017212 -0.207247  0.450333 -0.222715 -0.178001 -0.138408  -0.0129468 0.00849889   0.005834 -0.000235338 -0.000649648  0.000824591 0.928034 -1.10579 -9.70338 45.7127
-4.37128 -21.3446 -22.8654  0.508049 -0.221962 -0.920268 -0.486571  -10.7271   10.4948 0.0211376 -0.168024  0.489059  -0.508404  -0.131523 -0.0809565  -0.0129092  0.0108006 0.00632824 -0.000196159   -0.0006678  0.000661964 0.927847 -1.10561 -9.70265 45.8171
 -2.1849 -20.2945 -26.5458  0.500311 -0.236301 -0.929854 -0.0178702    -11.768    10.3074 0.0257626 -0.155926   0.51944  -0.436622  -0.158857 -0.0243149  -0.0126946 0.00930595 0.00608695 -0.000196424 -0.000662444  0.000635117  0.92785 -1.10562 -9.70251 45.836
-1.85811 -21.6158 -22.9502  0.436599 -0.192926  -1.08799 -0.427998  -9.69156   6.27328  0.077614 -0.194292  0.700456  -0.535155 -0.0249736 -0.0864274  -0.0124078  0.0104828 0.00196637  -0.0002013 -0.00068769 0.000668017 0.927806 -1.10542 -9.70293 46.0119
-1.59808 -20.8877 -23.2722   0.40284 -0.106302  -1.12935 0.732093 -11.4112  3.70528  0.136201 -0.256136  0.713759    -0.3937  0.0705667 -0.0720429    -0.0113237   0.00825328 -0.000229246 -0.000204876  -0.00067948  0.000690579 0.927785 -1.10545 -9.70306 46.1137
 1.24828 -25.2105 -24.5943  0.370285 -0.212808  -1.20045 -0.376069  -7.05423   4.71751 0.0995992 -0.189414  0.837426 -0.723374 0.0105455  -0.12088   -0.0116634   0.0130279 4.08055e-05 -0.000219044 -0.000677213  0.000684237 0.927861 -1.10541 -9.70315 46.2458
 1.96211 -24.4567 -26.4519  0.336217 -0.184761  -1.18158 0.735451 -8.64513  4.50755  0.119339 -0.187347  0.828134 -0.693407 0.0327686 -0.114421   -0.0108531    0.010955 -6.1725e-05 -0.000220249 -0.000679353  0.000638396 0.927857  -1.1054 -9.70289 46.2938
 3.63752 -25.5694 -27.9041  0.283415 -0.214972  -1.22458 0.280618  -7.0167  5.84896 0.0942112 -0.185903  0.852171  -0.862485 0.00990679  -0.193604   -0.0111772   0.0121701 0.000568844 -0.000197086 -0.000671919    0.0006882 0.927759 -1.10542 -9.70321 46.3683
 3.77387 -24.7863 -29.4342  0.263669 -0.214863  -1.25886  1.38649 -8.11001  5.88589 0.0875583 -0.173281  0.886096 -0.805392 0.0422325 -0.207873  -0.0101771  0.0108065 0.00100685 -0.000200697 -0.000676719  0.000684924 0.927792 -1.10542 -9.70318 46.4079
 5.24502 -25.5799 -29.5762  0.221988 -0.242834  -1.29157 0.688418 -6.70691  6.20169 0.0725843 -0.164496  0.898822 -0.927754 0.0149254 -0.248377   -0.0109717   0.0119063 0.000692676 -0.000194124  -0.00067209  0.000722099 0.927776 -1.10543 -9.70341 46.4678
 5.25253 -23.6654 -30.4276  0.205978 -0.233227  -1.32685  1.97642 -7.99511  6.08291 0.0713416 -0.159061  0.937557 -0.845002  0.049446  -0.23293   -0.0101241  0.00996616 0.000842646 -0.000201784 -0.000679136  0.000712109 0.927817 -1.10543 -9.70335 46.5077
6.40253 -23.619 -31.099  0.157203 -0.235545  -1.34524  1.47292 -7.41566  6.85939 0.0750613 -0.165595  0.923206 -0.913631 0.0264747 -0.263883  -0.0105138  0.0103387 0.00106075 -0.000194379 -0.000674674  0.000746807 0.927795 -1.10545 -9.70353 46.5599
 6.16439 -21.8861 -31.4517  0.143021 -0.218486  -1.38323   3.043 -8.3845 6.35639  0.068801 -0.162054  0.964336 -0.83148 0.082902 -0.25118  -0.00935139  0.00883864  0.00100887 -0.000199638 -0.000684502  0.000738099 0.927836 -1.10542 -9.70348 46.6039
 7.50361 -21.7459 -31.4409  0.115006 -0.243087  -1.40356  1.96384 -8.04301  6.79637 0.0619975 -0.155963  0.976654 -0.876561 0.0156329 -0.265859     -0.01021  0.00921909 0.000682765 -0.000201995 -0.000678441  0.000751265 0.927834 -1.10545 -9.70356 46.6463
 6.97195 -19.5299 -31.7023 0.115824 -0.22755 -1.44599  3.54435 -9.49262  6.46389 0.0561754 -0.157152   1.02239 -0.748384 0.0710418 -0.254967   -0.0088228  0.00729762 0.000717356 -0.000209039 -0.000688578   0.00075277  0.92788 -1.10545 -9.70355 46.6915
 8.14696 -19.3095 -31.6955  0.069359 -0.234074  -1.45553  2.89881 -8.96578  7.02284 0.0618399 -0.156065   1.00798 -0.805049 0.0397151 -0.273508  -0.00944983  0.00766257 0.000559599 -0.000206173 -0.000683122  0.000767438 0.927868 -1.10546 -9.70363 46.7394
 7.41768 -17.2875 -31.6801 0.0634804 -0.199874    -1.481  4.73111 -9.68036  6.27657 0.0557999 -0.159814   1.04334 -0.700651  0.139825 -0.253895  -0.00757365  0.00646201 0.000485776  -0.00021056 -0.000697003   0.00074634 0.927902 -1.10542 -9.70351 46.7825
 9.01015 -15.9089 -31.6496  0.038992 -0.216577  -1.51602  3.46243 -9.48841  7.18633  0.060055 -0.155089   1.06612 -0.720938 0.0796556 -0.273118  -0.00862709  0.00598454 0.000469474 -0.000214935 -0.000695114  0.000768434 0.927912 -1.10543 -9.70365 46.8283
 8.47313 -13.1085 -30.9814  0.045138 -0.184876  -1.54854 4.98586 -10.599 6.63261 0.0577403 -0.162661   1.09773 -0.586036  0.159889 -0.269618   -0.00711308   0.00451722 -2.98193e-05 -0.000220959 -0.000708377   0.00077155 0.927962 -1.10542 -9.70364 46.8742
 9.73367 -11.1542 -30.3403 0.0568471 -0.236415  -1.54723 3.76972 -10.644 6.89198 0.00591426   -0.14161    1.14089 -0.570443 0.0698856 -0.247155   -0.00793792   0.00389902 -0.000389464 -0.000227104 -0.000704484  0.000725076 0.927927 -1.10542 -9.70344 46.927
 8.45542  -8.5964 -29.5457 0.0614539 -0.201988  -1.59507  5.47084 -11.3163  6.56334 0.00887728  -0.146803    1.17978 -0.450012   0.19313 -0.269239   -0.00573975   0.00317124 -0.000702607 -0.000227298 -0.000715347  0.000741946 0.927964 -1.10541 -9.70351 46.9862
 9.35584 -5.96411 -28.3315  0.089248 -0.231535  -1.56971  4.50134 -11.4283   6.6612 -0.054479 -0.146628   1.19952 -0.399143  0.127188  -0.22597  -0.00636825  0.00236772 -0.00123832 -0.000232801 -0.000712724  0.000681307  0.92793 -1.10541 -9.70323 47.034
 8.44664 -3.38516 -26.7905  0.108705 -0.198063  -1.59519  5.60459 -12.2775  6.35409 -0.0584521  -0.158592    1.23208 -0.264284   0.21545 -0.225303  -0.00484529  0.00188364 -0.00193747 -0.000237586 -0.000722603  0.000678848 0.927964 -1.10539 -9.70321 47.0804
 9.78787 -1.04937 -25.0001   0.13772 -0.251166  -1.53963  4.25659 -12.1069  6.18064 -0.145751 -0.146086   1.23662 -0.219183   0.11029 -0.169325  -0.00614983  0.00158519 -0.00268301 -0.000243802 -0.000716788  0.000585857   0.9279  -1.1054 -9.70277 47.1625
 8.43119  1.79705 -21.7257  0.108988 -0.148057  -1.59699  5.93192 -13.4037  4.76156 -0.0696913  -0.175602    1.25148 -0.116195   0.28883 -0.220919   -0.0045734 0.000360274 -0.00459512 -0.000230832 -0.000734431  0.000637932 0.927907 -1.10533 -9.70303 47.2839
 9.16905  4.28536 -20.1344  0.175059 -0.171803  -1.57821  4.57499 -13.7803  5.37728  -0.13613 -0.198016   1.26627 -0.00363309     0.20115   -0.183851   -0.00553593 -0.000339663  -0.00468027 -0.000245528 -0.000728626  0.000610055 0.927945 -1.10538  -9.7029 47.3566
 7.15044  6.06183 -18.6222  0.190895 -0.127503  -1.62064  6.05797 -14.0181  5.00012  -0.12744 -0.203703   1.30662   0.09882  0.327769 -0.209633   -0.00349548 -0.000333279  -0.00485864 -0.000243734 -0.000735257  0.000616398 0.927952 -1.10536 -9.70294 47.42
 6.68089  8.11758 -17.2058   0.225605 -0.0971526   -1.60631 5.84079 -14.404 5.24385 -0.140771 -0.228285   1.30578  0.213789  0.335692 -0.191119   -0.00345532 -0.000728751  -0.00476592  -0.00024916 -0.000740309   0.00058865 0.927967 -1.10535  -9.7028 47.4683
 6.81429  10.3832 -15.8882  0.258494 -0.100988  -1.61115  4.71269 -15.4264  5.62576 -0.147129 -0.237745    1.3052  0.340605  0.276942 -0.191762  -0.00415154 -0.00152873 -0.00445055 -0.000255949 -0.000737274  0.000601673 0.928001 -1.10539 -9.70287 47.5017
 4.53209  11.5884 -14.2203   0.268955 -0.0691175   -1.68726  6.44902 -15.6866  4.95166 -0.129386 -0.221672   1.34792  0.407368  0.422683 -0.258203  -0.00233905  -0.0012512  -0.0048291 -0.00024824 -0.00073561 0.000653811 0.927998 -1.10539 -9.70314 47.5849
 4.89342  13.2754 -13.2454  0.262104 -0.108731  -1.66938  4.40528 -15.9026  5.80938 -0.122232 -0.205144   1.29104  0.479736  0.297581 -0.269141   -0.0034706  -0.0016789 -0.00418175 -0.000247255 -0.000713885  0.000667761 0.927959 -1.10548  -9.7032 47.6289
 2.88001  13.9555 -11.8361   0.284945 -0.0658359   -1.70359  5.25561 -15.1979  5.53396 -0.121507 -0.204902   1.32082   0.49357  0.400077 -0.281702  -0.00234662 -0.00104011 -0.00412706 -0.000245838 -0.000721777  0.000657735 0.927957 -1.10544 -9.70315 47.6883
 2.11703  16.0272 -10.3682  0.277397 -0.135776  -1.74088  4.66854 -15.5937  5.89165 -0.112471 -0.151989   1.27864 0.550379 0.338314 -0.33723  -0.00253393 -0.00160647 -0.00413387 -0.000242129 -0.000684751  0.000741363 0.927917  -1.1056 -9.70354 47.7679
-0.14041  15.6287 -8.58915  0.271426 -0.058835  -1.77564  5.55853 -12.6569  5.74428 -0.109218 -0.156417   1.36069  0.441303  0.456114 -0.305841  -0.00164071  0.00042344 -0.00412616 -0.000245389 -0.000708011  0.000648373 0.927898 -1.10551  -9.7031 47.8526
-0.625865   17.6343  -7.32666   0.291423 -0.0550067   -1.74913  4.17509 -13.2554  6.03346 -0.0995363  -0.159501    1.32725  0.523338  0.385751 -0.278812   -0.00237299 -0.000137393  -0.00382243 -0.000249013 -0.000710216   0.00062606 0.927907  -1.1055   -9.703 47.886
-2.67499  18.2045 -4.84622   0.282509 -0.0303821   -1.81572  5.07022 -12.2739  5.29306 -0.0896022   -0.13559    1.37039  0.461835  0.474375 -0.316991  -0.00164779  0.00114896 -0.00458881 -0.000249157 -0.000705804  0.000650823 0.927889 -1.10553 -9.70311 47.9576
-2.77448   20.077 -3.04041   0.331683 -0.0415891   -1.77907  3.21201 -12.9197  4.87485 -0.115782 -0.143483   1.32955  0.591386  0.387183 -0.276308   -0.0027487 0.000534545  -0.0046516 -0.000249073  -0.00070397  0.000621544 0.927907 -1.10555 -9.70297 48.0199
 -3.9871  21.6734 -1.93897   0.355793 -0.0225637   -1.78608  3.00204 -12.3795  4.78649 -0.115124  -0.14223   1.32502  0.622852   0.41141 -0.268904  -0.00302513 0.000592416  -0.0044205 -0.000248306 -0.000703626  0.000611584 0.927899 -1.10555 -9.70292 48.0514
 -3.44017    22.376 -0.139813   0.343838 -0.0416456   -1.81733  1.27705 -11.4976   4.1529 -0.115376 -0.125347   1.33417  0.575389  0.304535 -0.265312   -0.0049472   0.0010771 -0.00457508 -0.000246834 -0.000693119  0.000632629 0.927893 -1.10561 -9.70301 48.0899
-3.79149  24.1749  1.16754   0.318488 -0.0595833   -1.89563 0.0359924  -11.9071   3.61237 -0.0696769  -0.116552     1.3291  0.554051  0.224677 -0.322291   -0.0062131 0.000618409 -0.00443895 -0.000257749  -0.00065715  0.000758542 0.927874 -1.10573 -9.70361 48.1741
-3.39249  22.9533  2.19069   0.295413 -0.0589602   -1.94199 -1.48815  -10.383  3.72356 -0.0618982  -0.108481    1.39137  0.476272  0.128536 -0.289342  -0.00798349  0.00208942 -0.00404221   -0.0002595 -0.000667507   0.00073982 0.927926 -1.10572 -9.70353 48.2259
-4.06866  23.6051  2.76816   0.31171 -0.078944  -1.97969 -2.48616 -10.6682  3.38496 -0.0550101  -0.101917    1.38814  0.530603 0.0509284 -0.302985  -0.00894817  0.00164515 -0.00355242  -0.00026517 -0.000655284  0.000789159  0.92794 -1.10576 -9.70377 48.2716
-3.53092  21.9019  3.79409   0.272693 -0.0828639   -2.05071 -4.24229 -9.14607  3.19427 -0.041327 -0.100768   1.46925   0.404915 -0.0893424  -0.284741   -0.0109692  0.00297554 -0.00341512 -0.000267691 -0.000664233  0.000797804 0.928007 -1.10574 -9.70383 48.3527
-3.91056   20.782  3.84405   0.241206 -0.0795894   -2.10316 -5.40121 -7.21146  3.28113 -0.0240549  -0.111636    1.52422  0.286572 -0.201996 -0.276525   -0.0124619  0.00380042 -0.00270991 -0.000270705 -0.000669655  0.000803651 0.928062 -1.10574 -9.70385 48.414
-4.0101 19.6655 4.57279   0.214677 -0.0949993   -2.14594 -6.89291 -6.62865  2.87817 -0.0112605   -0.11741    1.56076  0.216258 -0.342762 -0.277932   -0.0139971   0.0044152 -0.00272194 -0.000273208 -0.000673595  0.000821384 0.928104 -1.10573 -9.70394 48.4666
-5.24741  19.2793  4.57327    0.2133 -0.104809  -2.13513 -7.05696 -6.53928  2.66345 0.00140305  -0.129527    1.56339  0.216974  -0.42282 -0.250161   -0.0145613  0.00451927 -0.00246803 -0.000267992  -0.00067853  0.000777529 0.928103  -1.1057 -9.70374 48.4813
-6.36841  18.5625  4.93815  0.201496 -0.126829  -2.13227 -7.59144 -6.53846  2.24538 0.0152959 -0.140165   1.56999  0.214679 -0.527326 -0.213301   -0.0150625  0.00476815 -0.00257907 -0.000262614 -0.000680209  0.000750046 0.928097 -1.10569 -9.70361 48.5065
-7.30649  17.7963  4.53749  0.197439 -0.134264  -2.11872 -7.50693 -6.34369  2.04571 0.0270115  -0.16042   1.57367   0.20821 -0.589716 -0.172906   -0.0156286  0.00501951 -0.00232769 -0.000255465 -0.000683282  0.000707363  0.92809 -1.10566 -9.70342 48.5224
-9.17512  15.7676  4.06968  0.196388 -0.187493  -2.15386 -8.03755 -5.85256  1.75518 0.0259221 -0.165883   1.58395  0.140825 -0.735913 -0.164952   -0.0159349  0.00578686 -0.00242851 -0.000258544 -0.000680767   0.00073754 0.928108 -1.10569 -9.70354 48.5862
-9.62141  15.5759  4.07119  0.197289 -0.190597  -2.14292 -7.60745 -5.88654  1.37031 0.0329747 -0.178632   1.58148  0.138307 -0.751359 -0.151883  -0.0159674 0.00567855 -0.0026155 -0.000258599 -0.000679965  0.000715716  0.92811 -1.10569 -9.70345 48.5976
-11.8856  13.9517  2.95763  0.203865 -0.232599  -2.14751 -7.28528 -5.95577  1.67721 0.0337692 -0.191256   1.58772  0.107242 -0.825164 -0.150628  -0.0154358 0.00614707  -0.002363 -0.000251435 -0.000682798  0.000691478 0.928087 -1.10567 -9.70334 48.6404
-12.8767  15.0609  5.51303  0.226289 -0.221014  -2.15394 -5.51713 -6.61693 -1.71515 0.00429676  -0.251526    1.60712  0.178239 -0.826161 -0.144253   -0.0148481  0.00467602 -0.00488911 -0.000247929 -0.000657221   0.00066958 0.928079 -1.10575 -9.70329 48.6664
-14.8371  13.3249  4.19584  0.254616 -0.305825  -2.17937 -5.43017 -6.83208 -1.60266 -0.00117786   -0.235494     1.60247  0.179582 -0.928085 -0.166634   -0.0143796  0.00486279 -0.00468022  -0.00025786 -0.000654722  0.000696411 0.928097 -1.10577 -9.70342 48.7594
-15.4945  13.1161  3.42942  0.274765 -0.306353  -2.19296 -5.06604 -6.71641 -1.23269 -0.0211065  -0.243451    1.61277  0.178201 -0.909254 -0.166688   -0.0141142   0.0047351 -0.00433726 -0.000253283  -0.00065481  0.000693931 0.928089 -1.10576 -9.70342 48.7837
-17.3471  10.9881    2.094  0.314251 -0.388604  -2.22285 -4.79156 -6.73539 -0.94482 -0.0379099  -0.227685    1.60549   0.16311 -0.977144 -0.178735   -0.0136093  0.00522704 -0.00409017 -0.000264341 -0.000655109  0.000725831 0.928114 -1.10578 -9.70357 48.8797
-18.228 12.1396 1.66192  0.471878 -0.409897  -2.27731 -3.71267  -8.0031 -1.46703 -0.226498 -0.225957   1.67436  0.351261  -0.91302 -0.146078   -0.0132187  0.00361744 -0.00402597 -0.000205725  -0.00064121  0.000692477 0.928021 -1.10579 -9.70346 49.0478
 -19.5511    9.3691 -0.187308  0.533118 -0.499819   -2.2993  -3.46105  -7.91827 -0.713914 -0.233126 -0.200061   1.65893  0.369133 -0.951353 -0.151352   -0.0125746   0.0043364 -0.00329365 -0.000229627 -0.000640446  0.000724304 0.928092 -1.10581 -9.70362 49.1588
-18.6469  7.79953 -8.13053  0.674815 -0.729992  -2.29659 -5.37574 -9.17541  6.65163 -0.343851 0.0567735   1.71522  0.457019 -0.991006 -0.089747  -0.0137337 0.00466697 0.00362702 -0.000182033 -0.000661651  0.000642242 0.928086 -1.10575 -9.70324 49.4291
-18.4948  4.61853 -10.1647  0.703292 -0.739867   -2.2892 -5.04581 -9.03525  7.42649 -0.362977 0.0194414   1.71664   0.403355  -0.959673 -0.0601652  -0.0138514 0.00553157 0.00406443 -0.000158005 -0.000673415  0.000604952 0.928014 -1.10568 -9.70307 49.4602
-18.8155  3.93533 -11.0061  0.737201 -0.769154  -2.29236 -4.86136 -8.81556  7.58377 -0.379631  0.034353    1.7123   0.415709  -0.964373 -0.0588832  -0.0133969 0.00533861 0.00442172 -0.000164745 -0.000674682  0.000610432 0.928042 -1.10568 -9.70311 49.5051
 -18.0505 -0.548057  -13.2379  0.729484 -0.827545  -2.29268 -4.96482 -8.70705  8.19245 -0.359611 0.0171144   1.72966   0.344171  -0.975409 -0.0223565  -0.0132282   0.006158 0.00500564  -0.00015281 -0.000671111  0.000587971 0.928007 -1.10568   -9.703 49.564
-17.1592  -1.7043 -13.4417   0.77194 -0.853994  -2.30927  -5.4829 -8.64048  7.91974 -0.386657 0.0179168   1.72527   0.367595   -1.03299 -0.0287356  -0.0136392 0.00614275 0.00464464 -0.000161199 -0.000674141  0.000614553 0.928043 -1.10567 -9.70312 49.6167
-16.3023  -5.3922 -15.7029  0.752234 -0.924165  -2.21749 -3.39015 -9.25945  7.74861 -0.332948 0.0439411   1.71211  0.313768 -0.936787 0.0573362  -0.0124121 0.00573992 0.00492388 -0.000138362 -0.000672535  0.000490429 0.927984 -1.10566 -9.70257 49.7339
-16.6648  -6.8528 -16.1395   0.77012 -0.945492   -2.2392 -2.21691 -9.32164  7.38964 -0.343041  0.046856   1.74201   0.32987 -0.880475 0.0516605  -0.0110734 0.00587065 0.00485418 -0.000145485 -0.000676875  0.000494836 0.928002 -1.10564 -9.70265 49.7692
-14.9498 -9.40612 -17.4865 0.792657 -1.00352 -2.18029 -0.626047  -10.2643   6.79742 -0.320444 0.0634721   1.72698  0.344138 -0.821589 0.0910715  -0.0102498 0.00470411 0.00438094 -0.000139134 -0.000674184  0.000424902 0.927995 -1.10563 -9.70234 49.8549
-15.7353 -10.6756 -18.2795 0.820434 -1.01632 -2.19776  1.41564 -11.0005  6.38291 -0.325516 0.0694842   1.75165  0.408537 -0.719152 0.0836685  -0.00846023  0.00422696  0.00476803 -0.000153286 -0.000679145  0.000430279 0.928034 -1.10561 -9.70244 49.8901
-14.0271 -12.5457 -19.5861  0.84898 -1.07207 -2.14632  2.64439 -12.0458  5.78617  -0.30753 0.0882347   1.75692  0.434865 -0.648748  0.124071  -0.0074807 0.00293051 0.00435165 -0.000140836 -0.000669943  0.000352815 0.928022 -1.10562 -9.70209 49.9712
 -14.593 -13.6753 -20.3304  0.87846 -1.08222 -2.17183  4.99524 -12.6197  5.09012 -0.311401 0.0873256   1.79214   0.52143 -0.522763   0.12136  -0.00558728  0.00269042  0.00476312 -0.000153464 -0.000671302  0.000365874 0.928063 -1.10562 -9.70222 50.0115
-12.3376 -14.5174 -21.4514 0.905153 -1.14293 -2.09823  6.21644 -13.0082  4.57291 -0.296975  0.128591    1.8052  0.519275 -0.418009  0.191877  -0.00452554  0.00193645  0.00431334 -0.000129554 -0.000657839  0.000254061 0.928036 -1.10563 -9.70172 50.1105
-8.65934 -16.2886 -21.5183  0.506949 -0.996827  -2.32751  4.94805 -11.8437  4.48748 0.168464  0.20448  2.01396   0.165141  -0.183391 0.00614672  -0.00576552  0.00488485  0.00355206 -0.000263063 -0.000853166  0.000383773 0.928186 -1.10483 -9.70278 50.5927
-6.77193 -16.0379 -20.7869  0.533298 -0.989027  -2.28482  6.38007 -12.0033  2.10557 0.172707 0.196293  1.97915  0.225154 -0.109394 0.0325893  -0.00456276  0.00455206  0.00177462 -0.000254508 -0.000849765  0.000361568  0.92815 -1.10486 -9.70265 50.6435
-8.63035 -20.7273 -16.9728 0.441887 -1.09075 -2.38358  8.51153 -6.68775  -1.5233 0.232538 0.314097  2.09248 -0.000511996    0.0597244   -0.0886295  -0.000735581   0.00944599 -0.000811545 -0.000260242 -0.000888512  0.000460889  0.92814 -1.10479 -9.70325 50.8122
-5.85089 -20.2411 -18.1862  0.43141 -1.07951 -2.38188  8.91786 -7.13721 -1.44035 0.246094 0.317421  2.09802 -0.0120051   0.135049  -0.115534  -0.000632682   0.00883308 -0.000793219 -0.000256611 -0.000885846  0.000436925 0.928127 -1.10478 -9.70314 50.8276
-6.00738 -21.6348 -17.8545  0.39797 -1.06283 -2.38166  9.53151 -5.35851  -1.7391 0.248442 0.327108  2.08854 -0.101239  0.244481 -0.155039  0.000838506   0.0102302 -0.00115022 -0.000239548 -0.000895496  0.000448346 0.928069 -1.10474 -9.70323 50.865
-4.06294 -21.1814 -18.5892 0.404828 -1.03217 -2.40761  10.0091 -5.44833 -1.80433 0.246221 0.316689  2.07605 -0.0943665   0.341108   -0.20048  0.000875489   0.0100737 -0.00120833 -0.000251432 -0.000904918   0.00048841 0.928116 -1.10474  -9.7034 50.9058
-3.52178  -21.681 -18.6167 0.369532 -1.01039 -2.39571  10.3653 -4.08634 -1.94542 0.249731 0.329952  2.06852 -0.188401  0.442602 -0.205895   0.00165422     0.01083 -0.00149684 -0.000231124 -0.000909346  0.000463566 0.928048  -1.1047 -9.70332 50.9489
-1.86678 -20.7703 -19.1542  0.353842 -0.966786  -2.39898  11.1752 -3.82295 -2.07583 0.253249 0.334621  2.06706 -0.225145  0.581294 -0.222622   0.00219843   0.0105925 -0.00166345 -0.000227051 -0.000915057  0.000444505 0.928046 -1.10466 -9.70325 50.9954
-0.191488  -20.6244  -19.0202  0.315929 -0.957528  -2.39066  10.7235 -2.60738 -2.00392 0.249323 0.352619   2.0571 -0.326469   0.63155 -0.253141   0.00211979   0.0113231 -0.00208393 -0.000209883 -0.000912645  0.000426786 0.927976 -1.10465 -9.70319 51.0353
0.682599 -18.2486 -18.4049  0.315095 -0.907065  -2.40268  11.5663 -2.92886 -1.97194 0.249499 0.354965  2.07569 -0.316193  0.775379 -0.294826   0.00266195   0.0104917 -0.00246663 -0.000214417 -0.000916603  0.000393913 0.928007 -1.10462 -9.70305 51.0871
 1.83083 -17.1793  -17.316 0.303248 -0.90519 -2.36312   11.006 -2.02636 -2.08952 0.217358 0.396519  2.08074 -0.400063  0.824753 -0.278952   0.00236557   0.0110669 -0.00297769 -0.000196117 -0.000913821  0.000291768 0.927939 -1.10455 -9.70264 51.1285
 1.86148 -13.9192 -15.6054  0.336244 -0.823085  -2.43455   11.705 -4.20904 -1.62914 0.226039 0.354145  2.13489 -0.277694  0.979358 -0.314977   0.00245173  0.00927335 -0.00354794 -0.000221532 -0.000917058  0.000334927 0.928043 -1.10457 -9.70282 51.2422
 2.36747 -12.8013 -14.6413 0.335734 -0.77586 -2.43926  12.0185 -4.13478 -1.76024 0.216551 0.355835  2.14675 -0.271963    1.0812 -0.324789   0.00244674  0.00922989 -0.00362033 -0.000220835 -0.000915751  0.000301286 0.928041 -1.10455 -9.70268 51.2897
 3.02007 -10.8022 -13.4429  0.347542 -0.705723  -2.48953  12.0098 -5.62376 -1.28602 0.224222 0.335829  2.16407 -0.199382   1.18927 -0.385364   0.00208857  0.00827115 -0.00382912 -0.000238145 -0.000917609  0.000350083 0.928113 -1.10459 -9.70286 51.3768
  2.8979 -9.67006 -12.4727   0.34391 -0.642439  -2.51214  12.2277 -5.81972 -1.33372 0.225688 0.332086  2.17158 -0.205265   1.29492 -0.425455   0.00237387  0.00806606 -0.00381243 -0.000240352 -0.000919046  0.000348438 0.928124 -1.10458 -9.70286 51.4441
 3.55606 -7.21001 -10.8024  0.392609 -0.584541  -2.53744   11.0155  -7.05864 -0.721238 0.192697 0.318038  2.20445 -0.130434   1.33119   -0.4392   0.00145921  0.00700473 -0.00421814 -0.000258344 -0.000913885  0.000337839 0.928184 -1.10462  -9.7028 51.5238
 3.57969 -5.95527 -9.53904  0.401691 -0.522026  -2.55473   10.7874  -7.30255 -0.671891 0.182941 0.314853  2.21305 -0.121655   1.40582  -0.44055    0.0013176  0.00683781 -0.00422345 -0.000261941 -0.000913479  0.000327107 0.928196 -1.10462 -9.70275 51.5893
 4.59526 -5.07956 -7.51116  0.430079 -0.472412  -2.56563   9.27068  -7.84116 -0.559375 0.148001 0.316473  2.22087 -0.104936   1.41741 -0.433014  6.24882e-05  0.00719975 -0.00474207 -0.000269073 -0.000907901  0.000314995 0.928212 -1.10465  -9.7027 51.6475
 4.76714 -3.98908 -6.06379  0.437527 -0.398041  -2.60712   8.91684  -8.38678 -0.344338  0.15214 0.298611  2.21826 -0.0855708    1.48943  -0.475414  -0.000398546   0.00690838  -0.00480787  -0.00027613 -0.000905085  0.000363858 0.928256 -1.10469 -9.70289 51.733
 5.52838 -3.71743 -3.90877  0.432108 -0.356041  -2.64385   7.69898  -7.59443 -0.510859 0.136583 0.308172  2.20422 -0.149901   1.49298 -0.507647  -0.00156712  0.00775514 -0.00524598 -0.000273658 -0.000891287  0.000408267 0.928249 -1.10476 -9.70308 51.7891
 5.11629 -2.90949 -2.60785  0.422577 -0.281727  -2.66749    7.8985  -7.53159 -0.521409 0.138708 0.309031  2.20599 -0.153122   1.55006 -0.517548  -0.00146424  0.00771147 -0.00516914 -0.000272598 -0.000892642  0.000402831 0.928244 -1.10475 -9.70306 51.8676
  6.98883  -2.52575 -0.661007  0.443208 -0.236222  -2.71866   5.77706  -7.40269 -0.580221 0.111147 0.301156  2.20238 -0.169942   1.49523 -0.564146  -0.00380946  0.00813393 -0.00551812 -0.000282549 -0.000874158  0.000476996   0.9283 -1.10487 -9.70338 51.9391
  6.6047 -1.58269 0.719938  0.440034 -0.167486   -2.7385   5.63495  -7.67701 -0.513454 0.106144 0.302105  2.20363 -0.170593    1.5197 -0.582238  -0.00402445  0.00801755 -0.00555347 -0.000283687 -0.000875081  0.000467357 0.928301 -1.10487 -9.70334 52.0108
  7.57971 -0.108018   2.99587  0.445973 -0.135538  -2.78951    3.5008   -7.1513 -0.843223 0.0843317  0.297874   2.18216 -0.216665   1.43427   -0.6424   -0.0062332  0.00788519 -0.00604877 -0.000291866 -0.000847392   0.00055683 0.928356 -1.10503  -9.7037 52.0712
7.74399 1.51277 5.18488  0.476572 -0.106256  -2.77996   1.90688  -7.11587 -0.997147 0.0276838  0.308022   2.17157 -0.210219   1.33353 -0.604069  -0.00781491  0.00764938 -0.00658523 -0.000294725 -0.000843417  0.000528672 0.928374 -1.10506 -9.70359 52.1146
7.95323  3.7378 8.61101   0.536333 -0.0924791    -2.7516 -0.576503  -7.90882  -2.97142 -0.0676904    0.30932    2.14131 -0.178461   1.16196  -0.55774   -0.0100373  0.00706996 -0.00805221 -0.000295478 -0.000835001  0.000512809 0.928409 -1.10513 -9.70352 52.1822
8.50043 5.99147 12.2977  0.596073 -0.109283  -2.69893 -2.38458 -8.60454 -4.48917 -0.181152  0.340139   2.09485 -0.11778 0.975201 -0.47647   -0.0123392  0.00643379 -0.00977987 -0.000281216 -0.000837737  0.000476181 0.928395 -1.10514 -9.70337 52.2636
 8.4554 7.89342 14.8042   0.625451 -0.0945694   -2.67503 -3.98454 -9.05477 -5.63742 -0.235095  0.343442   2.06058 -0.0880146   0.842071  -0.423975  -0.0139469 0.00603735 -0.0106228 -0.000281295 -0.000834129  0.000465545 0.928427 -1.10518 -9.70333 52.3042
9.60376 9.49604 17.0299  0.662069 -0.128758   -2.6604 -6.28953 -9.52343 -6.58457 -0.303196  0.376545   2.04235 -0.0135259   0.633336  -0.375891  -0.0165408 0.00574492  -0.011362 -0.000281861 -0.000824583  0.000471362 0.928478 -1.10527 -9.70337 52.3564
9.10496 9.88099 18.9408  0.633386 -0.110963  -2.64205 -7.40327 -8.61413  -7.5644 -0.308017  0.393184   2.02883 -0.0841416   0.480696  -0.320359  -0.0175178 0.00648505 -0.0119762 -0.000273456 -0.000835874  0.000416238 0.928445 -1.10524 -9.70317 52.3949
11.1016 12.4844 18.0866  0.651311 -0.184747  -2.65856 -10.6116 -9.90852 -6.09447 -0.315102   0.45474   2.05742 0.0979839  0.229058 -0.276203   -0.020529 0.00524372 -0.0102803 -0.000291724 -0.000828518  0.000452978 0.928577 -1.10533 -9.70338 52.4726
10.2633 10.7878 18.4073  0.620476 -0.110218  -2.65589 -11.7099 -7.09158 -6.56199 -0.306852  0.417011   2.09986 -0.0601243  0.0734587  -0.241562  -0.0215901 0.00750762 -0.0101376 -0.000293653 -0.000848099  0.000340115 0.928582 -1.10526 -9.70299 52.5533
10.7512 13.0703 17.3269 0.639434 -0.16529 -2.59373 -13.8761  -8.1137 -5.30085 -0.302471  0.457066    2.0969 0.0974097 -0.164888 -0.139158  -0.0235507 0.00655832 -0.0085022  -0.00031248 -0.000859548  0.000260453   0.9287 -1.10525  -9.7027 52.6384
9.41941 11.4787 18.3004  0.628377 -0.145004  -2.67251 -14.6133  -4.9877 -6.73865 -0.303659  0.434889    2.1406 -0.116321 -0.338887 -0.195158   -0.0246384  0.00857567 -0.00923605 -0.000328613 -0.000858533   0.00031121 0.928796 -1.10529 -9.70293 52.7205
9.04674 14.0058 18.3685  0.671882 -0.222164  -2.60966 -15.5296 -7.04103 -7.00918 -0.333297  0.457815   2.14094  0.0882114  -0.540259 -0.0980268   -0.0258265  0.00735395 -0.00882079 -0.000333173 -0.000851243  0.000224374 0.928869 -1.10535 -9.70262 52.8291
8.61492 12.6716 19.1706  0.630945 -0.246396  -2.63212 -17.1454 -5.09003 -8.84613 -0.317311  0.447561   2.15271 -0.0432098  -0.809659  -0.105208   -0.0276766  0.00841385 -0.00947252 -0.000336246 -0.000859164  0.000232259  0.92892 -1.10535 -9.70267 52.8817
6.99963 12.3755 18.8579  0.618296 -0.286357   -2.6285 -17.2652 -5.23467 -9.04021 -0.312253  0.440149     2.155 -0.0446785  -0.986016  -0.103858     -0.02796  0.00878262 -0.00953656 -0.000333586 -0.000860658    0.0002126  0.92891 -1.10535  -9.7026 52.9238
4.12771 12.4074 17.6271  0.594832 -0.364936  -2.63273  -17.919  -4.5536 -9.30132 -0.305339  0.427394   2.15562 -0.108682  -1.28801 -0.122583   -0.0282588  0.00900649 -0.00921422 -0.000330627 -0.000862278  0.000201412 0.928909 -1.10535 -9.70256 53.0059
3.58823 12.8649 17.0431  0.592514 -0.418238  -2.62016 -18.1299 -5.11756 -9.17802 -0.294466  0.440733   2.14737 -0.0729796   -1.39303  -0.110637    -0.028621  0.00873808 -0.00889948 -0.000332404 -0.000858699  0.000193039 0.928922 -1.10536 -9.70253 53.0607
0.380377  12.3417  15.2953  0.568938 -0.520644  -2.62809 -18.5197 -4.50606 -9.40451 -0.293292  0.419945    2.1552 -0.128022  -1.70158 -0.114769  -0.0286948 0.00909502 -0.0086469 -0.000327534  -0.00086312  0.000174323 0.928909 -1.10535 -9.70246 53.1661
-0.451835   12.9862    14.505  0.591384 -0.564451  -2.63036 -18.0629  -5.1607 -9.24752 -0.306857  0.434506   2.16261 -0.0680823   -1.73645  -0.104235   -0.0284652  0.00847992 -0.00831189 -0.000327434 -0.000861713  0.000170138 0.928907 -1.10535 -9.70246 53.2154
-3.40422  12.2742  12.0557  0.595145 -0.676628   -2.6215 -17.4799 -5.31304 -9.17104 -0.327699  0.406961   2.17497 -0.0815585   -1.95096 -0.0955861   -0.0278681  0.00848871 -0.00802259 -0.000316035 -0.000866026  0.000118584 0.928854 -1.10533 -9.70226 53.328
-4.97482  12.2914  9.74142 0.646076 -0.71214 -2.67891  -16.605 -5.53875 -7.43921 -0.39166 0.422745  2.23036 -0.0707336   -1.91427  -0.118703   -0.0267017    0.008693 -0.00673027 -0.000303081 -0.000849115  0.000155384 0.928819  -1.1054 -9.70245 53.4126
-7.63482  11.5094  6.98243  0.661754 -0.849895   -2.6739 -15.8245  -5.9077  -7.2885 -0.418812  0.409498   2.23505 -0.0862725   -2.10575  -0.121295   -0.0260754  0.00861587 -0.00649806 -0.000294703 -0.000851182  0.000123279 0.928778 -1.10539 -9.70233 53.5513
-9.16178  11.4017  3.53048    0.7097 -0.858752  -2.74315 -15.1974 -6.57095 -4.54694 -0.505061    0.4017   2.30507 -0.0917262   -2.04123  -0.142021   -0.0249951  0.00890241 -0.00429193 -0.000267027  -0.00082948  0.000163023 0.928695 -1.10546 -9.70256 53.636
 -11.116  9.68302 0.984586 0.723083 -1.05014 -2.76089 -14.9849 -6.70457 -4.60555 -0.512666  0.423819   2.29665 -0.0885026   -2.29522  -0.132514   -0.0245824  0.00879648 -0.00425129 -0.000275245  -0.00082851  0.000190269 0.928724 -1.10546 -9.70266 53.8286
 -12.104  8.09355 -1.70539 0.741268 -1.06541 -2.80253 -14.5996 -6.17363 -2.21665 -0.55357 0.417438  2.33039 -0.164493  -2.27025 -0.149194  -0.0235641 0.00997732 -0.0027138 -0.000275097 -0.000822107  0.000225675 0.928723 -1.10548 -9.70283 53.8766
-12.3658   4.8121 -3.98854 0.764573 -1.25908  -2.8115 -14.3888 -6.19144 -2.24541  -0.5737 0.431912  2.31014 -0.181523  -2.49065 -0.148475  -0.0231248 0.00986101 -0.0028008 -0.000285509 -0.000822912  0.000249293 0.928765 -1.10547 -9.70291 54.0719
-11.0025  4.14583  -7.1111 0.927564 -1.13474 -2.93998 -15.8222 -7.15865  0.70644 -0.812104  0.348957   2.37916 -0.152647  -2.43387 -0.233229   -0.0239666   0.0100691 -0.00114047 -0.000253482 -0.000845362  0.000343446 0.928719 -1.10527 -9.70339 54.3138
-11.6563  2.03632  -9.9523 0.947892 -1.34347 -2.90024 -14.2521 -8.61419 0.320994 -0.824896  0.363171   2.34109 -0.095357  -2.57491 -0.193028   -0.0226444  0.00869835 -0.00104966 -0.000243251 -0.000833552  0.000312069 0.928671 -1.10533 -9.70327 54.5272
-10.3992 0.781342 -20.2375 0.611651 -1.42681 -3.15131 -15.5704 -10.1228  10.2198 -0.660986  0.397881    2.5922 -0.524281  -2.61013 -0.329393  -0.0232389 0.00939755 0.00620239 -0.000219054 -0.000844728  0.000437794 0.928433 -1.10527 -9.70393 54.9551
-10.3492 -2.08908 -21.9391 0.686013 -1.72015 -3.10076 -13.7321 -11.4818   8.7701 -0.730542  0.502662   2.59189 -0.410476  -2.74203 -0.217565  -0.0217726 0.00857521 0.00537225 -0.000196064 -0.000847137  0.000347474 0.928424 -1.10534 -9.70359 55.2619
-9.29018 -2.96675 -25.3094 0.838412 -1.70631  -3.1422    -13.9 -12.4657  11.0875 -0.913334  0.493012   2.61883 -0.316155  -2.71738 -0.234219  -0.0218113  0.0087452 0.00706591 -0.000187906 -0.000874463  0.000369057  0.92847 -1.10517 -9.70377 55.4204
-8.36132 -4.23559 -29.7176 0.791192 -1.91223 -3.03899 -11.6748 -14.3561  12.4124 -0.913514  0.512672   2.60111 -0.313144  -2.71651  -0.10365  -0.0205683 0.00716911  0.0080242 -0.000142664 -0.000863657  0.000228775 0.928339 -1.10525 -9.70325 55.6556
-9.41253 -5.89883 -31.1252 0.849937 -1.95767 -3.10675 -9.32875 -14.6807  12.1536 -0.984256   0.50318   2.67908 -0.214288   -2.6734 -0.113069  -0.0187099 0.00755885 0.00840441 -0.000154454 -0.000855819  0.000277303 0.928429 -1.10526 -9.70354 55.7561
-8.15752 -8.04616 -34.1047 0.796022 -2.13238 -3.02335 -6.78135 -16.1395  12.4327 -0.930975  0.503431    2.6867 -0.173393  -2.61051 0.0159581  -0.0171817 0.00610256 0.00860172 -0.000144826 -0.000839543  0.000156635 0.928418 -1.10534 -9.70312 55.9571
-9.20575 -10.7389 -33.8857 0.820306 -2.23104 -3.08395 -4.09908 -15.4157   10.768 -0.949783  0.529592   2.73591   -0.0917943     -2.60774 -0.000426654  -0.014898 0.0072317 0.0078986 -0.000162355 -0.000841105  0.000236101 0.928495 -1.10536 -9.70346 56.0754
-7.39666 -12.4435 -35.9834 0.738238 -2.39129 -2.99044 -1.75562 -15.7818  10.7323 -0.864511  0.537774   2.74872 -0.117852  -2.46346 0.0971915     -0.0134  0.0061493 0.00820787 -0.000152109 -0.000829875  0.000111151 0.928478 -1.10542 -9.70301 56.2782
-10.7117 -17.1456 -30.6322 0.577023 -2.42972 -3.08501  2.03576 -10.6608  5.58601 -0.562422  0.560608   3.01559 -0.168564  -2.03081  0.126206  -0.00871683  0.00965456  0.00491095 -0.000240957 -0.000827581  6.82867e-05 0.928765 -1.10537 -9.70302 56.4691
-9.32323  -15.089 -29.8957 0.609143 -2.52559 -3.08977  2.31936 -12.6947  4.95162 -0.55753 0.517747  3.01329 -0.00365385    -2.04595    0.116801  -0.0083288  0.0078445 0.00364176  -0.00025382 -0.000830553  7.12954e-05 0.928793 -1.10535 -9.70305 56.5703
-12.8182 -15.4842 -20.4953 0.820373 -2.36837 -3.41129  4.62619 -9.26276 -4.30945 -0.407702  0.351344   3.42219  0.513593  -1.66447 0.0428983  -0.00488473   0.0100479 -0.00269836 -0.000407163 -0.000869662  0.000193474 0.929402 -1.10498 -9.70393 56.9859
-11.9053 -13.7093 -19.3629  0.85883 -2.47958 -3.40757  4.76022 -10.1278 -4.70817 -0.40837 0.338096  3.43422  0.606198   -1.5968 0.0456193   -0.0043454  0.00944448 -0.00364854 -0.000395808 -0.000856949  0.000177577 0.929359 -1.10504 -9.70387 57.1036
-14.8327 -15.1669 -19.5355 0.656437 -2.49855 -3.60482  9.35081 -8.42776 -4.69658  -0.2021 0.366989  3.65383    0.52759   -1.32472 -0.0542914  -0.000438879    0.0101911  -0.00304884 -0.000399524 -0.000874198  0.000319006 0.929338 -1.10492 -9.70454 57.3868
-12.9603 -13.8175 -19.0663 0.682657 -2.58706  -3.6405  9.72853  -9.4517 -4.45198 -0.197959  0.367514   3.66043   0.614329   -1.23975 -0.0734621  -0.000266764   0.00956145  -0.00341677 -0.000400791 -0.000880795   0.00036189 0.929331 -1.10492 -9.70469 57.4858
-14.7537 -14.8941 -18.8747 0.559772 -2.52728 -3.66567  13.3912 -7.23106 -4.74045 -0.0541629   0.389465    3.75652   0.52537 -0.910215 -0.053254   0.00296051   0.0104334 -0.00312192 -0.000375116 -0.000930914  0.000331687 0.929267 -1.10462 -9.70472 57.6248
 -12.657 -13.6877 -18.1942  0.60154 -2.58312 -3.67412  13.4529 -7.72794 -4.54932 -0.052013  0.390081   3.75868   0.588409  -0.786004 -0.0692617   0.00345923   0.0104715 -0.00355027 -0.000379588 -0.000934082  0.000337968 0.929286 -1.10462 -9.70475 57.695
-15.1593 -14.2749 -16.6692 0.583379 -2.59487 -3.73181  16.8653  -5.9828 -5.59711 -0.021104  0.419214   3.79618  0.611515 -0.612968 -0.135657    0.0066986   0.0115646 -0.00422181 -0.000361303 -0.000965259  0.000423778 0.929281 -1.10451 -9.70513 57.7566
-13.5898 -13.4591 -15.7606 0.628865 -2.62404 -3.72601  16.7685 -6.33011 -5.38651 -0.0192915   0.419741    3.80348   0.67933 -0.429068 -0.178267  0.00706918  0.0117873 -0.0044365 -0.000361689 -0.000963839   0.00038681 0.929285  -1.1045   -9.705 57.811
-15.4779  -13.509 -14.3075 0.627843 -2.60965 -3.75609  19.0969 -4.73399 -6.18464 0.00751474   0.435311    3.82444  0.694554 -0.231093 -0.246987   0.00952989   0.0126217 -0.00502921 -0.000342536 -0.000992525  0.000424213 0.929271 -1.10438  -9.7052 57.8443
-14.0029  -13.008 -13.1447 0.668696 -2.61809 -3.73015  18.3237 -4.61542 -5.93454 0.00394505   0.444483    3.84179   0.711735 -0.0256429  -0.262303   0.00941005   0.0134508 -0.00521292 -0.000334065 -0.000980886  0.000322304 0.929224 -1.10436 -9.70485 57.8935
-15.0985  -12.535 -12.3341 0.680394 -2.57785 -3.73167  20.5294 -3.67924 -6.28929 0.0233904  0.448792   3.84235   0.72668  0.194813 -0.305359    0.0112544   0.0137803 -0.00534193 -0.000317651  -0.00100654  0.000317783 0.929217 -1.10424 -9.70489 57.9354
-13.6028 -12.6241  -11.298 0.711925 -2.56926 -3.72693  19.3595 -3.40714 -5.99967 0.0186816   0.45799   3.85203  0.720795  0.376555 -0.350717    0.0109959   0.0150873 -0.00548072 -0.000308597  -0.00099305  0.000255074 0.929156 -1.10423 -9.70467 57.9684
-14.5057 -12.0516 -10.4061 0.718714 -2.51236 -3.71834  21.2833 -2.64729 -6.05107 0.0371287  0.464698   3.84854  0.708967  0.604904 -0.394609    0.0124292   0.0153092 -0.00564784 -0.000289913  -0.00101396   0.00021959 0.929124 -1.10411  -9.7046 58.0264
-13.1796 -11.5928 -9.13897 0.754941 -2.49262 -3.73341  19.8039 -2.29142 -5.82059 0.0285545  0.473416   3.85475 0.698695 0.772099 -0.45533    0.0118479   0.0162592 -0.00594554 -0.000286724 -0.000998169  0.000189824 0.929079 -1.10414 -9.70448 58.0703
-12.6821 -10.9211 -8.20108 0.772478 -2.45213 -3.75411  20.2289 -1.78624 -5.59149 0.0309709   0.47686    3.8465  0.689771  0.940845 -0.515228    0.0118516   0.0166799 -0.00610152 -0.000277737  -0.00100041  0.000198793 0.929052 -1.10412 -9.70452 58.119
-11.9345 -10.4472  -6.8935 0.808099 -2.40855 -3.77803  19.4437  -1.5737 -5.43649 0.0257336  0.485126   3.85038  0.684064   1.12296 -0.571767    0.0116297   0.0175847 -0.00633774  -0.00027512 -0.000991284  0.000180618 0.929024 -1.10414 -9.70445 58.1802
-10.8082 -9.73925 -5.64783  0.83756 -2.36763 -3.81786   18.828 -1.02662 -5.30409 0.0214226  0.487317   3.85427  0.665985   1.26562 -0.634036    0.0109873   0.0181509 -0.00665138 -0.000272141 -0.000984005  0.000199862 0.929005 -1.10417 -9.70451 58.2444
-10.3493 -9.05612 -4.37043 0.867514 -2.30476 -3.83006   18.5703 -0.627703    -5.235 0.0161096  0.503768   3.85603  0.629472   1.45192 -0.681253    0.0109828   0.0191089 -0.00683214 -0.000266417 -0.000977511  0.000151164 0.928963 -1.10416 -9.70434 58.3151
-8.93851 -8.26921 -2.34766 0.908254 -2.28593 -3.85162   16.5391 0.0804146  -5.70216 -0.00591285    0.542581      3.8872  0.596346   1.53948 -0.711896   0.00973245   0.0201588 -0.00767852 -0.000267984 -0.000958231  9.45342e-05 0.928917 -1.10419 -9.70413 58.3649
-8.50341 -7.68398 -1.16897 0.938154 -2.20932 -3.87755    16.1545 -0.0169155   -5.71607 -0.0113859    0.55476    3.89152  0.543675   1.70446 -0.756952   0.00935015   0.0208949 -0.00772978 -0.000267451 -0.000954503  6.40799e-05 0.928897 -1.10418 -9.70402 58.4511
-7.62419  -7.5242  1.19338  0.97191 -2.16591 -3.91896   14.724 0.818129 -6.02395 -0.0272499   0.577929    3.90979 0.478022  1.79905 -0.81054     0.008174   0.0220454 -0.00864187 -0.000267053  -0.00093795  5.56533e-05 0.928867 -1.10424 -9.70398 58.52
-7.51483 -6.95848  2.64257 0.991975 -2.08194 -3.94973  13.9773  1.13876 -6.30214 -0.0328525   0.592898    3.91233  0.395574   1.93084 -0.856267   0.00762497   0.0228174 -0.00873203 -0.000264577 -0.000930969  2.92162e-05 0.928835 -1.10424 -9.70388 58.6116
-7.38065 -6.55968  4.79574  1.00251 -2.01655 -3.99175  13.2849  2.40534 -6.77985 -0.0392518   0.615316     3.9143  0.287697   2.03564 -0.915862   0.00677601   0.0239844 -0.00939761 -0.000255001 -0.000917577    2.885e-05  0.92878 -1.10429 -9.70386 58.6901
-7.43637  -5.5574  6.64868  1.01902 -1.92375 -4.01567  11.9949  2.94623 -7.27487 -0.0526212    0.63344    3.91124  0.174171   2.14081 -0.947526   0.00586194   0.0247798 -0.00991543 -0.000254091  -0.00091086 -5.58836e-06 0.928752  -1.1043 -9.70374 58.7873
-7.86915 -5.05157  8.60641  1.01393 -1.84907 -4.06141 11.4374 4.20911 -8.0624 -0.0558137   0.655648    3.90242 0.0339996   2.22744  -1.01179  0.00516769  0.0261663 -0.0105047 -0.000243802 -0.000893432  4.28821e-06 0.928696 -1.10438 -9.70375 58.875
-9.02561 -4.15328  11.0145   1.0023 -1.74221  -4.0988  10.6878  4.95938 -8.58368 -0.0572584   0.672286    3.89425 -0.104316   2.32335  -1.06717  0.00484014  0.0270663 -0.0115303 -0.000234165   -0.0008912  -1.1985e-05 0.928647 -1.10438 -9.70369 58.9889
-9.10866 -3.23434  12.8161 0.996352 -1.64203  -4.1349 9.63498 5.61638 -9.1005 -0.0701266   0.688526    3.88737 -0.235726   2.39147  -1.11074   0.0034708  0.0276668 -0.0122169 -0.000232077  -0.00088397 -2.62243e-05 0.928627  -1.1044 -9.70363 59.0955
-9.66658 -2.50685  15.1366 0.987977 -1.57569 -4.18551  8.54578  6.94539 -10.0435 -0.0868324   0.718035    3.87385 -0.402786   2.42831  -1.16775  0.00230246  0.0288066 -0.0132504 -0.000232967 -0.000858508 -2.56669e-06 0.928623 -1.10455 -9.70366 59.1794
-8.94925 -1.16264  17.7541 0.999072 -1.49088 -4.22916 6.29985 6.88223 -11.396 -0.126304  0.736482   3.86286 -0.52171  2.42727 -1.20305  -0.000215971    0.0297489   -0.0146685  -0.00024607 -0.000841246  1.54079e-05 0.928686 -1.10465 -9.70368 59.2754
-8.43551   0.8946  19.0409  1.01271 -1.41173 -4.21619  4.20938   6.7323 -12.2128 -0.193522  0.781595   3.86001 -0.588613   2.41581  -1.14914  -0.00225429   0.0298924  -0.0152192 -0.000244179 -0.000848871 -7.26145e-05 0.928674 -1.10457 -9.70338 59.3567
-7.1806 2.14372  21.546 0.999533 -1.33722 -4.18267  1.59994  7.02826 -14.1304 -0.256989  0.851398    3.8434 -0.717943    2.3368  -1.05436  -0.00534295    0.030743  -0.0165169 -0.000233239 -0.000861107 -0.000174581 0.928629 -1.10448 -9.70304 59.4395
-7.07922  3.56846  22.8825 0.980214 -1.24844 -4.25821 -0.00236572     6.92339    -15.0299 -0.266623  0.849392   3.84884 -0.80959  2.29467  -1.0936  -0.00718115   0.0309184  -0.0173011 -0.000246159 -0.000846006 -0.000106266 0.928723 -1.10458 -9.70324 59.5577
-6.0091 5.69531 23.8519 0.967832 -1.54753 -4.16142 -2.26361  4.98441 -15.8623 -0.380084   1.17503   3.93056 -0.705682   2.01452 -0.841226  -0.00947345   0.0307642  -0.0179941 -0.000245736 -0.000782227 -0.000367274 0.928596 -1.10471 -9.70225 59.8723
-9.91672  9.53925  23.7929 0.929327 -1.94783 -4.08822 0.451671  3.46555 -15.9243 -0.350801    1.3438   3.83633 -0.608694   1.84049 -0.844025  -0.00754546   0.0294886  -0.0193561 -0.000360657 -0.000448452 -0.000386031 0.928769 -1.10609 -9.70163 60.281
-7.03909  9.74332  25.0578 0.897545  -1.8688 -4.05263 -3.88101  2.45794 -17.4223 -0.400483   1.40256   3.83961 -0.614529   1.71427 -0.703697   -0.011646  0.0298049 -0.0198343 -0.000330995 -0.000505986 -0.000471003  0.92873 -1.10579 -9.70142 60.3734
-7.55452  10.4908   25.203 0.862835 -1.80813 -4.08414  -5.0319  1.61207 -17.5722 -0.398793   1.41092   3.83623 -0.642289   1.63966 -0.682001  -0.0127134  0.0294459 -0.0200198 -0.000332008 -0.000499507 -0.000443438 0.928766 -1.10581 -9.70151 60.45
-5.37324  10.1174  24.7475 0.728107 -1.79337 -4.17622 -9.15918  1.31183 -17.8754 -0.322089    1.4246   3.84752  -0.70724   1.38885 -0.678769  -0.0161526  0.0296175 -0.0194795 -0.000309365 -0.000471778 -0.000275584 0.928805 -1.10598 -9.70206 60.6139
-5.48477  10.4477  24.3882   0.6586 -1.75946 -4.22496 -10.4882 0.371106 -17.9297 -0.295889   1.43885   3.85258 -0.721208   1.23531 -0.670636  -0.0176303  0.0291144 -0.0194317  -0.00030266 -0.000462389 -0.000221733 0.928823 -1.10602 -9.70223 60.7053
-4.42525  8.96148  24.3949 0.563936 -1.73951 -4.31126 -13.5874 0.945866  -18.441 -0.249515   1.43885   3.86739 -0.812418  0.989273 -0.686996  -0.0201627  0.0299009 -0.0195173 -0.000289871 -0.000450256  -8.9832e-05 0.928893 -1.10615 -9.70267 60.8349
-5.68165  9.68303   22.978 0.467153 -1.70586  -4.3134  -15.1749 -0.732574  -18.4841 -0.225319   1.45652   3.84859 -0.805815  0.715295 -0.628749  -0.0216763  0.0286493 -0.0192686 -0.000280971  -0.00044028 -0.000119308 0.928877 -1.10612 -9.70257 60.9374
-4.55227   8.3307   20.992 0.341923 -1.75189 -4.38011   -17.559 -0.762506  -16.5751 -0.138418   1.48419   3.90491 -0.886161  0.542702 -0.625374  -0.0232626  0.0298542 -0.0177921 -0.000256929 -0.000436036 -6.15848e-05 0.928832 -1.10615  -9.7028 61.0866
-5.96219  9.27872  18.9021 0.269896 -1.75521 -4.34791 -18.7387 -2.77149 -16.2231 -0.128058   1.51441   3.89261 -0.834817  0.258219 -0.537463  -0.0247962  0.0284933 -0.0173609 -0.000252922 -0.000434349 -0.000154941 0.928815 -1.10602  -9.7025 61.1656
-3.64914  6.10778  11.3503 -0.180065  -1.73395  -4.52959 -23.2507 -1.47083 -8.57134 0.139101  1.45704  4.01822  -1.26633  0.065281 -0.629904  -0.0269039  0.0323503 -0.0116279 -0.000131278 -0.000449694 -6.02664e-05 0.928304 -1.10599 -9.70295 61.6513
-4.79536  5.74483  8.95697 -0.291407  -1.84891  -4.46777 -23.9261 -3.47721 -8.02086 0.188383  1.54267  3.98826  -1.17996 -0.285793 -0.499098   -0.027437  0.0308273 -0.0109365 -0.000140547 -0.000441271 -0.000145118 0.928329 -1.10591 -9.70265 61.8229
-3.20178  4.42407   6.1884 -0.485855  -1.77649  -4.59407 -26.3351 -3.33865 -5.46198 0.260512  1.47419   4.0339   -1.4019 -0.398006 -0.596269   -0.0291504   0.0316188 -0.00908123 -7.45868e-05 -0.000471106    -4.81e-05 0.928078 -1.10587 -9.70305 62.0658
-2.48902  2.08029  4.46163 -0.626711  -1.88509  -4.60351 -27.5889 -5.48683 -5.53894 0.312292  1.50272  4.00588  -1.36592 -0.813848 -0.572551   -0.0302985   0.0296968 -0.00914483 -7.15668e-05 -0.000458208 -2.08655e-05 0.928104 -1.10589 -9.70314 62.2439
 -2.2796 0.920289  4.28863  -0.7512 -1.96802 -4.49685 -27.2778 -5.33793 -5.43407 0.410399  1.55557   3.9815   -1.3537 -0.927541 -0.458623   -0.0304412    0.029736 -0.00926416 -5.92423e-05 -0.000474058 -0.000192363 0.927971 -1.10573 -9.70256 62.4276
-1.04869 -1.73015   1.5881 -0.841464  -2.10076  -4.54125 -28.7592 -7.40448 -5.05479 0.432502  1.57203  3.95715  -1.33997  -1.36628 -0.517329   -0.0312972   0.0282808 -0.00895025 -7.69121e-05 -0.000457168 -9.79576e-05 0.928105 -1.10581 -9.70287 62.5941
  -1.632 -3.62481   1.5772 -0.88839 -2.11193 -4.57095 -27.6677 -6.43386 -5.34387 0.431119  1.55909  3.99396 -1.40599 -1.41512  -0.5339   -0.0307373   0.0291251 -0.00961517 -6.95086e-05  -0.00046338 -0.000145349 0.928034 -1.10578 -9.70272 62.6508
 0.896129   -5.0771 0.0920679 -0.910604  -2.24429   -4.6829   -29.96 -8.38525   -5.995 0.425934  1.56177  3.98419  -1.33256  -1.89152 -0.646822  -0.0322783  0.0274403  -0.010503 -0.000126401 -0.000469374  1.71756e-06 0.928324 -1.10577 -9.70323 62.8256
0.0800541  -7.38816   -1.1345 -1.00147   -2.263 -4.68314 -28.5193  -6.1792 -4.89311 0.415968  1.54396  4.00845  -1.48794  -1.89837 -0.639514  -0.0314004   0.029107 -0.0103086 -8.95679e-05   -0.0004648 -8.03979e-05 0.928145  -1.1058 -9.70294 62.9183
 1.55351 -7.28039 -3.51994 -1.05353 -2.46966 -4.69528 -27.9769 -9.00659 -5.01223 0.421238  1.58262  3.96902  -1.36724  -2.29042 -0.629607  -0.0313832  0.0271462 -0.0101718 -0.000107543 -0.000453252 -3.78626e-05 0.928234 -1.10581 -9.70308 63.1318
  0.4139 -8.40914 -2.26863  -1.0909 -2.53119 -4.74018 -26.5234  -9.1829 -6.27068 0.432356  1.57927  3.99247  -1.33619  -2.37795 -0.643114  -0.0300723   0.027289 -0.0118322 -0.000113928 -0.000457463 -2.64739e-05 0.928226  -1.1058 -9.70311 63.2166
 2.36886 -9.17566 -4.49709 -1.16602 -2.73875 -4.72723 -25.5369 -11.4065 -6.59132 0.447863  1.58191  3.96139  -1.23538  -2.67715 -0.591646  -0.0297937  0.0257973 -0.0118483 -0.000112583 -0.000438459 -4.59528e-05 0.928221 -1.10584 -9.70304 63.4378
 2.13437 -9.37343 -4.75845 -1.16635  -2.8176 -4.77178  -24.001 -12.7898 -7.56188 0.450535  1.58425  3.98097  -1.13462  -2.76616 -0.607371  -0.0285825  0.0250669 -0.0122994 -0.000129083 -0.000437182 -1.05674e-05 0.928263 -1.10582 -9.70316 63.5283
 5.00019 -11.3132 -6.76571 -1.24893 -3.06897 -4.76298 -22.8695  -13.666 -7.85481 0.470536   1.6015  3.96824  -1.08397  -3.03042 -0.571069  -0.0282915  0.0244904  -0.012382 -0.000121004 -0.000420658 -3.97818e-05 0.928244 -1.10588 -9.70304 63.7931
  5.4513 -11.4708 -7.55321 -1.24684 -3.12108 -4.78853 -22.1095 -14.1619 -8.50583 0.454143  1.58743  3.95534  -1.03238   -3.1168 -0.602058  -0.0273016  0.0239815 -0.0125796 -0.000133599 -0.000432414 -1.83926e-05 0.928264 -1.10582 -9.70311 63.8511
 8.55542 -12.3821 -8.78432 -1.31147 -3.41664 -4.78543 -21.1946 -15.1121   -8.783 0.477077  1.61588  3.95409 -0.974911  -3.40142 -0.570233  -0.0272273  0.0233076 -0.0129498 -0.000128052 -0.000412791 -4.20894e-05 0.928269  -1.1059 -9.70302 64.1537
 8.13608  -11.431 -8.79231 -1.33823 -3.47135 -4.83528 -19.6857 -16.1189 -9.89694 0.488124  1.59001  3.96113 -0.885437  -3.46649 -0.602233  -0.0257109  0.0222181 -0.0134601 -0.000136423 -0.000433178 -1.53861e-05 0.928247 -1.10581  -9.7031 64.2324
 10.5574 -11.4868 -8.71719 -1.34644 -3.78413  -4.8235 -17.9424 -16.2337 -11.0773 0.49047 1.61273 3.97814 -0.754499  -3.70222 -0.537996  -0.0252468  0.0216791 -0.0140391 -0.000136877 -0.000405941 -5.79017e-05 0.928288 -1.10592 -9.70295 64.5455
 6.57867 -4.47052 -7.26344 -1.75398 -3.90892 -5.22956  -11.778 -22.0047 -14.4598 0.721554  1.61091  4.28273 -0.637877  -3.68198 -0.662921   -0.022126  0.0157114 -0.0149968 -4.20443e-05 -0.000472143  0.000112666 0.927759 -1.10586 -9.70355 65.1342
 10.0697 -3.33661 -7.71787 -1.77979 -4.16942 -5.30291 -11.4124 -22.8462 -14.3228 0.721644  1.61435  4.31297 -0.461603   -3.8815 -0.675401  -0.0224141  0.0152926  -0.015201 -4.25062e-05 -0.000470584   0.00012691  0.92776 -1.10587 -9.70361 65.4061
 8.66954 -2.25667  -5.5462 -1.79062 -4.25211   -5.341 -8.24501 -23.7726 -17.4018 0.756304  1.57988  4.33872 -0.271944  -3.88721 -0.664379  -0.0200512  0.0145411  -0.016923 -4.34244e-05 -0.000490829  0.000128439 0.927725 -1.10579 -9.70359 65.4977
 9.85773 -2.10598 -4.89311 -1.82341 -4.48461 -5.33863 -5.47602 -22.8591 -19.4832 0.796552  1.53535  4.38297 -0.057474  -3.91667 -0.569951  -0.0185029  0.0145912 -0.0173031 -4.62326e-05 -0.000479843  3.53896e-05 0.927716 -1.10584 -9.70326 65.7326
  11.4631 -0.191185  -4.63461 -1.82502 -4.54194 -5.40693 -5.50543 -25.1418 -19.4355 0.803195  1.50116    4.392 0.0840082  -3.97569 -0.627675  -0.0186534  0.0135839 -0.0175612 -4.66266e-05 -0.000506796  6.37822e-05 0.927667 -1.10572 -9.70336 65.8217
 11.9041 -1.38381 -4.34916 -1.81962 -4.93395 -5.33945 -4.83174 -22.4893 -20.9194 0.806802  1.56878  4.40077  0.240224  -4.06617 -0.503792  -0.0167826  0.0151477 -0.0174511 -3.32378e-05 -0.000480114 -5.13998e-05 0.927675 -1.10592 -9.70299 66.2196
  13.9689 -0.377192  -3.84079 -1.79021 -5.08199 -5.36028 -5.15889 -23.5144 -20.3945 0.797189  1.56413  4.39785  0.351263  -4.14343 -0.511205  -0.0174912  0.0150652 -0.0175208 -3.57814e-05  -0.00047646 -4.67782e-05 0.927678 -1.10593 -9.70301 66.3719
 14.5266 -1.48257 -3.59713 -1.81886 -5.39688 -5.33109 -4.97544 -21.2548 -20.8604 0.813972  1.60672  4.39459  0.403624  -4.21368 -0.450253  -0.0162312  0.0169514 -0.0172518 -2.41696e-05 -0.000470311 -0.000123773 0.927663 -1.10601 -9.70276 66.6894
 15.2835 0.058387 -2.79692 -1.79034 -5.54786 -5.33971 -3.63613 -21.9705 -21.1753 0.815766  1.59362  4.40346  0.533645   -4.2336 -0.434829  -0.0159397  0.0165044 -0.0171746 -2.81767e-05 -0.000476194 -0.000135741 0.927672   -1.106 -9.70271 66.8433
 15.2804 0.701632  -1.6803 -1.84455 -5.74465 -5.36483 -1.41483 -21.3287 -22.4644 0.853036  1.57948  4.37297  0.568001  -4.22453 -0.484327  -0.0144988  0.0170644 -0.0173985 -9.41561e-06 -0.000499445 -9.60928e-05  0.92761 -1.10588 -9.70278 67.049
  16.5055   0.69726 -0.399593 -1.80669 -5.94459 -5.34499 -2.17058 -20.9184 -22.4541 0.851871  1.58396   4.3813  0.653606  -4.26843 -0.465392  -0.0146613  0.0179467 -0.0177801 -1.10458e-05 -0.000496939 -0.000178834 0.927609 -1.10594 -9.70253 67.2535
 17.066 2.02866 1.86684 -1.75764 -6.17428 -5.34232 -1.56831 -20.4371 -22.7055 0.853239  1.57816  4.39042 0.752457 -4.28204 -0.45447  -0.0144262  0.0177269 -0.0183252 -1.38385e-05 -0.000503413 -0.000227927 0.927618 -1.10595 -9.70237 67.4883
17.6759 1.22051 3.54026 -1.72441 -6.42567 -5.31713 -2.80373   -19.24 -22.7917 0.849828   1.6186  4.39065  0.804604  -4.34103 -0.415544  -0.0144388  0.0191714 -0.0189692  -8.0266e-06 -0.000505073  -0.00032308   0.9276 -1.10601 -9.70209 67.7432
17.3304 1.21968 4.53667  -1.7205 -6.66385  -5.3319 -1.69177 -18.1118 -23.4982 0.872746  1.62714  4.40301  0.818356  -4.32842 -0.362954   -0.013585  0.0199998 -0.0187951   -2.799e-06 -0.000513211 -0.000341368 0.927594   -1.106 -9.70202 67.9818
 18.0227 0.351895  6.07139 -1.70549 -6.89352 -5.33605 -2.93215 -17.0937 -23.5489 0.887917   1.6532  4.41058   0.8372 -4.37628 -0.35552  -0.0137251  0.0212716 -0.0194771  1.56281e-06 -0.000517965 -0.000400874 0.927571 -1.10602 -9.70185 68.212
16.6666 0.52335 6.92939 -1.70562 -7.12079 -5.37175 -1.48606 -15.8456 -24.3182 0.918183  1.65989  4.43828  0.813748  -4.34229 -0.344222  -0.0122914  0.0218098 -0.0192619  4.56111e-06 -0.000527699 -0.000390019 0.927579 -1.10599 -9.70187 68.4421
  17.3763 0.0291222   8.77786 -1.66788 -7.34315 -5.36523 -3.05048 -14.9663  -24.452 0.917946  1.67205  4.42927  0.797683  -4.41095 -0.323233  -0.0129103  0.0229314 -0.0201277  1.06939e-05 -0.000531069 -0.000447514 0.927546   -1.106  -9.7017 68.6677
  16.0088 0.0704656   9.30094  -1.6758 -7.49945 -5.33467 -2.32151 -13.6009 -24.9435 0.956005  1.62831  4.47172  0.784101  -4.35227 -0.243869  -0.0116996  0.0235635 -0.0197474  1.09382e-05  -0.00055572 -0.000564388 0.927547 -1.10599 -9.70131 68.8272
   15.619 -0.789314    10.704 -1.66008 -7.71639 -5.35163 -3.47672   -12.15 -25.3748 0.972134  1.64016  4.48206  0.730906  -4.39046 -0.272798  -0.0116034  0.0247997 -0.0203237  1.68784e-05 -0.000560417 -0.000593183 0.927521 -1.10598 -9.70123 69.0454
  12.562 0.516649  11.1343 -1.65693 -7.94767  -5.4432 -0.929308   -11.033  -25.9108 0.995679  1.66489  4.55052  0.669771  -4.31804 -0.329148  -0.00991639   0.0244082  -0.0197865  1.57409e-05 -0.000564885 -0.000516963 0.927555 -1.10597 -9.70145 69.2941
  11.056 0.718834  13.2279 -1.63158 -8.15821 -5.45908 -1.21082 -9.95018  -27.151 1.00869 1.66695 4.55082  0.604961   -4.3418 -0.344295  -0.00996072   0.0251885  -0.0207939  2.34479e-05 -0.000573625 -0.000525102 0.927527 -1.10594 -9.70142 69.5068
8.72773 2.15181 12.8717 -1.58651 -8.20271 -5.51783 -0.41966 -8.24234 -27.0334 0.994486  1.57642  4.66111 0.576775 -4.20294 -0.32987  -0.0096576  0.0250424 -0.0200655  1.98586e-05 -0.000612637 -0.000547489 0.927553 -1.10583 -9.70131 69.5932
 6.4008 2.18729 13.9579 -1.56547 -8.44183  -5.5163 -1.41877 -7.43151 -27.8134 1.00496  1.5902 4.62868  0.520119   -4.2628 -0.337088  -0.00958105   0.0261252  -0.0206738 2.62783e-05 -0.00060769 -0.00055707 0.927523 -1.10584 -9.70129 69.8332
3.42361 2.50664 12.9406 -1.55151 -8.41332 -5.47737 -0.80956 -6.21941 -27.4095 0.988867  1.38022  4.75601  0.493606  -4.01208 -0.175659  -0.00906561   0.0263917  -0.0200625  3.43781e-05 -0.000611905 -0.000716213 0.927536 -1.10595 -9.70075 69.8834
1.43719  1.8473 12.7249 -1.50978 -8.61694 -5.53471 -0.637759  -4.76971  -27.7473 0.984711  1.40539  4.77795  0.443949  -4.02223 -0.184865  -0.00882152   0.0272393  -0.0200464  2.90824e-05   -0.0006135 -0.000664453 0.927556 -1.10592 -9.70092 70.0991
-0.945408   1.31925   10.9499 -1.54252 -8.78062 -5.53491 0.0291965  -4.90111  -27.1476 1.00251 1.37618 4.81779  0.414643  -3.93489 -0.158871  -0.00830496   0.0268048  -0.0190329  3.57956e-05 -0.000642361 -0.000699649 0.927542 -1.10587 -9.70078 70.266
-3.78266 0.425827  11.4501  -1.4819  -8.9894 -5.57821 0.250561 -3.56577 -27.8413 0.987825  1.40623  4.83305  0.356059  -3.96034 -0.192143  -0.00752697   0.0270163   -0.019673  2.85082e-05 -0.000629756 -0.000661684 0.927573 -1.10591 -9.70092 70.4877
-6.61885 0.109025  9.52876 -1.50644 -9.13207  -5.5787  0.35852 -3.70942 -26.8281 0.998065   1.3435   4.8829  0.297138  -3.84348 -0.180032  -0.00753948   0.0261889  -0.0187148  3.00037e-05 -0.000658515 -0.000702827 0.927579 -1.10584 -9.70076 70.6324
-9.55646 0.955799  9.59668 -1.58765 -9.39577 -5.52402  0.72432 -2.83681 -27.5094 1.05024  1.3954 4.80839 0.210638 -3.93556 -0.17364  -0.00654654   0.0254681  -0.0189984  6.45067e-05 -0.000613724 -0.000743302 0.927453 -1.10602 -9.70067 70.9137
-12.2626 0.727699   7.3237 -1.51029  -9.4598 -5.53945 -0.0860161   -2.34709   -26.2958 0.959619  1.25983  4.91854  0.176312  -3.68886 -0.133179  -0.00729453   0.0255299  -0.0181786  6.73536e-05 -0.000663953 -0.000784921 0.927483 -1.10588 -9.70051 71.0153
-14.2775 0.342647  5.96824 -1.51476  -9.5299  -5.4839 0.198395 -1.13518 -25.3556 0.932366  1.20247  4.90556  0.132204  -3.58176 -0.106668  -0.00661622   0.0257687  -0.0174909  8.77852e-05 -0.000633678 -0.000844588 0.927435 -1.10602 -9.70034 71.1049
 -17.9162 -0.676845   4.19175 -1.55807 -9.65817  -5.4027  0.967838 -0.506749  -24.3373 0.919357  1.06562  4.94035  0.0468489   -3.28859 -0.0132344  -0.00617804   0.0256889  -0.0167517  0.000105357 -0.000623815 -0.000954867 0.927404 -1.10609 -9.70002 71.2627
 -18.9929 -0.625718   3.52463 -1.58189 -9.70071 -5.39809   0.877773 -0.0155364    -23.841 0.92062 1.03793 4.95172   0.0118292    -3.22541 -0.00237998  -0.00591731   0.0252927  -0.0164887  0.000112127 -0.000623881 -0.000963454 0.927385 -1.10609     -9.7 71.3117
-21.9698 -1.72531  2.08037  -1.5716 -9.84779  -5.2859  1.78344 0.555954 -23.1584 0.878726 0.943457  4.96373 -0.0136861   -2.93301  0.0944457  -0.0053611  0.0250392 -0.0159064  0.000116588 -0.000626706  -0.00109067 0.927401 -1.10612 -9.69964 71.497
-23.0323 -1.47141  1.00124 -1.57075 -9.87723 -5.28941  2.05943 0.444068 -22.4349 0.855383 0.928285  4.98462 -0.0193261   -2.86069   0.104801  -0.00488187   0.0244436  -0.0154408  0.000123704 -0.000628442  -0.00109132 0.927384 -1.10611 -9.69965 71.5266
 -25.3627  -2.84675 -0.500107 -1.61439 -10.0207 -5.15219  2.87052 0.522671 -21.4693 0.843276 0.874018   4.9775 -0.0531821   -2.58451   0.201379  -0.00424745   0.0241501   -0.014539  0.000136294 -0.000644549  -0.00123734 0.927362 -1.10608 -9.69925 71.7299
 -26.3931  -2.54153 -0.859169 -1.51516 -10.0435 -5.17135  3.49089 0.348065 -21.2563 0.759773 0.862215  5.02301 0.0141791  -2.50494  0.200339  -0.00379505   0.0234873  -0.0146301  0.000133077 -0.000646069  -0.00123361 0.927393 -1.10607  -9.6993 71.8335
-28.0082 -3.40921 -2.33193 -1.55271 -10.1793 -5.02069  4.76296 0.569524 -20.3624 0.739498 0.832684  4.99706 0.00585884   -2.23331   0.271871  -0.00296623   0.0230464  -0.0137196  0.000157483 -0.000655352   -0.0013789  0.92733 -1.10606 -9.69891 72.0398
-29.0895 -3.20932 -3.16465 -1.49262 -10.2002 -5.03992   5.5354 0.333109 -19.6583 0.680709  0.83354  5.03214 0.0394825  -2.16233  0.254261  -0.0022145  0.0226228 -0.0134285  0.000154737 -0.000657983  -0.00136825 0.927352 -1.10604 -9.69898 72.1063
-29.9726 -3.82156 -3.81032 -1.51699 -10.3113 -4.88166  6.60004 0.802871 -19.1136 0.664539 0.802319  4.99551 0.0132835   -1.8771  0.326992  -0.00157272   0.0224732  -0.0128508  0.000172037 -0.000660934  -0.00151775 0.927311 -1.10604 -9.69859 72.3012
-31.0065 -5.04563 -3.92268 -1.39699 -10.3819 -4.92632 7.29282 2.81907 -17.684 0.605947 0.834688  5.00171 -0.0412994   -1.88456   0.268251  -0.000638004    0.0234081   -0.0126842  0.000124292 -0.000647249   -0.0014515 0.927482 -1.10612 -9.69879 72.4474
-30.0336 -5.26417 -4.68261 -1.47729 -10.5138 -4.67071  9.42082  2.47277 -17.2112 0.634541 0.861413  4.92056 -0.0332479    -1.5227   0.383175  0.000812289   0.0230226  -0.0117472  0.000147352 -0.000657958   -0.0017007  0.92742 -1.10612 -9.69811 72.746
 -26.616 -6.41214 -8.14676 -1.57289 -10.3331 -5.07169   8.2583 0.935931 -13.4837 0.661048  0.83877  5.16798 -0.17569   -1.461  0.22229  -0.000670595    0.0230487  -0.00975858  6.58158e-05 -0.000764848  -0.00136123 0.927672 -1.10554  -9.6993 73.1961
-24.1117 -5.90813 -7.34772 -1.52345 -10.3275 -5.13388    8.82758 -0.0779497    -14.799 0.619817 0.761655   5.1327 -0.163838  -1.40543  0.144736  -0.000224528     0.022142   -0.0104116  5.97392e-05 -0.000784869  -0.00115426 0.927689 -1.10543  -9.6999 73.2757
-26.5469 -4.63141 -4.56132 -1.46243 -10.3468  -5.1251    12.2825 -0.0590388   -17.5402 0.649429 0.699299  5.16368 -0.0505484   -1.26362   0.138513  0.00251033  0.0216056 -0.0125527  1.50076e-05 -0.000755372  -0.00118288 0.927849  -1.1055 -9.69994 73.3403
-24.8808 -4.34563 -4.87835 -1.55077 -10.3744  -5.0659   13.9924 -0.518216  -17.3941 0.701148 0.674871  5.14035 -0.0567552   -1.04308   0.146601  0.00367251  0.0209618 -0.0121035  1.45958e-05 -0.000749552  -0.00123904 0.927848 -1.10548 -9.69982 73.4502
-26.4723 -2.74202 -10.7098 -2.15853 -10.1458 -5.00877  19.1425  -3.6886 -12.5024 0.994732 0.531127  5.08905 -0.245819 -0.555326  0.107039   0.00705258   0.0182129 -0.00878066  6.07574e-05 -0.000693683  -0.00132596 0.927665 -1.10555  -9.6997 74.1021
-24.5462 -1.04777 -8.51667  -2.1501 -10.1579 -5.00233  20.4113 -3.81449 -15.0586 0.977006 0.519069  5.06997 -0.151511 -0.411569 0.0666426  0.00816928   0.018173 -0.0104058  9.41963e-05 -0.000721793  -0.00126542 0.927562 -1.10548 -9.69991 74.1181
-25.1433 0.978827 -7.66704 -2.20053 -10.1521 -5.03109   22.863 -5.10492 -16.3884  1.04404 0.488765  5.08072 -0.0784684  -0.288173 0.00503092   0.0100578  0.0171296 -0.0112729  7.63626e-05 -0.000715312  -0.00121328 0.927622 -1.10554 -9.70012 74.1764
 -23.691  1.51883 -6.47592 -2.21186 -10.1388 -4.99011  23.9282 -4.83422 -16.6201  1.05399 0.486655  5.07389  0.0132784 -0.0481297 -0.0234169   0.0111205  0.0174492 -0.0115609  6.97011e-05 -0.000718601  -0.00128302 0.927651 -1.10549 -9.69996 74.221
-22.8686  2.44121 -6.18461 -2.21215 -10.0955 -4.99059   25.925 -5.95287 -16.9032  1.06712 0.466927  5.04205   0.086486   0.127143 -0.0877973   0.0120763  0.0169809 -0.0116444  5.70151e-05 -0.000727578  -0.00123368 0.927701  -1.1055 -9.70014 74.2643
-20.8521  3.21288 -5.70232 -2.21063 -10.0447 -4.98776  27.0713 -6.24958 -17.2829  1.07661 0.452359  5.01112  0.134612   0.36661 -0.166977   0.012914 0.0168014 -0.011806  5.01923e-05 -0.000739405  -0.00120529 0.927729 -1.10549 -9.70024 74.3152
-18.9495    4.015 -5.76535 -2.24689  -9.8871  -5.0519   27.537 -7.89417 -17.0822  1.10457 0.391505  4.92242 0.0818636  0.613838 -0.344297    0.013244  0.0164778 -0.0119397  3.51661e-05  -0.00079339 -0.000971496 0.927785 -1.10545 -9.70098 74.4892
 -17.519  4.74185 -5.14814 -2.22853 -9.85926 -5.00893  28.2931 -7.34656 -17.3072  1.08506 0.432628  4.93119  0.19686 0.828115 -0.36006   0.0140869  0.0167416 -0.0122272  4.42329e-05 -0.000805229  -0.00109974 0.927768 -1.10533 -9.70063 74.5436
-15.3764  4.14172 -4.65681 -2.19402 -9.78651 -5.09996  27.4325 -6.98284 -16.6598  1.07123 0.397174  4.91626  0.178329   1.00024 -0.516353   0.0135943  0.0176861 -0.0123155  3.26492e-05 -0.000813324 -0.000951774 0.927804  -1.1054 -9.70107 74.6651
-15.1662  4.84211 -4.55321 -2.18348 -9.70507 -5.09506  28.5468 -7.46861 -16.8208  1.07074 0.401211  4.90911 0.285182  1.23993 -0.56266   0.0146236  0.0174344 -0.0123323 3.24771e-05 -0.00081928 -0.00101015 0.927816 -1.10534 -9.70093 74.7474
-13.6679  3.48493 -3.73429 -2.14956 -9.66627 -5.17115  27.7223  -6.8443 -16.6846  1.05829 0.396591  4.92141  0.287638   1.40144 -0.668387   0.0142204  0.0185554 -0.0124969  3.20457e-05 -0.000815861 -0.000937464  0.92781 -1.10541 -9.70113 74.8393
-13.2681  3.51793 -3.86924 -2.14581 -9.57607 -5.16563  27.9253 -7.64608 -16.7857  1.06634 0.411891  4.92081  0.382387   1.62727 -0.703054   0.0147735  0.0182179 -0.0122303  3.15424e-05 -0.000821508  -0.00101382  0.92782 -1.10533 -9.70092 74.9297
 -12.022  2.80687 -3.26454 -2.12709 -9.51403  -5.2107  27.2257 -7.52208  -16.665  1.06541 0.416523  4.93009  0.395447   1.80271 -0.773838   0.0143566  0.0185893 -0.0123925  3.31317e-05 -0.000817487  -0.00100069  0.92781 -1.10534 -9.70094 75.0086
-11.7506   3.1151 -3.40819 -2.09159 -9.39959 -5.24068  27.7684 -8.34136 -16.6682  1.05898 0.417129  4.92755 0.474377  2.03793 -0.84538    0.014746  0.0181058 -0.0121866 2.85362e-05 -0.00082103 -0.00102289 0.927831 -1.10532 -9.70089 75.1322
-10.6673  2.86331 -2.97099 -2.06887 -9.30888 -5.28271  27.4577  -8.3254 -16.5986 1.05867 0.42166 4.93189  0.506089   2.22537 -0.906306   0.0144229  0.0183061 -0.0123102  2.92897e-05 -0.000819325  -0.00102276 0.927827 -1.10532 -9.70089 75.2347
-9.73611  2.81704 -3.03726 -2.03605  -9.1991 -5.33619  26.9952 -8.73865 -16.6221  1.05665 0.424732  4.93597   0.55848   2.42105 -0.994607   0.0142072  0.0182864 -0.0121843  2.75303e-05 -0.000816004  -0.00101229 0.927829 -1.10534  -9.7009 75.3611
-9.26557  2.68791 -2.87278 -2.01173  -9.0913  -5.3782  26.4175 -8.64354 -16.6039  1.05644 0.433093  4.93967 0.586962  2.59277  -1.0722  0.0139977 0.0184492 -0.012301  2.92037e-05 -0.000816091   -0.0010226 0.927823 -1.10532 -9.70087 75.4793
-8.67856  2.85574 -2.74475 -1.97859 -8.97772 -5.42646 25.0646 -8.7368 -16.535  1.05261 0.446677  4.94269 0.612428   2.7485 -1.14866   0.0132534    0.01857 -0.0124586  2.98884e-05 -0.000812479  -0.00102125 0.927817 -1.10531 -9.70085 75.6071
-9.30558  3.04696 -2.99914  -1.9431 -8.82622 -5.46502  24.7864 -8.67487 -16.4216  1.04597 0.448322   4.9402 0.663377  2.91737 -1.20612   0.0131216  0.0185695 -0.0124476  2.97077e-05 -0.000819541  -0.00105221 0.927827 -1.10525 -9.70077 75.7674
-10.1773  2.84134 -2.92937 -1.91121 -8.63641  -5.5052    23.99 -8.32236 -16.3094  1.04341 0.441601  4.93129 0.693701  3.09766 -1.25461   0.0127234  0.0188327 -0.0126997  3.24077e-05 -0.000828145  -0.00108737  0.92783 -1.10517 -9.70069 75.9641
-10.9023  2.35799 -1.85225 -1.88793 -8.53588 -5.55438  22.4844 -7.92005 -16.7404  1.04177 0.457068  4.92772 0.664023  3.19547 -1.29474    0.012047  0.0195365 -0.0135547  4.16408e-05 -0.000822495  -0.00106625 0.927791 -1.10518 -9.70072 76.0784
-12.7244  1.70218 -1.07985 -1.86331 -8.40578 -5.62948  21.9774 -6.88594 -17.7583 1.04646 0.47392 4.93427 0.616969  3.33509 -1.36088    0.011568  0.0202982 -0.0142307   4.8736e-05 -0.000821295     -0.00105 0.927763 -1.10518 -9.70075 76.2306
-12.4069 0.573385 0.407038 -1.89234 -8.30649 -5.64645  18.2579 -5.82807 -18.9472  1.05722 0.504771  4.92975 0.508389  3.34408  -1.3392  0.00941839   0.021505 -0.0152728  7.15021e-05 -0.000835207  -0.00105506 0.927696 -1.10507 -9.70073 76.3354
 -13.4066 0.0381785  0.526503 -1.94709 -8.07096 -5.64793  15.1786  -6.1424 -19.2181  1.09529 0.515729   4.9114 0.41819 3.44604 -1.2632  0.00742161    0.02178 -0.0156125  8.36948e-05 -0.000863345  -0.00113756  0.92768 -1.10485 -9.70053 76.5772
-12.7814 -2.12188  3.89601 -1.80149 -8.11074 -5.75592  11.6207 -4.40341 -21.8078 0.995657 0.562282   4.9547 0.281077  3.34638 -1.27181  0.00523349  0.0239064 -0.0177259  7.64381e-05 -0.000850327 -0.000974618 0.927693   -1.105 -9.70098 76.7628
-13.1969 -1.07889  3.12506 -1.84507 -7.90855 -5.77573  10.0297 -4.73135 -22.2047  1.01032 0.590503  4.95456 0.214353  3.42297 -1.18847  0.00368949   0.023344 -0.0177919  9.78693e-05 -0.000877905  -0.00104506 0.927644 -1.10483 -9.70081 76.9706
-12.0741 -1.98855  3.60085 -1.90146 -7.77732 -5.87021  7.42639 -3.72569 -22.5179  1.04603 0.564035  4.95364 0.0676706   3.43336  -1.21688  0.00187277  0.0244503 -0.0182332  0.000104443 -0.000854266 -0.000917317 0.927605 -1.10497 -9.70116 77.1419
 -11.3543 -0.296209   3.21324 -1.89381  -7.7433 -5.80938  6.55218 -4.26047 -22.9537  1.00064 0.713026  4.98302 0.0618126   3.37873  -1.06452  0.000541391   0.0240487  -0.0185442  0.000132383 -0.000902667  -0.00109742 0.927552 -1.10466 -9.70068 77.212
 -10.0691 -0.550429   4.48784 -1.89988 -7.65932 -5.81221   4.6488 -3.03801 -23.9958 0.992318 0.749122  4.95952 -0.0615179    3.32046   -1.01943  -0.000979892     0.025304   -0.0195621  0.000139608 -0.000913915  -0.00107545 0.927535 -1.10462 -9.70073 77.2962
-8.8807 1.74602 4.90196 -1.90569 -7.61633 -5.76496  3.74984 -2.96484 -24.7602 0.932986 0.864501  4.97478 -0.102489   3.23205 -0.905245  -0.00233552   0.0250503  -0.0202092   0.00019009 -0.000960341  -0.00118588 0.927401 -1.10437 -9.70046 77.3604
-7.5319 2.91651 4.25489 -1.63653 -7.48437  -5.7291  2.56182 -2.13143 -24.5219 0.713144 0.927231  4.97101 -0.0527336    3.17323  -0.815585  -0.0033817  0.0261141 -0.0201854 0.000202044 -0.00100524 -0.00128925 0.927411 -1.10417 -9.70024 77.6623
-6.23597  5.69699  4.89663 -1.82995 -7.33439 -5.70658   1.50524 -0.533372  -24.9939 0.823766 0.918624  4.88621 -0.268698   3.12837  -0.81188  -0.00447681   0.0266958  -0.0207188 0.000237905 -0.00100134  -0.0012455 0.927282 -1.10417  -9.7003 77.9081
-6.69074  9.00152   3.9871 -1.59837 -7.17744  -5.6756  2.33599 -0.44573 -24.4781 0.573707 0.954839  4.91831 -0.136418   3.13784 -0.743428  -0.0039935  0.0268892 -0.0206345 0.000303106 -0.00102188 -0.00143234 0.927119 -1.10397 -9.69983 78.1895
-6.70869  10.3291  4.30314 -1.56163 -7.00478 -5.67897  2.26015 0.163738 -24.4174 0.516998 0.939278  4.90543 -0.173445   3.14261 -0.741436  -0.00400476     0.02741  -0.0209447 0.000331021 -0.00103477 -0.00148553 0.927046 -1.10389 -9.69971 78.3661
-5.09004  12.6615   5.7254  -1.5988 -6.97764 -5.55376  2.04298 -1.75821 -25.8206 0.445041  1.03115  4.92606  -0.13018   3.00933 -0.552554  -0.00567799   0.0268741  -0.0219302 0.000388805 -0.00103175 -0.00168991 0.926907 -1.10371 -9.69915 78.4995
-5.53415  15.4965  7.18089 -1.88721 -7.10239 -5.47778  3.71769  -2.9329 -27.2277 0.585338  1.11489  4.88328 -0.274474   2.88442 -0.499211  -0.0056578  0.0254012 -0.0228379 0.000464736 -0.00095367 -0.00161678 0.926612 -1.10393 -9.69916 78.8228
-3.20603  15.2473  7.34654 -1.86568  -7.0145 -5.44684   1.6971 -4.09322 -27.2359 0.543784  1.18583  4.90379 -0.257796   2.75704 -0.379727  -0.00742615   0.0260803  -0.0227661  0.000449901 -0.000964459  -0.00167731 0.926703 -1.10386 -9.69904 78.9184
-1.13193  12.9842  7.21638 -1.69778 -6.63927 -5.67882 -1.36555 -3.03409 -26.7012 0.476062  1.03801  4.91334 -0.405509   2.74631 -0.553324  -0.00883133   0.0276729   -0.022518  0.00039898 -0.00100212 -0.00147817 0.926847 -1.10395 -9.69971 79.3904
0.427964  13.2715  8.62679 -1.78582 -6.65961 -5.61892 -1.86003  -4.8583 -27.7006 0.491081  1.13697  4.93942 -0.407848   2.54207 -0.436126   -0.010059  0.0270227 -0.0231939  0.000411736 -0.000988125  -0.00153516 0.926845 -1.10394 -9.69955 79.4988
2.46346 11.2774 9.03709 -1.63488 -6.33684 -5.80308 -4.34179 -4.99821 -27.7479 0.425227  1.00786  4.92824 -0.528998    2.4844 -0.608241  -0.0112712  0.0278223 -0.0233766 0.000348102 -0.00101658 -0.00137216 0.927006 -1.10401 -9.70009 79.8999
4.13851  10.075 10.4705  -1.6993 -6.28704 -5.84008 -5.73887 -6.00293 -28.8946 0.437668  1.03986  4.96819 -0.593864   2.26451 -0.577041  -0.0125026  0.0275284 -0.0240858 0.000352735 -0.00100589 -0.00134895 0.927016 -1.10407 -9.70018 79.9894
4.48839 7.96316 10.7505 -1.57081 -6.14566 -5.94153 -6.07642 -6.05719  -28.818 0.366008  1.00322   4.9405 -0.639177   2.19611 -0.688207  -0.0124963  0.0277161 -0.0243928  0.000290391 -0.000987274  -0.00121698 0.927158 -1.10424 -9.70052 80.2057
6.59016 3.21151 13.9947 -1.34066 -6.03089 -6.11777 -8.62459 -5.44631 -32.2047 0.22464 0.95468 4.98597 -0.671975   1.95645 -0.784615   -0.013921  0.0288261 -0.0269383  0.000199361 -0.000978502  -0.00107264 0.927431 -1.10442 -9.70098 80.5175
 7.27188 0.404915  14.7296 -1.31197 -5.91935 -6.16077 -9.37775 -6.24225 -32.9927 0.182551 0.929533  4.96548  -0.72124   1.76945 -0.799131  -0.0142865  0.0285368 -0.0275421  0.000184628 -0.000971793  -0.00103798 0.927469 -1.10447 -9.70108 80.6404
 8.47787 -2.63802   15.073 -1.37942 -5.87969 -6.22041 -10.6151 -6.30388 -33.4426  0.20376 0.947696  5.00111 -0.815912    1.5574 -0.802616  -0.0151411  0.0283923 -0.0278919  0.000187726 -0.000972159   -0.0010241  0.92748 -1.10449 -9.70116 80.7388
 8.93301 -6.30643  15.3488 -1.49817 -5.81743  -6.2334 -10.5265 -7.41865 -33.5247 0.256891 0.962182   5.0026 -0.929627   1.29291 -0.768744  -0.0153865  0.0276004 -0.0282094  0.000194001 -0.000980045  -0.00106801 0.927491 -1.10445 -9.70106 80.8735
 9.48102 -9.12166  14.9908 -1.63275 -5.81308 -6.26542 -11.4422 -6.84927 -33.4843 0.362026 0.996167  5.03782  -1.07947   1.10749 -0.752783  -0.0156691  0.0275799 -0.0281859   0.00016702 -0.000993983   -0.0011133 0.927612 -1.10442 -9.70099 81.0119
 10.3003 -12.9962  15.1836 -1.75815 -5.77284 -6.25798 -11.7575 -8.87584 -33.4059 0.414097  1.00151  5.00859  -1.18583  0.788422 -0.730908  -0.0160655  0.0264445 -0.0286078 0.000165343  -0.0010005  -0.0011467 0.927642  -1.1044 -9.70092 81.1438
 10.0954 -19.0922  17.7372 -2.21007 -5.51773 -6.19768 -14.2035 -5.63533  -36.621  1.00531 0.808374  5.00332  -1.64846  0.523405 -0.711098  -0.0156859  0.0285319 -0.0313242 -0.000151991  -0.00106022  -0.00158014 0.928698   -1.104 -9.69985 81.6662
 11.8719 -23.6531  16.8786 -2.22237 -5.32618 -6.18768 -15.5289 -7.17885 -36.0064 0.874657 0.747778  4.93221  -1.61927  0.328082 -0.747955  -0.0167489  0.0283549 -0.0315503 -9.31236e-05  -0.00111899  -0.00163746 0.928514 -1.10371  -9.6997 81.8585
 10.6693 -24.1671  17.0261 -2.43808 -5.32543  -6.2529 -14.0516 -7.19203 -35.8492 0.947096 0.720026  5.04558   -1.8091  0.205098 -0.699408  -0.0160375  0.0271562 -0.0316652 1.42525e-05 -0.00110742 -0.00174245 0.928209  -1.1038 -9.69948 82.0838
 11.3831 -27.4932  15.8885  -2.5782 -5.32237 -6.28595 -14.8011 -7.89617 -35.5188 0.956366 0.719744  5.03859  -1.91508 -0.069927 -0.724185  -0.0160875  0.0268677 -0.0314825 2.10267e-05  -0.0011089 -0.00175613 0.928199  -1.1038 -9.69946 82.2278
12.4027 -28.528 15.3553 -3.12945 -4.59206 -6.29965 -15.4238  -7.9304  -34.526  1.21754 0.140525  5.23276    -2.30282 -0.00383107   -0.616799  -0.0171999  0.0264943  -0.032258 0.000211777 -0.00111768 -0.00243533 0.927631 -1.10344 -9.69777 83.1429
 10.3096 -31.1861  16.1244 -3.25132 -4.72298 -6.29879 -15.5884 -7.70806 -35.9533  1.22996 0.114367  5.23073   -2.4362 -0.298386 -0.612755  -0.0153871  0.0260247 -0.0326493 0.000166749 -0.00101419 -0.00242184 0.927801 -1.10383 -9.69782 83.3218
 8.46403 -31.6419  16.8268 -3.32381 -4.72559 -6.37578 -14.5582 -6.58734 -35.5142  1.22311 0.128482   5.2738  -2.47363 -0.301195 -0.660662  -0.0143823  0.0255431 -0.0330944 0.000164973  -0.0010164  -0.0023918 0.927785 -1.10383 -9.69787 83.4276
 8.44483 -32.8398  16.3469 -3.50274 -4.75425 -6.40718  -15.188 -6.92708 -35.3317  1.22499 0.128284  5.26897  -2.56926  -0.51279 -0.687585  -0.0141727  0.0252737 -0.0329423 0.000171332 -0.00102026 -0.00241297 0.927768 -1.10382 -9.69783 83.6115
 7.59642 -31.2717  16.9891 -3.56853 -4.74657 -6.48468 -13.5864 -7.61106 -35.2884  1.22223 0.119822  5.32208  -2.55763  -0.51905 -0.708668  -0.0138437  0.0237386 -0.0331211 0.000162223 -0.00101438 -0.00240153 0.927778 -1.10381 -9.69783 83.7134
 7.62744 -30.8524  16.8266 -3.74759 -4.78389 -6.56631 -13.6111 -8.55481 -35.1869  1.22898 0.120312  5.34024  -2.59584 -0.678589 -0.761755  -0.0137362  0.0229807 -0.0329016 0.000156345 -0.00101036 -0.00237753   0.9278 -1.10381 -9.69789 83.9137
 7.19294 -29.4914  17.2728 -3.81255 -4.76123 -6.59939 -12.3501 -8.49305  -35.234   1.21177 0.0935264    5.3874  -2.60139 -0.694365 -0.751453  -0.0136591  0.0219188 -0.0329458 0.000164989 -0.00101163 -0.00243697 0.927744  -1.1038 -9.69773 83.9901
  7.0707 -27.9737  17.3101 -4.00684  -4.8134 -6.66676 -12.7115 -8.59792 -35.2488   1.22053 0.0931341   5.38688  -2.64833 -0.852452 -0.802988  -0.0135891  0.0216691 -0.0326368 0.000166409  -0.0010096 -0.00241628 0.927748  -1.1038 -9.69778 84.2022
  9.3353 -21.9691  17.4271 -4.84718  -4.6613 -7.12394 -11.7516 -13.6293 -34.0124    1.52954 0.00170545    5.43559  -2.92992 -0.907234  -1.11913  -0.0157686  0.0180845 -0.0328817 0.000505053 -0.00109759 -0.00200458 0.926697 -1.10363 -9.69894 85.1709
  8.1293 -18.2757  18.3738 -4.83089 -4.75896 -7.10772 -11.9456 -12.1402 -34.3839   1.38649 0.0163766   5.48598 -2.80038  -1.0417  -1.0176  -0.0150054  0.0186758 -0.0326544 0.000469662 -0.00106943 -0.00213766 0.926778 -1.10372 -9.69859 85.2712
 5.95587 -12.2108  17.0881 -4.65069 -4.46189 -7.14693 -7.16011 -13.1839  -33.365  0.804343 -0.290229   5.84226   -2.4083  -0.62239 -0.735002  -0.0137744  0.0161985 -0.0306319   0.00088841 -0.000879517  -0.00231074 0.925483 -1.10435 -9.69819 85.6209
 5.52023 -6.19794   17.885 -4.74928 -4.47437 -7.19371 -6.65655 -12.9608 -33.6919  0.733838 -0.316374   5.89368  -2.31505 -0.687801 -0.689091  -0.0135318  0.0158609 -0.0304461  0.000907586 -0.000861708  -0.00234549 0.925411  -1.1044 -9.69809 85.7307
 6.21164 -3.08114  17.8258  -4.8848 -4.51347 -7.19885 -7.31568 -13.4117 -33.1034   0.76368 -0.321139   5.85027  -2.34781 -0.794221  -0.70194  -0.0141003    0.01556 -0.0301163 0.000932088 -0.00085785 -0.00232901 0.925358 -1.10443 -9.69816 85.8718
6.13948  1.9115 18.4235 -5.01886 -4.55199 -7.27232 -6.19392 -13.7697 -33.7279  0.768257 -0.322092   5.88135  -2.26891 -0.873411 -0.690501  -0.0140376  0.0151462 -0.0299565   0.00092216 -0.000857876  -0.00231464 0.925379 -1.10442 -9.69819 86.0295
6.89359 5.64715 18.2958  -5.2876 -4.57652 -7.21571  -6.1183 -15.2265 -33.1667  0.812797 -0.366898   5.75253  -2.39115 -0.994482 -0.694334   -0.014528  0.0138541 -0.0295886   0.00103872 -0.000875378  -0.00231121 0.925027 -1.10443 -9.69823 86.3052
6.85613 8.50939 18.7969 -5.37619 -4.62146 -7.29638 -5.14518 -15.8351 -33.8949 0.807356  -0.3584  5.81523  -2.26514  -1.05714 -0.664949  -0.0143613  0.0135308 -0.0295626 0.00100758 -0.0008759 -0.0023094 0.925106 -1.10441 -9.69822 86.4332
7.48166 10.9473  18.552 -5.37368 -4.71359 -7.36041 -4.79358 -17.0608 -33.5555  0.744156 -0.274665   5.91653  -2.02905  -1.13191 -0.602352  -0.0148249  0.0131263 -0.0291647  0.000979937 -0.000898848  -0.00235181 0.925154 -1.10434 -9.69811 86.5454
6.91798 12.1922 18.6394 -5.44607 -4.68615 -7.36649 -4.01717 -15.5868 -33.8947 0.67951 -0.2844 5.97771  -1.89043  -1.15009 -0.542495  -0.0145263  0.0137384 -0.0290075  0.000974038 -0.000953839  -0.00247826 0.925064 -1.10418 -9.69771 86.6231
  7.246 16.1192  18.496 -5.49588 -4.73648 -7.44932 -3.72785 -18.4691 -33.7022  0.670945 -0.270244   6.05136  -1.75353  -1.24316 -0.539718  -0.0150189  0.0127377 -0.0285763  0.000959259 -0.000943913  -0.00245814 0.925132 -1.10416 -9.69777 86.732
7.35478 17.8436 18.6612 -5.51543 -4.79181 -7.47548 -3.39477 -17.2078 -33.8155  0.620113 -0.244478   6.09967  -1.61137  -1.30411 -0.490323  -0.0150931  0.0131856 -0.0284469   0.00093375 -0.000959326   -0.0025007 0.925188 -1.10411 -9.69763 86.7963
8.15628  21.607 17.1214 -5.47132 -4.71955 -7.46805 -2.64622 -20.1635 -31.8439 0.412599 -0.17015  6.23791  -1.19508  -1.27202 -0.357222  -0.0157537  0.0121736 -0.0268586 0.000964511 -0.00108825  -0.0026709  0.92498 -1.10368 -9.69709 86.8813
7.21475 22.0722 16.9277 -5.54275  -4.7257 -7.47886 -1.61857 -18.2416 -31.6802  0.410722 -0.203191   6.22298  -1.18478  -1.29344 -0.367634  -0.0149524  0.0128529 -0.0266351 0.000966814 -0.00109224  -0.0026609 0.924945 -1.10368 -9.69708 86.9538
7.18533 24.3665  16.801 -5.52919 -4.79852 -7.40465 -0.79847 -20.6996 -31.7969  0.314928 -0.208087   6.27991  -0.86687  -1.36978 -0.212511  -0.0150781  0.0121853 -0.0263572 0.000932887 -0.00108987 -0.00284208  0.92507 -1.10365 -9.69661 87.0586
6.30727 23.8908 16.8934 -5.57713 -4.85316 -7.44811 -0.203429  -18.3134  -31.8174   0.32763 -0.205149   6.28317 -0.858001  -1.40699 -0.181286  -0.0144374  0.0130499 -0.0263685 0.000934927 -0.00109245 -0.00279481 0.925047 -1.10367 -9.69672 87.1433
5.94945 24.9856 16.2522 -5.61182  -4.9012 -7.35874 0.626214 -20.9124 -31.5789  0.295183 -0.219037   6.28823  -0.620843    -1.4637 -0.0616212  -0.0142991  0.0123948 -0.0257964 0.000912513 -0.00112009 -0.00295097 0.925099 -1.10357 -9.69631 87.2506
6.41278 23.3887 15.1679 -5.63735 -4.75029 -7.53388 -0.368324  -19.2385  -30.3035   0.30733 -0.286214   6.33944 -0.692945  -1.43943 -0.191784  -0.0147133  0.0132725 -0.0249543 0.000902044 -0.00113094 -0.00274968 0.925079 -1.10341 -9.69672 87.4832
6.03927 24.1391 14.9341 -5.66485 -4.87119 -7.42504 0.569834 -20.4072 -30.5915  0.273789 -0.269458   6.32302  -0.526031   -1.53403 -0.0907939  -0.0144458   0.012428 -0.0247112 0.000905062  -0.0011536 -0.00291763 0.925091  -1.1034 -9.69632 87.6481
5.31553 24.0136 14.9779  -5.6917 -4.94113 -7.49209 0.772038 -19.9276 -30.5701  0.290939 -0.260806   6.32363 -0.533309  -1.59148  -0.14169  -0.0138637  0.0123118  -0.024652 0.000901966 -0.00114502 -0.00280044 0.925071  -1.1034 -9.69661 87.7487
4.67249 24.2318 14.4408 -5.72376  -4.9596  -7.4336  1.91864 -20.6055 -30.4672 0.267252 -0.29459  6.32408  -0.388361   -1.60433 -0.0627616  -0.0133736  0.0117021 -0.0241784 0.000900546 -0.00117025 -0.00290073 0.925072 -1.10334 -9.69634 87.8179
5.00903 23.5023 14.4796 -5.72747 -4.99616 -7.52193   1.5667 -21.4823 -30.4139  0.27792 -0.30181  6.33057 -0.348094  -1.66814  -0.12367  -0.0134734  0.0114236 -0.0241196 0.000876727 -0.00116009  -0.0027517 0.925098 -1.10327 -9.69669 87.9136
5.10774 22.7154 13.8646 -5.80457 -4.99953 -7.34895  2.36405 -22.9357 -30.2882  0.268861 -0.358247   6.30839 -0.142397  -1.68597 0.0299689  -0.0135928   0.010526  -0.023703 0.000909154 -0.00122473 -0.00304726 0.924998 -1.10319 -9.69592 88.103
6.38592 18.2559 11.6368 -5.72249 -4.60195 -7.55829 -0.435554  -23.2584   -27.602  0.206015 -0.491466   6.37087 -0.0547925   -1.59561 -0.0973608  -0.0150708  0.0111848 -0.0222483 0.000771231 -0.00130217 -0.00274377 0.925217 -1.10254 -9.69646 88.5597
6.38017  15.917 12.5182 -5.80171 -4.77136 -7.45691  0.36752 -24.1964 -29.0236  0.251955 -0.490809   6.34881  0.0288845    -1.7414 0.00124001  -0.0149833  0.0105936 -0.0229588 0.000826987 -0.00130562 -0.00293539 0.925081 -1.10268 -9.69601 88.7725
5.88646 11.9082 11.5885  -5.7632 -4.88157 -7.44645 0.906053 -24.9997 -28.8861  0.236949 -0.482908   6.31929  0.184566  -1.81595 0.0217515  -0.0146092  0.0100142 -0.0226393 0.000805182 -0.00130169 -0.00288562 0.925135 -1.10265 -9.69614 88.8897
 5.3934 10.0904 10.9309 -5.74176 -4.94421 -7.44136  1.48009   -24.82 -29.1024  0.227892 -0.474009   6.30859  0.262652  -1.84447 0.0272172  -0.0141575 0.00932192 -0.0223393 0.000796911 -0.00130715 -0.00286036  0.92515 -1.10263 -9.69621 88.9561
5.29411 5.98451 9.99342 -5.69515 -5.06633 -7.38181  2.60869 -26.6648 -28.8162 0.218743 -0.46575  6.25514  0.429076   -1.9144 0.0398442  -0.0140894 0.00835853 -0.0220996 0.000783748 -0.00131372  -0.0028699 0.925179 -1.10259 -9.69618 89.0997
2.63318 3.40197 11.5759 -5.76548 -5.05839 -7.43516   5.4731 -25.3598  -31.182 0.265822 -0.54469  6.33542  0.387243  -1.89585 0.0299527  -0.0117152 0.00848804  -0.023319 0.000779681 -0.00131867  -0.0028734 0.925174 -1.10262 -9.69619 89.1883
 2.4555 1.21083 11.2859 -5.70479 -5.20127 -7.42415  6.34372 -25.7852  -31.247  0.251431 -0.531533   6.30731   0.533045   -1.93675 -0.0149893  -0.0117865 0.00754443 -0.0231368 0.000763553 -0.00131122 -0.00283204 0.925215 -1.10261 -9.69631 89.344
-3.16053 -1.63599  15.6635 -5.88879 -5.00914 -7.27004  10.6888  -21.012 -37.1055 0.516492 -1.26797  6.37937 0.315629 -1.83994 0.211065  -0.00727091   0.0089557  -0.0254355  0.000662208 -0.000904264   -0.0034118  0.92616 -1.10363  -9.6949 89.6514
-3.04785  -2.7172  16.6188 -5.86046 -5.08788 -7.21637  10.1615 -21.7733 -37.4039 0.507561 -1.32812  6.35217 0.440159 -1.84472 0.206982  -0.00743534  0.00827582  -0.0258941  0.000662028 -0.000892463  -0.00345225 0.926174 -1.10364 -9.69477 89.7508
-0.557455  -3.61493   15.4299 -6.09709  -4.5421 -7.35579   8.5248 -22.7115 -36.1365 0.592092 -1.57201  6.56569 0.372955 -1.71452 0.167744  -0.00929604  0.00821295  -0.0256179  0.00060663 -0.00109047 -0.00342976 0.925987 -1.10302 -9.69468 90.3618
 0.25623 -4.36614  15.1823 -6.06411 -4.43797 -7.35636  7.72869 -23.5335 -36.1165 0.529971 -1.62289  6.50535  0.568027  -1.64124 0.0942197  -0.00986761  0.00757291  -0.0255931 0.000563889  -0.0011876 -0.00320503 0.925858 -1.10263 -9.69517 90.471
-1.66911 -4.03512  15.5607 -6.02231 -4.48397 -7.33075     9.37 -22.5955 -36.9605 0.512307 -1.64647  6.53291 0.654202 -1.61198  0.14695  -0.00842045  0.00692655  -0.0258066 0.000587291 -0.00116888 -0.00330376 0.925894 -1.10273 -9.69495 90.5382
-1.24838 -4.49079  15.8308 -5.96044  -4.5886 -7.34538  8.82166 -24.0704 -36.8958 0.499398 -1.65704   6.5065 0.847749 -1.60826 0.109627  -0.00875886  0.00629424  -0.0259289 0.000566783 -0.00115449 -0.00319541 0.925902 -1.10271 -9.69524 90.6607
-2.52898 -3.95286  15.8356 -5.89491 -4.61147 -7.31865  10.2746  -24.109 -38.0061 0.480449  -1.6641  6.52699 0.960083 -1.57409 0.153941  -0.00777431  0.00536488  -0.0259648 0.000557667 -0.00116374 -0.00326946 0.925981 -1.10271 -9.69508 90.7351
-2.89842 -5.59009  15.5365    -5.79 -4.71369 -7.33088  9.72529 -24.7486 -37.8807 0.456968 -1.66647  6.50053  1.16989 -1.54747 0.110283  -0.00754391  0.00517164  -0.0256498 0.000534134 -0.00115046 -0.00315875 0.926018 -1.10268 -9.69538 90.882
-4.28313 -5.38018  15.4944 -5.73535 -4.74765 -7.34132   11.207 -25.0048   -38.56 0.446558 -1.66497  6.50507   1.27588  -1.49583 0.0982594  -0.00653906  0.00426325  -0.0256235 0.000519376 -0.00115284 -0.00311634 0.926052 -1.10266 -9.69552 90.9472
-4.50153 -7.07175   15.122 -5.59532 -4.84533 -7.34717  10.5622 -25.9941 -38.3843 0.418612 -1.66489  6.47972   1.51417  -1.45844 0.0595636  -0.00636911  0.00374106  -0.0252721 0.000497524  -0.0011393 -0.00303535 0.926099 -1.10264 -9.69575 91.1181
-5.84415 -6.62591   15.199 -5.53402 -4.86638 -7.35469  12.1563  -26.181 -39.2926  0.40943 -1.67091  6.49343  1.61991 -1.39461 0.051729  -0.00535923  0.00264541   -0.025355 0.000485041 -0.00114517 -0.00302122 0.926135 -1.10263 -9.69581 91.1833
-6.03031  -8.2362  14.8348 -5.38551 -4.96077  -7.3652  11.4933 -26.8576 -39.0418 0.390765 -1.67095  6.47871     1.86561    -1.34101 -0.00092911  -0.00521721   0.0022006  -0.0249982 0.000475323 -0.00113475 -0.00296301 0.926154 -1.10262 -9.69597 91.3596
-7.33258 -7.98592  14.9356 -5.31918 -4.96954 -7.36477  12.9739 -26.7107 -39.9129  0.38465 -1.68232  6.49669    1.96494   -1.26653 0.00493653  -0.00422327  0.00144239  -0.0251015  0.00046474 -0.00114586  -0.0029777  0.92619  -1.1026 -9.69596 91.4265
-7.37227 -9.25726  14.5812 -5.14501  -5.0547 -7.38764  12.3241 -27.0791  -39.577 0.362231 -1.68415  6.48276     2.2251   -1.19515 -0.0608659  -0.00416652  0.00124284  -0.0248228 0.000459993 -0.00113429 -0.00290127 0.926196  -1.1026 -9.69616 91.6217
-8.49285 -9.16482  14.6691 -5.08246 -5.04802 -7.35921  13.5109 -26.6541 -40.3344 0.372054 -1.70239  6.50025    2.29589   -1.11256 -0.0229949  -0.00327597 0.000801115  -0.0249335 0.000443194 -0.00115436 -0.00298094 0.926254 -1.10257 -9.69598 91.6907
-8.48085 -10.3843  14.6375 -4.89761 -5.12813 -7.38933  12.3978 -26.6909 -39.5921 0.355263 -1.70533  6.49204   2.54295  -1.03844 -0.109007  -0.00331005 0.000926363  -0.0247762  0.00044874 -0.00114184 -0.00290945 0.926237 -1.10258 -9.69616 91.8945
-9.46246 -10.4723  14.7769 -4.82939 -5.10987 -7.33714  13.2445 -25.7697 -40.2786 0.378055 -1.72255  6.50373    2.58082  -0.952037 -0.0534117  -0.00255359 0.000834336   -0.024835 0.000413041 -0.00116967 -0.00302851 0.926344 -1.10251 -9.69588 91.9823
-9.56674 -11.1273  15.1255 -4.63737 -5.18234 -7.39135  12.4004 -25.6094 -39.6659 0.360333 -1.72737  6.49497   2.82172 -0.861589 -0.163991  -0.00257106   0.0012331  -0.0248037 0.000433347 -0.00115723 -0.00291345 0.926284 -1.10253 -9.69617 92.1945
-10.0264  -11.581  15.1817 -4.53588 -5.16411 -7.28403  12.6985 -24.4237 -40.1294   0.3914 -1.71375  6.49992    2.83414  -0.797501 -0.0470883  -0.00219096  0.00162962  -0.0248039 0.000359683 -0.00120298 -0.00312471  0.92649 -1.10239 -9.69566 92.3434
-9.92021 -11.1389   15.475 -4.36111 -5.22345 -7.32803  11.9007  -23.747 -39.7936 0.391829 -1.72157  6.49582    3.0279 -0.693894 -0.145407  -0.00218581  0.00192637  -0.0248426  0.00038972 -0.00119976 -0.00304311 0.926402 -1.10241 -9.69586 92.5331
-11.2956 -9.59093  16.2954 -4.41168  -5.2971 -7.45771  13.6511 -24.3953  -41.614 0.434158 -1.73248  6.52262   3.08727 -0.635688 -0.285571  -0.00100751  0.00141985   -0.025392 0.000477805 -0.00118598 -0.00288996 0.926127 -1.10251 -9.69621 92.6906
-10.8058 -8.33061   16.503 -4.15086 -5.31312 -7.42779  13.2068 -22.6134 -41.2992 0.418397 -1.72847  6.50378   3.25933  -0.50553 -0.299555  -0.00123224  0.00231007  -0.0255832 0.000449005 -0.00120042 -0.00293702 0.926211 -1.10244 -9.69611 92.9536
-11.5725 -8.56564  17.3904 -4.07109 -5.31652 -7.41029  13.0461 -20.5199 -41.4835 0.429321 -1.72073   6.4939   3.26534 -0.429743 -0.293292  -0.000560041   0.00364992   -0.0260482 0.000438636 -0.00122425 -0.00296003 0.926228 -1.10236 -9.69606 93.0353
-10.9876 -5.25909  16.9806 -3.85139 -5.35849  -7.4205  11.6603 -20.2551  -40.864 0.434549 -1.71497  6.48168   3.40833 -0.339366 -0.323056  -0.000819588    0.0039687   -0.0260526 0.000446171 -0.00121857 -0.00296478 0.926213 -1.10238 -9.69604 93.2592
-11.7167 -4.45693  17.3407 -3.72769 -5.33725 -7.40266  11.8194 -19.4606 -40.7848 0.420729 -1.71666  6.47197   3.46108 -0.261486 -0.313753  -0.000141679   0.00486702   -0.0263496 0.000432638 -0.00123757 -0.00298658 0.926241 -1.10231   -9.696 93.386
 -11.4486 -0.436028   16.3423 -3.40814 -5.32218 -7.38164  11.2546 -18.2554 -40.3563 0.380401 -1.71437  6.45694   3.61246 -0.132618 -0.306415  -6.58907e-05   0.00531429   -0.0261873 0.000399843  -0.0012428 -0.00302107  0.92634 -1.10227 -9.69593 93.7066
-10.4074  1.24268  16.4902 -3.37802 -5.32329 -7.38804  9.92379 -18.2673 -40.1175 0.415771 -1.72477  6.43355    3.60614 -0.0772204  -0.334952  -0.000741257   0.00580978   -0.0264292 0.000429447 -0.00124885 -0.00299222  0.92625 -1.10227 -9.69598 93.7374
-9.94933  4.78297  14.8684 -2.99652 -5.36391 -7.38432  8.56538 -18.2259 -38.4109  0.36851 -1.68601  6.45404     3.8373 -0.0478739  -0.318605  -0.00104895  0.00605844  -0.0258019 0.000384979 -0.00122684 -0.00305788 0.926397  -1.1023 -9.69582 94.1211
-10.1779   6.3126  14.6441 -2.85682 -5.35054 -7.38801  9.00358 -17.7812 -38.3867 0.356394 -1.68778  6.45295   3.90639 0.0117863 -0.320212  -0.000855082   0.00617272    -0.025772 0.000380976 -0.00123418 -0.00306675 0.926404 -1.10228 -9.69581 94.2615
-9.42534  8.82104  13.7258 -2.52022 -5.36635 -7.38933  8.02187 -17.7324 -37.0047 0.330229 -1.66378  6.46758    4.0964 0.0618514 -0.305377  -0.00137779  0.00657024    -0.02545  0.00035364 -0.00122403 -0.00311663 0.926488 -1.10229 -9.69569 94.5985
-9.42214  9.80775  13.4515 -2.32675 -5.26966 -7.33894  8.55867 -17.1887 -36.4877 0.259475 -1.65222  6.48999    4.2287   0.13643 -0.228365  -0.0012744  0.0068764 -0.0252035 0.000335703 -0.00128214 -0.00324681 0.926483 -1.10212 -9.69541 94.8205
-9.39507  11.7538   12.872 -1.97531 -5.26897 -7.31011  8.21181 -16.5849 -35.5164 0.213255 -1.61876  6.51171   4.42106  0.187672 -0.186733  -0.00131472  0.00750573  -0.0249788  0.00030724 -0.00128124 -0.00336181 0.926562  -1.1021 -9.69513 95.1732
-9.89628  11.8563  13.8336 -1.83678 -5.23473  -7.2963  8.43921 -14.9444 -35.5935 0.212184 -1.62262  6.50409    4.4328  0.260164 -0.177329  -0.000980696   0.00864189   -0.0255164 0.000300055 -0.00129759 -0.00338819 0.926573 -1.10204 -9.69508 95.3165
-10.2638  13.6428  12.9002 -1.51088 -5.16378  -7.2168  8.87575 -14.6339 -34.7563 0.157026 -1.61459  6.53749    4.62179   0.335087 -0.0617633  -0.00084479  0.00895459  -0.0249799  0.00024308 -0.00130502 -0.00362703 0.926721 -1.10195 -9.69452 95.6594
-11.7227  13.9752  10.7188 -1.14623 -5.45548 -7.12583  9.86044 -12.9254 -32.6565 0.0875413  -1.42904   6.58229   4.86228  0.220012 0.0274873  1.46749e-05  0.00982581  -0.0241721 0.000260335 -0.00121966 -0.00395475 0.926763 -1.10217 -9.69365 96.1352
-9.08573  15.6722  11.3406 -0.862449  -5.18525  -7.02141  7.84115 -13.6027 -33.0042 -0.0195784   -1.40475    6.61724  5.00819 0.296039 0.180144  -0.0019613  0.0103826  -0.024045 0.000216283 -0.00139072 -0.00410336 0.926781 -1.10168 -9.69337 96.5407
-8.27573  17.3004  10.5475 -0.539318  -5.16378  -6.97807   7.5425 -14.5686 -32.5692 -0.0823689   -1.33358    6.65801  5.18398 0.287395 0.237584  -0.00264215   0.0106135  -0.0235612 0.000208597 -0.00144448 -0.00420431 0.926784 -1.10154 -9.69314 96.8674
-7.99556  18.3172  10.3134 -0.200824  -5.17604  -6.86981  6.88954 -14.3562 -31.9552 -0.153145  -1.22252    6.6943  5.36789 0.245975 0.358101  -0.0029348  0.0111123  -0.023347 0.000189526 -0.00150046 -0.00442799  0.92684 -1.10135 -9.69261 97.223
-6.68502   19.302  10.2382 0.0892688  -5.20836  -6.80908  6.26851 -14.8429  -31.793 -0.16971   -1.155   6.7181  5.48173 0.213362 0.424841  -0.00402675   0.0111578   -0.023265 0.000186761 -0.00151875  -0.0045258 0.926855  -1.1013 -9.69236 97.5212
-5.78658  19.6319  11.0936 0.291396 -5.12673   -6.637  5.60876 -15.2504 -32.0934 -0.162879  -1.08826   6.73338  5.57937 0.178011 0.611779  -0.00464801   0.0114516  -0.0233239 0.000132712 -0.00162215 -0.00478834 0.926977 -1.10094 -9.69177 97.7989
-4.78985  19.4613  10.7093 0.585428 -5.18842 -6.59164  5.01329 -15.5576 -31.8527 -0.152588  -1.04104   6.75528  5.65807 0.135553 0.653101  -0.00539048   0.0118362  -0.0230555 0.000127353 -0.00160818 -0.00483688 0.927016 -1.10098 -9.69164 98.1027
-4.95873  18.9285   11.008 0.835514 -5.21852 -6.51125  5.05991 -14.9633 -31.7069 -0.13289 -1.01192  6.75996   5.7017 0.111689 0.711425  -0.00517351   0.0122541   -0.023178 0.000117534 -0.00160559 -0.00493538 0.927068 -1.10095  -9.6914 98.3671
-3.86556  17.1803  10.8838  1.24675 -5.12413 -6.62234   3.1838 -14.5523 -31.4349 -0.19991 -1.06671  6.78306  5.72604 0.129966 0.618726  -0.00597896   0.0132864  -0.0228596  0.00011014 -0.00161613 -0.00468613 0.927042 -1.10097 -9.69203 98.8034
-3.62142  16.3481  11.7505  1.40854 -5.16769 -6.48661  3.11139 -14.4502  -31.798 -0.130982    -1.027   6.79047   5.72712 0.0573183  0.732293  -0.00612176   0.0135051  -0.0231843  0.00010089 -0.00161791 -0.00485916 0.927108 -1.10091  -9.6916 99.0191
-3.81024  12.0675  9.66154   2.2561 -5.05315 -6.78871  1.05802 -12.0732 -29.3109 -0.34636 -1.08565  6.83118  5.88921 0.165079 0.509139  -0.00546029   0.0157935   -0.021854 -2.60294e-05  -0.00160401  -0.00443479 0.927412 -1.10097 -9.69268 99.9261
-3.19886  10.8785  10.8626  2.37748 -5.09187  -6.6706  1.36911 -12.0277 -30.0513 -0.255887   -1.0547   6.85274   5.81294 0.0848749    0.6342  -0.00560988   0.0158853  -0.0223483 -1.56809e-05   -0.0016149  -0.00457689 0.927418  -1.1009 -9.69234 100.1
-3.63473   7.2552  8.64222 2.97267 -5.0279 -6.7847 0.924342 -10.3205  -27.261 -0.381399  -1.08231   6.83897  5.91855 0.199035 0.527649  -0.00426595   0.0174042  -0.0208453 -6.41811e-05  -0.00161482  -0.00440053 0.927511 -1.10092 -9.69279 100.709
-2.69091  5.55437  9.10372  3.19856 -5.03226 -6.72677   1.6678 -10.1056  -27.351 -0.338345  -1.07487   6.85527   5.8491 0.175989 0.592434  -0.00393683   0.0174834  -0.0209055 -5.30182e-05  -0.00162383  -0.00445807 0.927497 -1.10088 -9.69266 100.942
-3.02013  2.50439  9.06969  3.41679 -5.04039 -6.72466  2.91645 -7.66453 -27.0925 -0.304215  -1.07968   6.90322  5.73654 0.192445 0.625525  -0.00257184   0.0185199  -0.0207218 -4.74412e-05  -0.00162707  -0.00449109 0.927503 -1.10083  -9.6926 101.161
 -0.342887 -0.0352936    7.02885  3.86543 -4.73953 -6.66194  2.48647 -7.18863 -24.6109 -0.394094  -1.18794   6.81427  5.83003 0.325844 0.614814  -0.00254286   0.0187795  -0.0190408 -9.86151e-05  -0.00173401  -0.00447548 0.927555 -1.10052 -9.69271 101.705
 1.55598 -4.01795  5.48422  4.11648  -4.6882 -6.71861   1.7651 -5.27005 -22.1608 -0.37909 -1.23548  6.89611  5.73229 0.353661 0.578611  -0.00234692   0.0201002  -0.0180104 -8.25713e-05  -0.00171737  -0.00443673 0.927528 -1.10056 -9.69284 101.967
 3.89947 -5.82706   5.6321  4.42098 -4.66959 -6.69174  1.91049 -4.90414 -22.2378 -0.37985 -1.23703  6.89895  5.64835 0.340748 0.551338  -0.00257056   0.0201639  -0.0180451 -8.14249e-05   -0.0017169  -0.00443512 0.927525 -1.10056 -9.69284 102.273
 5.61401 -9.22356  4.60817  4.69967 -4.59855 -6.68624  1.46928 -4.37064 -20.7047 -0.391056  -1.26906   6.90685  5.60707 0.377099 0.511954  -0.0024313  0.0215864 -0.0175235 -8.43041e-05  -0.00172949   -0.0044257 0.927526 -1.10051 -9.69288 102.561
 7.09254 -10.4562  3.88009  5.03916 -4.53999 -6.65317   2.8092 -3.89538 -20.1312 -0.411678  -1.29089   6.86776  5.55653 0.464758 0.462501  -0.0019759  0.0214859 -0.0171751 -9.12573e-05  -0.00174276  -0.00444397 0.927532 -1.10047 -9.69283 102.907
 7.54714 -13.5678  3.06842  5.29614 -4.51445 -6.66066  3.24804  -2.8254 -19.1969 -0.410197   -1.2995   6.88553  5.47649 0.515985 0.411263  -0.000990018    0.0229429   -0.0169209 -8.83938e-05   -0.0017439  -0.00444329  0.92753 -1.10046 -9.69284 103.165
 8.53813 -14.4095   2.8546  5.54074 -4.47479 -6.63041  3.75823  -2.0644 -19.4575 -0.389866  -1.30285   6.90552  5.31995 0.516742 0.393519  -0.000383616    0.0230253   -0.0168495 -8.11127e-05  -0.00175493  -0.00447118 0.927517 -1.10041  -9.6928 103.415
 9.03131 -16.9538    2.464  5.75425 -4.45051 -6.62519  3.49042 -1.05412 -19.0961 -0.374447   -1.3056    6.9292  5.16968 0.544159 0.352151  0.000350732    0.024599  -0.0168794 -7.65527e-05  -0.00175947  -0.00446953 0.927507 -1.10038 -9.69281 103.63
 10.3087 -17.0552  2.13865  5.99315  -4.4154 -6.60009    3.9063 -0.320354  -19.1668 -0.358459  -1.30592   6.94228  5.00821 0.581295 0.318591  0.000593949   0.0248257  -0.0166792 -7.16721e-05  -0.00176792  -0.00448896 0.927494 -1.10035 -9.69278 103.873
 11.7099 -18.6886  2.53442  6.23428 -4.43246 -6.58632   2.40869 -0.295274   -17.918 -0.351326  -1.27959   6.95817  4.88909 0.577325 0.279445  0.00031871  0.0259866  -0.017096 -6.74297e-05  -0.00175221  -0.00446495 0.927482 -1.10041 -9.69285 104.115
  12.0901  -19.0537 0.0508439  6.53935 -4.37719 -6.64307  3.65907  2.08497 -16.9036 -0.372983  -1.31958   6.95512  4.82799 0.825494 0.149884  0.00136678  0.0266678 -0.0158853 -5.83223e-05  -0.00171952  -0.00443503 0.927508 -1.10047 -9.69287 104.43
  12.1058  -21.4674 0.0545486  6.80253 -4.36599 -6.66814  3.59865  2.52206 -16.5435 -0.38489 -1.30958  6.96198   4.71223  0.931761 0.0628783  0.00176929   0.028483 -0.0162869 -6.64548e-05  -0.00169995  -0.00441855  0.92755 -1.10052 -9.69289 104.695
  12.9331   -22.247 -0.434355  6.92188 -4.32883 -6.68181  2.40594  4.90462 -17.3176 -0.329646  -1.30095   7.01692   4.37342  0.908736 0.0252401  0.00148077   0.029418 -0.0159762 -5.19589e-05  -0.00173131  -0.00440338 0.927449 -1.10043 -9.69302 104.82
 12.1329 -24.6367 0.770545  6.99642 -4.22623 -6.65873  1.27571  5.34039 -18.3259 -0.283414   -1.3326   7.03803    4.05719   0.901182 0.00222068  0.00167493  0.0311621 -0.0169211 -5.65135e-05  -0.00178294  -0.00443842 0.927401 -1.10027 -9.69302 104.949
    12.788   -25.6871 -0.0193306  7.13599 -4.26842 -6.60296 -0.00186897     7.30883    -18.3105 -0.210721  -1.25912   7.05107   3.71265  0.820058 -0.018264  0.00133045   0.031945  -0.016375 -7.87272e-05  -0.00181344  -0.00448428 0.927376  -1.1002 -9.69301 105.105
11.9352 -28.044 1.61405  7.21001 -4.19192 -6.56253 -1.37495  7.32808  -19.468 -0.180562  -1.27533   7.04823    3.37855   0.806054 -0.0744535  0.00107834  0.0334286 -0.0175003 -8.78863e-05  -0.00185879  -0.00453149 0.927342 -1.10006 -9.69297 105.219
 12.1364 -29.0177   2.0593  7.28927 -4.16819 -6.49967 -2.77576  8.92851  -20.507 -0.143362    -1.249   7.04303  2.98276 0.736934 -0.13267  0.00024112  0.0340637 -0.0176069 -8.67227e-05  -0.00190608  -0.00460361  0.92725 -1.09995 -9.69291 105.323
 11.1892 -30.8254  4.11824  7.31084  -4.1195 -6.42753 -4.45457  9.32045 -21.9367 -0.121768  -1.24297    7.0304   2.57643  0.646585 -0.173325  -0.000390857    0.0352516   -0.0187535 -7.72198e-05  -0.00196792  -0.00469642 0.927125 -1.09979  -9.6928 105.413
 10.5859 -31.6973  4.59324  7.38038 -4.20456 -6.31984 -5.81942  10.3709 -23.0078 -0.0978053   -1.15405    7.01123  2.15713 0.471455 -0.22635  -0.00102302    0.035836  -0.0188457 -6.93929e-05  -0.00199727  -0.00482585  0.92696 -1.09978 -9.69264 105.567
 8.79564 -33.0602  6.85736  7.39971 -4.14666 -6.30183 -7.09222  11.4524 -24.9655 -0.104681  -1.16797     6.988   1.79868  0.458528 -0.355213  -0.0015895  0.0367861  -0.020131 -6.54971e-05  -0.00203841   -0.0048733 0.926926 -1.09965 -9.69257 105.63
 8.02379 -33.3802  7.60972  7.38667 -4.01573 -6.07025 -9.67269  11.9148 -26.2107 -0.120694  -1.24046   6.91186  1.34695 0.273776 -0.34038  -0.00291824   0.0372521   -0.020367 -4.47717e-05  -0.00209307  -0.00517285 0.926735 -1.09953 -9.69203 105.897
 4.56413 -35.1122  9.79359  7.59403 -4.26584 -6.15581 -11.1711  13.3632 -27.5781 -0.181316  -1.11015   6.88981   1.15515  0.221852 -0.571332  -0.00277477   0.0384426  -0.0215084 -6.71051e-05  -0.00196158  -0.00500134 0.926906 -1.09991 -9.69232 106.233
1.40185 -34.851 10.3205   7.5765 -4.15004  -6.1919 -11.1096  14.8028 -28.0789 -0.165592  -1.16481   6.90186  0.734504  0.236132 -0.698427  -0.00272439   0.0385146  -0.0217798 -6.14158e-05  -0.00200275  -0.00507614 0.926879 -1.09977 -9.69219 106.355
-0.763942  -34.9315   10.5021  7.61806 -4.22745  -6.2478 -11.7593  15.4868 -28.5318 -0.170618   -1.1118   6.89011  0.515313  0.201129 -0.828517  -0.00279659   0.0386433  -0.0218278 -5.90493e-05  -0.00198096  -0.00499962 0.926894 -1.09983 -9.69236 106.459
-3.45739 -35.5115  10.7357  7.54308 -4.09517 -6.28152 -12.7861  16.7147 -29.5003 -0.147868  -1.18554   6.88236 0.0633359  0.206488 -0.959343  -0.00358855   0.0389051  -0.0219774 -5.77169e-05  -0.00201889  -0.00509738 0.926868 -1.09969 -9.69218 106.615
 -5.1198 -36.1061  10.6155  7.60392   -4.167 -6.27163 -13.4871  16.3956 -29.5641 -0.170311  -1.14248   6.84513 -0.103465  0.129737  -1.02335  -0.00388334   0.0389321  -0.0219188 -7.01152e-05  -0.00199655  -0.00506546  0.92692 -1.09977 -9.69222 106.71
-8.18266 -37.8807    11.62  7.45135 -4.09575  -6.3755 -14.3777  17.2922 -30.8807 -0.125849  -1.18537   6.85451 -0.624855  0.131531  -1.16912  -0.00470667    0.038939   -0.022394 -6.30136e-05  -0.00201789  -0.00513301 0.926842 -1.09969 -9.69215 106.908
 -9.7589 -39.1084   13.247  7.23397 -4.08791 -6.43141 -15.7717  17.2967 -32.3081 -0.021252  -1.18938   6.84984 -1.05577  0.11412 -1.25791  -0.00539553   0.0390534  -0.0231258 -8.35485e-05  -0.00205257  -0.00526501  0.92672  -1.0996 -9.69198 107.132
-12.7154 -40.5422  13.0586  7.08246 -4.02824 -6.56707 -15.4822  17.9518 -32.7215 0.0131158  -1.21802   6.87306  -1.4891 0.116354 -1.43572  -0.00562767   0.0385433  -0.0230528 -8.35377e-05  -0.00206544  -0.00529255 0.926693 -1.09955 -9.69195 107.344
-13.1444 -41.7157  12.0248  7.00583 -3.95058 -6.49123 -16.2477  17.9778 -32.3914 0.0515958  -1.29226   6.83144 -1.73715 0.108998 -1.47525  -0.00606186   0.0387887  -0.0227306 -0.00012177 -0.00206028  -0.0055171 0.926661 -1.09957 -9.69148 107.477
-15.9447 -41.2733  11.2075  6.84906 -3.90787 -6.58795 -16.4956  16.9642 -32.4881 0.0557036  -1.31729   6.83001  -2.16593 0.0424532  -1.66748  -0.00642847   0.0384881  -0.0229197 -0.000121712  -0.00207148  -0.00556756 0.926613 -1.09953 -9.69138 107.666
-17.8241 -40.3471  13.1799  6.58854 -3.86937  -6.7602 -17.5131  17.0867 -34.3537 0.101791 -1.38301  6.83931  -2.49299 0.0689584  -1.81428  -0.00692059   0.0382451  -0.0239668 -7.18789e-05  -0.00200734  -0.00555179 0.926456 -1.09968 -9.69154 107.981
-16.7898 -40.7936  9.63687  6.56981 -3.74613 -6.54814 -18.5582  18.4752 -31.8825 0.00274489    -1.4584    6.80841     -2.9225 -0.00943774     -1.8259  -0.00795908   0.0394938   -0.023231 -8.59434e-05  -0.00207995   -0.0061098 0.926158 -1.09955 -9.69032 108.227
-17.7556 -40.7578  11.2672  6.49576 -3.74512 -6.61279 -19.4305  17.8966 -33.1652 -0.00375058    -1.46375     6.81887   -3.06886 -0.0722267   -1.89399  -0.00854156   0.0395286  -0.0241019 -0.000103892  -0.00207691  -0.00610594 0.926217 -1.09955 -9.69031 108.325
-18.7545 -39.7475  11.3579  6.23763 -3.75795 -6.72373 -19.4845  16.7818 -32.9599 -0.0181138   -1.46283    6.82768  -3.51778 -0.218445  -1.99473  -0.00947613   0.0386154  -0.0245479 -9.20153e-05  -0.00209025  -0.00621311 0.926033 -1.09953 -9.69011 108.606
-17.7592 -41.0352  10.4138  6.19838  -3.6852 -6.81194 -21.2471  17.0096 -32.0098 0.00101559   -1.50816    6.84905  -3.60181 -0.271833  -2.06692  -0.0101849  0.0394197 -0.0239328 -0.000104171  -0.00209256  -0.00612069 0.926212 -1.09949 -9.69029 108.727
-19.8439 -41.2909  11.2097  5.75977 -3.72827 -6.87702 -21.0714  18.2093 -31.9625 0.0379773  -1.49869    6.8255  -4.25976 -0.413622  -2.17819  -0.0102675  0.0392787  -0.024371 -0.000101589  -0.00210806  -0.00648316 0.925761 -1.09945 -9.68967 109.173
-20.4444 -41.8101  11.4672  5.71173 -3.75646 -6.88943 -21.2475  18.2935 -31.6977 0.0216878     -1.49   6.81803  -4.36343 -0.495907  -2.22378  -0.0102979  0.0396682 -0.0244268 -0.000117223  -0.00211065  -0.00648122 0.925824 -1.09945 -9.68963 109.23
-21.5663 -41.0208  12.0533  5.29471  -3.7906 -6.95346 -20.6564  18.5772 -31.5426 -0.00145158    -1.48957     6.81466  -4.89823 -0.612292  -2.29166   -0.010397  0.0390159 -0.0247956 -9.80044e-05  -0.00212853  -0.00682022 0.925338 -1.09941 -9.68902 109.653
-20.7549 -41.6047  10.8896  5.43111 -3.70195 -6.86049 -20.0276  18.1197 -30.5266 -0.187052  -1.54164   6.90553  -4.89993 -0.637078  -2.21031  -0.0105912  0.0394849 -0.0242201 -5.72456e-05  -0.00216478  -0.00707595 0.924993 -1.09937 -9.68843 109.84
 -19.544 -39.9489  10.2879  5.20366 -3.66256 -7.05234  -19.555  16.8437 -30.1035 -0.202944  -1.57233   6.93684 -5.16594 -0.82295 -2.39709  -0.0109694  0.0383222 -0.0243447 -0.000121483  -0.00222026   -0.0069251 0.925377 -1.09923 -9.68853 110.141
-19.9645 -38.0579  11.9473  5.00159 -3.57352 -7.28234 -19.3674  15.6862 -32.2219 -0.167461  -1.62633    6.9781  -5.24588 -0.829912  -2.47275  -0.0112154   0.036844 -0.0253072 -0.000104116   -0.0022219  -0.00678014 0.925514 -1.09919 -9.68884 110.459
-19.9501 -33.4778  14.7291  4.48175 -3.45343 -7.80612 -18.1195  11.9808 -35.3726 -0.10232 -1.73047  7.04498   -5.4648 -0.929944  -2.65388  -0.0117655  0.0336347 -0.0270717 -6.3684e-05 -0.00221385 -0.00640515 0.925886 -1.09918 -9.68959 111.207
-21.5659 -31.4417  16.4238    4.539 -3.34219 -7.82467 -15.7266  11.0012 -37.2555 -0.355386  -1.90934   7.13248  -5.38218 -0.869308   -2.5167  -0.0111335  0.0323295 -0.0278617 5.62617e-05 -0.00205571  -0.0064903 0.925472 -1.09965 -9.68942 111.334
-20.3052 -27.8862  19.5122  3.95459  -3.1733 -8.27456 -15.1896  7.98118 -40.4818 -0.254124  -2.01297   7.12453   -5.6426 -0.915723  -2.66947  -0.0118699  0.0298708  -0.029896 8.86387e-05 -0.00211196 -0.00623231 0.925854 -1.09946 -9.68995 112.09
-21.4632 -27.5448  20.6504  4.01656 -3.11091 -8.24617 -13.5065  8.75006 -41.1712 -0.398321  -2.09931   7.21195  -5.62032 -0.921697  -2.56811  -0.0110819  0.0298362 -0.0303293 6.03572e-05 -0.00205662 -0.00639315 0.925642 -1.09961 -9.68951 112.183
 -18.894 -26.3084  25.0998  3.62323 -2.57495 -8.52461 -14.5121  5.85728 -44.7505 -0.390818  -2.36635   7.14267  -5.79644 -0.823661  -2.73186  -0.0124638  0.0292378  -0.032736 2.39344e-05 -0.00225101 -0.00631191 0.926229 -1.09908 -9.68938 112.903
-20.6901  -24.856  28.0995  3.57892 -2.57871 -8.57844 -12.3714  6.37917 -47.4109 -0.487213  -2.44384   7.20387  -5.78098 -0.842097  -2.65852   -0.011238  0.0284795 -0.0342179 -3.72192e-07  -0.00214072  -0.00634846 0.926154 -1.09936 -9.68923 112.973
-17.7818 -22.9607   30.429  3.04661 -2.41803 -8.81248 -11.7983  3.74067 -49.5101 -0.443513  -2.56157    7.0912  -6.04508 -0.807991  -2.79194  -0.0117184  0.0273909 -0.0353113 2.61987e-05 -0.00219514 -0.00625533 0.926392 -1.09923 -9.68939 113.576
-19.4005 -21.6706  33.3163  3.02901 -2.33851 -8.87134 -9.48037  4.03659 -51.7578 -0.575799  -2.66549   7.18412  -5.99253 -0.809003  -2.68726   -0.010414   0.026896 -0.0365195  6.1559e-06 -0.00211033   -0.006319 0.926254 -1.09943 -9.68915 113.677
-17.4802 -20.7577  37.8938  2.50344 -2.13615 -9.06411 -9.73217  2.02213 -55.5853 -0.593142  -2.82056   7.13929  -6.23141 -0.750062  -2.68522   -0.010792  0.0266512 -0.0385179 2.86285e-05 -0.00210584 -0.00644034 0.926117 -1.09939 -9.68893 114.272
 -18.393 -19.5352  39.3967  2.41674 -2.08656 -9.12889 -8.89867  1.87408 -57.2577 -0.697852   -2.9501   7.13922 -6.20345 -0.65017 -2.63863  -0.0103647  0.0258816 -0.0393394 0.000221198 -0.00192148 -0.00642055 0.925745 -1.09989 -9.68924 114.391
-18.6474 -19.0754  39.6882  2.40034 -2.06495   -9.204 -8.5197 1.79167 -57.646 -0.73143 -3.01053  7.18962  -6.18422 -0.614519  -2.63143   -0.010187  0.0255172 -0.0394503 0.000310356 -0.00183793 -0.00639886  0.92558 -1.10012 -9.68946 114.471
-18.8169 -18.7573  39.8861  2.40339 -2.04974 -9.25787 -8.25918  1.73581 -57.9147 -0.765732  -3.04622   7.23246  -6.15977 -0.591906  -2.62393  -0.0100658  0.0252635 -0.0395149 0.000379731 -0.00179049 -0.00637829 0.925461 -1.10025 -9.68962 114.527
-18.9025 -18.5848  39.9116   2.4121 -2.03622 -9.30133 -8.08614  1.70689 -57.9861 -0.787175  -3.07351   7.27034  -6.14174 -0.576937  -2.62151  -0.00998351   0.0251007  -0.0394831 0.000425968 -0.00175736 -0.00636249 0.925384 -1.10035 -9.68973 114.574
-18.9676 -18.4603  39.9432  2.42036 -2.02912 -9.33437 -7.96478  1.68901 -58.0498 -0.802287  -3.09024   7.30017  -6.1276  -0.5683 -2.62021  -0.00992341   0.0249853  -0.0394678 0.000458911 -0.00173594 -0.00634967  0.92533 -1.10041 -9.68982 114.608
-19.0107 -18.3472  39.9563  2.42997 -2.02393 -9.36123 -7.85692  1.66153 -58.0948 -0.818024  -3.10146   7.32578  -6.11297 -0.561754  -2.61796  -0.00987826   0.0248803  -0.0394479 0.000488813  -0.0017216 -0.00633768 0.925283 -1.10046  -9.6899 114.637
 -19.051 -18.2648  39.9734  2.43903  -2.0212 -9.38504 -7.77607  1.64902 -58.1342 -0.829066  -3.10956   7.34889 -6.10121 -0.55795 -2.61726  -0.0098388  0.0248027  -0.039434 0.000511435 -0.00171055 -0.00632712 0.925249 -1.10049 -9.68996 114.663
 -19.084 -18.1935  39.9866  2.44713 -2.01902  -9.4034 -7.70645  1.63712 -58.1669 -0.839527  -3.11559   7.36702 -6.09073 -0.55467 -2.61614  -0.0098065  0.0247369 -0.0394226  0.00053079  -0.0017024 -0.00631801  0.92522 -1.10052 -9.69001 114.683
-19.1155 -18.1441  40.0062   2.4532 -2.01794 -9.41718 -7.65772  1.63549 -58.1988 -0.846604  -3.11997   7.38052  -6.08331 -0.552573  -2.61575  -0.00977969   0.0246926  -0.0394197 0.000544277 -0.00169616 -0.00631097 0.925201 -1.10054 -9.69005 114.698
-19.1383 -18.1038  40.0207  2.45785 -2.01647 -9.42577 -7.61902  1.63195 -58.2236 -0.853426  -3.12321   7.38911 -6.07722 -0.55036 -2.61471  -0.00976053   0.0246577  -0.0394181 0.000555215 -0.00169205 -0.00630587 0.925186 -1.10055 -9.69008 114.708
-19.1572 -18.0649  40.0373  2.46128 -2.01563 -9.43166 -7.58453  1.62601 -58.2503 -0.859757  -3.12522   7.39497  -6.07202 -0.548471  -2.61337  -0.00974556   0.0246263  -0.0394211 0.000564643 -0.00168922 -0.00630165 0.925172 -1.10056  -9.6901 114.715
-19.1708 -18.0411  40.0434  2.46444 -2.01442 -9.43697 -7.56037  1.62424 -58.2628 -0.86422 -3.12742  7.40037  -6.06809 -0.546952  -2.61271  -0.00973362   0.0246049  -0.0394179 0.000571575 -0.00168666 -0.00629842 0.925163 -1.10057 -9.69012 114.721
-19.1871 -18.0173  40.0602  2.46667 -2.01405 -9.44085 -7.53952   1.6242 -58.2848 -0.868019  -3.12879   7.40416  -6.06491 -0.545824  -2.61205  -0.00972228    0.024587   -0.039423 0.000577286 -0.00168466 -0.00629558 0.925155 -1.10058 -9.69013 114.726
-19.2002 -18.0018  40.0699  2.46886 -2.01359 -9.44508  -7.5241   1.6263 -58.2978 -0.870578   -3.1303   7.40833  -6.06239 -0.545023  -2.61191  -0.0097123  0.0245738 -0.0394236 0.000581704 -0.00168264 -0.00629314 0.925149 -1.10059 -9.69014 114.731
-19.2088 -17.9914  40.0714  2.47095 -2.01277 -9.44879 -7.51169  1.62778  -58.302 -0.872763  -3.13188   7.41209  -6.06022 -0.544204  -2.61185  -0.00970447   0.0245631  -0.0394199 0.000585456 -0.00168089 -0.00629116 0.925144 -1.10059 -9.69016 114.735
 -19.218 -17.9804   40.075  2.47303 -2.01245 -9.45306 -7.49937  1.62944 -58.3082 -0.874519   -3.1332   7.41635  -6.05812 -0.543731  -2.61199  -0.00969636   0.0245523  -0.0394173 0.000589015 -0.00167912 -0.00628899  0.92514  -1.1006 -9.69017 114.74
-19.2246 -17.9724  40.0738  2.47499 -2.01178 -9.45668  -7.4888  1.63075 -58.3093 -0.876164  -3.13461   7.42002  -6.05627 -0.543132   -2.6121  -0.00968966   0.0245433  -0.0394121 0.000592148 -0.00167754 -0.00628717 0.925136  -1.1006 -9.69018 114.744
-19.2313 -17.9658   40.073  2.47694 -2.01123 -9.46041 -7.47945  1.63286 -58.3101 -0.87755 -3.13596  7.42381 -6.05453 -0.54266 -2.61233  -0.00968306   0.0245351  -0.0394068 0.000595029 -0.00167597 -0.00628538 0.925132 -1.10061 -9.69019 114.748
-19.2367 -17.9607  40.0711  2.47843 -2.01052 -9.46297 -7.47165  1.63474 -58.3097 -0.878859  -3.13724   7.42638  -6.05317 -0.542058  -2.61241  -0.00967768   0.0245288  -0.0394023 0.000597359 -0.00167464 -0.00628403 0.925129 -1.10061 -9.69019 114.751
-19.2426 -17.9541  40.0712 2.47984   -2.01 -9.4654 -7.46318  1.63609 -58.3115 -0.880311  -3.13833   7.42883  -6.05173 -0.541489  -2.61241  -0.00967217   0.0245217  -0.0393992  0.00059984  -0.0016734 -0.00628261 0.925126 -1.10062  -9.6902 114.754
-19.2489 -17.9507  40.0708   2.4813 -2.00954 -9.46823 -7.45672  1.63957 -58.3119 -0.881146  -3.13956   7.43163  -6.05058 -0.541101  -2.61272  -0.00966642   0.0245169  -0.0393955 0.000601748 -0.00167198 -0.00628123 0.925124 -1.10062 -9.69021 114.757
 23.6918 -20.9571   58.644 -1.89492 -6.18359 -13.0608 -7.83805  2.61638  -57.942 -0.879309  -3.11556   7.37957 -2.02013 -7.15331 -4.02178  -0.00966665   0.0245181  -0.0393967  0.00060223 -0.00167236 -0.00628196 0.925123 -1.10062 -9.69021 121.791
 22.4038 -20.8531  66.8472 -2.03467  -6.4993  -13.244 -4.63096  1.95019  -63.938 -1.63562 -3.13343  7.29883 -2.17661 -7.11696  -4.1449  -0.00926484   0.0245151  -0.0399758 0.000607529 -0.00168655 -0.00630062 0.925058  -1.1006 -9.69019 122.182
 22.2149 -18.4794    70.88 -2.14985 -6.83492 -13.3781 -1.25377  1.41678 -66.0742 -2.14525 -3.28316  7.19943 -1.74789 -7.37258 -3.66874  -0.00869643   0.0221146    -0.04034 0.000599406 -0.00167145 -0.00634159 0.925044 -1.10062 -9.69012 122.562
   19.18 -9.81774  66.4626 -2.08468     -6.9 -13.7187  3.44129  3.20358 -61.8663 -2.32388 -3.61472  7.12449 -2.02684 -5.92114 -3.61737  -0.00138331   0.0116204  -0.0337514 0.000537751 -0.00186456 -0.00612546 0.925273 -1.10023  -9.6905 122.914
21.6259 -7.4558 66.3742 -2.12593 -7.03615 -13.8681  4.41368  1.81765 -60.9243 -2.41592 -3.57411  7.18059  -1.5934   -5.537 -3.42037  0.00011493 0.00814423  -0.034336 0.000499569 -0.00189009 -0.00612287 0.925321 -1.10014 -9.69052 123.121
 20.7598 -7.90903  70.4502 -2.24713 -7.27366  -13.974  4.34165  2.16306 -66.2013 -2.58874 -3.50992  7.14744 -1.64161 -5.33219 -3.21313   0.0075736 0.00726947 -0.0322575 0.000477136 -0.00190386 -0.00612825 0.925288 -1.10011  -9.6905 123.408
 22.6109 -5.97547  69.7806 -2.34448   -7.467  -14.051  5.39871  2.50545 -65.7348 -2.58833 -3.57516  7.11228 -1.60403 -5.20045 -2.94398  0.00862568 0.00495104 -0.0304519 0.000452143 -0.00193097 -0.00612587 0.925277 -1.10007 -9.69049 123.637
  22.849 -5.31787  70.2076  -2.3776 -7.67851 -14.1826   5.3303  1.59611 -66.4788 -2.60481 -3.56261  7.10948 -1.34123 -5.13623 -2.89687   0.0145095 0.00369537  -0.029835 0.000425106 -0.00193525 -0.00611886   0.9253 -1.10004 -9.69049 123.889
 25.1047 -4.78773  69.6149 -2.50939 -7.90681 -14.2812  5.57243  2.12645 -66.8292  -2.6479 -3.59481   7.0852 -1.43933 -5.21423 -2.81633   0.0132523 0.00359313 -0.0277262    0.000421 -0.00196705 -0.00610023  0.92526 -1.10003 -9.69049 124.17
 28.0528 -6.07487  68.8753 -2.45456 -8.27309 -14.5219   3.0022 -1.64678 -66.9336 -2.44446 -3.27302  7.31864 -0.745996  -5.71011  -3.00514   0.0181558 0.00361753 -0.0283571 0.000455715 -0.00187699 -0.00618089 0.925313 -1.10009 -9.69047 124.612
 31.2236 -5.71544  69.3667 -2.70907 -8.37614 -14.3731  3.20548 -1.77357 -67.1562 -2.58194 -3.43948  7.19114 -1.07914 -5.47154 -2.53347   0.0120191 0.00361294 -0.0287767 0.000399372 -0.00194969 -0.00616246 0.925157 -1.10005 -9.69037 124.924
 31.4604 -5.49229  69.0273 -2.63484 -8.70161 -14.6049  3.84527 -1.37623 -66.8792 -2.55239 -3.42795  7.19608 -0.682703  -5.62577  -2.72612   0.0152025 0.00245014 -0.0281623  0.00041199 -0.00189442 -0.00620449 0.925239 -1.10008 -9.69038 125.331
33.8337 -6.0105 68.4956 -2.70881 -8.82355 -14.6311   2.8769 -1.54432 -66.6395 -2.60695 -3.45821  7.16921 -0.722224  -5.54753  -2.58356   0.0119027 0.00348466 -0.0277889 0.000351503 -0.00199704 -0.00608813 0.925183 -1.09997  -9.6904 125.476
 38.3002 -6.69439  65.6687 -2.38994 -8.78093 -14.5751 -0.302782  -3.62432  -64.3973  -2.5329 -3.01118  7.38781 0.133291 -5.40799 -2.45985   0.0134428 0.00447039 -0.0268635   0.0002818  -0.0019315 -0.00620609 0.925305 -1.09992 -9.69032 125.802
  38.593 -4.91893  59.5797 -1.74945 -8.40544 -14.7115  -2.24254 -0.472641  -58.9853 -2.61039 -3.12288  7.27094 0.895687 -4.64805 -2.58796   0.0121616 0.00728194 -0.0212979 9.70679e-05 -0.00200789 -0.00600454 0.925522 -1.09966 -9.69041 126.557
 39.5374 -4.40364  59.9081  -1.8541 -8.68332 -14.7101  -2.78956 -0.230819  -58.7591  -2.5928 -3.15057  7.29972 0.892212 -4.91464 -2.39639   0.0113446 0.00669791 -0.0212941 0.000169093 -0.00200713 -0.00612087 0.925488 -1.09973 -9.69036 126.854
 39.3966 -2.98214  60.9162 -1.74979 -9.03978 -14.9324 -2.79887 -2.04163 -58.7714 -2.60817 -3.14782  7.31755   1.2201 -5.07224 -2.48257   0.0139528 0.00442189 -0.0234382 0.000147986 -0.00195847 -0.00613445 0.925491 -1.09974 -9.69034 127.287
32.5964  0.9085 59.7796 -1.30998 -9.54321 -15.8696  3.21898  3.06675 -55.2288  -2.5469 -3.10134   7.2206   1.4222 -5.30685 -3.51046    0.0269684 -0.00239478  -0.0214873 0.000229028 -0.00191565  -0.0059327 0.925723 -1.09977 -9.69061 128.438
 36.1605 0.371082   59.271 -1.18475 -9.84525 -15.7307 -0.41421  0.10287 -55.6022 -2.49291 -2.93498  7.29817  1.82687 -5.52202  -3.1417    0.0233328 -0.00136284  -0.0221318 0.000248136 -0.00182547 -0.00617744 0.925734 -1.09987 -9.69045 128.793
43.8682 -3.2522   60.99 -1.02898 -10.0541  -15.695 -6.48632 -5.69171 -59.1132  -2.4584 -1.62381  7.69833  2.10609 -6.15088 -3.20841    0.0224712 0.000961584    -0.02163 5.95802e-05 -0.00223753 -0.00556846 0.925536 -1.09947 -9.69062 129.056
  43.0642 -0.790286   62.4441  -1.0905 -10.6716 -16.0768 -5.55943 -6.47657 -59.4216 -2.42667 -1.76541  7.64671  2.05059 -6.42077 -3.37335    0.0199683 -0.00337198  -0.0232944 -1.18859e-05  -0.00239771  -0.00507383 0.925305 -1.09928 -9.69075 129.785
  42.5098 -0.257632   63.2852 -0.930047  -10.6206  -16.1447 -4.46586  -6.7701 -59.8963 -2.51691 -1.76246  7.70545    2.351 -6.29473 -3.35789    0.0219163 -0.00352041  -0.0248692 -0.00011166 -0.00230895 -0.00527974 0.925402 -1.09927 -9.69069 129.966
40.4412 2.85152 66.0114 -0.988931  -11.4175  -16.6573 -1.92992  -7.2878 -60.7917 -2.44893 -1.77709  7.63538  2.21653 -6.72329 -3.71189   0.0213238 -0.0110738 -0.0274417 -0.000140207  -0.00246638  -0.00444819 0.925053 -1.09904 -9.69089 130.916
40.5604 3.68485 74.5782 -1.75339 -12.3372 -16.6725  2.73191 -8.50727 -67.2823 -2.26326 -1.82929  7.62641  1.32943 -7.58857 -3.59878   0.0158059 -0.0274996 -0.0347826 0.000336919 -0.00266607 -0.00451037 0.924943 -1.09931 -9.69099 132.112
39.6453 6.93581 75.1934 -1.62227 -12.8955 -16.9472  3.87646 -9.51896 -67.3173 -2.28745 -1.83794  7.65489  1.72552 -7.70842 -3.62461   0.0143591 -0.0274496 -0.0363806 0.000271242 -0.00262439 -0.00463407 0.924997 -1.09931 -9.69096 132.748
38.8555 7.78384 75.7719  -1.6043 -13.0607 -17.0401  4.83383 -9.01363 -67.5369 -2.27965 -1.84116  7.66336  1.77137 -7.77111 -3.64891   0.0150333 -0.0286955  -0.037326  0.00025688 -0.00266612 -0.00456598 0.924965 -1.09927 -9.69097 132.938
35.8765 10.8062 76.0814 -1.40586 -13.7338 -17.4865  6.61601 -7.56444 -67.3824 -2.25959 -1.82575  7.62953  2.01857 -8.02413  -3.8848   0.0175701 -0.0317559 -0.0379695 0.000269994 -0.00262968 -0.00412944 0.924796 -1.09921 -9.69106 133.77
33.2838  13.814 73.7118 -1.10221 -14.0432 -17.8087  8.58232 -7.94743 -64.8017 -2.18067 -1.78156  7.54719  2.29019 -8.11288 -4.22366   0.0234549 -0.0354132 -0.0338145 0.000304829 -0.00217434 -0.00397689  0.92483 -1.09938 -9.69106 134.31
 30.681 15.5952  73.122 -0.886336  -14.7058  -18.1878  8.95692 -7.43374 -64.5429 -2.18104 -1.77512  7.53674  2.57856 -8.29477 -4.31059   0.0237865 -0.0357607 -0.0347515 0.000308245 -0.00213139 -0.00387472 0.924795 -1.09938 -9.69108 135.103
27.3571 17.1798 71.3029 -0.535135  -14.9821  -18.5021  10.4731 -6.45048 -62.4407 -2.14441 -1.72253  7.45101   2.8618 -8.33154 -4.60971   0.0311893 -0.0375044 -0.0329478 0.000282519 -0.00156982 -0.00382133 0.924896 -1.09957 -9.69107 135.65
 23.729 19.0388 70.5257 -0.259284  -15.6836  -18.9435  10.6543 -5.44133 -62.0163 -2.13325 -1.70892  7.42843  3.11624  -8.5457 -4.71859   0.0331312 -0.0386569 -0.0338052 0.000303231 -0.00144678 -0.00358402 0.924817 -1.09959 -9.69112 136.523
22.7623 20.2728 70.5161 -0.152776  -15.9279   -19.082  11.3173 -5.88964 -61.5943 -2.09951 -1.69879  7.40603  3.20256 -8.63124 -4.78449   0.0341721 -0.0409669  -0.034288  0.00034369 -0.00128503 -0.00350518 0.924819 -1.09966 -9.69115 136.823
18.1507 23.4573 71.0013 0.0940097  -16.6497  -19.5314  14.5132  -3.9794 -60.7595 -2.08131 -1.68594  7.42028  3.41375 -8.81251 -4.86912   0.0389361 -0.0440864  -0.037022 0.000369096  -0.0012413 -0.00327827 0.924718 -1.09967 -9.69121 137.709
18.9239 27.7731 72.7727 -0.0763503   -17.3509   -19.5636  17.8408 -5.53282 -61.6504 -1.84152 -1.69432  7.41328  3.20322 -9.35889 -4.87067   0.0349807 -0.0608015 -0.0359096  0.00125724   -0.001154 -0.00325094 0.924662 -1.10027 -9.69131 138.431
15.5425 27.8904 72.2842  0.13307 -17.9818 -19.8913  18.2445 -4.90716 -61.5993 -1.84192  -1.6947  7.41974  3.43029 -9.41548 -4.88388   0.0371344 -0.0605476 -0.0375161  0.00125593 -0.00120217 -0.00324195 0.924641 -1.10025  -9.6913 139.172
13.7141 28.4993 71.9639 0.118219  -18.261 -20.0198  19.6082 -2.84519  -60.918 -1.84484 -1.75129  7.49129  3.45002 -9.41835 -4.80055   0.0373513 -0.0618653 -0.0370337  0.00128175 -0.00160069 -0.00341545 0.924582 -1.10014 -9.69124 139.48
11.6438 28.4085 72.4699 0.344755   -18.84 -20.3058  20.4371 -3.31636 -60.8646 -1.85207 -1.75451  7.48764  3.68131 -9.42767  -4.7897   0.0374743 -0.0627059 -0.0370867  0.00124431 -0.00163697 -0.00349285 0.924604 -1.10011 -9.69121 140.164
8.64392 28.5819 72.2621 0.544939 -19.2148 -20.5591   21.779 -2.62332 -60.8003 -1.84169 -1.72996  7.47987   3.8293 -9.45659 -4.88772   0.0415477 -0.0638651 -0.0356492  0.00120493 -0.00142266 -0.00325267 0.924571 -1.10016 -9.69131 140.659
7.39981  28.366 73.9896 0.723698 -19.7669 -20.7637  22.1922 -3.83467 -61.0377  -1.8525 -1.76332  7.49177  4.02657 -9.41368 -4.78112   0.0389256  -0.064494 -0.0352243  0.00120539 -0.00175485 -0.00367405  0.92463 -1.10005 -9.69115 141.274
6.17862  28.521 75.8763 0.837206 -20.0806 -20.9118   24.093 -4.22018 -61.6671 -1.88676 -1.79669  7.50391  4.15087 -9.35413 -4.74975   0.0381807 -0.0662237 -0.0356004  0.00113258 -0.00198858 -0.00388135 0.924621 -1.09993 -9.69107 141.639
3.70247 27.9391 78.5985  1.08515 -20.6355 -21.2104  25.2917 -3.77308 -61.4357 -1.87924 -1.79803   7.5092  4.34991 -9.34219 -4.79081     0.03884 -0.0680209 -0.0359128  0.00110094 -0.00197967 -0.00379122 0.924589 -1.09992 -9.69111 142.316
1.91335 27.9624 79.4004  1.16021 -20.9177 -21.3212  27.2227 -3.85346 -61.7898 -1.87907 -1.91385  7.54045  4.38944 -9.15593  -4.6414   0.0369011 -0.0689178 -0.0347104 0.000937257 -0.00254765 -0.00433399 0.924565 -1.09958 -9.69089 142.629
0.583521  27.2602  81.5306  1.38189 -21.4553 -21.5756  28.4767 -2.70982 -61.5744 -1.85968 -1.92892  7.55356  4.53256 -9.09235 -4.62049    0.037114 -0.0696982 -0.0350961 0.000962371  -0.0026782 -0.00437428  0.92452 -1.09956 -9.69087 143.264
-0.410505   27.6941   82.1387  1.57743 -21.8227 -21.7607  29.2025 -3.06485 -61.6084 -1.86406 -1.93795  7.55144  4.66539 -9.00107 -4.61197   0.0375687 -0.0708892  -0.033991 0.000922539 -0.00275389 -0.00446802 0.924519 -1.09951 -9.69083 143.719
-1.03225  28.2291   83.328  1.90203 -22.2441 -21.9014  29.8022 -2.29776 -61.3293 -1.92294 -1.96356  7.50939  4.86101 -8.77631 -4.46608    0.036837 -0.0709086 -0.0330894 0.000970775   -0.003067 -0.00539238 0.924668 -1.09938 -9.69048 144.269
-1.82896  29.1713  83.5786  2.11151 -22.6313 -22.1343  30.8236 -3.39752 -62.0585 -1.91692  -1.9606  7.51916  5.01543 -8.73218 -4.52312   0.0377951  -0.073266 -0.0309993 0.000873649 -0.00298465 -0.00514374 0.924632 -1.09937 -9.69059 144.767
-1.15947  28.7218  85.6785  2.45072  -23.086 -22.3111  30.9406 -2.46893 -61.6948 -1.93542 -1.95794  7.48928  5.21291 -8.57752 -4.45648   0.0368418 -0.0723721 -0.0314456 0.000941308 -0.00307179 -0.00571419  0.92476 -1.09934 -9.69037 145.361
-2.41665  29.2436  85.8039  2.67436 -23.4573 -22.4284  32.3967 -1.88049  -61.343 -1.91578 -1.98478  7.47344   5.3177 -8.47131 -4.37823   0.0378725 -0.0738306 -0.0289497  0.00100555 -0.00331833 -0.00621599 0.924779 -1.09926 -9.69018 145.811
-2.43604  28.9592  87.3906  3.02462 -23.8683 -22.5004  32.7208 -1.19822 -60.8862 -1.92084 -2.02386  7.42135  5.46002 -8.26454 -4.22026   0.0369403 -0.0727827  -0.028073  0.00114942 -0.00354744  -0.0074227 0.924996 -1.09914 -9.68972 146.355
-3.23718   29.367  88.2219  3.28712 -24.1893 -22.6658  33.9771 -2.13154  -61.526 -1.94101  -2.0355   7.4061  5.59335 -8.14242 -4.20849   0.0379388 -0.0735501 -0.0258455  0.00106212 -0.00362887 -0.00764316 0.925008 -1.09903 -9.68965 146.802
-3.08487  28.3818  90.1723  3.58514 -24.6575 -22.8337    33.555 -0.779667  -61.1589 -1.91201 -2.04532  7.40482  5.71568 -8.06496 -4.15348   0.0382853  -0.071752 -0.0251426  0.00122605  -0.0037301 -0.00803059 0.925052 -1.09905 -9.68948 147.382
-4.52908  28.8326  89.8803  3.74665 -25.0673 -22.8665  35.0414 0.335153 -60.5365 -1.80184 -2.12838  7.40279  5.70428 -7.97173 -4.00628   0.0398559 -0.0730333  -0.022085   0.0014008 -0.00413891  -0.0088921 0.925039  -1.0989 -9.68915 147.823
0.261889  29.0761  95.4304  3.69596 -25.7987 -23.0526   36.1939 -0.215325  -62.8922 -1.67299 -2.18098  7.46828  5.74268 -8.12709 -4.07334    0.035953 -0.0782459 -0.0274274  0.00194373 -0.00466826  -0.0081028 0.924581 -1.09921 -9.68935 148.58
-0.540849   29.6471    95.962  4.08903 -26.0442 -23.1959  37.4108  1.36729 -62.9275 -1.73056 -2.16137  7.41821  5.86794 -7.91351   -4.034   0.0393028 -0.0774553 -0.0255623  0.00179458 -0.00462503 -0.00867024 0.924712 -1.09906 -9.68917 149.065
1.46737 30.3151 98.1118  4.35709 -26.4731 -23.3948  39.2956   2.0384 -62.9969 -1.7083 -2.1758 7.41378  5.95628 -7.82603 -4.04231    0.039149 -0.0791672   -0.02651  0.00177691 -0.00476926 -0.00858473 0.924608 -1.09906  -9.6892 149.608
0.257244  31.1254  96.8559  4.66162 -26.7898 -23.5586  41.6424  2.51059 -62.9332 -1.73654 -2.17821  7.39146  6.03567 -7.64692 -4.00309   0.0421538 -0.0804837  -0.022026  0.00176164 -0.00491346 -0.00886851 0.924558 -1.09899 -9.68911 150.077
1.66319 30.1203 97.5818  5.00413 -27.1942 -23.6638  41.8273  3.73075 -63.0425 -1.7186 -2.1592 7.37148  6.14332 -7.49356  -3.9296   0.0430401 -0.0798451 -0.0215448  0.00198507 -0.00484159 -0.00950147 0.924729 -1.09903 -9.68887 150.617
1.94941  30.562 96.8533   5.4509 -27.5787 -23.7133  43.5683    5.125 -63.1129  -1.7053 -2.08972  7.31689  6.27232 -7.27185 -3.79634   0.0461163 -0.0820724 -0.0188385  0.00221167 -0.00470333  -0.0105524 0.925016 -1.09902 -9.68849 151.209
5.41377 28.7556 97.0037  5.48592 -27.8628 -23.9455  43.0144  4.72065 -62.8868 -1.70694 -2.19105   7.3302  6.24841 -7.19914 -3.85891   0.0428395 -0.0820983 -0.0193802   0.0019556 -0.00558148 -0.00970944 0.924325 -1.09879 -9.68875 151.578
7.00074 27.1483 95.5487  5.77947 -28.2116 -24.1614  42.8755  4.27928 -63.0402 -1.71809 -2.20744  7.32567  6.34216 -7.08996 -3.89504   0.0433427 -0.0822076 -0.0176749  0.00188781 -0.00573928 -0.00955062 0.924196 -1.09875 -9.68881 152.082
9.08951 26.5295 94.8199    6.043 -28.5207 -24.3507  42.6163  4.77639 -63.0286 -1.72364 -2.22391  7.31568  6.40574 -7.00214    -3.92   0.0424585 -0.0828705 -0.0172194  0.00181875 -0.00591715 -0.00939865 0.924057 -1.09871 -9.68886 152.53
 11.997 25.5389 93.3543  5.99813 -28.8723 -24.4995  41.1634  1.99096 -63.4079 -1.67908 -2.36785   7.2612  6.34128 -6.91749 -3.95123   0.0384121  -0.083601 -0.0161528  0.00164534 -0.00738109 -0.00850934  0.92301 -1.09853 -9.68911 152.915
14.3528 25.4814 93.0008  6.32868  -29.225 -24.7105  40.6018  1.89045 -63.4473 -1.67792 -2.35821   7.2889  6.47535 -6.81713 -3.97982   0.0377213 -0.0847235 -0.0166578  0.00167627 -0.00723243 -0.00856708 0.923116 -1.09854 -9.68909 153.442
14.8498 25.3927 91.2335  6.69551  -29.568 -24.9092 41.5041 1.27739  -63.75 -1.68397 -2.33455  7.29183  6.61298 -6.65866 -4.03276   0.0391847 -0.0856384 -0.0154767  0.00169518 -0.00714373 -0.00871211 0.923199 -1.09852 -9.68905 153.982
15.0247 24.9934 89.2515  7.06703 -29.7438 -25.1941  41.6615  1.97982 -63.3809 -1.76584 -2.34208  7.23986  6.63711 -6.45254 -4.12303   0.0402799 -0.0852194 -0.0143958  0.00126876 -0.00729136 -0.00823655 0.922981 -1.09843 -9.68928 154.482
13.5539 23.4052 85.4435  7.49645   -29.77 -25.5613  40.7866  3.38816 -61.8836 -1.91492 -2.33122  7.19855  6.65858 -6.21278 -4.22315   0.0429034 -0.0808195 -0.0109716 0.000538105 -0.00732982 -0.00765872 0.922788 -1.09816  -9.6896 155.048
14.3388 23.3417 83.7493  7.86975 -30.0689 -25.8094  40.5464  3.55371 -61.8063 -1.93466 -2.33021  7.18738 6.74068 -6.0463  -4.275   0.0429733 -0.0813017 -0.0116094 0.000439733 -0.00734495 -0.00755086 0.922751 -1.09814 -9.68965 155.587
13.7355 23.3135 81.4805   8.1778 -30.3459 -25.9868   41.191  3.76394 -61.3609 -1.92807 -2.32796  7.18707  6.82264 -5.91537 -4.30622   0.0441547 -0.0814402 -0.0115426 0.000496474 -0.00736018 -0.00769192 0.922768 -1.09814 -9.68959 156.037
13.0181 24.1577 78.0372  8.75639  -30.728 -26.4433  41.3162  4.21896 -60.7772 -1.99618 -2.32362  7.16175  6.88064 -5.66597 -4.47925   0.0455119 -0.0820992 -0.0112051 0.000200243 -0.00727979 -0.00701851 0.922653 -1.09825 -9.68991 156.867
11.5338  22.587 74.3335  9.13995 -30.7769 -26.5561  39.5785  5.31377 -59.1205 -1.86732 -2.22855  7.25862   7.1492 -5.73627  -4.4063    0.0455157  -0.0775518 -0.00791343 -0.000638286  -0.00638798  -0.00782774 0.923455 -1.09732 -9.68976 157.27
8.15888 22.0623 70.3611  10.0416 -30.9592 -27.2639   38.497  7.41591 -58.3515 -2.10725  -2.1199  7.27329   7.2929 -5.47489 -4.69636    0.0492854  -0.0752922 -0.00578963 -0.00135452 -0.00531175 -0.00680664 0.923898 -1.09727  -9.6903 158.431
7.00131 22.6513 68.9616  10.0279 -31.0629 -27.2318  38.3887   7.9505 -57.0757 -2.11828  -2.2443  7.25252  7.22559 -5.40561 -4.58146      0.04948  -0.0758369 -0.00556352 -0.000732024  -0.00560946  -0.00766588 0.923825 -1.09742 -9.68987 158.54
3.90579 23.8258 64.7843  10.7398  -31.589 -27.8987  39.0161  9.71187 -55.6318  -2.1658 -2.16767  7.30145  7.28035 -5.14557 -4.89071    0.0521047  -0.0784849 -0.00446849 -0.00100532 -0.00505074 -0.00597468 0.923868 -1.09784 -9.69057 159.649
1.70445 27.5296 64.0436  10.6842 -32.3775 -28.1422  42.6707  9.60675 -54.4232 -2.06317  -2.2251   7.5598  7.20131 -5.32796 -4.98756    0.0553004  -0.0872547 -0.00737668  0.00121393  -0.0051439 -0.00569852  0.92375 -1.09942 -9.69023 160.476
-1.05541  30.0657  61.4749  11.2028 -33.2115 -28.7041  44.4412  10.3233 -54.0035 -1.92336 -2.25104  7.66013  7.11065 -5.22137 -5.25074   0.0585196 -0.0925312 -0.0109246  0.00162794 -0.00473365 -0.00445051 0.923811 -1.10014 -9.69061 161.607
0.371325  30.3253  62.5444  11.4474 -33.0212 -28.7666  43.9321  10.1757 -54.6847 -2.24764 -2.13068  7.61267  7.25816 -4.99937 -5.18517   0.0570082 -0.0911401 -0.0124679  0.00252764 -0.00528228 -0.00568141 0.923644 -1.10026 -9.68998 161.923
-1.15929  32.4431  60.3433  11.9941 -33.4597 -29.2137  44.1667  10.5321 -54.0785 -2.19588 -2.15624  7.60876    7.222 -4.75988 -5.31619   0.0573909 -0.0917864 -0.0135117  0.00232933 -0.00523816 -0.00519442 0.923588  -1.1003 -9.69019 162.755
-0.723353   33.8313   59.2259  12.2142 -33.5336 -29.3804  44.4979  9.63934 -53.5448 -2.22449 -2.11394  7.65996  7.33651 -4.66298 -5.37332   0.0551843 -0.0934291 -0.0129124  0.00228795 -0.00511347 -0.00531049 0.923703  -1.1002 -9.69017 163.04
-2.30904  36.9474  57.7267  12.7975 -33.8887 -29.7974   43.868  10.3187 -53.3689 -2.23158 -2.11289  7.64875  7.37419 -4.39226 -5.47918   0.0563844 -0.0924521 -0.0140554  0.00232426 -0.00515395 -0.00538085 0.923684 -1.10021 -9.69013 163.841
-2.18994  38.8743  56.4283  13.0166 -33.8675 -29.9771  44.8845  9.30554 -52.3465 -2.34959 -2.06998   7.6893  7.52572  -4.1876 -5.55106   0.0542181 -0.0948268 -0.0127159  0.00248185 -0.00519598 -0.00575437 0.923722 -1.10018 -9.69001 164.125
-4.45383    41.35  55.3651  13.6204 -34.1479 -30.4157  45.0497  9.61089 -51.9194 -2.38306 -2.06807  7.68947  7.61133 -3.84035 -5.65538   0.0551351 -0.0942329 -0.0133267  0.00253416 -0.00524647  -0.0060171 0.923729 -1.10015 -9.68992 164.922
-5.7239 43.6906 54.5079  13.7583 -34.3925 -30.5316  46.5259  9.14646 -51.3772  -2.2861 -2.06675  7.72199  7.59177  -3.8727 -5.69248   0.0557407 -0.0978986 -0.0138402  0.00267744 -0.00516455 -0.00559112  0.92372 -1.10034 -9.68999 165.226
-7.53997  44.8527  53.9081  14.3512 -34.6317 -30.9649  46.2472  9.17323 -51.0572 -2.30946 -2.07394  7.72402  7.69023 -3.44209 -5.75949   0.0547496 -0.0976682 -0.0138325  0.00268538 -0.00520643 -0.00591449 0.923746 -1.10026  -9.6899 165.998
-9.66467  44.6457   53.922  14.4271 -34.6974 -31.1066  47.5367   10.862 -49.9485 -2.32313 -2.13956  7.76373  7.63194 -3.33019 -5.78878   0.0575281 -0.0968599 -0.0137511  0.00273236 -0.00528133 -0.00625127 0.923717 -1.10022 -9.68981 166.172
-12.4073  44.2314  55.2969  14.7295 -34.8567 -31.4203  49.2294  12.3696 -49.2559 -2.33431 -2.20052  7.79772  7.57482 -3.10393 -5.85285   0.0600948 -0.0950482 -0.0146598   0.0027363 -0.00548092 -0.00664436 0.923619 -1.10013 -9.68971 166.636
-18.646 43.2223   52.92  15.5086 -35.1621 -31.8425  50.4383  13.8769 -47.1754 -2.30868 -2.00377  7.82956  7.80288 -3.08572 -6.03701   0.0648376 -0.0939861 -0.0109231  0.00273081 -0.00434604  -0.0056285 0.924284 -1.10032 -9.68998 167.573
-19.9342  43.5907   54.198  15.7912 -35.2684 -32.1354  51.4725  14.1545 -46.9709 -2.32734 -2.06213  7.84693  7.74028 -2.81646 -6.10265   0.0634914 -0.0936715 -0.0113854  0.00276678 -0.00455814 -0.00597971 0.924176 -1.10026 -9.68989 167.994
-23.0013  43.3642  56.6285  16.0534 -35.4179 -32.4367  52.3219  15.9833 -46.6496 -2.32771 -2.12938  7.89473  7.61867 -2.60269  -6.1297   0.0662483 -0.0921826 -0.0131053  0.00280926 -0.00471967 -0.00641536 0.924095 -1.10016 -9.68977 168.42
-25.0392  43.8467  57.5526  16.4456  -35.536 -32.7479  52.3854  15.7782 -46.6594 -2.32981 -2.13021  7.88705  7.60107 -2.37997 -6.18501   0.0646724 -0.0921578 -0.0131153  0.00281572 -0.00471993 -0.00642139 0.924098 -1.10016 -9.68977 168.934
-28.1467  44.2036  57.9853  16.7754 -35.6154 -33.0539 52.1688 15.3953 -47.168 -2.34429 -2.16244  7.89451  7.54747 -2.10091 -6.22479   0.0649346 -0.0918989 -0.0125081  0.00283257 -0.00477903 -0.00664159  0.92408 -1.10011 -9.68972 169.391
-29.9187  44.5975  57.9642   17.098 -35.6455 -33.3622  51.6051  14.5645 -47.8165 -2.37161 -2.22349  7.89734  7.48712 -1.73705 -6.28002   0.0631135 -0.0920367 -0.0118566  0.00292641 -0.00484638 -0.00720018 0.924093 -1.09999 -9.68958 169.839
-32.3355  44.0549  58.8282  17.4205 -35.7341 -33.6566  51.9079  14.8311 -47.9515 -2.36582 -2.24442   7.9104  7.42271 -1.47535 -6.34124   0.0645597 -0.0911758 -0.0118713  0.00296722 -0.00489768 -0.00739832 0.924069 -1.09994 -9.68952 170.284
-33.4371  44.2458  59.6524  17.7778 -35.7936 -33.9758  52.3225  14.3394 -48.1109 -2.35899 -2.27006  7.91528  7.36985 -1.19073 -6.40014   0.0638358 -0.0917862 -0.0117838  0.00301774 -0.00496158 -0.00771041 0.924054 -1.09985 -9.68944 170.767
-34.6308  44.3745  60.2243  18.0683 -35.8082 -34.2526  52.4027  14.0612 -48.4064 -2.35826  -2.3134  7.92709   7.31345 -0.916923  -6.45234   0.0635273 -0.0926231 -0.0108217  0.00309006 -0.00500859 -0.00822836  0.92406  -1.0997 -9.68932 171.168
-34.683 45.0213 62.6626  18.5078  -35.867 -34.6501  53.0728  14.1652 -48.0218 -2.36149 -2.29449  7.91879   7.33632 -0.689293  -6.58768   0.0625747  -0.092727 -0.0111081  0.00299188 -0.00494914 -0.00774303 0.924074 -1.09984 -9.68946 171.764
-40.2877  44.0545  58.7391  18.6395 -35.8174 -35.0671  54.0097  16.5693 -48.3025 -2.39797 -2.45148  8.01309   7.16041 -0.394491  -6.67346    0.0647805  -0.0953286 -0.00400658  0.00297709 -0.00498093   -0.008163 0.923997 -1.09963 -9.68949 172.204
-41.7661  45.0649  60.5043  19.1185 -35.9223 -35.4334  55.8578  18.6314 -47.4645 -2.37098 -2.37959  8.01225   7.17836 -0.209908  -6.80211    0.0663665  -0.0955419 -0.00315525  0.00289572 -0.00493347 -0.00765891 0.924036  -1.0998 -9.68958 172.816
-43.8246  45.7132  59.6241  19.3643 -35.8063 -35.8212  56.4932  18.9388 -46.8174 -2.43346 -2.47085  8.03684  7.06794 0.120347 -6.91126     0.0670727   -0.0968718 -0.000251313  0.00297273 -0.00487628 -0.00801489 0.924047 -1.09969 -9.68959 173.29
-43.6565  47.0265  60.7992  19.7511 -35.7589 -36.2046 57.6159  19.243 -46.454 -2.44083  -2.4827  8.03349  6.99966 0.438995 -7.03619    0.0666077  -0.0972059 0.000759766  0.00301827 -0.00487051 -0.00823869 0.924059 -1.09962 -9.68956 173.836
-46.0708  47.1385  60.5148  20.0549 -35.7567 -36.5217  58.1685  19.7384 -47.0083 -2.43372 -2.47927  8.04046  6.94844 0.642824 -7.14558    0.069297 -0.0975401 0.00356766  0.00298322 -0.00487275 -0.00812267  0.92406 -1.09965  -9.6896 174.275
-44.0894  48.5929  63.5012  20.4192 -35.7571 -36.9254  59.5967  20.5845 -46.6677 -2.42144  -2.4782  8.03992  6.87114 0.885514 -7.28086   0.0690746 -0.0970507 0.00302025  0.00295327 -0.00489866 -0.00784967 0.924039 -1.09976 -9.68966 174.819
-43.3323   49.937  65.5292  20.6464 -35.7703 -37.0501  60.3715  20.9118 -46.8737 -2.35432 -2.47617  8.02794  6.73581  1.13692 -7.26511    0.070833 -0.0971479 0.00263893  0.00331497 -0.00496865 -0.00897616  0.92395 -1.09942 -9.68928 175.079
-41.7482  48.9689  66.7288  21.1736 -35.5307 -37.4026  58.9564  21.4581 -45.7033 -2.36632 -2.43237  8.01546  6.67747  1.55746 -7.30931    0.070343 -0.0937354 0.00647175  0.00344577 -0.00482973  -0.0102737 0.924062 -1.09888 -9.68897 175.757
-39.5146  49.2984  68.5048  21.5363 -35.4598 -37.4199  58.2782   21.714 -45.5246 -2.23699 -2.28774  8.06334  6.60877  1.84836 -7.16172   0.0701613 -0.0922781 0.00686771  0.00364268 -0.00518804  -0.0126211 0.923815 -1.09782 -9.68836 176.127
-36.9804  50.0543  70.3997  22.0489 -35.3167 -37.7154  56.9745  21.7809 -46.1242 -2.20592 -2.19595  8.08479 6.55885 2.17846 -7.1669   0.0699438 -0.0908418 0.00791828   0.0038116 -0.00519626  -0.0138416 0.923805 -1.09732 -9.68798 176.735
-35.5394  51.4526  71.8705  22.3402 -35.1623 -37.8599 56.9031 21.9613 -46.197 -2.21985 -2.12534  8.08054  6.48713  2.46554 -7.12904   0.0708701 -0.0908452 0.00758222  0.00422581 -0.00532231  -0.0152087 0.923626 -1.09684 -9.68758 177.095
-36.0187   51.592   71.248  22.8944 -34.7929  -38.293  56.9673  22.9914 -45.4728  -2.298 -2.0582 8.05375  6.39201  2.92283 -7.21125   0.0726322 -0.0893889  0.0108577  0.00442794 -0.00523593  -0.0162191 0.923651 -1.09645 -9.68737 177.89
-38.9878  46.3086  67.9099  23.5538 -33.7501 -39.3282  56.0223  25.2142 -41.1523 -2.80369 -2.07967  8.08549  6.41262  3.40795 -7.48624   0.0728169 -0.0833231  0.0206232  0.00354121 -0.00498168  -0.0160979 0.923924  -1.0961 -9.68829 179.5
-35.7737  48.5998  70.6843  23.8365 -33.7332 -39.6519   55.517  25.1299 -43.5436 -2.76231 -2.09821  8.12813  6.20785  3.68879 -7.51676   0.0746956 -0.0849962  0.0170208  0.00412593 -0.00491399  -0.0167305 0.923804 -1.09604 -9.68787 179.93
-27.963 49.6455 72.8534  23.3755 -33.6285 -40.0134  52.4106   21.795 -46.6735 -2.77466 -2.10085  8.30728  5.97258  3.92617 -7.42015   0.0684317 -0.0887673  0.0148401 0.00449669 -0.0073559 -0.0175337 0.921659 -1.09541 -9.68826 180.526
-24.1001  49.1074  74.6187   23.648 -33.3313 -40.5102  53.2736  21.9339 -47.4061 -2.77207 -2.14573  8.24533 5.79638 4.28045 -7.5767   0.0694596 -0.0894549  0.0133873   0.0044567 -0.00749189  -0.0172592 0.921573 -1.09554 -9.68843 181.165
-25.3846   49.217  72.6684  23.8658 -33.1338 -40.7255  54.8656   21.384 -47.1338 -2.78565 -2.12274  8.25191 5.72946  4.5144 -7.5838  0.0720023 -0.091499 0.0146186  0.00461189 -0.00739328  -0.0178968 0.921554 -1.09528 -9.68826 181.53
-22.6784  47.1865   71.993   24.197 -32.7438 -41.3001   55.383  21.8442 -46.6954  -2.8059 -2.16228  8.15812  5.53859  4.88685 -7.83685   0.0724717 -0.0911881   0.014782   0.0043938 -0.00755961  -0.0172003 0.921576 -1.09561  -9.6886 182.299
-20.912 43.9583 70.3617  24.4918 -32.9561 -41.3738  53.6267  22.0356 -46.6076 -2.41997 -1.96328  8.53685  5.68772  4.79872 -7.57543   0.0703436 -0.0897836  0.0152405  0.00351353 -0.00799835  -0.0185477 0.921226 -1.09423 -9.68833 182.67
-19.6722  39.6981  69.4116  24.8661  -32.615 -41.8719  54.3475  22.6271 -45.8659 -2.40771 -1.96031  8.52724  5.56467  5.10354 -7.68541   0.0717984 -0.0897666  0.0151871  0.00352504 -0.00799907  -0.0186315  0.92122  -1.0942 -9.68831 183.38
-19.583 35.6408 68.0406  24.9194 -32.7283 -41.9577  53.6192  23.4017 -45.5353 -2.02508 -2.03244  8.71823  5.44216  5.02788 -7.50497   0.0718038 -0.0875381  0.0158636  0.00290895 -0.00768244  -0.0194514 0.921339 -1.09333 -9.68817 183.532
 -18.94 30.4495 66.5905  25.2884 -32.3495 -42.5058  53.8305  24.8574 -44.5176 -2.03527 -2.04381  8.71628   5.2862  5.33001 -7.64592   0.0734073 -0.0863863  0.0161957  0.00293081 -0.00767955  -0.0194649 0.921338 -1.09335 -9.68819 184.294
-18.6677  28.8917  65.8573  25.4383 -32.2065 -42.7263   53.698  24.3541 -44.7566 -2.02992 -2.04593  8.72462  5.22891  5.43057 -7.71139   0.0736889 -0.0861309  0.0160671  0.00296678 -0.00766417   -0.019485 0.921333 -1.09334 -9.68816 184.596
-20.6242  25.8402  63.4257  25.8112 -31.7814 -43.3203  54.3996  26.4313 -43.4681 -2.03866 -2.05377  8.72017 5.03353 5.71651 -7.9392   0.0759428 -0.0853329  0.0165464  0.00295715 -0.00768718  -0.0194851  0.92133 -1.09336  -9.6882 185.416
-19.8551  25.4219   63.194 25.9063 -31.656  -43.48  53.0459  25.2169 -44.9965 -1.99943 -2.06815  8.75738  4.96605    5.779 -7.91297    0.074543 -0.0853668  0.0154251  0.00314878 -0.00754696  -0.0198973 0.921296 -1.09318   -9.688 185.64
-22.5527  23.5969   59.849  26.2705 -31.1893  -44.096  54.9267  26.2154 -43.8236  -2.0054 -2.06964  8.75501  4.73448  6.13031 -8.11088   0.0762772 -0.0850689  0.0158401  0.00314806 -0.00755844  -0.0199803 0.921288 -1.09315 -9.68801 186.495
-23.449 24.1327 56.0363  26.4418 -31.0894 -44.3132  54.8964  23.4935 -43.1904 -1.99293  -2.0396  8.79088 4.75892 6.25852 -8.2027    0.074758 -0.0884223  0.0185933  0.00306356 -0.00763027  -0.0197476 0.921279 -1.09321 -9.68803 186.789
-24.7629  21.7137  53.8224  26.7657 -30.5615 -44.9268 55.0452   23.57 -43.196 -1.98318 -2.04876  8.78582  4.51945  6.64676 -8.38156   0.0749234 -0.0875118  0.0178893  0.00316717 -0.00761011  -0.0200605 0.921226  -1.0931 -9.68795 187.661
-25.1344  21.4256  52.0885  27.0206 -30.4523 -45.1928  53.8863   22.092 -43.6867 -1.99511 -2.01738  8.78953  4.58238  6.76864 -8.57186   0.0738061 -0.0891421  0.0191733   0.0026743 -0.00747624  -0.0191909 0.921531 -1.09331 -9.68817 188.045
-26.3947  18.9421  51.2933   27.324 -29.8895 -45.8496 53.4117 22.3457  -43.94 -1.97983   -2.036  8.78527  4.29802  7.14729 -8.74083    0.073564 -0.0874317  0.0178673   0.0027765 -0.00745677  -0.0194381 0.921482 -1.09324 -9.68811 188.962
-27.7755  18.7789  50.7174  27.4174 -29.7315 -46.0195   53.156  21.0919 -44.0572 -1.97678 -2.02922  8.77564  4.25598  7.25741 -8.79304   0.0748901 -0.0878929  0.0178034  0.00277927 -0.00745402  -0.0194544 0.921482 -1.09323 -9.68809 189.212
-28.6183  17.4717  49.6511  27.7243 -29.1063 -46.6945  51.9404  19.6089 -44.9837 -1.95825 -2.03474  8.75882  4.02021  7.62415 -9.00388   0.0727036 -0.0876794  0.0172015  0.00283822 -0.00741617  -0.0196734 0.921452 -1.09316 -9.68802 190.182
-28.6312  16.7592  51.9104  27.7503 -29.0897 -46.7749   51.468  20.3075 -45.1839 -1.82781 -2.01871  8.82998  3.86452  7.54325 -8.90495   0.0729368 -0.0848902  0.0139172  0.00294168 -0.00748236  -0.0201762 0.921253 -1.09297 -9.68786 190.268
-31.9184  17.2146  51.4478  28.0962 -28.5205 -47.5172  51.2225  20.0444 -44.8216 -1.83718 -2.00386  8.84473  3.66052  7.86611 -9.16804   0.0722194 -0.0852504  0.0128749   0.0029673 -0.00745568  -0.0198827 0.921298 -1.09311 -9.68786 191.265
-31.1341  18.6923  55.1686  28.2058  -28.649 -47.6641  51.0695  19.9299 -48.8428 -1.83767 -1.92233  8.99614  3.51179  7.69634 -9.09028   0.0717428 -0.0847816 0.00710972  0.00353218 -0.00759663  -0.0199752 0.920976 -1.09332 -9.68755 191.489
-34.4102  19.6407  54.9877  28.6345 -28.6053 -48.1599  50.8055   20.008 -49.2473 -1.82793 -1.82269  9.08917  3.47813  7.73209 -9.27215   0.0720525  -0.086035 0.00638318  0.00393244 -0.00727626  -0.0185463 0.921216 -1.09412 -9.68729 192.146
-34.1932  19.5663   55.294  28.6535  -27.971 -48.4729  49.4404  18.4441 -50.3493 -1.84735 -1.84729  9.02845  3.23453   8.0808 -9.21404   0.0687361  -0.084761 0.00598949  0.00411881 -0.00742099  -0.0203508 0.920838 -1.09343 -9.68707 192.853
-37.4456  17.9172   54.759  29.2278 -27.5859 -48.9459  48.7057  20.3938 -47.9064 -1.89066 -1.70463  9.04464  3.41191  8.31737 -9.39621   0.0694748  -0.083116 0.00814599 0.00374587 -0.0069636 -0.0193928 0.921343 -1.09364 -9.68702 193.691
-39.541  17.463 56.0893  29.4887 -27.1443 -49.4449 48.0018 21.2995 -48.152 -1.90473 -1.66789  9.04517  3.27755  8.54075 -9.50985   0.0696112 -0.0817463 0.00782467  0.00370451 -0.00687154  -0.0192218 0.921429 -1.09369   -9.687 194.407
-39.276 16.1713 56.9511  29.8048 -26.6743 -49.9203  46.1069  21.8203 -48.5759 -1.9513  -1.615 9.02652  3.27161  8.76078 -9.63732   0.0662234 -0.0794957 0.00906226  0.00352398 -0.00669714  -0.0188221  0.92165 -1.09378 -9.68702 195.146
-41.3613  17.9135  58.3681  29.8144 -26.1889 -50.3879   46.346  21.7966 -49.3701 -1.93333 -1.67894  9.03037  2.94728   8.9897 -9.67158   0.0667961 -0.0802269 0.00738466  0.00370748 -0.00674764  -0.0196328 0.921428 -1.09352 -9.68692 195.82
 -42.86 18.8785  59.535   29.852   -25.66 -50.8442   46.892  22.9333 -49.2464 -1.93561 -1.74826  9.02088  2.69006  9.25092 -9.73472   0.0672392 -0.0795174  0.0067525  0.00371323 -0.00668318  -0.0204217 0.921342 -1.09318 -9.68686 196.52
-44.666 19.9478 59.8895  29.9549 -25.1088 -51.3298  45.9787  22.4545 -50.0635 -1.94583 -1.77191  9.00589  2.49482  9.49376 -9.82059   0.0677308 -0.0786698 0.00702101  0.00372675 -0.00663981  -0.0208798 0.921287   -1.093 -9.68679 197.262
-45.3011  21.3947  59.7268  30.0798 -24.5384 -51.7943  45.5861  21.8224 -50.0784 -1.97299 -1.78252  8.99936   2.354 9.74798 -9.8863   0.0662186 -0.0782818 0.00757365  0.00372483 -0.00662876   -0.021465 0.921195 -1.09274 -9.68671 198.008
-47.612 23.0894 59.9916  30.1282 -23.8739 -52.3158  45.6428  22.2254 -50.2646 -2.03644 -1.84869  8.99427  2.11736  10.0655 -9.96586   0.0671593 -0.0777469 0.00774243  0.00376699 -0.00661045  -0.0224807 0.921034 -1.09231  -9.6866 198.854
-47.3749  24.1992  59.6751  30.2687 -23.3079 -52.7927 44.4883 21.1289 -50.697 -2.05453 -1.84003  8.98867  2.00394  10.3087 -10.0282   0.0645109 -0.0765745 0.00890012  0.00378785 -0.00656637  -0.0227629  0.92099 -1.09221 -9.68652 199.607
-48.7358  26.0394  59.2441  30.4101 -22.7242 -53.2926  43.6009   19.508 -51.1587  -2.0813 -1.83246  8.99754  1.88624  10.5626 -10.0896   0.0645948 -0.0764666 0.00925848  0.00374789 -0.00654931  -0.0230709 0.920949 -1.09206 -9.68645 200.388
-48.3607  26.7625  59.4455  30.5468 -22.0594 -53.7719   42.949  18.8888 -51.4308 -2.12263 -1.81589  9.00163  1.74608    10.85 -10.1254   0.0630474 -0.0749773  0.0102596  0.00379217 -0.00655823  -0.0239005 0.920745 -1.09171 -9.68629 201.219
-48.8523  27.8931  59.6215  30.6762 -21.4823 -54.1955  41.5769  18.0073 -51.9339 -2.14012 -1.78409  9.00987  1.61395  11.0755 -10.1482   0.0628595 -0.0744824  0.0104249 0.00384097 -0.0065452 -0.0245144 0.920573 -1.09148 -9.68613 201.947
-46.9588  28.3643  60.1916  30.7681 -20.9107 -54.7749   39.642  16.6067 -52.7816  -2.1437 -1.79645   9.0269  1.51749  11.2598 -10.2545   0.0593184 -0.0730093  0.0114308  0.00381842 -0.00652282  -0.0242211 0.920641 -1.09161 -9.68619 202.766
-48.532 29.3308 60.0569   30.867 -20.2957 -55.2172 38.7466 16.2425 -53.118 -2.16635 -1.78834  9.03209  1.39648   11.477 -10.2722   0.0602814 -0.0725759  0.0123499  0.00380715 -0.00648211  -0.0248966 0.920495  -1.0913 -9.68606 203.53
-48.5524  30.6121  60.6291  30.9273 -19.5876 -55.7718  38.2469  15.8432 -53.3616 -2.19896 -1.80873  9.03248  1.23671  11.7256 -10.3217   0.0592698 -0.0711975  0.0130036  0.00379245 -0.00647298  -0.0254294 0.920377 -1.09106   -9.686 204.431
-49.7528  32.3899    60.45  30.9648 -18.8874 -56.2503  38.3757   15.135 -54.1388 -2.28598 -1.85279  9.04144  1.06857  12.0246 -10.3515   0.0594704 -0.0712452  0.0135552  0.00389275 -0.00634704  -0.0265523 0.920145 -1.09059 -9.68577 205.28
-49.2933  34.2153  61.4197  31.0142  -18.253 -56.8064  38.3305  14.8174 -54.0865 -2.27492 -1.84677  9.03762 0.914206   12.224 -10.4414    0.058621 -0.0699158  0.0136503 0.00391069 -0.0063662 -0.0264251 0.920154 -1.09066 -9.68579 206.125
-49.3026  36.0072   61.684  30.9849  -17.641 -57.2175  38.0255  13.6321 -55.7907 -2.31204 -1.84851  9.04485 0.698883  12.4872 -10.4403   0.0586496 -0.0702922  0.0140322 0.00413107  -0.006352  -0.027493 0.919761 -1.09028 -9.68556 206.863
-48.3317  36.3742  61.6115  31.2352  -16.829 -57.7412  37.4954  12.8564 -54.4342 -2.39042 -1.78588  9.08142 0.624077  12.7531  -10.465    0.058272 -0.0679523  0.0163229 0.00413136 -0.0062532 -0.0280838 0.919655 -1.09002 -9.68535 207.861
-47.4294  38.1881  63.0023   31.271 -16.2455 -58.0728   37.677  11.7197 -55.2408 -2.41357 -1.69121   9.1003  0.45092  12.9578 -10.4221   0.0594962 -0.0672721  0.0157609  0.00442639 -0.00638361  -0.0291099 0.919124 -1.08969  -9.6851 208.533
-44.881 39.0435 63.8258  31.4169 -15.4926 -58.6187 36.1197 10.6474 -54.674 -2.44404  -1.6419  9.13727 0.332132  13.1439 -10.4594   0.0585735 -0.0652019  0.0169101  0.00442646 -0.00637356  -0.0293416 0.919035 -1.08958 -9.68501 209.475
-43.6689  41.3928  63.9998  31.3596 -14.8843 -58.9295  37.0436  9.26875 -55.6011 -2.48859  -1.5405  9.16008 0.133596  13.4079 -10.3771   0.0588837 -0.0671358  0.0166904  0.00486746 -0.00666398  -0.0308139 0.918217 -1.08909 -9.68474 210.16
-41.8311  40.2706   63.173  31.4807  -14.078 -59.5165  35.2984   8.6956 -53.9063  -2.4984 -1.51615  9.19199 -0.0158716    13.5927   -10.4154    0.058745 -0.0652183  0.0204948  0.00486754 -0.00661875   -0.030861 0.918206 -1.08907 -9.68469 211.165
-41.3912  40.8193  62.7018  31.5922 -13.5396 -59.7295  36.4274  8.64747 -53.5551 -2.48383 -1.38142  9.22418 -0.130646    13.773  -10.3267    0.060321 -0.0656874   0.021472  0.00509375 -0.00646389  -0.0318581 0.917806 -1.08873 -9.68433 211.755
-38.0302  40.7393  63.8712  31.6735 -12.7128 -60.3328  33.7014  6.93409 -53.8787 -2.48854 -1.33187  9.28318 -0.270974   13.9658  -10.3657   0.0603889 -0.0648658  0.0222118   0.0051026 -0.00642153  -0.0320238 0.917714 -1.08865 -9.68425 212.781
-30.6683  38.6045  68.3524  31.7086 -11.7257 -60.9239    29.56  6.36041 -55.5908  -2.59191 -0.989723   9.40237 -0.189812   14.2693  -10.2723   0.0555094 -0.0618899  0.0217852   0.0036747 -0.00926959  -0.0337691 0.916197  -1.0869 -9.68534 213.932
-27.2218  35.4109   68.252  31.6957 -10.7358 -61.6885  28.5421  7.27199 -53.2641 -2.61612 -1.04607  9.42753 -0.388589   14.4843  -10.3688   0.0546618 -0.0599974  0.0249987  0.00356972 -0.00937469  -0.0337399 0.916217 -1.08684 -9.68546 215.183
-25.4168  34.2806  68.9921   31.621 -10.4207 -61.8561 28.5834 7.65103 -52.942  -2.38294 -0.957709      9.52 -0.51517  14.4753 -10.2011   0.0550421 -0.0598475  0.0243178  0.00326676 -0.00936238  -0.0344528 0.915923 -1.08638 -9.68545 215.548
-21.8639  31.3145  70.1138  31.5899 -9.49941 -62.5163  27.8227  8.57903 -52.8621  -2.37199 -0.954538   9.54239 -0.684693   14.6125  -10.2416   0.0547785 -0.0590443  0.0240644  0.00325152 -0.00935241  -0.0344849  0.91591 -1.08636 -9.68545 216.682
-20.1125  29.7166  70.7283  31.0704 -9.29762  -62.565  27.4961   9.2035 -53.1534    -1.824 -0.960382   9.61206 -0.947725   14.4667  -9.92363   0.0542046 -0.0585938  0.0227067  0.00238203 -0.00954998  -0.0360833 0.915363 -1.08523 -9.68572 217.241
-18.6306   25.719  68.7521   31.053  -8.3954 -63.2269  24.9603  9.46309 -52.4556   -1.7883 -0.964443   9.68303 -1.09403  14.5789 -9.94549   0.0539036 -0.0576291  0.0252176    0.002271 -0.00949269    -0.03609 0.915394 -1.08518 -9.68574 218.36
-17.4719  23.0164  68.5661  30.9649 -8.07653 -63.4819   23.906  9.92594 -51.7383   -1.5721 -0.943932   9.80829 -1.18068  14.4938 -9.82412   0.0534826 -0.0559663  0.0251358  0.00195007 -0.00937741  -0.0364502 0.915341 -1.08489  -9.6858 218.778
-15.6829  19.9625  67.6563  30.7642 -7.27427 -64.0722  22.1932  9.96186 -52.6659   -1.4675 -0.956278   9.87312 -1.36612   14.523 -9.78961   0.0528118 -0.0555569  0.0248387  0.00204601 -0.00936712  -0.0366615 0.915203 -1.08486 -9.68581 219.794
-16.6742  12.7743  65.8197   31.386 -6.87075 -64.2274  19.1455  14.4165 -49.5797 -0.830068 -0.654793   10.1964 -1.28238  14.0144 -9.44235   0.0527153 -0.0472761  0.0284917 -0.00140014 -0.00915768  -0.0371268 0.916142 -1.08311 -9.68638 220.551
-15.7371  10.2474  66.9336  31.1306 -6.06181 -64.8489  18.4833  16.2456 -50.7724 -0.753205 -0.711131   10.2446  -1.5732  14.0359 -9.46227   0.0527295 -0.0454854  0.0257413 -0.00140556 -0.00925511  -0.0373719 0.915997 -1.08301 -9.68646 221.603
-14.2406  9.82353  67.0419   31.093 -5.60623  -65.169  17.9792  15.0748 -51.5809 -0.749552 -0.690374   10.2907 -1.66434  14.0472 -9.43484   0.0513545 -0.0455806  0.0245855 -0.00123998 -0.00916953  -0.0374781 0.915959 -1.08307 -9.68638 222.161
-13.8145  8.13596  65.9306  30.9772 -4.73711 -65.7436  17.921 16.1175 -51.607 -0.744402  -0.68574   10.3037 -1.88665  14.1248  -9.4722   0.0511814 -0.0451338  0.0243437 -0.0011439 -0.0091441 -0.0376099 0.915912 -1.08307 -9.68633 223.209
-13.3016  6.93007   66.401  30.8356 -4.30407 -66.0176  17.2983  15.7653 -52.6245 -0.68552 -0.67067  10.3731 -2.04001  14.0612 -9.33542   0.0507361 -0.0442521  0.0226598 -0.000646486  -0.00901164   -0.0381882 0.915695 -1.08317  -9.6861 223.741
-12.5956  5.79692  65.7609  30.7033 -3.59239 -66.4528  17.4008  16.0612 -52.9375 -0.658407 -0.653979   10.3941 -2.22904  14.0825 -9.32119   0.0498715 -0.0440812  0.0218118  -0.0004665 -0.00895433  -0.0385344 0.915594 -1.08316 -9.68598 224.586
-12.3185  4.41723  64.9542    30.58 -2.93493 -66.8761  16.7337  15.0873 -53.4397 -0.648717  -0.65034   10.4052 -2.39773  14.0955  -9.3471   0.0491619 -0.0432221  0.0210993 -0.000349514  -0.00890545     -0.03867 0.915561  -1.0832 -9.68592 225.377
-12.4331  3.59052  63.8753  30.4592  -2.2347 -67.3529  16.9526  16.2527 -53.0377 -0.650181  -0.65385   10.4055 -2.59535  14.1343 -9.42278   0.0487863 -0.0429374  0.0205326 -0.000387307  -0.00892452   -0.0386182 0.915572 -1.08319 -9.68595 226.233
-12.3778  2.36862  63.1995  30.2616 -1.53788 -67.7661  15.5069  16.0529 -54.1745  -0.62749 -0.661207   10.4086 -2.81018  14.1075  -9.3923    0.048062 -0.0416058   0.019352 -0.000154303  -0.00885615   -0.0390487 0.915457 -1.08321 -9.68581 227.067
-12.604 1.65759 62.4296   30.0711 -0.856261  -68.1725  15.2511  16.2224 -54.3294  -0.61025 -0.667236   10.4047 -3.01111  14.1048 -9.38309   0.0474053 -0.0410674  0.0183478 -4.48185e-06  -0.00882661   -0.0394088 0.915355 -1.08319  -9.6857 227.883
-12.2284 0.852047  61.7978   29.8046 -0.108999  -68.4968  14.4194  15.1375 -55.7491 -0.565438 -0.664108   10.3867 -3.23141  14.0536 -9.23734   0.0455555 -0.0405131  0.0171653  0.00035299 -0.00869698  -0.0404824 0.915105 -1.08313 -9.68536 228.74
   -13.646 -0.0305388    61.7588  29.5602 0.568878 -68.9068  15.8048  18.0413 -55.1137 -0.542917 -0.689658   10.3892 -3.47951  14.0624 -9.23238   0.0456258 -0.0401739  0.0159307 0.000447655 -0.00874247  -0.0409663 0.914935 -1.08302 -9.68525 229.569
-15.9141 -1.08065  62.4013  29.1009  1.32597 -69.3428  15.2692  19.3729 -56.1022 -0.497322 -0.810712   10.3747 -3.83386  14.0531 -9.19898   0.0463681 -0.0391648  0.0140415 0.000682934 -0.00874672  -0.0419308  0.91462 -1.08282 -9.68505 230.556
-16.6317 -1.65981  61.8111  28.8546  2.01137 -69.7563 15.3725 20.7026 -55.848 -0.481531 -0.836409   10.3705 -4.05601  14.0668 -9.20902   0.0450401 -0.0390266  0.0141123 0.000744426 -0.00873532  -0.0422679 0.914528 -1.08275 -9.68497 231.394
-16.6143 -2.17636  62.9138  28.4175  2.80823 -70.0802  13.1268  20.7154 -58.1173  -0.45007 -0.900206   10.3207 -4.36007  13.9964 -9.07371  0.0425059 -0.037698  0.012281  0.00107238 -0.00873441  -0.0436505 0.914119 -1.08256  -9.6846 232.359
-18.6432 -2.77306  63.7135  28.0913  3.49059 -70.4594  12.9408  22.1886 -57.8888   -0.4053 -0.935463   10.3192 -4.62136  13.9353  -9.0095   0.0420332 -0.0363143  0.0116045  0.00122711 -0.00873726  -0.0443431  0.91392 -1.08252 -9.68441 233.205
-24.0246 -2.91849  66.6524  28.3246  3.68608 -70.4424  13.9031  24.4241 -60.7118 -0.0514166   -1.02789    10.4221 -4.92033  13.2584 -8.59045   0.0455003 -0.0347883 0.00923213 0.000871495 -0.00515528  -0.0455588 0.915855  -1.0834 -9.68297 233.509
-24.7137 -3.34707  68.5548  27.4492  4.67722 -70.9727  13.1752  24.4912 -60.9906 0.0620564  -1.31386   10.3683 -5.43587  13.3663 -8.58136   0.0432731 -0.0329209 0.00782374 0.000454861 -0.00557127  -0.0472268 0.915216 -1.08237 -9.68288 234.934
 -25.315 -4.06103  69.7667   27.113  5.13749 -71.1915  11.6959  24.3392 -61.9934 0.177818 -1.34915  10.3566 -5.73144  13.1952 -8.42764   0.0424611 -0.0316388  0.0074536 0.000542222 -0.00542747  -0.0480638 0.915089 -1.08244  -9.6826 235.545
-24.2547 -4.25376  71.4728  26.7724  6.02553 -71.7369  10.4346  21.4432 -62.7666 0.145312 -1.34723  10.3474 -5.93751  13.1995 -8.44065   0.0401342 -0.0315133 0.00695957 0.000484916 -0.00533817  -0.0479837 0.915169 -1.08239 -9.68262 236.641
-22.6169 -5.59435  70.5815  26.4461  6.57639 -72.2204 8.32785 19.1956 -61.743 0.140371 -1.44356  10.3835 -6.07488  13.3131 -8.58836   0.0378599 -0.0303092  0.0097903 0.000302118 -0.00551172  -0.0475006  0.91521 -1.08218 -9.68291 237.443
-20.4757 -5.57934  72.7086  26.0563  7.48862 -72.8153  6.83191  16.7081 -62.4308 0.127361 -1.43746  10.4035  -6.2139   13.314 -8.65773   0.0360044 -0.0293195 0.00944113 0.000255241 -0.00548041  -0.0475248 0.915233 -1.08217 -9.68293 238.6
-20.4206 -6.25715  73.4886 25.8557 7.80151 -73.026  5.38055  17.9681 -62.4586 0.172889 -1.38514  10.4149 -6.32583  13.1711 -8.62582   0.0361677 -0.0276831 0.00925522 0.000397215 -0.00559438  -0.0477307 0.915103 -1.08237 -9.68292 239.027
-19.0703 -5.01034  74.5448  25.3976  8.65111 -73.6865 3.80894  15.202 -62.553 0.185997 -1.41232  10.4205 -6.48463  13.0748 -8.74331   0.0342133 -0.0271482 0.00844595 0.000381488 -0.00553785  -0.0472375 0.915277 -1.08245 -9.68308 240.197
 -18.5965 0.0979561   77.4907  24.7243  8.23889 -74.1007  6.54238  12.6922 -66.3966 0.373578 -1.43753  10.5393 -6.84362  12.6531 -8.74829   0.0335884 -0.0310665 0.00369067   0.0015552 -0.00652769  -0.0464136 0.914696 -1.08366 -9.68359 241.088
-18.5451 0.652049  76.8671  24.4366  9.47932 -74.5276   4.9021  13.6019 -65.2779 0.252086 -1.35824  10.5024 -6.90856  12.6753 -8.57736   0.0341468  -0.028409 0.00498258  0.00134235 -0.00642883  -0.0476449 0.914449 -1.08323 -9.68315 242.431
-18.4323  2.07386  77.2543  24.2436   9.9635 -74.7132  4.50456  12.9474 -65.7559 0.133564 -1.31341  10.5244 -6.94945  12.6826 -8.45704    0.034343 -0.0279023 0.00434469  0.00171707 -0.00663568  -0.0484529    0.914 -1.08331 -9.68287 242.985
-19.993  6.9267 74.7933  23.7579  10.9454 -75.3608  6.47306  13.2362 -66.3737 0.0574085  -1.33928   10.6136 -7.12921  12.7174 -8.44702   0.0355837 -0.0285751 0.00581484  0.00175302 -0.00673145  -0.0489135 0.913769 -1.08321  -9.6827 244.257
-19.5228  9.00698  73.6974  23.5457  11.5276 -75.6548   6.6013  12.0596 -66.1174 -0.144691  -1.37198   10.7274  -7.1761  12.8975 -8.36501   0.0345027 -0.0292618 0.00679578  0.00220802 -0.00688696  -0.0498084 0.913257 -1.08327 -9.68232 244.943
-21.8756  10.9527  72.0313  23.0232  12.4547 -76.2965  9.69056  15.0827 -65.6809 -0.158811  -1.39605   10.7791 -7.41286  12.9165 -8.38788   0.0364828 -0.0284863  0.0084669  0.00219606 -0.00693547  -0.0498975 0.913187 -1.08323 -9.68228 246.186
-20.5678  11.4505  70.8113  22.8184  12.8551 -76.5232  9.28528  13.6763 -65.0625 -0.170947  -1.38358   10.8008 -7.47577  12.9344  -8.3429   0.0346981 -0.0288215 0.00976247  0.00220786 -0.00695521  -0.0501387   0.9131 -1.08326  -9.6822 246.69
-20.8917  11.4588  70.4727  22.2801  13.7693 -77.0698  9.67834  13.0951 -65.1175 -0.189315  -1.37511   10.8151  -7.6749  12.8903 -8.28185   0.0348153 -0.0274145  0.0101023  0.00225194 -0.00698977  -0.0504994 0.912959  -1.0833 -9.68206 247.883
-19.5452  12.2256  69.9789  22.0614  14.1457 -77.3369  9.26006  11.6139 -65.2264 -0.185582  -1.37936   10.8298 -7.74751  12.8579 -8.29269   0.0329751 -0.0277218  0.0102487   0.0022258 -0.00697179   -0.050414 0.913001 -1.08329 -9.68211 248.394
-19.4472  11.7581  70.4252  21.5173    15.05 -77.9391  8.73822  10.0356 -65.3079 -0.183108  -1.38211   10.8273 -7.94937   12.767 -8.30761   0.0327067 -0.0259831 0.00985079  0.00220889 -0.00695036   -0.050272 0.913061 -1.08328 -9.68217 249.609
-18.4192  12.2455  70.9728 21.3111 15.4174 -78.184  8.53177  8.22218 -65.9704 -0.195996  -1.37331   10.8404 -8.00316  12.7308 -8.29864    0.031449 -0.0263309 0.00905976  0.00221269 -0.00690948  -0.0502606 0.913088  -1.0833 -9.68217 250.096
-17.9045  11.7714  70.2544  20.6933  16.3298 -78.9094  8.45235  6.41955 -66.1852 -0.163983  -1.42779   10.8263 -8.25305  12.6027 -8.45891   0.0307883 -0.0259478 0.00978275  0.00212164 -0.00698269  -0.0494751 0.913284 -1.08315 -9.68248 251.415
-12.9234  9.93452  69.0983 19.4221 17.3411 -79.883  4.68662 0.486541 -64.9527 -0.208536  -1.90627   11.0211  -8.8722  12.9646 -8.80465   0.0249401 -0.0241601  0.0131162 0.00178504 -0.0098008 -0.0500858 0.911374 -1.08151 -9.68278 253.309
-10.7588  8.50892   70.033  18.7124  18.3421 -80.6146    4.402 -1.79026 -65.8564 -0.226797  -1.96578    11.047 -9.03624  12.8891 -8.83213    0.022395 -0.0238998  0.0124447 0.00166495 -0.0100475 -0.0499488 0.911267 -1.08128 -9.68286 254.738
-9.70412  7.64336  70.1647 18.4116 18.7995 -80.957  3.86114  -3.7858 -66.1665 -0.251665  -2.01298   11.0731 -9.09822  12.8972 -8.85776  0.0210842 -0.024216 0.0125455  0.0015806  -0.010145 -0.0498293 0.911236 -1.08115 -9.68289 255.383
-8.56131  3.65927  71.8199  17.7615   19.669 -81.5598  3.03672 -5.23523 -66.3493 -0.243168  -2.00719   11.0736 -9.16962  12.7384 -8.77272    0.019511 -0.0236044  0.0113353 0.00162713 -0.0101204 -0.0499086  0.91123 -1.08118 -9.68289 256.625
-6.59083 0.848475    73.48  17.5584  20.1658 -81.9459 0.880069 -8.02731 -67.5412 -0.313777  -2.03036   11.1515 -9.14056  12.7298 -8.79495  0.0169853 -0.022817 0.0101307 0.00145461 -0.0101307 -0.0497106 0.911286 -1.08102 -9.68295 257.286
  -6.742 -4.14362  75.0447  16.8004  20.8027 -82.4602 0.629908 -7.90663 -68.1003 -0.186307  -2.00786   11.1527 -9.25116  12.3443  -8.6513   0.0167333 -0.0230511 0.00913562 0.00165849 -0.0101748 -0.0502286 0.911143 -1.08119 -9.68293 258.402
-5.80821 -8.37159  75.7842   16.696  21.4916 -82.8437 -2.10258  -9.2346 -67.7694 -0.353535  -2.01947   11.1829 -9.19031  12.4908 -8.72429   0.0156236 -0.0216829 0.00910909 0.00131349 -0.0101424  -0.049756 0.911289 -1.08091 -9.68293 259.197
-6.33934 -12.8303  74.9264  15.9652  22.2208 -83.4316 -1.37136 -8.46822 -68.3048 -0.291481  -2.03462   11.1967 -9.31889  12.1873 -8.69591   0.0162426 -0.0233403  0.0105995 0.00150686 -0.0101679 -0.0499617 0.911203 -1.08105 -9.68293 260.385
-7.67703 -14.2637  75.4513  15.6529  22.6032 -83.7017 -0.135477  -7.93665  -68.0349 -0.284438  -2.04563   11.2011 -9.37483  12.1157 -8.68087   0.0173203 -0.0243106  0.0102816  0.0015048 -0.0101524  -0.050045 0.911189 -1.08106  -9.6829 260.948
-7.89304 -19.0387  77.7675  14.9434  23.2838 -84.3037 -1.16345 -8.29762 -68.5487 -0.206304  -2.06433   11.2612 -9.48421  11.7883    -8.63   0.0165738 -0.0238816 0.00872639 0.00160997 -0.0101656 -0.0503963 0.911106 -1.08115  -9.6829 262.101
-8.35996 -21.1324  78.6246   14.623  23.6104 -84.5959 -1.58574 -8.56316 -68.7215 -0.169652  -2.06034   11.2921 -9.52138  11.6286 -8.60896   0.0166749 -0.0237075  0.0082398 0.00164135 -0.0101675 -0.0505342 0.911085 -1.08119 -9.68291 262.644
-8.81116 -24.6131   80.043  13.9941  24.3086 -85.1724 -2.14175 -7.86808 -68.8228 -0.137251  -2.06021   11.3264 -9.59167  11.3897 -8.60316   0.0163117 -0.0235025 0.00748437  0.0016626 -0.0101725 -0.0506522 0.911066 -1.08123 -9.68293 263.746
-10.5075 -26.3318  79.5026  13.9945  24.8304 -85.4862 -2.10186 -7.20172 -67.8433 -0.211661  -1.94914   11.2888 -9.46702  11.4672 -8.67806   0.0178928 -0.0234172 0.00876614  0.00111187 -0.00988376   -0.049655 0.911588 -1.08093 -9.68314 264.355
-10.2306 -27.6437  80.5266  13.3789  25.3989 -85.9159 -2.06063 -8.04734 -68.5741 -0.148483  -1.94311   11.3032 -9.55717   11.172 -8.60195   0.0171408 -0.0237009 0.00774283 0.00127513 -0.0100237 -0.0503145 0.911351 -1.08109 -9.68302 265.297
-10.7315 -29.3909  81.4655  12.9794  25.8298 -86.2714 -2.92647 -8.36799 -68.5232 -0.112632   -1.9239   11.3208 -9.59919  10.9816 -8.57438   0.0173095  -0.022665 0.00699532 0.00129944 -0.0100305 -0.0505245 0.911319 -1.08116 -9.68301 265.984
-10.9526 -30.8684  82.7076  12.5176  26.2683 -86.6126 -4.15729 -9.93894 -68.9908 -0.00585604    -1.86474     11.3312 -9.64316  10.6354 -8.47711   0.0171854 -0.0220686 0.00572233 0.00125687 -0.0101057 -0.0511822 0.911196 -1.08131 -9.68294 266.706
-11.8728  -34.563  84.4411 12.0703 26.5292 -87.097 -7.76967 -7.61709 -69.2102 0.267745 -1.77838  11.4473 -9.75313  10.1107 -8.47386   0.0177279 -0.0190031 0.00456714 0.00081096 -0.0103617 -0.0516129 0.911147  -1.0813 -9.68318 267.415
-11.7335 -35.8796  84.8712  11.5923  26.9684 -87.5144 -7.96575 -6.21929 -69.0261 0.323468 -1.76755  11.4617 -9.83272  9.88818 -8.46566   0.0171949 -0.0186989 0.00438171 0.000721898  -0.0103999  -0.0516962 0.911141  -1.0813 -9.68321 268.187
-13.5365 -38.2601  87.2986  11.0851  27.3338 -87.9603 -10.2251 -4.14077 -69.9535 0.423485 -1.75064  11.5065 -9.95872  9.50346 -8.45016   0.0182823 -0.0169835 0.00274423 0.00074469 -0.0103727 -0.0520443 0.911125 -1.08151 -9.68326 268.955
-13.5362 -39.6915  87.9239  10.5959  27.7117 -88.3913 -10.6422 -2.19758 -70.1233 0.480317 -1.75588  11.5381 -10.0685  9.26085 -8.46728   0.0180475  -0.016448 0.00245441 0.000730091  -0.0103674  -0.0521311 0.911131 -1.08159 -9.68331 269.708
 -15.479 -41.9899   90.027  10.0623  28.0994 -88.8751 -12.7177 0.308591 -70.9721 0.550383 -1.74669  11.5741 -10.2092  8.92916 -8.50823   0.0194151 -0.0147183 0.00126058 0.000716761  -0.0103603  -0.0522485 0.911148 -1.08171  -9.6834 270.526
-16.0385 -43.4837  91.3866  9.54862  28.3477 -89.2295 -14.0614  1.55013 -71.6435 0.729029 -1.74536  11.5632  -10.353  8.49353 -8.52627    0.019487  -0.013485 0.00032205 0.000481092  -0.0102583  -0.0526953 0.911208 -1.08186 -9.68341 271.198
 -17.368 -45.4822  95.3872  8.88183  28.4472 -89.6509 -18.0832 0.527264 -73.1636   1.1525 -1.67909  11.5242 -10.5627  7.75384 -8.59884    0.0189216  -0.0105891 -0.00288729 -0.000320033   -0.0105839   -0.0533482 0.911143 -1.08183 -9.68364 271.993
-16.4679  -48.493  94.6276  8.58383  28.6514 -89.5656 -20.827 1.96488 -72.124  1.44178 -1.41427   11.277  -10.474  7.12774 -8.46746    0.0182597 -0.00705878 -0.00235644 -0.00132596  -0.0110111  -0.0545121 0.910934 -1.08168 -9.68343 272.364
-15.8703 -49.9548  97.6723  8.38353  28.4671 -90.0307 -23.9324 -1.26977 -72.5063   2.04243 -0.850417   11.2501 -10.3762  6.21193 -8.61623    0.0158063 -0.00371508 -0.00529579 -0.00280811  -0.0127837  -0.0542842 0.910517 -1.08108 -9.68449 272.903
-11.1503 -54.5625  93.7859   7.9401  28.7183 -89.4278 -29.3307 -1.20049 -68.9227  2.36408 -0.32733  10.7046 -10.0976  5.44186 -8.29775    0.0130885  0.00323582 -0.00396175 -0.00431361  -0.0151355  -0.0566051 0.908947 -1.08045 -9.68388 273.693
-10.0146 -53.4572  92.5126  7.57624  28.9832 -89.6291 -30.1293 -1.21317 -68.3679   2.38063 -0.182448   10.6132 -10.0199  5.00665 -8.25124     0.013019  0.00458759 -0.00379471 -0.00450396  -0.0152849  -0.0571188 0.908812 -1.08053 -9.68374 274.186
-9.48609 -51.5997   92.363  7.09861  29.3343 -89.6171 -31.3428 -2.21255 -67.6137   2.27435 -0.140782   10.5158 -9.98265    4.579 -8.07086   0.0128458 0.00602333  -0.004474 -0.00437718  -0.0151869  -0.0587797 0.908429 -1.08119 -9.68303 274.779
-8.41578 -48.6654  91.2158  6.59316  29.5752 -89.9656 -31.409 -1.9567 -67.613   2.25922 -0.143184   10.5039 -10.0126  4.24646 -8.10897   0.0128838 0.00633736 -0.0043134 -0.00437714  -0.0151804  -0.0590019 0.908371 -1.08126 -9.68292 275.438
-7.64076 -43.9846   90.459 5.98852 29.8358 -90.442 -31.5771 -2.41848 -67.1831   2.25297 -0.142335   10.5077 -10.0509  3.83762 -8.17784    0.0127579  0.00606478 -0.00450408 -0.00440285  -0.0151843  -0.0590923 0.908347 -1.08127 -9.68288 276.251
-6.65927 -40.9105  89.7248   5.5977  29.9685 -90.8025 -31.4418 -3.67276 -66.8598   2.26609 -0.140951   10.5195 -10.0728  3.58413 -8.25003    0.0122473  0.00602524 -0.00435726 -0.00438544  -0.0151803  -0.0589618 0.908386 -1.08123 -9.68296 276.799
-5.71275 -36.7381  88.4111  4.98341  30.2737 -91.2679 -31.3661 -3.78658 -66.3334   2.22376 -0.128186   10.5633  -10.083  3.19363 -8.25128    0.0122145    0.006527 -0.00384342 -0.00458682   -0.015205  -0.0594262 0.908262 -1.08131 -9.68271 277.628
-6.05303  -34.433  88.6945 4.61827 30.3565 -91.563 -31.4816 -3.36208 -66.6218   2.23016 -0.128295   10.5424 -10.1266  2.94249 -8.30444    0.0125228  0.00688804 -0.00444851 -0.00452558  -0.0151909  -0.0593391  0.90829 -1.08132 -9.68276 278.104
-4.47929 -30.4966  86.5061  4.11249  30.7894 -92.0158 -31.9907 -3.36119 -65.1787   2.05941 -0.041295   10.7608 -10.0593  2.66036 -8.14838    0.0121112   0.0068922 -0.00302828 -0.00503154  -0.0153775  -0.0605775 0.907879 -1.08172 -9.68214 278.909
-7.61864 -28.2686  87.1616  4.34807  30.7149 -92.2841 -30.7065 -0.95163 -65.3029  2.08443 0.135911  10.7011 -9.9753 2.40629 -8.2645    0.0147795   0.0067154 -0.00465828 -0.00481529  -0.0144591  -0.0594898 0.908803 -1.08162 -9.68266 279.274
-5.03159 -24.8897   85.951  3.63307  30.9956 -92.8276 -32.5588 -3.53706 -63.3015  2.04125 0.132736  10.8055 -10.0015  2.03583 -8.22668    0.0123689  0.00723743 -0.00380025 -0.00522077  -0.0146867  -0.0601049 0.908521 -1.08168 -9.68233 280.215
-3.88855 -22.4268  87.5674  2.85559  30.9368 -93.1304 -32.8809   -6.231 -64.6591    2.12617 -0.0358523    10.6914 -10.1542  1.70013 -8.33707    0.0102348  0.00681681 -0.00487558 -0.00481849  -0.0149857  -0.0601048 0.908267 -1.08172 -9.68242 281.052
 -1.4001 -18.5398  86.2928  2.15136   31.063 -93.7533 -32.6424 -9.21294 -63.5766    2.13959 -0.0465746    10.7316 -10.1563  1.27307 -8.38441   0.00823271  0.00647797 -0.00388001 -0.00480795   -0.014997  -0.0600333 0.908277 -1.08164 -9.68248 282
 1.79931 -17.4673  85.0938  1.10351  30.9282 -93.9767 -34.2519 -12.1255 -61.8575    2.2347 -0.315585   10.5014 -10.3509 0.875805 -8.47958   0.00613277  0.00733087 -0.00182297 -0.00406579  -0.0156067  -0.0603132 0.907694 -1.08194 -9.68249 283.08
4.81037 -15.194 85.2801 0.321776  30.9978 -94.6122 -34.1919 -15.4105 -61.5832   2.25811 -0.349039   10.5222  -10.306 0.429315 -8.55185   0.00277383  0.00740034 -0.00177379 -0.00407361  -0.0156938  -0.0602262 0.907654 -1.08179 -9.68255 284.09
 6.36204 -14.3325  85.2658 0.457965  31.0152 -94.7947 -34.7294 -16.9499 -61.3339  1.94832 0.189081  10.6681  -9.9586 0.414424 -8.32837  0.00149285 0.00721559 -0.0014347 -0.00320399  -0.0173659  -0.0604767 0.906553 -1.08248 -9.68288 284.318
 8.65233 -12.3532  86.8478 -0.169984   31.0449  -95.3607 -35.6346 -20.0816 -60.8784 1.86626 0.28888   10.73    -9.75709 0.000822559    -8.29468  -0.00157512  0.00665178 -0.00248854 -0.00303527  -0.0177018  -0.0606769 0.906294 -1.08267 -9.68288 285.164
 10.6705 -10.4182   88.187 -0.0310787     31.027    -95.477 -35.3668 -23.3463 -61.7409  1.45124 0.917134  10.8033  -9.32134 0.0183175   -8.0577  -0.00372032  0.00501826 -0.00282598 -0.00151341  -0.0199027  -0.0607387  0.90486 -1.08345 -9.68341 285.346
 13.1822 -9.26826  89.5541 -0.659068   31.0481  -96.0774 -37.2016  -27.746 -61.0323  1.43204 0.929682  10.8566  -9.08264 -0.400151  -8.09969  -0.00699208  0.00464808 -0.00374525 -0.00148445  -0.0199309  -0.0607206 0.904848 -1.08338 -9.68346 286.215
 17.4576 -6.45398  92.6879 -0.231578   30.4884  -95.7757 -35.9317 -33.7629 -63.8087 1.02231 2.05905  10.506 -8.29906 -0.59527 -7.69712   -0.0119351  0.00141656 -0.00519992 0.000841177  -0.0232529  -0.0610146 0.902849 -1.08491 -9.68432 286.981
19.0023 -6.4441 92.3704 -0.81219  30.4784 -96.3878 -36.2617 -35.9579 -62.4522 1.03541  2.0121 10.5687  -8.06145 -0.982996  -7.78042   -0.0134439  0.00130819 -0.00490045 0.000858557  -0.0230923  -0.0608973  0.90296 -1.08482 -9.68439 287.825
 20.6097 -7.57672   90.775  -0.9393  30.4148 -96.6364 -39.1747 -36.8835 -59.4386 1.06168 2.07885 10.6019 -7.88933 -1.17662 -7.78618   -0.0146555  0.00283583 -0.00397133 0.000880264  -0.0229483  -0.0609234 0.903129 -1.08486 -9.68449 288.112
 22.6773 -7.89567  92.0938 -1.47775  30.3406  -97.203 -38.9147 -40.1317 -59.9042 1.06303 2.07458 10.6133 -7.54138 -1.57996 -7.87745   -0.0173086  0.00161801 -0.00515655 0.000807893  -0.0229559  -0.0608257 0.903127 -1.08469 -9.68451 288.897
 24.6183 -8.30206  91.3044 -1.75715  30.3626 -97.5259 -41.1704  -42.801 -57.5846 1.06625 2.05767 10.6946 -7.41716 -1.73284 -7.94084  -0.0190987 0.00165696 -0.0043668 0.000790098   -0.023198  -0.0607441 0.902969 -1.08455 -9.68459 289.324
 26.7871 -9.60504  92.3759 -2.23276  30.2121 -98.0798 -41.9006 -46.1531 -57.3229 1.06875 2.06017 10.6987 -6.98203 -2.11219 -7.98777   -0.0217392 8.32769e-05 -0.00584877 0.000788302  -0.0230484  -0.0607574 0.903074 -1.08451 -9.68461 290.07
 26.6975 -10.9319  91.8787 -2.43187  30.1344 -98.3216 -42.1918 -46.3319 -56.7824 1.07011 2.06378 10.6982 -6.81102  -2.2706  -7.9976   -0.0214901 -6.1905e-05  -0.0060788 0.000822502   -0.022994  -0.0607709 0.903117 -1.08455 -9.68462 290.392
 27.6233 -13.5106  90.3067 -2.86989  29.5836 -98.6554 -41.5329 -48.1135 -57.4865 1.15792 2.08572 10.5634 -6.29422  -2.7976 -7.87117   -0.0224214 -0.00184133 -0.00597453 0.00121764 -0.0223372 -0.0617867 0.903588 -1.08565 -9.68445 291.171
 27.5486 -15.0779  90.1495 -3.05328  29.3212 -98.7881 -39.9927 -48.7116 -58.7096 1.21506 2.09892 10.5002 -6.04997 -3.02964 -7.80439   -0.0224118 -0.00283413 -0.00665989 0.00125201 -0.0220633  -0.062344 0.903811 -1.08613 -9.68431 291.518
 28.1928 -19.4785  87.0587 -3.46143  29.0526 -99.2999 -39.3424 -48.8259 -59.0924 1.22513  2.1002   10.48 -5.67946 -3.40567 -7.84563   -0.0220297 -0.00327826 -0.00615437 0.00132791 -0.0220138 -0.0624519 0.903848 -1.08628 -9.68429 292.225
 28.6375 -21.2509  86.1648  -3.6328  28.6276 -99.4472 -38.2253 -49.2722 -59.7498 1.36975 2.12054 10.4058 -5.45865 -3.74998  -7.8174   -0.0221831 -0.00389501  -0.0065108  0.0016173 -0.0217577 -0.0631797 0.904136  -1.0871 -9.68427 292.707
 29.6719 -25.1768  82.3854 -3.99873  28.3283 -99.9589 -37.0707  -49.442 -60.5523 1.37621 2.12314 10.3871 -5.12705 -4.13457 -7.90481   -0.0214808 -0.00442942  -0.0054569 0.00166333 -0.0217442 -0.0632552 0.904152  -1.0872 -9.68425 293.403
 29.4872 -27.1933  81.4016 -4.11561  28.2895 -100.227 -36.9408 -49.3936 -60.4399 1.34597 2.13448 10.3816 -4.97423 -4.24743  -7.9822   -0.0207869 -0.00451669 -0.00568835 0.00142401 -0.0217281 -0.0629284 0.904131 -1.08678 -9.68425 293.698
29.9907 -30.238 79.7851 -4.40888  28.0603 -100.757 -36.7026 -49.7472 -60.6828 1.32122 2.14003 10.3591 -4.66212  -4.5395 -8.09701   -0.0206595 -0.00480463 -0.00581591 0.00123961  -0.021725 -0.0626517 0.904077 -1.08644 -9.68425 294.346
 29.9916 -31.5285  78.6801 -4.65229  27.8088  -101.02 -36.3895 -48.4837 -60.7041  1.3818 2.08979  10.419 -4.54299 -4.81829 -8.07859   -0.0202423  -0.0047117 -0.00555961 0.00138719 -0.0216775 -0.0633706 0.904234 -1.08713 -9.68409 294.784
30.5202 -32.726 77.4555 -4.92522  27.4852   -101.5 -35.9701 -48.2697 -61.0498 1.39492 2.08327 10.4315 -4.25013 -5.14882 -8.12416   -0.0202357 -0.00526966 -0.00513671 0.00143031 -0.0216466 -0.0635691 0.904306 -1.08731 -9.68405 295.424
30.2141 -33.059 76.5311 -5.13598  27.2451 -101.746 -34.0476 -47.0008  -62.552  1.4228 2.02994 10.4942 -4.05324 -5.42239 -8.04798   -0.0195135 -0.00582806 -0.00448747 0.00140577 -0.0214741 -0.0645215 0.904642 -1.08803 -9.68369 295.827
 30.8014 -33.4858  76.2684 -5.34164  26.9315 -102.118 -33.5351 -48.3905 -62.5722 1.43509 2.00273 10.5182 -3.75254 -5.71769 -8.02897   -0.0201174 -0.00698161 -0.00434278 0.00139944 -0.0213104 -0.0650771 0.904895 -1.08841 -9.68351 296.356
 30.4943 -33.9058  75.5566 -5.51352    26.64 -102.428 -31.1864 -47.7916 -64.8867 1.44957 1.97107 10.5592  -3.4897 -5.99145 -7.96905    -0.019547 -0.00787411 -0.00376473 0.00135524 -0.0211714 -0.0658305 0.905211 -1.08896 -9.68323 296.814
 30.6196 -34.5381   75.187 -5.70222  26.3203 -102.794 -29.6419 -47.1435  -66.018 1.46028 1.94718 10.5813  -3.2451 -6.25041  -7.9532    -0.019869 -0.00884967 -0.00357383 0.00133591 -0.0211239 -0.0662086 0.905346 -1.08926 -9.68309 297.335
 30.6303 -34.9016  73.9302 -5.86886  25.9929 -103.167 -28.4935  -47.522 -66.6988 1.46443 1.93952 10.5861 -2.98863 -6.48597 -7.95391   -0.0195899  -0.0097204 -0.00264488 0.00132707 -0.0211184 -0.0664093 0.905409 -1.08942 -9.68301 297.859
  30.712 -35.7954  73.7444 -6.02645  25.6661 -103.536 -26.6691 -46.0761 -68.3106 1.46982 1.92583 10.6031 -2.75545 -6.70923 -7.95323   -0.0197815  -0.0105719 -0.00280534 0.00129983 -0.0211325  -0.066638 0.905473 -1.08961 -9.68292 298.377
 31.3072 -36.7166  72.0956 -6.16343  25.2743 -103.938  -26.364 -46.2128 -68.3616 1.50337  1.9209 10.6218 -2.49592 -6.97845 -7.97468   -0.0196372  -0.0106579 -0.00198015 0.00132166 -0.0211437 -0.0669423 0.905597 -1.08988 -9.68285 298.954
 31.2445 -37.2348  71.5292 -6.31318  24.9088 -104.278 -25.0235 -44.7244 -69.3664 1.53422 1.88817 10.6569 -2.27732 -7.24021 -7.95689   -0.0191948  -0.0111129 -0.00186379 0.00121081 -0.0211565 -0.0674928 0.905783 -1.09031 -9.68263 299.475
30.4039 -36.308 71.1633 -6.45172  24.5398 -104.673 -23.3754 -43.4622 -70.5258 1.52695 1.87619 10.6716 -2.05194 -7.44619   -7.986   -0.0180664   -0.012525 -0.00113432 0.00116036 -0.0211823 -0.0676269  0.90581 -1.09042 -9.68254 300.034
 29.8733 -35.7585  71.9689 -6.55663  24.3169 -104.801 -21.5794 -43.4213 -72.0405 1.40572 1.75455 10.7247 -1.77601 -7.60403 -7.79304   -0.0178079  -0.0135928 -0.00120124 0.00086843 -0.0207658 -0.0689428 0.906434 -1.09129 -9.68189 300.311
27.3967 -33.087 75.4183 -6.70276  24.1705 -105.029  -17.618 -44.1144 -75.9816 1.25561 1.65538 10.8218 -1.51241 -7.61824 -7.62963   -0.0164582  -0.0172485 -0.00218581 0.000320699  -0.0205639  -0.0697151 0.906687 -1.09158 -9.68133 300.619
 30.0875 -29.8665  73.8355  -7.5382  24.1165 -104.884 -15.4993 -45.9546 -74.7879 0.765696  1.17231  11.0257 -1.53527 -7.51577 -7.25263   -0.0191328  -0.0189053 0.000414895 0.00129921 -0.0205211 -0.0718972 0.906728  -1.0943 -9.68028 301.469
 25.4613 -28.7701   81.729 -7.48773  23.7973 -105.294 -10.7558  -45.915 -83.5987 0.74415 1.18829 11.0753 -1.27535 -7.53967 -7.19489   -0.0163492  -0.0214913 -0.00515991 0.00125983 -0.0204415 -0.0719114 0.906838 -1.09425 -9.68032 301.991
 23.3235 -28.1615  85.3321 -7.38975  23.8473 -105.224 -9.26669 -45.6633 -87.3168 0.447316  1.12326   11.128 -0.876257  -7.42346  -6.85042   -0.0145748  -0.0212908 -0.00764672 0.000183284  -0.0199869  -0.0733655 0.907585 -1.09469 -9.67938 302.121
 22.4319 -25.0933  87.6351 -7.45551  23.5282 -105.533 -7.74807 -46.1278 -88.5747 0.404797  1.10132  11.1557 -0.644728  -7.50813  -6.81639   -0.0143221  -0.0221158 -0.00837336 4.27009e-05  -0.0199933  -0.0735524 0.907616 -1.09478 -9.67925 302.57
 21.7214 -22.7818  90.8333 -7.50219  23.4467 -105.686 -7.06818 -46.7923  -90.257 0.25912 1.07702 11.2199 -0.368521  -7.45419  -6.65473  -0.0140915 -0.0222272 -0.0101778 -0.000858024   -0.0200625   -0.0740781 0.907685 -1.09468 -9.67871 302.749
 20.4705 -19.6493  93.6168 -7.54319  23.1516 -105.976 -6.36696 -47.0978 -91.3692 0.220075   1.0613  11.2503 -0.154617  -7.51901  -6.60267  -0.0132788 -0.0226672 -0.0114382 -0.00106917  -0.0201154  -0.0742276 0.907681  -1.0947 -9.67856 303.165
 20.107 -16.439 96.3851 -7.60745  22.9407 -106.252 -5.21741 -47.5871 -93.0977 0.138956  1.03255  11.3335 0.065744 -7.51338 -6.49157  -0.0131942 -0.0230721 -0.0126548 -0.00165249  -0.0202176  -0.0745077 0.907681 -1.09463 -9.67825 303.518
 19.2643 -14.0377  98.7754 -7.66343  22.7217 -106.493 -5.57321 -47.3069  -93.552 0.0813711   1.00371   11.3882 0.230323 -7.53156 -6.40476  -0.0125837 -0.0229675 -0.0139081 -0.00200754  -0.0203103  -0.0746899 0.907663 -1.09462 -9.67802 303.849
 19.5356 -10.0715  101.202 -7.69328  22.4207 -106.864 -4.63591 -48.1351 -94.9983 0.00574793   0.987437    11.4792 0.473141 -7.53466 -6.32222  -0.0129555 -0.0231685 -0.0146903 -0.00237744  -0.0203885  -0.0748092 0.907641 -1.09453 -9.67786 304.327
 18.5616 -7.58294  103.357 -7.68794  22.1461 -107.107 -4.13528 -47.9172 -95.5542 0.00676978   0.983971    11.4934 0.609211 -7.60407  -6.3038  -0.0122122 -0.0236159 -0.0158513 -0.00238346  -0.0204269  -0.0748065 0.907618 -1.09453 -9.67786 304.694
18.4378  -4.279 105.319 -7.76539  21.8315 -107.476 -4.73863 -48.5067 -96.3841 -0.0710251   0.938785    11.6075  0.81403 -7.59292 -6.18621  -0.0122107 -0.0230095 -0.0164963 -0.00282992   -0.020597  -0.0750035 0.907577 -1.09451 -9.67761 305.185
  17.827 -2.37239  107.075  -7.7698  21.5967 -107.686 -4.33806 -48.7918 -96.9255 -0.0878399   0.924457    11.6301 0.930498 -7.62719 -6.15112  -0.0118177 -0.0231995 -0.0176198 -0.00285911  -0.0206397  -0.0750345 0.907556 -1.09454 -9.67757 305.5
 18.3234 0.585015   108.24 -7.76421  21.2433 -108.066 -4.55879 -49.7905 -98.3083 -0.181816  0.904456   11.7454  1.17712 -7.60123 -5.98336  -0.0124647 -0.0229307 -0.0176821 -0.00321294  -0.0207701  -0.0752978  0.90763 -1.09455 -9.67739 306.02
17.5305 2.25216 109.402  -7.7214  20.9949 -108.273 -3.44357  -49.565 -99.2792 -0.174767  0.905355   11.7542  1.30071 -7.66327 -5.96037  -0.0115429 -0.0234682 -0.0182877 -0.00318252  -0.0207607   -0.075264 0.907626 -1.09454 -9.67742 306.346
 19.094 4.66931 110.015 -7.61395  20.4872 -108.698 0.167606 -51.6525 -101.779 -0.18564  0.91296  11.7733  1.59717  -7.7569 -5.92674  -0.0127932 -0.0233383 -0.0181288 -0.00318467  -0.0207326  -0.0752403  0.90762 -1.09449 -9.67747 307.016
18.7301  5.3277 110.499 -7.58408  20.2266 -108.878 0.198417 -51.2384 -102.282 -0.173182  0.903008   11.7599  1.71227 -7.83331 -5.92363  -0.0124611 -0.0231738 -0.0183436 -0.00313171  -0.0207614  -0.0752077 0.907572 -1.09453 -9.67746 307.334
19.6375  7.2123 111.594 -7.42022  19.7534 -109.248  3.97826 -52.4574 -105.708 -0.240618  0.921611   11.7979  2.01514 -7.82941 -5.81346  -0.0134775 -0.0239193 -0.0186057 -0.00321926  -0.0207705  -0.0754456 0.907716 -1.09457 -9.67743 307.957
19.5351 8.28696 111.237 -7.36035  19.4587  -109.44  3.97383 -52.6403 -105.359 -0.205504  0.913249   11.7701  2.14985 -7.94945 -5.84585  -0.0132675 -0.0243641 -0.0178335 -0.00312675  -0.0207349  -0.0753425 0.907663 -1.09459 -9.67747 308.314
20.0576  10.069 112.003 -7.17854   18.984 -109.801  6.20674 -53.1848 -108.003 -0.274125  0.928009   11.8043  2.44361 -7.92322 -5.73786  -0.0140075 -0.0251857 -0.0177764 -0.00320664  -0.0207548  -0.0755729 0.907788 -1.09461 -9.67743 308.937
20.6367 12.1892 112.958 -7.54782  19.0778 -109.707  10.7839 -54.7024 -111.627 -0.901968  0.773532   11.8055  2.35648 -7.38707 -5.50548   -0.014864  -0.027095 -0.0174011 -0.000724879   -0.0213659   -0.0756712 0.907299 -1.09614 -9.67767 309.33
20.6173 15.5752  115.26 -7.01214  18.6728 -109.842  16.8856 -54.0784 -118.122 -1.27137  0.83635  11.6411  2.75295 -7.03929 -5.26822   -0.014976 -0.0302163 -0.0187396 0.000597207  -0.0207621  -0.0762635 0.907946 -1.09684   -9.678 310.014
20.5706 19.2138 115.687 -7.28805  18.8329 -109.622  22.1597  -52.645 -121.367 -2.10982 0.669129  11.4675  2.64209 -6.34921 -5.03505   -0.015005 -0.0335031 -0.0176351 0.00424362 -0.0210921 -0.0761098  0.90744 -1.09874 -9.67856 310.402
20.6176 23.4518 117.623 -6.88682   18.557 -109.587 28.3946 -49.499 -126.42 -2.66427 0.645679  11.1808  2.90584 -5.79969  -4.7754  -0.0148421 -0.0376012 -0.0182052 0.00644819  -0.020606 -0.0765328 0.907825 -1.09989 -9.67894 310.89
 20.944 26.9172 116.922 -7.37132   18.638 -109.281  32.4337 -48.5672 -127.723 -3.35477 0.316072   10.906  2.68519 -5.25267 -4.59148  -0.0153647 -0.0404805 -0.0161832 0.00943082 -0.0208495 -0.0762472 0.907224 -1.10154 -9.67914 311.469
20.5903 29.8028 119.038  -6.9117  18.3494 -109.282  35.6269 -44.0204 -129.909 -3.64311 0.259293  10.6762  2.89873 -4.78541 -4.35914  -0.0144127  -0.044072 -0.0173756  0.0102059 -0.0200227 -0.0768688 0.907943 -1.10191 -9.67921 312.012
22.9608 29.5216 117.695 -8.24527  18.2174 -109.072  37.7569  -46.865 -130.299  -3.85748 -0.407056   10.7528  2.41613 -4.67902 -4.15659  -0.0172367 -0.0441112 -0.0153187  0.0109934 -0.0211975 -0.0769715 0.907023 -1.10316 -9.67843 313.368
20.0519 30.9068 120.201 -7.16484  17.9312 -109.211  37.0424 -39.8211 -130.463  -3.90552 -0.248909   10.5574  2.83781 -4.27486 -3.97416  -0.0135988 -0.0471941  -0.017778  0.0106356 -0.0193958 -0.0778748 0.908563 -1.10256 -9.67865 314.495
15.2264  26.297 117.625 -6.86782  18.7984 -110.048  30.2501 -39.2753 -125.556  -4.20237 -0.274178   10.9103  2.84184 -3.91772 -4.18914  -0.0103134 -0.0428954 -0.0172368   0.010031 -0.0166577 -0.0751692  0.90832 -1.09888 -9.68038 315.736
13.7507 23.5102 116.458 -6.62432  18.6643 -110.492  29.2401 -39.2353 -123.897  -4.23358 -0.205491   10.9627  2.98456 -3.80478 -4.21792  -0.00901312  -0.0421424  -0.0168307  0.0100404 -0.0165864 -0.0745556 0.908025 -1.09842  -9.6807 316.26
13.3936 22.0344 116.884 -6.87151  18.2139 -110.315  28.2747 -36.9618 -123.328  -3.90056 -0.682976   11.2753  2.85084 -3.99807 -3.67738  -0.00878537  -0.0423594   -0.017373 0.00822424 -0.0157665 -0.0773017 0.910036  -1.0984 -9.67935 316.804
10.8476 20.4224 114.766 -6.68427  17.9482 -110.533  28.2117  -33.738 -123.273  -3.88752 -0.699879   11.2703  2.92378 -3.90691 -3.59567  -0.00705436  -0.0437681  -0.0157836 0.00814643  -0.015731  -0.077321 0.910071 -1.09835 -9.67933 317.195
7.96817 16.6294 115.191 -7.14645  17.5146 -110.374  24.3122 -30.2414 -121.855 -3.44886  -1.7864  11.5845  2.52095 -4.34149 -3.08556  -0.00476262  -0.0422853  -0.0167894 0.00606591 -0.0118916  -0.079165 0.912992 -1.09718 -9.67835 317.848
7.46416 12.9357 115.157 -7.05697  17.3139 -110.555   25.695 -30.0467 -122.913 -3.48112 -1.75184  11.5321  2.55344 -4.22841 -3.06085  -0.0043117 -0.0426432 -0.0172171 0.00598028  -0.012255 -0.0787809 0.912538 -1.09706 -9.67843 318.133
6.80237 10.1631 115.358 -6.85614  16.9781  -110.71  24.7649 -29.7292 -121.735 -3.41793 -1.73595  11.7148  2.65601  -4.3559 -2.91705  -0.00342873  -0.0425583  -0.0175811 0.00645761 -0.0122874 -0.0797786 0.913302 -1.09769 -9.67811 318.554
6.72968 6.37328 115.228 -6.66105  16.6923 -110.882  25.8077  -29.772 -122.256 -3.40424 -1.71915  11.7434  2.73402 -4.33253 -2.83901  -0.0032477 -0.0430287  -0.017833 0.00653474 -0.0123257 -0.0800027 0.913446  -1.0978 -9.67803 318.941
5.88591 3.59902 114.798 -6.51209  16.4057 -111.055   25.152 -29.1119 -121.482 -3.36565  -1.6923  11.8864  2.81187 -4.42407  -2.7442  -0.00235928  -0.0431861  -0.0175626 0.00693818 -0.0124941  -0.080528 0.913828 -1.09823 -9.67784 319.307
 5.59504 0.153207  113.931 -6.33829  16.0968 -111.236  25.2476  -28.556 -121.664 -3.34621 -1.68397  11.9537  2.87258 -4.44561 -2.66862  -0.00222034  -0.0438036  -0.0168269 0.00713357 -0.0125823 -0.0807729 0.914004 -1.09844 -9.67774 319.705
 4.95861 -2.78309  113.434 -6.25886  16.0163 -111.277  24.5811 -28.6246 -120.947 -3.36914 -1.69834  11.8296  2.85095 -4.31146 -2.66977  -0.00189042  -0.0436814  -0.0165872 0.00662357  -0.012553 -0.0803809  0.91364 -1.09799 -9.67786 319.825
 4.61596 -5.20179  112.075 -6.10608  15.7059 -111.457  25.0692 -27.2271   -121.4 -3.34786 -1.70149  11.9115  2.90238 -4.36074 -2.61144  -0.00168948  -0.0446066   -0.015261  0.0068907 -0.0126524 -0.0806164 0.913828 -1.09824 -9.67774 320.215
 3.30067 -8.16345    111.8 -5.9474 15.6508  -111.5  23.1251 -27.1238 -119.377 -3.38475 -1.67582  11.7586   2.8987 -4.18121 -2.64065  -0.000759795   -0.0438898    -0.015181  0.0063237 -0.0125666 -0.0802458 0.913461 -1.09775 -9.67793 320.388
 3.32361 -10.0845  111.632 -5.80978  15.3581 -111.671 23.7206 -25.991 -119.52 -3.36276 -1.68676  11.8365  2.94002 -4.23712 -2.59005  -0.00091614  -0.0443874  -0.0150023 0.00656187 -0.0126578 -0.0804348 0.913625 -1.09796 -9.67782 320.755
 1.93418 -10.1054  110.075 -5.53431  15.2474 -111.815  23.3464 -23.8304 -119.116 -3.39404 -1.60942  11.7382  2.97092 -4.06645 -2.67442  0.000401681  -0.0457125  -0.0134356  0.0063152 -0.0124502 -0.0801524 0.913415 -1.09772 -9.67812 321.084
 3.04169 -10.7959  110.331 -5.3564 15.0381 -111.95  25.8208 -23.3921  -119.94 -3.38922 -1.60478  11.7349  3.00541 -3.99146 -2.64853  -0.000966616   -0.0464689   -0.0137867 0.00626952 -0.0124314 -0.0802341 0.913448 -1.09769  -9.6781 321.39
 2.28428 -10.2963    108.5 -5.19877  14.8688 -112.169  24.9856 -22.1791 -119.485 -3.42757 -1.59218  11.6728  2.95927 -3.83726 -2.78286  -0.00014203  -0.0476884  -0.0121742 0.00621395 -0.0122366 -0.0796248 0.913097 -1.09757 -9.67855 321.709
 3.07913 -9.22727  108.824 -5.00884  14.6788 -112.348  27.7862 -21.3313 -119.966 -3.43205 -1.57715  11.6746  2.99931 -3.70927  -2.8069  -0.00133747  -0.0492284    -0.01249 0.00618026 -0.0121779 -0.0795981 0.913066 -1.09753 -9.67864 322.032
 1.60918 -7.53115  108.447 -4.94209  14.5122 -112.427  25.9896 -19.1941 -120.143 -3.42696 -1.60008  11.6764  2.93622 -3.68495 -2.75337  0.000427624  -0.0507386  -0.0120079 0.00607515 -0.0123217 -0.0796641 0.913009 -1.09749 -9.67856 322.228
 2.97061 -6.35738  108.195  -4.7651  14.3146 -112.632  28.9992 -18.9366 -120.385 -3.43273 -1.59314  11.7013  2.98075 -3.53278 -2.79105  -0.00100673  -0.0513293  -0.0118889 0.00613599 -0.0122623 -0.0795879 0.912987  -1.0975 -9.67866 322.563
 1.94316 -4.51231  107.347 -4.74591  14.1787 -112.637  26.2659 -17.1404  -120.06 -3.42415  -1.6386  11.6904  2.89704 -3.50108   -2.671  0.000628717  -0.0522489  -0.0110765 0.00585674 -0.0124682 -0.0798166 0.912937 -1.09738 -9.67847 322.701
 2.99463 -3.57825  106.663 -4.52046  14.0606   -112.7  26.6766 -16.8471 -119.769 -3.41775 -1.60299  11.6766  2.96178 -3.35761 -2.58337  0.000412598  -0.0515516  -0.0105733  0.0056098 -0.0125033 -0.0801975 0.913048 -1.09725 -9.67828 322.963
 2.24123 -0.62821  106.852 -4.38997  13.8505 -112.882  25.5886 -14.9032 -120.634 -3.41589 -1.60178  11.6912  2.88721 -3.32324 -2.61472  0.00240847 -0.0524998 -0.0106754 0.00582656 -0.0124647 -0.0800025 0.913027 -1.09738  -9.6784 323.27
3.13134 1.68414 106.519  -4.1967  13.7097 -112.977  24.9202 -13.6726 -119.969 -3.42021 -1.57912  11.6749  2.87526 -3.14996 -2.53656  0.00331222 -0.0518579 -0.0105195 0.00562698 -0.0125384 -0.0802143 0.913025 -1.09727  -9.6783 323.527
2.79974 2.98995 106.754 -4.11429  13.5883 -113.036  23.3812 -12.5844 -120.252 -3.41985 -1.57956  11.6613  2.79057 -3.08932 -2.48379  0.00529491  -0.050979 -0.0107284 0.00552077 -0.0126173  -0.080292 0.912985 -1.09723 -9.67826 323.686
3.30716 5.11061 106.029 -3.88605  13.4807 -113.076  20.7697 -11.3356 -119.523 -3.42579  -1.5326  11.6426  2.75676 -2.93435 -2.35544  0.00746074 -0.0496321 -0.0101047 0.00515447 -0.0127123 -0.0808124 0.913046 -1.09706 -9.67804 323.941
 2.4461 6.13197 106.198 -3.92321  13.3461 -113.127   19.805 -10.3521 -119.528 -3.42949 -1.57357  11.6603  2.63275 -2.92897 -2.30605   0.0095757  -0.048998 -0.0101523 0.00509067 -0.0128877 -0.0808275 0.912919 -1.09706 -9.67802 324.089
3.18282 7.58918 105.616 -3.73851  13.1843  -113.21  17.8001 -10.1462 -119.492 -3.42955 -1.55446  11.6566   2.5545 -2.85214 -2.21625    0.0109363  -0.0479323 -0.00914412 0.00489832   -0.01295  -0.081151 0.912959 -1.09699 -9.67788 324.349
1.85435 8.13278 104.224 -3.44197  13.2107 -113.365  16.0288 -9.10154 -118.207 -3.46078 -1.48095  11.6243  2.58896 -2.70797 -2.32355    0.0129543  -0.0475556 -0.00763127 0.00491461 -0.0126625 -0.0809349 0.913009 -1.09685 -9.67808 324.685
2.59225 9.61991 104.339 -3.37766  13.0634 -113.388  13.4247 -8.77137 -118.527 -3.47799 -1.47522  11.6378 2.37147 -2.6438 -2.1417   0.0141827 -0.0466743  -0.007043  0.0045415 -0.0129675 -0.0814767   0.9129 -1.09673 -9.67786 324.847
 1.8474 9.75161 104.237 -3.40902  12.9477 -113.458  11.3606 -8.21906 -118.924 -3.48935 -1.50264   11.659  2.20982 -2.66122 -2.12169    0.0156952  -0.0456231 -0.00659337 0.00458166 -0.0130624 -0.0814072 0.912801 -1.09676  -9.6779 324.985
2.05173 11.1574 103.063  -3.1538  12.8729 -113.473  9.59674 -6.98197 -118.062 -3.48102 -1.42289  11.6856  2.07299 -2.49927 -1.93044    0.0171497  -0.0453389 -0.00514274 0.00404315 -0.0132049 -0.0823076 0.912872 -1.09653 -9.67758 325.252
1.66762 10.9156  102.79  -3.2139  12.7604 -113.511  8.91439 -6.75114 -118.932 -3.47893 -1.45623  11.7033  1.92302 -2.53565 -1.90362    0.0179305  -0.0444178 -0.00474522 0.00403809 -0.0133078 -0.0822787 0.912782 -1.09655 -9.67759 325.385
1.28874 12.3255 101.748 -2.97561  12.7206  -113.53   7.6856 -5.47143 -118.005 -3.49853 -1.38488   11.721  1.75712 -2.36543 -1.75788    0.0195124  -0.0445249 -0.00362897 0.00358335 -0.0133835 -0.0831259 0.912844 -1.09634 -9.67732 325.627
0.844141  11.9599  101.353 -2.93911  12.6586 -113.577  6.97656 -6.06223  -118.46 -3.50166 -1.38153  11.7241   1.6709 -2.35813 -1.76676    0.0202603  -0.0436298 -0.00319867 0.00362151 -0.0133803 -0.0830972 0.912845 -1.09635 -9.67733 325.713
1.33676 13.3628 101.363 -2.93333  12.5178 -113.592  6.28834 -5.22835 -118.641 -3.51903 -1.35018  11.7559  1.35149 -2.29558 -1.63367    0.0210512  -0.0434373 -0.00324176 0.00326954 -0.0137959 -0.0836755 0.912634 -1.09625 -9.67713 325.855
1.09646 13.0142 101.229 -2.91807  12.4469 -113.621  6.19747 -6.00997 -119.062 -3.51432  -1.3523  11.7586  1.26709 -2.30476 -1.63464    0.0216297  -0.0425683 -0.00316983 0.00329519 -0.0138068 -0.0836973 0.912645 -1.09627 -9.67711 325.933
0.951936  14.2183  100.715 -2.83725  12.3555 -113.654    5.644 -4.58343 -118.416 -3.52801 -1.30982  11.7813 0.988044 -2.20678  -1.5587    0.0224366  -0.0424221 -0.00282805 0.00295735 -0.0140221 -0.0842697 0.912546 -1.09612 -9.67693 326.06
0.93632 14.0133 100.676 -2.84281  12.2798 -113.667   6.2525 -5.18489 -118.833 -3.51852 -1.31418  11.7853  0.89808 -2.21308 -1.54844   0.0225322 -0.0417053 -0.0028227 0.00296993 -0.0140675 -0.0843449 0.912549 -1.09615 -9.67688 326.137
0.323131   15.018  100.596 -2.86988  12.1504 -113.721   6.0748 -3.96705 -118.705 -3.53539 -1.31195  11.8007 0.549674 -2.14868 -1.50225    0.0226288  -0.0413285 -0.00319702 0.00271894 -0.0142582 -0.0846722 0.912399 -1.09604 -9.67679 326.28
-4.9226 12.3957 94.8386 -1.26275  12.8353 -113.854  2.14146 -1.69065 -113.104  -3.47954 -0.954534   11.7254  1.23407 -1.56124 -1.71873   0.0264956  -0.041144 0.00067346 0.00236857 -0.0120252 -0.0858343 0.914179 -1.09543 -9.67643 328.032
-5.9797 13.0106 95.5595 -1.43857  12.6852 -113.851   2.85372 -0.945411   -113.79  -3.49637 -0.995304   11.7723 0.749759 -1.62339 -1.59846     0.0259446    -0.040707 -0.000300944 0.00204904 -0.0125157 -0.0864899  0.91383 -1.09534 -9.67624 328.263
-6.02519  13.1091  95.5064 -1.42619  12.6728 -113.839  4.06137 -1.16852 -113.747  -3.49455 -0.990442   11.7768 0.666741 -1.60343 -1.55546     0.0254099   -0.0406931 -0.000403385 0.00196416 -0.0125854 -0.0867706 0.913813 -1.09531 -9.67614 328.284
-8.47804  13.3299  95.6897 -1.54429  12.6252 -113.875   4.04288 -0.762619  -114.195   -3.543 -1.02737  11.7894 0.257207 -1.61099 -1.52413    0.0246269  -0.0402177 -0.00109844   0.001657 -0.0128094 -0.0872275 0.913555 -1.09516 -9.67607 328.416
-9.56842  13.6515  94.0341 -1.34882  12.4996 -113.971  4.59301 -1.54271  -113.64 -3.48319 -1.01379  11.7674 0.322842 -1.57375 -1.66027    0.0243138  -0.0407456 2.98691e-05  0.0020522 -0.0124098 -0.0868279  0.91398 -1.09535 -9.67607 328.668
-13.9233  14.4849  94.1838 -1.68755  12.5727 -114.064   5.36118 -0.784835  -114.092 -3.62326 -1.17438   11.782 -0.17623 -1.50095 -1.63392     0.0236049   -0.0406221 -0.000751934 0.00160918 -0.0125602 -0.0871154 0.913507 -1.09506 -9.67622 329.026
-15.4898  14.9288  93.8509 -1.71799  12.5595 -114.097  6.24763 -1.26987 -114.268 -3.63658 -1.19234  11.7743 -0.291981   -1.4659  -1.62893     0.0232183   -0.0408612 -0.000699827  0.0015785 -0.0125541 -0.0871501 0.913487 -1.09504 -9.67622 329.073
-19.8465   15.659  93.9667 -1.87407  12.5007 -114.211  7.09424 -0.54752 -114.566 -3.68113 -1.23755  11.7943 -0.687449  -1.41129  -1.60885   0.0229151 -0.0410778 -0.0013842 0.00144941 -0.0126929 -0.0872671  0.91328 -1.09498 -9.67627 329.275
-21.6208   15.676  92.4016 -1.78237  12.4345 -114.242 8.30449 -1.3334 -113.83 -3.63576 -1.21262  11.7681 -0.720416  -1.33422   -1.6103     0.0225677   -0.0414792 -0.000346146 0.00157385 -0.0125451 -0.0871848 0.913497 -1.09505 -9.67619 329.393
-25.3152  15.8429  92.4065 -1.93475  12.3449 -114.363   9.40295 -0.420963   -114.36  -3.6583 -1.24463  11.7939 -1.07305 -1.28778 -1.63625    0.0221749  -0.0419933 -0.00102304 0.00149421 -0.0126856 -0.0872837 0.913327 -1.09502 -9.67624 329.607
-27.7171  16.0658   92.029 -2.02215  12.3269 -114.426   10.4823 -0.763902  -114.328   -3.676 -1.27181  11.7996 -1.23393 -1.25347 -1.63811    0.0220095  -0.0424635 -0.00105174 0.00144466 -0.0127374 -0.0873223 0.913242 -1.09499 -9.67626 329.716
-31.3069  16.8443  91.6414 -2.13507  12.2869  -114.54   11.7978 -0.123169  -114.006 -3.69423 -1.29034  11.8112 -1.46715 -1.18103 -1.66265    0.0212154  -0.0432129 -0.00132164 0.00140084 -0.0127924 -0.0873433 0.913166 -1.09497  -9.6763 329.881
-34.1901  17.1566  91.3531  -2.2141  12.2524 -114.615   12.2294 -0.129757  -113.868 -3.70286 -1.29855  11.8166 -1.63837 -1.12599 -1.67086    0.0213618  -0.0433646 -0.00151101 0.00138281 -0.0128197  -0.087356 0.913128 -1.09496 -9.67631 329.995
 -36.64 18.7713 89.1515 -2.12222  11.9331 -114.657  15.0504  1.84719 -113.183 -3.58279 -1.24786  11.7859 -1.72052 -1.11151 -1.68296     0.0204656   -0.0448643 -0.000987995 0.00196011 -0.0124601 -0.0872129 0.913733  -1.0953 -9.67607 330.33
-39.1902  22.5187  88.2302 -2.06181  10.9876 -114.648  17.5541  2.15937 -115.108  -3.3199 -1.20726  11.7233 -1.92662 -1.44474 -1.75244    0.0201146  -0.0477608 -0.00170976 0.00355737 -0.0119749  -0.086984 0.914781 -1.09628 -9.67559 331.278
-40.1292  22.7695  88.4717 -2.22983  11.1253 -114.762  18.6885  2.94184 -114.281 -3.38868 -1.23963  11.7505 -2.16931 -1.21236 -1.76801   0.0196834 -0.0476168 -0.0028719 0.00313312 -0.0121365 -0.0872299 0.914471 -1.09604 -9.67568 331.523
-41.243 16.0424 86.8157 -2.07396  12.2427 -115.092  15.6312 0.372666 -109.148  -3.6381 -1.23145  11.7669  -1.66454 -0.529283  -1.85534    0.0206474    -0.04251 0.000266684 0.00191142 -0.0113813 -0.0857682 0.914595 -1.09505 -9.67639 332.699
-42.4276  17.9011  85.9364 -2.24134  12.1066 -115.159  19.0586  2.47536 -109.238 -3.63627 -1.24401  11.7579  -1.97642 -0.464109  -1.86981     0.0199592   -0.0443018 -0.000391688 0.00205409 -0.0116075 -0.0860825 0.914469  -1.0952 -9.67631 332.924
-42.8259  17.8221  85.7151 -2.27666  11.9785 -115.476    19.52  1.73734 -109.009  -3.6278 -1.26315  11.8192  -1.93796 -0.395406  -2.02636     0.0193059   -0.0440766 -0.000132968 0.00253929  -0.011157 -0.0849299 0.915006 -1.09539  -9.6766 333.268
-43.1857  18.3942  84.8658 -2.41012  12.0328 -115.527  21.8968  3.35176 -108.783 -3.65317 -1.27405  11.8009  -2.18601 -0.241955  -2.00318      0.018801   -0.0446803 -0.000246319 0.00240894 -0.0112573 -0.0853167 0.914862 -1.09534 -9.67652 333.421
-42.8367  18.5456  84.7627 -2.52657   11.964 -115.817  22.0116  2.60117 -109.049 -3.66467 -1.30302  11.8635  -2.25129 -0.176561  -2.12528     0.0179821   -0.0444936 -0.000304634 0.00263219 -0.0111138 -0.0845385 0.915073 -1.09543 -9.67681 333.741
-41.6931  18.7079  85.0293 -2.65076  11.9842 -115.751  23.0577  2.98729 -108.616 -3.64286  -1.2694  11.8274   -2.51743 -0.0710537   -2.01641      0.016931   -0.0439587 -0.000596543 0.00243979 -0.0113208 -0.0853284 0.914772 -1.09536 -9.67654 333.883
-40.7901  18.9741  85.7115 -2.82456  11.9828 -115.985  23.2796  2.99029 -108.921 -3.67364 -1.30926  11.8564  -2.64578 0.0382961  -2.10353    0.0163852  -0.0436021 -0.00110275 0.00248972 -0.0113044 -0.0848746 0.914832 -1.09537 -9.67677 334.174
-39.428 18.9537 85.9868 -2.92914  11.9791 -115.918   23.924  3.16882 -108.422  -3.6231 -1.22998  11.8519 -2.85339 0.122254 -1.96518    0.0159227  -0.0430678 -0.00119521 0.00229924 -0.0115506 -0.0855988 0.914486  -1.0953 -9.67651 334.298
-38.3315  19.3016  86.6396 -3.11616   11.968 -116.125   23.996  2.97708 -108.634 -3.64328 -1.26744  11.8637  -2.9911 0.212345  -2.0504     0.015856  -0.0429191 -0.00169488 0.00235187 -0.0115531 -0.0851915 0.914576 -1.09533  -9.6767 334.578
-37.2464  19.4646  87.6744 -3.2408 11.9656 -116.11  23.4155  3.07991 -107.812 -3.60366 -1.21886  11.8664 -3.17394 0.271678 -1.95094    0.0162621  -0.0422529 -0.00225084 0.00227286 -0.0116287 -0.0856635 0.914366 -1.09528 -9.67651 334.703
-35.6082  19.9003  88.2324 -3.41281   11.972 -116.223  23.2495  3.15309 -107.721 -3.60478 -1.22812  11.8639 -3.33273 0.364979 -1.96125     0.016361  -0.0421243 -0.00249695 0.00227829 -0.0116389 -0.0855889 0.914382 -1.09529 -9.67655 334.909
-33.9711  19.1418  88.6384 -3.43142  11.9993 -116.114  22.3664  2.92028 -106.404 -3.54611 -1.08486   11.909 -3.42714  0.40675 -1.75987    0.0169933  -0.0408699 -0.00205113 0.00221187  -0.011748  -0.086321 0.914035 -1.09523  -9.6762 335.023
-31.976 19.2352  90.197 -3.58578  12.0062 -116.177  21.5265  2.88084 -105.517 -3.52771 -1.06859  11.9196 -3.57563 0.460063  -1.7314    0.0176155  -0.0400917 -0.00275205 0.00220606 -0.0117578 -0.0863935 0.913986 -1.09522 -9.67616 335.189
-31.0662  19.1476  90.8641  -3.7617  12.0104 -116.231  21.4185  3.59486 -104.834 -3.50963 -1.06398  11.9147 -3.74199 0.520544 -1.72098    0.0189411  -0.0398004 -0.00268552 0.00220392 -0.0117661 -0.0864837 0.913945 -1.09522 -9.67612 335.374
-28.6159  18.7916  90.7209 -3.83217  12.0783 -116.208  21.6698   3.4606 -103.763  -3.49549 -0.974126   11.9643 -3.83606 0.571258  -1.5853     0.019092  -0.0394768 -0.00187704 0.00223953 -0.0117343 -0.0868913 0.913759  -1.0952  -9.6759 335.474
-26.5482  18.2658  90.0442 -3.86928    12.19 -116.203  20.6201   3.0139 -102.602  -3.50288 -0.898177   12.0104 -3.88142 0.621505 -1.46776      0.019617   -0.0385695 -0.000705113 0.00225864 -0.0116576 -0.0871331 0.913672 -1.09517 -9.67574 335.592
-24.0054  18.2905  88.7574 -3.82075  12.3851 -116.146  21.6961  3.62599 -100.418  -3.54841 -0.709399     12.09 -3.84668 0.713392 -1.27433   0.0203476 -0.0380144  0.0010139 0.00232701  -0.011725 -0.0875506 0.913451 -1.09517 -9.67549 335.801
-20.4242   18.707  90.0108 -4.13841  12.3749 -116.245  21.7837  3.13885 -100.872   -3.5394 -0.770372   12.0431 -4.06516 0.766559 -1.33881    0.0200773  -0.0376319 0.000392864 0.00225799 -0.0118585 -0.0874504 0.913418 -1.09517 -9.67561 336.134
-17.6479  18.4324  89.2846 -4.16794  12.4382 -116.259  21.7259  4.33748 -99.3971  -3.53172 -0.685057   12.1209 -4.06202 0.794354 -1.24731    0.020462 -0.0375061 0.00165365 0.00237381 -0.0116939 -0.0875749 0.913421 -1.09518 -9.67545 336.205
-15.8481  18.0113  90.0834 -4.30531  12.4673 -116.309  20.6656  3.83807 -99.2129 -3.52238 -0.66317  12.1535 -4.13794 0.800651 -1.23146   0.0212089 -0.0367926  0.0016564 0.00240809 -0.0116436 -0.0875914 0.913399 -1.09518 -9.67541 336.354
-14.7044  17.9097  89.6894 -4.50373  12.4185 -116.229  20.9939  6.73321 -96.7568  -3.43171 -0.554051   12.2366 -4.24296 0.776671 -1.04176   0.0220748 -0.0367586  0.0027766 0.00239538 -0.0117127 -0.0882793 0.912797 -1.09507 -9.67516 336.574
-13.3739  17.2204   91.428 -4.77131  12.5319 -116.329  19.2053  6.20791 -98.5784  -3.48496 -0.586973   12.1834 -4.48009 0.856891 -1.16319    0.022512  -0.035633 0.00205423 0.00231525 -0.0118321 -0.0880906 0.912909 -1.09509 -9.67529 336.881
-12.2143  16.9585  91.4588 -4.97766  12.5361 -116.377 18.6352 5.70523 -98.325  -3.46757 -0.569352   12.2211 -4.65628  0.88122 -1.15083   0.0229132 -0.0357709 0.00252016 0.00243187 -0.0117521 -0.0881462 0.912866 -1.09512 -9.67522 337.093
-11.2596  16.6558  91.0191 -5.15901   12.566 -116.412  18.2335  5.39241 -98.2796  -3.45638 -0.548761   12.2485 -4.81416 0.904677 -1.12074   0.0231467 -0.0359021 0.00316179 0.00246727  -0.011707 -0.0882281   0.9128 -1.09511 -9.67517 337.28
-10.0502  16.5827   90.548 -5.39914  12.6421 -116.445  18.2465  6.35026 -97.7158  -3.46106 -0.527278   12.2671 -5.00427 0.957944 -1.11774   0.0232953 -0.0361602 0.00363238 0.00249305 -0.0116503 -0.0883769 0.912729 -1.09509  -9.6751 337.534
-9.01829  16.4765  89.7633 -5.60171  12.6192 -116.385   17.742  4.73539 -98.0235  -3.41599 -0.410441   12.3327  -5.08626  0.948264 -0.973669   0.0228708 -0.0362663 0.00440204 0.00261988 -0.0117517 -0.0888626 0.912241 -1.09508 -9.67489 337.747
-8.28671  16.1932  89.0778 -5.87397  12.8117 -116.351  17.2856  3.55751 -97.8582  -3.45546 -0.336814   12.3461   -5.2357   1.02944 -0.884729    0.022561  -0.036001 0.00515976 0.00251483 -0.0118225 -0.0893199 0.911917 -1.09497 -9.67476 338.082
-7.26099  15.7937  87.8199 -6.10538  12.8378  -116.38  15.2113  2.41144 -98.2948  -3.44303 -0.330751   12.3646   -5.3875   1.04183 -0.883471   0.0215618 -0.0353782 0.00618946 0.00256864 -0.0118067 -0.0893384 0.911856 -1.09499 -9.67474 338.317
-5.94372  15.8008   87.196 -6.33346    12.85 -116.434  14.4687 0.337181 -99.6615   -3.4292 -0.300319   12.4159  -5.53346   1.05045 -0.851971   0.0205443 -0.0344932 0.00669878 0.00265332 -0.0117481 -0.0893012 0.911836 -1.09501 -9.67471 338.552
-4.66715  16.3678  85.9099 -6.74267   12.947 -116.484  12.7244 -1.78339 -100.317  -3.43319 -0.292612   12.4243  -5.75688   1.11185 -0.829341   0.0194675 -0.0337834 0.00806661  0.0026826 -0.0117148 -0.0893125 0.911808 -1.09502 -9.67468 338.975
-5.70245  16.9701  86.3409 -6.87828  12.9615  -116.51  12.7607  -1.7973 -100.663  -3.43047 -0.290804   12.4282  -5.84239   1.12031 -0.840365   0.0204177  -0.033752 0.00789979  0.0026891 -0.0117168 -0.0892948 0.911816 -1.09503 -9.67469 339.114
-5.97121  19.1857  86.9762 -7.31733  13.0285 -116.586   13.273 -2.47757 -100.878  -3.42336 -0.289364   12.4341 -6.08265  1.18265 -0.88388   0.0201088 -0.0338739 0.00838159 0.00271307 -0.0117003 -0.0892111 0.911857 -1.09505  -9.6747 339.565
-6.4833 19.9245 87.2354 -7.44286  13.0185 -116.611  13.1179 -2.81678 -100.971 -3.40813 -0.28894  12.4386  -6.15206   1.19418 -0.899647   0.0203412 -0.0338345 0.00847011 0.00274422 -0.0116938 -0.0891407 0.911877 -1.09507  -9.6747 339.693
-6.59742  22.9027   88.437 -7.90272  13.0593 -116.688  13.4443 -3.44209 -101.084  -3.38764 -0.288436   12.4447  -6.39611   1.26221 -0.948171   0.0201269 -0.0337526 0.00847775 0.00279434 -0.0116822 -0.0890318 0.911909 -1.09511 -9.67472 340.161
-5.97312  26.4395  88.9305 -8.28409  12.2784 -116.582  15.9512 -4.78567 -102.174  -3.09154 -0.334642   12.4159  -6.55002    1.0846 -0.924823   0.0193122 -0.0357355 0.00758404 0.00386022 -0.0118642 -0.0888423 0.911574 -1.09571 -9.67454 341.037
-6.84641  28.8308  88.6994 -8.76925  12.4972 -116.651  15.4871 -5.77312  -101.66  -3.14421 -0.334999   12.4086  -6.75185   1.28498 -0.924619   0.0192957 -0.0357916 0.00877172   0.003746 -0.0118602 -0.0889625 0.911582 -1.09564 -9.67455 341.573
-12.232 28.5983 84.6814 -7.88067  12.5325 -116.899  15.0152 -3.87557 -97.8451  -3.17233 -0.116948   12.6413  -6.4317  1.33423 -1.09686      0.0228 -0.0358586  0.0119658 0.00415304  -0.010879 -0.0872069 0.912818  -1.0959 -9.67459 342.496
-12.7907  31.1576  86.5104 -8.33776  12.6297 -116.968  14.4619 -5.17491 -98.5911  -3.16532 -0.103431   12.6291 -6.69806  1.42808 -1.13042   0.0225865 -0.0354921  0.0117321 0.00412147 -0.0108284  -0.087136 0.912866 -1.09589 -9.67458 342.969
-14.2246  33.3938  86.8454 -8.28485  12.3325 -116.915  15.8133  -5.0474 -99.1323   -3.02611 -0.0256936    12.6127 -6.68312  1.30768 -1.17896   0.0233879 -0.0362557  0.0112641 0.00464766 -0.0104327 -0.0863984 0.913177 -1.09626 -9.67443 343.275
-16.0351  35.9954   86.975   -8.807   12.498 -117.013  15.9771 -5.83101 -99.0055   -3.06229 -0.0455889    12.6167 -7.00722   1.4802 -1.25394   0.0233455 -0.0361533  0.0117703 0.00461082 -0.0104786 -0.0865736  0.91313 -1.09621 -9.67444 343.832
-16.9764  38.6648  86.8557 -8.86238    12.15 -116.821  17.2279 -6.07551   -99.83  -2.85679 0.0279327   12.5034 -7.00808  1.29182 -1.22399   0.0232128 -0.0372623  0.0114703 0.00510267 -0.0100116 -0.0859335 0.913372 -1.09658 -9.67416 344.232
-18.9748  40.6414  86.5588 -9.36682  12.2714 -116.923  18.2462 -6.22492 -99.6718   -2.8706 0.0184681   12.5146 -7.32537  1.48919  -1.3192    0.022878 -0.0370007  0.0117275 0.00508907 -0.0100261 -0.0859987 0.913361 -1.09656 -9.67417 344.761
-20.8195   40.973  86.1648 -9.37476  12.3596 -116.993  18.1316 -6.24963 -99.5637  -2.87026 0.0927456   12.5011 -7.35568  1.48828 -1.40166   0.0233812 -0.0366261  0.0118344  0.00497218 -0.00977989  -0.0854008 0.913699 -1.09663 -9.67423 344.874
-23.1784  41.7066  84.6661 -9.99992  12.4497 -117.062  18.9421 -6.36361 -99.5707 -2.86801   0.0443  12.5095 -7.71426  1.70738 -1.44846   0.0227608 -0.0365382  0.0121893  0.00505063 -0.00987886  -0.0857852 0.913518 -1.09657 -9.67418 345.509
-24.667 42.1709  83.939 -10.2288  12.5013 -117.112  19.3306 -6.23587 -99.7287  -2.86501 0.0556212   12.5075 -7.83916  1.76126 -1.48109   0.0227503 -0.0365728     0.0121  0.00502806 -0.00987417  -0.0857107 0.913544 -1.09658 -9.67419 345.749
-28.9311   41.964  80.6113 -10.5695  12.6849 -117.212  20.9608 -5.33492 -98.9467 -2.86861 0.135699  12.4835 -8.00321  1.92629 -1.61431   0.0228828 -0.0364203  0.0127959  0.00492243 -0.00969331  -0.0853116 0.913807 -1.09664 -9.67421 346.149
-33.1998  39.6945  77.2511 -10.3428  13.0397 -117.268  20.2331 -4.97723 -96.6634 -2.93869 0.291218  12.4264 -7.91467  2.12021 -1.71704   0.0244583 -0.0355152  0.0146928  0.00459168 -0.00902428  -0.0846366 0.914548  -1.0966 -9.67419 346.574
-37.4068  38.9458  74.0138 -11.0174  13.1302 -117.437  20.2054 -3.89858 -96.3723 -2.93495 0.198907  12.4787 -8.32441  2.23666 -1.76771   0.0240637 -0.0355863  0.0150889 0.00471783  -0.009127 -0.0848415 0.914379 -1.09659 -9.67421 347.275
-40.1652  38.5748  72.5869 -11.3454  13.2081 -117.535  20.5879  -3.2869 -95.7595 -2.94492 0.148228  12.5093 -8.53758  2.33567    -1.81   0.0247686 -0.0357092   0.015182  0.00477675 -0.00912474  -0.0849448 0.914338 -1.09656 -9.67423 347.626
-43.2729  36.9507   71.016 -11.9635  13.3396 -117.683  19.9647 -2.31042 -95.5323 -2.94206 0.103106  12.5409 -8.90937  2.48748 -1.88187   0.0248314 -0.0355977  0.0152588  0.00483025 -0.00913995  -0.0850388 0.914274 -1.09654 -9.67423 348.275
-45.2208  31.7626   70.809 -11.6313  14.2007 -117.949  16.6685 -2.29642 -92.6163 -3.20837 0.323034  12.4764 -8.81755  2.93501 -2.10305   0.0268769 -0.0329967  0.0169875  0.00388888 -0.00837478  -0.0842768 0.915405 -1.09623 -9.67445 349.236
-47.4778  28.1628  69.3133 -12.2006  14.3765 -118.091  16.7213 -1.63518 -92.2351 -3.20364 0.308896  12.4864 -9.15572  3.03155 -2.19442   0.0267425 -0.0330951   0.017612 0.00391734 -0.0083959 -0.0842933 0.915376 -1.09623 -9.67445 349.848
-48.6265  24.6055  69.4255 -12.3876  14.7475 -118.186  15.7976  -1.5557 -91.5377 -3.28741 0.385173  12.4109 -9.25894  3.23094 -2.28496   0.0272691 -0.0322477  0.0182261  0.00362414 -0.00815594  -0.0840998  0.91574 -1.09615 -9.67449 350.274
-49.384 20.6278 70.2177 -12.8287  15.1224 -118.317  14.6734  -1.9078 -91.5002 -3.35703 0.446344  12.3393 -9.47933  3.42279 -2.38649    0.027322 -0.0316708  0.0177751  0.00342093 -0.00799592  -0.0839783 0.916002  -1.0961  -9.6745 350.868
-49.774 17.1389 69.7193 -13.1298  15.4832 -118.408  14.1774 -1.98357   -91.25 -3.42161 0.517038  12.2271 -9.58298   3.6336 -2.48177   0.0273511 -0.0314907  0.0182304  0.00306202 -0.00779321   -0.083755 0.916369 -1.09604 -9.67455 351.347
-49.6999  13.1664  69.4737  -13.689   15.646 -118.569  13.6403 -1.63123 -91.2105 -3.41001 0.491904  12.2618 -9.91004  3.63329 -2.55356   0.0270326 -0.0312339  0.0179012  0.00310733 -0.00780576  -0.0837925 0.916311 -1.09604 -9.67455 351.951
-48.8333  9.82096   70.093 -14.0527  16.1048 -118.774  12.7705 -2.51041 -91.3896 -3.53093 0.554875   12.139 -9.97334  3.87944 -2.69968   0.0266105 -0.0303595  0.0173591  0.00252137 -0.00760507  -0.0833599 0.916866 -1.09598 -9.67474 352.571
-48.1203  7.62044  70.8186 -14.5683  16.4289 -118.952  12.6103 -3.69869 -91.7992 -3.58114 0.585499  12.0842 -10.1596  4.00949 -2.78056   0.0261267 -0.0304645   0.015648  0.00226767 -0.00751864  -0.0831907 0.917102 -1.09594 -9.67481 353.206
-47.1238   3.8135   71.572 -15.0135   17.063 -119.155  10.7917 -5.28982 -92.0958 -3.70969 0.608469  11.8944 -10.2586  4.35166 -2.93263   0.0260537 -0.0292867  0.0152705  0.00134953 -0.00728033  -0.0829464 0.917737 -1.09562 -9.67501 354.007
-46.7954 0.877173  71.3878 -15.5825  17.2097 -119.348  9.43976 -6.30889 -91.8409 -3.67658  0.56985  11.9628 -10.5651     4.25 -2.94272   0.0259374 -0.0290679  0.0147978  0.00141721 -0.00723286  -0.0829665 0.917664 -1.09562   -9.675 354.625
-45.6419 -1.31847  70.7401 -16.0601  17.4433 -119.521  8.91997 -5.94421 -91.9057 -3.71051 0.589672  11.9429 -10.7385   4.3296 -2.99418    0.025371 -0.0293313   0.014787  0.00132019 -0.00725713  -0.0827915 0.917799 -1.09567 -9.67507 355.184
-44.1831 -3.73557  70.5374 -16.6299  17.6933 -119.721  8.67003 -6.20682 -92.0474 -3.73255  0.58751  11.9382 -10.9732  4.34774 -3.04022   0.0251417 -0.0292096  0.0145076 0.00124323 -0.0072565 -0.0826779 0.917893 -1.09568 -9.67512 355.838
-41.4365 -5.09422  70.1722 -17.288 18.1084 -120.28  9.33822 -7.41058 -92.8634  -3.8675 0.489985  11.9345 -11.1483  4.50276 -3.27722   0.0242366 -0.0291464  0.0135538  0.00046045 -0.00752253   -0.081995 0.918383 -1.09558 -9.67566 356.796
-39.3063  -6.9334   70.368 -17.9205  18.4508 -120.638  8.34349 -8.66068 -92.8386 -3.94973 0.444414  11.9199 -11.3451  4.57817 -3.41445   0.0235976 -0.0286707  0.0130443 0.000179635 -0.00767759  -0.0816662 0.918616 -1.09558 -9.67589 357.599
-37.2095 -8.70961  71.0867 -18.5246  18.7369 -120.855  7.56078 -7.97485 -91.8869 -3.97991 0.418568  11.8939 -11.5748   4.6071 -3.47503   0.0228613 -0.0279711  0.0122428 9.75994e-05 -0.00770222  -0.0815854 0.918711 -1.09556 -9.67595 358.302
-34.3912 -9.21499  73.0541 -19.3916  19.3678  -121.26  7.60086 -9.36362  -93.253  -4.1416 0.258475  11.7248 -11.8962  4.86997 -3.68378    0.022414 -0.0275766 0.00979159 -0.000416558  -0.00792303   -0.0814726 0.919034  -1.0953 -9.67627 359.448
-31.0531 -10.3721  73.3539  -20.295  19.8603 -121.721  6.64995 -12.4798 -93.7825  -4.22667 0.0911304   11.6468 -12.2283   4.9529 -3.86445   0.0216433 -0.0268789 0.00871755 -0.000916199  -0.00836441   -0.0813727 0.919092 -1.09505 -9.67667 360.576
-28.1884 -10.6209  73.9911 -21.0887  20.1966  -122.14  6.36587 -14.3538 -94.4309   -4.29373 -0.0375565    11.6026  -12.452  5.01599 -4.02199   0.0207323  -0.026553 0.00751566 -0.00116807 -0.00855025  -0.0810298 0.919333 -1.09501 -9.67694 361.534
-23.3398 -6.87647  71.7625 -22.2949   20.082 -123.476  10.7162 -19.1424  -96.017  -4.3187 -0.48485  11.8109 -12.7443  4.77984 -4.47198   0.0183035 -0.0285686 0.00553723 -0.00197159 -0.00979002  -0.0791798 0.919715 -1.09527 -9.67827 363.338
-19.4054 -6.45117  69.8996 -23.1229  20.1156 -124.045  11.4552 -20.7938 -94.9279  -4.29452 -0.656834   11.8542 -12.8952  4.66052  -4.6023   0.0163721  -0.028452 0.00609431 -0.00211908  -0.0100488  -0.0784258 0.919952 -1.09546 -9.67864 364.343
 -16.651 -4.81871  69.7591 -23.9648  20.3315 -124.399  10.9032 -22.8022 -95.4004 -4.28214 -0.80356  11.7734 -13.1243  4.68412 -4.70429    0.015668 -0.0289131  0.0056869 -0.00223335  -0.0101048  -0.0780864 0.920185 -1.09544 -9.67879 365.282
 -12.834 -5.18107  69.1623 -24.6122  20.5342 -124.675  9.25085 -24.6074 -94.0542  -4.27966 -0.813088   11.8078 -13.1884  4.64799 -4.65481   0.0139842 -0.0278317  0.0062912 -0.00223222  -0.0100967   -0.078011 0.920204 -1.09548 -9.67883 366.014
-10.393  -4.009 68.9508   -25.35  20.7847 -124.917  8.53738 -25.3158 -94.6814  -4.27537 -0.875544   11.7585 -13.3418  4.67618 -4.67243   0.0135513   -0.02805 0.00653879 -0.00224266  -0.0100274  -0.0779509 0.920306 -1.09544 -9.67884 366.83
 -6.4677 -3.42859  68.3942 -25.9414  20.9795 -125.201  7.19713 -28.2476 -93.8946 -4.28747 -0.82387  11.8458 -13.3027  4.61415 -4.59027   0.0117984  -0.027574 0.00716585 -0.00223584  -0.0101142   -0.077898 0.920244 -1.09553 -9.67888 367.514
-4.51389 -2.68447   67.417 -26.4932  21.1772   -125.4  6.80722 -28.1389 -93.0683  -4.29237 -0.718938   11.9068 -13.2595  4.54405 -4.48683   0.0114621 -0.0272195 0.00839973 -0.0022289 -0.0103665 -0.0780323 0.919997 -1.09561  -9.6789 368.133
 -1.4127 -1.10706  67.0229 -27.0732   21.417 -125.638  6.76094 -30.6584 -93.2749  -4.32805 -0.634339   11.9793 -13.1865  4.50497 -4.40546    0.010043 -0.0271866 0.00939277 -0.00219384  -0.0105154  -0.0780939 0.919872  -1.0957 -9.67892 368.804
-0.48262 0.232974  67.6714 -27.6414  21.7248 -125.725  6.77595 -29.8744 -92.2804 -4.40197 -0.48272  11.9751 -13.1319  4.48367 -4.24224   0.0101081 -0.0267757 0.00993128 -0.00195046  -0.0109106  -0.0785267 0.919428 -1.09585 -9.67884 369.456
1.05201 3.07014 70.1596 -28.6451  22.0072 -126.085  7.09144 -30.4033 -92.8611  -4.37317 -0.521619   11.9724 -13.2442  4.48272 -4.27828   0.0100429 -0.0270555 0.00974123 -0.00200143  -0.0108915  -0.0783431 0.919524 -1.09583  -9.6789 370.56
1.20267 3.78511 70.9271 -28.9702  22.1733 -126.151  6.94753 -29.7656 -92.3333  -4.40203 -0.490254   11.9722 -13.2473  4.48624 -4.20864   0.0102154 -0.0269899 0.00995217 -0.00194661   -0.010889   -0.078542 0.919433 -1.09585 -9.67883 370.931
3.29308 6.61125 73.2201 -29.9507  22.5498 -126.473  6.45059 -31.5974 -92.5458  -4.43513 -0.472623   11.9888  -13.264  4.54823 -4.14085  0.00941322 -0.0272482  0.0106523 -0.00190582  -0.0108608  -0.0785598 0.919456  -1.0959 -9.67881 372.029
2.74938 6.79918 73.6533 -30.2745  22.6169 -126.581  5.20615 -30.2613 -90.8752 -4.40904 -0.49165  11.9731 -13.3114   4.5382 -4.16902   0.0101612 -0.0270008  0.0110507 -0.00189911  -0.0109118  -0.0784603 0.919456 -1.09588 -9.67885 372.377
3.86705 9.82498 77.7711 -31.3323  22.8545     -127   5.9646 -31.5549 -92.2073  -4.35697 -0.529706   11.9747 -13.4243  4.52783 -4.25629  0.00981122 -0.0276575  0.0107432 -0.00190589  -0.0109828  -0.0780205 0.919574 -1.09592   -9.679 373.539
3.41878 10.5699 79.0514  -31.641  22.9411 -127.088  5.34465 -30.2953 -91.9536  -4.34053 -0.525772   11.9729  -13.474  4.51414 -4.24654   0.0101725 -0.0276219  0.0106392 -0.00193839  -0.0110033  -0.0780391 0.919549  -1.0959 -9.67901 373.872
3.55934 13.9013 82.5705 -32.6675  23.2082 -127.468  6.10222 -30.8428 -92.3533  -4.30755 -0.534879   11.9888 -13.5293  4.52152 -4.24897  0.00998009  -0.027948  0.0107754 -0.0019592 -0.0110169 -0.0778062 0.919616 -1.09594 -9.67908 374.998
3.63287 14.2181 83.0637 -32.9757  23.3879 -127.485  5.40833 -30.9954 -91.6075  -4.37784 -0.514004    11.964 -13.4961  4.56492 -4.15355   0.0097192 -0.0275765  0.0112335 -0.00176707  -0.0110111  -0.0781231 0.919509 -1.09603 -9.67895 375.356
4.16013  16.503 86.0931 -34.0147  23.7787 -127.781  5.84995 -31.3453 -91.5979 -4.40389 -0.50775  11.9616 -13.5551  4.64777 -4.05099  0.00949957 -0.0273391  0.0111879 -0.00173522  -0.0110106  -0.0782313 0.919486 -1.09604 -9.67891 376.505
4.78411 16.6984 87.7658 -34.4285  23.8777 -127.869  5.57172 -31.9358 -92.5517  -4.36914 -0.539632    11.922 -13.6814  4.62163 -4.07951  0.00935887 -0.0270696  0.0105361 -0.0017063 -0.0110582 -0.0781616 0.919412 -1.09599 -9.67896 376.939
6.51131   17.35 90.2452 -35.5252   24.241 -128.189   5.6348  -32.943 -93.5161  -4.36219 -0.560022   11.9036 -13.8148  4.66822 -4.08296  0.00891452 -0.0270043  0.0102376 -0.00167238   -0.011066  -0.0780849 0.919395 -1.09597 -9.67899 378.138
7.03455 16.7851 92.1021 -35.9552  24.4121 -128.274  5.52297 -34.2437 -94.9306   -4.3737 -0.586819   11.8683 -13.9358  4.65824 -4.10478  0.00879392  -0.026494 0.00927417  -0.001597 -0.0111069 -0.0781044 0.919309 -1.09591 -9.67901 378.608
7.95465 17.8273   92.77 -36.9591  24.7711 -128.492  7.04653 -36.3504 -95.3006  -4.40287 -0.563859    11.859 -13.8738  4.70115 -3.97226  0.00826736 -0.0268404  0.0100259 -0.00158482   -0.011087  -0.0784406  0.91929 -1.09596 -9.67888 379.696
7.89041 20.1571 92.2623 -37.1931   24.349 -128.731  9.46724  -37.425 -95.8737  -4.21925 -0.552427   11.8835 -13.8261  4.51839 -4.09607  0.00862466 -0.0280175  0.0105215 -0.00127079  -0.0110977  -0.0773618 0.919376 -1.09655 -9.67919 380.235
7.15994  21.252 94.0487 -38.3142  24.8126  -128.92  10.7047 -38.6891 -96.7885  -4.26738 -0.586632   11.8415 -13.8685  4.58666 -4.00697  0.00786796 -0.0280456  0.0104367 -0.0012491 -0.0110999 -0.0778714 0.919232  -1.0964 -9.67902 381.463
-1.22076  23.4147  83.3035 -36.8011  24.6933 -129.873  12.0114 -36.3272 -87.1879  -4.37931 -0.265104    12.271 -13.0829  5.17722 -4.43081   0.0119992 -0.0280758  0.0168895 -0.00193155   -0.010218  -0.0742866 0.921631 -1.09721 -9.67984 383.255
-1.96364  26.0096  84.0047 -38.0006   25.215 -130.082  14.5793 -37.3559 -88.1794  -4.46862 -0.360472   12.2482  -13.262  5.35223 -4.33287   0.0105433 -0.0286762  0.0170009 -0.00156194  -0.0103948  -0.0750432 0.921199 -1.09712 -9.67961 384.579
-2.31544  27.5511  84.5198 -38.4572  25.0432 -130.176  15.5003 -38.2718  -89.261   -4.2908 -0.334438   12.1724 -13.2692  5.20719  -4.4114   0.0101666 -0.0293032    0.01673 -0.00150766  -0.0104008  -0.0745506 0.921119 -1.09737 -9.67982 385.076
-5.30122  28.0929  84.9604 -39.3883  25.4174 -130.477  15.8891 -37.7836 -89.1343  -4.30102 -0.346898    12.186 -13.3493  5.35354  -4.4114  0.00977737 -0.0290744  0.0157165 -0.00149531   -0.010404  -0.0746451  0.92109 -1.09735 -9.67979 386.124
-6.22289  27.7718   84.421 -39.7056  25.6977 -130.691  15.3795 -38.9498 -89.0518  -4.33811 -0.317691   12.1528 -13.3369  5.44038 -4.48006  0.00887845 -0.0287291  0.0156424 -0.0016043 -0.0103098 -0.0741615 0.921301 -1.09733 -9.67996 386.598
-9.71713  28.1199  82.5751 -40.5498  26.0863 -130.995  16.3879 -38.7634 -89.1954  -4.34505 -0.305477   12.1396 -13.3514  5.57483 -4.45595    0.008291 -0.0290081  0.0156647 -0.0016442 -0.0102949 -0.0740583 0.921354 -1.09733 -9.67999 387.576
-11.9615  27.7543  81.4943 -40.9048  26.3102 -131.161  15.8727 -38.3599 -88.3839  -4.35805 -0.271474   12.1102 -13.3176  5.64442 -4.47401  0.00836159 -0.0288042  0.0157512 -0.00171032  -0.0102361  -0.0737988 0.921487 -1.09736 -9.68007 388.027
-15.738 27.9237 78.6489 -41.8117  26.6852 -131.455  16.7598 -38.6094  -89.106  -4.36046 -0.300261   12.1321 -13.3778  5.75514 -4.42511  0.00774696 -0.0292188  0.0159496 -0.00169325  -0.0102449  -0.0739195 0.921434 -1.09732 -9.68003 389.052
-17.3887   27.802  78.8198 -42.4516   26.865 -131.669  16.8494 -37.9437 -89.5239  -4.36167 -0.389485   12.2329 -13.5479  5.77988 -4.39283  0.00752236 -0.0289419  0.0145651 -0.00158213  -0.0102781  -0.0742362 0.921255 -1.09724 -9.67993 389.75
-20.7426  26.2985  76.0472  -43.193  27.2682 -131.922  17.0499 -37.8187 -89.4951  -4.37705 -0.343473   12.1807 -13.5122  5.90815 -4.34453  0.00703116 -0.0287945  0.0152029 -0.00165171  -0.0102707  -0.0740416  0.92135 -1.09726    -9.68 390.631
-22.5567  25.5976  75.3337 -43.8211  27.4406 -132.113  19.1974 -37.0328 -91.1088  -4.35507 -0.397445    12.247 -13.6213  5.96052 -4.29178  0.00698113 -0.0290773  0.0146311 -0.00160207   -0.010301  -0.0742522 0.921228 -1.09722 -9.67993 391.31
-24.8156  23.1305  73.0618 -44.6254  27.7333 -132.353  17.7045 -37.7633 -90.8375  -4.33018 -0.409691   12.2682 -13.6615  6.02923 -4.25337  0.00678526   -0.02889  0.0150289 -0.00159054   -0.010314  -0.0743213 0.921185 -1.09721 -9.67992 392.199
-26.064 21.9524 72.1959  -45.228  27.9887 -132.539  18.5743 -37.1344 -90.7923  -4.32748 -0.416888   12.2772 -13.6954  6.10403 -4.23117  0.00687448 -0.0291128  0.0144893 -0.00158196  -0.0103279  -0.0743548 0.921163 -1.09721 -9.67991 392.879
-27.0607  18.8039  69.5016 -45.8517  28.5375 -132.797  18.2725 -37.7957 -90.1172    -4.409 -0.385455   12.2051 -13.6255  6.26206 -4.25013  0.00646312 -0.0286232  0.0155203 -0.00179154  -0.0102176  -0.0740753 0.921373 -1.09712    -9.68 393.749
-27.4171  17.5829  68.0769 -46.4565  28.8234 -132.974  18.3434 -38.4233 -90.3478  -4.40129 -0.376029   12.1876 -13.6118  6.31439 -4.24258  0.00599704 -0.0290008  0.0154196 -0.00184621  -0.0101941  -0.0740583 0.921402  -1.0971 -9.68001 394.441
-27.8564  15.5148  67.0777 -47.1732  29.1825  -133.22  16.9712 -38.2041 -89.0327  -4.41396 -0.377134   12.1878 -13.6122  6.37527 -4.23454  0.00582119 -0.0286224  0.0151632 -0.00185507  -0.0101789  -0.0739926 0.921425  -1.0971 -9.68004 395.28
-28.3828  14.5717  64.7847 -47.7961  29.4738 -133.401  17.7914  -38.803 -89.9147  -4.40697 -0.365366   12.1714  -13.584  6.43958 -4.20391  0.00564641 -0.0293606   0.015629 -0.00188554  -0.0101765  -0.0739755 0.921437 -1.09711 -9.68005 395.991
-27.9224   13.233  63.4349 -48.4919  29.7957 -133.602  18.3132 -39.3147 -90.3293  -4.3982 -0.36367  12.1712 -13.5743  6.50477 -4.16973  0.00543091 -0.0294256   0.015474 -0.00188549  -0.0101701  -0.0740167 0.921434  -1.0971 -9.68004 396.783
-27.3035  12.6357  61.4071 -49.1311  30.1265 -133.774  19.2783 -38.6448 -90.9401  -4.40043 -0.357711   12.1685 -13.5798  6.59469 -4.11281  0.00514131 -0.0300661  0.0155417 -0.00188785  -0.0101863  -0.0741163 0.921422 -1.09708    -9.68 397.523
-26.9777  11.0002  59.9125 -49.7837  30.4004 -133.836  17.7186 -39.8678 -89.7432  -4.31914 -0.370582   12.2148 -13.6311  6.62945 -3.93551  0.00552963 -0.0299776   0.015642 -0.00190202  -0.0101642  -0.0747321 0.921331 -1.09692 -9.67975 398.234
-25.6651   10.031  59.0972 -50.4453  30.6941 -133.983   18.403 -39.4412 -89.8631  -4.29021 -0.358391   12.2082 -13.6207  6.70727 -3.86916  0.00547325 -0.0304943  0.0152036 -0.00192457  -0.0101627  -0.0748333 0.921319  -1.0969 -9.67971 398.972
-24.8165  8.03639  56.7544 -51.0546  30.8635 -134.033  18.2836 -41.1214 -89.3305 -4.16483 -0.34006  12.2352 -13.6055   6.6958  -3.7273  0.00584392 -0.0305853  0.0161706 -0.00202072  -0.0101305  -0.0752245 0.921257  -1.0968  -9.6796 399.607
-23.4037  5.81448  55.5392 -51.7368  31.0344 -134.141  16.0451 -41.1248 -86.5521  -4.03393 -0.342066   12.2779 -13.6116  6.64379 -3.62404  0.00624711 -0.0301629  0.0163623 -0.00215143  -0.0100479  -0.0754769 0.921231  -1.0967 -9.67953 400.318
-21.3506  4.38424  54.3403 -52.3577  31.2338 -134.276  15.2881   -42.86 -86.5115 -3.97251  -0.3235  12.3029 -13.5873  6.65408 -3.57095  0.00612022 -0.0301654  0.0165886 -0.00213432  -0.0100028  -0.0755534 0.921226 -1.09673 -9.67953 400.984
-17.5487   4.4631  57.4291 -53.3583  32.1191 -134.868  15.1725 -45.1401 -89.3571 -4.2212 -0.4566 12.3808 -13.7664  6.90612 -3.72138  0.00487607 -0.0300724  0.0125408 -0.00250082  -0.0103119  -0.0751464 0.921179 -1.09634 -9.67972 402.445
-14.6014  3.31411  56.7592 -54.0108  32.4461 -135.092  14.3536  -46.919 -89.0146  -4.23213 -0.455916   12.4235 -13.7361  6.92844 -3.67463  0.00419474 -0.0297214  0.0122771 -0.00246607  -0.0103262  -0.0751143 0.921173 -1.09636 -9.67976 403.209
-10.2213  3.29316  60.2981 -55.1344  33.2838 -135.562 14.3397 -47.785 -92.422 -4.40514 -0.62792  12.4161 -14.0009  7.18883 -3.77986  0.00299707 -0.0296428 0.00816632 -0.00285605   -0.010749  -0.0749103 0.920981  -1.0959 -9.67981 404.687
-6.39507  2.72317  58.7785 -55.6812  33.5566 -135.738  14.2153  -49.455 -91.7928  -4.39524 -0.578163   12.4786 -13.8845  7.14332 -3.71861  0.00217008   -0.02908 0.00883896 -0.00278126  -0.0106926  -0.0749576 0.921016 -1.09597 -9.67984 405.323
-2.97312   4.5019  58.8272 -56.6892  33.8155 -136.126  13.8205 -52.3077 -92.2594  -4.36552 -0.682275   12.5202 -13.9532   7.1631 -3.83511  0.00145545 -0.0297919 0.00789625 -0.00263883  -0.0109424  -0.0745921 0.920806 -1.09605 -9.67998 406.434
1.00325 4.18222 56.3095 -56.9119  34.1843 -136.192  11.1616 -55.3385 -87.9425  -4.39478 -0.386578   12.7032 -13.5917  6.95284 -3.56328  6.87784e-05  -0.0283376  0.00985406 -0.00264303  -0.0112664  -0.0752315  0.92064 -1.09596 -9.68001 406.87
4.18283 4.55973 55.1263 -57.6052  34.5232 -136.425  10.1293 -57.7965 -87.7051 -4.37263 -0.33019  12.7853 -13.4334  6.91055 -3.49877  -0.000905942   -0.0276497    0.0109309 -0.00272798  -0.0113988  -0.0752914 0.920568 -1.09589 -9.68009 407.676
8.71643 5.22891 53.1607 -57.9327  34.3064 -136.737  8.98288 -61.6432 -85.6017 -4.09196 0.310707  13.2181 -12.9177  6.29908 -3.28986  -0.00303226  -0.0264963   0.0124757 -0.0034899 -0.0135254 -0.0755305 0.919508 -1.09545 -9.68086 408.178
11.8539  5.4478 52.1548 -58.4625  34.8437 -136.808  7.44353 -62.0728 -84.2466 -4.13663  0.43378  13.2119 -12.7044  6.29239 -3.13799  -0.00367317  -0.0254164   0.0138525  -0.003843 -0.0137725 -0.0758621 0.919465 -1.09519 -9.68084 408.935
15.6176  7.0428 49.8255 -58.7429  35.0063 -137.014  7.94316 -66.1192 -82.6956 -4.19391 0.741603  13.4312  -12.214   5.9924 -2.96187  -0.00528914   -0.024715   0.0161385 -0.0034667 -0.0142756 -0.0761243 0.919192 -1.09547 -9.68102 409.319
17.6884 8.32348 50.1511 -59.3453  35.3509  -137.16  7.46625 -66.9879 -81.9334 -4.21547 0.770255  13.4514 -12.0221  5.94495 -2.89184  -0.00547108  -0.0242581   0.0169199 -0.00341964  -0.0142598  -0.0762286 0.919197 -1.09549   -9.681 410.029
19.4136 9.93286 50.5069 -59.8337  35.6795 -137.308  8.37542 -69.1229  -82.832 -4.26345  0.78572  13.4933 -11.8035  5.91128 -2.84327  -0.00558186  -0.0241168   0.0178516 -0.00335934  -0.0140907  -0.0763179 0.919305 -1.09556 -9.68098 410.636
     21 11.1016 52.3087 -60.4902  35.9501 -137.473  8.00754  -68.894 -83.0736 -4.23563 0.778382  13.4811 -11.7092  5.92186 -2.88164  -0.00582003    -0.02406   0.0177814 -0.00339437  -0.0142041  -0.0762064 0.919236 -1.09553 -9.68102 411.365
22.4304 13.2148 55.0511 -61.4182  36.3357 -137.728  8.39232 -70.3994 -84.3167 -4.20582 0.772229   13.484 -11.531 5.90898 -2.9053  -0.00590239   -0.024226   0.0179112 -0.00337223  -0.0142975  -0.0760653 0.919161 -1.09554 -9.68109 412.402
22.6661 14.8806 56.0587 -61.8742  36.1225  -137.91  11.2921 -70.3188 -87.3102 -4.06772 0.769743  13.5169 -11.5364  5.81306 -2.99662  -0.00591089  -0.0249854    0.017912 -0.00300719  -0.0145772  -0.0756863 0.918837 -1.09575 -9.68124 412.937
 23.742 17.2632 58.8062 -62.8069  36.4677 -138.186  11.9824 -71.4682 -88.3578 -4.02005 0.763025  13.5247 -11.3317  5.79494 -3.00848  -0.00613903  -0.0251717   0.0183161 -0.0029581 -0.0146503 -0.0755159 0.918744 -1.09578 -9.68131 413.969
23.2796 17.6419 60.1993  -63.118  36.4376 -138.327  10.9653 -69.5496 -87.8577 -3.95133 0.773195  13.5474 -11.3452   5.7587 -3.06041  -0.00564999  -0.0249644   0.0178257 -0.00286927  -0.0147513  -0.0752368 0.918613 -1.09583 -9.68143 414.312
23.9244 20.3852 63.3103  -64.006  36.7995 -138.606  12.6202 -70.9069 -89.4295 -3.91601 0.769823  13.5569  -11.112  5.75253 -3.07209  -0.00588085  -0.0251729   0.0181132 -0.00284199   -0.014769  -0.0750796 0.918556 -1.09586  -9.6815 415.31
23.4448 20.5152 64.3045 -64.2797  36.7897 -138.706   9.6674 -69.3489 -86.8558 -3.86462 0.787281  13.5684 -11.0714  5.70498  -3.0915  -0.00548317  -0.0246936   0.0178017 -0.00270034  -0.0147701  -0.0749385 0.918477 -1.09596 -9.68155 415.602
23.6172  23.376 66.9715 -65.1325   37.064 -139.019  12.3053 -70.8791 -89.1417 -3.79799 0.789124  13.5839  -10.845  5.65711 -3.12575  -0.00557433  -0.0251546   0.0181038 -0.00264122  -0.0147562   -0.074628  0.91837 -1.09604 -9.68169 416.551
23.6749 24.7575 66.1759 -65.4281  37.0141 -139.073   13.099 -72.1681 -88.5429 -3.70938 0.774992  13.5709 -10.7423  5.56874 -3.12362  -0.00580761  -0.0254293    0.019446 -0.00250763  -0.0147605  -0.0745753 0.918226  -1.0961 -9.68169 416.856
24.1422 26.5666 69.4256 -66.1809  37.5374 -139.286  17.4768 -73.3914 -92.4988 -3.77567 0.775835  13.5764 -10.4462  5.66312 -3.04673  -0.00618533  -0.0255905    0.019438 -0.00252406   -0.014782  -0.0747562  0.91834  -1.0961 -9.68163 417.797
24.3157 27.0349 70.3811 -66.4774  37.5845 -139.361   18.272 -73.7934 -93.1572 -3.71112 0.770384  13.5731 -10.3993  5.61864 -3.05198  -0.00636429  -0.0255812   0.0194685 -0.00254488  -0.0147695  -0.0746452 0.918234 -1.09608 -9.68167 418.106
24.6296 28.3067 72.5019 -67.1952  38.0829 -139.504  21.1835 -75.0286 -95.6472 -3.76708 0.764861  13.5626 -10.1015  5.72802 -2.95304  -0.0071778 -0.0258638  0.0197857 -0.00252332  -0.0148103  -0.0750221 0.918396 -1.09608 -9.68153 418.992
26.9242 29.0572 76.0196 -67.8666  38.0171 -139.337  28.7794 -76.3635 -105.256 -3.56528 0.714109  13.4214 -10.2717  5.50148 -2.88633  -0.00872166  -0.0271527    0.018585 -0.00198037  -0.0149426  -0.0751093 0.917734 -1.09612 -9.68128 419.687
26.5445 30.7054 76.4973 -68.3743  38.6011 -139.585   30.752 -77.0852 -105.683 -3.75047 0.730866  13.4668 -9.81584  5.73321 -2.82841  -0.00939739  -0.0272717   0.0193375 -0.00193321  -0.0149797  -0.0754174  0.91815 -1.09623 -9.68123 420.5
23.7788 33.8437 73.1323 -68.3775  38.0981  -139.86  35.4011 -76.9093 -106.193 -3.51897 0.811652  13.5133 -9.48497  5.46914 -2.96671  -0.0077124 -0.0277805  0.0222404 -0.00181131  -0.0142726  -0.0746264 0.918096 -1.09674 -9.68166 421.073
24.8493 35.6464 75.5583 -69.0536  38.7545 -140.022  40.9656  -78.269 -111.177 -3.64235 0.776798  13.5179 -9.21352  5.70898 -2.92227  -0.0092968 -0.0281863  0.0215077 -0.00188329  -0.0145848   -0.074981 0.918225 -1.09655 -9.68152 422.029
26.9266 36.7211 78.2414 -69.6994  38.7001 -139.832  49.6541 -79.1338 -121.529 -3.42409 0.724868  13.3821 -9.28756  5.45641 -2.86486  -0.0109532 -0.0294176  0.0207323 -0.0015121 -0.0145574 -0.0750846 0.917629 -1.09657 -9.68126 422.705
25.4242 38.7901 77.4101 -70.1654  39.2422 -140.035  56.8283 -79.4969 -127.004 -3.57917 0.694584  13.4192 -8.79049  5.79197 -2.83574  -0.0115039 -0.0298393  0.0210701 -0.00142621  -0.0145275  -0.0755491  0.91816 -1.09662 -9.68114 423.448
16.9698  38.478 71.7312 -69.4679  39.0687 -140.992   38.044 -76.4024 -104.456 -3.71679 0.925104  13.6861 -8.27715   5.8532 -3.22624  -0.00705498  -0.0273086   0.0223815 -0.0017575 -0.0133021 -0.0735918 0.918691 -1.09752 -9.68239 424.644
13.5917 38.6887 69.3106 -69.9878  39.4613  -141.24   37.274 -75.5914 -102.941 -3.72633 0.925716  13.6999 -8.00466  5.96941 -3.22571  -0.0070211 -0.0272483  0.0225471 -0.00174855  -0.0132911  -0.0735255 0.918685 -1.09754 -9.68242 425.341
11.6043 39.1055 67.9302 -70.2175  39.6513 -141.372  38.1602 -75.3283 -103.187  -3.7302 0.936407  13.6994 -7.85618  6.01847 -3.22657  -0.00673616   -0.027591   0.0226632 -0.00175644  -0.0132748  -0.0734427 0.918668 -1.09757 -9.68247 425.668
8.88618 39.7446 65.2546 -70.7776  40.1133 -141.494  45.3296 -75.7654 -109.688 -3.74455 0.854949  13.7357 -7.60913  6.22145 -3.14147  -0.00721614  -0.0283219   0.0224972 -0.0017043  -0.013324 -0.0739695 0.918995  -1.0974 -9.68221 426.404
6.53593 39.8069  64.285 -71.1093  40.4377 -141.604  45.7497 -74.1882  -109.66 -3.79895 0.722057  13.8021 -7.53969  6.39937 -3.09074  -0.00658691    -0.02866   0.0216589  -0.001592 -0.0130766 -0.0742806 0.919379 -1.09733   -9.682 426.881
4.05169  39.333 61.7185 -71.5072  40.8234 -141.784  52.5104 -73.7803 -115.339 -3.79677 0.745432  13.7669 -7.23771  6.50519 -3.12365  -0.00757202  -0.0291854   0.0209864 -0.0016347 -0.0130737 -0.0742248 0.919354 -1.09736 -9.68205 427.463
1.45475 38.3169 60.2912 -71.9491  41.0457 -141.793  50.6035 -73.4335  -113.03 -3.73348 0.608172  13.8567 -7.17114     6.59 -2.98249  -0.00702032  -0.0291687   0.0200171 -0.00158913  -0.0129444  -0.0748436 0.919746 -1.09712  -9.6817 427.958
-2.31908  36.7339  56.0303 -72.5138  41.3664 -141.869  49.5619 -72.8069 -112.112 -3.64774 0.458907  13.9625 -7.07756  6.67325 -2.83574  -0.00703732  -0.0290487   0.0201458 -0.00167543  -0.0127621  -0.0753573 0.920108 -1.09681  -9.6814 428.612
-5.10188  35.5552  53.2919 -72.9511  41.6572 -141.954  47.7615 -72.3671 -110.092 -3.59222 0.346912  14.0437 -6.98401  6.74403 -2.72773  -0.00676217  -0.0291936    0.020161  -0.001757 -0.0126177 -0.0756935 0.920384 -1.09659  -9.6812 429.144
-6.67394   33.966  51.0128 -73.3723  41.9213 -141.997   48.034 -73.0971 -110.349 -3.50865  0.26805  14.0933 -6.78465  6.82907 -2.62957  -0.00695856  -0.0293594   0.0200626 -0.00179954  -0.0124585  -0.0760951 0.920667 -1.09642 -9.68099 429.643
-8.89073  31.6804  47.2997 -73.7815   42.149  -142.05  43.6536 -73.5204 -106.053 -3.42324 0.206422  14.1635 -6.60688  6.86994  -2.5236  -0.00671601  -0.0292378   0.0208003 -0.00178558  -0.0123809  -0.0764405 0.920859 -1.09627 -9.68081 430.114
-10.5132  29.6777  44.1865  -74.101  42.4833 -142.173  43.9751 -74.6028 -106.869 -3.42256 0.213685  14.1568 -6.37081  6.91136 -2.51187   -0.006716 -0.0292991  0.0211495 -0.00177686  -0.0123784  -0.0764202 0.920833 -1.09629 -9.68082 430.592
-12.9324  26.9755  38.6937 -74.5789  42.6241 -142.162  33.3678 -74.6938 -95.2209  -3.25064 0.0839949   14.3152 -6.30041  6.91958 -2.29628  -0.00594224  -0.0288502   0.0229101 -0.00169968  -0.0122782  -0.0771036 0.921212 -1.09595 -9.68043 431.091
-13.6377  25.2744  36.1261  -74.982  42.8286 -142.156  25.9366 -75.9315 -88.6186   -3.09708 -0.0249349      14.42 -6.20221  6.95238 -2.13425  -0.00523168  -0.0292534   0.0230496 -0.00187922  -0.0120466   -0.077656  0.92165 -1.09561 -9.68016 431.543
-13.0805  22.7696  33.9297 -75.3393  43.0206 -142.169  12.8747 -76.2164 -74.7125   -2.95649 -0.0848412    14.5051 -6.05318  6.95716 -1.99994  -0.00518469  -0.0287387   0.0232909 -0.00199199  -0.0118543  -0.0780672 0.921942 -1.09539 -9.67998 431.949
-13.2302   21.316  32.0675 -75.5224   43.012  -142.03  9.29152 -76.6622 -71.2023   -2.76524 -0.0271711    14.5371 -5.80424  6.92087 -1.80862  -0.00438046  -0.0291998   0.0239319 -0.0018664 -0.0117518 -0.0787586 0.922269 -1.09534 -9.67974 432.179
-8.55638  20.3902  33.3886 -76.1329  43.8564  -142.46  5.73769 -77.1787  -68.709  -2.91319 -0.160088    14.598 -5.77443  7.07391 -1.97949  -0.00621082  -0.0291963   0.0213633 -0.00261045  -0.0121315  -0.0779672 0.921915 -1.09488 -9.68003 433.306
-7.44336  19.9553  32.7591 -76.3506  44.1014 -142.522  4.42873  -78.411 -68.1329  -2.89777 -0.126653   14.6096 -5.52445  7.07914 -1.95839  -0.00601999  -0.0297042   0.0212636 -0.00247172  -0.0120642  -0.0780828 0.921966 -1.09498 -9.68001 433.64
-4.44733  19.3483  33.0786 -76.7309  44.5839   -142.7  3.13149 -78.3678 -67.0317  -2.92374 -0.170943   14.6123 -5.32312  7.15431 -2.01793  -0.00680254  -0.0297673   0.0202149 -0.0026718 -0.0121306 -0.0778528  0.92186 -1.09488 -9.68008 434.279
-3.37238  18.9924   31.774 -76.8946  44.8167 -142.757 -2.17999 -79.2704 -61.6022  -2.90489 -0.125587   14.6336 -5.06037  7.14119  -1.9912  -0.00688109  -0.0299593   0.0206576 -0.00252054  -0.0120491  -0.0780268 0.921942 -1.09498 -9.68005 434.57
-0.94424  18.9066  31.5867 -77.2873  45.3559 -142.956  -4.4328 -79.1702 -60.4832  -2.94572 -0.201515   14.6039 -4.86183  7.24872 -2.10888  -0.00751472  -0.0303233   0.0201266 -0.00280234  -0.0121648  -0.0776313 0.921755 -1.09485 -9.68016 435.266
0.289695  18.3074  30.0606 -77.3956  45.5269 -142.999 -8.67534 -79.5468 -55.7413   -2.9134 -0.129847   14.6503 -4.58403   7.1758 -2.03042  -0.00790072  -0.0299982   0.0208677 -0.00257406  -0.0120144  -0.0779226 0.921891   -1.095  -9.6801 435.473
2.33147 18.3425  28.606  -77.71 45.9585 -143.15  -13.995 -80.4059 -51.1705  -2.92216 -0.163693   14.6562 -4.33631  7.20786 -2.08704  -0.00839251  -0.0298746   0.0212391 -0.0026182 -0.0120478 -0.0777831 0.921803 -1.09497 -9.68012 436.028
3.15079 18.0309 26.3946 -77.7549  46.0789 -143.162 -23.8052 -80.9583 -40.2401   -2.84983 -0.0148991    14.7467 -4.04159  7.05012 -1.93712  -0.00862821  -0.0290525   0.0223679 -0.00248068  -0.0120808  -0.0783275 0.921997 -1.09501 -9.68002 436.157
4.86257 18.8025 24.8012 -78.0376  46.4605 -143.304 -37.6158 -82.3761 -26.9017   -2.84192 -0.0323518    14.7728 -3.77477   7.0467 -1.95218  -0.00894971  -0.0287161   0.0228519 -0.00249069  -0.0120895  -0.0782351 0.921911   -1.095 -9.68003 436.652
  5.662 18.8193 22.8123 -78.0891  46.5709 -143.313 -48.7369  -82.092 -14.4557 -2.76907 0.146709  14.8744  -3.4743  6.84113 -1.79129  -0.00907403  -0.0277463   0.0238417 -0.00235004   -0.012289  -0.0788027  0.92203 -1.09501 -9.67991 436.774
7.32049 18.9568  21.014 -78.244 46.9197 -143.41  -61.9652  -82.6531 -0.933428 -2.75285 0.182825   14.899 -3.17152  6.78771 -1.74354  -0.00920677  -0.0265547   0.0246235 -0.0023976 -0.0122951 -0.0788948 0.922064 -1.09501 -9.67992 437.168
7.97155 19.7658  19.174 -78.4356  46.8681  -143.45 -74.5037 -82.6098  13.0685 -2.62743 0.427427   15.075 -2.90544  6.45097 -1.56998  -0.00916523  -0.0256694   0.0255214 -0.00213886  -0.0128572   -0.079368 0.921828 -1.09498 -9.67975 437.371
9.62544 22.6995 18.3991 -79.2361  47.0029 -143.624 -79.8689 -83.9573  19.3785 -2.52711 0.263427  15.2007  -2.8818  6.37729 -1.63136  -0.00916834  -0.0264074    0.025615 -0.0015308 -0.0132772 -0.0787625 0.920934 -1.09483 -9.67952 438.201
10.1596 22.5035 16.0515 -79.0649  47.1998 -143.663 -88.6313 -83.0487  29.3538 -2.55865 0.429638  15.2356 -2.46967  6.21442 -1.51877  -0.00909666  -0.0249876   0.0275982 -0.0015274 -0.0130294 -0.0792803 0.921333 -1.09514 -9.67954 438.465
 12.745 23.9756 16.2007 -79.1856  47.4972 -143.751 -91.3141 -82.1199  32.3848 -2.55583 0.440583  15.2505 -2.22469   6.1772 -1.51901  -0.00947335  -0.0245679   0.0280964 -0.00151537   -0.013015  -0.0792873 0.921317 -1.09517 -9.67955 438.798
14.3768 25.2406 16.2855 -79.0302  47.6878 -143.864 -100.984 -81.2618   42.464 -2.64061 0.651873  15.2989 -1.81468  6.02211 -1.49305  -0.00971323  -0.0235994   0.0289705 -0.00129751   -0.013095  -0.0795799  0.92141 -1.09556 -9.67961 439.068
16.6023 28.2296 17.8351 -79.1076   47.974 -143.974 -114.325 -80.8261  55.0654 -2.65255 0.661642  15.3301 -1.58759  6.01182 -1.51284  -0.00995098  -0.0239032   0.0293593 -0.00131319  -0.0130752  -0.0795684 0.921418  -1.0956 -9.67964 439.384
19.9082 30.6685 20.6221 -78.8579   48.504 -144.113 -111.277 -79.5064  52.9236 -2.82352 0.798347  15.3235 -1.00103  5.94263 -1.51089  -0.0110949 -0.0231366   0.030295 -0.0011464  -0.012965 -0.0799489 0.921813 -1.09603 -9.67971 439.986
21.1969 31.9807 22.2148 -78.8541   48.626 -144.231 -123.392 -78.8891  62.8809 -2.88316 0.832468  15.3886 -0.855511   5.94415  -1.54538  -0.0119348 -0.0233841  0.0302234 -0.000996095   -0.0129347   -0.0799333 0.921805 -1.09621 -9.67975 440.156
23.3032 33.1142 26.5308 -78.4785  49.4189  -144.25 -122.335 -78.5543  62.0975 -3.17967 0.942467  15.3133 -0.155488   5.95722  -1.42453  -0.0128473 -0.0228121  0.0306598 -0.000461609   -0.0130147   -0.0808299 0.922623  -1.0967 -9.67956 441.034
  22.34 34.0926 26.7909 -78.5428  49.3979  -144.36 -121.888 -79.5199  62.9841 -3.12713 0.943933  15.3743 -0.0723748    5.92364   -1.47932  -0.0119448 -0.0230938  0.0311612 -0.000606351   -0.0129103   -0.0805965  0.92245  -1.0967 -9.67967 441.163
24.5166 35.4404 29.6932 -78.2445  50.2575 -144.319 -126.098 -78.5344  66.7257 -3.32249 0.930847   15.287 0.504123  6.00923 -1.35844  -0.0134575 -0.0228412  0.0324334 -0.000509694   -0.0129269   -0.0814771 0.923417 -1.09684 -9.67948 442.074
23.9104 35.6413 29.1267 -78.2317  50.4583 -144.327 -116.887 -78.5407  59.2586 -3.30312 0.893267  15.2532 0.577397  6.03826 -1.35772  -0.0131068 -0.0223896  0.0335098 -0.000667497   -0.0130446   -0.0813924 0.923381 -1.09662  -9.6795 442.275
24.9729 37.4513 33.0418  -78.137  50.9722 -144.417 -120.985 -78.1511  63.0334 -3.32449 0.887462  15.2452 0.982803  6.04043 -1.34601  -0.0133699 -0.0224755  0.0338266 -0.000699866   -0.0130393    -0.081495 0.923517 -1.09663 -9.67949 442.805
24.6222 37.6136  34.169 -78.1627  51.0011  -144.48  -115.16 -78.8713  57.1573 -3.29138 0.910979  15.2721  1.05644  5.99986 -1.36621  -0.0130378 -0.0221342  0.0336879 -0.000638412   -0.0130005   -0.0813484 0.923309 -1.09667 -9.67951 442.879
24.8858 39.1251 38.4205 -78.0487  51.5158 -144.558 -116.311 -78.7899  58.2555 -3.31066 0.897007  15.2616  1.40804   5.9837 -1.36817  -0.0130642  -0.022133  0.0334606 -0.00067053  -0.0130431  -0.0814568 0.923454 -1.09663 -9.67949 443.412
24.1749  39.877 39.4351 -78.0345  51.5386 -144.619 -113.074 -78.9513  55.1998 -3.28054 0.930963  15.2763  1.53006  5.91368 -1.38744  -0.0128468 -0.0219724  0.0335027 -0.000615976   -0.0129488   -0.0813379 0.923264 -1.09674 -9.67951 443.479
23.2695 40.9122   42.97 -77.9203  51.9705 -144.712 -111.122 -79.2533  53.2896 -3.28202 0.928878  15.2792  1.85504  5.87144 -1.36177  -0.0126566 -0.0217314  0.0330806 -0.000610243   -0.0129729   -0.0813599 0.923287 -1.09672  -9.6795 443.935
21.3966 41.5775 42.6371   -77.78  51.8351 -144.911 -107.661  -79.471  50.8151 -3.2691 1.02747 15.3078  2.04112  5.75665 -1.48111  -0.0122365 -0.0214974  0.0335707 -0.000684542    -0.012532   -0.0809382 0.922871 -1.09715 -9.67973 444.214
 19.345 41.3134 43.7157 -77.5308  52.0605  -145.17 -101.944 -78.9015  45.2776 -3.27939  1.10063  15.3145  2.36481  5.71479 -1.58494  -0.0121373 -0.0208269  0.0332799 -0.000837136   -0.0121669   -0.0805025  0.92249 -1.09747 -9.67998 444.638
 16.723 40.6198 42.0236 -77.0149  52.0678 -145.726 -95.4636 -78.1357  39.7076 -3.41158  1.21227  15.3694  2.62669  5.70715 -1.87904  -0.0119553 -0.0198588  0.0338339 -0.00187874  -0.0111724  -0.0796069  0.92228 -1.09816 -9.68082 445.396
15.2962 38.5736 41.9661  -76.599  52.4701 -146.202  -83.337 -76.6634  28.1945 -3.5048 1.27239 15.3946  2.91385  5.74507 -2.07235  -0.0121653 -0.0183538   0.033311 -0.00256661  -0.0107886   -0.078839 0.921892 -1.09836 -9.68138 446.146
13.7797 34.5707 39.0708 -75.8032  53.3298 -147.112 -73.7122 -71.8052  19.7539 -3.87686  1.24139  15.5394  3.15463  6.12159 -2.46446   -0.013098 -0.0151992  0.0339002 -0.00494819  -0.0107366  -0.0779325  0.92269 -1.09803 -9.68273 447.629
11.5934 33.7745 38.1365  -75.426   53.658 -147.436 -69.2259 -70.9097  16.3287 -3.92601  1.31415  15.4678   3.4514  6.04046 -2.60865  -0.0131556 -0.0146432  0.0340492 -0.0052851 -0.0104849 -0.0773659 0.922193  -1.0983 -9.68304 448.225
8.77909  33.068 36.7083 -74.8803  53.4598 -147.615 -66.3488 -70.0718  14.2631 -3.9669 1.46043 15.2862  3.84468  5.86109 -2.77964  -0.0127389 -0.0143989  0.0347185 -0.00580551 -0.00933426  -0.0771191 0.922132 -1.09938 -9.68342 448.833
5.49515 31.5518 35.6555 -74.3153  53.5682 -147.851 -59.9536 -68.6981  9.12277 -4.00543  1.59736  15.1232  4.25372  5.67637 -2.87152  -0.0128801 -0.0142647   0.034915 -0.00606688 -0.00870159  -0.0768608 0.921873 -1.10012 -9.68367 449.454
3.69235 31.0607 34.9253 -74.2069  53.7866 -147.951  -59.038 -69.2221  8.95477 -4.00295  1.57506   15.152  4.33583  5.67874 -2.83538  -0.0127125 -0.0143074   0.034981 -0.00604319 -0.00875891  -0.0768892 0.921922 -1.10003 -9.68365 449.718
-0.5166  29.354 33.3493 -73.5838  53.8739 -148.077 -57.3338 -68.2051   7.4929 -4.0132 1.73614 14.9058  4.77843  5.47353 -2.91233  -0.0127803 -0.0141949  0.0357371 -0.00628099 -0.00820221  -0.0767625  0.92168 -1.10076 -9.68382 450.359
-2.55123  28.6884  32.2796 -73.5847  54.1851 -148.239 -54.4058 -67.4563  5.04029 -4.00554  1.62597  15.0523  4.75454  5.55968 -2.84356  -0.0125532 -0.0141538   0.035693 -0.00624783 -0.00823449  -0.0767938 0.921853 -1.10048 -9.68378 450.711
-6.11346  26.8158  31.3511 -73.0615  54.4138 -148.346 -56.2332 -67.2713  6.36311 -4.01266  1.73431  14.8696 5.09998 5.41983 -2.8568  -0.0129378 -0.0141541   0.035842 -0.00635551 -0.00805064  -0.0767641 0.921713 -1.10085 -9.68384 451.291
-7.98861  26.3621  30.4619 -72.8943  54.6064 -148.448 -55.4442 -67.5931  5.90065 -4.01493  1.72765  14.8795  5.19861  5.42887 -2.82696  -0.0129682 -0.0144556    0.03579 -0.00634826 -0.00806379  -0.0767693  0.92173 -1.10083 -9.68384 451.566
-10.1661  24.3883  29.2933 -72.4157  54.8932 -148.578 -57.9877 -67.6515  7.89887  -4.018 1.78552 14.7494  5.51272  5.35067 -2.80289  -0.0136366 -0.0144804   0.035554  -0.0064915 -0.00786897  -0.0767286 0.921657 -1.10109  -9.6839 452.139
-11.3251  23.6204  28.3935 -72.2616  55.0873 -148.667 -58.2284  -67.379  8.44335 -4.00556  1.75904  14.7851  5.59232  5.37383 -2.74318  -0.0135874 -0.0145801  0.0351693  -0.0064377 -0.00787688  -0.0768051 0.921746 -1.10102 -9.68386 452.402
-12.7104  20.5393  26.9456 -71.5389  55.4901 -148.821 -55.8257 -65.7087  6.22967 -4.10202  1.83495  14.5143  6.1055 5.31998 -2.8474  -0.0142036 -0.0144366  0.0347445 -0.00696921 -0.00765365  -0.0767054 0.921887 -1.10145 -9.68407 453.244
-12.7484  19.5475  25.3678 -71.4083  55.5669 -148.827  -59.562 -66.6894  9.58458 -4.00055  1.84052  14.5687   6.1472  5.28652 -2.70182  -0.0147103 -0.0148657  0.0346078 -0.00693254 -0.00766938  -0.0769568 0.922021  -1.1013 -9.68397 453.396
-12.2218  15.9774  22.8173 -70.9446  56.0153 -149.101  -58.626 -65.0406  8.74233 -4.08264  1.83385  14.5419  6.45816  5.25721 -2.70775  -0.0153138 -0.0147159  0.0339408 -0.00703603 -0.00771738  -0.0767288  0.92192 -1.10136 -9.68407 454.097
-11.639  14.067 21.2377  -70.734  56.1907 -149.206 -58.7176 -64.2254  8.77928 -4.08269  1.83413  14.5552   6.5643  5.19464 -2.66679   -0.015436 -0.0146677    0.03373 -0.00703966  -0.0077175  -0.0767082 0.921895 -1.10136 -9.68408 454.39
-10.1987  10.6251  18.8981 -70.2954   56.544 -149.407 -61.2068 -63.6388  10.8592 -4.10174  1.83124   14.557  6.76071  5.08783 -2.62856  -0.0154264 -0.0144453  0.0330142 -0.00707154 -0.00771396  -0.0766514 0.921874 -1.10138 -9.68411 454.988
-8.3489 9.75225 18.2993 -70.0539  56.7314 -149.531  -64.355 -64.2711  12.7222 -4.11471  1.83296  14.5726   6.8791  5.02019 -2.63002  -0.0159887 -0.0149786  0.0322227  -0.0070897 -0.00770697  -0.0766277 0.921874  -1.1014 -9.68413 455.318
-6.50419  7.01023  15.9667 -69.6573  57.0352 -149.703 -64.2887 -62.9214  12.9017 -4.12161  1.82523  14.5817  7.03893  4.90184 -2.60308  -0.0160918 -0.0147309  0.0322155 -0.00710309 -0.00771777  -0.0765849 0.921846 -1.10138 -9.68415 455.846
-4.44863  5.20172   15.159 -69.3443  57.3054 -149.836 -64.0561 -62.2506  12.8023 -4.14821  1.80286  14.5731  7.15928  4.85224 -2.60513  -0.0163755 -0.0145087  0.0317967 -0.00714616 -0.00776988  -0.0765508 0.921895 -1.10135 -9.68417 456.28
-2.49517  3.52717  13.0538 -69.0289  57.4288 -149.894 -60.5887 -61.0143  10.5449 -4.07196  1.83636  14.5929  7.18569  4.66125 -2.52069  -0.0163268 -0.0142652   0.032461 -0.00714435 -0.00769387  -0.0766802 0.921862 -1.10132 -9.68414 456.624
-0.449295   2.15592   12.2133 -68.6824  57.6241 -150.004 -60.4523 -59.8384  10.5144 -4.04931  1.84654  14.6039  7.28344  4.54438 -2.48744  -0.0163107 -0.0135689  0.0326573 -0.00715305 -0.00766725  -0.0767094 0.921839 -1.10131 -9.68414 457.037
1.08947 1.87409 11.2114 -68.3219  57.7685 -150.028 -59.0003 -59.0023  10.0364 -4.00718  1.87369  14.5864  7.36277   4.3849 -2.38414  -0.0160592 -0.0132818  0.0332208 -0.00711016 -0.00761522  -0.0769214 0.921926 -1.10133 -9.68407 457.426
3.68899 2.03464 12.0734 -67.9496  58.0326 -150.223 -63.2858 -59.6513  13.6056 -4.02495  1.85885  14.6173  7.55383  4.30002 -2.38914  -0.0162961 -0.0132058  0.0323146 -0.00716924 -0.00765701  -0.0767969 0.921872  -1.1013 -9.68412 457.923
5.77882 2.70843 11.8815 -67.5523  58.1717 -150.265 -61.0091 -59.1037  11.8036 -4.01538  1.89045  14.5928  7.68528   4.1671 -2.30126  -0.0165979  -0.013456  0.0327571  -0.0071115 -0.00759659  -0.0769633  0.92196 -1.10138 -9.68407 458.346
7.37449 3.24868 12.5938 -67.1161  58.3854 -150.365 -59.7642 -58.9309  10.8522 -4.01202  1.89703  14.5824  7.86801  4.06111 -2.25266  -0.0165321 -0.0134718  0.0329576 -0.00709384 -0.00758409  -0.0770197 0.921994  -1.1014 -9.68405 458.841
8.83604 3.82367 13.6017 -66.7964  58.5904 -150.502 -59.0666 -57.7268  10.0141 -4.00937  1.87939   14.586  7.99123  3.98789 -2.26464  -0.0167375 -0.0133623  0.0329841 -0.00711656 -0.00763246  -0.0768625 0.921871 -1.10133 -9.68409 459.245
9.38717 5.26252 15.7268 -66.4249  58.8031 -150.697 -60.8112 -57.8893  11.1386 -4.00566  1.87153  14.6151  8.12816  3.88168 -2.31795  -0.0169064 -0.0135288   0.032777 -0.00714792 -0.00769806  -0.0766349 0.921671 -1.10126 -9.68416 459.716
9.31974 6.12109 16.8934 -66.1484  58.9124 -150.919 -59.6759 -56.6474  10.6334 -3.99113  1.88443  14.6528  8.31959  3.78457 -2.46128  -0.0171981 -0.0133311  0.0329199 -0.00719403 -0.00778707  -0.0762171 0.921269 -1.10117 -9.68428 460.087
9.21714 6.20489 17.1047  -65.706  59.1132 -151.048 -58.1675 -55.3721  9.18233 -3.98663   1.8821  14.6483  8.54335  3.76359 -2.49413  -0.0173165 -0.0131024  0.0332815 -0.00718954 -0.00778892  -0.0761965  0.92124 -1.10115 -9.68429 460.589
10.2341 4.91984 14.9772 -65.4854  59.1336 -151.063 -59.5618 -54.1483  12.3821 -3.81599  1.90647   14.703  8.45099  3.47172 -2.32332  -0.0177802  -0.011963  0.0346129 -0.00755194 -0.00763553  -0.0765552  0.92127 -1.10106 -9.68427 460.811
11.4833 4.52365 13.9591 -65.0765  59.2901 -151.187  -59.799 -52.3957  12.9639 -3.80694  1.89983  14.7112  8.52963  3.36372 -2.27495  -0.0180237 -0.0113993  0.0353239 -0.00757623 -0.00760975  -0.0765377  0.92124 -1.10104 -9.68429 461.266
 12.337 3.81982 12.1078 -64.7978  59.2549  -151.17 -61.7463 -51.6573  16.9202 -3.59565  1.98558  14.7512  8.47103  2.98782 -2.09045  -0.0180603 -0.0103212  0.0364261 -0.00815795 -0.00769168  -0.0770091 0.921346 -1.10084  -9.6843 461.548
13.4214 3.70581 10.6781 -64.4197  59.3836 -151.194 -62.5281 -50.3061  17.8811 -3.54481  1.98435  14.7391 8.53227 2.82185 -2.0019   -0.0185772 -0.00971249   0.0371807 -0.00834421  -0.0076904  -0.0772274 0.921518 -1.10079 -9.68428 461.948
14.3443 4.15304 10.5639 -63.8714  59.5205 -151.279 -64.1346  -49.476  19.2789 -3.53409   1.9986  14.7367  8.62691  2.56595 -1.91466   -0.0193185 -0.00935108   0.0374816 -0.00835522 -0.00765893  -0.0773793 0.921584 -1.10084 -9.68424 462.519
14.1445 4.28461 10.3071 -63.5782  59.6049 -151.366 -62.8348 -48.1979  18.5939 -3.53147  1.99078  14.7335  8.69992   2.4295 -1.90309   -0.0193131 -0.00893539   0.0380681 -0.00835852 -0.00768614  -0.0772759 0.921509 -1.10079 -9.68428 462.837
14.6212 5.22383 11.6053 -62.9265  59.7677 -151.421  -64.576 -48.1475  19.6925 -3.54868  2.00023  14.7194  8.89762  2.20081 -1.78538   -0.0196775 -0.00867841   0.0381923 -0.00831714 -0.00763409  -0.0775608 0.921717 -1.10091 -9.68419 463.511
14.5621 6.14293 12.3418 -62.7161  59.8315 -151.529 -64.5405 -48.2837  19.8108 -3.5232 1.98614 14.7293  8.96678  2.10325 -1.80282   -0.0194895 -0.00872657    0.038178 -0.00832118 -0.00768602  -0.0773163 0.921492 -1.10079 -9.68426 463.756
14.2644 7.99901 13.2996 -62.1732  59.9156 -151.707 -65.9728 -48.7951  21.2911 -3.50296  1.99143  14.7468  9.13538  1.88246 -1.81387   -0.0191259 -0.00865064   0.0383325 -0.00832819 -0.00771901  -0.0771002 0.921272 -1.10071 -9.68432 464.333
14.2566 8.38422 13.1466 -61.8208  60.0279  -151.68 -64.2897 -47.2551  20.1411 -3.52653  1.97213  14.7161  9.21521  1.79898 -1.74399   -0.0190641 -0.00802199   0.0387629 -0.00825579 -0.00767471  -0.0773791 0.921504 -1.10081 -9.68423 464.704
13.5545 13.2576 12.3237  -61.634  59.8744 -151.914 -64.1871 -48.3611  22.6231 -3.37555  1.97197  14.7321  9.22006  1.39483 -1.82616   -0.0182142 -0.00864453   0.0401416 -0.00811593 -0.00776287  -0.0765879 0.920433 -1.10047 -9.68445 465.04
13.5633 14.1299  13.839 -61.2248  60.0138  -151.93 -62.4691 -47.5865  19.9522 -3.41332  1.96886  14.7207  9.33284  1.39576 -1.78746   -0.0181087 -0.00820699   0.0393929 -0.00811882 -0.00774079  -0.0768018 0.920698 -1.10056 -9.68438 465.472
13.4149 18.3715 15.0749 -60.5536  60.1122  -152.07 -63.3851 -48.2964  20.5486 -3.43047  1.97226  14.7399  9.49857  1.22545 -1.78345   -0.0179911 -0.00801638    0.039339 -0.00812524 -0.00773382  -0.0768359 0.920754 -1.10059 -9.68437 466.165
13.5367  19.977 15.3908 -60.1474  60.1767 -152.128 -63.0657  -47.703  20.0886 -3.49797  1.98292  14.7561  9.63972  1.16568 -1.74218   -0.0181991 -0.00764392   0.0393286 -0.00802034 -0.00772661  -0.0770087 0.920918 -1.10074 -9.68429 466.58
13.3941 23.9866 16.4706  -59.569  60.2389 -152.226 -62.5397 -48.5546  20.2559 -3.45099  1.97098  14.7301  9.76419 0.974873 -1.68329    -0.017838 -0.00796343   0.0392866 -0.00801499 -0.00775698  -0.0768823  0.92076 -1.10062 -9.68433 467.17
13.3155 24.8266 16.1264 -59.0158  60.2458 -152.328 -61.2313 -47.9636   18.988 -3.65943  2.01412  14.8265  10.0392 0.926112  -1.5663   -0.0180911 -0.00742351   0.0393427 -0.00760827 -0.00764088  -0.0773854 0.921096  -1.1012 -9.68404 467.733
13.7012 25.7829 16.7007 -58.2627   60.336 -152.349 -63.2954 -48.4045  19.8503 -3.76296  2.00672  14.8703  10.3377 0.770339 -1.35012   -0.0184254 -0.00695814   0.0389117  -0.0072679 -0.00760311  -0.0779758 0.921376  -1.1016 -9.68371 468.492
 7.2915 26.4576 14.1397 -57.4364  58.8242 -152.873 -56.2904 -51.3895  18.0532 -4.04805  2.35701  15.1729  10.7786 0.180657  -1.3247    -0.014835 -0.00651956   0.0387006 -0.00694391 -0.00513919  -0.0780973 0.920923  -1.1042 -9.68362 470.292
9.59913 25.8246 17.2162 -56.9109  59.4577  -152.66 -58.8478 -51.0041  17.1284 -4.02018  2.09131  15.0942  10.8749  0.30935 -1.11977   -0.0160664 -0.00663623   0.0369121 -0.00658565 -0.00523388   -0.078611 0.921321 -1.10399 -9.68333 471.143
8.36903 24.6027 16.8463 -56.5321  59.4393  -152.76 -56.6658 -50.2652  15.8156 -4.03786  2.13057  15.1145   10.936 0.240758 -1.13082   -0.0152911 -0.00574763   0.0369566 -0.00659682 -0.00535059  -0.0784789  0.92124 -1.10392  -9.6834 471.535
8.64508 23.5784 16.0703 -55.8344  59.4135 -152.775 -55.6353 -47.5325  14.3258 -4.00875  2.13125  15.1193  11.0189 0.076906 -1.00438    -0.015535 -0.00517472   0.0373076 -0.00654105  -0.0053845  -0.0786729 0.921264 -1.10394 -9.68334 472.233
6.91714 21.5242 14.3216 -55.5091  59.4694 -152.875 -51.9817 -44.8618   12.051 -4.03334  2.07893  15.1997   11.0494 0.0721754 -0.979831   -0.0144859 -0.00383865   0.0380815 -0.00648497  -0.0052589  -0.0786864 0.921323 -1.10398 -9.68338 472.578
7.37404 19.2604 14.5158  -54.671   59.512 -153.008 -51.9322 -43.4515    11.32 -4.06536  2.08846  15.2209   11.1731 -0.016676 -0.954131  -0.0148169 -0.0035867  0.0376666 -0.00655852 -0.00525882   -0.078583 0.921349 -1.10397 -9.68343 473.428
6.26725 17.4835 12.2822 -54.3771  59.5255 -153.068  -48.947 -40.3947  9.94156 -4.05927  2.05397  15.2798    11.1647 -0.0542121  -0.902324   -0.0142951 -0.00285157   0.0388744 -0.00652048 -0.00522922    -0.07863 0.921378 -1.10394 -9.68345 473.728
6.49529 14.4169 12.1882 -53.3924  59.6085  -153.25 -48.5459 -39.5232  8.73006 -4.15613  2.08638  15.2642   11.3791 -0.125104  -0.91318   -0.0146991 -0.00273255   0.0385914 -0.00676069 -0.00523617  -0.0783445 0.921472 -1.10395 -9.68351 474.733
6.94924 13.1065 10.8832 -53.278 59.4238 -153.16  -48.681 -39.2362  8.83276 -3.96764  2.13984  15.3117   11.2564 -0.297599 -0.754354   -0.0149458 -0.00301707   0.0393883  -0.0068843 -0.00551397  -0.0787399 0.921475 -1.10375 -9.68353 474.968
 6.7934 9.07928 9.87036 -52.6553  59.3374 -153.162 -49.3482 -39.5676  9.63719 -3.88511  2.13798  15.3412   11.2594 -0.472457 -0.635929   -0.0148313 -0.00332765   0.0396979 -0.00690448 -0.00554964  -0.0788907 0.921467 -1.10368 -9.68355 475.597
6.78458 6.44846  8.4171 -52.5407  59.2592 -153.184 -48.8878 -38.4247  9.87456 -3.68907  2.09283  15.4768   11.0955 -0.566733 -0.543637   -0.0146462 -0.00324889   0.0403092 -0.00725257 -0.00544408  -0.0791089 0.921588  -1.1035 -9.68371 475.737
6.78724 1.77437 7.33736 -51.8937  59.2172 -153.209 -49.1796 -38.5939  9.98011 -3.68234  2.09274  15.4756   11.1457 -0.695766 -0.485593    -0.014669 -0.00343902   0.0405018 -0.00724905 -0.00544791  -0.0791145  0.92158 -1.10349 -9.68371 476.386
   7.247 -1.41991  6.28097 -51.5767  59.1482 -153.276 -49.3608 -38.0514  10.3142 -3.62011  2.08891  15.5677   11.0711 -0.810329 -0.444732   -0.0148533 -0.00342491   0.0407224 -0.00713374 -0.00550228  -0.0791294 0.921419 -1.10338 -9.68381 476.717
 7.57559 -4.32059  4.78804 -51.0421  59.1168 -153.321 -47.7456 -37.0484  9.22323 -3.6118 2.08299 15.6019   11.0871 -0.906555 -0.406889   -0.0149702 -0.00366896   0.0412345 -0.00710561   -0.005531   -0.079136 0.921404 -1.10334 -9.68383 477.254
 8.36542 -6.15058  3.65253 -50.4978  59.0747 -153.349 -47.5264 -36.1103  8.35354 -3.60987  2.08514  15.6139   11.1344  -1.00654 -0.379056   -0.0153218 -0.00390249   0.0415526 -0.00708442 -0.00554709  -0.0791347 0.921384 -1.10332 -9.68384 477.801
  8.7897 -7.17624  2.17963 -49.9885   59.008 -153.312 -46.2272 -34.9166  7.77839 -3.56513  2.08799  15.6425   11.1061  -1.11488 -0.274966   -0.0153639 -0.00392006   0.0421522 -0.00700023 -0.00560235  -0.0794118  0.92147 -1.10334 -9.68379 478.316
  8.9698 -9.69345 0.531794 -49.5936  59.0215 -153.271 -45.0162 -31.3713   7.4051 -3.34583  2.01205  15.8278    10.8501    -1.1865 -0.0775768   -0.0151502 -0.00280083   0.0425951 -0.00728714 -0.00548328  -0.0801022 0.921915 -1.10329 -9.68386 478.713
  8.71861  -11.9182 -0.110666 -49.2634  59.0046 -153.256 -44.5068 -29.3232  7.75315 -3.02065  1.90384  15.9794   10.5879  -1.26424 0.0528117   -0.0147295 -0.00232739   0.0425796 -0.00863656 -0.00490599  -0.0805929  0.92276 -1.10326 -9.68411 479.044
 9.25953 -14.4822  -1.4399 -48.9035   59.051 -153.335 -44.0115 -27.4067  8.01926 -2.88781  1.82999  16.1683  10.4103 -1.33156 0.120542   -0.0147934 -0.00202698   0.0428342 -0.00863985  -0.0049053   -0.080782  0.92277 -1.10306 -9.68428 479.416
 9.91029 -16.2381 -2.80361 -48.5577  58.9875 -153.345 -43.4031 -25.8225   8.1093 -2.74748  1.80695  16.2857  10.2307 -1.44661 0.205983   -0.0150385 -0.00210332   0.0434184 -0.00873484 -0.00488696  -0.0810449 0.922802 -1.10296  -9.6844 479.767
 10.3071 -18.7169 -3.64404 -48.1844  58.9234 -153.291 -43.1578 -23.7503  8.32796 -2.52102  1.80009  16.3929  9.96748 -1.58167 0.335989   -0.0151865 -0.00138727   0.0436326 -0.00922438 -0.00495051   -0.081479  0.92307 -1.10277 -9.68454 480.15
 10.5546 -20.2065 -4.40233 -47.8398   58.808 -153.127 -42.5362 -21.4417  8.56836 -2.29314  1.83822  16.4408  9.66448  -1.7395 0.530395    -0.0153128 -0.000956364    0.0439802 -0.00954091 -0.00519915  -0.0821292  0.92329 -1.10261 -9.68457 480.549
 10.8043 -22.6674 -4.97315  -47.537  58.7884 -153.037 -42.5195  -19.717  8.74562 -1.99632  1.85099  16.5446  9.34048 -1.85369 0.653955   -0.0152636 3.21908e-05   0.0439831  -0.0102509 -0.00551404   -0.082615 0.923614 -1.10222 -9.68475 480.865
 10.9042 -24.6715 -5.03015 -47.2696  58.6728 -152.914 -42.0653 -17.7608   8.8513 -1.67338  1.90662  16.5985  9.02154 -2.00112 0.742764   -0.0152288 0.000582282   0.0439204  -0.0111367 -0.00581969  -0.0830938  0.92395 -1.10185 -9.68494 481.181
 10.7903 -26.5041 -5.16725 -46.9415   58.679 -152.779 -41.8081 -16.3273  8.69673 -1.49375  1.87706  16.6431   8.7526 -2.07192 0.820965   -0.015127 0.00138307  0.0439115  -0.0113872 -0.00598238  -0.0835309 0.924101 -1.10167   -9.685 481.536
 9.67121 -27.5676 -3.77016 -46.5782  58.6544 -152.444 -41.4868   -15.39  8.87366 -1.28266  1.80832  16.5927  8.44449 -2.13976 0.997177  -0.0148831 0.00210343  0.0433397  -0.0117572 -0.00586143  -0.0843687 0.924469  -1.1018 -9.68491 482.031
 9.03345 -27.6942 -3.21447  -46.112  58.6331 -151.983  -40.917 -12.6337  7.40547 -1.18902  1.74302  16.4411   8.2631 -2.16586  1.23009  -0.0145754 0.00326752   0.043394  -0.011987 -0.0056973 -0.0852976 0.924966 -1.10218  -9.6846 482.687
 8.81882 -24.6503 -2.45198 -45.5134  58.4082 -151.645 -40.6337 -12.0197  7.36116 -1.18525   1.7691  16.3273  8.18355 -2.33007  1.39833  -0.0147026 0.00378261  0.0433707  -0.0120748 -0.00565721   -0.085875 0.925222 -1.10251 -9.68434 483.41
 8.91665 -21.8654 -2.48028 -45.2037  58.3095 -151.583 -40.7501 -11.0394  7.01127 -1.18067  1.76652  16.3131  8.12963 -2.42093  1.41727  -0.0146701 0.00398926   0.043552   -0.012038 -0.00563663  -0.0858402 0.925183 -1.10249 -9.68435 483.741
 8.94492 -17.8731 -2.06257 -44.5049  58.0499 -151.247 -40.6243 -10.1402  6.35515 -1.22274  1.81075  16.2373  8.07755 -2.59569  1.60892  -0.0146701 0.00463252  0.0435854  -0.0122356 -0.00561407  -0.0864803  0.92553 -1.10292 -9.68402 484.559
 8.80065  -15.213 -1.89179 -44.2753  57.9454 -151.253 -40.5335  -10.797  6.65929 -1.2058 1.81077 16.2474 8.02758  -2.695 1.59206  -0.0145288 0.00449127  0.0436529  -0.012167 -0.0056095 -0.0862862 0.925408  -1.1028 -9.68412 484.811
   8.2048  -11.5225 -0.340081 -43.579 57.8178 -151.04  -40.696 -11.0261   5.8944 -1.2677 1.80553 16.2928   8.0269 -2.79142  1.77033  -0.0142884  0.0046998  0.0427317  -0.0123876 -0.00559952  -0.0868151  0.92572 -1.10317 -9.68385 485.551
  7.99147  -9.94228 -0.218353 -43.2455  57.7698 -150.928 -40.3502  -10.226  5.23913 -1.30925  1.78913  16.3162   8.0277 -2.82959  1.86093  -0.0141285  0.0049879  0.0426483 -0.0124326 -0.0055785 -0.0870856 0.925841 -1.10336  -9.6837 485.906
 7.56963 -5.12805 0.530109 -42.6091  57.6484 -150.789 -39.7795 -10.2752  4.46047 -1.34862  1.77404  16.3681  8.02134 -2.91454  1.95486  -0.0139454 0.00493214  0.0421402  -0.0125789 -0.00557784  -0.0872793 0.926021 -1.10351 -9.68358 486.568
 7.27216 -3.44239 0.135504 -42.1843   57.423  -150.69 -39.3683 -8.70603  4.40419 -1.47684  1.81401  16.4507  8.0851 -3.0212 2.09221  -0.0137041 0.00548004  0.0421699  -0.0126106 -0.00550005  -0.0877805 0.926107 -1.10402 -9.68329 487.059
6.92205 1.47304 2.16661 -41.5135   57.368 -150.587 -40.0377 -9.76782  3.85956 -1.53509  1.79008  16.5543  8.10899 -3.08326  2.18426  -0.0135246 0.00529516  0.0409628  -0.0127781 -0.00557853  -0.0879388 0.926317 -1.10412 -9.68317 487.74
6.95876 3.05351 3.43045 -41.2511  57.3196 -150.536   -39.73 -11.2568   3.6543 -1.5389 1.77743 16.5753  8.11576 -3.11341  2.21584  -0.0135678 0.00529337  0.0401426  -0.0127869 -0.00555841  -0.0879282 0.926335 -1.10413 -9.68317 488.012
6.26235 5.19089 3.37971 -40.7418  57.0069 -150.396 -41.1517 -13.3656  5.33775 -1.51042  1.79891  16.5252  8.00081 -3.31443  2.22911  -0.0128446 0.00530521  0.0402185  -0.0126648 -0.00551704  -0.0877106 0.926226 -1.10401 -9.68329 488.625
 2.50502  5.54434 -1.70414 -40.5577  55.4588 -150.327 -37.6485 -14.3037  10.2742 -1.47714  2.19105  16.3862  7.84513 -3.86518  2.19505  -0.00992315  0.00542715    0.042968  -0.0126234 -0.00482249  -0.0876989 0.925586 -1.10464 -9.68346 490.186
0.534391  5.83051  -4.5064 -40.0284  54.6656 -150.197 -36.9687  -16.563  14.3972 -1.4634 2.33594 16.3355  7.71802 -4.11557  2.20828  -0.00811103  0.00563582   0.0445459  -0.0127029 -0.00464048   -0.087613 0.925456 -1.10478 -9.68354 491.148
-4.34869  4.36069 -9.49589  -39.832  52.9022 -149.964 -31.7874 -17.9353   18.262 -1.48473  2.77326   16.168  7.61577 -4.60565  2.31373  -0.00451151  0.00645499   0.0471537  -0.0126947 -0.00382803  -0.0882044 0.924718 -1.10595 -9.68338 492.938
-5.21902  4.26648 -9.58669 -39.2889  52.5536 -149.832 -31.9863 -19.2934  19.0423 -1.48059  2.79661  16.1629  7.51813 -4.59117  2.31547  -0.00397453  0.00662329   0.0471943   -0.012746 -0.00380837  -0.0880934 0.924744 -1.10591 -9.68343 493.597
-6.09575  1.94325 -9.52316 -38.6486  52.1826 -150.056 -29.7294 -18.3879  18.7264 -1.5954 2.86281 16.3044  7.67861 -4.73914  2.14347  -0.00348668  0.00828603    0.046806  -0.0137363 -0.00283696  -0.0876538 0.925456  -1.1065 -9.68349 494.37
-6.86434 0.743302   -9.149 -38.1841  51.8964 -149.828 -29.0784 -17.8546  18.7636 -1.59675  2.77561  16.2951  7.53669 -4.59636  2.25392  -0.0029566 0.00884248  0.0466388  -0.0135449 -0.00267223  -0.0878603 0.925372 -1.10663 -9.68345 494.962
 -7.2108 -1.55308 -9.07311 -37.6197  51.6739 -149.991 -27.5197 -16.6287  18.6523 -1.69003  2.86922   16.432  7.6489 -4.6583 2.15585  -0.00270305   0.0104709    0.046474  -0.0143883 -0.00255545  -0.0875684 0.925975 -1.10679 -9.68341 495.59
-7.85709 -3.15807 -9.16011 -37.1765  51.3909 -149.765 -26.3411  -15.081  18.2313 -1.66221  2.80775   16.437  7.43245 -4.49466  2.24138  -0.00208612    0.010887   0.0466356  -0.0142537 -0.00254695  -0.0878146 0.925907  -1.1068 -9.68338 496.162
-8.49674 -4.68632 -8.87755    -36.9  51.2298 -149.747 -24.7154 -13.8958  17.8203 -1.68179  2.83074   16.463  7.38403 -4.48397  2.21849  -0.00161243   0.0116117   0.0465344  -0.0143739 -0.00251902  -0.0877389 0.925983 -1.10683 -9.68339 496.482
 -8.9521 -7.01646 -9.28681 -36.3854  50.9176 -149.608 -24.1057  -12.074  17.1396 -1.68281  2.83458  16.4761  7.20494 -4.39142  2.22906  -0.00122257   0.0117715   0.0470008   -0.014373 -0.00252955  -0.0877225 0.925982  -1.1068 -9.68341 497.1
-8.93381 -8.98151 -8.28191 -35.8196  50.7394 -149.658 -23.8818   -10.73  16.1552  -1.793 2.87196 16.5086  7.33882 -4.44285  2.16057  -0.00148129    0.012359     0.04638 -0.0152193 -0.0022487 -0.0874321 0.926591 -1.10718 -9.68325 497.696
-9.21527 -12.9387 -8.64664    -35.4   50.448 -149.523 -22.7936 -8.80048  15.9806 -1.75708  2.86679  16.5438  7.08325 -4.30739  2.19378  -0.00120323   0.0125444   0.0469645  -0.0150837 -0.00232407  -0.0874944 0.926487 -1.10704 -9.68333 498.224
 -9.2816 -14.8722 -8.97253 -35.3699  50.3609 -149.455 -22.3082 -8.08832  16.3538 -1.64074  2.83261  16.5916  6.85044 -4.18098  2.22999  -0.00103326   0.0126313   0.0473736  -0.0149976 -0.00236652  -0.0876716 0.926386 -1.10682 -9.68349 498.339
-9.72091 -18.9225 -8.52825 -34.9222  50.0801 -149.311 -22.1463 -7.39033  16.4133 -1.63109  2.83148  16.6056  6.64312 -4.05424  2.25158  -0.000836567    0.0125737    0.0474755  -0.0149788 -0.00237793  -0.0876824 0.926369 -1.10678 -9.68352 498.886
-9.40012 -20.8263 -9.31685 -34.8587  49.9893 -149.278 -22.0731 -6.43069  16.6393 -1.51862  2.81477  16.6735   6.4209 -3.94081  2.26274  -0.000857319    0.0123621    0.0481123 -0.0150258 -0.0024193 -0.0878176 0.926349 -1.10656 -9.68367 499.002
-9.61948  -25.438 -8.95897 -34.4079  49.7271 -149.114 -21.8569 -6.48047   16.586 -1.53218  2.81267  16.6603  6.25705 -3.82587  2.28002  -0.000729677    0.0121562    0.0482408  -0.0150538 -0.00241198  -0.0878055  0.92638 -1.10659 -9.68364 499.549
-9.10484 -28.4658 -9.57259 -34.4638  49.6024 -149.216 -21.8275 -5.08843  17.4803 -1.30879  2.85881  16.8348  5.88725 -3.74879  2.22276  -0.000969913    0.0124649    0.0487452   -0.015255 -0.00258027   -0.087873  0.92634  -1.1061 -9.68403 499.72
-8.60849  -33.404 -10.1036 -34.2183  49.3645   -149.2  -21.654 -4.45882  17.7793 -1.20221  2.88586  16.9483   5.5415 -3.63596   2.1648  -0.00126859   0.0124246   0.0493789  -0.0152725 -0.00269251  -0.0878631 0.926271 -1.10579 -9.68427 500.062
 -8.4555 -35.8831 -10.8603 -34.1056  49.2873 -149.228 -21.3721 -3.08097  18.1634 -1.11512  2.86975  17.0492  5.31164 -3.53412  2.11366  -0.00130037   0.0124718   0.0499712  -0.0153973 -0.00271435  -0.0878856 0.926328 -1.10557 -9.68445 500.201
-9.16185 -38.9237 -10.1942 -33.8211  49.1023 -149.146 -21.1868  -1.7581  18.1775 -1.10203  2.86492  17.0855  5.10748 -3.43647   2.0737  -0.00143037   0.0123723   0.0500313  -0.0153801 -0.00272472  -0.0878816 0.926317  -1.1055 -9.68451 500.551
-9.32176 -41.1732  -10.125 -33.6361  48.9684 -149.107  -20.9949 -0.487732    18.263 -1.07775  2.86488  17.1349   4.9289 -3.35601  2.04673  -0.00160925   0.0124142    0.050294  -0.0153505 -0.00275004  -0.0878927 0.926283  -1.1054  -9.6846 500.782
-8.66479  -43.499 -11.6015  -33.432  48.8712 -149.089 -20.1149  1.41032  18.5966 -1.0263  2.8295 17.2247   4.6715 -3.20878  2.00392  -0.00179329    0.012159   0.0512099  -0.0153487 -0.00278112  -0.0879291 0.926291 -1.10518 -9.68478 501.009
-10.0462  -44.861 -9.16836 -33.0825  48.6898 -148.922 -20.971    1.95 16.7416 -1.10446  2.82631  17.1201  4.72789 -3.20296  2.00429  -0.00166538    0.011744   0.0503144  -0.0156105 -0.00261617  -0.0877241 0.926553 -1.10556 -9.68452 501.437
 -9.3164 -46.8121 -9.64868 -33.0249  48.4591 -148.821 -21.6306  2.10182  17.6846 -0.97173  2.91991  17.1823  4.34529 -3.12105  2.00119  -0.00226993   0.0116838    0.050707   -0.015524 -0.00293593  -0.0880663 0.926247 -1.10514 -9.68473 501.695
-10.0064 -47.7038 -7.98593 -32.6568  48.3846 -148.766 -22.4208  1.40491  16.7972 -1.06864  2.85042  17.1572  4.39469 -3.06858   1.9642  -0.00228209   0.0112068   0.0499393   -0.015645 -0.00277384    -0.08772 0.926552  -1.1054 -9.68458 502.075
-9.20609 -50.0836 -8.97154  -32.729  48.1717 -148.529 -22.5308  2.64929  18.3911 -0.799691   2.95272   17.1575  3.82562 -2.94369  1.97856  -0.00284098   0.0117614    0.050722  -0.0160319 -0.00310942   -0.088456 0.926336 -1.10487 -9.68481 502.401
-9.85992 -50.6208 -8.46018 -32.4757  47.9482 -148.469 -22.0165  3.37617  17.8403 -0.875423   2.95969   17.1512  3.79899 -2.96154   1.9495  -0.00248432   0.0114147   0.0505235  -0.0159358 -0.00291218  -0.0882279  0.92637 -1.10515  -9.6847 502.744
-10.6499 -52.9588 -8.75333 -32.6638  47.9181 -148.066 -20.5747  5.39115  19.0776 -0.366397   2.83143   17.0246  3.08835 -2.64989  1.94055  -0.00223645   0.0120853   0.0512781  -0.0177958 -0.00220931  -0.0893083 0.926963 -1.10513 -9.68488 503.19
-11.2759 -53.4201 -8.72121 -32.5633  47.5534 -148.023 -19.9372  5.35611  19.0424 -0.409721   2.92681   17.0523  2.97247 -2.72551  1.91725  -0.00187627   0.0120533   0.0513171  -0.0174237 -0.00201146  -0.0892174  0.92663 -1.10536 -9.68486 503.571
-12.2049 -54.5401 -7.51971 -32.5835  47.7133 -147.751 -20.0381  5.27496  19.6407 -0.075772   2.81514    16.967   2.4562 -2.35759  1.86821  -0.00175138   0.0124428   0.0509634   -0.018728 -0.00223286  -0.0898026 0.927212 -1.10483 -9.68509 503.887
-13.2506 -56.5999 -7.02557 -32.7383  47.6244 -147.304 -18.4862  8.02002  19.9049 0.184784   2.7742  16.7898  1.97004 -2.13377  1.88576  -0.00134186   0.0137423   0.0513582  -0.0196171 -0.00190255   -0.090708 0.927272  -1.1049 -9.68506 504.368
 -13.551 -55.0282 -6.88871 -32.6133  47.5015 -147.119 -19.6755  6.94548  19.6243 0.195423  2.76862  16.7706  1.72491 -1.97724  1.84912  -0.000910928    0.0136513    0.0508953 -0.0196786 -0.0019002 -0.0908384  0.92724 -1.10491 -9.68502 504.623
-13.7168 -54.6348 -6.76303 -32.5714  47.5138 -146.864 -19.4505   8.9345  19.4894 0.189068  2.73169  16.6898   1.5562 -1.82835  1.87741  -0.000824017    0.0141968    0.0508257  -0.0196943 -0.00192251  -0.0912013 0.927124 -1.10492 -9.68492 504.882
-12.9116 -50.9125 -7.48294  -32.435  47.4404 -146.404 -19.2336  9.99958  18.6852 0.149558  2.71851  16.5759  1.26729 -1.57042  1.92104  -0.000735102    0.0146464    0.0505411  -0.0197773 -0.00199276  -0.0917769 0.926938 -1.10503 -9.68462 505.367
-12.6359 -49.2622 -7.33818 -32.4018  47.3763  -146.18 -19.2751  10.9204  18.4222 0.12186 2.74734 16.5216   1.1368 -1.48214  1.96073  -0.00094668   0.0150772   0.0502145 -0.0197575 -0.0020879 -0.0921197 0.926726 -1.10507 -9.68446 505.602
-10.8238 -42.1516 -10.2591 -32.3574  47.2619 -146.078 -19.1449  10.9911   18.134 0.140681  2.74741  16.5211 0.822114 -1.34069  1.85362  -0.000634082     0.014999     0.050345  -0.0196963 -0.00205496  -0.0920183 0.926732 -1.10503 -9.68454 505.762
-10.8786 -40.5936 -11.0632 -32.3247  46.9871 -145.752 -18.4675  12.5099  18.4967 0.00250144    2.82674    16.5352 0.723746 -1.33439  2.02085  -0.000294624    0.0153511    0.0504037 -0.0194372 -0.0017968 -0.0928142  0.92593 -1.10545 -9.68415 506.19
-9.80499 -34.7891 -12.9224 -32.2605  46.9028 -145.593 -18.7247  12.4197  18.1947 -0.00247594      2.8246     16.5429 0.450929 -1.14443  1.99745  -0.000131356    0.0153453     0.050299  -0.0194607 -0.00181489  -0.0928292 0.925937 -1.10544 -9.68414 506.381
-9.21514 -33.3403  -15.172 -32.4745  46.7234 -145.549 -18.8117  12.6038  19.5344 0.0556722   2.87055   16.4495 0.225783 -1.20599  1.92525  0.000210807   0.0151707   0.0512389 -0.0191047 -0.0016123 -0.0927374 0.925698 -1.10546  -9.6843 506.663
-8.46978  -28.039 -16.7884 -32.4527  46.6362 -145.395 -18.9372  12.8206  19.3083 0.0497333   2.87141   16.4586 -0.0401298   -1.03303    1.89134  0.000263885   0.0152389   0.0511918  -0.0191349 -0.00161497  -0.0927671  0.92569 -1.10547 -9.68428 506.842
-8.02362 -27.0211  -18.133 -32.6107  46.5868 -145.342 -19.9023  13.3009  20.3352 0.095498  2.87026  16.3505 -0.23089 -1.03863  1.81323  0.000367538   0.0154219   0.0518183  -0.0188618 -0.00151948  -0.0926236 0.925641 -1.10544 -9.68442 507.015
-7.89375 -22.4011 -18.7451 -32.5146  46.4815 -145.198 -20.0989  13.3935  19.6506 0.0388273   2.88626   16.4617 -0.418939 -0.838332    1.8563  0.000154801   0.0157157   0.0513699  -0.0190787 -0.00155492  -0.0928409 0.925543 -1.10551 -9.68426 507.218
-6.94851 -20.9977 -18.5598 -32.4991  46.8842  -145.26 -21.7668  13.0147  19.0343 0.0801856   2.73181    16.326 -0.496918 -0.676847   1.71967  -0.000472633    0.0155274    0.0514929  -0.0187422 -0.00188021  -0.0922301 0.926103 -1.10508 -9.68464 507.626
-7.00167 -18.1475 -18.6134 -32.5004   46.656 -145.083 -21.3323  12.6417    18.98 0.0228489   2.80603   16.4449 -0.732357 -0.540327   1.80916  -0.000439113      0.01585    0.0509616  -0.0189344 -0.00181062  -0.0926179 0.925735 -1.10523 -9.68441 507.914
-7.29752 -17.6382 -18.3904 -32.4955  46.7063 -145.024 -20.9101  13.1654  18.5019 -0.0102384    2.78241     16.473 -0.786622 -0.442014   1.85806  -0.000331799    0.0159591    0.0507469  -0.0189403 -0.00187115   -0.092793 0.925563 -1.10513 -9.68439 507.992
-7.12088 -16.5677 -17.9955 -32.5398  46.7061 -144.816 -20.5515  13.4515   17.818 -0.0755403    2.76133    16.5518  -1.01949 -0.206755   1.96849  -0.000615824    0.0162966     0.050203  -0.0190618 -0.00184158  -0.0932749 0.925109 -1.10507 -9.68426 508.204
-6.68845 -17.2177 -17.3684 -32.3544  46.8046 -144.898 -21.1348  15.7255  16.8948 -0.0967447    2.72613    16.6221  -1.02155 -0.174655   1.89133  -0.00100122   0.0169806    0.049911 -0.0191438 -0.0019863 -0.0928803 0.925632 -1.10508  -9.6843 508.429
-6.88643 -16.6562 -17.3292 -32.4872   46.791 -144.708 -21.1716  15.0266  16.8392 -0.103152   2.72859   16.6278  -1.33228 0.0109381   1.93309  -0.000950005    0.0169319    0.0497336  -0.0191915 -0.00195853   -0.093136 0.925381 -1.10504 -9.68426 508.661
-8.63194 -18.2514 -20.3409 -32.7949  45.6189 -144.576 -18.7041  15.6104  20.6571 -0.0905836    3.09757      16.71  -1.61304 -0.323664   1.81712  0.00104531  0.0178082  0.0506847   -0.0191832 -0.000655555   -0.0932398 0.924771 -1.10641 -9.68378 509.88
-8.38586 -18.2808 -19.6493 -32.8291   45.919 -144.475 -19.3018  15.2054  19.9025 -0.0996628    2.98286    16.7025   -1.81246 -0.0470962    1.81301  0.000526368   0.0175046    0.050428   -0.0191942 -0.000929451   -0.0932497 0.924924 -1.10609  -9.6839 510.199
-7.15647 -18.7518 -16.7224 -32.1988  46.4768 -144.779 -21.7612  16.2131  16.5746 -0.177201   2.78986   16.8291   -1.63486 0.00980817     1.6196  -0.00116845   0.0177392   0.0492174 -0.0193394 -0.0015686 -0.0919449 0.926534 -1.10594 -9.68405 511.094
-7.82384 -20.1659 -16.6611 -32.3789  46.4724  -144.64 -21.9094  15.6363  16.4475 -0.164173   2.79094   16.8105 -1.93674 0.142993  1.58033  -0.00128882   0.0174647   0.0492523  -0.0193196 -0.00150385  -0.0920701  0.92639 -1.10593 -9.68406 511.321
-8.90021 -21.8535 -16.0626 -32.4338  46.4379 -144.594 -21.5496  16.1328  16.3577 -0.169101   2.80982   16.8239 -2.07919 0.187751  1.53892  -0.00133153   0.0178029   0.0490184  -0.0193258 -0.00149573  -0.0920446 0.926395 -1.10596 -9.68404 511.4
-11.2797  -24.335 -15.6686 -32.6034  46.6599 -144.509 -21.8835  15.9705  16.2365 -0.137832   2.70821   16.7955 -2.35979 0.403481  1.47098  -0.00159661   0.0177109   0.0491168  -0.0192804 -0.00148048  -0.0921181 0.926443 -1.10581 -9.68419 511.692
-13.2194   -25.93 -15.8708 -32.6921  46.7548 -144.472 -21.1368   16.617  16.5015 -0.130553    2.6615   16.8033 -2.52747 0.529889  1.42635  -0.00154814   0.0176854   0.0493984  -0.0192729 -0.00146441  -0.0921388 0.926497 -1.10577 -9.68426 511.828
-17.2034 -27.9434 -15.5293 -32.8517  46.7347 -144.389 -20.5754   16.746  16.7783 -0.133023   2.68759   16.8089 -2.77297 0.650627  1.36397  -0.00133847   0.0177336   0.0493799  -0.0192842 -0.00145744  -0.0921491 0.926459  -1.1058 -9.68423 512.009
-19.5416 -29.3461 -16.5714 -32.8299  47.0877 -144.425 -20.317 17.9681 17.1941 -0.150402   2.46188   16.8733 -2.89789 0.920796  1.28128  -0.00128348   0.0176529   0.0501067   -0.019228 -0.00131494  -0.0921433 0.926772 -1.10577 -9.68442 512.364
-22.8351  -30.559 -16.8639 -32.9447  47.2102 -144.383 -20.0108   17.946  17.4039 -0.158307   2.40927   16.8961 -3.08099  1.09664  1.22154  -0.00136817   0.0176533   0.0502983  -0.0192207 -0.00128653   -0.092141 0.926856 -1.10577 -9.68446 512.537
-24.7531 -31.0074 -17.1663 -33.0432  47.3459 -144.348 -19.3053  19.1255  18.2304 -0.172156   2.33974   16.9276 -3.24267  1.29255  1.17918  -0.00181265   0.0174346    0.050116  -0.0191893 -0.00126348  -0.0922037 0.926922 -1.10575 -9.68451 512.709
-26.5041 -31.9937 -18.1454 -33.2725  47.3573 -144.272 -19.0721  19.1305  18.0911 -0.161642   2.37911   16.8994 -3.4826   1.377 1.12826  -0.00201685   0.0173236   0.0502912  -0.0191968 -0.00118853  -0.0921634 0.926845 -1.10581 -9.68447 512.95
-27.3871 -31.8813 -18.1003 -33.4614  47.3975 -144.231 -17.8198  19.9507  18.8509 -0.156444   2.39901   16.8876 -3.68669  1.43997  1.07175  -0.00278256   0.0169224   0.0495526  -0.0191834 -0.00113446  -0.0920806 0.926839 -1.10586 -9.68447 513.148
-28.1672 -32.7974 -19.0659 -33.6875  47.3997 -144.202 -17.1393  20.0221  18.5288 -0.148486   2.44921   16.8536 -3.92216  1.41215  1.00332  -0.00307314   0.0167548   0.0496553  -0.0191897 -0.00095819  -0.0918272 0.926829 -1.10605 -9.68442 513.376
-27.2728 -32.0221  -18.831  -33.779  47.4606 -144.309 -16.9615  20.2751  18.6404 -0.146086    2.4635   16.8681 -4.10694  1.30942 0.887954  -0.00449887   0.0160486   0.0487732  -0.0191845 -0.00086103  -0.0912254 0.927162 -1.10628 -9.68446 513.53
-26.5176 -31.8165 -18.9166  -33.667  47.6135 -144.621 -17.5494  20.5134  17.7821 -0.159248   2.44259   16.9381 -4.23055  1.09292 0.663333  -0.0052287  0.0157237  0.0483754   -0.019177 -0.00104385  -0.0899872 0.928134 -1.10658 -9.68458 513.894
-25.7292 -31.6592 -19.2743 -33.8168  47.6718  -144.66 -18.1117  20.4015  17.4375 -0.157525   2.44872   16.9506 -4.43313  1.07209 0.602336  -0.00568204   0.0155449    0.048227  -0.0191778 -0.00110273  -0.0897308  0.92832 -1.10663  -9.6846 514.059
-24.5378 -31.4639 -19.1871  -33.876  47.7629 -144.775 -18.9596  20.4223  16.6106 -0.171736   2.43612   16.9793 -4.59386 0.992724 0.506084  -0.00599379   0.0153621   0.0480053 -0.0191804 -0.0012557 -0.0891749 0.928791 -1.10678 -9.68463 514.217
-23.5557 -30.5007 -18.2744 -33.8417  47.8884 -144.954 -20.6687  19.2194   15.041 -0.18201  2.40239  17.0154 -4.68884 0.897033 0.398641  -0.00610646   0.0148382   0.0472097  -0.0191545 -0.00154832  -0.0883973 0.929517 -1.10694  -9.6847 514.439
-21.1156 -30.7561 -18.3481 -34.0668  47.9491 -144.948 -20.6828  19.1721  14.8426 -0.186791   2.39513   17.0184 -4.88364 0.937574   0.3838  -0.00631054   0.0148121    0.047225  -0.0191533 -0.00157772  -0.0883342 0.929587 -1.10696 -9.68471 514.673
-18.2966 -31.0385 -17.8085  -34.182  48.0398 -144.957 -20.5847  19.4443  14.7555 -0.209095   2.36171   17.0206 -5.02984 0.970421 0.363106  -0.00675904   0.0148222   0.0468444  -0.0191743 -0.00166665   -0.088163  0.92982 -1.10702 -9.68469 514.82
-14.1102 -31.3612 -18.0774 -34.4765   48.102 -144.943 -20.7288  19.6629  14.6794 -0.210533   2.35806   17.0232 -5.30755 0.998737 0.337329  -0.00683698   0.0148601   0.0469092  -0.0191716 -0.00167398  -0.0881485  0.92984 -1.10702 -9.68469 515.121
-11.0491 -31.8257 -18.1913 -34.7211  48.1335 -144.937 -20.6381  20.1082  14.8142 -0.206854   2.36555    17.031 -5.53347  1.00509 0.295686  -0.00696926   0.0149738   0.0471046  -0.0191705 -0.00166563  -0.0881699 0.929808 -1.10701  -9.6847 515.368
-7.40585 -32.2306 -16.7567 -34.9979    48.25  -144.91 -21.3237  20.1767  14.3182 -0.226948   2.32574   17.0045 -5.78327  1.00733 0.237786  -0.00713176   0.0149631   0.0468514   -0.019165 -0.00172822  -0.0880577 0.929984 -1.10707 -9.68468 515.669
-4.91394 -32.9396 -15.9487 -35.1408  48.3429 -144.886 -21.8739     20.8  14.0994 -0.249527   2.28807   16.9752 -5.90183  1.02516 0.195939  -0.00747019   0.0152256   0.0468152 -0.0191727 -0.0018094 -0.0879688 0.930155 -1.10712 -9.68464 515.841
-0.597491  -33.0419  -15.0893 -35.4811  48.5663  -144.85 -22.6267  21.1655  13.6807 -0.258625   2.20464   16.8762 -6.13781  1.10066 0.106153  -0.00769321   0.0151576   0.0469478  -0.0191178 -0.00198101  -0.0878175 0.930487 -1.10715 -9.68465 516.25
   1.265 -32.7112 -14.2265 -35.6506  48.4837 -144.825 -22.4267  21.4384  13.0969 -0.2815   2.261 16.9452 -6.29531  1.00566 0.139144  -0.00755934   0.0151408   0.0466884  -0.0191718 -0.00188422  -0.0879163 0.930261 -1.10715 -9.68459 516.44
  5.9537 -31.4918 -14.3069 -36.1526  48.6434 -144.841 -21.8666  21.4143  13.5664 -0.255867   2.22223     16.89  -6.62766   1.05714 0.0259755  -0.0074795  0.0148351   0.047076  -0.0191017 -0.00193209  -0.0878646 0.930388 -1.10713 -9.68465 516.967
 7.20685 -31.2778 -13.0082  -36.293   48.408 -144.812 -21.5351  21.8504  12.8611 -0.316827   2.41284    17.055 -6.81201 0.825932 0.122218  -0.00734202   0.0150851   0.0465276  -0.0190403 -0.00205178  -0.0881116 0.929789 -1.10683 -9.68465 517.243
 10.9975 -30.3787  -12.603 -36.8191  48.4781 -144.816 -21.833  22.096 12.8169 -0.313008   2.40843   17.0524  -7.12373  0.823266 0.0434497  -0.0073493  0.0151415  0.0466796 -0.0190318 -0.0020558    -0.0881 0.929807 -1.10683 -9.68465 517.774
  11.986 -29.8836 -12.5329 -37.0686   48.543 -144.853 -21.918 21.5708 13.2927 -0.29314  2.39876  17.0329    -7.2557   0.856625 -0.0101989  -0.00724776   0.0150883   0.0467589  -0.0189644 -0.00213197  -0.0880543 0.929884 -1.10679 -9.68471 518.034
 13.9337 -28.7491 -10.9752 -37.5749  48.5563 -144.808 -22.2781   21.432  12.6478 -0.317735   2.41729    17.058  -7.56996  0.815682 0.0112764  -0.00720522   0.0151981   0.0464256   -0.019004 -0.00207101  -0.0881181 0.929764  -1.1068 -9.68467 518.542
 13.9996 -28.5973 -9.97811 -37.6817  48.5254  -144.75 -22.0604  21.0161   12.126 -0.344558   2.43855   17.0765 -7.65206 0.769859 0.065367  -0.00705252   0.0153387   0.0460467  -0.0190248 -0.00200831   -0.088213   0.9296  -1.1068 -9.68463 518.668
 15.8908 -28.2389  -8.7936 -38.2486  48.4835 -144.684 -22.1679  21.0133  11.4938 -0.373264   2.50967    17.125  -7.99443  0.676888 0.0885069  -0.00701989   0.0155535   0.0457115  -0.0190362 -0.00197364   -0.088391 0.929266 -1.10673  -9.6846 519.24
 15.9926 -28.2052 -7.79199 -38.4356  48.4673 -144.622 -22.9384  20.6376  11.1129 -0.381801   2.57561    17.122 -8.11792  0.60999 0.132646  -0.00707536   0.0155164   0.0452841  -0.0189997 -0.00211115  -0.0885649 0.929017 -1.10655 -9.68461 519.438
16.4005 -28.013 -7.1955 -39.0867  48.5127 -144.611 -23.861 20.7837 10.9298 -0.383743   2.57783   17.1222   -8.4735  0.628331 0.0590193  -0.00693985   0.0155207   0.0451461   -0.019001 -0.00210784  -0.0885704 0.929003 -1.10655 -9.68461 520.091
 18.4988 -21.6796  -13.379   -40.47  48.5943 -145.668 -25.2326  15.0288  17.5527 -0.0350693    2.75086    17.3327  -9.06825  0.723764 -0.415535  -0.00581647   0.0115531   0.0485308  -0.0179421 -0.00260745  -0.0880584 0.929086 -1.10585 -9.68565 521.834
 19.5254 -18.7852 -16.7537 -41.6674  48.7143 -146.068 -26.4336  13.9682  20.7212 0.092087  2.78962  17.3675  -9.49191  0.784141 -0.603368  -0.00521683   0.0100219   0.0503866  -0.0175896 -0.00266123   -0.087888 0.929087 -1.10565 -9.68596 523.102
 19.4899 -18.1216 -16.0937 -41.9518  48.7407 -146.153 -26.1663  12.3845  21.0616 0.123779  2.80336   17.373  -9.58161  0.796849 -0.641121  -0.00536252  0.00956965   0.0499824   -0.017477 -0.00272501  -0.0878228 0.929118 -1.10557 -9.68605 523.4
 17.9173 -17.5748 -16.8369 -42.6932   48.636 -146.438 -26.3941  11.9531  21.5783 0.163346  2.86057  17.4465  -9.78231  0.787841 -0.811841  -0.00488551  0.00943313   0.0501428   -0.017435 -0.00279948  -0.0872215  0.92959  -1.1057 -9.68611 524.201
 16.5331 -17.3992 -17.2225 -42.8677   48.416 -146.645 -25.4526   11.771  21.6299 0.182227  2.94356   17.544  -9.83541  0.712771 -0.924398  -0.00421946  0.00940676    0.050273  -0.0174132 -0.00274494  -0.0867306  0.92985 -1.10589 -9.68616 524.55
 14.1814 -17.7122 -17.8535 -43.6369  48.4519 -146.732 -25.346 11.6101 21.7527 0.182348  2.95157  17.5502  -10.0336  0.749543 -0.937179  -0.00423233  0.00935854   0.0502145  -0.0174137 -0.00274788   -0.086681 0.929882 -1.10591 -9.68616 525.325
 12.3592 -18.3196 -17.6511 -43.7167   48.074 -146.919 -24.6444  11.4244  21.4971 0.171862  3.06834  17.6375 -10.0419 0.592458 -1.07053  -0.00376494  0.00976339   0.0499163 -0.0174407 -0.0024639 -0.0859393 0.930204 -1.10633 -9.68614 525.754
 8.91133 -18.5597 -18.7746 -44.5055  48.1553  -146.99 -24.8018  11.5047  21.6352 0.169152  3.05261  17.6354 -10.2477 0.662525 -1.08127  -0.00384811  0.00962835   0.0499036  -0.0174383 -0.00246032  -0.0860042 0.930169 -1.10631 -9.68614 526.55
 7.90293  -18.465 -19.2481 -44.7419  48.1721 -147.011 -25.0692  11.5332  21.6352 0.16846 3.05191 17.6329 -10.3098 0.676216 -1.08457  -0.00386951  0.00951816   0.0499845    -0.01744 -0.00245894  -0.0860087 0.930165 -1.10631 -9.68614 526.788
 4.61324 -18.4489 -20.3877 -45.5156  48.2306 -147.087 -25.3743  11.3946  21.6805 0.166558   3.0479  17.6323 -10.5235 0.733199 -1.08255   -0.003935 0.00948929  0.0499392 -0.0174397 -0.0024573 -0.0860225 0.930157 -1.10631 -9.68613 527.568
 3.49991  -18.333 -20.8233 -45.7766  48.2566 -147.115 -25.2788  10.7749  21.8017 0.161855  3.04177  17.6395 -10.5824 0.758645 -1.07893  -0.00396065  0.00944462   0.0499172  -0.0174444 -0.00246295  -0.0860359  0.93016 -1.10631 -9.68613 527.831
0.465486 -18.2364 -21.9835 -46.5378  48.2929  -147.19 -25.1431  11.0883  21.6373 0.17012 3.05538 17.6266 -10.7799 0.786188  -1.0805  -0.00401726   0.0095169   0.0498447  -0.0174349 -0.00245478  -0.0860071 0.930157 -1.10631 -9.68614 528.597
-1.41556  -18.053 -21.9539 -47.0244  48.1533 -147.175 -24.9729  10.8073  21.3102 0.209491  3.14455   17.512 -10.9372 0.639051 -1.08299  -0.00381855  0.00942879   0.0496295 -0.0173073 -0.0021776 -0.0858851 0.929915 -1.10643 -9.68616 529.104
-4.89399 -17.8907 -23.2324 -47.7852  48.1899 -147.246 -24.9913  10.7329  21.3089 0.212354   3.1503  17.5048 -11.1283 0.664356 -1.07685  -0.00379194  0.00944826    0.049545  -0.0173005 -0.00217024  -0.0858771 0.929906 -1.10643 -9.68616 529.869
-6.93318 -17.9397 -23.3862  -48.196  48.1553 -147.246 -24.7808  10.9749  20.9116 0.229124  3.19085  17.4534 -11.2487 0.618627 -1.06378  -0.00363686  0.00953899   0.0493334  -0.017262 -0.0021407 -0.0858507 0.929829 -1.10643 -9.68617 530.281
-10.4708 -17.8206 -24.6374 -48.9274  48.2188 -147.331 -25.0221  10.4435  21.2949 0.217612  3.17272  17.4799 -11.4164 0.675671 -1.04096  -0.00366936  0.00948432   0.0492127  -0.0172746 -0.00215323  -0.0858664 0.929855 -1.10644 -9.68617 531.02
-12.1897 -17.3327 -25.3982 -49.5872  48.1662 -147.264 -25.2039  9.94245  21.3247 0.292442  3.25135  17.3079 -11.6347 0.550521 -1.00693  -0.0036233 0.00906735   0.049425  -0.0170989 -0.00191234  -0.0859392 0.929455 -1.10644 -9.68619 531.685
-15.1601 -17.7484  -26.784 -50.3087  48.2303 -147.359 -24.6983  9.95885  21.4737 0.278063  3.22485  17.3582  -11.8121  0.649598 -0.977646  -0.00366262   0.0091419   0.0494748  -0.0171374 -0.00193926  -0.0859573 0.929514 -1.10644 -9.68618 532.416
-16.5088  -18.232 -28.9102 -50.5598   48.352 -147.488 -24.0265  9.86155  22.3942 0.197441  3.06396  17.5131  -11.8277  0.850038 -0.971073  -0.0034257  0.0091417   0.050191  -0.0170834 -0.00150731  -0.0860046 0.929473  -1.1067 -9.68616 532.723
-19.2468 -18.8434 -29.0975 -51.3442  48.3857 -147.539 -23.2789  9.43332  22.5812 0.201171  3.08856  17.4908  -12.0083  0.893643 -0.954894  -0.00349581  0.00914495   0.0498472  -0.0170736 -0.00153881  -0.0859636 0.929484 -1.10668 -9.68617 533.51
-20.2821 -19.2989 -30.2511 -51.6895  48.5597 -147.661 -22.1352  9.37345  23.5464 0.159447  2.89143  17.6555  -12.0286   1.16237 -0.914087  -0.00349531  0.00916669   0.0500023  -0.0171013 -0.00104042  -0.0861759 0.929367 -1.10692 -9.68611 533.915
-22.2932 -19.2663 -30.8884 -52.5341  48.5768 -147.704 -21.4143  7.56435  23.7811 0.187007  2.97746  17.5747 -12.2439  1.12861 -0.93155  -0.00345378  0.00876082   0.0499305   -0.017043 -0.00112779  -0.0860327 0.929376 -1.10688 -9.68616 534.761
-23.1065 -19.0632 -30.5048 -52.9487  48.6156 -147.738 -20.5648  7.24729  23.4877 0.188058  2.97521  17.5819  -12.3133   1.16968 -0.909797  -0.0035285 0.00850168  0.0494521  -0.0170493 -0.00114556   -0.086031 0.929398 -1.10687 -9.68617 535.179
-23.3225 -19.3558  -30.557 -53.7576  48.6995 -147.787 -20.001 6.99793 23.8694 0.186839  2.96761  17.5841  -12.4714   1.24528 -0.876662  -0.00367249  0.00838965    0.049169  -0.0170607 -0.00114064  -0.0860678 0.929382 -1.10687 -9.68616 535.994
-23.5967 -19.6168  -31.069 -54.2817  48.7963 -147.667 -19.2928  6.96021  24.3928 0.171992  2.86753  17.5774  -12.5249   1.41203 -0.728545  -0.0032995 0.00833271  0.0493346   -0.0171162 -0.000876148   -0.0865425 0.929031  -1.1069 -9.68603 536.54
-23.0047 -18.9925 -30.8669  -55.075  48.8874 -147.769 -19.1251  6.56803  24.6414 0.180645  2.88419  17.5866  -12.6966   1.43641 -0.772955  -0.00340731    0.007741   0.0488917   -0.0171076 -0.000924323   -0.0864118 0.929133 -1.10691 -9.68606 537.345
-23.5058 -19.1495 -30.9874 -55.5695  48.9615 -147.584 -18.274 6.42773 24.9552 0.129835  2.78916  17.5593  -12.7189   1.58518 -0.599117  -0.00291402   0.0076531   0.0489604   -0.0171111 -0.000629385   -0.0869141 0.928743 -1.10694 -9.68594 537.878
-22.4803 -18.7862 -31.0728 -56.3531  49.0717 -147.776 -17.6472  6.20673  25.1944 0.154611  2.82572  17.5883   -12.889   1.59362 -0.692085  -0.00299415  0.00736731   0.0487613   -0.0170967 -0.000772816   -0.0865746 0.929001 -1.10695 -9.68601 538.692
-22.0715 -18.8712 -31.1141 -56.8609  49.1207 -147.684 -17.0207  5.99265  25.2176 0.138027  2.80829  17.5585 -12.9442   1.6647 -0.58596  -0.00275055  0.00735005   0.0486931   -0.0171094 -0.000693393   -0.0868068 0.928827 -1.10693 -9.68596 539.21
-19.8881 -19.8623  -31.492 -57.5948  49.2185 -147.777 -16.978 5.79665 25.1195 0.119826  2.81066  17.5757   -13.057   1.70353 -0.598537  -0.0027951 0.00759752  0.0488032  -0.0171184 -0.00074896  -0.0866156  0.92899 -1.10698 -9.68599 539.957
-18.5627 -20.3678 -31.9974 -58.1833  49.2892 -147.738 -16.9526  5.86061   25.179 0.144306  2.81481  17.5553  -13.1627   1.77019 -0.519834  -0.00268024  0.00749644     0.04896   -0.0171128 -0.000692956   -0.0868242 0.928807 -1.10692 -9.68596 540.551
-15.4956 -21.8776 -31.8626 -58.8707  49.3795 -147.808 -17.4678  6.02722  24.8346 0.107692  2.80695   17.571  -13.2494   1.79691 -0.504992  -0.00286857  0.00755588    0.048631   -0.0171339 -0.000754994   -0.0866175 0.929002 -1.10699 -9.68598 541.247
-13.4239 -22.8798 -32.7692 -59.6833  49.4603 -147.745 -17.2598  5.89403   25.291 0.219628  2.85608  17.5482 -13.4591   1.8627 -0.39209  -0.00259431  0.00733044   0.0490421  -0.0171807 -0.00067055  -0.0871037 0.928594 -1.10683 -9.68593 542.066
-9.45492 -26.0415 -32.2267 -60.1072  49.4826 -147.701 -16.9142  6.72064   23.897 0.0782544   2.81685   17.5233  -13.4363   1.84225 -0.361603  -0.00275937  0.00779783   0.0484631    -0.017291 -0.000777171   -0.0867198 0.929016 -1.10702 -9.68591 542.493
-6.92642 -27.6733  -32.036 -60.6119  49.5439 -147.702 -16.9349  6.81205  23.6915 0.0699366   2.81492   17.5195  -13.5291   1.86735 -0.351482  -0.00279908  0.00773112   0.0481921   -0.0173086 -0.000783907   -0.0867023 0.929044 -1.10703 -9.68591 543.002
-3.69612 -29.5914 -31.4938 -61.3215  49.6427 -147.697 -17.439 6.47078 23.3062 0.0443399   2.79877   17.4989  -13.6494   1.89234 -0.357089  -0.00278564  0.00769083   0.0477235   -0.0173294 -0.000808807   -0.0866212 0.929132 -1.10707 -9.68591 543.718
-0.827146  -30.5885  -32.2424 -61.8794  49.7505 -147.719 -17.1232  7.24407  23.3111 0.0340977   2.78319   17.4884  -13.7716   1.94354 -0.368578  -0.00280216  0.00772929   0.0480645   -0.0173362 -0.000850424   -0.0865586 0.929209 -1.10708  -9.6859 544.287
 2.48972 -31.0558 -31.8405 -62.6178  49.8982 -147.755 -17.5422  6.93691  23.1946 0.0337303   2.75467   17.4725  -13.9097   1.97705 -0.377545  -0.00294955  0.00757062   0.0477112   -0.0173441 -0.000886628   -0.0864741 0.929309 -1.10709 -9.68591 545.041
  5.3055 -31.5414 -32.0011  -63.243  50.0213 -147.768 -17.288 6.38355 22.9779 0.0339834   2.73308   17.4525    -14.02   1.99856 -0.378293  -0.00289469  0.00749862   0.0476849   -0.0173432 -0.000904894   -0.0864385  0.92936 -1.10709 -9.68591 545.678
  8.2282  -32.362 -32.5733 -64.0498  50.0421  -147.79 -17.1457  4.97023  23.8231 0.0577823   2.81916   17.5168  -14.2848    1.9917 -0.360229  -0.00263932   0.0074249   0.0479635   -0.0173775 -0.000899788   -0.0866732 0.929159 -1.10699 -9.68589 546.485
 9.46492 -33.7026 -30.7503 -64.5923  50.1353 -147.677 -17.2121  4.51854  22.6703 0.00520466     2.7576    17.4131   -14.245    1.9928 -0.348772  -0.00245986  0.00771369   0.0471984   -0.0174314 -0.000939983   -0.0865236 0.929345  -1.1071 -9.68587 547.047
 11.2633 -34.3217 -30.5743 -65.4492  50.2368 -147.724 -17.7157  3.54348  23.3155 0.0248877   2.78925   17.4568  -14.4765   2.03572 -0.343124  -0.0024147   0.007544  0.0475033   -0.0174395 -0.000883809   -0.0866558 0.929219 -1.10706 -9.68586 547.911
  13.185 -35.0864 -31.3306 -66.1926  50.2537 -147.777 -17.4276  4.61717  24.2606 0.0922581   2.91166   17.5468  -14.8082   2.05486 -0.333627  -0.00253026  0.00753053   0.0482331   -0.0176408 -0.000981121   -0.0869716 0.929068 -1.10688 -9.68581 548.657
 14.8035 -36.4631 -30.6356 -67.3815  50.4283 -147.813 -16.7672  5.11662  24.3944 0.0963885   2.91203   17.5503 -15.0367  2.12223 -0.32744  -0.00230194   0.0074468   0.0484025   -0.0176414 -0.000977015   -0.0869771 0.929064 -1.10688 -9.68581 549.859
 12.5054 -38.5069 -26.0373 -67.4035  50.2302 -147.498 -16.8512  6.46094  20.7591 -0.00935478     2.92241     17.4573 -14.8363   2.0408 -0.17732  -0.00172929  0.00866383   0.0463268   -0.0177378 -0.000992805   -0.0869918 0.929099 -1.10699 -9.68576 550.232
 14.5298 -38.7617 -26.7701 -68.6492  50.4286 -147.544 -16.1318  6.55841  21.4344 0.00309107    2.93052    17.4722  -15.0806    2.1617 -0.194214  -0.00160125  0.00846808   0.0467938  -0.0177302 -0.00098911  -0.0870399 0.929054 -1.10696 -9.68576 551.494
 15.5448  -38.006 -27.5375 -69.0247  50.6007 -147.676 -16.8275  6.05954  21.9448 0.0394467   2.89523   17.4798  -15.1279   2.22018 -0.253497  -0.00178554  0.00800717   0.0471361  -0.0176686 -0.00110988  -0.0869009 0.929213 -1.10689  -9.6858 551.928
  17.603 -36.2985 -28.7301 -70.4174  51.0624 -148.019 -17.8052   4.8943  22.7812 0.121322  2.80219  17.4918  -15.2583   2.36788 -0.422935  -0.00203863  0.00712587   0.0475194  -0.0174805 -0.00135795  -0.0864449 0.92965 -1.1068 -9.6859 553.435
 22.2977 -32.0041 -36.2034 -71.2859  51.8203 -148.663 -19.6769   4.0891  29.8728 0.320295  2.67241  17.5334  -15.6047   2.57085 -0.730323  -0.00320887   0.0044825   0.0512848  -0.0172203 -0.00172161  -0.0860924 0.930057 -1.10645 -9.68597 554.755
 21.7129 -30.0276 -36.3194 -72.6709  52.1254 -148.974 -19.8736  2.96683  30.1563  0.3864 2.65399 17.5685   -15.741   2.60497 -0.861643  -0.00290029  0.00394953   0.0515293  -0.0170195 -0.00183938  -0.0857232  0.93029 -1.10641 -9.68608 556.207
 23.7645 -24.1968 -42.9911 -73.8752  52.6643 -149.902 -21.4874 0.330791  37.9614 0.627445  2.64973  17.7232 -16.2911  2.63877 -1.29075  -0.00338792 0.000622831   0.0555375  -0.0160381 -0.00151056  -0.0851704 0.929918 -1.10627 -9.68639 557.82
 21.4083  -21.951 -41.3532 -75.1164  52.8582 -149.966  -20.6936 -0.257182   37.1123 0.607637  2.64743  17.7336 -16.3591    2.626 -1.23246   -0.0030962 0.000687845   0.0553625  -0.0160388 -0.00151918  -0.0852442 0.929877 -1.10625 -9.68638 559.078
 20.4977 -17.6129 -46.7002 -76.1326  52.6277 -150.554 -20.4926 -3.54567  43.1015 0.498385  2.83934  17.8389  -16.833  2.32487 -1.54482  -0.00228862 -0.00132056   0.0589682    -0.013931 -0.000276054   -0.0846046 0.928228 -1.10652 -9.68696 560.274
 18.2514 -13.7988 -44.4827 -77.3798  52.7938 -150.645 -19.5754 -3.99535  42.8272 0.437037  2.83681  17.8608 -16.8494  2.26265 -1.45474  -0.00232084  -0.0013612    0.058702   -0.0137838 -0.000316006   -0.0846675 0.928127 -1.10647 -9.68699 561.536
 17.2129 -12.5614 -43.8731 -77.8791  52.9352 -150.681 -19.4061   -4.371  42.8747 0.506963  2.82818  17.7866 -16.9699  2.29214 -1.49399  -0.00211015 -0.00133924   0.0587013     -0.01372 -0.000274948   -0.0846202 0.928109 -1.10641 -9.68698 562.056
 14.4614 -6.97165 -41.5371 -79.2486  53.1821  -150.79 -20.0418 -5.34656  43.2875 0.55841 2.81689 17.7133 -17.1215  2.27863 -1.49265  -0.00206011 -0.00159266   0.0589958  -0.0136259 -0.00022314  -0.0845512 0.928092 -1.10635 -9.68697 563.452
 13.1832 -5.19895 -40.0752 -79.6919  53.2578 -150.827 -19.7747 -5.90391  42.7852 0.578231  2.81497  17.7046 -17.1457  2.26456 -1.47458  -0.00186378 -0.00160315   0.0587694    -0.013627 -0.000223321   -0.0845573 0.928092 -1.10633 -9.68697 563.903
   10.947 -0.557733  -37.4703 -80.9571   53.436 -150.917 -20.1164 -6.31822  42.9864 0.599737  2.81825  17.6607 -17.1925  2.18327 -1.43135  -0.00188372 -0.00167418   0.0590229   -0.0135672 -0.000194252   -0.0845285 0.928055  -1.1063 -9.68697 565.184
 9.83639 0.777606 -36.2198  -81.38 53.5135 -150.98 -19.7196 -6.53934  42.4955 0.578137  2.78435  17.7273 -17.1074  2.16638 -1.36976  -0.00170765 -0.00150898   0.0587745  -0.0136641 -0.00016949  -0.0845793 0.928114 -1.10637 -9.68695 565.619
   7.751  3.81571 -34.4372 -82.4951  53.6966  -151.07 -19.4314 -6.53583  42.3161 0.559453  2.74807  17.7682 -17.0202  2.12748  -1.2935  -0.00184071 -0.00153955   0.0587813   -0.0137556 -0.000143506   -0.0846679 0.928136 -1.10644 -9.68692 566.752
 6.45325  4.94083 -33.8216  -82.987  53.8224 -151.107 -19.5268 -6.47843  42.2447 0.547735  2.69902  17.7981 -16.9591  2.12563 -1.24185  -0.00198422 -0.00153387   0.0586672   -0.0138275 -8.91047e-05    -0.084738 0.928165  -1.1065 -9.68688 567.261
 3.61891  7.50952 -33.8122  -84.146  53.9097 -151.192  -20.166 -7.15135  42.7478 0.549733  2.73184  17.7769 -16.9866  2.00668 -1.18413  -0.00230635  -0.0016132    0.058885   -0.013763 -7.8394e-05  -0.0846775 0.928118 -1.10648 -9.68691 568.427
 1.86791  8.68066 -33.8721 -84.6477  54.0407 -151.246  -20.116 -7.33404  42.3597 0.544368  2.67861  17.8255 -16.9228  1.98998 -1.11296   -0.0022435 -0.00158678   0.0587703   -0.0138638 -6.81077e-05   -0.0847257 0.928218 -1.10655 -9.68688 568.948
 -1.2702  10.1477 -35.1263  -85.675   54.176 -151.313 -20.5907 -7.66341  42.3421 0.544394  2.66638  17.8332  -16.916   1.9151 -1.05163  -0.00228216 -0.00157108   0.0589481   -0.0138909 -5.94809e-05   -0.0847388 0.928237 -1.10656 -9.68687 569.986
-3.25322  10.7805 -36.0997 -86.2755  54.3526 -151.342 -20.9468  -7.1563  42.2653 0.545829  2.59409    17.86 -16.8625  1.91341 -1.00239   -0.0024426 -0.00154509   0.0589643   -0.0139871 -4.74217e-06   -0.0848237 0.928309 -1.10663 -9.68681 570.613
-6.11157  11.7577 -37.7072 -87.1741  54.5498 -151.385 -21.0669  -7.1473   42.419 0.541971  2.52357  17.8915 -16.7947  1.89451 -0.92061  -0.00267963 -0.00184651   0.0589634   -0.014086 5.74272e-05  -0.0849197 0.928375 -1.10672 -9.68674 571.534
-8.51936  11.8807 -38.9513 -87.8439  54.7589 -151.416   -20.95 -7.37207  42.4101 0.542299  2.42569  17.9338  -16.7003   1.90893 -0.850448   -0.0027721 -0.00186271    0.058747  -0.0141927 0.000154381  -0.0850297 0.928467 -1.10684 -9.68667 572.236
-11.3011  12.1999 -41.2875  -88.709  54.9518 -151.451 -20.9973 -8.07254  42.5306 0.532099  2.34375  17.9753  -16.6238   1.92228 -0.736834  -0.00294563 -0.00211206   0.0587741   -0.014289 0.000245609  -0.0851376 0.928546 -1.10697  -9.6866 573.123
-13.5188  12.0653 -42.9109 -89.3834  55.1193 -151.469 -20.9206  -8.4317  42.5679 0.510659  2.25063  18.0196  -16.5258    1.9392 -0.632469  -0.00285712 -0.00204427   0.0587453  -0.0143464 0.000405775  -0.0852509  0.92859 -1.10714 -9.68654 573.818
 -15.322  11.9078 -44.3713 -90.2819  55.2433  -151.48 -21.6741 -9.70602  42.9668 0.500147  2.22936   18.024  -16.4631   1.88982 -0.529649  -0.00294205 -0.00213349   0.0584293  -0.0143749 0.000415676  -0.0853165 0.928607 -1.10719 -9.68651 574.726
-16.5254  11.6366  -45.419 -90.9891   55.404 -151.429 -21.5969 -10.4838  43.3192 0.480864  2.16064  18.0233  -16.3565   1.86803 -0.409514  -0.00285287 -0.00240862   0.0580795  -0.0144211 0.000476981   -0.085529 0.928613 -1.10729 -9.68642 575.453
-17.9752  9.76252 -48.3849 -91.9104   55.637 -151.286 -22.5211 -11.7683  43.4028 0.468345  2.06341  17.9774  -16.2759   1.85721 -0.238172  -0.00287446 -0.00252779   0.0589581  -0.0144991 0.000611909  -0.0859261 0.928541 -1.10741 -9.68626 576.413
 -19.254  7.99689 -49.5916 -92.6424    55.81 -151.257 -20.7057 -12.2065  42.9527 0.481588  2.01207  17.9747  -16.2551   1.87035 -0.171298  -0.00254456  -0.0024658   0.0590913  -0.0145149 0.000654611  -0.0860458 0.928558 -1.10743 -9.68621 577.166
-19.9437  5.74756 -51.8871 -93.5584  55.9645 -151.194 -21.1345 -14.0737  43.4528 0.47943 1.98697  17.945   -16.2212    1.86254 -0.0734542  -0.00248265 -0.00250553   0.0597279  -0.0145348 0.000658588  -0.0861933 0.928536 -1.10744 -9.68615 578.097
-19.754 3.88362 -52.787  -94.275  56.0322 -151.226 -20.3218 -13.7744  43.0233 0.478292  1.99308   17.959   -16.2199    1.83339 -0.0433189  -0.00249507 -0.00251803   0.0596335  -0.0145258 0.000647105  -0.0861334  0.92856 -1.10744 -9.68617 578.818
-18.5523  1.78553 -53.5494 -95.1536  56.1117 -151.269 -20.2874 -13.3695  42.8166 0.473816  1.99985  17.9756   -16.2271     1.7774 -0.0258674  -0.00245774 -0.00290302   0.0594253  -0.0145216 0.000629901  -0.0860369 0.928599 -1.10744 -9.68621 579.701
   -15.7084 -0.00515404    -52.9969 -95.6161  56.1389 -151.642 -19.6319 -12.1661  42.3331 0.445599  1.98153  18.1323   -16.196   1.76495 -0.189641  -0.00317489 -0.00284792   0.0584295  -0.0145835 0.000416804  -0.0851982 0.929169 -1.10752 -9.68648 580.296
-13.6575 -2.45049 -54.2719 -96.7514  56.2476 -151.363 -21.0496 -12.9758  43.6527 0.509262  2.02603  18.0457  -16.2943    1.7267 0.0329968  -0.00272487 -0.00293089   0.0587653  -0.0147297 0.000499014  -0.0859667 0.928875 -1.10747 -9.68621 581.47
-10.8974 -3.34041 -55.1011 -97.3929  56.3885 -151.457 -19.8485 -12.1857  43.4416 0.506715  1.98872  18.0687    -16.3113     1.73517 -0.00587603   -0.0029411 -0.00320808   0.0584688  -0.0146939 0.000417393  -0.0857058 0.929036 -1.10744 -9.68628 582.133
-7.26362  -4.6703 -57.0843 -98.3275  56.5318 -151.489 -19.9225 -11.2744   43.044 0.513918  1.97095  18.0785  -16.3592   1.70225 0.0407369  -0.00297956 -0.00320199   0.0587837  -0.0146674 0.000382812  -0.0856309 0.929086 -1.10741  -9.6863 583.079
 -4.7109  -6.1196 -59.1457 -99.2172  56.4853 -151.394 -21.4205 -9.36427  43.1633 0.56971 2.10867 18.1282 -16.5091  1.61666 0.209805  -0.00270191 -0.00268864   0.0594927  -0.0147377 0.000280294  -0.0861655 0.928918 -1.10723 -9.68614 583.975
-0.913136  -6.48114  -60.7652 -100.156  56.6247 -151.401  -21.977 -9.26737  42.8857 0.563862  2.07818  18.1169 -16.5116   1.5553 0.263193  -0.00252484 -0.00285794   0.0597269  -0.0147076 0.000246135  -0.0860517 0.928973 -1.10723 -9.68618 584.924
 1.83485 -7.50202 -62.9206 -100.871  56.7046 -151.397 -21.5665 -8.23242   42.855 0.569903  2.08357  18.1356 -16.5672  1.54976 0.332417  -0.00235657  -0.0025257   0.0606612  -0.0146715 0.000277876  -0.0860939 0.928933  -1.1072 -9.68616 585.644
  5.6661 -7.56278 -63.3972 -101.781  56.8619 -151.373 -22.8048  -9.2257  42.6406 0.543618  2.02338  18.0728  -16.515  1.48491 0.378189  -0.00243549 -0.00268216   0.0607665  -0.0146743 0.000133959  -0.0858765 0.929093 -1.10722 -9.68623 586.567
 7.80962   -7.602 -63.9268 -102.432  56.9071 -151.349 -22.4826 -9.65301  42.1616 0.540887  2.02845  18.0697  -16.545  1.43814 0.434071  -0.00217318 -0.00266689    0.061017  -0.0146653 0.000140949  -0.0858948 0.929075 -1.10722 -9.68622 587.22
 11.9192 -7.01871 -63.5999 -103.492  56.9855 -151.318 -22.8998 -9.95487   42.094 0.539831  2.03128  18.0709 -16.5893  1.37957 0.496394  -0.00210829 -0.00279609    0.060937  -0.0146703 0.000148674  -0.0859013 0.929066 -1.10723 -9.68622 588.284
 14.7776 -7.08877 -61.8606 -104.152  56.7487 -151.356 -23.6078 -8.76789  41.4361 0.50247 2.19489 18.1777 -16.6801  1.17753 0.538816  -0.00255838 -0.00238994   0.0601361  -0.0146573 2.16585e-05  -0.0860171 0.928939 -1.10714 -9.68626 588.986
  18.734 -4.98454 -60.3315 -105.403  57.0395 -151.325 -23.7528 -8.08509  42.3552 0.544309  2.12803  18.1463 -16.7286  1.21004 0.522099  -0.00254019 -0.00281458   0.0605302   -0.0145827 -4.78144e-05   -0.0859362 0.929022 -1.10703 -9.68625 590.271
 20.1682 -5.31814 -56.9124 -105.875  56.7629 -151.358 -24.1386 -7.97538  41.4496 0.466928  2.29905  18.2327 -16.7929 0.996863 0.550544  -0.00285203 -0.00251585   0.0589117   -0.0144695 -0.000284496    -0.086019 0.928883 -1.10689 -9.68633 590.819
 22.5216 -5.25276  -53.546 -107.151  56.7587 -151.308 -23.8247 -6.89236  40.9118 0.448673  2.33118   18.248 -16.8342 0.864876 0.601726  -0.00280509 -0.00235154   0.0587289 -0.0144821 -0.0002881 -0.0860767 0.928855  -1.1069 -9.68632 592.096
 22.8311   -5.674 -51.1906 -107.507  56.6497 -151.278 -25.2019  -7.0698  39.3402 0.41082 2.34869 18.2591 -16.8169 0.736706 0.632412  -0.00282823 -0.00211346   0.0579147   -0.0144551 -0.000176254   -0.0861465 0.928738 -1.10697 -9.68634 592.469
 24.4158 -6.21179 -47.3769 -108.809  56.6828 -151.223 -25.6306 -6.50475  39.3065 0.402002  2.35527  18.2624 -16.8535 0.648224 0.679254  -0.00299864 -0.00212839   0.0578614   -0.0144506 -0.000165986   -0.0861674 0.928717 -1.10698 -9.68634 593.773
  24.2839 -0.440544  -50.6617 -110.101  58.0904 -151.628 -29.5761 -9.85279  44.1593 0.83268 2.35704 18.5406 -17.3557   1.1652 0.568001  -0.00186511  -0.0052336   0.0611066   -0.012931 -0.00102844  -0.0862466  0.92858 -1.10497 -9.68619 595.726
 25.6245 0.294671 -48.0358  -111.6 58.4358 -151.68 -30.6405 -10.3817  45.4727 0.911475  2.32835  18.5702 -17.3724  1.15145 0.545285  -0.00149811  -0.0059498   0.0620207 -0.0126382 -0.0010896 -0.0860999 0.928553 -1.10465  -9.6862 597.266
 24.5797  4.60505 -45.3915  -113.2 59.7692 -152.07  -34.411 -15.9615  43.7076 1.37201 2.44913 18.8671 -18.0201  1.48192 0.495431  0.000214063 -0.00813132   0.0613793  -0.0101132 -0.00154213  -0.0864429 0.927493 -1.10197 -9.68598 599.385
 25.6085  5.93095 -43.0334 -114.795   60.119 -152.204 -35.4238 -17.7088  44.7469 1.54766 2.41436 18.9077 -18.0237  1.55837  0.42982  0.000799072 -0.00873368   0.0619696 -0.00994476 -0.00126526  -0.0860981 0.927406 -1.10168 -9.68598 601.023
 23.7824  8.11206 -42.3572 -115.928  60.2113 -152.682 -36.1249 -21.5825  44.9722 1.65861 2.62057 19.1335 -18.4012   1.5702 0.199276   0.00245051 -0.00951697   0.0623253  -0.00855724 -0.000468698   -0.0854878 0.925943 -1.10064 -9.68628 602.256
 24.3772  9.17606 -39.1782 -117.249  60.3181 -152.616 -36.4398 -22.7283    45.29 1.60474 2.61161 19.1272 -18.2097  1.33959  0.26209   0.00244445 -0.00981975   0.0622551  -0.00846439 -0.000535773   -0.0856108 0.925923 -1.10067 -9.68627 603.583
 21.9961  9.26272 -38.8796 -117.949  60.0905 -153.034 -34.3221 -26.7114  44.6325 1.66201 2.75903 19.3105  -18.2977   1.25521 0.0415082   0.00369045 -0.00962873   0.0625767  -0.00855472 -0.000138509   -0.0848907 0.925542 -1.10062  -9.6866 604.429
 19.9014  10.1994 -36.5882 -119.174  60.2669   -152.9 -34.9545 -27.7885   45.125 1.62581 2.69106 19.2921 -18.0261  1.09638 0.139347  0.00375553 -0.0100034   0.063039  -0.00855307 -0.000191414    -0.085198 0.925653 -1.10078 -9.68649 605.675
 18.4749   10.765 -34.8869 -119.825  60.2189 -153.001 -34.4158 -29.0194  44.5476 1.69753 2.78201 19.2969  -18.0729   1.02781 0.0641831   0.00401585 -0.00987244   0.0627172    -0.008601 -9.15523e-05   -0.0849866 0.925474 -1.10059 -9.68655 606.335
 14.2944  13.0156 -32.2576 -121.172  60.2213 -153.047 -34.7049 -29.8992  44.9032 1.71632  2.8325 19.2903  -17.9149  0.824806 0.0303762   0.00407375 -0.00996487   0.0626632  -0.00860405 -6.52905e-06   -0.0848641 0.925327  -1.1005  -9.6866 607.683
 12.3676  13.8675 -31.1415 -121.677  60.2631 -153.045 -34.2013 -29.9722  44.4877 1.71706 2.82136 19.3006  -17.8291  0.773435 0.0806204   0.00408558 -0.00987964     0.06253  -0.00860365 -2.96236e-05   -0.0848817 0.925373 -1.10051 -9.68659 608.19
 8.57902  16.4622 -29.8536 -122.992  60.2218 -153.033 -33.8858  -30.128  44.1575 1.74623 2.89319 19.2234  -17.678   0.5338 0.127091   0.00374795 -0.00986689   0.0624026 -0.00855687 0.000120036  -0.0847519 0.925103 -1.10033 -9.68664 609.506
 6.41706  17.5358 -29.8315  -123.58  60.2089 -153.031 -33.5507  -30.794  43.8794 1.75291 2.91395 19.2058 -17.5803 0.429916 0.134333   0.00389889 -0.00992262   0.0623834 -0.00854098 0.000178111  -0.0847126 0.925014 -1.10028 -9.68666 610.093
 2.47118  18.6601 -31.2101 -124.719  60.2529 -153.014 -34.2587 -30.4765  44.2274 1.75247 2.89706 19.2178 -17.3394 0.311235 0.195483   0.00357692 -0.00971516   0.0625881 -0.00856746 0.000165137  -0.0847572 0.925063 -1.10033 -9.68664 611.233
0.627938  19.1826 -31.5806 -125.345  60.1858 -152.976 -34.4631 -29.4492  44.1918 1.75127 2.94295 19.1369 -17.2886 0.170585 0.184619   0.00324381 -0.00959971   0.0624447 -0.00849208 0.000285155  -0.0846653 0.924833  -1.1002 -9.68669 611.864
 -3.6179   20.379 -33.6577 -126.397  60.2171 -152.971 -33.9741 -28.6293  43.9107 1.75076 2.92612 19.1591  -17.0725 0.0532888  0.242606   0.00311553 -0.00954509   0.0626477 -0.00850702 0.000265436  -0.0846892 0.924895 -1.10024 -9.68667 612.916
-5.65179  21.0945 -34.2508 -127.164  60.1029 -152.831 -34.6532 -28.7841  43.6848 1.77718 2.99632 18.9674  -17.1005 -0.162965  0.267972   0.00267529 -0.00968292   0.0625155 -0.00833435 0.000666957  -0.0846297 0.924334 -1.10003  -9.6867 613.704
-9.61483  21.1919 -37.2584 -128.053  60.1803 -152.883 -34.3481 -28.8509  44.1299 1.74567 2.89756 19.1114 -16.7842 -0.20446 0.358579   0.00269618 -0.00954973   0.0626713 -0.00841057 0.000643097   -0.084761 0.924599 -1.10032 -9.68665 614.599
-12.2892  21.1593 -38.6952 -128.687  60.2402 -152.898 -33.8372 -28.7999  44.5571 1.72842 2.81701 19.1942  -16.5872 -0.221022  0.410862   0.00279124 -0.00953999   0.0623022 -0.00839775 0.000773457  -0.0848602  0.92467 -1.10051 -9.68661 615.236
-15.9233  20.2292  -41.432 -129.571  60.2991 -152.891 -33.8269 -29.5407  44.8554 1.72976 2.74961 19.2647   -16.362 -0.269115  0.473899    0.0027065 -0.00935685   0.0624415 -0.00843678 0.000836487  -0.0849691 0.924794 -1.10067 -9.68656 616.122
 -19.023  19.7012 -43.3264 -130.195  60.4454  -152.92 -33.3888 -29.8768   45.766 1.73715 2.57208 19.4147  -16.0942 -0.201137  0.537975   0.00298465 -0.00942395   0.0622136 -0.00851003  0.00126275  -0.0851568 0.924905 -1.10109 -9.68648 616.763
 -22.501  18.7811 -46.3985 -130.938  60.4936  -152.96 -33.4964 -29.8852  46.7345 1.66382 2.40384 19.5452  -15.7754 -0.196908  0.590508   0.00306305 -0.00957491   0.0623153 -0.00845261  0.00172833  -0.0852613 0.924871 -1.10149  -9.6865 617.508
-25.3165  18.3722 -48.3713 -131.528  60.4768 -153.007  -31.651 -30.4609  46.7712 1.56402 2.31991 19.6353  -15.5247 -0.230546  0.607585    0.0033568 -0.00955418   0.0618535 -0.00827641  0.00193244  -0.0852562 0.924804 -1.10166 -9.68659 618.101
-27.8436  17.1836 -51.1779 -132.273  60.4439 -152.993 -31.9581  -31.438  47.7362 1.47019 2.25524 19.6883  -15.2634 -0.306672  0.684305   0.00340067 -0.00944537   0.0617195 -0.00811139  0.00202405  -0.0853312 0.924785 -1.10178 -9.68665 618.846
 -29.134  16.2213 -52.3281 -132.931  60.4424 -152.918 -29.2584 -32.1051  46.8803 1.44163 2.21238 19.7017  -15.0754 -0.386435  0.755047   0.00368129 -0.00950052    0.061077 -0.00804195  0.00205279  -0.0854861 0.924829 -1.10186 -9.68662 619.509
-30.1437  14.0563 -55.0848 -133.727  60.4082 -152.676 -30.1796 -33.3315  47.9439 1.42587  2.1524 19.6494  -14.8175 -0.474487  0.944334  0.00409553 -0.0097865  0.0615194 -0.0080585 0.00214347 -0.0859487 0.924909 -1.10207 -9.68647 620.342
-29.4427  11.9822 -55.8528 -134.335  60.3156  -152.84 -29.2679 -33.7217   47.281 1.37331 2.18004 19.7054  -14.6949 -0.602081  0.891617   0.00397676 -0.00974017   0.0608861 -0.00809826  0.00213985   -0.085496   0.9248 -1.10202 -9.68669 620.978
-29.3314  9.24665 -58.1145 -135.252  60.3725 -152.451 -30.8777 -35.2704  48.9981 1.48656 2.15162 19.5996  -14.5207 -0.683479    1.1225   0.0043659 -0.0101611  0.0613235 -0.00819521  0.00216018     -0.0862 0.925013 -1.10216 -9.68634 621.976
-27.3581  7.59851 -58.9631 -135.865  60.3205 -152.522 -32.0436 -35.8687  49.6998 1.44965 2.15694 19.6336   -14.386 -0.798541   1.10155  0.00413918 -0.0105647  0.0605748 -0.00816951   0.0021256  -0.0859329 0.924955 -1.10209 -9.68647 622.596
-25.4057  5.10595 -61.1201 -136.741  60.2583 -152.233 -32.1446 -36.4613     49.7 1.50935 2.16724 19.5626  -14.2136 -0.964053   1.27632  0.00420426 -0.0110198  0.0605574 -0.00821488  0.00217882   -0.086411 0.925031  -1.1022 -9.68625 623.52
-22.8295  4.08441 -63.1352 -137.327  60.3098 -152.372 -33.2072 -36.3728  50.5277 1.50417 2.14702 19.6245 -14.1043 -1.01912  1.20152  0.00393282 -0.0114611  0.0600709 -0.00822746  0.00203945   -0.085983 0.925073 -1.10204  -9.6864 624.125
-19.7558  2.83262 -66.2354 -138.021  60.4692 -152.539 -33.5587 -37.0149  51.2222 1.51707 2.09793 19.6841 -13.9633 -1.01628   1.1068  0.00397195 -0.0115821  0.0598678 -0.00820323  0.00176877   -0.085413 0.925197 -1.10175 -9.68658 624.856
-17.709   1.216 -68.885 -138.644  60.4208 -152.478 -32.3161 -36.8553  50.4822 1.51134 2.09533  19.678 -13.8257  -1.1041  1.16084  0.00430176 -0.0112859   0.060152 -0.0081813 0.00178757 -0.0854258 0.925181 -1.10175 -9.68658 625.484
 -14.421  1.05498 -70.8316 -139.425  60.3061 -152.368 -32.6621 -37.8841  50.7535 1.51182 2.11432 19.6767  -13.655 -1.26556  1.23351   0.0043607 -0.0113078  0.0598918 -0.00820595  0.00183472  -0.0855694 0.925192 -1.10182 -9.68653 626.281
-11.8538 0.856601 -72.5624 -140.011  60.2542  -152.31 -31.5452 -38.3677  49.9629 1.50113 2.10437 19.6608 -13.5203 -1.32909  1.26758  0.00457602 -0.0110492  0.0600817 -0.00818556  0.00182415  -0.0855317 0.925175 -1.10181 -9.68655 626.872
-8.40021  1.25773 -74.1008 -140.869  60.0679 -152.187 -32.1135 -38.1798  50.0953 1.51792 2.18387 19.7174 -13.4082 -1.53559   1.3768  0.00477386 -0.0106329  0.0601419 -0.00823747  0.00189919  -0.0858628 0.925247 -1.10194 -9.68642 627.759
-5.60967  2.48355 -73.5379 -141.512   59.779 -152.103 -31.1037  -37.185   48.973 1.47748 2.29557 19.7813 -13.3066 -1.78886  1.45966   0.0047104 -0.0103694  0.0595063 -0.00828164  0.00186754  -0.0861662 0.925326 -1.10207 -9.68636 628.469
-2.80514  4.31098 -72.1919  -142.23  59.2189 -151.997 -30.6598 -36.7451  47.3676 1.29364 2.44341 19.8589 -13.0785 -2.19704  1.58349    0.0047292 -0.00987494   0.0589295 -0.00818517  0.00185849  -0.0865928 0.925344 -1.10229 -9.68637 629.385
-1.79766  6.09121   -73.14 -142.938  59.5358 -151.918 -31.3068 -37.0669   49.107 1.44518 2.39747 19.8449  -13.051 -2.05641  1.58899  0.00516868 -0.0101066  0.0598131 -0.00793608  0.00174082  -0.0864244 0.925357 -1.10191 -9.68625 630.165
0.360998  7.82272 -71.2254 -143.643  59.1929 -151.824 -30.5739  -37.179  47.5673 1.37036 2.42296 19.8645 -12.8144 -2.30929  1.64557  0.00510497 -0.0098238  0.0596061 -0.00806988  0.00185904  -0.0865641 0.925351 -1.10215 -9.68628 630.955
 2.63103  8.91743 -69.3649 -144.153  59.1238 -151.773 -32.5703 -35.6045  49.3543 1.37561 2.41637 19.8656 -12.6978 -2.37944  1.64286   0.00456792 -0.00973313   0.0590901 -0.00804327  0.00181751  -0.0865013 0.925343 -1.10209  -9.6863 631.471
 4.78515  10.4039 -66.7022 -144.921  58.7906 -151.681  -32.672 -35.3668   48.602 1.31488 2.46429 19.9117 -12.4993 -2.65611  1.69745   0.00452021 -0.00955487   0.0586101 -0.0081194 0.00190133  -0.086671 0.925348 -1.10227 -9.68629 632.314
 6.10226  11.1681 -66.0738 -145.408  58.8062 -151.608 -33.4325 -35.4908  49.7517 1.34673 2.44068 19.8861 -12.3995 -2.67513  1.69086   0.00449371 -0.00961232    0.058881 -0.00801408  0.00182171  -0.0865731 0.925345 -1.10212 -9.68629 632.807
 8.05038   12.589 -63.3828 -146.267  58.5036 -151.484 -33.1178 -35.5617  48.8503 1.31028  2.4562 19.9023 -12.1694 -2.91014  1.73144   0.00460089 -0.00962981   0.0587427 -0.00809366  0.00187236  -0.0866745 0.925366 -1.10225  -9.6863 633.726
 8.52482  12.6233 -62.0963 -146.619  58.4614 -151.432 -31.5942 -37.2285  48.2237 1.32785 2.45585  19.903 -12.0943 -2.94018  1.73946   0.00485067 -0.00938944   0.0584711 -0.00808023  0.00185271  -0.0866772 0.925391 -1.10222 -9.68628 634.084
 10.3065  13.8178 -59.3631  -147.44  58.0928 -151.269 -31.7728 -37.3693  47.4374 1.25011 2.47093 19.9148 -11.8187 -3.20777  1.80055   0.00464187 -0.00910875   0.0586494 -0.00814509  0.00189809  -0.0869062 0.925463 -1.10244 -9.68627 634.999
 10.9029  13.1538 -59.3396 -147.594  57.9772  -151.26 -30.6551 -35.1616   47.941 1.17564 2.43641 19.8517 -11.6974  -3.2015  1.73442   0.00450021 -0.00857634   0.0591328 -0.00795416  0.00172852  -0.0865879 0.925324 -1.10222 -9.68647 635.191
11.3061 14.5295 -57.118 -148.508  57.7387 -151.149 -31.7162 -35.7949  48.1351   1.196 2.43241 19.8514 -11.458 -3.3635 1.76194   0.00456945 -0.00853517   0.0597092 -0.00796431  0.00172875  -0.0864875 0.925276 -1.10217 -9.68649 636.142
  11.671  14.2532 -57.3419 -148.797  57.7051 -151.119  -30.928 -33.8639   48.558 1.20497 2.43168 19.8531 -11.4011  -3.3796  1.76614   0.00441803 -0.00818965   0.0603033 -0.00790356  0.00175637  -0.0864102 0.925212 -1.10209  -9.6865 636.435
 11.4433  15.1725 -55.2137 -149.743  57.4664 -151.031 -31.9639 -34.7014  48.8957 1.23302 2.43867 19.8645 -11.1742 -3.54132  1.78086  0.00465312  -0.008297   0.060816 -0.00782633  0.00178163  -0.0862266 0.925073 -1.10194 -9.68653 637.415
 9.97379  17.1021 -56.6752 -150.734  57.9486 -151.047 -34.0353 -37.9054  51.3125 1.49075 2.56859 20.0581 -11.3758 -3.44209  1.78154    0.0058141 -0.00902002   0.0619395 -0.00693116  0.00209308   -0.086114  0.92463 -1.10113 -9.68613 638.517
 8.99506  18.5026 -56.6096 -151.976  57.9654 -150.931 -35.7257 -38.8081  53.4685 1.62159 2.62814 20.1306 -11.2232 -3.54855  1.78554   0.00656538 -0.00956181   0.0631668 -0.00649449  0.00227025  -0.0859937 0.924376 -1.10069 -9.68595 639.764
8.44771 23.2495 -55.255 -153.632  59.4912 -150.429 -40.5782 -43.3333  54.9362   2.245 2.80428 20.3588 -11.6376  -3.2647  2.13073  0.00809893 -0.0118967  0.0623522 -0.00431434  0.00256868  -0.0870503 0.924591 -1.09918 -9.68447 642.071
 8.66866  24.0301 -53.0921 -154.474  59.1902 -150.272  -40.839 -44.4521  54.5351 2.22805 2.79291 20.3665 -11.2912 -3.53156  2.13267  0.00815787 -0.0120084  0.0624367 -0.00439869  0.00255035   -0.087089 0.924637 -1.09928  -9.6845 642.98
 7.61208  24.3078 -53.0474 -154.925   59.038  -150.35 -40.3668 -46.4628  53.7692 2.28068 2.86588 20.4165 -11.3079 -3.59614  2.05074  0.00867208  -0.011816  0.0627995 -0.00440215  0.00278928   -0.086774 0.924262  -1.0991 -9.68452 643.462
 6.96699  25.3004 -51.4973 -155.715  58.7856 -150.158 -41.2831  -47.826  54.7569 2.26561 2.83904 20.4156 -10.9336 -3.84199  2.06113  0.00878463 -0.0120111  0.0630878 -0.00442296  0.00272712  -0.0868955  0.92439  -1.0992 -9.68452 644.314
6.89044 25.7772 -49.335 -155.906  58.7506 -150.104 -41.2743 -51.5123   53.617  2.2812 2.77333 20.4438  -10.784 -3.88587  2.07642   0.0089256 -0.0121922  0.0622395 -0.00448319  0.00277773  -0.0869913 0.924506 -1.09934 -9.68452 644.515
5.36623 26.9471 -47.292 -156.622  58.5097 -149.909 -41.0908 -52.5568  53.6396 2.27399  2.7267 20.4472 -10.3795 -4.11595  2.07774   0.0090477 -0.0123987  0.0623132 -0.00450097  0.00271253  -0.0871277 0.924678 -1.09946 -9.68451 645.295
  4.5733  27.6688 -46.5039 -156.757  58.4798  -149.85 -42.1744 -55.3821  54.8283 2.24288 2.63111 20.4817  -10.158 -4.17844  2.07872  0.00917616  -0.012708  0.0621873 -0.00440994  0.00281454  -0.0872355 0.924724  -1.0996 -9.68454 645.445
 1.69086  29.0868 -44.5661 -157.605  58.0713 -149.743 -42.4014 -56.4904  54.7443 2.25289 2.69671 20.4831 -9.86481 -4.46261  2.03428  0.00922314 -0.0126427  0.0621188 -0.00443578  0.00295703  -0.0871156  0.92449 -1.09953 -9.68453 646.393
0.788197  29.7378  -43.584 -157.906  57.9139 -149.701  -42.981 -57.1724  55.6534 2.25213  2.7187  20.482 -9.75102 -4.57496   2.0189  0.00916697 -0.0126395  0.0617724 -0.00444042  0.00303966  -0.0870829 0.924383 -1.09953 -9.68453 646.734
 -2.6658  31.8575 -41.6883 -158.831  57.3416 -149.557 -41.9068 -58.1117  53.8882 2.25188 2.85829 20.4109 -9.5714 -4.9347 2.00652  0.00900128 -0.0126061  0.0611287 -0.00440708  0.00351042  -0.0869309  0.92376 -1.09942 -9.68445 647.832
-4.44301  32.5446 -41.3942 -159.106  57.2045 -149.512  -41.996 -59.1789  54.3922 2.25545 2.86023 20.4233 -9.41566 -5.02526  2.00856  0.00911237 -0.0125814  0.0609287 -0.00442502  0.00351106  -0.0869244 0.923764 -1.09943 -9.68446 648.142
-8.54735  34.3933 -40.6521  -159.83  56.7096 -149.341 -41.4357 -59.1592  53.7171 2.23033 2.93949 20.3454 -9.11812  -5.3445  1.98917  0.00892111 -0.0128071  0.0602713 -0.00435301  0.00369196  -0.0868518 0.923442 -1.09934 -9.68442 649.036
-10.5646  34.8586 -40.5663 -160.134  56.4887 -149.273 -41.4838 -59.8418  53.8703 2.21881 2.95976 20.3236  -8.9489 -5.48889  1.97788  0.00891186 -0.0127641  0.0598662 -0.0043446 0.00378731 -0.0868317 0.923316 -1.09934 -9.68442 649.418
 -14.827  36.0324 -41.5751 -160.778  55.9886 -149.073 -41.5445 -59.9822  53.7764 2.19227 3.02827 20.2166 -8.63165 -5.80018  1.98332   0.0087341 -0.0132337  0.0592403 -0.00426601  0.00399946  -0.0867825 0.922988 -1.09928 -9.68437 650.257
-15.4881   36.038 -40.2938 -161.097  55.5398 -149.045 -39.9146 -59.9901  51.3647 2.11819 3.08235 20.1128 -8.53754 -6.03472  1.91882  0.00819875 -0.0131984  0.0580514 -0.00426478  0.00453093  -0.0865119 0.922273 -1.09927 -9.68444 650.808
-20.2505  34.9441 -43.4264  -161.61   55.323 -148.878 -40.4845 -60.2837  52.8628    2.21 2.98605 20.1867 -8.08072 -6.12961  1.95013  0.00836522  -0.013001  0.0580921 -0.00445299  0.00451401  -0.0867693  0.92268 -1.09952 -9.68436 651.39
-23.5643  33.8019 -45.5585 -161.814  55.2389 -148.833 -38.5402 -60.8141  51.9699 2.31621 2.77305 20.3034 -7.73326 -6.08752  1.98852  0.00874712 -0.0127144  0.0581439 -0.00493248  0.00510826  -0.0870365 0.922831 -1.10018 -9.68433 651.616
-26.6909  32.4362 -47.2428 -162.289  54.8979 -148.685 -38.3083 -60.7132  52.5492 2.35305 2.71299 20.3358 -7.35186 -6.21117   2.0054  0.00865036 -0.0125169  0.0577027 -0.0050306 0.00520123 -0.0871667 0.922967 -1.10034  -9.6843 652.219
-27.7793  31.9795 -48.3724 -162.578  54.6791 -148.631 -37.8056 -59.4584   51.707 2.35654  2.7457 20.3143  -7.2553 -6.33646  1.96807  0.00814909 -0.0126618  0.0576116 -0.00497122  0.00524017  -0.0870234 0.922804 -1.10021  -9.6843 652.585
-31.6903  30.7892  -51.512 -162.813  54.1799 -148.531 -36.9867 -59.7349  53.1792 2.18194 2.55082 20.4381  -6.5772 -6.45473  1.99154  0.00853825 -0.0122683  0.0574728 -0.00456849  0.00548798  -0.0874948 0.922942 -1.10057 -9.68444 653.146
-33.4559  30.0297  -52.904 -162.945  53.9098 -148.486 -33.5773 -60.4143  51.0467 2.08365 2.45254 20.4818 -6.25019 -6.51573  1.99053  0.00873352 -0.0118377  0.0571939 -0.0042386 0.00579805 -0.0876235 0.922768 -1.10066 -9.68451 653.45
 -36.339  29.6797 -55.5951 -163.219  53.3816 -148.388 -33.179 -60.575  51.844 1.96246 2.37538 20.5227 -5.75805  -6.7061  1.98071  0.00920019 -0.0117987  0.0564064 -0.00399912  0.00594842  -0.0877957 0.922729 -1.10078 -9.68462 654.053
-38.6641  27.8722 -57.4499 -163.359  53.2538 -148.316 -30.2924 -61.3048  50.3025 1.96582 2.25295 20.5775 -5.47249 -6.68363  2.00937    0.010126 -0.0111684  0.0566063 -0.00384681  0.00626343  -0.0879414 0.922723 -1.10087 -9.68463 654.256
-40.9708  25.6321 -59.5782 -163.536  52.7852 -147.993 -27.3192 -61.5269  49.3267 1.97019 2.07471 20.5657 -4.84934 -6.77198  2.13819   0.0111019 -0.0111746   0.056062 -0.00414934  0.00662646  -0.0886696 0.923265 -1.10158 -9.68463 654.852
-43.1645  23.6488 -61.1585 -163.576  52.6062 -147.864 -23.8293 -62.5093  47.4068 1.99563 1.84629 20.5887 -4.47016 -6.72817  2.17776   0.0121851 -0.0109768   0.056057 -0.00431965  0.00751369  -0.0889968 0.923163 -1.10212 -9.68466 655.076
 -44.752  20.9502 -63.5238  -163.78  52.2457 -147.471 -21.9546 -62.6829  46.8276 2.04818 1.73876 20.5318 -3.95862 -6.80819  2.31022   0.0130356 -0.0111314  0.0559232 -0.00439463  0.00776454  -0.0896053 0.923633 -1.10253 -9.68454 655.647
-45.5402  18.8667 -64.7561 -163.846  52.0184 -147.213 -18.9656 -63.6701  44.9308 2.09317 1.62823 20.4938 -3.58559  -6.8085  2.40111   0.0137037 -0.0110494  0.0559539 -0.00461121  0.00806455  -0.0900813    0.924 -1.10296  -9.6845 655.997
-45.5051  16.2561 -66.2706 -164.019  51.6623 -146.988 -17.9643 -64.0589  44.4339 2.11109 1.61678 20.4627 -3.21324 -6.90733  2.43067   0.0141068 -0.0110348  0.0557643 -0.0046346 0.00809126  -0.090277 0.924172 -1.10307 -9.68445 656.453
-44.9554  13.1981 -67.5638 -164.192  51.4057  -146.73 -14.5012 -62.3388  41.9672 2.16661 1.60884  20.434   -2.899 -6.94761  2.50173   0.0143656 -0.0106171  0.0558325 -0.00463073  0.00810224  -0.0905327 0.924442 -1.10318 -9.68432 656.855
 -43.987  10.4023 -69.2086 -164.359  51.1071 -146.439 -12.9656 -62.3621  40.9842  2.2181 1.61927 20.3904 -2.55984 -6.99617   2.5732   0.0146987 -0.0106429  0.0560654 -0.00463898  0.00807891  -0.0908167 0.924743 -1.10329 -9.68418 657.304
-42.1062  8.00593 -70.3709 -164.473  50.7489 -146.342 -12.1314 -61.7998  40.2534 2.21067 1.61392 20.3995 -2.22893  -7.0634  2.55666   0.0147318 -0.0106701  0.0559427 -0.00464038  0.00808129  -0.0907609  0.92469 -1.10327 -9.68421 657.693
-40.7015  7.08673 -71.1584 -164.557  50.4252 -146.295 -11.2395 -61.0538  39.6181 2.20118 1.60235 20.4137   -1.935 -7.11726  2.52017   0.0149804 -0.0109719  0.0555756 -0.00465855  0.00805996  -0.0906106 0.924558  -1.1032 -9.68427 658.03
-38.2375  6.76576 -71.4967 -164.637  50.0561  -146.19 -11.0995 -62.0404  39.5746 2.19737 1.59438 20.4128 -1.57979 -7.18793  2.49484   0.0149433 -0.0110089  0.0553761 -0.00467193  0.00804569  -0.0905429 0.924497 -1.10316 -9.68431 658.422
 -36.253  7.47703 -71.7269 -164.709  49.6847 -146.049 -10.8963 -61.2404  39.1551 2.19391 1.60571 20.4101 -1.25968 -7.27062  2.50293   0.0152302 -0.0112306   0.055132 -0.00467179  0.00806092  -0.0906144 0.924553 -1.10321 -9.68428 658.826
-33.4962  8.14289 -72.0928 -164.767  49.2478 -145.881 -8.64366 -60.4282  37.0695 2.18198 1.62153 20.4009 -0.913663  -7.37824   2.47339   0.0155312 -0.0110679  0.0552879 -0.00467351   0.0080833  -0.0907016 0.924615 -1.10327 -9.68426 659.297
-30.6361  9.93316 -71.9583 -164.803  48.8099 -145.745 -9.24241 -60.8021  37.0292  2.1618 1.64295 20.4065 -0.594095  -7.48008   2.46297   0.0156709 -0.0111352  0.0551273 -0.00468691  0.00810739  -0.0908059 0.924696 -1.10336 -9.68424 659.757
-27.9747   11.057 -74.4985 -164.856  48.8805 -145.614 -10.5021 -60.6197  40.6503 2.26461 1.56531 20.3713 -0.335639  -7.23298   2.40432   0.0160101 -0.0115098  0.0568045 -0.0044185 0.00790989 -0.0904743 0.924511 -1.10289 -9.68422 659.915
-25.0628  13.4246 -72.1913 -164.859  48.3375 -145.499 -10.6744 -61.0478  39.8169 2.22462  1.5995 20.3976 -0.0195651   -7.40236    2.31842   0.0159764 -0.0110906  0.0563996 -0.00451603  0.00796975  -0.0906244 0.924638 -1.10306 -9.68423 660.47
-24.3446  15.3755 -71.6748 -164.937  48.1308 -145.358 -11.0875 -60.7978  40.8345 2.28541 1.59752 20.3875 0.184001 -7.39731  2.21169  0.0162723 -0.011242 0.0570106 -0.00441577  0.00794781  -0.0904829 0.924473 -1.10292 -9.68414 660.732
 -24.091  17.4327 -68.9805 -164.837  47.6062 -145.239 -10.9541 -60.4543  40.3631 2.24939  1.5807 20.3853 0.589539 -7.58874  2.10323   0.0163382 -0.0111054  0.0568548 -0.00446603    0.007968  -0.0905833 0.924603   -1.103 -9.68421 661.279
-23.8204  17.9125 -67.6745 -164.842  47.3106 -145.173 -10.3336 -60.2371  39.8829 2.25562 1.59218 20.3861 0.843989 -7.72697  2.07608   0.0163174 -0.0109173  0.0567557 -0.00445486  0.00795226  -0.0904881 0.924469 -1.10296  -9.6842 661.582
-23.2697  18.1971 -68.3802 -164.781  46.8459  -145.07 -11.6539 -61.6232   41.151  2.2642 1.57981 20.3606  1.32212 -7.88912  2.03564   0.0165051 -0.0110355  0.0572735 -0.00439758  0.00788911  -0.0902579 0.924167 -1.10282 -9.68423 662.062
 -25.948   18.225 -73.1666 -165.312  47.5351 -144.645 -12.5945 -64.9195  46.1147 2.55123 1.63275 20.3698  1.26923 -7.48789  2.10445   0.0181862 -0.0121412  0.0593019 -0.00299294  0.00795512  -0.0898921 0.923595 -1.10182 -9.68347 663.03
-28.1815    19.59 -74.9096 -165.619   47.523 -144.267 -12.4882 -67.1526   48.053 2.73789 1.70093 20.3992  1.56339 -7.45609  2.09446   0.0191674 -0.0129217  0.0597676 -0.00227542  0.00811934  -0.0897943 0.923375 -1.10138 -9.68292 663.518
-29.8356  19.9684  -75.629 -165.744  47.4265 -144.108 -10.4375 -68.1242  45.5925 2.81683 1.74047 20.4142  1.72493 -7.51352  2.07088   0.0197802 -0.0128875  0.0599099 -0.00201896  0.00821339  -0.0897577 0.923282 -1.10123 -9.68268 663.742
-32.7894  21.1612 -79.0075 -165.911  47.3488 -143.751  -8.5859 -70.2759  45.8179 3.00788 1.79318 20.3882 2.08778 -7.4715 2.00385   0.0207455 -0.0135388  0.0605506 -0.00159539  0.00835812  -0.0896172 0.923103  -1.1009 -9.68223 664.143
-37.2246  21.6424 -84.6877 -166.114  48.3736 -142.905 -11.8055 -74.2953  52.2796 3.30748 1.79206 20.2082  2.25806 -6.98115  2.28071   0.0230346 -0.0151901  0.0622879 0.000139364  0.00845128  -0.0902276 0.924007 -1.09998 -9.68129 665.488
-39.1802  22.2557 -87.3843 -165.949  48.0378 -142.685 -10.4648 -74.8642  51.0582 3.36102 1.78347 20.1637  2.79713 -7.02931  2.17031   0.0232643 -0.0151621  0.0629014 0.000238127  0.00842856  -0.0901909  0.92402 -1.09986 -9.68121 665.922
-41.0991  22.2306 -89.0803 -165.881  48.0435 -142.503 -6.10981   -74.38  47.2913  3.4388 1.78311 20.0721  2.98806 -6.91997  2.14455   0.0241133 -0.0150349  0.0634058 0.000514643  0.00843326  -0.0900682 0.923924 -1.09958 -9.68104 666.116
-43.7471  24.9502 -93.5413 -165.623  47.7012 -142.299 -7.67232  -75.136  49.8005 3.49551   1.763  20.022  3.53795 -6.99586  1.99983   0.0242754 -0.0153033  0.0634962 0.000480056  0.00839945  -0.0900741 0.924025 -1.09954 -9.68101 666.591
-45.8563  25.8205 -97.0375 -165.376  47.7208 -142.136 -12.2255 -76.1958  55.0978 3.54908  1.7108 19.9238  3.83945 -6.93242  1.96392   0.0247133 -0.0157838  0.0641928 0.000541518  0.00823264  -0.0901488 0.924297 -1.09941 -9.68105 666.888
-48.2866  26.7791 -102.051 -164.965  47.4166 -141.964 -15.1951 -76.0184  59.2823 3.58885 1.65741 19.8355  4.44883 -6.97154  1.82301   0.0249822 -0.0161491  0.0650862 0.000569046  0.00814209  -0.0900983 0.924348 -1.09928  -9.6811 667.427
-49.1369  26.9343 -103.232 -164.804  47.2225 -141.907 -12.5848 -75.8717  56.9127 3.58973 1.64783 19.8219 4.71766 -7.0329 1.75867   0.0251603 -0.0160411  0.0652251 0.000583454  0.00814157  -0.0900839 0.924333 -1.09926 -9.68111 667.686
-50.1774  27.5541 -105.759 -164.441  46.8145 -141.818 -17.2706  -76.883   62.447  3.6252 1.63459 19.7958  5.30538 -7.10513  1.60974   0.0251028 -0.0161263  0.0655321 0.000604045   0.0081187  -0.0899116 0.924169 -1.09911 -9.68111 668.239
-50.8869   27.014 -105.232  -164.29   46.613 -141.787 -9.32062 -76.4494  53.9888 3.64199 1.63361 19.7982  5.56117 -7.15686    1.551   0.0255967 -0.0151818  0.0655349 0.000623711  0.00810971   -0.089845 0.924115 -1.09905  -9.6811 668.493
-51.5444  26.8674 -105.693 -164.071  46.1211 -141.776 -6.76163 -78.0429  52.1388 3.70037   1.688 19.8386  6.02665 -7.21435  1.37491   0.0259533 -0.0145619  0.0654721 0.000659449  0.00825542   -0.089442 0.923578 -1.09879 -9.68092 669.031
-49.0931  26.8792 -99.3376 -165.183  45.2815 -142.162  7.26678 -76.2179  34.9469  3.7722 2.04462 20.2572  5.46012 -7.29181  1.29807   0.0249672 -0.0113121  0.0631149 0.000978243  0.00983751   -0.087873 0.920603 -1.09817 -9.67975 670.477
-46.5288  26.5508 -95.9001 -165.409  44.4633 -142.556   6.3905 -73.2389  33.3837 3.80377 2.14657 20.4517  5.53519 -7.34045  1.05619   0.0235462 -0.0101966  0.0618972 0.000895464   0.0105184  -0.0863843 0.918134 -1.09755 -9.67933 671.413
-44.2566  25.1819 -91.3545 -165.781  43.5637 -143.332  11.9555 -70.0942  26.7877 3.63473 2.26539 20.6205  5.29487 -7.52577 0.636281    0.0227167 -0.00813684   0.0609602 0.000298638    0.010596  -0.0843266 0.914721 -1.09702 -9.67939 672.658
-42.9589   23.816 -88.6545 -165.416  43.0325 -143.293  10.8855 -68.7095  27.6427 3.64182 2.27001 20.6259  5.84342 -7.62523 0.559389    0.0224061 -0.00814337   0.0603775 0.000292569   0.0105917  -0.0843041 0.914708   -1.097 -9.67937 673.303
-41.8674  22.4018 -86.6558 -165.245  42.8158 -143.266  11.7624 -68.2681  26.9761 3.65596 2.27068 20.6423  6.10547 -7.65619 0.537146     0.022208 -0.00778552   0.0600714 0.000275353   0.0106121  -0.0843551 0.914804 -1.09704 -9.67937 673.58
 -40.372  18.7715 -83.3438 -164.794  42.2108 -143.278  12.0721 -67.9153  26.5676 3.60641 2.27685 20.5971  6.64573 -7.77359 0.404988    0.0221055 -0.00774802   0.0600532 0.000304148   0.0105446  -0.0841394 0.914414  -1.0969 -9.67938 674.335
-39.1854  17.1045 -81.1003 -164.599  41.9762 -143.265  12.1844 -67.4313  26.4684 3.61433 2.27706 20.6088  6.87742 -7.80242 0.370173    0.0218283 -0.00751491   0.0596444 0.000300235   0.0105573  -0.0841489 0.914439 -1.09691 -9.67937 674.64
-38.1651  12.6469 -77.7073 -164.084  41.3756 -143.247  11.6052 -67.6086  26.8029 3.57435 2.27866  20.558  7.38508 -7.90471 0.245389    0.0217986 -0.00738386   0.0597437 0.000335163   0.0105309  -0.0840494 0.914214 -1.09685 -9.67936 675.432
-38.2969  10.2377 -76.5783 -163.899  41.3139 -143.275  14.0501 -68.2098  24.8775 3.69926  2.2519 20.6966  7.66185 -7.78696 0.233415    0.0220951 -0.00730835   0.0599151 0.000115288   0.0106016  -0.0842499 0.914725 -1.09705 -9.67942 675.629
-37.7263  6.24459 -73.4982 -163.379  40.7993 -143.266  12.7165 -67.2729  26.2616 3.70687 2.25303 20.7107  8.14878 -7.82016 0.128311    0.0221183 -0.00725766   0.0597884 0.000102371   0.0106069  -0.0842546  0.91475 -1.09705 -9.67942 676.361
-37.9811  4.86548 -71.6397 -163.107  40.3899 -143.179  13.6127 -67.5932  24.8798 3.65353 2.27927 20.5963   8.34457  -7.94678 0.0682697    0.0223548 -0.00712771   0.0595272 0.000102501    0.010695  -0.0841765 0.914441 -1.09705  -9.6793 676.86
-38.1077  3.26456 -69.3251 -162.553  39.8477 -143.164  13.5317 -67.2059  25.1116   3.647 2.28357 20.5813    8.81209   -7.99181 -0.0457641    0.0223491 -0.00728728   0.0591028 0.000100785   0.0107193  -0.0841585 0.914383 -1.09704 -9.67927 677.635
-38.5451  5.24235  -64.728 -162.597  39.0893 -142.681  13.9171 -66.8815  20.2639 3.60838 2.43667 20.3322   8.73922  -8.38267 0.0775013    0.0229166 -0.00707017   0.0567357 4.44645e-05   0.0115987  -0.0840581 0.913568  -1.0971 -9.67843 678.536
-38.8432  3.97406 -63.0747 -162.062  38.5069 -142.638  14.8534 -65.7833  18.4702 3.60208 2.45818  20.314    9.20576   -8.45434 -0.0119457     0.023002 -0.00692981   0.0565589 5.45091e-05   0.0116197  -0.0840311 0.913501 -1.09707 -9.67836 679.328
-38.6414  5.30571 -60.0519 -161.848  37.9253 -142.446  14.5164 -65.1051  16.1424 3.54193 2.50644 20.1391     9.3109   -8.71929 -0.0351544    0.0231432 -0.00702366   0.0548934 -0.000118569    0.0119807   -0.0837555 0.912664 -1.09712 -9.67801 679.977
-38.7064  4.31542 -56.9419 -161.215  37.1743 -142.383  16.3828 -62.7826  13.0197 3.44838 2.51931 20.0046   9.76282  -8.92575 -0.163434     0.023265 -0.00665241   0.0539311 -0.000140962    0.0120366    -0.083577 0.912139 -1.09714 -9.67792 680.961
-37.6625  2.91657  -55.344  -160.18  36.5076 -142.615  14.8195 -61.3976  14.3762 3.20327 2.31666  19.587   10.2067   -9.2355 -0.508352    0.0225875 -0.00658448   0.0536952 -0.000809396    0.0115626   -0.0830804 0.910897 -1.09768  -9.6785 682.214
-37.8376 0.688377 -54.1428 -159.428  35.9314  -142.74  16.9292 -59.3915  13.5923 3.13563 2.28515 19.5347   10.7213   -9.2744 -0.673691    0.0223679 -0.00634755   0.0538651 -0.000847004    0.0114333   -0.0829355 0.910591 -1.09771 -9.67863 683.169
-37.1707 -2.53678 -53.8182 -158.254  35.3339 -143.104 16.3831 -57.965 15.3683 2.86344 2.07357 19.1875   11.252 -9.49388 -1.04103    0.0217068 -0.00598839   0.0546844 -0.00127227   0.0107862   -0.082493 0.909556  -1.0982 -9.67932 684.536
  -34.86  -6.1819 -54.2117 -156.851  34.8803 -143.684  14.3518 -55.9762  20.1338 2.68628 1.80864 19.0018  11.9308 -9.47343 -1.42391    0.0198505 -0.00598038   0.0557251 -0.00155799   0.0099626  -0.0821061 0.908911 -1.09848 -9.68022 686.121
-33.4244 -8.95362 -55.1495 -155.873  34.5875 -144.167   12.522 -54.0498  23.9225 2.56419 1.62065 18.9333  12.3755 -9.45344 -1.72758    0.0186915 -0.00604468   0.0566823 -0.00166551  0.00949006  -0.0816589 0.908138 -1.09859 -9.68076 687.25
-31.4992 -10.8115 -55.7308  -154.88  34.2124 -144.637    11.94 -52.1851  26.6218 2.46425 1.45918 18.8967  12.8162 -9.45582 -2.03263    0.0173444 -0.00635531   0.0571349 -0.00172439  0.00916086  -0.0811848 0.907303 -1.09869 -9.68116 688.411
-30.2624 -11.3453 -56.4111 -154.121   33.986  -145.13  9.91879 -54.0446  28.8127 2.42741 1.33457 18.9436  13.1282 -9.43894 -2.33156    0.0167394 -0.00683098    0.057228 -0.00181772  0.00869668  -0.0805885 0.906445 -1.09868 -9.68152 689.344
-29.0457 -11.1696 -57.3603 -153.453  33.6495 -145.505  9.45654 -52.2131  30.5466  2.4239 1.27814 19.0182  13.3905  -9.4571 -2.56298    0.0160992 -0.00717003   0.0573955 -0.0018492 0.00859366 -0.0800925  0.90566 -1.09862 -9.68161 690.18
-28.1257 -9.38641 -58.8711 -152.971  33.4675 -145.949   7.7671 -53.8003  32.4921 2.48976 1.23868   19.17  13.5794 -9.45222 -2.79222    0.0158315 -0.00777572   0.0573302 -0.00196844  0.00836814  -0.0794195 0.904742 -1.09845 -9.68171 690.861
-26.4884  -7.1109 -63.8288 -152.637  33.8501 -146.803  6.48403 -53.1849  37.6304 2.74875 1.16441 19.4807  13.5993 -9.18317 -3.15497    0.0146937 -0.00872385   0.0587911 -0.00186045  0.00788312  -0.0778581 0.902795 -1.09752 -9.68184 691.855
-26.2131 -4.43563 -65.2732 -151.993  33.4307 -146.965  6.33683 -53.1489  37.8957 2.75597 1.16346 19.4833  13.8606 -9.25164 -3.20952    0.0146007 -0.00867058   0.0588394 -0.00186293  0.00787423  -0.0778274 0.902758  -1.0975 -9.68184 692.639
-26.3437 -0.18924 -67.0032 -151.549  33.3799 -147.243  8.07814 -51.2604  37.8715 2.98332 1.17462 19.4472  13.9368 -9.08005 -3.33147    0.0145376 -0.00911583   0.0586876 -0.00163013  0.00776946   -0.076945 0.901678 -1.09685 -9.68168 693.166
-26.1745   2.9522 -68.2164 -150.899   32.986 -147.411  7.84405 -51.6492  38.3146 3.00503 1.17582 19.4403  14.2057 -9.13776 -3.35751  0.0144961 -0.009162 0.0584856 -0.00159498  0.00774842  -0.0768666 0.901588 -1.09678 -9.68167 693.944
-26.3137  5.46865 -70.2417 -150.195  32.6487 -147.568 7.99098 -50.151 38.3406 3.10499  1.1695 19.3498  14.4509 -9.09855 -3.40822     0.014456 -0.00913151   0.0589126 -0.00148346  0.00773499  -0.0765851 0.901248 -1.09658 -9.68162 694.741
-26.7164  8.36866 -71.5108 -149.535   32.313 -147.716  8.93006 -52.1514  37.6433 3.16367 1.17278   19.29  14.6995 -9.10742 -3.46358    0.0145523 -0.00938327   0.0587682 -0.00129233  0.00768694  -0.0763884 0.901018 -1.09636 -9.68159 695.496
-27.0669  10.2167 -73.3873 -148.708  31.6729 -147.957  7.55356 -52.9167  38.6009 3.00643 1.18132 19.4264  15.1133 -9.37011    -3.47    0.0146266 -0.00900078   0.0589394 -0.00119929  0.00773543  -0.0766391 0.901258 -1.09645 -9.68161 696.569
-26.9804  12.6798    -74.8  -148.01  31.2135 -148.119  6.45688 -51.8958  39.9624  2.9875 1.19154 19.4438  15.4123 -9.48543 -3.47182    0.0144483 -0.00912937   0.0588487 -0.00120889  0.00773504  -0.0766647 0.901288 -1.09646 -9.68161 697.42
-27.0128  14.6445 -77.1994 -147.039    30.78 -148.299  6.58647 -51.3708   40.094 3.05481 1.15452 19.3499  15.7684 -9.48627 -3.50002    0.0141998 -0.00923724   0.0594809 -0.00108964  0.00774309  -0.0765899 0.901212 -1.09634 -9.68163 698.499
-27.2294  15.6498 -79.2194 -146.214  30.5675 -148.446   5.8716 -51.6547  40.8273 3.11533 1.08704 19.2066  16.0332 -9.39263 -3.54753    0.0139109 -0.00940708   0.0602457 -0.00063696  0.00765375  -0.0764589 0.901076 -1.09602 -9.68172 699.364
-27.6737  16.7733 -79.4973 -145.175  29.9145 -148.676  6.78376 -51.3579  39.9364 3.07168 1.09507 19.2649  16.4848 -9.60167 -3.53947    0.0141561 -0.00917998   0.0598619 -0.000769428   0.00767475   -0.0766175 0.901295 -1.09613 -9.68171 700.612
-26.9256  17.1577 -79.0466 -144.587  29.5627 -148.794  5.67383 -49.6216  41.0775 3.07007 1.10264 19.2666  16.7202 -9.68477 -3.52786    0.0138033 -0.00916938   0.0594285 -0.0007702 0.00766935 -0.0766248 0.901313 -1.09611 -9.68171 701.308
-26.7318  16.0495  -78.928 -143.474  28.9334 -148.985  6.89149 -50.5013  40.1814 3.07002  1.1171 19.2669  17.1674 -9.82465 -3.47456    0.0141862 -0.00865086   0.0594803 -0.000840241   0.00764467   -0.0767402 0.901521 -1.09612 -9.68169 702.6
-25.7032  15.6294 -78.5368  -142.83  28.5901 -149.191  5.38478 -50.5503  41.7914 3.05751 1.07971 19.2756   17.403 -9.88344 -3.52568    0.0141135 -0.00845584   0.0593145 -0.00076265  0.00763231  -0.0766206 0.901304 -1.09616 -9.68175 703.358
-23.1133  14.8563 -78.3534 -141.451  27.9892 -149.585  5.55331 -49.7958  41.9297  3.04764 0.961724   19.264   17.872 -9.92882 -3.60415    0.0139837 -0.00844774   0.0594985 -0.000599583   0.00764292   -0.0765268 0.901095 -1.09622 -9.68189 704.914
-21.5178  14.0558 -77.9766 -140.691  27.7137  -149.82  4.88123 -49.7776  42.7871   3.0333 0.879585  19.2543  18.1139 -9.94087 -3.66982    0.0138402 -0.00817576   0.0596049 -0.000508491   0.00755435   -0.0764997 0.901058 -1.09629 -9.68203 705.755
-17.9761   13.772 -78.0883 -139.057  27.1263 -150.256  4.64924 -49.0539  43.2669  3.03011 0.714559  19.2086  18.6235 -9.97793 -3.79831    0.0134382 -0.00835208    0.060116 -0.000335774   0.00748244   -0.0764808 0.901027 -1.09638 -9.68223 707.545
-16.0414  13.4754 -76.9956 -138.753  26.7739 -150.246  6.15278 -48.3428  42.4133   3.0407 0.875373  19.2328  18.6832 -10.0836 -3.72964    0.0132591 -0.00783221   0.0595846 -0.000467602   0.00722051    -0.076503 0.901227 -1.09624 -9.68218 708.011
-13.3453  13.7959 -77.9751 -137.129  26.1426 -150.596   4.9359 -48.0955  43.3496 3.06488 0.74512 19.1757  19.1785 -10.1264 -3.82921    0.0132018 -0.00790678    0.060249 -0.000341204   0.00728049   -0.0765114 0.901224 -1.09628 -9.68226 709.789
-12.7791  13.9709 -78.6505 -136.697  25.8474 -150.676   4.6288 -47.1762  43.2119   3.0406 0.783701  19.1961  19.2946 -10.1967 -3.81303    0.0134074 -0.00787235   0.0606348 -0.000318656   0.00726746   -0.0765281 0.901232 -1.09624 -9.68224 710.318
 -9.7859  14.2986 -78.6337 -135.318  25.0156 -150.939  5.22444 -45.7521  42.6859 3.01584 0.84914 19.2294  19.6754 -10.3507 -3.82468    0.0132935 -0.00762361    0.060654 -0.000330409   0.00722003   -0.0765415 0.901244  -1.0962 -9.68222 711.949
-8.48281  13.9497 -78.3854 -134.951    24.78 -150.882  5.94144 -44.9922   42.242 3.03176 1.07501 19.2025  19.7036 -10.4127 -3.71339     0.013167 -0.00728911   0.0606041 -0.000372663   0.00634199   -0.0767142 0.901967  -1.0959 -9.68237 712.389
-6.14086    13.58 -78.9266 -133.541  23.9752 -151.059   4.7909 -44.3759  42.3793 3.02749  1.2013 19.2139  20.0548 -10.5837 -3.68892   0.0128135 -0.0071544  0.0608989 -0.00041721  0.00606481  -0.0768751 0.902303 -1.09579  -9.6824 714.022
-5.27719  12.4378 -79.1205 -133.142  23.8264 -150.956  5.49943 -42.4961  41.9554 3.11854 1.40652 19.1652  20.0783 -10.5901 -3.54642    0.0125351 -0.00643503   0.0611225 -0.000660538   0.00526177     -0.07716 0.903165  -1.0956 -9.68257 714.46
-4.70743  13.0473 -79.1626 -131.599  23.0222   -151.2  4.53077 -41.2072  42.3477  3.1109 1.42052 19.1645  20.5099 -10.7213 -3.56843    0.0121568 -0.00634601   0.0610293 -0.000685899   0.00522119   -0.0772463 0.903287 -1.09562 -9.68259 716.217
-5.08944  12.6964 -79.5313  -131.09  22.7663 -151.278  4.41437 -40.2004  42.3244 3.11222 1.42198  19.162   20.655 -10.7606 -3.56609    0.0122692 -0.00593263   0.0612375 -0.000679084   0.00522077     -0.07727 0.903317 -1.09561 -9.68259 716.792
-5.20561  13.2484  -79.763 -129.475  21.9801 -151.487   3.5891 -38.5451  42.8877 3.09319 1.41706 19.1523  21.0945 -10.9177 -3.51612    0.0119508 -0.00601535   0.0610861 -0.000685285    0.0052282   -0.0774781 0.903562 -1.09566 -9.68261 718.601
-5.60657  11.5289 -79.2572 -129.093  21.4395 -151.821  4.93851 -38.2887  42.3002 3.01612 1.43933  19.253   21.248 -11.0159 -3.72829   0.0120852 -0.0049348  0.0607011 -0.000794787   0.00528989   -0.0769392 0.902757 -1.09578 -9.68256 719.342
-7.27031  10.9067 -78.7569 -127.713   20.579 -152.151  4.72953 -36.5752  41.9855 3.00421 1.46809 19.2766  21.5845 -11.0946 -3.83106    0.0118748 -0.00474926   0.0602106 -0.000794493   0.00534637   -0.0766768  0.90236 -1.09574 -9.68253 721.002
-8.25811  10.5662 -80.1555 -126.743  20.3915 -152.121  4.92092 -35.3215  43.2915 3.02363 1.29052 19.2571  21.8765 -11.1619 -3.67724    0.0115359 -0.00501289   0.0608661 -0.00102776  0.00593726  -0.0774191 0.902991 -1.09619 -9.68245 721.989
 -11.501  9.87245 -80.4566  -125.23  19.6835 -152.346  4.81557 -34.9076  43.4643 3.02663 1.26685 19.2493  22.2415 -11.2449 -3.69352    0.0113529 -0.00499562   0.0608097 -0.00103814  0.00592291  -0.0775223 0.903145 -1.09623 -9.68247 723.675
-13.1213  9.14951 -81.2793 -124.269  19.3989 -152.431  4.62709 -33.2842  44.5603 3.05123 1.16735 19.2314   22.514 -11.2803 -3.65696    0.0110006 -0.00492283    0.061098 -0.00115504  0.00600319  -0.0778557 0.903579 -1.09643 -9.68248 724.681
-17.0334  8.30911 -83.7214 -122.415  18.7102 -152.681  4.16629 -33.3885  46.2309 3.00023 1.00039 19.2705  23.0565 -11.4398 -3.61915    0.0107748 -0.00512501   0.0618425 -0.00125188  0.00597442  -0.0784472 0.904354 -1.09681 -9.68251 726.674
 -19.383  8.38584 -83.2226 -121.776  18.3147  -152.76  4.21438 -34.3749  45.3475 3.03418 1.06557 19.2481  23.1168 -11.4482  -3.6251    0.0108416 -0.00510035    0.061213 -0.00116775  0.00610708  -0.0782472 0.904011 -1.09663 -9.68247 727.43
-23.7722   7.3311 -85.7181  -120.07   17.562 -153.087  4.60372 -34.1992  46.8508  2.97565 0.979017  19.3186  23.6114 -11.5766 -3.66593    0.0108715 -0.00523664   0.0620657 -0.00124755  0.00586587  -0.0785343 0.904509 -1.09687 -9.68252 729.323
-26.2729  7.39956 -84.2228 -119.404  17.1034 -153.117   5.1069 -34.5378  44.8455 2.99116 1.06202 19.2544  23.6406 -11.5781 -3.61825    0.0108617 -0.00506642   0.0610233 -0.00115541   0.0061491  -0.0783253 0.904036 -1.09669 -9.68244 730.132
-29.9082  6.03458 -86.2254 -117.785  16.3838 -153.433   5.0668 -34.5445  46.3359  2.96792 0.995953  19.3363  24.1558 -11.7048 -3.63727    0.0108147 -0.00482882   0.0616896 -0.00126131  0.00589028  -0.0785475 0.904471  -1.0969 -9.68249 731.932
-31.8947  5.24797 -86.7209 -116.811  15.9441 -153.581 5.81043 -32.837 46.1126  2.97946 0.977692  19.3438  24.4005 -11.7462 -3.61199    0.0107481 -0.00455338   0.0616272 -0.00128032  0.00588632   -0.078583 0.904534 -1.09692 -9.68249 733.011
-35.0014  5.01143 -86.2598 -115.413  15.2118 -153.721  5.18464 -32.9737  45.1967 2.97457 1.02404 19.2723  24.6035 -11.8364 -3.54969    0.0106997 -0.00461501   0.0607298 -0.0011635 0.00609261 -0.0784328 0.904204 -1.09676 -9.68246 734.596
-36.6298  4.31353 -86.7496 -114.474  14.7499 -153.842  4.87428 -33.1093  45.1742 2.97198  1.0307 19.2595  24.8046 -11.8797 -3.52024     0.010556 -0.00468605   0.0607594  -0.001152 0.00613012  -0.078417 0.904156 -1.09675 -9.68246 735.649
-38.4994  2.99186 -87.0737 -112.912   14.059 -154.067   5.4415 -32.4094  45.4796 2.99249 1.00541 19.2865  25.2228 -11.9241 -3.51524    0.0102517 -0.00445043   0.0607358 -0.00119246  0.00604379  -0.0785175 0.904356 -1.09681 -9.68246 737.372
-39.6288  1.37391 -87.8343 -111.865  13.7727 -154.151  6.82199 -30.7276  45.5891  3.14726 0.915117  19.3112  25.5771 -11.8682 -3.49015    0.0102307 -0.00412126    0.061287 -0.00165122  0.00613648   -0.078822 0.904801 -1.09717 -9.68241 738.46
  -40.5676 0.00710974    -89.077 -110.251  13.0541  -154.32  5.9667 -32.023 46.7861  3.16376 0.890521  19.3267       26 -11.9294 -3.47591   0.0102301 -0.0041588  0.0617035 -0.00177799  0.00606945  -0.0790589 0.905138 -1.09733 -9.68237 740.235
-41.3306 -0.76038 -89.7282  -109.14  12.7933 -154.265  7.35171 -32.0019  47.1519  3.28206 0.761041  19.3381  26.4421 -11.8643 -3.37551    0.0102499 -0.00403931   0.0620346 -0.00185593  0.00625237  -0.0796921 0.905916 -1.09758 -9.68221 741.377
-41.8021 -1.77575 -90.5388 -107.457  11.9884 -154.413 7.59534 -32.205 47.8851  3.26283 0.720021  19.3524  26.8835 -11.9426 -3.34648    0.0103022 -0.00384206   0.0623948 -0.00205251  0.00635345  -0.0800073 0.906221 -1.09787 -9.68212 743.249
-42.5432  1.33106 -89.8734 -106.524  12.2166 -153.789 6.89976 -32.755 45.5073  3.46671 0.599389  19.1964  27.1737 -11.8261 -2.96137    0.0100318 -0.00558508   0.0615123 -0.000684813   0.00683708   -0.0810755 0.907411 -1.09702 -9.68183 744.395
-42.2757  2.03374 -90.9441 -104.928    11.89 -153.873  5.39695 -33.5356  46.6897  3.6226 0.59448 19.1528  27.4583 -11.7502 -2.93968   0.00970939 -0.00618888   0.0618517 -0.0002654  0.0067869 -0.0809966 0.907489 -1.09653 -9.68188 746.026
-41.5755  1.30109 -91.2409 -103.862  11.3113 -153.851  5.20914 -32.5371  47.2583  3.58043 0.641628  19.1248  27.6993 -11.8817 -2.85021   0.00964325 -0.00583211   0.0621675 -0.000407817   0.00675035   -0.0812823 0.907783 -1.09669 -9.68184 747.239
-40.4114  1.68505  -91.432 -102.244  10.6121 -154.042  4.20673 -32.4041    47.51  3.57877 0.635178  19.1333   28.013 -11.9714 -2.84438   0.00960679 -0.00610978   0.0620714 -0.0004201 0.00676369 -0.0812388  0.90772 -1.09669 -9.68185 749.011
 -37.9865 -0.390951  -92.9377  -100.92  10.0284 -154.577  2.71974 -29.2934  51.1713  3.56128 0.579269  19.2668   28.325 -11.9606 -3.05246    0.0089734 -0.00527112   0.0632685 -0.000673197    0.0066112   -0.0808241 0.907341 -1.09687 -9.68194 750.554
 -35.6867 -0.363038  -92.8385 -99.4186  9.39182 -154.774  2.04728 -28.7807  51.5963  3.55906 0.572934  19.2801  28.6034  -12.016 -3.04722  0.00869855  -0.005112  0.0632825 -0.000685521   0.00660211   -0.0807819 0.907295 -1.09688 -9.68195 752.197
-33.6507 -1.57869 -93.2022 -97.9831  8.72248 -155.094  2.19346 -26.4205  52.9183  3.51259 0.546785  19.3206  28.8839 -12.0511 -3.13553  0.00876939 -0.0043928  0.0639416 -0.0007442 0.00660579 -0.0805753 0.907024 -1.09695 -9.68196 753.813
-30.9158 -2.84777 -95.2128 -96.2522  8.00167 -155.713  1.77542 -24.8399  56.4688  3.42753 0.441006  19.3451  29.3221 -12.0244 -3.44577   0.00874613 -0.00393214   0.0653792 -0.000830861    0.0062317   -0.0799746 0.906588 -1.09709 -9.68203 755.788
-27.1846   -4.104 -96.7616 -94.3927  7.20475 -156.237 0.877775 -24.0806   59.509  3.31917 0.345029  19.3231  29.8032 -12.0322 -3.68729    0.0084219 -0.00336731   0.0666896 -0.000944583   0.00580928   -0.0795863 0.906428  -1.0973 -9.68208 757.878
-23.9632 -5.18091 -99.0145 -92.6283  6.47803 -156.663 0.506878 -22.4518  62.6496  3.21704 0.244655  19.2367  30.2794 -12.0248 -3.91678   0.00845325 -0.00308946   0.0683181 -0.00106498  0.00545039  -0.0792716  0.90633 -1.09753 -9.68209 759.833
-20.5151 -6.45714 -100.365 -90.7992  5.67074 -156.968  1.25197 -22.3349   64.421  3.10049 0.190254  19.1444  30.6824 -12.0457 -4.05297   0.00857999 -0.00259401   0.0695491 -0.000998565   0.00534428   -0.0790881 0.906168 -1.09762 -9.68205 761.855
 -17.592 -6.08587 -100.926 -89.2311  5.10882 -157.211  0.95206 -20.7647  65.7434  3.08487 0.131917  19.0836   31.007 -12.0164 -4.15467   0.0085297 -0.0027682  0.0699351 -0.000990064   0.00526029   -0.0789624 0.906121 -1.09767 -9.68204 763.539
-14.8309 -6.22319 -102.336 -87.3651  4.58252 -157.471 0.611817 -20.6965  67.8916  3.10113 0.055632  18.9838  31.4217 -11.9629 -4.29308   0.00857657 -0.00260658   0.0708813 -0.000810585   0.00506489   -0.0788191 0.906191 -1.09761 -9.68204 765.495
 -13.235 -5.51301 -102.907 -85.7482  4.11539 -157.702 0.361375 -20.1142  69.1981   3.14327 0.0193298   18.9412  31.7136 -11.9412 -4.38382     0.008679 -0.00276994   0.0712764 -0.000750493   0.00494986   -0.0787307 0.906239 -1.09757 -9.68206 767.193
-12.6041 -4.86525 -102.664 -84.0962  3.57699 -157.947  -0.2564 -20.5037  69.8985    3.17545 0.00423881    18.9287  31.9713  -11.963 -4.45604   0.00863911 -0.00284519   0.0712409 -0.000720454   0.00488423   -0.0786453  0.90622 -1.09753 -9.68208 768.948
-12.8788 -4.30893 -102.736 -82.2132  2.91272 -158.229 -0.760129  -19.4771   70.6068    3.19892 0.00174906    18.9262  32.2529 -11.9976  -4.5034   0.00853857 -0.00297923   0.0714688 -0.000731336   0.00487342   -0.0785624 0.906146 -1.09752  -9.6821 770.965
-12.5502 -3.91602 -102.482 -80.9004  2.39763 -158.405 -1.12764 -16.6472  70.9991    3.19178 0.00787111    18.9266  32.4336 -12.0362 -4.47471   0.00799758 -0.00297448   0.0714607 -0.000750056   0.00488923     -0.07858 0.906148 -1.09752 -9.68209 772.386
-12.2823 -2.95812 -101.768 -78.7302  1.26097 -158.459  -1.0583 -16.4023  70.2152  2.87251 0.126642  18.9687  32.6814 -12.2942 -4.11069   0.00756124 -0.00292972   0.0709481 0.000266145  0.00461943   -0.079478 0.907107 -1.09695 -9.68197 774.836
-12.3482 -2.73507  -102.32 -77.5635 0.809334 -158.603 -1.53484  -16.335  70.2601   2.8617 0.130893  18.9713  32.8416 -12.3258 -4.08961   0.00758749 -0.00290987   0.0711249 0.000300399   0.0046135  -0.0794904 0.907113 -1.09692 -9.68197 776.096
-12.5981 -1.87732 -102.586  -75.3164 -0.138217  -158.821 -1.97036 -16.1541  70.0649  2.78968 0.147724  18.9771   33.129 -12.4236 -4.00278   0.00764097 -0.00326772    0.070934 0.000387497  0.00461476  -0.0797077 0.907281 -1.09691 -9.68192 778.544
-12.0166 -1.33944 -101.574  -74.2964 -0.847717  -158.886  -3.2608 -16.5275  69.3925  2.57654 0.193603  19.0034   33.184 -12.5903 -3.88925   0.00715709 -0.00338995   0.0701952 0.000864288  0.00464868  -0.0799184  0.90727 -1.09666 -9.68183 779.788
 -11.9246 -0.258795  -101.934 -71.9758 -1.91008 -159.021 -4.46016 -16.5972  69.5354  2.36782 0.254372  19.0283  33.4478 -12.7659 -3.70708  0.00684022 -0.0037754  0.0700731 0.00164943 0.00447838 -0.0803824 0.907707  -1.0962 -9.68174 782.344
-11.9227 0.496291 -102.164 -70.9346 -2.67805 -159.091 -5.23664 -20.4774  70.0905  2.02886 0.326196  19.0557  33.5467 -12.9821 -3.62967   0.00674788 -0.00406147   0.0699789  0.0028771 0.00429377 -0.0805194 0.907686 -1.09551 -9.68166 783.64
-13.1018  2.54014 -102.996 -68.6444 -2.90646 -159.434 -5.77824 -20.4932  71.0831  2.35348 0.311542  19.0689  33.8778 -12.7827  -3.7369   0.00683366 -0.00473471   0.0700438 0.00305052 0.00415684 -0.0801805 0.907823 -1.09513 -9.68185 785.967
-12.4775  6.23645 -105.666 -66.7592 -2.33504 -159.177 -10.2827 -18.9592  74.1689  2.32747 0.158532  18.9783  34.4697 -12.7504 -3.41095   0.00579407 -0.00666409   0.0710135 0.00639157 0.00318835 -0.0817046 0.910661 -1.09315 -9.68177 787.953
-13.1936  8.64777 -105.612 -64.2406 -2.83438 -159.389 -12.0584 -19.7947  74.3507 2.48849 0.12917 18.9594  34.8147 -12.7643 -3.39149   0.00554736 -0.00710026     0.07053  0.0065584 0.00287291 -0.0818361 0.911268 -1.09299 -9.68186 790.529
-13.565 9.13228 -106.85 -63.1594 -3.22691 -159.492 -12.6516 -18.6893  74.9818 2.48965 0.13541 18.9586  34.9331 -12.8267 -3.38238    0.005409 -0.0069977  0.0710763 0.00656271 0.00288508 -0.0818358 0.911258 -1.09297 -9.68186 791.684
 -14.316  11.3255 -107.649 -60.7596 -4.04455 -159.733 -13.5451  -19.184  75.4053  2.53432 0.136764  18.9485  35.1819 -12.9288 -3.38836   0.00522937 -0.00677165   0.0708338 0.00656262 0.00289095 -0.0817694  0.91126 -1.09293 -9.68188 794.231
-14.7056  11.9754  -106.82 -59.7633 -4.32669 -159.853 -12.8881 -20.2475  74.5682  2.58528 0.157576  18.9417  35.2443 -12.8789 -3.40222   0.00522373 -0.00602503   0.0700672 0.00686437 0.00295844 -0.0815757 0.911166 -1.09262 -9.68194 795.273
-15.9325  15.1237 -107.789  -57.368 -5.08427 -160.055 -12.9658 -20.3898  74.3341  2.67185 0.172957  18.9039  35.4929 -12.8998 -3.35543   0.00533578 -0.00563173   0.0696359  0.0068175 0.00297381 -0.0815339 0.911268 -1.09256 -9.68198 797.794
-16.3459  16.5939 -106.325 -56.5936 -5.13894 -160.008 -12.6771 -20.2655  72.2741  2.76959 0.261834  18.8239  35.3833 -12.6933 -3.26783   0.00527379 -0.00535994   0.0684703 0.00787122 0.00340802 -0.0813172 0.911146 -1.09146 -9.68201 798.572
-16.3194  17.2474 -106.936 -54.1888 -5.99011 -160.238 -12.4501 -19.7873  72.1602  2.78434 0.267503  18.8175  35.6444  -12.767 -3.22186   0.00507263 -0.00482846   0.0683012 0.00790343 0.00343446 -0.0812564 0.911116  -1.0914 -9.68203 801.133
-15.9033   17.751  -107.83 -53.1458 -6.40864 -160.254 -14.0912 -18.8609  73.0487  2.73054 0.374902  18.8321  35.6921 -12.9016 -3.10877   0.0047301 -0.0049676  0.0685978 0.00803316 0.00303975 -0.0814575 0.911387 -1.09126 -9.68206 802.257
-15.7177  18.7165 -108.574 -50.7347 -7.29672 -160.454 -15.1296 -17.7586  73.4334  2.72384 0.386259  18.8427  35.9372 -13.0102 -3.03844  0.00453638 -0.0052284  0.0685277 0.00802139 0.00303177 -0.0814811 0.911372 -1.09125 -9.68206 804.834
-15.1144  19.3084 -108.892 -49.6696 -7.73989 -160.528 -16.3089  -17.422  73.7138  2.68021 0.430188  18.8687  35.9969 -13.1201 -2.97343  0.00405886  -0.005618  0.0685148  0.0081392 0.00294732 -0.0815335 0.911348 -1.09113 -9.68207 805.99
-14.8098  18.4552 -108.659   -47.26 -8.67998 -160.847 -17.1888 -15.8656  74.0605  2.66528 0.428334  18.8923  36.2231 -13.2093 -2.98425   0.00391443 -0.00591056   0.0682956 0.00824236 0.00295454 -0.0812199 0.911075 -1.09099 -9.68212 808.596
-14.8177  18.0239 -109.453 -46.1377 -9.00665 -160.687 -18.5574 -13.7469  74.4911  2.73217 0.511183  18.8451  36.2628 -13.3454 -2.74232   0.00367323 -0.00660293   0.0688416 0.00773835 0.00276405 -0.0818294 0.911647 -1.09134 -9.68209 809.776
-14.8365  13.0926 -107.394 -44.0042 -10.1934 -161.224 -18.3717 -13.7622  74.0055  2.5709 0.54635 18.9639  36.3763 -13.5239 -2.87582   0.00383185 -0.00617093   0.0683469 0.00808656 0.00295461   -0.08086 0.910351 -1.09082 -9.68218 812.276
-14.5606  10.8683 -106.281 -42.6436 -10.3235 -161.129 -17.0525 -14.3211   73.279  2.79602 0.493825  18.9483  36.5934 -13.4757  -2.6756   0.00369919 -0.00636196   0.0680179 0.00747615 0.00299985 -0.0815391 0.911246  -1.0914 -9.68213 813.646
-14.7824   4.9112 -105.089 -40.1574 -11.2024 -161.315 -15.7497 -13.6562  72.8341  2.81671 0.492199   18.972   36.865 -13.5602 -2.61556   0.00379829 -0.00645084   0.0681211 0.00744667 0.00299092 -0.0815879 0.911323 -1.09144 -9.68213 816.289
-14.7084  1.40237 -104.799 -38.9814 -11.8091 -161.477 -13.9841  -14.704  73.5344  2.71671 0.492993  18.9595  37.0117 -13.6935 -2.67902   0.00369701 -0.00620051   0.0683605 0.00753797 0.00303146 -0.0813175 0.910883 -1.09134 -9.68213 817.623
-14.5834 -3.88314 -103.205 -36.4824  -12.587 -161.655 -13.7023 -14.7829  73.2909  2.80221 0.493502   19.035  37.2732 -13.6885 -2.60932   0.00361786 -0.00650371   0.0679493 0.00751195 0.00303607 -0.0815206 0.911187  -1.0914 -9.68214 820.246
-14.3071 -5.65291 -101.931 -35.2969   -12.99 -161.736 -13.5111 -14.4978  73.2884   2.8282 0.498342  19.0576  37.3757 -13.6936 -2.57959    0.0033696 -0.00688477   0.0673371 0.00749088 0.00306246 -0.0815696 0.911243  -1.0914 -9.68214 821.501
-14.6828 -10.4889 -101.547 -32.7638 -14.1544 -161.833  -13.743 -15.6548  73.6949  2.69092 0.492286  18.8521  37.5697 -13.9365 -2.65637    0.0034982 -0.00676499   0.0677799 0.00737614  0.0030849 -0.0812327 0.910722 -1.09138 -9.68211 824.29
-14.6627 -11.9166 -101.718 -31.5231 -14.6359  -161.91 -13.7674 -16.4113  73.4797  2.67972 0.494449  18.8301  37.6833 -13.9938 -2.66892   0.00350146 -0.00694227   0.0680849 0.00735081 0.00306526 -0.0812064  0.91069 -1.09139 -9.68211 825.623
-15.4948 -13.8331 -100.835 -29.1068 -15.6676 -162.086  -11.888 -16.4362  72.6433 2.61913 0.51644 18.6835  37.8066 -14.1782 -2.81358   0.00395861 -0.00685708   0.0679245 0.00702746 0.00311225   -0.08066 0.910048  -1.0913 -9.68217 828.257
-14.7415 -13.5002 -102.235 -27.7059 -16.1871  -162.19 -12.2061 -15.8917  73.1871  2.60088 0.479431  18.6812  37.9976 -14.2497 -2.82144   0.00365096 -0.00744703   0.0685356 0.00709126 0.00303677 -0.0807724 0.910197  -1.0914 -9.68214 829.754
-15.0997 -13.0686  -101.05 -25.4975 -17.1861 -161.991 -11.5997  -16.636  71.6177  2.53213 0.630568  18.6461  38.0856 -14.3149 -2.51433   0.00400681 -0.00715717   0.0679657 0.00763362 0.00298918 -0.0815832 0.910811 -1.09116   -9.682 832.186
-14.6647 -12.5313 -101.125 -24.3101 -17.6675  -161.99 -12.2821 -14.9486  71.2016  2.50327 0.713829  18.6418  38.1418 -14.3488 -2.43525   0.00394799 -0.00705044   0.0679315 0.00785016 0.00268787 -0.0817711  0.91114 -1.09101 -9.68203 833.468
-13.9919 -11.0604 -101.671 -21.7628 -18.5954 -162.195 -12.4744 -13.8936  71.7804  2.51416 0.710865  18.6541  38.3757 -14.4384 -2.45662   0.00359904 -0.00695298   0.0679473 0.00785401 0.00268163 -0.0816814 0.911101 -1.09098 -9.68206 836.186
-14.0297 -10.4513 -101.807 -20.4936 -19.1421 -162.175 -11.9086 -13.7942  71.5344  2.47899 0.725494  18.6229  38.4786 -14.5171 -2.36756   0.00361784 -0.00673041   0.0679486 0.00790265 0.00269311 -0.0819021 0.911211   -1.091   -9.682 837.568
-13.8203  -9.3134 -102.047 -17.9571 -20.0276 -162.408 -10.4238 -12.7173  71.3003  2.51384 0.730062   18.635  38.7014 -14.5724 -2.39028   0.00345536 -0.00627268   0.0678399 0.00791367 0.00267082 -0.0816783 0.911139 -1.09091 -9.68207 840.265
-13.4737 -8.82262 -102.922 -16.4884 -20.5015  -162.63 -10.8443 -13.5644  72.3777  2.52154 0.691912  18.6596  38.8836 -14.6194 -2.46399   0.00323134 -0.00608901   0.0681188 0.00804985 0.00255019 -0.0814314 0.911108 -1.09086 -9.68213 841.824
-13.0786 -7.99219 -102.935 -13.9242  -21.473 -162.768 -9.98947   -13.23  72.4372   2.5189 0.696729   18.653  39.1044 -14.7096  -2.3923   0.00299331 -0.00549124   0.0678775 0.00804799 0.00256364 -0.0814728 0.911131 -1.09086 -9.68212 844.57
 -13.057 -7.36967 -102.466 -12.6565 -21.9864 -162.757 -9.83359  -12.065  72.0319  2.49281 0.731332  18.6501   39.188   -14.76 -2.28119   0.00296454 -0.00524822   0.0674477 0.00812359  0.0025024 -0.0817147 0.911322 -1.09082 -9.68209 845.938
-12.7887 -7.15888 -102.539 -10.0458 -22.9899 -162.838 -9.16023 -11.7099   72.129  2.47808 0.735733  18.6511  39.4228 -14.8481 -2.16051   0.00279045 -0.00467143   0.0673038 0.00811648 0.00248363 -0.0819598 0.911493 -1.09089 -9.68203 848.736
-12.8921 -6.63964  -102.07 -8.92972 -23.5359 -162.633 -9.89709 -12.5043  71.4483  2.40535 0.856607  18.6508  39.4584 -14.9174 -1.88925   0.00288227 -0.00464364   0.0669379 0.00821397 0.00236272 -0.0826677 0.911943 -1.09079 -9.68191 849.995
-12.2812 -6.22963 -102.551 -6.32538 -24.5295 -162.731 -10.2608 -11.6741  71.7333  2.39487 0.868213  18.6517  39.6752 -14.9908   -1.805   0.00254997 -0.00458188    0.066924 0.00823848 0.00232211 -0.0827486 0.912017 -1.09078  -9.6819 852.784
-8.25212 -7.93523 -107.704 -3.66864 -25.4767 -163.102 -10.8013 -8.47184  77.2233  2.28857 0.628572  18.6652  40.1759 -15.2145 -1.84095  0.000338816  -0.0038363   0.0695235 0.00831478 0.00103946 -0.0831072 0.913079 -1.09177 -9.68184 855.629
-8.21113 -7.56616 -107.753 -1.24734 -26.3757  -163.14 -10.7598 -8.46538  76.9737  2.32132 0.720444   18.688  40.2947 -15.2125 -1.72325  0.000450609 -0.00387523    0.069295 0.00824126 0.00105368 -0.0832267 0.913156 -1.09163 -9.68187 858.212
-4.28886 -6.82028 -113.107 -0.414509  -27.0512  -162.752 -12.8891 -5.74016   82.883  1.7992  2.2869 18.5803  39.7395 -15.2731 -1.32641  -0.000744586   -0.0037156    0.0719616   0.0105048 -0.00629893  -0.0838656 0.917916 -1.08971 -9.68308 859.353
-3.57486 -6.09739 -114.409  2.16741 -28.0778 -162.799  -13.668 -4.92136  83.6073 1.77591 2.40111 18.5734  39.8371 -15.3127 -1.23742  -0.000999504  -0.00395827    0.0723923  0.0104993 -0.0068042 -0.0839482 0.918235 -1.08968 -9.68315 862.131
 -2.8001 -6.41219 -115.126  3.48241 -28.4624 -162.685 -13.5221 -4.28354  84.4645 1.83857 2.69384 18.5368  39.8382 -15.2035 -1.05262  -0.00119893 -0.00357067   0.0726312  0.0102606 -0.0081159  -0.084417 0.919455 -1.08978 -9.68333 863.506
-2.37271 -5.35581 -115.879  6.10108 -29.4701 -162.751 -14.4201 -3.49459  84.7962 1.83759  2.6982 18.5406   39.9609  -15.2418 -0.996632  -0.00137569 -0.00402864   0.0727875   0.0102291 -0.00810564  -0.0844282 0.919437 -1.08979 -9.68333 866.313
-2.76083 -2.43346 -114.718  7.53465  -29.646 -162.693 -17.3678 -4.02538  84.1787 1.41582 2.55753 18.7566   40.0429  -15.2166 -0.708277  -0.00153249 -0.00539434   0.0717806   0.0148325 -0.00675891  -0.0851401 0.919919 -1.08683 -9.68305 867.758
-2.62211 -1.62668 -115.527  10.1751 -30.5766 -162.767 -18.3083 -3.89971  84.6916 1.44768 2.57547 18.7673   40.1608  -15.2483 -0.663927  -0.00166899 -0.00563295    0.072019  0.0148943 -0.0068471  -0.085088  0.92002 -1.08677  -9.6831 870.559
 -2.5544 -1.11414 -115.085  11.5716 -31.0541 -162.635  -18.627 -3.68727  84.0149 1.36625 2.49314  18.822   40.2186  -15.3052 -0.430089  -0.00178005 -0.00580018   0.0715919   0.0154131 -0.00607078  -0.0857535 0.920008 -1.08644 -9.68283 872.041
  -2.20234 -0.0946062   -115.792  14.2262  -32.006 -162.702 -19.7803 -3.42023  84.5355 1.38999 2.50513 18.8194   40.3207   -15.353 -0.414451  -0.00197555 -0.00616165   0.0717153   0.0155368 -0.00616762  -0.0856158 0.920074 -1.08634 -9.68289 874.862
-1.85938 0.729571 -115.378  15.5265 -32.4918 -162.512 -20.4084 -2.70228  84.2871 1.25402 2.59659 18.8485   40.2702  -15.4163 -0.149308  -0.00213074 -0.00640616   0.0712645    0.016192 -0.00611204  -0.0863102 0.920451 -1.08585 -9.68275 876.263
-1.75173  1.73782 -116.084  18.1933 -33.4095 -162.568 -21.6115 -2.54433  84.8167 1.29768  2.6049 18.8396   40.3748  -15.4507 -0.141787  -0.00215235 -0.00667464   0.0714583   0.0163664 -0.00620115  -0.0861354 0.920561 -1.08572 -9.68284 879.084
-1.47588  2.14261 -115.748  19.5509 -33.9149 -162.422 -21.8022 -2.14171  84.3637 1.25989 2.60967 18.8649   40.3801  -15.5195 0.0695589  -0.00225984 -0.00673311   0.0711325    0.016348 -0.00590487  -0.0867102 0.920632 -1.08571 -9.68266 880.539
-1.37387  3.05354 -116.341  22.2258 -34.8304 -162.472 -22.8619  -1.5701  85.0592 1.30172 2.62293 18.8437   40.4914  -15.5539 0.0654873  -0.00227403 -0.00698744    0.071312  0.0166193 -0.0060308  -0.086463 0.920774 -1.08551 -9.68278 883.367
-1.26658  3.98377 -115.702  23.5652 -35.3591 -162.291  -23.549 -1.94462  84.2704 1.14851 2.58105 18.8908   40.467 -15.6827 0.317812  -0.00236031 -0.00738164   0.0707975   0.0173391 -0.00533587  -0.0871125 0.920668   -1.085 -9.68252 884.818
-1.40415  4.70974 -116.717   26.222 -36.2249 -162.327  -24.818 -1.43403  85.1607  1.2182 2.62049 18.8587  40.5572 -15.6884 0.298501  -0.00227745 -0.00771803   0.0712203   0.0176222 -0.00546837  -0.0868059 0.920862 -1.08473  -9.6827 887.613
-0.990914   5.20199  -115.643  27.4365 -36.9911 -162.211 -24.7718 -1.78625  84.1131 1.01543  2.6419 18.9282  40.4504 -15.9277 0.490017  -0.00246879 -0.00797017   0.0704901  0.0177406 -0.0051196 -0.0872547 0.920454 -1.08458 -9.68247 889.054
-0.586247   5.54075  -116.128  30.0612 -38.0701 -162.337  -25.5614 -0.603826   84.4105 1.04732 2.64889 18.9162  40.5196 -16.0167  0.38246  -0.00267668 -0.00814881   0.0706582   0.0177358 -0.00525091  -0.0866738 0.920302 -1.08449 -9.68265 891.894
0.164819  5.42077 -114.933  31.1801 -38.8944 -162.239  -24.9484 -0.471636   83.6511 0.932964  2.81571  18.9719  40.3617 -16.2267 0.557019  -0.00291349 -0.00799284   0.0698613   0.0168415 -0.00564051  -0.0870729 0.920056 -1.08498 -9.68254 893.288
0.507384  5.22742 -114.635  33.7141 -40.2905 -162.455 -25.2823 0.423838  82.9515 0.857618  2.78898  19.0123  40.3799 -16.4522 0.396728  -0.00312178 -0.00784458   0.0696063   0.0165556 -0.00568212  -0.0863186 0.919399 -1.08506 -9.68264 896.189
0.874738  5.01062 -112.755  34.7664 -41.3751 -162.427 -24.5721 0.207123  81.0536 0.547001   2.7753  19.1301  40.1926  -16.813 0.544806  -0.00328012 -0.00766652   0.0684151    0.016391 -0.00501038  -0.0865774 0.918267 -1.08501 -9.68236 897.7
 1.50278  4.20366 -110.523  37.1458 -43.1206 -162.716 -24.1521  1.49625  78.6447 0.390197  2.75562  19.2029  40.1227 -17.1612 0.368794  -0.00360983 -0.00706303   0.0670463   0.0154632 -0.00508092   -0.085685  0.91711 -1.08546  -9.6824 900.665
 1.81159  4.40707 -109.997  38.4054 -43.7914 -162.517 -24.1899  1.36585  78.2124 0.347252   2.8116  19.2114  40.0566 -17.2718 0.610272  -0.00369504 -0.00712643   0.0666322   0.0149599 -0.00501794  -0.0863363  0.91701  -1.0858 -9.68221 902.106
 2.42145  4.12441 -110.023  41.0633 -45.1777 -162.697 -24.5802  2.68269  77.6787 0.279729  2.76005  19.2182  40.1187 -17.4561  0.46351  -0.00410171 -0.00700954   0.0665347   0.0149666 -0.00523539  -0.0856479 0.916725 -1.08582 -9.68231 905.109
 2.84867  4.39321 -109.685   42.437 -45.9582 -162.536 -24.4524  2.24462  77.3443 0.191833  2.74681  19.2294  40.1108 -17.6005 0.661135  -0.00435629 -0.00722017   0.0662658   0.0147131 -0.00525379  -0.0862176 0.916632 -1.08617 -9.68207 906.697
 3.83527  4.66294 -110.539  45.3884 -47.2629 -162.665 -25.1847  4.12636  77.7912 0.186224  2.63811  19.2232  40.3019 -17.7325 0.549691  -0.00512316 -0.00732651   0.0667199   0.0148998 -0.00585746  -0.0857674  0.91693  -1.0864 -9.68212 909.927
 4.76956  5.05415 -111.308  47.0529 -48.0891 -162.494 -25.4462  4.02753  78.4868 0.103372  2.55369  19.2183  40.4151 -17.8928 0.747147  -0.00578854 -0.00746042   0.0671332   0.0148434 -0.00634243  -0.0864402 0.917253 -1.08698 -9.68183 911.793
 6.60189  5.75195 -113.508  50.5526 -49.4578 -162.568 -26.3397   7.0033  80.3166 0.128304  2.28168  19.1904  40.8231 -18.0371  0.67947  -0.00720363 -0.00766873   0.0684262    0.015263 -0.00755908  -0.0862956 0.918249  -1.0877  -9.6817 915.552
  7.4999  6.08477 -113.493  52.0795 -50.2902  -162.33 -26.7884    6.755  80.3727 0.0242104   2.26399   19.1625   40.806 -18.1914 0.923683  -0.00776957 -0.00778566   0.0683697  0.0151015 -0.0079096 -0.0870554 0.918406 -1.08819 -9.68142 917.307
8.80176  6.7303  -114.6  55.2619 -51.6385 -162.362 -27.9243  9.08504  80.8319 0.0387718   2.08039   19.1365  41.0228 -18.3264 0.870382  -0.00874248 -0.00806998   0.0689946   0.0152997 -0.00864262  -0.0868442 0.918968 -1.08866 -9.68133 920.763
 9.34015   6.8536 -113.645  56.5057 -52.4203 -162.186 -27.8729  8.38344  80.1815 -0.0679897    2.16715    19.1295  40.8563 -18.4468  1.05424  -0.00895375 -0.00817417    0.068357    0.015084 -0.00870344  -0.0873266 0.918785  -1.0888 -9.68122 922.243
 9.97022  7.37852 -114.364  59.3706 -53.7103 -162.263 -28.6522  10.1998  80.2969 -0.0564244    2.08522    19.1298  40.9393 -18.5427 0.958176  -0.00942529 -0.00836474   0.0687264   0.0152021 -0.00906585  -0.0868761 0.919006  -1.0889 -9.68126 925.386
 10.6124  7.63662 -113.611  60.6506 -54.4986 -162.065 -28.8368  9.61065  79.7933 -0.192062   2.15155   19.1139  40.7683 -18.6682     1.15  -0.00972914 -0.00848279   0.0682353   0.0152688 -0.00906944  -0.0873961 0.918841  -1.0889 -9.68113 926.902
11.0539  8.2864 -114.35  63.4822 -55.7171 -162.136 -29.7343  11.0728  80.1574 -0.15296  2.09387   19.116  40.8326 -18.7303  1.05049   -0.0100636 -0.00865876   0.0686331   0.0154389 -0.00938522  -0.0869168 0.919137  -1.0889 -9.68122 929.986
 11.5228  8.76267 -114.186  65.0046 -56.4268 -161.861 -29.8494  10.1346  80.1475 -0.211319   2.03183    19.081   40.766 -18.8302  1.28309   -0.0103577 -0.00886834   0.0685324   0.0155352 -0.00922546  -0.0876564 0.919096 -1.08909 -9.68097 931.688
 12.1106  9.99807 -115.382  67.9126 -57.5458 -161.829 -31.4244  11.5186  80.9261 -0.138456   1.98403   19.0597  40.8241 -18.8601  1.24866    -0.010811 -0.00934711   0.0692545   0.0158154 -0.00959996  -0.0874194 0.919627 -1.08908 -9.68102 934.804
 12.2945  10.6446 -115.736  69.261 -57.987 -161.57 -31.5044  10.6013  81.3417 -0.100329    2.0883   19.0069  40.6844 -18.8415  1.43992   -0.0108747 -0.00958517   0.0694356   0.0158844 -0.00965439  -0.0879802 0.919834 -1.08904 -9.68101 936.246
 12.1908  12.8356 -118.397    72.13 -58.7886  -161.46 -33.6931  11.6638  83.3728 0.0669577   2.10433    18.962  40.7152 -18.7665  1.43706  -0.0110121 -0.0104235  0.0710366   0.0164075 -0.00980354  -0.0878263  0.92056 -1.08868 -9.68116 939.227
 12.4032  13.1549 -118.025  73.4398  -59.317 -161.234 -33.7728  11.1487  83.3968 0.0634155   2.18408   18.9196   40.552 -18.8053  1.59934  -0.0110338 -0.0105691  0.0707698   0.0164749 -0.00976733  -0.0882901 0.920584 -1.08863 -9.68114 940.657
12.3433 14.9983  -120.4  76.1999 -60.2721 -161.114 -35.5057  12.2036  84.8637 0.172494  2.20829  18.8872 40.5138   -18.8 1.61132  -0.0111971 -0.0112736  0.0721397   0.0167486 -0.00981305  -0.0881832 0.920997 -1.08839 -9.68124 943.58
 12.8131  14.9126 -119.367  77.4511 -60.9462 -160.969 -35.3584  11.5663  84.4414 0.123042  2.28577  18.8747  40.3361 -18.9003   1.7189  -0.0112924 -0.0112882  0.0714721  0.0166581 -0.0098799 -0.0884759 0.920868 -1.08844 -9.68123 945.009
 12.8424  16.4063 -120.954  80.1529 -62.0422 -160.899 -36.9627  12.7729  85.0493 0.194735  2.30025  18.8618 40.2773 -18.943 1.69036  -0.0114686 -0.0119292  0.0723773   0.0167811 -0.00994704  -0.0882503 0.921143 -1.08829 -9.68131 947.925
 13.4309  16.3519 -119.795   81.418 -62.6916 -160.739 -36.7706  12.1947  84.8087 0.165584  2.37151  18.8426  40.1015 -19.0395  1.79881  -0.0115906 -0.0119802  0.0716505  0.0166595 -0.0100241 -0.0885667 0.921038 -1.08839  -9.6813 949.356
 13.6295  17.8333 -121.199   84.132  -63.851 -160.663 -38.396 13.5656 85.1585 0.224115  2.36662  18.8348  40.0301 -19.1109  1.77284   -0.011867 -0.0125544  0.0724672  0.0167397 -0.0101244 -0.0883643 0.921302 -1.08831 -9.68135 952.309
 14.2966  17.8433 -120.181  85.3815 -64.4349 -160.464 -38.3213   13.182  85.0688 0.222856  2.46432  18.7954  39.8337 -19.1943  1.88977  -0.0120233 -0.0125983  0.0718283  0.0166047 -0.0102645 -0.0887341 0.921273 -1.08843 -9.68136 953.702
 14.3346  19.5287 -121.914  88.1117 -65.5783 -160.343 -40.067 14.5014 85.6288 0.291082  2.45539  18.7771  39.7497 -19.2717  1.88244  -0.0122937 -0.0132303  0.0728376  0.0167031 -0.0103871 -0.0886128 0.921597 -1.08838 -9.68138 956.664
  14.868  19.4224 -120.771  89.3905 -66.1811  -160.13 -39.7595  13.8173  85.5305 0.285799  2.50501  18.7385  39.5591 -19.3751  2.00124  -0.0123738 -0.0132689  0.0721146  0.0166415 -0.0103661 -0.0890059 0.921483 -1.08847 -9.68136 958.094
 14.6379  21.2444 -122.916  92.1209 -67.2709 -160.002 -41.7237  15.1895  86.4064 0.382403  2.50863  18.7096 39.4867 -19.422 1.97531  -0.0125748  -0.013988    0.07334  0.0167844 -0.0105293 -0.0888182 0.921948 -1.08835 -9.68139 961.037
 15.3882   21.038 -121.501  93.3467 -67.8923  -159.81 -41.3815  14.3772  86.0639 0.376025  2.58205  18.6752  39.2736 -19.5331  2.07785  -0.0127063 -0.0140396  0.0724706  0.0166356 -0.0105781 -0.0891684 0.921806 -1.08849 -9.68141 962.424
 15.2067   22.535 -122.858  95.9936 -69.0771 -159.701 -43.3991  15.4547  86.4378 0.434669  2.58856  18.6679  39.1571 -19.6217   2.0493  -0.0128284 -0.0146833  0.0732369  0.0166857  -0.010669 -0.0889982 0.922079 -1.08841 -9.68144 965.326
  15.854  22.2487 -121.639  97.1952 -69.7356  -159.57 -42.6228   14.753  86.0666 0.418595  2.63959  18.6556  38.9614 -19.7378  2.11325  -0.0129375 -0.0146435    0.07248  0.0165674 -0.0105733 -0.0892109 0.921843 -1.08845 -9.68148 966.703
 15.7146  23.7343 -122.949  99.8064 -70.9316 -159.474 -44.4736  15.8042  86.4481 0.477657  2.65306  18.6525  38.8372 -19.8316  2.07029  -0.0130729 -0.0152293  0.0732035  0.0166086  -0.010634 -0.0890006 0.922109 -1.08833 -9.68151 969.577
 16.3437  23.4916 -121.842   101.03 -71.5636 -159.303 -43.9019  15.1954  86.2128 0.481734  2.69742  18.6242  38.6423 -19.9458  2.14704   -0.013158 -0.0152015   0.072515  0.0164839 -0.0105795   -0.08928 0.921926 -1.08844 -9.68154 970.965
 16.1845   25.113 -123.305  103.662 -72.7638 -159.181 -45.7125  16.1998  86.8622 0.548573  2.70175  18.6168  38.5205 -20.0412  2.11997  -0.0132855  -0.015785   0.073384  0.0165332 -0.0106737 -0.0891063 0.922248 -1.08835 -9.68154 973.86
 16.7382  24.7478 -122.454   104.89 -73.4112 -159.031 -45.0437  15.7135  86.6211 0.554097  2.73336  18.5948  38.3355 -20.1577  2.18099  -0.0133715 -0.0156276  0.0728417  0.0164261 -0.0106088 -0.0893256 0.922079 -1.08843 -9.68156 975.256
 16.2488  26.2645 -124.253   107.54 -74.5833 -158.934 -46.8043  16.7996   87.567 0.640355   2.7434  18.5889  38.2451 -20.2218  2.12305  -0.0134086 -0.0162119  0.0738853  0.0165481  -0.010774 -0.0890203 0.922595 -1.08827 -9.68155 978.155
 17.0675  26.5077 -123.382  108.841 -75.1922 -158.595 -46.538 16.2696 87.5197 0.661551  2.76524  18.5056  38.0103 -20.3768  2.25253   -0.013636 -0.0164883  0.0734192  0.0164949 -0.0109204 -0.0896165 0.922524 -1.08858 -9.68149 979.631
 16.6315  28.5161 -126.091  111.642 -76.4157 -158.351 -48.7074  17.8649  88.6881 0.757926  2.70937  18.4788  37.9128 -20.4856  2.23725  -0.0139365 -0.0173327  0.0748956  0.0165928 -0.0112685 -0.0896257 0.923112 -1.08872 -9.68131 982.697
17.6311 27.9337 -124.22  112.732 -77.0949 -158.265 -47.754 17.0433 88.2447 0.735671  2.77928   18.466   37.674 -20.6209   2.2437  -0.0139952 -0.0172677  0.0737878  0.0165031 -0.0111265 -0.0897346 0.922832 -1.08867 -9.68143 983.985
 17.2847  29.2331 -125.672  115.311 -78.3966 -158.198 -49.4131  18.1986  88.5909 0.786774   2.7795  18.4866  37.5305 -20.7367   2.1633  -0.0141372 -0.0177409  0.0745235  0.0165227 -0.0112764 -0.0894435 0.923201 -1.08858  -9.6814 986.874
 17.9092   28.803 -124.502  116.531  -79.098 -158.065 -48.6399   17.606   88.532 0.783894  2.78468  18.4698 37.3442 -20.868 2.18866  -0.0142004 -0.0176475  0.0738172   0.016466 -0.0111904 -0.0896168 0.923027 -1.08865 -9.68142 988.288
 17.6937  29.7954 -125.954  119.141 -80.5013 -158.107 -50.0086  18.9324  88.8239 0.809799  2.77501  18.5287   37.242 -20.9726  2.06224   -0.014412 -0.0179871  0.0745427  0.0165063 -0.0114416 -0.0891095 0.923514 -1.08851 -9.68137 991.251
  18.815  29.4141 -124.169  120.288 -81.1345 -157.924 -49.8529  18.1971  88.6771 0.825677   2.8128  18.4824  37.0171 -21.1022  2.10513  -0.0145453 -0.0180519  0.0735403   0.016444 -0.0113937 -0.0893755 0.923356  -1.0886 -9.68141 992.574
 18.7459  30.0451 -124.915  122.854   -82.55 -157.891 -50.8057  19.1415   89.085 0.844899  2.81341  18.5159 36.8414  -21.24 2.01616  -0.0146395 -0.0182553  0.0738531  0.0164729 -0.0115373 -0.0890669 0.923673 -1.08849 -9.68138 995.505
 19.0367  30.0004 -124.616  123.959 -83.2158 -157.761 -50.4272  19.3066  89.0558 0.832764  2.84336  18.4859  36.6334 -21.3661  2.03699  -0.0147144 -0.0182305  0.0736301  0.0164849 -0.0114561 -0.0892431 0.923499 -1.08849 -9.68144 996.802
 18.8012  30.4508 -125.182  126.438  -84.598 -157.802 -51.4096  19.8269  89.3207 0.859972  2.88301  18.5311  36.4654 -21.4781  1.91613  -0.0146635 -0.0183415  0.0738155    0.01652 -0.0114727 -0.0887669 0.923841 -1.08819 -9.68147 999.64
19.5028 30.2413  -124.3  127.583 -85.2662 -157.704 -50.7865  19.5661  89.5885 0.868069  2.89079   18.518  36.3072 -21.5831  1.91876  -0.0148104 -0.0183475  0.0732836  0.0165029 -0.0114492 -0.0888572 0.923782 -1.08823 -9.68148 1000.97
 19.8157  30.8319 -124.755  130.144 -86.7621 -157.656 -51.7004  20.3404  89.9248 0.878201  2.87606  18.5499  36.0998 -21.7451  1.84134  -0.0150671 -0.0185525  0.0734665  0.0164994 -0.0115944 -0.0886235 0.924048 -1.08819 -9.68142 1003.94
 20.2427  30.6225 -124.486  131.298 -87.4464 -157.598 -50.6172  20.2107  90.8856 0.879925  2.87821  18.5547  35.9759 -21.8327  1.82972   -0.015205 -0.0184575  0.0731934  0.0165079 -0.0115757 -0.0886255 0.924036 -1.08818 -9.68142 1005.28
20.0158 31.5206 -125.63  133.801 -88.8913 -157.582 -51.6787  20.9668  91.2231 0.904424  2.89299  18.5871  35.7795 -21.9666  1.73204  -0.0153388 -0.0187187  0.0737309  0.0165241 -0.0116223 -0.0882975 0.924345   -1.088  -9.6814 1008.17
  19.909  31.1285 -126.044  134.927 -89.5455 -157.485 -50.8857  21.0331  92.1346 0.91946   2.901 18.5792  35.6365 -22.0585  1.73706  -0.0153839 -0.0184279  0.0737446  0.0165152 -0.0115619 -0.0883874 0.924275 -1.08801 -9.68141 1009.47
 19.6523  31.5433 -126.252  137.314 -90.9337 -157.497 -51.4783   20.943  92.5638 0.94813 2.95839 18.6048  35.4232 -22.1816  1.63622  -0.0152248 -0.0185954  0.0737334  0.0165613 -0.0114851 -0.0880078 0.924562 -1.08768 -9.68145 1012.24
  18.386  31.9458 -129.111  138.501 -91.5639 -157.463 -51.2608  22.0781  93.4906 0.977546   2.9675  18.6182  35.3626 -22.2257  1.60972  -0.0153023 -0.0183706   0.075039  0.0165968  -0.011427 -0.0878699  0.92472 -1.08754 -9.68142 1013.58
 18.6551  32.0012 -128.968  140.914 -93.0996 -157.399 -51.4222  21.7366   93.755 0.971383  2.96357  18.6323  35.0912 -22.4165  1.54629  -0.0153684 -0.0184402  0.0747987  0.0165933 -0.0114733 -0.0877671 0.924804 -1.08752 -9.68141 1016.44
 19.4949  31.9433 -130.176  142.387 -94.2668 -157.468 -51.1335  24.1673  93.5183 0.881779  2.79462  18.7243   35.022 -22.5374  1.47624  -0.0162366 -0.0182273  0.0753176  0.0164132 -0.0121596  -0.087629 0.925048 -1.08809 -9.68115 1018.32
 19.7579  31.6336 -129.925  144.735 -95.8003 -157.393 -50.8757  24.0746  94.0426 0.874944  2.79281   18.732  34.7318 -22.7155  1.41957  -0.0162735 -0.0181268   0.074943  0.0164129  -0.012183 -0.0875833 0.925077 -1.08809 -9.68114 1021.13
 17.7385  35.1633 -137.902  147.147 -96.9547 -156.823 -51.7625  27.2533  99.7656 0.957621  2.36836   18.774  34.9117 -22.8879  1.54409  -0.0174371 -0.0189135  0.0790852  0.0164802 -0.0138924  -0.088159 0.926093 -1.08971    -9.68 1023.86
 18.0907  34.7004 -137.486  149.384 -98.4488 -156.729 -51.5181   26.506  99.8355 0.954116  2.38109  18.7684  34.5717 -23.0573  1.49113  -0.0174531 -0.0186693  0.0786257  0.0164977 -0.0137666 -0.0881726 0.926001 -1.08963 -9.68005 1026.55
 16.7025  36.8516 -141.812  151.179 -99.4147 -156.414 -52.5831  28.8181  102.227 1.01421 2.17559 18.7719  34.6011 -23.1948   1.5285  -0.0179661  -0.019268  0.0807892  0.0165034   -0.01467 -0.0883529 0.926611 -1.09044 -9.67945 1028.62
 17.0415  36.4197 -142.143   153.51 -100.983 -156.335 -51.8751  29.2561  103.643 1.00633 2.15855 18.7865   34.311 -23.3583  1.46608  -0.0181891 -0.0189242  0.0806483  0.0165176 -0.0147264 -0.0882751 0.926685 -1.09045  -9.6794 1031.43
 19.5582  34.7472 -140.438  154.538 -102.601 -156.916 -49.676 30.0073 102.712 0.712555  2.03926  18.8982  34.1669 -23.4944  1.22761  -0.0191204 -0.0181924  0.0795926   0.015814 -0.0150217 -0.0874048 0.926455 -1.09068 -9.67965 1033.43
 19.9576  33.2959 -140.333   156.68 -104.343 -157.094 -47.7959  30.1647  103.108 0.610949  2.04884  18.9438  33.8736 -23.6217  1.07308  -0.0192764  -0.017449  0.0790883  0.0157041  -0.015069 -0.0870031 0.926489 -1.09054 -9.67978 1036.2
 20.3987   32.808 -140.089  157.681 -105.342 -157.357 -46.7289  29.2221  103.645 0.507782    2.064  18.9697  33.7631 -23.6865 0.927488  -0.0194351 -0.0172242  0.0787931  0.0154244 -0.0149557 -0.0864753 0.926482 -1.09032    -9.68 1037.63
 20.9226  32.1359 -140.022  159.896 -106.923 -157.401 -45.5692  30.3525  103.985 0.489487  2.06983  18.9875  33.5078 -23.7848 0.799819  -0.0197773 -0.0168901  0.0784676  0.0154399 -0.0149283 -0.0862202 0.926662 -1.09016 -9.68002 1040.36
 21.3967  31.8495 -139.102  161.018 -107.722 -157.393 -45.2878   29.927  104.766 0.484136  2.07187  18.9907  33.3575 -23.8428 0.766803  -0.0198774 -0.0169828  0.0779638    0.01545 -0.0149213 -0.0861637   0.9267 -1.09012 -9.68003 1041.73
  21.174  31.7164 -139.255   163.23 -109.184 -157.462 -45.0322  30.9814  105.033 0.505853  2.12131  19.0112  33.1602 -23.9217   0.6194  -0.0198856 -0.0169807   0.078012  0.0154898 -0.0148241 -0.0857668 0.927091 -1.08978 -9.68006 1044.39
 21.7618  30.4704 -138.928  164.203 -110.138 -157.679 -43.5799  30.5441  105.173 0.392844  2.12517  19.0091 33.0289 -23.977 0.48762  -0.0201857 -0.0162803  0.0776282  0.0154607 -0.0146623 -0.0852947 0.927227 -1.08943 -9.68023 1045.77
  22.009  30.4239 -138.579  166.398 -111.728 -157.707 -43.2715  31.1618  105.202 0.392916  2.13325   19.013  32.7114  -24.063 0.442719  -0.0203319  -0.016159  0.0774793  0.0154266 -0.0146464 -0.0851047 0.927403 -1.08933 -9.68024 1048.48
 22.7147  28.3969 -138.522  167.292 -112.863 -157.905 -41.4079  31.1209  105.063 0.216364   2.1009  18.9698  32.4477 -24.1579 0.315339  -0.0208277 -0.0152026  0.0771188  0.0153124 -0.0146236 -0.0847764  0.92737 -1.08919 -9.68044 1049.93
 23.4704  26.8995 -137.365   169.27 -114.699 -158.071 -41.439 31.7023 103.902 0.100681  2.08838  18.8938  32.0578 -24.2887 0.111541  -0.0209583  -0.015145  0.0763602  0.0150899 -0.0145894 -0.0843396 0.927587 -1.08901 -9.68062 1052.64
 23.9115  26.3034 -138.597  170.301 -115.925 -158.108 -39.1393  31.7795  105.489 -0.0322586    1.98018    18.8153   31.8755  -24.4159 0.0059355  -0.0214944 -0.0147168  0.0767764  0.0147957 -0.0148352 -0.0842035 0.927543 -1.08932 -9.68066 1054.24
 24.2683  26.0581 -138.354  172.497 -117.574 -158.161 -38.4104  32.3183  106.212 -0.0392428    1.96742    18.8125    31.659  -24.4741 -0.105133  -0.0216627 -0.0146807  0.0765542  0.0148102 -0.0148726 -0.0839186 0.927902 -1.08921 -9.68063 1056.99
 24.4052  25.2951 -138.952  173.505 -118.445  -158.21 -37.4448  32.4925  106.368 -0.0803206    1.95767    18.7943   31.5067  -24.5076 -0.169016  -0.0219537  -0.014137  0.0766587  0.0148165 -0.0148626  -0.083794 0.927991 -1.08913 -9.68067 1058.32
 24.6937  25.2801 -138.323  175.658 -120.064 -158.245 -36.8668  32.0273  107.154 -0.0664697    1.96121    18.8015   31.2521  -24.5482 -0.250971   -0.021928 -0.0139121  0.0761894  0.0148132 -0.0148727 -0.0836575 0.928171 -1.08908 -9.68064 1061.01
  25.107  24.5952 -139.377  176.738  -120.97 -158.264 -35.7445   33.165  107.418 -0.0915802    1.91014    18.7996   31.1064   -24.602 -0.304785  -0.0223479 -0.0130139  0.0763734  0.0148228 -0.0149171 -0.0835603 0.928278 -1.08912  -9.6806 1062.42
 25.3325  24.7602 -138.834  178.758 -122.649 -158.168 -35.3282  32.3848  108.123 -0.0779202    1.90399    18.8172  30.6759 -24.5514 -0.20499  -0.0223009 -0.0126585  0.0758654  0.0147974 -0.0149293 -0.0841091 0.927593 -1.08941 -9.68059 1065.05
 26.1743  23.4731 -139.568  179.774 -123.607 -158.197 -33.4085  33.8646    108.8 -0.13423  1.84218  18.8083   30.5281  -24.5893 -0.266227  -0.0229629  -0.011577  0.0757611  0.0148301 -0.0149691 -0.0840257 0.927652 -1.08945 -9.68057 1066.45
26.3458 23.4547 -139.31  181.831 -125.217 -158.179 -33.1752  33.0287  109.473 -0.105988   1.86705   18.8327  30.2183 -24.5093 -0.23412  -0.0228881 -0.0112294  0.0753699  0.0148243 -0.0149648 -0.0842306 0.927409 -1.08952 -9.68057 1069.06
 27.1047  21.8706 -140.053  182.761 -126.133 -158.227 -30.8286  34.7577  110.002 -0.167554   1.82007    18.826   30.0708   -24.514 -0.287783  -0.0234458 -0.0100518  0.0752208  0.0148631 -0.0149459 -0.0841701 0.92742 -1.0895 -9.6806 1070.37
 27.4899  21.7747 -139.816  184.827 -127.767 -158.228 -30.4223  33.7776   111.05 -0.152614   1.83684   18.8475   29.8338  -24.4247 -0.288215   -0.0234259 -0.00980871   0.0748971  0.0149017 -0.0149352 -0.0842721 0.927297 -1.08951 -9.68059 1073
  27.709  20.8241 -141.227  185.802 -128.501 -158.253 -28.3552  35.6441  112.079 -0.130947   1.84226   18.8844   29.7421  -24.3722 -0.299557   -0.0238426 -0.00883411   0.0752272  0.0148494 -0.0149386 -0.0842783 0.927294 -1.08954 -9.68059 1074.22
 27.8461  20.7402 -141.028  187.859 -130.168 -158.271 -27.8105  33.9185  113.327 -0.129594   1.84513   18.8902   29.5054   -24.318 -0.336062    -0.023954 -0.00850358   0.0749202  0.0148656 -0.0149495 -0.0842588 0.927306 -1.08954 -9.68058 1076.87
 28.7374  18.2893 -141.499  188.636 -131.109  -158.34 -25.1426  35.6645  113.169 -0.230111   1.80854   18.8632   29.2215  -24.3455 -0.334889   -0.0245404 -0.00737211   0.0744173  0.0149191 -0.0149656 -0.0842676 0.927235 -1.08951 -9.68066 1078.09
 28.3943  17.9951 -142.804  190.685 -132.789 -158.344 -25.9995  33.9871  113.503 -0.22493  1.80832  18.8725   28.9883  -24.2431 -0.331365    -0.024347 -0.00758804   0.0745413  0.0149491 -0.0149748 -0.0842984 0.927188 -1.08953 -9.68064 1080.74
 31.0702  24.4255 -151.817  193.333 -134.984 -157.236 -23.1164  38.6582  125.845 -0.111568   1.00266   18.9059   29.2999  -24.7481 -0.078468    -0.027321 -0.00867945   0.0801655  0.0151178 -0.0171156 -0.0849678 0.926855 -1.09255 -9.67905 1084.36
 29.9188  23.0459 -151.982  195.153   -136.6 -157.239 -22.8242  37.8241  125.195 -0.0969115   0.960331    18.9371    28.9636   -24.4468 -0.0411195  -0.0267218 -0.0082964  0.0799547   0.014984 -0.0164242 -0.0853623 0.926102 -1.09233 -9.67921 1086.79
 31.6283  19.1336 -151.599  195.145 -138.016 -157.294 -17.7103  36.2951  126.501 -0.408899  0.888809   18.5422    28.515  -24.5032 -0.217923  -0.0277622 -0.0065829  0.0789429  0.0141389 -0.0164149 -0.0855257 0.925458 -1.09259 -9.67977 1088.21
 31.2081  18.7171 -151.474  197.157 -139.563 -157.249 -17.5863  36.5498  126.388 -0.35557  0.84359  18.6226   28.2561  -24.2813 -0.153482   -0.0276451 -0.00652986   0.0791425  0.0143088 -0.0162061 -0.0857181 0.925201 -1.09255 -9.67967 1090.75
 32.0446  17.5072 -152.529  198.062 -140.479 -157.272 -15.1008  35.4015  127.753 -0.406444  0.809829   18.5988   28.0985  -24.2512 -0.221415   -0.0282849 -0.00559695   0.0792757  0.0143478 -0.0161257 -0.0856635 0.925183  -1.0925  -9.6797 1092.03
   32.12  17.7361 -153.085  199.921 -142.044 -157.248 -14.716 36.2856 127.589 -0.397891  0.821345   18.6263   27.8298  -23.9896 -0.214163   -0.0283446 -0.00539547   0.0794525  0.0144728 -0.0161535 -0.0858645 0.925008 -1.09249 -9.67967 1094.46
32.8858 17.0657 -153.97  200.939 -142.633 -157.277 -13.1387  35.9378  129.501 -0.310919  0.961484   18.7223   27.7496  -23.7252 -0.162165   -0.0288295 -0.00480777   0.0795603  0.0143845 -0.0165563 -0.0859919 0.925111  -1.0926 -9.67967 1095.64
  32.967  17.0022 -154.811  202.645 -144.102  -157.18 -12.5419  36.4678  129.774 -0.259119   1.02682   18.6949   27.4994  -23.3986 -0.118974   -0.0289134 -0.00452011   0.0797903  0.0141559 -0.0169897 -0.0863248 0.924883 -1.09293 -9.67966 1097.89
33.7916 16.2323 -155.63  203.764 -144.678 -157.164 -10.8674  35.7778  131.217 -0.0966568    1.21843    18.7763    27.4448   -23.0698 -0.0387347   -0.0294058 -0.00386387   0.0798332  0.0138082 -0.0177472  -0.086504 0.925056 -1.09333 -9.67963 1099.15
 34.1178  16.1529 -155.937  205.403 -146.116 -157.105 -10.1305  36.6448  131.665 -0.086964   1.25662   18.7426    27.1989   -22.7715 -0.0449721   -0.029554 -0.0036758  0.0798045  0.0136906 -0.0179548 -0.0867308 0.924881 -1.09346 -9.67966 1101.33
 34.473 15.6671 -156.89  206.739 -146.644 -157.057 -8.96429  35.8902  132.763 0.164559  1.38504  18.8842  27.2383 -22.4559 0.071455   -0.0297948 -0.00311084   0.0799819  0.0133202 -0.0184672 -0.0868522 0.925027 -1.09386 -9.67956 1102.77
